ich;já;I;core500 A1_Core_200_Most_Frequent_Words
du;ty;you (sg);core500 A1_Core_200_Most_Frequent_Words
er;on;he;core500 A1_Core_200_Most_Frequent_Words
sie;ona;she;core500 A1_Core_200_Most_Frequent_Words
es;ono/to;it;core500 A1_Core_200_Most_Frequent_Words
wir;my;we;core500 A1_Core_200_Most_Frequent_Words
ihr/Sie;vy;you (pl);core500 A1_Core_200_Most_Frequent_Words
sie;oni;they;core500 A1_Core_200_Most_Frequent_Words
der/die/das;ten/ta/to;this/that/the;core500 A1_Core_200_Most_Frequent_Words
dieser;tento;this;core500 A1_Core_200_Most_Frequent_Words
jener;tamten;that;core500 A1_Core_200_Most_Frequent_Words
wer;kdo;who;core500 A1_Core_200_Most_Frequent_Words
was;co;what;core500 A1_Core_200_Most_Frequent_Words
welcher;který;which;core500 A1_Core_200_Most_Frequent_Words
alles;všechno;everything;core500 A1_Core_200_Most_Frequent_Words
nichts;nic;nothing;core500 A1_Core_200_Most_Frequent_Words
jemand;někdo;someone;core500 A1_Core_200_Most_Frequent_Words
niemand;nikdo;nobody;core500 A1_Core_200_Most_Frequent_Words
etwas;něco;something;core500 A1_Core_200_Most_Frequent_Words
jeder;každý;every/each;core500 A1_Core_200_Most_Frequent_Words
anderer;jiný/další;other/another;core500 A1_Core_200_Most_Frequent_Words
gleicher;stejný;same;core500 A1_Core_200_Most_Frequent_Words
selbst;sám/sama;self;core500 A1_Core_200_Most_Frequent_Words
sein/ihr;svůj;one's own;core500 A1_Core_200_Most_Frequent_Words
solcher;takový;such;core500 A1_Core_200_Most_Frequent_Words
sein;být;to be;core500 A1_Core_200_Most_Frequent_Words
haben;mít;to have;core500 A1_Core_200_Most_Frequent_Words
machen/tun;dělat;to do/make;core500 A1_Core_200_Most_Frequent_Words
sagen;říci/říkat;to say;core500 A1_Core_200_Most_Frequent_Words
gehen;jít;to go;core500 A1_Core_200_Most_Frequent_Words
können;moci/moct;can/to be able;core500 A1_Core_200_Most_Frequent_Words
wissen;vědět;to know;core500 A1_Core_200_Most_Frequent_Words
wollen;chtít;to want;core500 A1_Core_200_Most_Frequent_Words
sehen;vidět;to see;core500 A1_Core_200_Most_Frequent_Words
geben;dát;to give;core500 A1_Core_200_Most_Frequent_Words
nehmen;vzít;to take;core500 A1_Core_200_Most_Frequent_Words
kommen;přijít;to come;core500 A1_Core_200_Most_Frequent_Words
denken;myslet;to think;core500 A1_Core_200_Most_Frequent_Words
bekommen;dostat;to get/receive;core500 A1_Core_200_Most_Frequent_Words
finden;najít;to find;core500 A1_Core_200_Most_Frequent_Words
schreiben;psát;to write;core500 A1_Core_200_Most_Frequent_Words
lesen;číst;to read;core500 A1_Core_200_Most_Frequent_Words
sprechen;mluvit;to speak;core500 A1_Core_200_Most_Frequent_Words
leben;žít;to live;core500 A1_Core_200_Most_Frequent_Words
stehen;stát;to stand;core500 A1_Core_200_Most_Frequent_Words
sitzen;sedět;to sit;core500 A1_Core_200_Most_Frequent_Words
essen;jíst;to eat;core500 A1_Core_200_Most_Frequent_Words
trinken;pít;to drink;core500 A1_Core_200_Most_Frequent_Words
schlafen;spát;to sleep;core500 A1_Core_200_Most_Frequent_Words
sterben;umřít/zemřít;to die;core500 A1_Core_200_Most_Frequent_Words
geboren werden;narodit se;to be born;core500 A1_Core_200_Most_Frequent_Words
lieben;milovat;to love;core500 A1_Core_200_Most_Frequent_Words
arbeiten;pracovat;to work;core500 A1_Core_200_Most_Frequent_Words
spielen;hrát;to play;core500 A1_Core_200_Most_Frequent_Words
kaufen;koupit;to buy;core500 A1_Core_200_Most_Frequent_Words
bezahlen;zaplatit;to pay;core500 A1_Core_200_Most_Frequent_Words
fragen;ptát se;to ask;core500 A1_Core_200_Most_Frequent_Words
antworten;odpovědět;to answer;core500 A1_Core_200_Most_Frequent_Words
anfangen/beginnen;začít;to begin;core500 A1_Core_200_Most_Frequent_Words
aufhören/beenden;skončit;to end/finish;core500 A1_Core_200_Most_Frequent_Words
gut;dobrý;good;core500 A1_Core_200_Most_Frequent_Words
schlecht;špatný/zlý;bad;core500 A1_Core_200_Most_Frequent_Words
groß;velký;big;core500 A1_Core_200_Most_Frequent_Words
klein;malý;small;core500 A1_Core_200_Most_Frequent_Words
neu;nový;new;core500 A1_Core_200_Most_Frequent_Words
alt;starý;old;core500 A1_Core_200_Most_Frequent_Words
lang;dlouhý;long;core500 A1_Core_200_Most_Frequent_Words
kurz;krátký;short;core500 A1_Core_200_Most_Frequent_Words
erster;první;first;core500 A1_Core_200_Most_Frequent_Words
letzter;poslední;last;core500 A1_Core_200_Most_Frequent_Words
rechter/richtig;pravý;right/correct;core500 A1_Core_200_Most_Frequent_Words
linker;levý;left;core500 A1_Core_200_Most_Frequent_Words
ganz/ganzer;celý;whole/entire;core500 A1_Core_200_Most_Frequent_Words
wichtig;důležitý;important;core500 A1_Core_200_Most_Frequent_Words
möglich;možný;possible;core500 A1_Core_200_Most_Frequent_Words
nötig/notwendig;nutný/potřebný;necessary;core500 A1_Core_200_Most_Frequent_Words
schwer/schwierig;těžký;heavy/difficult;core500 A1_Core_200_Most_Frequent_Words
leicht/einfach;lehký/snadný;light/easy;core500 A1_Core_200_Most_Frequent_Words
schnell;rychlý;fast;core500 A1_Core_200_Most_Frequent_Words
langsam;pomalý;slow;core500 A1_Core_200_Most_Frequent_Words
leise/ruhig/still;tichý;quiet;core500 A1_Core_200_Most_Frequent_Words
laut;hlasitý;loud;core500 A1_Core_200_Most_Frequent_Words
voll;plný;full;core500 A1_Core_200_Most_Frequent_Words
leer;prázdný;empty;core500 A1_Core_200_Most_Frequent_Words
offen;otevřený;open;core500 A1_Core_200_Most_Frequent_Words
geschlossen;zavřený;closed;core500 A1_Core_200_Most_Frequent_Words
lebendig;živý;alive;core500 A1_Core_200_Most_Frequent_Words
tot;mrtvý;dead;core500 A1_Core_200_Most_Frequent_Words
frei;volný;free;core500 A1_Core_200_Most_Frequent_Words
wo;kde;where;core500 A1_Core_200_Most_Frequent_Words
wann;kdy;when;core500 A1_Core_200_Most_Frequent_Words
wie;jak;how;core500 A1_Core_200_Most_Frequent_Words
warum;proč;why;core500 A1_Core_200_Most_Frequent_Words
wie viel;kolik;how much/many;core500 A1_Core_200_Most_Frequent_Words
ja;ano/jo;yes;core500 A1_Core_200_Most_Frequent_Words
nein;ne;no;core500 A1_Core_200_Most_Frequent_Words
hier;tady/zde;here;core500 A1_Core_200_Most_Frequent_Words
dort/da;tam;there;core500 A1_Core_200_Most_Frequent_Words
jetzt;teď/nyní;now;core500 A1_Core_200_Most_Frequent_Words
dann/danach;potom/pak;then/after;core500 A1_Core_200_Most_Frequent_Words
noch;ještě;still/yet;core500 A1_Core_200_Most_Frequent_Words
schon;už/již;already;core500 A1_Core_200_Most_Frequent_Words
immer;vždy/vždycky;always;core500 A1_Core_200_Most_Frequent_Words
nie/niemals;nikdy;never;core500 A1_Core_200_Most_Frequent_Words
manchmal;někdy;sometimes;core500 A1_Core_200_Most_Frequent_Words
oft;často;often;core500 A1_Core_200_Most_Frequent_Words
selten;málokdy/zřídka;rarely;core500 A1_Core_200_Most_Frequent_Words
sehr;velmi/moc;very;core500 A1_Core_200_Most_Frequent_Words
auch;taky/také;also/too;core500 A1_Core_200_Most_Frequent_Words
nur;jen/jenom;only;core500 A1_Core_200_Most_Frequent_Words
vielleicht;asi/možná;maybe/perhaps;core500 A1_Core_200_Most_Frequent_Words
wirklich;opravdu/skutečně;really;core500 A1_Core_200_Most_Frequent_Words
natürlich;samozřejmě;of course;core500 A1_Core_200_Most_Frequent_Words
leider;bohužel;unfortunately;core500 A1_Core_200_Most_Frequent_Words
zum Glück;naštěstí;fortunately;core500 A1_Core_200_Most_Frequent_Words
aber;ale;but;core500 A1_Core_200_Most_Frequent_Words
oder;nebo;or;core500 A1_Core_200_Most_Frequent_Words
weil/denn;protože;because;core500 A1_Core_200_Most_Frequent_Words
wenn/falls;jestli/pokud;if;core500 A1_Core_200_Most_Frequent_Words
als/wenn;když;when (conj);core500 A1_Core_200_Most_Frequent_Words
dass;že;that (conj);core500 A1_Core_200_Most_Frequent_Words
um...zu/damit;aby/žeby;in order to;core500 A1_Core_200_Most_Frequent_Words
obwohl;ačkoli/i když;although;core500 A1_Core_200_Most_Frequent_Words
als (comparison);než;than;core500 A1_Core_200_Most_Frequent_Words
wie;jako;as/like;core500 A1_Core_200_Most_Frequent_Words
sogar;dokonce;even;core500 A1_Core_200_Most_Frequent_Words
trotzdem;přesto;nevertheless;core500 A1_Core_200_Most_Frequent_Words
deshalb/darum;proto;therefore;core500 A1_Core_200_Most_Frequent_Words
Zeit;čas;time;core500 A1_Core_200_Most_Frequent_Words
Jahr;rok;year;core500 A1_Core_200_Most_Frequent_Words
Tag;den;day;core500 A1_Core_200_Most_Frequent_Words
Stunde;hodina;hour;core500 A1_Core_200_Most_Frequent_Words
Minute;minuta;minute;core500 A1_Core_200_Most_Frequent_Words
Welt;svět;world;core500 A1_Core_200_Most_Frequent_Words
Land/Erde;země;land/country;core500 A1_Core_200_Most_Frequent_Words
Leben;život;life;core500 A1_Core_200_Most_Frequent_Words
Tod;smrt;death;core500 A1_Core_200_Most_Frequent_Words
Mensch;člověk;person/human;core500 A1_Core_200_Most_Frequent_Words
Frau;žena;woman;core500 A1_Core_200_Most_Frequent_Words
Mann;muž;man;core500 A1_Core_200_Most_Frequent_Words
Kind;dítě;child;core500 A1_Core_200_Most_Frequent_Words
Ding/Sache;věc;thing;core500 A1_Core_200_Most_Frequent_Words
Ort/Platz;místo;place;core500 A1_Core_200_Most_Frequent_Words
Weg/Straße;cesta;way/road;core500 A1_Core_200_Most_Frequent_Words
Arbeit;práce;work;core500 A1_Core_200_Most_Frequent_Words
Wort;slovo;word;core500 A1_Core_200_Most_Frequent_Words
Frage;otázka;question;core500 A1_Core_200_Most_Frequent_Words
Antwort;odpověď;answer;core500 A1_Core_200_Most_Frequent_Words
Geschichte;příběh;story;core500 A1_Core_200_Most_Frequent_Words
Seite;strana;side/page;core500 A1_Core_200_Most_Frequent_Words
Hand;ruka;hand;core500 A1_Core_200_Most_Frequent_Words
Auge;oko;eye;core500 A1_Core_200_Most_Frequent_Words
Gesicht;tvář/obličej;face;core500 A1_Core_200_Most_Frequent_Words
Herz;srdce;heart;core500 A1_Core_200_Most_Frequent_Words
Haus;dům;house;core500 A1_Core_200_Most_Frequent_Words
Stadt;město;city;core500 A1_Core_200_Most_Frequent_Words
Wasser;voda;water;core500 A1_Core_200_Most_Frequent_Words
Essen;jídlo;food;core500 A1_Core_200_Most_Frequent_Words
Geld;peníze;money;core500 A1_Core_200_Most_Frequent_Words
Buch;kniha;book;core500 A1_Core_200_Most_Frequent_Words
Brief/Nachricht;dopis/zpráva;letter/message;core500 A1_Core_200_Most_Frequent_Words
Schule;škola;school;core500 A1_Core_200_Most_Frequent_Words
Problem;problém;problem;core500 A1_Core_200_Most_Frequent_Words
Gesetz;zákon;law;core500 A1_Core_200_Most_Frequent_Words
Kraft/Stärke;síla;force/strength;core500 A1_Core_200_Most_Frequent_Words
Wahrheit;pravda;truth;core500 A1_Core_200_Most_Frequent_Words
in;v/ve;in;core500 A1_Core_200_Most_Frequent_Words
auf/an;na;on;core500 A1_Core_200_Most_Frequent_Words
aus/von;z/ze;from/out of;core500 A1_Core_200_Most_Frequent_Words
zu/nach/in;do;to/into;core500 A1_Core_200_Most_Frequent_Words
mit;s/se;with;core500 A1_Core_200_Most_Frequent_Words
ohne;bez;without;core500 A1_Core_200_Most_Frequent_Words
für;pro/za;for;core500 A1_Core_200_Most_Frequent_Words
von/ab;od;from;core500 A1_Core_200_Most_Frequent_Words
nach;po;after/along;core500 A1_Core_200_Most_Frequent_Words
vor;před;before/in front;core500 A1_Core_200_Most_Frequent_Words
hinter;za;behind/for;core500 A1_Core_200_Most_Frequent_Words
zwischen;mezi;between;core500 A1_Core_200_Most_Frequent_Words
über;nad;above;core500 A1_Core_200_Most_Frequent_Words
unter;pod;under;core500 A1_Core_200_Most_Frequent_Words
neben;vedle;next to;core500 A1_Core_200_Most_Frequent_Words
um...herum;kolem;around;core500 A1_Core_200_Most_Frequent_Words
durch;skrz/přes;through;core500 A1_Core_200_Most_Frequent_Words
während;během;during;core500 A1_Core_200_Most_Frequent_Words
laut/gemäß;podle;according to;core500 A1_Core_200_Most_Frequent_Words
wegen;kvůli;because of;core500 A1_Core_200_Most_Frequent_Words
außer;kromě;except/besides;core500 A1_Core_200_Most_Frequent_Words
gegen;proti;against;core500 A1_Core_200_Most_Frequent_Words
zu;k/ke;toward;core500 A1_Core_200_Most_Frequent_Words
bitte;prosím;please;core500 A1_Core_200_Most_Frequent_Words
danke;děkuji;thank you;core500 A1_Core_200_Most_Frequent_Words
Entschuldigung;promiňte;sorry/excuse me;core500 A1_Core_200_Most_Frequent_Words
gehen;chodit;to go (habitually);core500 B1_Core_Verbs_Top_100
fahren;jet;to go (by vehicle);core500 B1_Core_Verbs_Top_100
fahren;jezdit;to go by vehicle (hab.);core500 B1_Core_Verbs_Top_100
laufen/rennen;běžet;to run;core500 B1_Core_Verbs_Top_100
fliegen;letět;to fly;core500 B1_Core_Verbs_Top_100
schwimmen;plavat;to swim;core500 B1_Core_Verbs_Top_100
tragen;nést;to carry;core500 B1_Core_Verbs_Top_100
zurückkehren;vrátit se;to return;core500 B1_Core_Verbs_Top_100
aufstehen;vstát;to stand up;core500 B1_Core_Verbs_Top_100
sagen;říkat/říci;to say;core500 B1_Core_Verbs_Top_100
erklären;vysvětlit;to explain;core500 B1_Core_Verbs_Top_100
verstehen;rozumět;to understand;core500 B1_Core_Verbs_Top_100
zustimmen;souhlasit;to agree;core500 B1_Core_Verbs_Top_100
nicht zustimmen;nesouhlasit;to disagree;core500 B1_Core_Verbs_Top_100
versprechen;slíbit;to promise;core500 B1_Core_Verbs_Top_100
sich beschweren;stěžovat si;to complain;core500 B1_Core_Verbs_Top_100
kennen;znát;to know (person/thing);core500 B1_Core_Verbs_Top_100
sich erinnern;pamatovat si;to remember;core500 B1_Core_Verbs_Top_100
vergessen;zapomenout;to forget;core500 B1_Core_Verbs_Top_100
lernen;učit se;to learn;core500 B1_Core_Verbs_Top_100
lehren/unterrichten;učit;to teach;core500 B1_Core_Verbs_Top_100
sich entscheiden;rozhodnout se;to decide;core500 B1_Core_Verbs_Top_100
glauben;věřit;to believe;core500 B1_Core_Verbs_Top_100
zweifeln;pochybovat;to doubt;core500 B1_Core_Verbs_Top_100
ändern/verändern;měnit/změnit;to change;core500 B1_Core_Verbs_Top_100
verbessern;zlepšit;to improve;core500 B1_Core_Verbs_Top_100
verschlechtern;zhoršit;to worsen;core500 B1_Core_Verbs_Top_100
versuchen/probieren;zkusit/vyzkoušet;to try;core500 B1_Core_Verbs_Top_100
brauchen;potřebovat;to need;core500 B1_Core_Verbs_Top_100
fühlen;cítit;to feel;core500 B1_Core_Verbs_Top_100
gefallen;líbit se;to like/appeal;core500 B1_Core_Verbs_Top_100
hassen;nenávidět;to hate;core500 B1_Core_Verbs_Top_100
Angst haben;bát se;to be afraid;core500 B1_Core_Verbs_Top_100
sich freuen;těšit se;to look forward to;core500 B1_Core_Verbs_Top_100
sich schämen;stydět se;to be ashamed;core500 B1_Core_Verbs_Top_100
neiden/beneiden;závidět;to envy;core500 B1_Core_Verbs_Top_100
überraschen;překvapit;to surprise;core500 B1_Core_Verbs_Top_100
sich langweilen;nudit se;to be bored;core500 B1_Core_Verbs_Top_100
helfen;pomáhat/pomoci;to help;core500 B1_Core_Verbs_Top_100
schicken/senden;poslat;to send;core500 B1_Core_Verbs_Top_100
warten;čekat;to wait;core500 B1_Core_Verbs_Top_100
suchen;hledat;to search;core500 B1_Core_Verbs_Top_100
zeigen;ukázat;to show;core500 B1_Core_Verbs_Top_100
verstecken;schovit/schovat;to hide;core500 B1_Core_Verbs_Top_100
existieren;existovat;to exist;core500 B1_Core_Verbs_Top_100
werden/geschehen;stát se;to become/happen;core500 B1_Core_Verbs_Top_100
gehören;patřit;to belong;core500 B1_Core_Verbs_Top_100
abhängen;záviset;to depend;core500 B1_Core_Verbs_Top_100
enthalten;obsahovat;to contain;core500 B1_Core_Verbs_Top_100
bedeuten;znamenat;to mean;core500 B1_Core_Verbs_Top_100
scheinen;zdát se;to seem;core500 B1_Core_Verbs_Top_100
kosten;stát (za);to cost;core500 B1_Core_Verbs_Top_100
hören;slyšet;to hear;core500 B1_Core_Verbs_Top_100
schauen/sehen;dívat se;to look/watch;core500 B1_Core_Verbs_Top_100
zuhören;poslouchat;to listen;core500 B1_Core_Verbs_Top_100
riechen;cítit (vůni);to smell;core500 B1_Core_Verbs_Top_100
schmecken;chutnat;to taste;core500 B1_Core_Verbs_Top_100
berühren;dotknout se;to touch;core500 B1_Core_Verbs_Top_100
liegen;ležet;to lie (down);core500 B1_Core_Verbs_Top_100
öffnen;otevřít;to open;core500 B1_Core_Verbs_Top_100
schließen;zavřít;to close;core500 B1_Core_Verbs_Top_100
einschalten;zapnout;to turn on;core500 B1_Core_Verbs_Top_100
ausschalten;vypnout;to turn off;core500 B1_Core_Verbs_Top_100
waschen;umýt;to wash;core500 B1_Core_Verbs_Top_100
anziehen;obléct (se);to dress;core500 B1_Core_Verbs_Top_100
ausziehen;svléct (se);to undress;core500 B1_Core_Verbs_Top_100
erlauben;dovolit;to allow;core500 B1_Core_Verbs_Top_100
verbieten;zakázat;to forbid;core500 B1_Core_Verbs_Top_100
vorschlagen;navrhnout;to suggest;core500 B1_Core_Verbs_Top_100
vergleichen;porovnat;to compare;core500 B1_Core_Verbs_Top_100
voraussetzen;předpokládat;to assume;core500 B1_Core_Verbs_Top_100
unterstützen;podpořit;to support;core500 B1_Core_Verbs_Top_100
schaffen/erstellen;vytvořit;to create;core500 B1_Core_Verbs_Top_100
zerstören;zničit;to destroy;core500 B1_Core_Verbs_Top_100
gewinnen;vyhrát;to win;core500 B1_Core_Verbs_Top_100
verlieren;prohrát;to lose;core500 B1_Core_Verbs_Top_100
hallo/hi;ahoj;hello/hi;core500 A1_01_Greetings_and_Introductions
null;nula;zero;core500 A1_02_Numbers_and_Time
Mutter/Mama;matka/máma;mother/mom;core500 A1_03_Family_and_People
Brot;chléb/chleba;bread;core500 A1_05_Food_and_Drink
aufstehen;vstávat;to get up;core500 A1_06_Daily_Routine
guten Tag;dobrý den;good day;core500 A1_01_Greetings_and_Introductions
Wohnung;byt;apartment/flat;core500 A1_04_Home_and_Living
eins;jeden;one;core500 A1_02_Numbers_and_Time
Vater/Papa;otec/táta;father/dad;core500 A1_03_Family_and_People
Straße;ulice;street;core500 A1_07_10_City_Shopping_Weather_Hobbies
Butter;máslo;butter;core500 A1_05_Food_and_Drink
sich waschen;umýt se;to wash oneself;core500 A1_06_Daily_Routine
guten Morgen;dobré ráno;good morning;core500 A1_01_Greetings_and_Introductions
Zimmer;pokoj;room;core500 A1_04_Home_and_Living
zwei;dva;two;core500 A1_02_Numbers_and_Time
Sohn;syn;son;core500 A1_03_Family_and_People
Platz;náměstí;square;core500 A1_07_10_City_Shopping_Weather_Hobbies
Käse;sýr;cheese;core500 A1_05_Food_and_Drink
Zähne putzen;čistit si zuby;brush teeth;core500 A1_06_Daily_Routine
guten Abend;dobrý večer;good evening;core500 A1_01_Greetings_and_Introductions
Küche;kuchyně;kitchen;core500 A1_04_Home_and_Living
drei;tři;three;core500 A1_02_Numbers_and_Time
Tochter;dcera;daughter;core500 A1_03_Family_and_People
Brücke;most;bridge;core500 A1_07_10_City_Shopping_Weather_Hobbies
Fleisch;maso;meat;core500 A1_05_Food_and_Drink
sich anziehen;oblékat se;to get dressed;core500 A1_06_Daily_Routine
gute Nacht;dobrou noc;good night;core500 A1_01_Greetings_and_Introductions
Badezimmer;koupelna;bathroom;core500 A1_04_Home_and_Living
vier;čtyři;four;core500 A1_02_Numbers_and_Time
Bruder;bratr;brother;core500 A1_03_Family_and_People
Kirche;kostel;church;core500 A1_07_10_City_Shopping_Weather_Hobbies
Fisch;ryba;fish;core500 A1_05_Food_and_Drink
frühstücken;snídat;to have breakfast;core500 A1_06_Daily_Routine
auf Wiedersehen;na shledanou;goodbye;core500 A1_01_Greetings_and_Introductions
Schlafzimmer;ložnice;bedroom;core500 A1_04_Home_and_Living
fünf;pět;five;core500 A1_02_Numbers_and_Time
Schwester;sestra;sister;core500 A1_03_Family_and_People
Krankenhaus;nemocnice;hospital;core500 A1_07_10_City_Shopping_Weather_Hobbies
Hähnchen/Huhn;kuře/kuřecí;chicken;core500 A1_05_Food_and_Drink
zur Arbeit gehen;jít do práce;go to work;core500 A1_06_Daily_Routine
tschüss;čau/čus;bye;core500 A1_01_Greetings_and_Introductions
Wohnzimmer;obývací pokoj;living room;core500 A1_04_Home_and_Living
sechs;šest;six;core500 A1_02_Numbers_and_Time
Großmutter/Oma;babička;grandmother;core500 A1_03_Family_and_People
Ei;vejce;egg;core500 A1_05_Food_and_Drink
Toilette/WC;záchod/toaleta;toilet;core500 A1_04_Home_and_Living
sieben;sedm;seven;core500 A1_02_Numbers_and_Time
Großvater/Opa;dědeček;grandfather;core500 A1_03_Family_and_People
Geschäft/Laden;obchod;shop;core500 A1_07_10_City_Shopping_Weather_Hobbies
Milch;mléko;milk;core500 A1_05_Food_and_Drink
Mittag essen;obědvat;to have lunch;core500 A1_06_Daily_Routine
Garten;zahrada;garden;core500 A1_04_Home_and_Living
acht;osm;eight;core500 A1_02_Numbers_and_Time
Ehemann/Mann;manžel;husband;core500 A1_03_Family_and_People
Restaurant;restaurace;restaurant;core500 A1_07_10_City_Shopping_Weather_Hobbies
Reis;rýže;rice;core500 A1_05_Food_and_Drink
zurückkommen;vracet se;to come back;core500 A1_06_Daily_Routine
Garage;garáž;garage;core500 A1_04_Home_and_Living
neun;devět;nine;core500 A1_02_Numbers_and_Time
Ehefrau/Frau;manželka;wife;core500 A1_03_Family_and_People
Bahnhof;nádraží;train station;core500 A1_07_10_City_Shopping_Weather_Hobbies
Kartoffel;brambory;potato;core500 A1_05_Food_and_Drink
kochen;vařit;to cook;core500 A1_06_Daily_Routine
Keller;sklep;cellar;core500 A1_04_Home_and_Living
zehn;deset;ten;core500 A1_02_Numbers_and_Time
Onkel;strýc;uncle;core500 A1_03_Family_and_People
links;vlevo;left;core500 A1_07_10_City_Shopping_Weather_Hobbies
Zwiebel;cibule;onion;core500 A1_05_Food_and_Drink
Abend essen;večeřet;to have dinner;core500 A1_06_Daily_Routine
Dachboden;podkroví;attic;core500 A1_04_Home_and_Living
elf;jedenáct;eleven;core500 A1_02_Numbers_and_Time
Tante;teta;aunt;core500 A1_03_Family_and_People
rechts;vpravo;right;core500 A1_07_10_City_Shopping_Weather_Hobbies
Knoblauch;česnek;garlic;core500 A1_05_Food_and_Drink
gut;dobře;good/fine;core500 A1_01_Greetings_and_Introductions
Treppe;schodiště;stairs;core500 A1_04_Home_and_Living
zwölf;dvanáct;twelve;core500 A1_02_Numbers_and_Time
Cousin;bratranec;cousin (m);core500 A1_03_Family_and_People
geradeaus;rovně/přímo;straight;core500 A1_07_10_City_Shopping_Weather_Hobbies
Tomate;rajče;tomato;core500 A1_05_Food_and_Drink
willkommen;vítejte;welcome;core500 A1_01_Greetings_and_Introductions
Stockwerk/Etage;patro/poschodí;floor/story;core500 A1_04_Home_and_Living
dreizehn;třináct;thirteen;core500 A1_02_Numbers_and_Time
Cousine;sestřenice;cousin (f);core500 A1_03_Family_and_People
nah;blízko;near;core500 A1_07_10_City_Shopping_Weather_Hobbies
Apfel;jablko;apple;core500 A1_05_Food_and_Drink
Decke;strop;ceiling;core500 A1_04_Home_and_Living
vierzehn;čtrnáct;fourteen;core500 A1_02_Numbers_and_Time
Enkel;vnuk;grandson;core500 A1_03_Family_and_People
weit;daleko;far;core500 A1_07_10_City_Shopping_Weather_Hobbies
Suppe;polévka;soup;core500 A1_05_Food_and_Drink
morgens;ráno;in the morning;core500 A1_06_Daily_Routine
Boden/Fußboden;podlaha;floor;core500 A1_04_Home_and_Living
fünfzehn;patnáct;fifteen;core500 A1_02_Numbers_and_Time
Enkelin;vnučka;granddaughter;core500 A1_03_Family_and_People
kaufen;kupovat;to buy;core500 A1_07_10_City_Shopping_Weather_Hobbies
vormittags;dopoledne;before noon;core500 A1_06_Daily_Routine
freut mich;rád(a) tě poznávám;nice to meet you;core500 A1_01_Greetings_and_Introductions
Wand;stěna/zeď;wall;core500 A1_04_Home_and_Living
sechzehn;šestnáct;sixteen;core500 A1_02_Numbers_and_Time
Schwiegervater;tchán;father-in-law;core500 A1_03_Family_and_People
verkaufen;prodávat;to sell;core500 A1_07_10_City_Shopping_Weather_Hobbies
Tee;čaj;tea;core500 A1_05_Food_and_Drink
mittags;v poledne;at noon;core500 A1_06_Daily_Routine
ich verstehe;rozumím;I understand;core500 A1_01_Greetings_and_Introductions
Fenster;okno;window;core500 A1_04_Home_and_Living
siebzehn;sedmnáct;seventeen;core500 A1_02_Numbers_and_Time
Schwiegermutter;tchyně;mother-in-law;core500 A1_03_Family_and_People
zahlen/bezahlen;platit;to pay;core500 A1_07_10_City_Shopping_Weather_Hobbies
Kaffee;káva;coffee;core500 A1_05_Food_and_Drink
nachmittags;odpoledne;in the afternoon;core500 A1_06_Daily_Routine
ich verstehe nicht;nerozumím;I don't understand;core500 A1_01_Greetings_and_Introductions
Tür;dveře;door;core500 A1_04_Home_and_Living
achtzehn;osmnáct;eighteen;core500 A1_02_Numbers_and_Time
Schwager;švagr;brother-in-law;core500 A1_03_Family_and_People
Bier;pivo;beer;core500 A1_05_Food_and_Drink
abends;večer;in the evening;core500 A1_06_Daily_Routine
ich weiß nicht;nevím;I don't know;core500 A1_01_Greetings_and_Introductions
Dach;střecha;roof;core500 A1_04_Home_and_Living
neunzehn;devatenáct;nineteen;core500 A1_02_Numbers_and_Time
Preis;cena;price;core500 A1_07_10_City_Shopping_Weather_Hobbies
Wein;víno;wine;core500 A1_05_Food_and_Drink
nachts;v noci;at night;core500 A1_06_Daily_Routine
Tisch;stůl;table;core500 A1_04_Home_and_Living
zwanzig;dvacet;twenty;core500 A1_02_Numbers_and_Time
billig/günstig;levný;cheap;core500 A1_07_10_City_Shopping_Weather_Hobbies
Saft;džus/šťáva;juice;core500 A1_05_Food_and_Drink
Stuhl;židle;chair;core500 A1_04_Home_and_Living
dreißig;třicet;thirty;core500 A1_02_Numbers_and_Time
teuer;drahý;expensive;core500 A1_07_10_City_Shopping_Weather_Hobbies
Bett;postel;bed;core500 A1_04_Home_and_Living
vierzig;čtyřicet;forty;core500 A1_02_Numbers_and_Time
Rabatt;sleva;discount;core500 A1_07_10_City_Shopping_Weather_Hobbies
Frühstück;snídaně;breakfast;core500 A1_05_Food_and_Drink
Schrank;skříň;wardrobe;core500 A1_04_Home_and_Living
fünfzig;padesát;fifty;core500 A1_02_Numbers_and_Time
Junge;chlapec/kluk;boy;core500 A1_03_Family_and_People
Größe;velikost;size;core500 A1_07_10_City_Shopping_Weather_Hobbies
Mittagessen;oběd;lunch;core500 A1_05_Food_and_Drink
Regal;police/regál;shelf;core500 A1_04_Home_and_Living
sechzig;šedesát;sixty;core500 A1_02_Numbers_and_Time
Mädchen;dívka/holka;girl;core500 A1_03_Family_and_People
weiß;bílý;white;core500 A1_07_10_City_Shopping_Weather_Hobbies
Abendessen;večeře;dinner;core500 A1_05_Food_and_Drink
Lampe;lampa;lamp;core500 A1_04_Home_and_Living
siebzig;sedmdesát;seventy;core500 A1_02_Numbers_and_Time
Freund;přítel/kamarád;friend;core500 A1_03_Family_and_People
schwarz;černý;black;core500 A1_07_10_City_Shopping_Weather_Hobbies
Speisekarte/Menü;jídelní lístek;menu;core500 A1_05_Food_and_Drink
Spiegel;zrcadlo;mirror;core500 A1_04_Home_and_Living
achtzig;osmdesát;eighty;core500 A1_02_Numbers_and_Time
Nachbar;soused;neighbor;core500 A1_03_Family_and_People
rot;červený;red;core500 A1_07_10_City_Shopping_Weather_Hobbies
Bestellung;objednávka;order;core500 A1_05_Food_and_Drink
Teppich;koberec;carpet;core500 A1_04_Home_and_Living
neunzig;devadesát;ninety;core500 A1_02_Numbers_and_Time
blau;modrý;blue;core500 A1_07_10_City_Shopping_Weather_Hobbies
Rechnung;účet;bill;core500 A1_05_Food_and_Drink
Sofa/Couch;gauč/pohovka;sofa/couch;core500 A1_04_Home_and_Living
hundert;sto;hundred;core500 A1_02_Numbers_and_Time
jung;mladý;young;core500 A1_03_Family_and_People
grün;zelený;green;core500 A1_07_10_City_Shopping_Weather_Hobbies
Kellner;číšník;waiter;core500 A1_05_Food_and_Drink
Kühlschrank;lednice/lednička;fridge;core500 A1_04_Home_and_Living
Montag;pondělí;Monday;core500 A1_02_Numbers_and_Time
gelb;žlutý;yellow;core500 A1_07_10_City_Shopping_Weather_Hobbies
Besteck;příbor;cutlery;core500 A1_05_Food_and_Drink
Dienstag;úterý;Tuesday;core500 A1_02_Numbers_and_Time
braun;hnědý;brown;core500 A1_07_10_City_Shopping_Weather_Hobbies
Teller;talíř;plate;core500 A1_05_Food_and_Drink
Mittwoch;středa;Wednesday;core500 A1_02_Numbers_and_Time
hoch/groß;vysoký;tall;core500 A1_03_Family_and_People
grau;šedý;grey;core500 A1_07_10_City_Shopping_Weather_Hobbies
Glas;sklenice;glass;core500 A1_05_Food_and_Drink
Donnerstag;čtvrtek;Thursday;core500 A1_02_Numbers_and_Time
schön;krásný;beautiful;core500 A1_03_Family_and_People
rosa;růžový;pink;core500 A1_07_10_City_Shopping_Weather_Hobbies
Löffel;lžíce;spoon;core500 A1_05_Food_and_Drink
Freitag;pátek;Friday;core500 A1_02_Numbers_and_Time
nett/lieb;milý;nice/dear;core500 A1_03_Family_and_People
orange;oranžový;orange;core500 A1_07_10_City_Shopping_Weather_Hobbies
Messer;nůž;knife;core500 A1_05_Food_and_Drink
Samstag;sobota;Saturday;core500 A1_02_Numbers_and_Time
klug/schlau;chytrý;clever;core500 A1_03_Family_and_People
Wetter;počasí;weather;core500 A1_07_10_City_Shopping_Weather_Hobbies
Gabel;vidlička;fork;core500 A1_05_Food_and_Drink
Sonntag;neděle;Sunday;core500 A1_02_Numbers_and_Time
Lehrer/in;učitel/ka;teacher;core500 A1_03_Family_and_People
Sonne;slunce;sun;core500 A1_07_10_City_Shopping_Weather_Hobbies
süß;sladký;sweet;core500 A1_05_Food_and_Drink
Januar;leden;January;core500 A1_02_Numbers_and_Time
Arzt/Ärztin;lékař/ka;doctor;core500 A1_03_Family_and_People
Regen;déšť;rain;core500 A1_07_10_City_Shopping_Weather_Hobbies
salzig;slaný;salty;core500 A1_05_Food_and_Drink
Februar;únor;February;core500 A1_02_Numbers_and_Time
Student/in;student/ka;student;core500 A1_03_Family_and_People
Schnee;sníh;snow;core500 A1_07_10_City_Shopping_Weather_Hobbies
sauer;kyselý;sour;core500 A1_05_Food_and_Drink
März;březen;March;core500 A1_02_Numbers_and_Time
Verkäufer/in;prodavač/ka;salesperson;core500 A1_03_Family_and_People
Wind;vítr;wind;core500 A1_07_10_City_Shopping_Weather_Hobbies
bitter;hořký;bitter;core500 A1_05_Food_and_Drink
April;duben;April;core500 A1_02_Numbers_and_Time
Fahrer;řidič;driver;core500 A1_03_Family_and_People
Wolke;oblak/mrak;cloud;core500 A1_07_10_City_Shopping_Weather_Hobbies
scharf;pálivý/ostrý;spicy/hot;core500 A1_05_Food_and_Drink
Mai;květen;May;core500 A1_02_Numbers_and_Time
heiß;horko;hot;core500 A1_07_10_City_Shopping_Weather_Hobbies
frisch;čerstvý;fresh;core500 A1_05_Food_and_Drink
Juni;červen;June;core500 A1_02_Numbers_and_Time
kalt;zima (cold);cold;core500 A1_07_10_City_Shopping_Weather_Hobbies
Juli;červenec;July;core500 A1_02_Numbers_and_Time
warm;teplo;warm;core500 A1_07_10_City_Shopping_Weather_Hobbies
August;srpen;August;core500 A1_02_Numbers_and_Time
Frühling;jaro;spring;core500 A1_07_10_City_Shopping_Weather_Hobbies
September;září;September;core500 A1_02_Numbers_and_Time
Sommer;léto;summer;core500 A1_07_10_City_Shopping_Weather_Hobbies
Oktober;říjen;October;core500 A1_02_Numbers_and_Time
Herbst;podzim;autumn;core500 A1_07_10_City_Shopping_Weather_Hobbies
November;listopad;November;core500 A1_02_Numbers_and_Time
Winter;zima;winter;core500 A1_07_10_City_Shopping_Weather_Hobbies
Dezember;prosinec;December;core500 A1_02_Numbers_and_Time
Sport;sport;sport;core500 A1_07_10_City_Shopping_Weather_Hobbies
Fußball;fotbal;football;core500 A1_07_10_City_Shopping_Weather_Hobbies
Viertel vor;tři čtvrtě na;;core500 A1_02_Numbers_and_Time
Schwimmen;plavání;swimming;core500 A1_07_10_City_Shopping_Weather_Hobbies
Laufen;běhání;running;core500 A1_07_10_City_Shopping_Weather_Hobbies
Musik;hudba;music;core500 A1_07_10_City_Shopping_Weather_Hobbies
Film;film;film;core500 A1_07_10_City_Shopping_Weather_Hobbies
Reisen;cestování;traveling;core500 A1_07_10_City_Shopping_Weather_Hobbies
Kochen;vaření;cooking;core500 A1_07_10_City_Shopping_Weather_Hobbies
Gartenarbeit;zahradničení;gardening;core500 A1_07_10_City_Shopping_Weather_Hobbies
gern + verb;rád/a + verb;I like to...;core1000 A1_07_10_City_Shopping_Weather_Hobbies
zuverlässig;spolehlivý;reliable;core1000 B1_B2_Essential_Adjectives_and_Adverbs
verantwortungsvoll;zodpovědný;responsible;core1000 B1_B2_Essential_Adjectives_and_Adverbs
geduldig;trpělivý;patient;core1000 B1_B2_Essential_Adjectives_and_Adverbs
ungeduldig;netrpělivý;impatient;core1000 B1_B2_Essential_Adjectives_and_Adverbs
stur/eigensinnig;tvrdohlavý;stubborn;core1000 B1_B2_Essential_Adjectives_and_Adverbs
ehrlich;poctivý;honest;core1000 B1_B2_Essential_Adjectives_and_Adverbs
freundlich/liebenswürdig;laskavý;kind;core1000 B1_B2_Essential_Adjectives_and_Adverbs
grausam;krutý;cruel;core1000 B1_B2_Essential_Adjectives_and_Adverbs
bescheiden;skromný;modest;core1000 B1_B2_Essential_Adjectives_and_Adverbs
stolz;pyšný/hrdý;proud;core1000 B1_B2_Essential_Adjectives_and_Adverbs
ehrgeizig;ctižádostivý;ambitious;core1000 B1_B2_Essential_Adjectives_and_Adverbs
neugierig;zvědavý;curious;core1000 B1_B2_Essential_Adjectives_and_Adverbs
großzügig/freigebig;štědrý;generous;core1000 B1_B2_Essential_Adjectives_and_Adverbs
geizig;lakomý/skoupý;stingy;core1000 B1_B2_Essential_Adjectives_and_Adverbs
gesellig;společenský;sociable;core1000 B1_B2_Essential_Adjectives_and_Adverbs
ausgezeichnet/hervorragend;vynikající;excellent;core1000 B1_B2_Essential_Adjectives_and_Adverbs
durchschnittlich;průměrný;average;core1000 B1_B2_Essential_Adjectives_and_Adverbs
schrecklich/furchtbar;příšerný/hrozný;terrible;core1000 B1_B2_Essential_Adjectives_and_Adverbs
erstaunlich/wunderbar;úžasný;amazing;core1000 B1_B2_Essential_Adjectives_and_Adverbs
gewöhnlich/üblich;obvyklý;usual/common;core1000 B1_B2_Essential_Adjectives_and_Adverbs
ungewöhnlich;neobvyklý;unusual;core1000 B1_B2_Essential_Adjectives_and_Adverbs
einfach;jednoduchý;simple;core1000 B1_B2_Essential_Adjectives_and_Adverbs
kompliziert/komplex;složitý;complicated;core1000 B1_B2_Essential_Adjectives_and_Adverbs
genau/präzise;přesný;precise/exact;core1000 B1_B2_Essential_Adjectives_and_Adverbs
ungefähr/annähernd;přibližný;approximate;core1000 B1_B2_Essential_Adjectives_and_Adverbs
richtig/korrekt;správný;correct;core1000 B1_B2_Essential_Adjectives_and_Adverbs
falsch/fehlerhaft;chybný/špatný;wrong/incorrect;core1000 B1_B2_Essential_Adjectives_and_Adverbs
wirksam/effektiv;účinný;effective;core1000 B1_B2_Essential_Adjectives_and_Adverbs
unnötig/überflüssig;zbytečný;unnecessary;core1000 B1_B2_Essential_Adjectives_and_Adverbs
geeignet/passend;vhodný;suitable;core1000 B1_B2_Essential_Adjectives_and_Adverbs
nass;mokrý;wet;core1000 B1_B2_Essential_Adjectives_and_Adverbs
trocken;suchý;dry;core1000 B1_B2_Essential_Adjectives_and_Adverbs
weich;měkký;soft;core1000 B1_B2_Essential_Adjectives_and_Adverbs
hart;tvrdý;hard;core1000 B1_B2_Essential_Adjectives_and_Adverbs
glatt;hladký;smooth;core1000 B1_B2_Essential_Adjectives_and_Adverbs
rau/grob;drsný/hrubý;rough;core1000 B1_B2_Essential_Adjectives_and_Adverbs
scharf;ostrý;sharp;core1000 B1_B2_Essential_Adjectives_and_Adverbs
stumpf;tupý;blunt/dull;core1000 B1_B2_Essential_Adjectives_and_Adverbs
tief;hluboký;deep;core1000 B1_B2_Essential_Adjectives_and_Adverbs
flach/seicht;mělký;shallow;core1000 B1_B2_Essential_Adjectives_and_Adverbs
breit/weit;široký;wide;core1000 B1_B2_Essential_Adjectives_and_Adverbs
eng/schmal;úzký;narrow;core1000 B1_B2_Essential_Adjectives_and_Adverbs
dicht;hustý;dense/thick;core1000 B1_B2_Essential_Adjectives_and_Adverbs
dünn/spärlich;řídký;sparse/thin;core1000 B1_B2_Essential_Adjectives_and_Adverbs
dunkel;tmavý;dark;core1000 B1_B2_Essential_Adjectives_and_Adverbs
hell;světlý;light/bright;core1000 B1_B2_Essential_Adjectives_and_Adverbs
warm;teplý;warm;core1000 B1_B2_Essential_Adjectives_and_Adverbs
kühl;chladný;cool;core1000 B1_B2_Essential_Adjectives_and_Adverbs
gegenwärtig/aktuell;současný;current/contemporary;core1000 B1_B2_Essential_Adjectives_and_Adverbs
vorherig/vorig;předchozí/minulý;previous;core1000 B1_B2_Essential_Adjectives_and_Adverbs
nächster/folgend;následující/další;next/following;core1000 B1_B2_Essential_Adjectives_and_Adverbs
vorübergehend/temporär;dočasný;temporary;core1000 B1_B2_Essential_Adjectives_and_Adverbs
dauerhaft/ständig;trvalý/stálý;permanent;core1000 B1_B2_Essential_Adjectives_and_Adverbs
regelmäßig;pravidelný;regular;core1000 B1_B2_Essential_Adjectives_and_Adverbs
gelegentlich;občasný;occasional;core1000 B1_B2_Essential_Adjectives_and_Adverbs
sofortig;okamžitý;immediate;core1000 B1_B2_Essential_Adjectives_and_Adverbs
allmählich;postupný;gradual;core1000 B1_B2_Essential_Adjectives_and_Adverbs
plötzlich;náhlý;sudden;core1000 B1_B2_Essential_Adjectives_and_Adverbs
völlig/ganz;zcela/úplně;completely;core1000 B1_B2_Essential_Adjectives_and_Adverbs
fast/beinahe;téměř/skoro;almost;core1000 B1_B2_Essential_Adjectives_and_Adverbs
kaum;sotva/stěží;barely/hardly;core1000 B1_B2_Essential_Adjectives_and_Adverbs
besonders/insbesondere;zejména/zvláště;especially;core1000 B1_B2_Essential_Adjectives_and_Adverbs
ungefähr/etwa;přibližně/asi;approximately;core1000 B1_B2_Essential_Adjectives_and_Adverbs
absolut;naprosto;absolutely;core1000 B1_B2_Essential_Adjectives_and_Adverbs
ein bisschen;trochu/troška;a little/bit;core1000 B1_B2_Essential_Adjectives_and_Adverbs
zu/allzu;příliš;too (much);core1000 B1_B2_Essential_Adjectives_and_Adverbs
genug;dost/dostatečně;enough;core1000 B1_B2_Essential_Adjectives_and_Adverbs
schnell;rychle;quickly;core1000 B1_B2_Essential_Adjectives_and_Adverbs
langsam;pomalu;slowly;core1000 B1_B2_Essential_Adjectives_and_Adverbs
vorsichtig;opatrně;carefully;core1000 B1_B2_Essential_Adjectives_and_Adverbs
leicht/einfach;snadno/lehce;easily;core1000 B1_B2_Essential_Adjectives_and_Adverbs
zusammen/gemeinsam;společně;together;core1000 B1_B2_Essential_Adjectives_and_Adverbs
getrennt/separat;zvlášť/odděleně;separately;core1000 B1_B2_Essential_Adjectives_and_Adverbs
laut;nahlas;aloud;core1000 B1_B2_Essential_Adjectives_and_Adverbs
leise;potichu/tiše;quietly;core1000 B1_B2_Essential_Adjectives_and_Adverbs
absichtlich;úmyslně/schválně;deliberately;core1000 B1_B2_Essential_Adjectives_and_Adverbs
offensichtlich;zjevný/očividný;obvious;core1000 B1_B2_Essential_Adjectives_and_Adverbs
geheim;tajný/skrytý;secret;core1000 B1_B2_Essential_Adjectives_and_Adverbs
öffentlich;veřejný;public;core1000 B1_B2_Essential_Adjectives_and_Adverbs
privat;soukromý;private;core1000 B1_B2_Essential_Adjectives_and_Adverbs
offiziell;oficiální;official;core1000 B1_B2_Essential_Adjectives_and_Adverbs
inoffiziell;neoficiální;unofficial;core1000 B1_B2_Essential_Adjectives_and_Adverbs
obligatorisch/Pflicht-;povinný;obligatory;core1000 B1_B2_Essential_Adjectives_and_Adverbs
freiwillig;dobrovolný;voluntary;core1000 B1_B2_Essential_Adjectives_and_Adverbs
kostenlos/gratis;bezplatný/zdarma;free (of charge);core1000 B1_B2_Essential_Adjectives_and_Adverbs
nichtsdestotrotz/dennoch;nicméně;nevertheless;core1000 B1_B2_Essential_Adjectives_and_Adverbs
außerdem/darüber hinaus;navíc;moreover/furthermore;core1000 B1_B2_Essential_Adjectives_and_Adverbs
stattdessen;místo toho;instead;core1000 B1_B2_Essential_Adjectives_and_Adverbs
sonst/andernfalls;jinak/v opačném případě;otherwise;core1000 B1_B2_Essential_Adjectives_and_Adverbs
im Gegenteil;naopak;on the contrary;core1000 B1_B2_Essential_Adjectives_and_Adverbs
inzwischen/unterdessen;mezitím;meanwhile;core1000 B1_B2_Essential_Adjectives_and_Adverbs
insgesamt/im Ganzen;celkově;overall;core1000 B1_B2_Essential_Adjectives_and_Adverbs
endlich/schließlich;konečně;finally;core1000 B1_B2_Essential_Adjectives_and_Adverbs
angeblich;údajně/prý;allegedly/reportedly;core1000 B1_B2_Essential_Adjectives_and_Adverbs
Baum;strom;tree;core1000 A2_B1_Plants_Trees_Landscape
aufwachen;vzbudit se;to wake up;core1000 A2_B1_Verbs_of_Daily_Life
Waschmaschine;pračka;washing machine;core1000 A2_06_10_House_Culture_Nature_Services_Narration
Hemd;košile;shirt;core1000 A2_Clothes_and_Fashion
Handtuch;ručník;towel;core1000 A2_B1_Household_Tools_DIY
Auto;auto;car;core1000 A2_02_05_Transport_Education_Work_Appearance
Motor;motor;engine/motor;core1000 A2_B1_Car_Driving_Transportation
Kopf;hlava;head;core1000 A2_01_Health_and_Body
Europa;Evropa;Europe;core1000 A2_B1_Geography_Countries_Nationalities
Hund;pes;dog;core1000 A2_Animals_Detailed
Büro;kancelář;office;core1000 A2_B1_Office_and_Professional_Life
Urgroßvater;pradědeček;great-grandfather;core1000 A2_B1_Family_Extended_and_Life_Events
Holz;dřevo;wood;core1000 A2_B1_Materials_Shapes_Quantities
backen;péct;to bake;core1000 A2_B1_Cooking_and_Kitchen
Lied/Song;písnička/píseň;song;core1000 A2_B1_Music_Arts_Entertainment
Eiche;dub;oak;core1000 A2_B1_Plants_Trees_Landscape
Birne;hruška;pear;core1000 A2_Food_Extended_Fruits_Vegetables_Dishes
Spülmaschine;myčka;dishwasher;core1000 A2_06_10_House_Culture_Nature_Services_Narration
T-Shirt;tričko;T-shirt;core1000 A2_Clothes_and_Fashion
Wettervorhersage;předpověď (počasí);weather forecast;core1000 A2_B1_Weather_Extended
Lunge;plíce;lungs;core1000 A2_B1_Body_Extended_and_Medical
Seife;mýdlo;soap;core1000 A2_B1_Household_Tools_DIY
Bus;autobus;bus;core1000 A2_02_05_Transport_Education_Work_Appearance
Lenkrad;volant;steering wheel;core1000 A2_B1_Car_Driving_Transportation
Auge (Augen);oko (oči);eye;core1000 A2_01_Health_and_Body
Asien;Asie;Asia;core1000 A2_B1_Geography_Countries_Nationalities
Katze;kočka;cat;core1000 A2_Animals_Detailed
Schreibtisch;stůl (pracovní);desk;core1000 A2_B1_Office_and_Professional_Life
(Eis)Hockey;hokej;hockey;core1000 A2_B1_Sports_and_Activities
Urgroßmutter;prababička;great-grandmother;core1000 A2_B1_Family_Extended_and_Life_Events
Metall;kov;metal;core1000 A2_B1_Materials_Shapes_Quantities
Sessel;křeslo;armchair;core1000 A2_B1_Furniture_and_Home_Interior
braten;smažit;to fry;core1000 A2_B1_Cooking_and_Kitchen
Melodie;melodie;melody;core1000 A2_B1_Music_Arts_Entertainment
Buche;buk;beech;core1000 A2_B1_Plants_Trees_Landscape
Kirsche;třešně;cherry;core1000 A2_Food_Extended_Fruits_Vegetables_Dishes
duschen;sprchovat se;to shower;core1000 A2_B1_Verbs_of_Daily_Life
Herd;sporák;stove;core1000 A2_06_10_House_Culture_Nature_Services_Narration
Pullover/Sweatshirt;mikina;sweatshirt;core1000 A2_Clothes_and_Fashion
Temperatur;teplota;temperature;core1000 A2_B1_Weather_Extended
Leber;játra;liver;core1000 A2_B1_Body_Extended_and_Medical
Zahnbürste;zubní kartáček;toothbrush;core1000 A2_B1_Household_Tools_DIY
Zug;vlak;train;core1000 A2_02_05_Transport_Education_Work_Appearance
Bremse/Bremsen;brzda/brzdy;brake/brakes;core1000 A2_B1_Car_Driving_Transportation
Ohr (Ohren);ucho (uši);ear;core1000 A2_01_Health_and_Body
Afrika;Afrika;Africa;core1000 A2_B1_Geography_Countries_Nationalities
Pferd;kůň;horse;core1000 A2_Animals_Detailed
Bürostuhl;židle (kancelářská);office chair;core1000 A2_B1_Office_and_Professional_Life
Basketball;basketbal;basketball;core1000 A2_B1_Sports_and_Activities
Eisen;železo;iron;core1000 A2_B1_Materials_Shapes_Quantities
Couchtisch;konferenční stolek;coffee table;core1000 A2_B1_Furniture_and_Home_Interior
grillen;grilovat;to grill;core1000 A2_B1_Cooking_and_Kitchen
Rhythmus;rytmus;rhythm;core1000 A2_B1_Music_Arts_Entertainment
Birke;bříza;birch;core1000 A2_B1_Plants_Trees_Landscape
Sauerkirsche;višně;sour cherry;core1000 A2_Food_Extended_Fruits_Vegetables_Dishes
baden;koupat se;to bathe;core1000 A2_B1_Verbs_of_Daily_Life
Ofen/Backofen;trouba;oven;core1000 A2_06_10_House_Culture_Nature_Services_Narration
Pullover;svetr;sweater;core1000 A2_Clothes_and_Fashion
Grad;stupeň;degree;core1000 A2_B1_Weather_Extended
Nieren;ledviny;kidneys;core1000 A2_B1_Body_Extended_and_Medical
Zahnpasta;zubní pasta;toothpaste;core1000 A2_B1_Household_Tools_DIY
Straßenbahn;tramvaj;tram;core1000 A2_02_05_Transport_Education_Work_Appearance
Gaspedal;pedál (plynu);gas pedal;core1000 A2_B1_Car_Driving_Transportation
Nase;nos;nose;core1000 A2_01_Health_and_Body
Nordamerika;Severní Amerika;North America;core1000 A2_B1_Geography_Countries_Nationalities
Kuh;kráva;cow;core1000 A2_Animals_Detailed
Computer;počítač;computer;core1000 A2_B1_Office_and_Professional_Life
Volleyball;volejbal;volleyball;core1000 A2_B1_Sports_and_Activities
Stahl;ocel;steel;core1000 A2_B1_Materials_Shapes_Quantities
Regal/Bücherregal;knihovna/regál;bookshelf;core1000 A2_B1_Furniture_and_Home_Interior
schmoren/dünsten;dusit;to stew/braise;core1000 A2_B1_Cooking_and_Kitchen
Sänger/in;zpěvák/zpěvačka;singer;core1000 A2_B1_Music_Arts_Entertainment
Linde;lípa;linden/lime;core1000 A2_B1_Plants_Trees_Landscape
Pflaume;švestka;plum;core1000 A2_Food_Extended_Fruits_Vegetables_Dishes
sich rasieren;holit se;to shave;core1000 A2_B1_Verbs_of_Daily_Life
Staubsauger;vysavač;vacuum cleaner;core1000 A2_06_10_House_Culture_Nature_Services_Narration
Jackett/Sakko;sako;jacket (formal);core1000 A2_Clothes_and_Fashion
sonnig;slunečno;sunny;core1000 A2_B1_Weather_Extended
Magen;žaludek;stomach;core1000 A2_B1_Body_Extended_and_Medical
Shampoo;šampon;shampoo;core1000 A2_B1_Household_Tools_DIY
Flugzeug;letadlo;airplane;core1000 A2_02_05_Transport_Education_Work_Appearance
Kupplung;spojka;clutch;core1000 A2_B1_Car_Driving_Transportation
Mund;ústa;mouth;core1000 A2_01_Health_and_Body
Südamerika;Jižní Amerika;South America;core1000 A2_B1_Geography_Countries_Nationalities
Stier/Bulle;býk;bull;core1000 A2_Animals_Detailed
Bildschirm/Monitor;monitor/obrazovka;monitor/screen;core1000 A2_B1_Office_and_Professional_Life
Tennis;tenis;tennis;core1000 A2_B1_Sports_and_Activities
Urenkel;pravnuk;great-grandson;core1000 A2_B1_Family_Extended_and_Life_Events
Kupfer;měď;copper;core1000 A2_B1_Materials_Shapes_Quantities
Kommode;komoda;chest of drawers;core1000 A2_B1_Furniture_and_Home_Interior
schneiden;krájet/řezat;to cut/slice;core1000 A2_B1_Cooking_and_Kitchen
Musiker;hudebník/muzikant;musician;core1000 A2_B1_Music_Arts_Entertainment
Kiefer;borovice/sosna;pine;core1000 A2_B1_Plants_Trees_Landscape
Aprikose;meruňka;apricot;core1000 A2_Food_Extended_Fruits_Vegetables_Dishes
sich kämmen;česat se;to comb hair;core1000 A2_B1_Verbs_of_Daily_Life
Bügeleisen;žehlička;iron;core1000 A2_06_10_House_Culture_Nature_Services_Narration
Jacke;bunda;jacket (casual);core1000 A2_Clothes_and_Fashion
bewölkt/wolkig;oblačno;cloudy;core1000 A2_B1_Weather_Extended
Darm;střevo/střeva;intestines;core1000 A2_B1_Body_Extended_and_Medical
Schere;nůžky;scissors;core1000 A2_B1_Household_Tools_DIY
Schiff;loď;ship;core1000 A2_02_05_Transport_Education_Work_Appearance
Getriebe/Schaltung;převodovka;gearbox/transmission;core1000 A2_B1_Car_Driving_Transportation
Zahn (Zähne);zub (zuby);tooth;core1000 A2_01_Health_and_Body
Australien;Austrálie;Australia;core1000 A2_B1_Geography_Countries_Nationalities
Schwein;prase/svině;pig;core1000 A2_Animals_Detailed
Tastatur;klávesnice;keyboard;core1000 A2_B1_Office_and_Professional_Life
Neffe;synovec;nephew;core1000 A2_B1_Family_Extended_and_Life_Events
Gold;zlato;gold;core1000 A2_B1_Materials_Shapes_Quantities
Vitrine;vitrína;display cabinet;core1000 A2_B1_Furniture_and_Home_Interior
reiben;strouhat;to grate;core1000 A2_B1_Cooking_and_Kitchen
Band/Kapelle;kapela/skupina;band;core1000 A2_B1_Music_Arts_Entertainment
Fichte;smrk;spruce;core1000 A2_B1_Plants_Trees_Landscape
Pfirsich;broskev;peach;core1000 A2_Food_Extended_Fruits_Vegetables_Dishes
(Haare) trocknen/föhnen;sušit (vlasy);to dry (hair);core1000 A2_B1_Verbs_of_Daily_Life
aufräumen/putzen;uklízet;to clean/tidy;core1000 A2_06_10_House_Culture_Nature_Services_Narration
Mantel;kabát;coat;core1000 A2_Clothes_and_Fashion
klar/heiter;jasno;clear;core1000 A2_B1_Weather_Extended
Gehirn;mozek;brain;core1000 A2_B1_Body_Extended_and_Medical
Kamm;hřeben;comb;core1000 A2_B1_Household_Tools_DIY
Fahrrad;kolo/bicykl;bicycle;core1000 A2_02_05_Transport_Education_Work_Appearance
Reifen;pneumatika/guma;tire;core1000 A2_B1_Car_Driving_Transportation
Zunge;jazyk;tongue/language;core1000 A2_01_Health_and_Body
Antarktis;Antarktida;Antarctica;core1000 A2_B1_Geography_Countries_Nationalities
Schaf;ovce;sheep;core1000 A2_Animals_Detailed
Drucker;tiskárna;printer;core1000 A2_B1_Office_and_Professional_Life
Laufen;běh;running;core1000 A2_B1_Sports_and_Activities
Nichte;neteř;niece;core1000 A2_B1_Family_Extended_and_Life_Events
Silber;stříbro;silver;core1000 A2_B1_Materials_Shapes_Quantities
mischen/rühren;míchat/mísit;to mix/stir;core1000 A2_B1_Cooking_and_Kitchen
Dirigent;dirigent;conductor;core1000 A2_B1_Music_Arts_Entertainment
Tanne;jedle;fir;core1000 A2_B1_Plants_Trees_Landscape
Erdbeere;jahoda;strawberry;core1000 A2_Food_Extended_Fruits_Vegetables_Dishes
sich schminken;líčit se/malovat se;to put on makeup;core1000 A2_B1_Verbs_of_Daily_Life
waschen;prát;to do laundry;core1000 A2_06_10_House_Culture_Nature_Services_Narration
Hose;kalhoty;trousers/pants;core1000 A2_Clothes_and_Fashion
bedeckt;zataženo;overcast;core1000 A2_B1_Weather_Extended
Wirbelsäule;páteř;spine;core1000 A2_B1_Body_Extended_and_Medical
Flughafen;letiště;airport;core1000 A2_02_05_Transport_Education_Work_Appearance
Hals;krk;neck;core1000 A2_01_Health_and_Body
Tschechien;Česko/Česká republika;Czechia;core1000 A2_B1_Geography_Countries_Nationalities
Ziege;koza;goat;core1000 A2_Animals_Detailed
Scanner;skener;scanner;core1000 A2_B1_Office_and_Professional_Life
Radfahren;cyklistika;cycling;core1000 A2_B1_Sports_and_Activities
Glas;sklo;glass;core1000 A2_B1_Materials_Shapes_Quantities
Gardine/Vorhang;záclona;curtain;core1000 A2_B1_Furniture_and_Home_Interior
schlagen;šlehat;to whip/beat;core1000 A2_B1_Cooking_and_Kitchen
Komponist;skladatel;composer;core1000 A2_B1_Music_Arts_Entertainment
Pappel;topol;poplar;core1000 A2_B1_Plants_Trees_Landscape
Himbeere;malina;raspberry;core1000 A2_Food_Extended_Fruits_Vegetables_Dishes
reparieren;opravit;to repair;core1000 A2_06_10_House_Culture_Nature_Services_Narration
Jeans;džíny;jeans;core1000 A2_Clothes_and_Fashion
Nebel;mlha;fog;core1000 A2_B1_Weather_Extended
Rippe;žebro;rib;core1000 A2_B1_Body_Extended_and_Medical
Kerze;svíčka;candle;core1000 A2_B1_Household_Tools_DIY
Stoßstange;nárazník;bumper;core1000 A2_B1_Car_Driving_Transportation
Schulter;rameno;shoulder;core1000 A2_01_Health_and_Body
Polen;Polsko;Poland;core1000 A2_B1_Geography_Countries_Nationalities
Huhn/Henne;slepice/kuře;chicken/hen;core1000 A2_Animals_Detailed
Kopierer;kopírka;copier;core1000 A2_B1_Office_and_Professional_Life
Skifahren;lyžování;skiing;core1000 A2_B1_Sports_and_Activities
Plastik/Kunststoff;plast/umělá hmota;plastic;core1000 A2_B1_Materials_Shapes_Quantities
Jalousie/Rollo;žaluzie/roleta;blinds;core1000 A2_B1_Furniture_and_Home_Interior
schälen;loupat;to peel;core1000 A2_B1_Cooking_and_Kitchen
Gitarre;kytara;guitar;core1000 A2_B1_Music_Arts_Entertainment
Weide;vrba;willow;core1000 A2_B1_Plants_Trees_Landscape
Heidelbeere/Blaubeere;borůvka;blueberry;core1000 A2_Food_Extended_Fruits_Vegetables_Dishes
Schuhe ausziehen;zouvat se;to take shoes off;core1000 A2_B1_Verbs_of_Daily_Life
umziehen;stěhovat se;to move (house);core1000 A2_06_10_House_Culture_Nature_Services_Narration
Shorts;šortky;shorts;core1000 A2_Clothes_and_Fashion
Frost;mráz;frost;core1000 A2_B1_Weather_Extended
Muskeln;svaly;muscles;core1000 A2_B1_Body_Extended_and_Medical
Streichhölzer;zápalky;matches;core1000 A2_B1_Household_Tools_DIY
Haltestelle;zastávka;stop;core1000 A2_02_05_Transport_Education_Work_Appearance
Motorhaube;kapota;hood/bonnet;core1000 A2_B1_Car_Driving_Transportation
Deutschland;Německo;Germany;core1000 A2_B1_Geography_Countries_Nationalities
Hahn;kohout;rooster;core1000 A2_Animals_Detailed
Projektor/Beamer;projektor;projector;core1000 A2_B1_Office_and_Professional_Life
Schlittschuhlaufen;bruslení;ice skating;core1000 A2_B1_Sports_and_Activities
Papier;papír;paper;core1000 A2_B1_Materials_Shapes_Quantities
Kronleuchter/Lampe;lustr/svítidlo;chandelier/light fixture;core1000 A2_B1_Furniture_and_Home_Interior
streuen;sypat;to sprinkle;core1000 A2_B1_Cooking_and_Kitchen
Klavier;klavír/piano;piano;core1000 A2_B1_Music_Arts_Entertainment
Esche;jasan;ash;core1000 A2_B1_Plants_Trees_Landscape
Traube;hrozen/víno;grape;core1000 A2_Food_Extended_Fruits_Vegetables_Dishes
Kino;kino;cinema;core1000 A2_06_10_House_Culture_Nature_Services_Narration
Rock;sukně;skirt;core1000 A2_Clothes_and_Fashion
Glatteis;námraza/led;black ice;core1000 A2_B1_Weather_Extended
Gelenk;kloub;joint;core1000 A2_B1_Body_Extended_and_Medical
Glühbirne;žárovka;light bulb;core1000 A2_B1_Household_Tools_DIY
Fahrkarte;jízdenka;ticket;core1000 A2_02_05_Transport_Education_Work_Appearance
Kofferraum;kufr/zavazadlový prostor;trunk/boot;core1000 A2_B1_Car_Driving_Transportation
Finger;prst;finger;core1000 A2_01_Health_and_Body
Slowakei;Slovensko;Slovakia;core1000 A2_B1_Geography_Countries_Nationalities
Ente;kachna;duck;core1000 A2_Animals_Detailed
Whiteboard/Tafel;tabule (bílá);whiteboard;core1000 A2_B1_Office_and_Professional_Life
Gymnastik/Turnen;gymnastika;gymnastics;core1000 A2_B1_Sports_and_Activities
Gummi;guma/pryž;rubber;core1000 A2_B1_Materials_Shapes_Quantities
Kissen;polštář;cushion/pillow;core1000 A2_B1_Furniture_and_Home_Interior
gießen/einschenken;nalít;to pour;core1000 A2_B1_Cooking_and_Kitchen
Geige/Violine;housle;violin;core1000 A2_B1_Music_Arts_Entertainment
Ahorn;javor;maple;core1000 A2_B1_Plants_Trees_Landscape
Banane;banán;banana;core1000 A2_Food_Extended_Fruits_Vegetables_Dishes
Theater;divadlo;theater;core1000 A2_06_10_House_Culture_Nature_Services_Narration
Kleid;šaty;dress;core1000 A2_Clothes_and_Fashion
Tau;rosa;dew;core1000 A2_B1_Weather_Extended
Sehne;šlacha;tendon;core1000 A2_B1_Body_Extended_and_Medical
Steckdose;zásuvka;socket/outlet;core1000 A2_B1_Household_Tools_DIY
Ankunft;příjezd;arrival;core1000 A2_02_05_Transport_Education_Work_Appearance
Rückspiegel;zpětné zrcátko;rearview mirror;core1000 A2_B1_Car_Driving_Transportation
Bein/Fuß;noha;leg/foot;core1000 A2_01_Health_and_Body
Österreich;Rakousko;Austria;core1000 A2_B1_Geography_Countries_Nationalities
Gans;husa;goose;core1000 A2_Animals_Detailed
Hefter/Tacker;sešívačka;stapler;core1000 A2_B1_Office_and_Professional_Life
Leichtathletik;atletika;athletics;core1000 A2_B1_Sports_and_Activities
Schwiegersohn;zeť;son-in-law;core1000 A2_B1_Family_Extended_and_Life_Events
Beton;beton;concrete;core1000 A2_B1_Materials_Shapes_Quantities
Decke/Überwurf;deka/přikrývka;blanket/throw;core1000 A2_B1_Furniture_and_Home_Interior
aufwärmen;ohřát;to reheat;core1000 A2_B1_Cooking_and_Kitchen
Schlagzeug/Trommel;bicí/buben;drums;core1000 A2_B1_Music_Arts_Entertainment
Apfelbaum;jabloň;apple tree;core1000 A2_B1_Plants_Trees_Landscape
Orange;pomeranč;orange;core1000 A2_Food_Extended_Fruits_Vegetables_Dishes
beißen/kauen;kousat;to bite/chew;core1000 A2_B1_Verbs_of_Daily_Life
Ausstellung;výstava;exhibition;core1000 A2_06_10_House_Culture_Nature_Services_Narration
Anzug;oblek;suit;core1000 A2_Clothes_and_Fashion
Gewitter;bouřka;thunderstorm;core1000 A2_B1_Weather_Extended
Vene/Ader;žíla;vein;core1000 A2_B1_Body_Extended_and_Medical
Stecker;zástrčka;plug;core1000 A2_B1_Household_Tools_DIY
Abfahrt;odjezd;departure;core1000 A2_02_05_Transport_Education_Work_Appearance
Blinker;blikr/blinkr;turn signal;core1000 A2_B1_Car_Driving_Transportation
Knie;koleno;knee;core1000 A2_01_Health_and_Body
Ungarn;Maďarsko;Hungary;core1000 A2_B1_Geography_Countries_Nationalities
Kaninchen;králík;rabbit;core1000 A2_Animals_Detailed
Locher;děrovačka;hole punch;core1000 A2_B1_Office_and_Professional_Life
Boxen;box;boxing;core1000 A2_B1_Sports_and_Activities
Schwiegertochter;snacha;daughter-in-law;core1000 A2_B1_Family_Extended_and_Life_Events
Ziegel;cihla;brick;core1000 A2_B1_Materials_Shapes_Quantities
Vase;váza;vase;core1000 A2_B1_Furniture_and_Home_Interior
abkühlen;ochladit;to cool down;core1000 A2_B1_Cooking_and_Kitchen
Flöte;flétna;flute;core1000 A2_B1_Music_Arts_Entertainment
Kirschbaum;třešeň;cherry tree;core1000 A2_B1_Plants_Trees_Landscape
Zitrone;citrón;lemon;core1000 A2_Food_Extended_Fruits_Vegetables_Dishes
kauen;žvýkat;to chew;core1000 A2_B1_Verbs_of_Daily_Life
Konzert;koncert;concert;core1000 A2_06_10_House_Culture_Nature_Services_Narration
Schlafanzug/Pyjama;pyžamo;pajamas;core1000 A2_Clothes_and_Fashion
Blitz;blesk;lightning;core1000 A2_B1_Weather_Extended
Arterie;tepna;artery;core1000 A2_B1_Body_Extended_and_Medical
Verlängerungskabel;prodlužovačka;extension cord;core1000 A2_B1_Household_Tools_DIY
einfach;jednosměrný;one-way;core1000 A2_02_05_Transport_Education_Work_Appearance
Scheinwerfer;světlomet;headlight;core1000 A2_B1_Car_Driving_Transportation
Rücken;záda;back;core1000 A2_01_Health_and_Body
Ukraine;Ukrajina;Ukraine;core1000 A2_B1_Geography_Countries_Nationalities
Hamster;křeček;hamster;core1000 A2_Animals_Detailed
Ordner/Mappe;složka/desky;folder/binder;core1000 A2_B1_Office_and_Professional_Life
Ringen/Wrestling;zápas/wrestling;wrestling;core1000 A2_B1_Sports_and_Activities
Lehm/Ton;hlína/jíl;clay;core1000 A2_B1_Materials_Shapes_Quantities
Rahmen/Bilderrahmen;rám/rámeček;frame;core1000 A2_B1_Furniture_and_Home_Interior
probieren/kosten;ochutnat;to taste/try;core1000 A2_B1_Cooking_and_Kitchen
Trompete;trubka/trumpeta;trumpet;core1000 A2_B1_Music_Arts_Entertainment
Walnussbaum;ořešák/vlašský ořech;walnut tree;core1000 A2_B1_Plants_Trees_Landscape
Melone/Wassermelone;meloun;melon/watermelon;core1000 A2_Food_Extended_Fruits_Vegetables_Dishes
schlucken;polykat;to swallow;core1000 A2_B1_Verbs_of_Daily_Life
Badeanzug/Badehose;plavky;swimsuit;core1000 A2_Clothes_and_Fashion
Donner;hrom;thunder;core1000 A2_B1_Weather_Extended
Nervensystem;nervový systém;nervous system;core1000 A2_B1_Body_Extended_and_Medical
Mülleimer;koš/koš na odpadky;trash bin;core1000 A2_B1_Household_Tools_DIY
Rückfahrt;zpáteční;return;core1000 A2_02_05_Transport_Education_Work_Appearance
Scheibenwischer;stěrač;windshield wiper;core1000 A2_B1_Car_Driving_Transportation
Bauch;břicho;belly;core1000 A2_01_Health_and_Body
Russland;Rusko;Russia;core1000 A2_B1_Geography_Countries_Nationalities
Papagei;papoušek;parrot;core1000 A2_Animals_Detailed
Umschlag/Kuvert;obálka;envelope;core1000 A2_B1_Office_and_Professional_Life
Schach;šachy;chess;core1000 A2_B1_Sports_and_Activities
Schwägerin;švagrová;sister-in-law;core1000 A2_B1_Family_Extended_and_Life_Events
Sand;písek;sand;core1000 A2_B1_Materials_Shapes_Quantities
Kamin;krb/kamin;fireplace;core1000 A2_B1_Furniture_and_Home_Interior
Mehl;mouka;flour;core1000 A2_B1_Cooking_and_Kitchen
Blume;květina;flower;core1000 A2_B1_Plants_Trees_Landscape
Kartoffel;brambora/brambory;potato;core1000 A2_Food_Extended_Fruits_Vegetables_Dishes
lecken;lízat;to lick;core1000 A2_B1_Verbs_of_Daily_Life
Tanz;tanec;dance;core1000 A2_06_10_House_Culture_Nature_Services_Narration
Schuhe;boty;shoes;core1000 A2_Clothes_and_Fashion
Regenbogen;duha;rainbow;core1000 A2_B1_Weather_Extended
Stirn;čelo;forehead;core1000 A2_B1_Body_Extended_and_Medical
Hammer;kladivo;hammer;core1000 A2_B1_Household_Tools_DIY
fahren/lenken;řídit;to drive;core1000 A2_B1_Car_Driving_Transportation
Frankreich;Francie;France;core1000 A2_B1_Geography_Countries_Nationalities
Wolf;vlk;wolf;core1000 A2_Animals_Detailed
Stempel;razítko;stamp/seal;core1000 A2_B1_Office_and_Professional_Life
Geburt;narození;birth;core1000 A2_B1_Family_Extended_and_Life_Events
Kreis;kruh/kolo;circle;core1000 A2_B1_Materials_Shapes_Quantities
Zucker;cukr;sugar;core1000 A2_B1_Cooking_and_Kitchen
Regisseur;režisér;director;core1000 A2_B1_Music_Arts_Entertainment
Rose;růže;rose;core1000 A2_B1_Plants_Trees_Landscape
pusten/blasen;foukat;to blow;core1000 A2_B1_Verbs_of_Daily_Life
Bild/Gemälde;obraz;picture/painting;core1000 A2_06_10_House_Culture_Nature_Services_Narration
Turnschuhe/Sneaker;tenisky;sneakers;core1000 A2_Clothes_and_Fashion
Hagel;krupobití;hail;core1000 A2_B1_Weather_Extended
Augenbrauen;obočí;eyebrows;core1000 A2_B1_Body_Extended_and_Medical
Schraubenzieher;šroubovák;screwdriver;core1000 A2_B1_Household_Tools_DIY
Klasse;třída;class;core1000 A2_02_05_Transport_Education_Work_Appearance
starten/anlassen;nastartovat;to start (engine);core1000 A2_B1_Car_Driving_Transportation
Blut;krev;blood;core1000 A2_01_Health_and_Body
Spanien;Španělsko;Spain;core1000 A2_B1_Geography_Countries_Nationalities
Bär;medvěd;bear;core1000 A2_Animals_Detailed
Büroklammern;kancelářské sponky;paper clips;core1000 A2_B1_Office_and_Professional_Life
Neugeborenes;novorozenec;newborn;core1000 A2_B1_Family_Extended_and_Life_Events
Quadrat;čtverec;square;core1000 A2_B1_Materials_Shapes_Quantities
Matratze;matrace;mattress;core1000 A2_B1_Furniture_and_Home_Interior
Salz;sůl;salt;core1000 A2_B1_Cooking_and_Kitchen
Schauspieler/in;herec/herečka;actor/actress;core1000 A2_B1_Music_Arts_Entertainment
Tulpe;tulipán;tulip;core1000 A2_B1_Plants_Trees_Landscape
Gurke;okurka;cucumber;core1000 A2_Food_Extended_Fruits_Vegetables_Dishes
Sandalen;sandály;sandals;core1000 A2_Clothes_and_Fashion
Schneesturm;vánice/sněhová bouře;blizzard;core1000 A2_B1_Weather_Extended
Wimper;řasa;eyelash;core1000 A2_B1_Body_Extended_and_Medical
Zange;kleště;pliers;core1000 A2_B1_Household_Tools_DIY
Lehrbuch;učebnice;textbook;core1000 A2_02_05_Transport_Education_Work_Appearance
beschleunigen;zrychlit;to accelerate;core1000 A2_B1_Car_Driving_Transportation
Knochen;kost;bone;core1000 A2_01_Health_and_Body
Italien;Itálie;Italy;core1000 A2_B1_Geography_Countries_Nationalities
Fuchs;liška;fox;core1000 A2_Animals_Detailed
Radiergummi;guma (na mazání);eraser;core1000 A2_B1_Office_and_Professional_Life
Säugling;kojenec;infant;core1000 A2_B1_Family_Extended_and_Life_Events
Rechteck;obdélník;rectangle;core1000 A2_B1_Materials_Shapes_Quantities
Pfeffer;pepř;pepper;core1000 A2_B1_Cooking_and_Kitchen
Drehbuch;scénář;screenplay;core1000 A2_B1_Music_Arts_Entertainment
Sonnenblume;slunečnice;sunflower;core1000 A2_B1_Plants_Trees_Landscape
Paprika;paprika;pepper (bell);core1000 A2_Food_Extended_Fruits_Vegetables_Dishes
Zeitung;noviny;newspaper;core1000 A2_06_10_House_Culture_Nature_Services_Narration
Socken;ponožky;socks;core1000 A2_Clothes_and_Fashion
Überschwemmung/Hochwasser;povodeň/záplava;flood;core1000 A2_B1_Weather_Extended
Augenlid;víčko;eyelid;core1000 A2_B1_Body_Extended_and_Medical
Schraube;šroub;screw;core1000 A2_B1_Household_Tools_DIY
Heft;sešit;notebook;core1000 A2_02_05_Transport_Education_Work_Appearance
bremsen/langsamer fahren;zpomalit;to slow down;core1000 A2_B1_Car_Driving_Transportation
Haut;kůže;skin;core1000 A2_01_Health_and_Body
Großbritannien;Velká Británie;Great Britain;core1000 A2_B1_Geography_Countries_Nationalities
Hirsch;jelen;deer/stag;core1000 A2_Animals_Detailed
Lineal;pravítko;ruler;core1000 A2_B1_Office_and_Professional_Life
unentschieden spielen;remizovat;to draw/tie;core1000 A2_B1_Sports_and_Activities
Kleinkind;batole;toddler;core1000 A2_B1_Family_Extended_and_Life_Events
Dreieck;trojúhelník;triangle;core1000 A2_B1_Materials_Shapes_Quantities
Bettdecke/Zudecke;přikrývka/deka;duvet/blanket;core1000 A2_B1_Furniture_and_Home_Interior
Öl;olej;oil;core1000 A2_B1_Cooking_and_Kitchen
Szene;scéna;scene;core1000 A2_B1_Music_Arts_Entertainment
Gänseblümchen;sedmikráska;daisy;core1000 A2_B1_Plants_Trees_Landscape
Karotte/Möhre;mrkev;carrot;core1000 A2_Food_Extended_Fruits_Vegetables_Dishes
Zeitschrift;časopis;magazine;core1000 A2_06_10_House_Culture_Nature_Services_Narration
Strumpfhose;punčochy;tights/stockings;core1000 A2_Clothes_and_Fashion
Dürre/Trockenheit;sucho;drought;core1000 A2_B1_Weather_Extended
Nagel;hřebík;nail;core1000 A2_B1_Household_Tools_DIY
Bleistift;tužka;pencil;core1000 A2_02_05_Transport_Education_Work_Appearance
anhalten;zastavit;to stop;core1000 A2_B1_Car_Driving_Transportation
Vereinigte Staaten;Spojené státy;United States;core1000 A2_B1_Geography_Countries_Nationalities
Hase;zajíc;hare;core1000 A2_Animals_Detailed
Taschenrechner;kalkulačka;calculator;core1000 A2_B1_Office_and_Professional_Life
trainieren;trénovat;to train;core1000 A2_B1_Sports_and_Activities
Kindheit;dětství;childhood;core1000 A2_B1_Family_Extended_and_Life_Events
Stern;hvězda;star;core1000 A2_B1_Materials_Shapes_Quantities
Bettlaken/Betttuch;prostěradlo;bed sheet;core1000 A2_B1_Furniture_and_Home_Interior
Essig;ocet;vinegar;core1000 A2_B1_Cooking_and_Kitchen
Premiere;premiéra;premiere;core1000 A2_B1_Music_Arts_Entertainment
Veilchen;fialka;violet;core1000 A2_B1_Plants_Trees_Landscape
Nachrichten;zprávy;news;core1000 A2_06_10_House_Culture_Nature_Services_Narration
Mütze;čepice;hat/cap;core1000 A2_Clothes_and_Fashion
Kinn;brada;chin;core1000 A2_B1_Body_Extended_and_Medical
Säge;pila;saw;core1000 A2_B1_Household_Tools_DIY
Kugelschreiber;pero;pen;core1000 A2_02_05_Transport_Education_Work_Appearance
parken;parkovat;to park;core1000 A2_B1_Car_Driving_Transportation
Gesundheit;zdraví;health;core1000 A2_01_Health_and_Body
Tscheche/Tschechin;Čech/Češka;;core1000 A2_B1_Geography_Countries_Nationalities
Eichhörnchen;veverka;squirrel;core1000 A2_Animals_Detailed
Besprechung/Meeting;schůzka/porada;meeting;core1000 A2_B1_Office_and_Professional_Life
wettkämpfen;soutěžit;to compete;core1000 A2_B1_Sports_and_Activities
Pubertät/Jugend;dospívání/puberta;puberty/adolescence;core1000 A2_B1_Family_Extended_and_Life_Events
Kugel;koule;sphere/ball;core1000 A2_B1_Materials_Shapes_Quantities
Bettwäsche;povlečení;bedding;core1000 A2_B1_Furniture_and_Home_Interior
Hefe;droždí;yeast;core1000 A2_B1_Cooking_and_Kitchen
Untertitel;titulky;subtitles;core1000 A2_B1_Music_Arts_Entertainment
Maiglöckchen;konvalinka;lily of the valley;core1000 A2_B1_Plants_Trees_Landscape
Geschirr spülen/abwaschen;mýt nádobí;to wash dishes;core1000 A2_B1_Verbs_of_Daily_Life
Werbung;reklama;advertisement;core1000 A2_06_10_House_Culture_Nature_Services_Narration
Hut;klobouk;hat (brimmed);core1000 A2_Clothes_and_Fashion
Brise;vánek/větřík;breeze;core1000 A2_B1_Weather_Extended
Kiefer;čelist;jaw;core1000 A2_B1_Body_Extended_and_Medical
Bohrmaschine;vrtačka;drill;core1000 A2_B1_Household_Tools_DIY
Tafel;tabule;blackboard;core1000 A2_02_05_Transport_Education_Work_Appearance
rückwärts fahren;couvat;to reverse;core1000 A2_B1_Car_Driving_Transportation
Krankheit;nemoc;illness;core1000 A2_01_Health_and_Body
Pole/Polin;Polák/Polka;;core1000 A2_B1_Geography_Countries_Nationalities
Igel;ježek;hedgehog;core1000 A2_Animals_Detailed
Konferenz;konference;conference;core1000 A2_B1_Office_and_Professional_Life
Tor/Treffer;skóre/gól;goal/score;core1000 A2_B1_Sports_and_Activities
Teenager/Jugendlicher;teenager/mladistvý;teenager;core1000 A2_B1_Family_Extended_and_Life_Events
Zylinder;válec;cylinder;core1000 A2_B1_Materials_Shapes_Quantities
Nachttisch;noční stolek;nightstand;core1000 A2_B1_Furniture_and_Home_Interior
Gewürze;koření;spices;core1000 A2_B1_Cooking_and_Kitchen
Synchronisation;dabing;dubbing;core1000 A2_B1_Music_Arts_Entertainment
Chrysantheme;chryzantéma;chrysanthemum;core1000 A2_B1_Plants_Trees_Landscape
Kohl;zelí;cabbage;core1000 A2_Food_Extended_Fruits_Vegetables_Dishes
abtrocknen/abwischen;utírat;to wipe/dry;core1000 A2_B1_Verbs_of_Daily_Life
Schal;šála/šátek;scarf;core1000 A2_Clothes_and_Fashion
Sturm;vichřice/vichr;storm;core1000 A2_B1_Weather_Extended
Lippe/Lippen;ret/rty;lip/lips;core1000 A2_B1_Body_Extended_and_Medical
Maßband/Zollstock;měřidlo/metr;tape measure;core1000 A2_B1_Household_Tools_DIY
Prüfung/Examen;zkouška;exam;core2000 A2_02_05_Transport_Education_Work_Appearance
überholen;předjíždět;to overtake;core2000 A2_B1_Car_Driving_Transportation
Schmerz;bolest;pain;core2000 A2_01_Health_and_Body
Deutscher/Deutsche;Němec/Němka;;core2000 A2_B1_Geography_Countries_Nationalities
Schlange;had;snake;core2000 A2_Animals_Detailed
Präsentation;prezentace;presentation;core2000 A2_B1_Office_and_Professional_Life
foulen;faulovat;to foul;core2000 A2_B1_Sports_and_Activities
Erwachsensein;dospělost;adulthood;core2000 A2_B1_Family_Extended_and_Life_Events
Kegel;kužel;cone;core2000 A2_B1_Materials_Shapes_Quantities
Kleiderschrank;šatní skříň;wardrobe;core2000 A2_B1_Furniture_and_Home_Interior
Animationsfilm;animovaný film;animated film;core2000 A2_B1_Music_Arts_Entertainment
Orchidee;orchidej;orchid;core2000 A2_B1_Plants_Trees_Landscape
Blumenkohl;květák;cauliflower;core2000 A2_Food_Extended_Fruits_Vegetables_Dishes
kehren/fegen;zametat;to sweep;core2000 A2_B1_Verbs_of_Daily_Life
Handschuhe;rukavice;gloves;core2000 A2_Clothes_and_Fashion
Tornado;tornádo;tornado;core2000 A2_B1_Weather_Extended
Zahnfleisch;dáseň;gum;core2000 A2_B1_Body_Extended_and_Medical
Seil/Schnur;provaz/lano;rope/string;core2000 A2_B1_Household_Tools_DIY
Note;známka;grade;core2000 A2_02_05_Transport_Education_Work_Appearance
abbiegen;odbočit;to turn;core2000 A2_B1_Car_Driving_Transportation
Fieber;horečka;fever;core2000 A2_01_Health_and_Body
Russe/Russin;Rus/Ruska;;core2000 A2_B1_Geography_Countries_Nationalities
Frosch;žába;frog;core2000 A2_Animals_Detailed
Tagesordnung;agenda/program;agenda;core2000 A2_B1_Office_and_Professional_Life
Schiedsrichter;rozhodčí;referee;core2000 A2_B1_Sports_and_Activities
Alter;stáří;old age;core2000 A2_B1_Family_Extended_and_Life_Events
Linie/Strich;přímka/čára;line;core2000 A2_B1_Materials_Shapes_Quantities
Schublade;šuplík;drawer;core2000 A2_B1_Furniture_and_Home_Interior
Petersilie;petržel;parsley;core2000 A2_B1_Cooking_and_Kitchen
Dokumentar-;dokumentární;documentary;core2000 A2_B1_Music_Arts_Entertainment
Brennnessel;kopřiva;nettle;core2000 A2_B1_Plants_Trees_Landscape
Brokkoli;brokolice;broccoli;core2000 A2_Food_Extended_Fruits_Vegetables_Dishes
staubsaugen;vysávat;to vacuum;core2000 A2_B1_Verbs_of_Daily_Life
Einladung;pozvání/pozvánka;invitation;core2000 A2_06_10_House_Culture_Nature_Services_Narration
Gürtel;pásek/opasek;belt;core2000 A2_Clothes_and_Fashion
Hurrikan;hurikán;hurricane;core2000 A2_B1_Weather_Extended
Hals/Kehle;hrdlo;throat;core2000 A2_B1_Body_Extended_and_Medical
Kleber/Leim;lepidlo;glue;core2000 A2_B1_Household_Tools_DIY
Hausaufgabe;domácí úkol;homework;core2000 A2_02_05_Transport_Education_Work_Appearance
Vorfahrt gewähren;dát přednost;to give way/yield;core2000 A2_B1_Car_Driving_Transportation
Husten;kašel;cough;core2000 A2_01_Health_and_Body
Franzose/Französin;Francouz/Francouzka;;core2000 A2_B1_Geography_Countries_Nationalities
Maus;myš;mouse;core2000 A2_Animals_Detailed
Protokoll;zápis (z porady);minutes;core2000 A2_B1_Office_and_Professional_Life
Spielfeld/Platz;hřiště;field/pitch;core2000 A2_B1_Sports_and_Activities
Punkt;bod;point/dot;core2000 A2_B1_Materials_Shapes_Quantities
Thriller;thriller;thriller;core2000 A2_B1_Music_Arts_Entertainment
Löwenzahn;pampeliška;dandelion;core2000 A2_B1_Plants_Trees_Landscape
Spinat;špenát;spinach;core2000 A2_Food_Extended_Fruits_Vegetables_Dishes
wischen/aufwischen;vytírat (podlahu);to mop;core2000 A2_B1_Verbs_of_Daily_Life
Wald;les;forest;core2000 A2_06_10_House_Culture_Nature_Services_Narration
Tasche/Handtasche;kabelka/taška;bag/purse;core2000 A2_Clothes_and_Fashion
Taifun;tajfun;typhoon;core2000 A2_B1_Weather_Extended
Klebeband;páska (lepicí);tape;core2000 A2_B1_Household_Tools_DIY
Fach/Unterrichtsfach;předmět;subject;core2000 A2_02_05_Transport_Education_Work_Appearance
Straße;silnice/cesta;road;core2000 A2_B1_Car_Driving_Transportation
Schnupfen;rýma;cold/runny nose;core2000 A2_01_Health_and_Body
Engländer/in;Angličan/Angličanka;;core2000 A2_B1_Geography_Countries_Nationalities
Ratte;krysa;rat;core2000 A2_Animals_Detailed
E-Mail/Nachricht;e-mail/zpráva;email/message;core2000 A2_B1_Office_and_Professional_Life
Stadion;stadion;stadium;core2000 A2_B1_Sports_and_Activities
Winkel;úhel;angle/corner;core2000 A2_B1_Materials_Shapes_Quantities
Wecker;budík;alarm clock;core2000 A2_B1_Furniture_and_Home_Interior
Pilz;houba;mushroom;core2000 A2_B1_Cooking_and_Kitchen
Komödie;komedie;comedy;core2000 A2_B1_Music_Arts_Entertainment
Mohn;mák;poppy;core2000 A2_B1_Plants_Trees_Landscape
Bohne;fazole;bean;core2000 A2_Food_Extended_Fruits_Vegetables_Dishes
Wäsche waschen;prát (prádlo);to do laundry;core2000 A2_B1_Verbs_of_Daily_Life
Berg;hora;mountain;core2000 A2_06_10_House_Culture_Nature_Services_Narration
Geldbörse/Portemonnaie;peněženka;wallet;core2000 A2_Clothes_and_Fashion
windig;větrný;windy;core2000 A2_B1_Weather_Extended
Arm/Oberarm;paže;upper arm;core2000 A2_B1_Body_Extended_and_Medical
Farbe;barva (na malování);paint;core2000 A2_B1_Household_Tools_DIY
Autobahn;dálnice;highway/motorway;core2000 A2_B1_Car_Driving_Transportation
Medikament;lék/léčivo;medicine/drug;core2000 A2_01_Health_and_Body
Amerikaner/in;Američan/ka;;core2000 A2_B1_Geography_Countries_Nationalities
Löwe;lev;lion;core2000 A2_Animals_Detailed
Anhang/Anlage;příloha;attachment;core2000 A2_B1_Office_and_Professional_Life
aufwachsen;vyrůstat;to grow up;core2000 A2_B1_Family_Extended_and_Life_Events
gerade/parallel;rovný/rovnoběžný;straight/parallel;core2000 A2_B1_Materials_Shapes_Quantities
Kleiderbügel/Haken;věšák;hanger/hook;core2000 A2_B1_Furniture_and_Home_Interior
Nuss;ořech;nut;core2000 A2_B1_Cooking_and_Kitchen
Horror;horor;horror;core2000 A2_B1_Music_Arts_Entertainment
Strauch/Busch;keř/křoví;bush/shrub;core2000 A2_B1_Plants_Trees_Landscape
Erbse;hrách;pea;core2000 A2_Food_Extended_Fruits_Vegetables_Dishes
aufhängen;věšet (prádlo);to hang (laundry);core2000 A2_B1_Verbs_of_Daily_Life
Fluss;řeka;river;core2000 A2_06_10_House_Culture_Nature_Services_Narration
Uhr/Armbanduhr;hodinky;watch;core2000 A2_Clothes_and_Fashion
windstill;bezvětří;calm (no wind);core2000 A2_B1_Weather_Extended
Ellbogen;loket;elbow;core2000 A2_B1_Body_Extended_and_Medical
Pinsel;štětec (malířský);paintbrush;core2000 A2_B1_Household_Tools_DIY
Geschichte;dějepis;history;core2000 A2_02_05_Transport_Education_Work_Appearance
Kreuzung;křižovatka;intersection/crossroads;core2000 A2_B1_Car_Driving_Transportation
Apotheke;lékárna;pharmacy;core2000 A2_01_Health_and_Body
Italiener/in;Ital/ka;;core2000 A2_B1_Geography_Countries_Nationalities
Tiger;tygr;tiger;core2000 A2_Animals_Detailed
Signatur;podpis (e-mailový);signature (email);core2000 A2_B1_Office_and_Professional_Life
Meisterschaft;mistrovství;championship;core2000 A2_B1_Sports_and_Activities
zur Schule gehen;chodit do školy;to go to school;core2000 A2_B1_Family_Extended_and_Life_Events
rund;kulatý/oblý;round;core2000 A2_B1_Materials_Shapes_Quantities
Kleiderbügel;ramínko;clothes hanger;core2000 A2_B1_Furniture_and_Home_Interior
Honig;med;honey;core2000 A2_B1_Cooking_and_Kitchen
Science-Fiction;sci-fi;sci-fi;core2000 A2_B1_Music_Arts_Entertainment
Gras;tráva;grass;core2000 A2_B1_Plants_Trees_Landscape
Linse;čočka;lentil;core2000 A2_Food_Extended_Fruits_Vegetables_Dishes
bügeln;žehlit;to iron;core2000 A2_B1_Verbs_of_Daily_Life
See;jezero;lake;core2000 A2_06_10_House_Culture_Nature_Services_Narration
Halskette;náhrdelník;necklace;core2000 A2_Clothes_and_Fashion
Unterarm;předloktí;forearm;core2000 A2_B1_Body_Extended_and_Medical
Leiter;žebřík;ladder;core2000 A2_B1_Household_Tools_DIY
Geografie/Erdkunde;zeměpis;geography;core2000 A2_02_05_Transport_Education_Work_Appearance
Kreisverkehr;kruhový objezd;roundabout;core2000 A2_B1_Car_Driving_Transportation
ich habe Kopfschmerzen;bolí mě hlava;I have a headache;core2000 A2_01_Health_and_Body
Spanier/in;Španěl/ka;;core2000 A2_B1_Geography_Countries_Nationalities
Elefant;slon;elephant;core2000 A2_Animals_Detailed
Telefonat/Anruf;telefonát;phone call;core2000 A2_B1_Office_and_Professional_Life
Medaille;medaile;medal;core2000 A2_B1_Sports_and_Activities
das Studium abschließen;absolvovat/vystudovat;to graduate;core2000 A2_B1_Family_Extended_and_Life_Events
eckig;hranatý;angular;core2000 A2_B1_Materials_Shapes_Quantities
Badewanne;vana;bathtub;core2000 A2_B1_Furniture_and_Home_Interior
Sahne;smetana;cream/sour cream;core2000 A2_B1_Cooking_and_Kitchen
romantisch;romantický;romantic;core2000 A2_B1_Music_Arts_Entertainment
Moos;mech;moss;core2000 A2_B1_Plants_Trees_Landscape
Rote Bete/Rübe;řepa;beet;core2000 A2_Food_Extended_Fruits_Vegetables_Dishes
zusammenlegen/falten;skládat (prádlo);to fold (laundry);core2000 A2_B1_Verbs_of_Daily_Life
Meer/See;moře;sea;core2000 A2_06_10_House_Culture_Nature_Services_Narration
Ring;prsten;ring;core2000 A2_Clothes_and_Fashion
Handgelenk;zápěstí;wrist;core2000 A2_B1_Body_Extended_and_Medical
Schlüssel;klíč;key/wrench;core2000 A2_B1_Household_Tools_DIY
Biologie/Naturkunde;přírodopis;biology/nature;core2000 A2_02_05_Transport_Education_Work_Appearance
Ampel;semafor;traffic light;core2000 A2_B1_Car_Driving_Transportation
ich bin krank;jsem nemocný/á;I am sick;core2000 A2_01_Health_and_Body
Kontinent;kontinent/světadíl;continent;core2000 A2_B1_Geography_Countries_Nationalities
Affe;opice;monkey/ape;core2000 A2_Animals_Detailed
Mailbox/Anrufbeantworter;hlasová schránka;voicemail;core2000 A2_B1_Office_and_Professional_Life
Rekord;rekord;record;core2000 A2_B1_Sports_and_Activities
eine Arbeit aufnehmen;nastoupit do práce;to start a job;core2000 A2_B1_Family_Extended_and_Life_Events
flach;plochý/rovný;flat;core2000 A2_B1_Materials_Shapes_Quantities
Dusche;sprcha/sprchový kout;shower;core2000 A2_B1_Furniture_and_Home_Interior
Topf;hrnec;pot;core2000 A2_B1_Cooking_and_Kitchen
Malerei;malba;painting (art);core2000 A2_B1_Music_Arts_Entertainment
Wurzel;kořen;root;core2000 A2_B1_Plants_Trees_Landscape
Staub wischen;luxovat/utírat prach;to dust;core2000 A2_B1_Verbs_of_Daily_Life
Insel;ostrov;island;core2000 A2_06_10_House_Culture_Nature_Services_Narration
Unterwäsche;spodní prádlo;underwear;core2000 A2_Clothes_and_Fashion
angenehm;příjemně;pleasant;core2000 A2_B1_Weather_Extended
Handfläche;dlaň;palm;core2000 A2_B1_Body_Extended_and_Medical
Verkehrszeichen/Schild;značka (dopravní);road sign;core2000 A2_B1_Car_Driving_Transportation
Ozean;oceán;ocean;core2000 A2_B1_Geography_Countries_Nationalities
Giraffe;žirafa;giraffe;core2000 A2_Animals_Detailed
planen;plánovat;to plan;core2000 A2_B1_Office_and_Professional_Life
Fitnessstudio;posilovna;gym;core2000 A2_B1_Sports_and_Activities
selbstständig werden;osamostatnit se;to become independent;core2000 A2_B1_Family_Extended_and_Life_Events
Menge;množství;quantity/amount;core2000 A2_B1_Materials_Shapes_Quantities
Waschbecken;umyvadlo;sink/washbasin;core2000 A2_B1_Furniture_and_Home_Interior
Pfanne;pánev;frying pan;core2000 A2_B1_Cooking_and_Kitchen
Zeichnung;kresba;drawing;core2000 A2_B1_Music_Arts_Entertainment
Stamm;kmen;trunk;core2000 A2_B1_Plants_Trees_Landscape
Salat;salát;salad;core2000 A2_Food_Extended_Fruits_Vegetables_Dishes
den Müll rausbringen;vynášet odpadky;to take out trash;core2000 A2_B1_Verbs_of_Daily_Life
Feld;pole;field;core2000 A2_06_10_House_Culture_Nature_Services_Narration
Boxershorts/Slip;trenky/slipy;boxer shorts/briefs;core2000 A2_Clothes_and_Fashion
kühl;chladno;cool;core2000 A2_B1_Weather_Extended
Daumen;palec;thumb;core2000 A2_B1_Body_Extended_and_Medical
waschen/spülen;mýt/umýt;to wash;core2000 A2_B1_Household_Tools_DIY
Beschäftigung;zaměstnání;employment;core2000 A2_02_05_Transport_Education_Work_Appearance
Zebrastreifen/Fußgängerüberweg;přechod pro chodce;pedestrian crossing;core2000 A2_B1_Car_Driving_Transportation
Halbinsel;poloostrov;peninsula;core2000 A2_B1_Geography_Countries_Nationalities
Wal;velryba;whale;core2000 A2_Animals_Detailed
organisieren;organizovat;to organize;core2000 A2_B1_Office_and_Professional_Life
üben/trainieren;cvičit;to exercise;core2000 A2_B1_Sports_and_Activities
sich verloben;zasnoubit se;to get engaged;core2000 A2_B1_Family_Extended_and_Life_Events
Anzahl/Zahl;počet;number/count;core2000 A2_B1_Materials_Shapes_Quantities
Backblech;pekáč;baking tray;core2000 A2_B1_Cooking_and_Kitchen
Skulptur;socha;sculpture;core2000 A2_B1_Music_Arts_Entertainment
Ast/Zweig;větev;branch;core2000 A2_B1_Plants_Trees_Landscape
Sandwich/belegtes Brot;sendvič/chlebíček;sandwich;core2000 A2_Food_Extended_Fruits_Vegetables_Dishes
einkaufen;nakupovat;to shop/buy groceries;core2000 A2_B1_Verbs_of_Daily_Life
Wiese;louka;meadow;core2000 A2_06_10_House_Culture_Nature_Services_Narration
BH (Büstenhalter);podprsenka;bra;core2000 A2_Clothes_and_Fashion
Zeigefinger;ukazováček;index finger;core2000 A2_B1_Body_Extended_and_Medical
wischen;vytírat;to wipe/mop;core2000 A2_B1_Household_Tools_DIY
Geschwindigkeitsbegrenzung;rychlostní omezení;speed limit;core2000 A2_B1_Car_Driving_Transportation
Meerenge/Straße;průliv;strait;core2000 A2_B1_Geography_Countries_Nationalities
Delfin;delfín;dolphin;core2000 A2_Animals_Detailed
delegieren;delegovat;to delegate;core2000 A2_B1_Office_and_Professional_Life
sich dehnen;protahovat se;to stretch;core2000 A2_B1_Sports_and_Activities
heiraten;oženit se/vdát se;to get married;core2000 A2_B1_Family_Extended_and_Life_Events
Hälfte;polovina/půlka;half;core2000 A2_B1_Materials_Shapes_Quantities
Schüssel;mísa;bowl;core2000 A2_B1_Cooking_and_Kitchen
Fotografie;fotografie;photography;core2000 A2_B1_Music_Arts_Entertainment
Blatt;list;leaf;core2000 A2_B1_Plants_Trees_Landscape
Nudeln/Pasta;těstoviny;pasta;core2000 A2_Food_Extended_Fruits_Vegetables_Dishes
(Blumen) gießen;zalévat (květiny);to water (plants);core2000 A2_B1_Verbs_of_Daily_Life
Knopf;knoflík;button;core2000 A2_Clothes_and_Fashion
es friert;mrzne;it's freezing;core2000 A2_B1_Weather_Extended
Mittelfinger;prostředníček;middle finger;core2000 A2_B1_Body_Extended_and_Medical
Chef;šéf;boss;core2000 A2_02_05_Transport_Education_Work_Appearance
Stau;dopravní zácpa;traffic jam;core2000 A2_B1_Car_Driving_Transportation
Bucht/Golf;záliv;bay/gulf;core2000 A2_B1_Geography_Countries_Nationalities
Hai;žralok;shark;core2000 A2_Animals_Detailed
koordinieren;koordinovat;to coordinate;core2000 A2_B1_Office_and_Professional_Life
Kniebeuge;dřep;squat;core2000 A2_B1_Sports_and_Activities
Drittel;třetina;third;core2000 A2_B1_Materials_Shapes_Quantities
Trockner;sušička;dryer;core2000 A2_B1_Furniture_and_Home_Interior
Kochlöffel;vařečka;wooden spoon;core2000 A2_B1_Cooking_and_Kitchen
Leinwand;plátno;canvas;core2000 A2_B1_Music_Arts_Entertainment
Blüte/Knospe;květ/poupě;blossom/bud;core2000 A2_B1_Plants_Trees_Landscape
Knödel;knedlíky;dumplings;core2000 A2_Food_Extended_Fruits_Vegetables_Dishes
füttern;krmit;to feed;core2000 A2_B1_Verbs_of_Daily_Life
Reißverschluss;zip;zipper;core2000 A2_Clothes_and_Fashion
feucht/schwül;vlhko;humid;core2000 A2_B1_Weather_Extended
Ringfinger;prsteníček;ring finger;core2000 A2_B1_Body_Extended_and_Medical
Kollege;kolega;colleague;core2000 A2_02_05_Transport_Education_Work_Appearance
Umleitung;objížďka;detour;core2000 A2_B1_Car_Driving_Transportation
Wüste;poušť;desert;core2000 A2_B1_Geography_Countries_Nationalities
Krokodil;krokodýl;crocodile;core2000 A2_Animals_Detailed
zusammenarbeiten/kooperieren;spolupracovat;to collaborate;core2000 A2_B1_Office_and_Professional_Life
Liegestütz;klik;push-up;core2000 A2_B1_Sports_and_Activities
gebären/entbinden;porodit;to give birth;core2000 A2_B1_Family_Extended_and_Life_Events
Viertel;čtvrtina;quarter;core2000 A2_B1_Materials_Shapes_Quantities
Wäschekorb;koš na prádlo;laundry basket;core2000 A2_B1_Furniture_and_Home_Interior
Reibe;struhadlo;grater;core2000 A2_B1_Cooking_and_Kitchen
Pinsel;štětec;paintbrush;core2000 A2_B1_Music_Arts_Entertainment
Frucht;plod/ovoce;fruit;core2000 A2_B1_Plants_Trees_Landscape
Pfannkuchen/Crêpe;palačinka;pancake/crêpe;core2000 A2_Food_Extended_Fruits_Vegetables_Dishes
schwül;dusno;muggy/stuffy;core2000 A2_B1_Weather_Extended
kleiner Finger;malíček;little finger;core2000 A2_B1_Body_Extended_and_Medical
Gehalt/Lohn;plat/mzda;salary;core2000 A2_02_05_Transport_Education_Work_Appearance
Unfall;nehoda;accident;core2000 A2_B1_Car_Driving_Transportation
Dschungel/Urwald;džungle/prales;jungle;core2000 A2_B1_Geography_Countries_Nationalities
Vogel;pták;bird;core2000 A2_Animals_Detailed
konsultieren/beraten;konzultovat;to consult;core2000 A2_B1_Office_and_Professional_Life
Laufband;běhání na pásu;treadmill;core2000 A2_B1_Sports_and_Activities
erziehen;vychovávat;to raise/bring up;core2000 A2_B1_Family_Extended_and_Life_Events
Doppelte;dvojnásobek;double;core2000 A2_B1_Materials_Shapes_Quantities
Sieb;cedník;colander;core2000 A2_B1_Cooking_and_Kitchen
Farbe;barva;color/paint;core2000 A2_B1_Music_Arts_Entertainment
Samen/Korn;semeno/semínko;seed;core2000 A2_B1_Plants_Trees_Landscape
Kartoffelpuffer;bramborák;potato pancake;core2000 A2_Food_Extended_Fruits_Vegetables_Dishes
Stein;kámen;stone;core2000 A2_06_10_House_Culture_Nature_Services_Narration
sich ausziehen;svlékat se;to undress;core2000 A2_Clothes_and_Fashion
schwül;parno;sultry;core2000 A2_B1_Weather_Extended
Fingernagel;nehet;fingernail;core2000 A2_B1_Body_Extended_and_Medical
aufhängen;věšet;to hang;core2000 A2_B1_Household_Tools_DIY
Urlaub;dovolená;vacation;core2000 A2_02_05_Transport_Education_Work_Appearance
Bußgeld/Strafzettel;pokuta (za rychlost);fine/ticket;core2000 A2_B1_Car_Driving_Transportation
Tal;údolí;valley;core2000 A2_B1_Geography_Countries_Nationalities
Adler;orel;eagle;core2000 A2_Animals_Detailed
verhandeln;vyjednávat;to negotiate;core2000 A2_B1_Office_and_Professional_Life
Hantel/Gewicht;závaží/činka;dumbbell/weight;core2000 A2_B1_Sports_and_Activities
sich scheiden lassen;rozvést se;to get divorced;core2000 A2_B1_Family_Extended_and_Life_Events
Dreifache;trojnásobek;triple;core2000 A2_B1_Materials_Shapes_Quantities
Badematte;koupelnová předložka;bath mat;core2000 A2_B1_Furniture_and_Home_Interior
Öffner;otvírák;opener;core2000 A2_B1_Cooking_and_Kitchen
Rinde;kůra;bark;core2000 A2_B1_Plants_Trees_Landscape
Schnitzel;řízek;schnitzel/cutlet;core2000 A2_Food_Extended_Fruits_Vegetables_Dishes
abschließen;zamknout (na klíč);to lock;core2000 A2_B1_Verbs_of_Daily_Life
anprobieren;zkoušet (oblečení);to try on;core2000 A2_Clothes_and_Fashion
glatt/rutschig;kluzko;slippery;core2000 A2_B1_Weather_Extended
Faust;pěst;fist;core2000 A2_B1_Body_Extended_and_Medical
Führerschein;řidičský průkaz;driver's license;core2000 A2_B1_Car_Driving_Transportation
Vulkan;sopka/vulkán;volcano;core2000 A2_B1_Geography_Countries_Nationalities
Falke;sokol;falcon;core2000 A2_Animals_Detailed
implementieren/umsetzen;implementovat/zavést;to implement;core2000 A2_B1_Office_and_Professional_Life
Ausdauer;vytrvalost;endurance;core2000 A2_B1_Sports_and_Activities
verwitwet werden;ovdovět;to become widowed;core2000 A2_B1_Family_Extended_and_Life_Events
Meter;metr;meter;core2000 A2_B1_Materials_Shapes_Quantities
Duschvorhang;sprchový závěs;shower curtain;core2000 A2_B1_Furniture_and_Home_Interior
Korkenzieher;vývrtka;corkscrew;core2000 A2_B1_Cooking_and_Kitchen
Sammlung/Kollektion;sbírka;collection;core2000 A2_B1_Music_Arts_Entertainment
Dorn/Stachel;trn/osten;thorn;core2000 A2_B1_Plants_Trees_Landscape
Gulasch;guláš;goulash;core2000 A2_Food_Extended_Fruits_Vegetables_Dishes
aufschließen;odemknout;to unlock;core2000 A2_B1_Verbs_of_Daily_Life
Luft;vzduch;air;core2000 A2_06_10_House_Culture_Nature_Services_Narration
tragen;nosit;to wear;core2000 A2_Clothes_and_Fashion
Himmel;nebe/obloha;sky;core2000 A2_B1_Weather_Extended
Kopfschmerzen;bolest hlavy;headache;core2000 A2_B1_Body_Extended_and_Medical
Ingenieur;inženýr;engineer;core2000 A2_02_05_Transport_Education_Work_Appearance
Benzin/Diesel;benzín/nafta;gasoline/diesel;core2000 A2_B1_Car_Driving_Transportation
Wasserfall;vodopád;waterfall;core2000 A2_B1_Geography_Countries_Nationalities
Eule;sova;owl;core2000 A2_Animals_Detailed
optimieren;optimalizovat;to optimize;core2000 A2_B1_Office_and_Professional_Life
in Rente gehen;odejít do důchodu;to retire;core2000 A2_B1_Family_Extended_and_Life_Events
Kilometer;kilometr;kilometer;core2000 A2_B1_Materials_Shapes_Quantities
Fliesen/Kacheln;dlaždice/kachličky;tiles;core2000 A2_B1_Furniture_and_Home_Interior
Schneidebrett;prkénko;cutting board;core2000 A2_B1_Cooking_and_Kitchen
Original/Kopie;originál/kopie;original/copy;core2000 A2_B1_Music_Arts_Entertainment
Pollen;pyl;pollen;core2000 A2_B1_Plants_Trees_Landscape
Braten;pečeně;roast;core2000 A2_Food_Extended_Fruits_Vegetables_Dishes
Feuer;oheň;fire;core2000 A2_06_10_House_Culture_Nature_Services_Narration
passen;padnout/sedět;to fit;core2000 A2_Clothes_and_Fashion
Zahnschmerzen;bolest zubů;toothache;core2000 A2_B1_Body_Extended_and_Medical
polieren;leštit;to polish;core2000 A2_B1_Household_Tools_DIY
Anwalt/Jurist;právník;lawyer;core2000 A2_02_05_Transport_Education_Work_Appearance
Tankstelle;čerpací stanice;gas station;core2000 A2_B1_Car_Driving_Transportation
Küste;pobřeží;coast;core2000 A2_B1_Geography_Countries_Nationalities
Krähe/Rabe;vrána/havran;crow/raven;core2000 A2_Animals_Detailed
überwachen/monitoren;monitorovat/sledovat;to monitor;core2000 A2_B1_Office_and_Professional_Life
Aufwärmen;rozcvička;warm-up;core2000 A2_B1_Sports_and_Activities
sterben;zemřít/umřít;to die;core2000 A2_B1_Family_Extended_and_Life_Events
Zentimeter;centimetr;centimeter;core2000 A2_B1_Materials_Shapes_Quantities
Abfluss;odtok;drain;core2000 A2_B1_Furniture_and_Home_Interior
lecker/schmackhaft;chutný;tasty/delicious;core2000 A2_B1_Cooking_and_Kitchen
Unterhaltung;zábava;entertainment;core2000 A2_B1_Music_Arts_Entertainment
Landschaft;krajina;landscape;core2000 A2_B1_Plants_Trees_Landscape
Eis/Eiscreme;zmrzlina;ice cream;core2000 A2_Food_Extended_Fruits_Vegetables_Dishes
Baumwolle;bavlna;cotton;core2000 A2_Clothes_and_Fashion
Halsschmerzen;bolest v krku;sore throat;core2000 A2_B1_Body_Extended_and_Medical
Buchhalter/in;účetní;accountant;core2000 A2_02_05_Transport_Education_Work_Appearance
öffentlicher Nahverkehr (ÖPNV);MHD/veřejná doprava;public transport;core2000 A2_B1_Car_Driving_Transportation
Grenze;hranice;border;core2000 A2_B1_Geography_Countries_Nationalities
Taube;holub;pigeon/dove;core2000 A2_Animals_Detailed
archivieren;archivovat;to archive;core2000 A2_B1_Office_and_Professional_Life
Beerdigung/Begräbnis;pohřeb;funeral;core2000 A2_B1_Family_Extended_and_Life_Events
Kilogramm;kilogram;kilogram;core2000 A2_B1_Materials_Shapes_Quantities
Küchenzeile;kuchyňská linka;kitchen cabinets;core2000 A2_B1_Furniture_and_Home_Interior
eklig/unappetitlich;nechutný;disgusting;core2000 A2_B1_Cooking_and_Kitchen
Spiel;hra (video);game;core2000 A2_B1_Music_Arts_Entertainment
Hügel;kopec/vrch;hill;core2000 A2_B1_Plants_Trees_Landscape
Kuchen/Torte;dort/koláč;cake;core2000 A2_Food_Extended_Fruits_Vegetables_Dishes
hochheben/aufheben;zvednout;to lift/pick up;core2000 A2_B1_Verbs_of_Daily_Life
Wolle;vlna;wool;core2000 A2_Clothes_and_Fashion
Schauer;přeháňka;shower;core2000 A2_B1_Weather_Extended
zerbrechen/kaputtmachen;rozbít;to break;core2000 A2_B1_Household_Tools_DIY
Programmierer;programátor;programmer;core2000 A2_02_05_Transport_Education_Work_Appearance
U-Bahn/Metro;metro;metro/subway;core2000 A2_B1_Car_Driving_Transportation
Hauptstadt;hlavní město;capital city;core2000 A2_B1_Geography_Countries_Nationalities
Schwalbe;vlaštovka;swallow;core2000 A2_Animals_Detailed
digitalisieren;digitalizovat;to digitize;core2000 A2_B1_Office_and_Professional_Life
Trauer;truchlení/smutek;mourning/grief;core2000 A2_B1_Family_Extended_and_Life_Events
Liter;litr;liter;core2000 A2_B1_Materials_Shapes_Quantities
Spüle/Spülbecken;dřez;kitchen sink;core2000 A2_B1_Furniture_and_Home_Interior
würzig/gewürzt;kořeněný;spicy (seasoned);core2000 A2_B1_Cooking_and_Kitchen
Wettbewerb;soutěž;competition;core2000 A2_B1_Music_Arts_Entertainment
Keks/Plätzchen;sušenka;cookie/biscuit;core2000 A2_Food_Extended_Fruits_Vegetables_Dishes
hinlegen;položit;to put down;core2000 A2_B1_Verbs_of_Daily_Life
Seide;hedvábí;silk;core2000 A2_Clothes_and_Fashion
Starkregen/Wolkenbruch;liják/průtrž;downpour;core2000 A2_B1_Weather_Extended
befestigen;připevnit;to attach/fasten;core2000 A2_B1_Household_Tools_DIY
Journalist;novinář;journalist;core2000 A2_02_05_Transport_Education_Work_Appearance
Einwohner/Bewohner;obyvatel;inhabitant;core2000 A2_B1_Geography_Countries_Nationalities
Storch;čáp;stork;core2000 A2_Animals_Detailed
automatisieren;automatizovat;to automate;core2000 A2_B1_Office_and_Professional_Life
Erbe/Erbschaft;dědictví;inheritance;core2000 A2_B1_Family_Extended_and_Life_Events
Wasserhahn;kohoutek/vodovodní baterie;faucet/tap;core2000 A2_B1_Furniture_and_Home_Interior
fade/geschmacklos;mdlý/nevýrazný;bland;core2000 A2_B1_Cooking_and_Kitchen
Festival;festival;festival;core2000 A2_B1_Music_Arts_Entertainment
Gipfel;vrchol/štít;summit/peak;core2000 A2_B1_Plants_Trees_Landscape
Schokolade;čokoláda;chocolate;core2000 A2_Food_Extended_Fruits_Vegetables_Dishes
aufhängen;pověsit;to hang (up);core2000 A2_B1_Verbs_of_Daily_Life
Nieselregen/Sprühregen;mrholení;drizzle;core2000 A2_B1_Weather_Extended
austauschen/wechseln;vyměnit;to replace;core2000 A2_B1_Household_Tools_DIY
Koch;kuchař;cook/chef;core2000 A2_02_05_Transport_Education_Work_Appearance
Bevölkerung;populace/obyvatelstvo;population;core2000 A2_B1_Geography_Countries_Nationalities
Schwan;labuť;swan;core2000 A2_Animals_Detailed
outsourcen/auslagern;outsourcovat;to outsource;core2000 A2_B1_Office_and_Professional_Life
Testament;závěť/testament;will/testament;core2000 A2_B1_Family_Extended_and_Life_Events
Prozent;procento;percent;core2000 A2_B1_Materials_Shapes_Quantities
knusprig;křupavý;crispy;core2000 A2_B1_Cooking_and_Kitchen
Zirkus;cirkus;circus;core2000 A2_B1_Music_Arts_Entertainment
Bonbon/Süßigkeit;bonbon/cukrátko;candy/sweet;core2000 A2_Food_Extended_Fruits_Vegetables_Dishes
abnehmen/herunternehmen;sundat/sejmout;to take down;core2000 A2_B1_Verbs_of_Daily_Life
Leinen;len;linen;core2000 A2_Clothes_and_Fashion
Schwindel;závratě;dizziness;core2000 A2_B1_Body_Extended_and_Medical
installieren;nainstalovat;to install;core2000 A2_B1_Household_Tools_DIY
Handwerker;řemeslník;craftsman;core2000 A2_02_05_Transport_Education_Work_Appearance
Oberleitungsbus;trolejbus;trolleybus;core2000 A2_B1_Car_Driving_Transportation
Norden;sever;north;core2000 A2_B1_Geography_Countries_Nationalities
Spatz/Sperling;vrabec;sparrow;core2000 A2_Animals_Detailed
priorisieren;prioritizovat;to prioritize;core2000 A2_B1_Office_and_Professional_Life
Mutterschaftsurlaub/Mutterschutz;mateřská dovolená;maternity leave;core2000 A2_B1_Family_Extended_and_Life_Events
Durchschnitt;průměr;average;core2000 A2_B1_Materials_Shapes_Quantities
Vergnügungspark;zábavní park;amusement park;core2000 A2_B1_Music_Arts_Entertainment
Felsen/Klippe;útes/skála;cliff/rock;core2000 A2_B1_Plants_Trees_Landscape
bringen/mitbringen;přinést;to bring;core2000 A2_B1_Verbs_of_Daily_Life
Post;pošta;post office;core2000 A2_06_10_House_Culture_Nature_Services_Narration
Schneeflocke;sněhová vločka;snowflake;core2000 A2_B1_Weather_Extended
Übelkeit;nevolnost;nausea;core2000 A2_B1_Body_Extended_and_Medical
streichen/anstreichen;malovat (stěny);to paint (walls);core2000 A2_B1_Household_Tools_DIY
Fahrplan;jízdní řád;timetable/schedule;core2000 A2_B1_Car_Driving_Transportation
Süden;jih;south;core2000 A2_B1_Geography_Countries_Nationalities
Insekten;hmyz;insects;core2000 A2_Animals_Detailed
Bericht/Report;zpráva/hlášení;report;core2000 A2_B1_Office_and_Professional_Life
Vaterschaftsurlaub/Elternzeit;otcovská dovolená;paternity leave;core2000 A2_B1_Family_Extended_and_Life_Events
Maximum;maximum;maximum;core2000 A2_B1_Materials_Shapes_Quantities
Mikrowelle;mikrovlnka;microwave;core2000 A2_B1_Furniture_and_Home_Interior
roh;syrový/raw;raw;core2000 A2_B1_Cooking_and_Kitchen
Eintrittskarte;vstupné;admission ticket;core2000 A2_B1_Music_Arts_Entertainment
Höhle;jeskyně;cave;core2000 A2_B1_Plants_Trees_Landscape
wegbringen;odnést;to take away/carry off;core2000 A2_B1_Verbs_of_Daily_Life
Bank;banka;bank;core2000 A2_06_10_House_Culture_Nature_Services_Narration
Schneefall;sněžení;snowfall;core2000 A2_B1_Weather_Extended
Durchfall;průjem;diarrhea;core2000 A2_B1_Body_Extended_and_Medical
bohren;vrtat;to drill;core2000 A2_B1_Household_Tools_DIY
klein/niedrig;nízký;short;core2000 A2_02_05_Transport_Education_Work_Appearance
Osten;východ;east;core2000 A2_B1_Geography_Countries_Nationalities
Fliege;moucha;fly;core2000 A2_Animals_Detailed
Vertrag;smlouva;contract;core2000 A2_B1_Office_and_Professional_Life
Kinderkrippe;jesle;nursery/crèche;core2000 A2_B1_Family_Extended_and_Life_Events
Minimum;minimum;minimum;core2000 A2_B1_Materials_Shapes_Quantities
gekocht;vařený;boiled;core2000 A2_B1_Cooking_and_Kitchen
Vorstellung/Aufführung;představení;performance/show;core2000 A2_B1_Music_Arts_Entertainment
Sumpf/Moor;bažina/mokřad;swamp/marsh;core2000 A2_B1_Plants_Trees_Landscape
Joghurt;jogurt;yogurt;core2000 A2_Food_Extended_Fruits_Vegetables_Dishes
reichen/geben;podat;to hand/pass;core2000 A2_B1_Verbs_of_Daily_Life
Polizei;policie;police;core2000 A2_06_10_House_Culture_Nature_Services_Narration
Eisregen;ledovka;freezing rain;core2000 A2_B1_Weather_Extended
Verstopfung;zácpa;constipation;core2000 A2_B1_Body_Extended_and_Medical
schrauben;šroubovat;to screw;core2000 A2_B1_Household_Tools_DIY
stark;silný;strong;core2000 A2_02_05_Transport_Education_Work_Appearance
Zeitkarte/Monatsticket;předplatné/jízdenka;travel pass;core2000 A2_B1_Car_Driving_Transportation
Westen;západ;west;core2000 A2_B1_Geography_Countries_Nationalities
Mücke/Stechmücke;komár;mosquito;core2000 A2_Animals_Detailed
Rechnung/Faktura;faktura;invoice;core2000 A2_B1_Office_and_Professional_Life
Kindergarten;školka/mateřská škola;kindergarten;core2000 A2_B1_Family_Extended_and_Life_Events
insgesamt/zusammen;celkem/dohromady;total/altogether;core2000 A2_B1_Materials_Shapes_Quantities
Gefrierschrank/Tiefkühltruhe;mrazák/mrazička;freezer;core2000 A2_B1_Furniture_and_Home_Interior
gebacken/gebraten;pečený;baked;core2000 A2_B1_Cooking_and_Kitchen
Publikum;publikum;audience;core2000 A2_B1_Music_Arts_Entertainment
Steppe/Ebene;stepi/pláně;steppe/plain;core2000 A2_B1_Plants_Trees_Landscape
Quark;tvaroh;curd/quark;core2000 A2_Food_Extended_Fruits_Vegetables_Dishes
werfen;hodit;to throw;core2000 A2_B1_Verbs_of_Daily_Life
Feuerwehr;hasiči;fire department;core2000 A2_06_10_House_Culture_Nature_Services_Narration
Raureif;jinovatka;hoar frost;core2000 A2_B1_Weather_Extended
Ausschlag;vyrážka;rash;core2000 A2_B1_Body_Extended_and_Medical
messen;měřit;to measure;core2000 A2_B1_Household_Tools_DIY
schwach;slabý;weak;core2000 A2_02_05_Transport_Education_Work_Appearance
Umstieg;přestup;transfer (change);core2000 A2_B1_Car_Driving_Transportation
Nordosten;severovýchod;northeast;core2000 A2_B1_Geography_Countries_Nationalities
Biene;včela;bee;core2000 A2_Animals_Detailed
Angebot;nabídka (cenová);quote/offer;core2000 A2_B1_Office_and_Professional_Life
Babysitter/Kindermädchen;chůva/au pair;nanny/babysitter;core2000 A2_B1_Family_Extended_and_Life_Events
Spülmaschine/Geschirrspüler;myčka (nádobí);dishwasher;core2000 A2_B1_Furniture_and_Home_Interior
gebraten;smažený;fried;core2000 A2_B1_Cooking_and_Kitchen
Applaus/Beifall;potlesk;applause;core2000 A2_B1_Music_Arts_Entertainment
fangen;chytit;to catch;core2000 A2_B1_Verbs_of_Daily_Life
Amt/Behörde;úřad;office/authority;core2000 A2_06_10_House_Culture_Nature_Services_Narration
Tropfen;kapka;drop;core2000 A2_B1_Weather_Extended
Schwellung;otok;swelling;core2000 A2_B1_Body_Extended_and_Medical
schneiden/sägen;řezat/pilit;to cut/saw;core2000 A2_B1_Household_Tools_DIY
dick;tlustý;fat;core2000 A2_02_05_Transport_Education_Work_Appearance
Verspätung;zpoždění;delay;core2000 A2_B1_Car_Driving_Transportation
Südwesten;jihozápad;southwest;core2000 A2_B1_Geography_Countries_Nationalities
Schmetterling;motýl;butterfly;core2000 A2_Animals_Detailed
Adoption;adopce;adoption;core2000 A2_B1_Family_Extended_and_Life_Events
genau;přesně;exactly;core2000 A2_B1_Materials_Shapes_Quantities
Wasserkocher;varná konvice;electric kettle;core2000 A2_B1_Furniture_and_Home_Interior
Klippe;útes (mořský);sea cliff;core2000 A2_B1_Plants_Trees_Landscape
Formular;formulář;form;core2000 A2_06_10_House_Culture_Nature_Services_Narration
Bruch/Fraktur;zlomenina;fracture;core2000 A2_B1_Body_Extended_and_Medical
dünn/schlank;hubený/štíhlý;thin/slim;core2000 A2_02_05_Transport_Education_Work_Appearance
Ameise;mravenec;ant;core2000 A2_Animals_Detailed
Lieferschein;dodací list;delivery note;core2000 A2_B1_Office_and_Professional_Life
Pflegefamilie;pěstounská péče;foster care;core2000 A2_B1_Family_Extended_and_Life_Events
Toaster;toustovač;toaster;core2000 A2_B1_Furniture_and_Home_Interior
Feldweg;polní cesta;country road;core2000 A2_B1_Plants_Trees_Landscape
Ausweis/Dokument;doklad;ID/document;core2000 A2_06_10_House_Culture_Nature_Services_Narration
Verstauchung;podvrtnutí;sprain;core2000 A2_B1_Body_Extended_and_Medical
hübsch/schön;hezký;pretty/handsome;core2000 A2_02_05_Transport_Education_Work_Appearance
Spinne;pavouk;spider;core2000 A2_Animals_Detailed
Vollmacht;plná moc;power of attorney;core2000 A2_B1_Office_and_Professional_Life
Unterhalt/Alimente;výživné/alimenty;alimony/child support;core2000 A2_B1_Family_Extended_and_Life_Events
Mixer;mixér;blender/mixer;core2000 A2_B1_Furniture_and_Home_Interior
Bach;potok;stream/creek;core2000 A2_B1_Plants_Trees_Landscape
Unterschrift;podpis;signature;core2000 A2_06_10_House_Culture_Nature_Services_Narration
Verbrennung;popálenina;burn;core2000 A2_B1_Body_Extended_and_Medical
hässlich;ošklivý;ugly;core2000 A2_02_05_Transport_Education_Work_Appearance
Kakerlake/Schabe;šváb;cockroach;core2000 A2_Animals_Detailed
Memorandum/Vermerk;memorandum;memo/memorandum;core2000 A2_B1_Office_and_Professional_Life
Vormund;opatrovník;guardian;core2000 A2_B1_Family_Extended_and_Life_Events
Entsafter;odšťavňovač;juicer;core2000 A2_B1_Furniture_and_Home_Interior
Quelle;pramen/zdroj;spring/source;core2000 A2_B1_Plants_Trees_Landscape
Schnittwunde;řezná rána;cut;core2000 A2_B1_Body_Extended_and_Medical
Haare;vlasy;hair;core2000 A2_02_05_Transport_Education_Work_Appearance
Käfer;brouk;beetle;core2000 A2_Animals_Detailed
Jahresbericht;výroční zpráva;annual report;core2000 A2_B1_Office_and_Professional_Life
elterliche Sorge;rodičovská odpovědnost;parental responsibility;core2000 A2_B1_Family_Extended_and_Life_Events
Kaffeemaschine;kávovar;coffee maker;core2000 A2_B1_Furniture_and_Home_Interior
Antrag;žádost;application/request;core2000 A2_06_10_House_Culture_Nature_Services_Narration
Narbe;jizva;scar;core2000 A2_B1_Body_Extended_and_Medical
Bart/Schnurrbart;vous/vousy;beard/mustache;core2000 A2_02_05_Transport_Education_Work_Appearance
Wurm;červ;worm;core2000 A2_Animals_Detailed
Geschäftsplan/Businessplan;podnikatelský plán;business plan;core2000 A2_B1_Office_and_Professional_Life
Mülleimer;odpadkový koš;trash can;core2000 A2_B1_Furniture_and_Home_Interior
gestern;včera;yesterday;core2000 A2_06_10_House_Culture_Nature_Services_Narration
Blutung;krvácení;bleeding;core2000 A2_B1_Body_Extended_and_Medical
nett/lieb;hodný;kind;core2000 A2_02_05_Transport_Education_Work_Appearance
Direktor/in;ředitel/ředitelka;director;core2000 A2_B1_Office_and_Professional_Life
vorgestern;předevčírem;day before yesterday;core2000 A2_06_10_House_Culture_Nature_Services_Narration
Verband/Bandage;obvaz;bandage;core2000 A2_B1_Body_Extended_and_Medical
böse;zlý;evil/mean;core2000 A2_02_05_Transport_Education_Work_Appearance
Manager/in;manažer/ka;manager;core2000 A2_B1_Office_and_Professional_Life
letzte Woche;minulý týden;last week;core2000 A2_06_10_House_Culture_Nature_Services_Narration
Naht/Stich;šev/steh;stitch/suture;core2000 A2_B1_Body_Extended_and_Medical
fröhlich/lustig;veselý;cheerful;core2000 A2_02_05_Transport_Education_Work_Appearance
Geschäftsführer;jednatel;CEO;core2000 A2_B1_Office_and_Professional_Life
letztes Jahr;loni/vloni;last year;core2000 A2_06_10_House_Culture_Nature_Services_Narration
Röntgen;rentgen;X-ray;core2000 A2_B1_Body_Extended_and_Medical
traurig;smutný;sad;core2000 A2_02_05_Transport_Education_Work_Appearance
Assistent/in;asistent/ka;assistant;core2000 A2_B1_Office_and_Professional_Life
früher/vorher;dříve/předtím;before/earlier;core2000 A2_06_10_House_Culture_Nature_Services_Narration
Blutdruck;krevní tlak;blood pressure;core2000 A2_B1_Body_Extended_and_Medical
Praktikant/in;stážista/praktikant;intern;core2000 A2_B1_Office_and_Professional_Life
dumm/blöd;hloupý;stupid;core2000 A2_02_05_Transport_Education_Work_Appearance
Abteilung;oddělení;department;core2000 A2_B1_Office_and_Professional_Life
am Ende/schließlich;nakonec;finally;core2000 A2_06_10_House_Culture_Nature_Services_Narration
faul;líný;lazy;core2000 A2_02_05_Transport_Education_Work_Appearance
Buchhaltung;účetní oddělení;accounting dept;core2000 A2_B1_Office_and_Professional_Life
plötzlich;najednou;suddenly;core2000 A2_06_10_House_Culture_Nature_Services_Narration
fleißig;pilný;diligent;core2000 A2_02_05_Transport_Education_Work_Appearance
Marketing;marketing;marketing;core2000 A2_B1_Office_and_Professional_Life
zuerst;nejdříve/nejprve;first (of all);core2000 A2_06_10_House_Culture_Nature_Services_Narration
mutig;odvážný;brave;core2000 A2_02_05_Transport_Education_Work_Appearance
Vertrieb/Verkauf;obchodní oddělení;sales department;core2000 A2_B1_Office_and_Professional_Life
schüchtern;stydlivý;shy;core2000 A2_02_05_Transport_Education_Work_Appearance
glücklich;šťastný;happy;core2000 A2_02_05_Transport_Education_Work_Appearance
unglücklich;nešťastný;unhappy;core2000 A2_02_05_Transport_Education_Work_Appearance
also/deshalb;takže;so/therefore;core2000 A2_06_10_House_Culture_Nature_Services_Narration
wütend/ärgerlich;zlobivý/naštvaný;angry;core2000 A2_02_05_Transport_Education_Work_Appearance
überrascht;překvapený;surprised;core2000 A2_02_05_Transport_Education_Work_Appearance
während;zatímco;while;core2000 A2_06_10_House_Culture_Nature_Services_Narration
müde;unavený;tired;core2000 A2_02_05_Transport_Education_Work_Appearance
zufrieden;spokojený;satisfied;core2000 A2_02_05_Transport_Education_Work_Appearance
nervös;nervózní;nervous;core2000 A2_02_05_Transport_Education_Work_Appearance
ruhig;klidný;calm;core2000 A2_02_05_Transport_Education_Work_Appearance
eifersüchtig;žárlivý;jealous;core2000 A2_02_05_Transport_Education_Work_Appearance
gesunder Lebensstil;zdravý životní styl;healthy lifestyle;core2000 B1_02_05_Health_Technology_News_Travel
Betriebssystem;operační systém;operating system;core2000 B1_B2_IT_and_Digital_Life
Mathematik;matematika;mathematics;core2000 B1_B2_Education_Academic_Life_Extended
Beziehung;vztah;relationship;core2000 B1_01_Relationships
Lebenslauf;životopis/CV;CV/resume;core2000 B1_06_10_Career_Environment_History_Law_Abstract
Verbrechen/Straftat;zločin/trestný čin;crime;core2000 B1_B2_Law_Crime_Justice_Extended
Medien;média;media;core2000 B1_B2_Media_Journalism_Internet
Gott;bůh/Bůh;god/God;core2000 B1_B2_Religion_Spirituality_Philosophy
Gebäude;budova;building;core2000 B1_B2_Architecture_Construction_Urban
Freude;radost;joy;core2000 B1_Emotions_Detailed
sich freuen;radovat se;to be glad/rejoice;core2000 B1_B2_Emotion_Verbs_and_Psychology
Hotel;hotel;hotel;core2000 B1_Travel_Hotel_Accommodation
lachen;smát se;to laugh;core2000 B1_Reflexive_Verbs_Comparison
Ernährung/Diät;strava/dieta;diet/nutrition;core2000 B1_02_05_Health_Technology_News_Travel
Browser;prohlížeč;browser;core2000 B1_B2_IT_and_Digital_Life
Physik;fyzika;physics;core2000 B1_B2_Education_Academic_Life_Extended
Freundschaft;přátelství;friendship;core2000 B1_01_Relationships
Bewerbung;žádost (o práci);job application;core2000 B1_06_10_Career_Environment_History_Law_Abstract
Diebstahl;krádež;theft;core2000 B1_B2_Law_Crime_Justice_Extended
Presse;tisk;press;core2000 B1_B2_Media_Journalism_Internet
Glaube;víra;faith/belief;core2000 B1_B2_Religion_Spirituality_Philosophy
Bargeld;hotovost;cash;core2000 B1_B2_Money_Banking_Finance
Wolkenkratzer;mrakodrap;skyscraper;core2000 B1_B2_Architecture_Construction_Urban
Glück;štěstí;happiness;core2000 B1_Emotions_Detailed
Hostel/Jugendherberge;hostel;hostel;core2000 B1_Travel_Hotel_Accommodation
Übung/Training;cvičení;exercise;core2000 B1_02_05_Health_Technology_News_Travel
Suche;vyhledávání;search;core2000 B1_B2_IT_and_Digital_Life
Chemie;chemie;chemistry;core2000 B1_B2_Education_Academic_Life_Extended
Liebe;láska;love;core2000 B1_01_Relationships
Vorstellungsgespräch;pohovor;job interview;core2000 B1_06_10_Career_Environment_History_Law_Abstract
Raub/Überfall;loupež;robbery;core2000 B1_B2_Law_Crime_Justice_Extended
Religion;náboženství;religion;core2000 B1_B2_Religion_Spirituality_Philosophy
Münze;mince;coin;core2000 B1_B2_Money_Banking_Finance
Wohnblock/Plattenbau;panelák/činžák;apartment block;core2000 B1_B2_Architecture_Construction_Urban
Begeisterung;nadšení;enthusiasm;core2000 B1_Emotions_Detailed
bewundern;obdivovat;to admire;core2000 B1_B2_Emotion_Verbs_and_Psychology
erzählen;povídat/vyprávět;to tell/narrate;core2000 B1_B2_Verbs_of_Communication_and_Thinking
Pension/Gasthaus;penzion;guesthouse/B&B;core2000 B1_Travel_Hotel_Accommodation
sich kümmern (um);starat se (o);to take care (of);core2000 B1_Reflexive_Verbs_Comparison
Kondition/Fitness;kondice;fitness/condition;core2000 B1_02_05_Health_Technology_News_Travel
Link/Verweis;odkaz/link;link;core2000 B1_B2_IT_and_Digital_Life
Biologie;biologie;biology;core2000 B1_B2_Education_Academic_Life_Extended
Ehe;manželství;marriage;core2000 B1_01_Relationships
Einbruch;vloupání;burglary;core2000 B1_B2_Law_Crime_Justice_Extended
Kirche;církev;church (institution);core2000 B1_B2_Religion_Spirituality_Philosophy
Banknote/Geldschein;bankovka;banknote;core2000 B1_B2_Money_Banking_Finance
Einfamilienhaus;rodinný dům;detached house;core2000 B1_B2_Architecture_Construction_Urban
Hoffnung;naděje;hope;core2000 B1_Emotions_Detailed
staunen;žasnout;to be amazed;core2000 B1_B2_Emotion_Verbs_and_Psychology
bekannt geben/mitteilen;oznámit;to announce;core2000 B1_B2_Verbs_of_Communication_and_Thinking
Apartment/Ferienwohnung;apartmán;apartment;core2000 B1_Travel_Hotel_Accommodation
sich bemühen;snažit se;to try/endeavor;core2000 B1_Reflexive_Verbs_Comparison
Entspannung;relaxace;relaxation;core2000 B1_02_05_Health_Technology_News_Travel
Seite/Webseite;stránka;page;core2000 B1_B2_IT_and_Digital_Life
Hochzeit;svatba;wedding;core2000 B1_01_Relationships
Kündigung;výpověď;notice/dismissal;core2000 B1_06_10_Career_Environment_History_Law_Abstract
Mord;vražda;murder;core2000 B1_B2_Law_Crime_Justice_Extended
Radiosendung;rozhlasové vysílání;radio broadcast;core2000 B1_B2_Media_Journalism_Internet
Reihenhaus;řadový dům;terraced/row house;core2000 B1_B2_Architecture_Construction_Urban
Stolz;hrdost;pride;core2000 B1_Emotions_Detailed
sich amüsieren;bavit se;to have fun;core2000 B1_B2_Emotion_Verbs_and_Psychology
erklären/behaupten;prohlásit;to declare/state;core2000 B1_B2_Verbs_of_Communication_and_Thinking
Hütte/Ferienhaus;chata/chalupa;cabin/cottage;core2000 B1_Travel_Hotel_Accommodation
Stress;stres;stress;core2000 B1_02_05_Health_Technology_News_Travel
Scheidung;rozvod;divorce;core2000 B1_01_Relationships
Beförderung;povýšení;promotion;core2000 B1_06_10_Career_Environment_History_Law_Abstract
Mordversuch;pokus o vraždu;attempted murder;core2000 B1_B2_Law_Crime_Justice_Extended
Fernsehsendung;televizní vysílání;TV broadcast;core2000 B1_B2_Media_Journalism_Internet
Gebet;modlitba;prayer;core2000 B1_B2_Religion_Spirituality_Philosophy
Girokonto;běžný účet;current account;core2000 B1_B2_Money_Banking_Finance
Villa;vila;villa;core2000 B1_B2_Architecture_Construction_Urban
Dankbarkeit;vděčnost;gratitude;core2000 B1_Emotions_Detailed
genießen;užívat si;to enjoy;core2000 B1_B2_Emotion_Verbs_and_Psychology
behaupten;tvrdit;to claim/assert;core2000 B1_B2_Verbs_of_Communication_and_Thinking
Campingplatz;kemp/tábořiště;campsite;core2000 B1_Travel_Hotel_Accommodation
Depression;deprese;depression;core2000 B1_02_05_Health_Technology_News_Travel
sich einloggen/anmelden;přihlásit se;to log in;core2000 B1_B2_IT_and_Digital_Life
Sozialkunde/Politik;občanská nauka;civics/social studies;core2000 B1_B2_Education_Academic_Life_Extended
Partner/in;partner/ka;partner;core2000 B1_01_Relationships
Erfahrung;zkušenost;experience;core2000 B1_06_10_Career_Environment_History_Law_Abstract
Vergewaltigung;znásilnění;rape;core2000 B1_B2_Law_Crime_Justice_Extended
Nachrichtensendung;zpravodajství;news program;core2000 B1_B2_Media_Journalism_Internet
beten;modlit se;to pray;core2000 B1_B2_Religion_Spirituality_Philosophy
Sparkonto;spořicí účet;savings account;core2000 B1_B2_Money_Banking_Finance
Fabrik;továrna/fabrika;factory;core2000 B1_B2_Architecture_Construction_Urban
Erleichterung;úleva;relief;core2000 B1_Emotions_Detailed
schätzen/würdigen;ocenit;to appreciate;core2000 B1_B2_Emotion_Verbs_and_Psychology
leugnen/bestreiten;popírat/zapírat;to deny;core2000 B1_B2_Verbs_of_Communication_and_Thinking
Rezeption/Empfang;recepce;reception/front desk;core2000 B1_Travel_Hotel_Accommodation
Angst/Sorge;úzkost;anxiety;core2000 B1_02_05_Health_Technology_News_Travel
sich ausloggen/abmelden;odhlásit se;to log out;core2000 B1_B2_IT_and_Digital_Life
Sport/Sportunterricht;tělesná výchova;physical education;core2000 B1_B2_Education_Academic_Life_Extended
Verlobte/r;snoubenec/ka;fiancé/e;core2000 B1_01_Relationships
Fähigkeit/Kompetenz;dovednost;skill;core2000 B1_06_10_Career_Environment_History_Law_Abstract
Entführung;únos;kidnapping;core2000 B1_B2_Law_Crime_Justice_Extended
Talkshow/Debatte;talkshow/debata;talk show/debate;core2000 B1_B2_Media_Journalism_Internet
Priester/Pfarrer;kněz/farář;priest;core2000 B1_B2_Religion_Spirituality_Philosophy
Kreditkarte;kreditní karta;credit card;core2000 B1_B2_Money_Banking_Finance
Lager/Lagerhalle;sklad;warehouse;core2000 B1_B2_Architecture_Construction_Urban
Zufriedenheit;spokojenost;satisfaction;core2000 B1_Emotions_Detailed
stolz sein auf;být hrdý na;to be proud of;core2000 B1_B2_Emotion_Verbs_and_Psychology
zugeben/gestehen;přiznat (se);to admit/confess;core2000 B1_B2_Verbs_of_Communication_and_Thinking
Einzelzimmer;jednolůžkový pokoj;single room;core2000 B1_Travel_Hotel_Accommodation
Allergie;alergie;allergy;core2000 B1_02_05_Health_Technology_News_Travel
Einstellungen;nastavení;settings;core2000 B1_B2_IT_and_Digital_Life
Kunst;výtvarná výchova;art class;core2000 B1_B2_Education_Academic_Life_Extended
Verantwortung;odpovědnost;responsibility;core2000 B1_06_10_Career_Environment_History_Law_Abstract
Erpressung;vydírání;blackmail/extortion;core2000 B1_B2_Law_Crime_Justice_Extended
Serie/Fernsehserie;seriál;TV series;core2000 B1_B2_Media_Journalism_Internet
Mönch/Nonne;mnich/mniška;monk/nun;core2000 B1_B2_Religion_Spirituality_Philosophy
Debitkarte/EC-Karte;debetní karta;debit card;core2000 B1_B2_Money_Banking_Finance
Scheune;stodola;barn;core2000 B1_B2_Architecture_Construction_Urban
hoffen;doufat;to hope;core2000 B1_B2_Emotion_Verbs_and_Psychology
flüstern;šeptat;to whisper;core2000 B1_B2_Verbs_of_Communication_and_Thinking
Doppelzimmer;dvoulůžkový pokoj;double room;core2000 B1_Travel_Hotel_Accommodation
Sucht/Abhängigkeit;závislost;addiction;core2000 B1_02_05_Health_Technology_News_Travel
Benachrichtigung;oznámení;notification;core2000 B1_B2_IT_and_Digital_Life
Musik;hudební výchova;music class;core2000 B1_B2_Education_Academic_Life_Extended
Feind;nepřítel;enemy;core2000 B1_01_Relationships
Frist/Termin;termín/lhůta;deadline;core2000 B1_06_10_Career_Environment_History_Law_Abstract
Betrug;podvod;fraud;core2000 B1_B2_Law_Crime_Justice_Extended
Dokumentarfilm;dokumentární film;documentary;core2000 B1_B2_Media_Journalism_Internet
Seele;duše;soul;core2000 B1_B2_Religion_Spirituality_Philosophy
Geldautomat/Bankomat;bankomat;ATM;core2000 B1_B2_Money_Banking_Finance
Turm;věž;tower;core2000 B1_B2_Architecture_Construction_Urban
Sehnsucht;touha;longing/desire;core2000 B1_Emotions_Detailed
vertrauen;důvěřovat;to trust;core2000 B1_B2_Emotion_Verbs_and_Psychology
schreien;křičet;to shout/scream;core2000 B1_B2_Verbs_of_Communication_and_Thinking
Suite;apartmá/suite;suite;core2000 B1_Travel_Hotel_Accommodation
teilen;sdílet;to share;core2000 B1_B2_IT_and_Digital_Life
Informatik;informatika;computer science;core2000 B1_B2_Education_Academic_Life_Extended
Vertrauen;důvěra;trust;core2000 B1_01_Relationships
Sitzung/Besprechung;poradu/schůze;meeting;core2000 B1_06_10_Career_Environment_History_Law_Abstract
Fälschung;padělání;forgery;core2000 B1_B2_Law_Crime_Justice_Extended
Geist/Gewissen;duch/svědomí;spirit/conscience;core2000 B1_B2_Religion_Spirituality_Philosophy
abheben;vybrat (peníze);to withdraw;core2000 B1_B2_Money_Banking_Finance
Trauer/Traurigkeit;smutek;sadness;core2000 B1_Emotions_Detailed
sich beruhigen;uklidnit se;to calm down;core2000 B1_B2_Emotion_Verbs_and_Psychology
rufen;volat;to call/shout;core2000 B1_B2_Verbs_of_Communication_and_Thinking
Frühstück inklusive;snídaně v ceně;breakfast included;core2000 B1_Travel_Hotel_Accommodation
sich lieben;milovat se;to love each other;core2000 B1_Reflexive_Verbs_Comparison
Notaufnahme;pohotovost;emergency room;core2000 B1_02_05_Health_Technology_News_Travel
kopieren;kopírovat;to copy;core2000 B1_B2_IT_and_Digital_Life
Wirtschaft/Ökonomie;ekonomie;economics;core2000 B1_B2_Education_Academic_Life_Extended
Eifersucht;žárlivost;jealousy;core2000 B1_01_Relationships
Schmuggel;pašování/pašeráctví;smuggling;core2000 B1_B2_Law_Crime_Justice_Extended
Sponsor;sponzor;sponsor;core2000 B1_B2_Media_Journalism_Internet
Sünde;hřích;sin;core2000 B1_B2_Religion_Spirituality_Philosophy
einzahlen;vložit (peníze);to deposit;core2000 B1_B2_Money_Banking_Finance
Tunnel;tunel;tunnel;core2000 B1_B2_Architecture_Construction_Urban
Wut/Zorn/Ärger;zlost/hněv;anger;core2000 B1_Emotions_Detailed
erleichtert sein;ulevit se;to feel relieved;core2000 B1_B2_Emotion_Verbs_and_Psychology
erwähnen;zmínit (se);to mention;core2000 B1_B2_Verbs_of_Communication_and_Thinking
Halbpension;polopenze;half board;core2000 B1_Travel_Hotel_Accommodation
sich streiten;hádat se;to argue/quarrel;core2000 B1_Reflexive_Verbs_Comparison
Chirurg;chirurg;surgeon;core2000 B1_02_05_Health_Technology_News_Travel
einfügen;vložit;to paste;core2000 B1_B2_IT_and_Digital_Life
Psychologie;psychologie;psychology;core2000 B1_B2_Education_Academic_Life_Extended
Mitleid;soucit;sympathy/compassion;core2000 B1_01_Relationships
Kunde/Klient;zákazník/klient;client/customer;core2000 B1_06_10_Career_Environment_History_Law_Abstract
Bestechung/Korruption;úplatek/korupce;bribery/corruption;core2000 B1_B2_Law_Crime_Justice_Extended
Buße;pokání;repentance;core2000 B1_B2_Religion_Spirituality_Philosophy
überweisen;převést;to transfer;core2000 B1_B2_Money_Banking_Finance
Friedhof;hřbitov;cemetery;core2000 B1_B2_Architecture_Construction_Urban
Angst/Furcht;strach;fear;core2000 B1_Emotions_Detailed
begeistern/inspirieren;nadchnout/inspirovat;to inspire/excite;core2000 B1_B2_Emotion_Verbs_and_Psychology
zitieren;citovat;to quote;core2000 B1_B2_Verbs_of_Communication_and_Thinking
Vollpension;plná penze;full board;core2000 B1_Travel_Hotel_Accommodation
sich küssen;líbat se;to kiss (each other);core2000 B1_Reflexive_Verbs_Comparison
Untersuchung;vyšetření;examination;core2000 B1_02_05_Health_Technology_News_Travel
löschen;smazat;to delete;core2000 B1_B2_IT_and_Digital_Life
Soziologie;sociologie;sociology;core2000 B1_B2_Education_Academic_Life_Extended
Vergebung;odpuštění;forgiveness;core2000 B1_01_Relationships
Lieferant;dodavatel;supplier;core2000 B1_06_10_Career_Environment_History_Law_Abstract
Vandalismus;vandalismus;vandalism;core2000 B1_B2_Law_Crime_Justice_Extended
Verleger/Herausgeber;vydavatel;publisher;core2000 B1_B2_Media_Journalism_Internet
Denkmal;pomník;monument;core2000 B1_B2_Architecture_Construction_Urban
erfreuen;potěšit;to please/delight;core2000 B1_B2_Emotion_Verbs_and_Psychology
kommentieren;komentovat;to comment;core2000 B1_B2_Verbs_of_Communication_and_Thinking
Check-in/Anmeldung;check-in/příjezd;check-in;core2000 B1_Travel_Hotel_Accommodation
sich einigen;dohodnout se;to agree/reach deal;core2000 B1_Reflexive_Verbs_Comparison
speichern;uložit;to save;core2000 B1_B2_IT_and_Digital_Life
Jura/Rechtswissenschaft;právo;law (studies);core2000 B1_B2_Education_Academic_Life_Extended
Enttäuschung;zklamání;disappointment;core2000 B1_01_Relationships
Konkurrenz/Wettbewerb;konkurence;competition;core2000 B1_06_10_Career_Environment_History_Law_Abstract
Brandstiftung;žhářství;arson;core2000 B1_B2_Law_Crime_Justice_Extended
Auflage;náklad (tisku);circulation/print run;core2000 B1_B2_Media_Journalism_Internet
Erlösung/Heil;spasení/spása;salvation;core2000 B1_B2_Religion_Spirituality_Philosophy
berechnen/in Rechnung stellen;účtovat/fakturovat;to charge/invoice;core2000 B1_B2_Money_Banking_Finance
Brunnen/Fontäne;fontána/kašna;fountain;core2000 B1_B2_Architecture_Construction_Urban
Scham;stud/hanba;shame;core2000 B1_Emotions_Detailed
befriedigen/zufriedenstellen;uspokojit;to satisfy;core2000 B1_B2_Emotion_Verbs_and_Psychology
diskutieren;diskutovat;to discuss;core2000 B1_B2_Verbs_of_Communication_and_Thinking
Check-out/Abreise;check-out/odjezd;check-out;core2000 B1_Travel_Hotel_Accommodation
sich verabschieden;rozloučit se;to say goodbye;core2000 B1_Reflexive_Verbs_Comparison
Rezept;recept;prescription;core2000 B1_02_05_Health_Technology_News_Travel
Programmierung;programování;programming;core2000 B1_B2_IT_and_Digital_Life
studieren;studovat;to study;core2000 B1_B2_Education_Academic_Life_Extended
Bewunderung;obdiv;admiration;core2000 B1_01_Relationships
Gewinn/Profit;zisk;profit;core2000 B1_06_10_Career_Environment_History_Law_Abstract
Drogenhandel;pašování drog;drug trafficking;core2000 B1_B2_Law_Crime_Justice_Extended
Christentum;křesťanství;Christianity;core2000 B1_B2_Religion_Spirituality_Philosophy
schulden;dlužit;to owe;core2000 B1_B2_Money_Banking_Finance
Fundament;základy;foundation;core2000 B1_B2_Architecture_Construction_Urban
Schuld;vina;guilt;core2000 B1_Emotions_Detailed
stören / nerven;obtěžovat / otravovat;to bother / annoy;core2000 B1_B2_Emotion_Verbs_and_Psychology
Zimmerschlüssel;klíč od pokoje;room key;core2000 B1_Travel_Hotel_Accommodation
sich waschen;mýt se;to wash (oneself);core2000 B1_Reflexive_Verbs_Comparison
Spritze/Impfung;injekce/očkování;injection/vaccination;core2000 B1_02_05_Health_Technology_News_Travel
Code;kód;code;core2000 B1_B2_IT_and_Digital_Life
(auswendig) lernen;učit se (nazpaměť);to memorize;core2000 B1_B2_Education_Academic_Life_Extended
Respekt;respekt/úcta;respect;core2000 B1_01_Relationships
Verlust;ztráta;loss;core2000 B1_06_10_Career_Environment_History_Law_Abstract
Geldwäsche;praní špinavých peněz;money laundering;core2000 B1_B2_Law_Crime_Justice_Extended
Korrespondent;zpravodaj/korespondent;correspondent;core2000 B1_B2_Media_Journalism_Internet
Katholizismus;katolicismus;Catholicism;core2000 B1_B2_Religion_Spirituality_Philosophy
zurückzahlen/tilgen;splácet;to repay;core2000 B1_B2_Money_Banking_Finance
Neid;závist;envy;core2000 B1_Emotions_Detailed
frustrieren;frustrovat;to frustrate;core2000 B1_B2_Emotion_Verbs_and_Psychology
bitten/verlangen;žádat/prosit;to ask/request;core2000 B1_B2_Verbs_of_Communication_and_Thinking
Zimmerservice;pokojová služba;room service;core2000 B1_Travel_Hotel_Accommodation
Blutdruck;tlak (krevní);blood pressure;core2000 B1_02_05_Health_Technology_News_Travel
Fehler/Bug;chyba/bug;bug/error;core2000 B1_B2_IT_and_Digital_Life
wiederholen;opakovat;to review/repeat;core2000 B1_B2_Education_Academic_Life_Extended
Hass;nenávist;hatred;core2000 B1_01_Relationships
Budget/Haushalt;rozpočet;budget;core2000 B1_06_10_Career_Environment_History_Law_Abstract
Cyberkriminalität;kybernetický zločin;cybercrime;core2000 B1_B2_Law_Crime_Justice_Extended
Artikel;článek;article;core2000 B1_B2_Media_Journalism_Internet
Protestantismus;protestantismus;Protestantism;core2000 B1_B2_Religion_Spirituality_Philosophy
(sich) leihen/borgen;půjčit (si);to borrow;core2000 B1_B2_Money_Banking_Finance
entmutigen / abschrecken;znechutit / odradit;to disgust / discourage;core2000 B1_B2_Emotion_Verbs_and_Psychology
fordern/verlangen;požadovat;to demand;core2000 B1_B2_Verbs_of_Communication_and_Thinking
Minibar;minibar;minibar;core2000 B1_Travel_Hotel_Accommodation
Diabetes;cukrovka;diabetes;core2000 B1_02_05_Health_Technology_News_Travel
üben;procvičovat;to practice;core2000 B1_B2_Education_Academic_Life_Extended
Investition;investice;investment;core2000 B1_06_10_Career_Environment_History_Law_Abstract
häusliche Gewalt;domácí násilí;domestic violence;core2000 B1_B2_Law_Crime_Justice_Extended
Überschrift/Schlagzeile;titulek/nadpis;headline;core2000 B1_B2_Media_Journalism_Internet
Orthodoxie;pravoslaví;Orthodox Christianity;core2000 B1_B2_Religion_Spirituality_Philosophy
(ver)leihen;půjčit (komu);to lend;core2000 B1_B2_Money_Banking_Finance
Einsamkeit;osamělost;loneliness;core2000 B1_Emotions_Detailed
deprimieren;deprimovat;to depress;core2000 B1_B2_Emotion_Verbs_and_Psychology
drängen/bestehen;naléhat;to insist;core2000 B1_B2_Verbs_of_Communication_and_Thinking
Safe/Tresor;trezor/sejf;safe/vault;core2000 B1_Travel_Hotel_Accommodation
Krebs;rakovina;cancer;core2000 B1_02_05_Health_Technology_News_Travel
Variable;proměnná;variable;core2000 B1_B2_IT_and_Digital_Life
eine Vorlesung halten;přednášet;to lecture;core2000 B1_B2_Education_Academic_Life_Extended
Reue/Bedauern;lítost;regret;core2000 B1_01_Relationships
Unternehmertum;podnikání;entrepreneurship;core2000 B1_06_10_Career_Environment_History_Law_Abstract
Stalking/Nachstellung;stalking/pronásledování;stalking;core2000 B1_B2_Law_Crime_Justice_Extended
Kolumne/Kommentar;sloupek/komentář;column/commentary;core2000 B1_B2_Media_Journalism_Internet
Islam;islám;Islam;core2000 B1_B2_Religion_Spirituality_Philosophy
sparen;šetřit/spořit;to save (money);core2000 B1_B2_Money_Banking_Finance
Langeweile;nuda;boredom;core2000 B1_Emotions_Detailed
überzeugen;přesvědčovat;to persuade;core2000 B1_B2_Verbs_of_Communication_and_Thinking
WLAN (kostenloses);Wi-Fi (bezplatné);(free) Wi-Fi;core2000 B1_Travel_Hotel_Accommodation
Funktion;funkce;function;core2000 B1_B2_IT_and_Digital_Life
aufschreiben/mitschreiben;zapisovat si;to take notes;core2000 B1_B2_Education_Academic_Life_Extended
kennenlernen;seznámit se;to meet/get acquainted;core2000 B1_01_Relationships
Umwelt;životní prostředí;environment;core2000 B1_06_10_Career_Environment_History_Law_Abstract
Täter;pachatel;perpetrator;core2000 B1_B2_Law_Crime_Justice_Extended
Interview;rozhovor;interview;core2000 B1_B2_Media_Journalism_Internet
Judentum;judaismus;Judaism;core2000 B1_B2_Religion_Spirituality_Philosophy
Einkommen/Einnahmen;příjem;income;core2000 B1_B2_Money_Banking_Finance
Schornstein/Kamin;komín;chimney;core2000 B1_B2_Architecture_Construction_Urban
Frustration;frustrace;frustration;core2000 B1_Emotions_Detailed
bereuen / bedauern;litovat;to regret;core2000 B1_B2_Emotion_Verbs_and_Psychology
raten;radit;to advise;core2000 B1_B2_Verbs_of_Communication_and_Thinking
sich ändern/sich verändern;změnit se;to change (become different);core2000 B1_Reflexive_Verbs_Comparison
Laptop;notebook/laptop;laptop;core2000 B1_02_05_Health_Technology_News_Travel
Schleife;smyčka;loop;core2000 B1_B2_IT_and_Digital_Life
forschen/untersuchen;zkoumat/bádat;to research;core2000 B1_B2_Education_Academic_Life_Extended
mit jmd gehen;chodit s (někým);to date;core2000 B1_01_Relationships
Verschmutzung;znečištění;pollution;core2000 B1_06_10_Career_Environment_History_Law_Abstract
Verdächtiger;podezřelý;suspect;core2000 B1_B2_Law_Crime_Justice_Extended
Pressekonferenz;tisková konference;press conference;core2000 B1_B2_Media_Journalism_Internet
Buddhismus;buddhismus;Buddhism;core2000 B1_B2_Religion_Spirituality_Philosophy
Ausgabe/Ausgaben;výdaj/výdaje;expense/expenses;core2000 B1_B2_Money_Banking_Finance
Balkon;balkon;balcony;core2000 B1_B2_Architecture_Construction_Urban
Verzweiflung;zoufalství;despair;core2000 B1_Emotions_Detailed
empfehlen;doporučit;to recommend;core2000 B1_B2_Verbs_of_Communication_and_Thinking
Flug;let;flight;core2000 B1_Travel_Hotel_Accommodation
sich verbessern;zlepšit se;to improve (get better);core2000 B1_Reflexive_Verbs_Comparison
Handy/Smartphone;mobil/telefon;mobile/smartphone;core2000 B1_02_05_Health_Technology_News_Travel
Bedingung;podmínka;condition;core2000 B1_B2_IT_and_Digital_Life
analysieren;analyzovat;to analyze;core2000 B1_B2_Education_Academic_Life_Extended
sich verlieben;zamilovat se;to fall in love;core2000 B1_01_Relationships
Abfall/Müll;odpad/odpady;waste/trash;core2000 B1_06_10_Career_Environment_History_Law_Abstract
Angeklagter;obviněný/obžalovaný;accused/defendant;core2000 B1_B2_Law_Crime_Justice_Extended
Quelle;zdroj (informací);source;core2000 B1_B2_Media_Journalism_Internet
Hinduismus;hinduismus;Hinduism;core2000 B1_B2_Religion_Spirituality_Philosophy
Terrasse;terasa;terrace;core2000 B1_B2_Architecture_Construction_Urban
verdächtigen;podezírat;to suspect;core2000 B1_B2_Emotion_Verbs_and_Psychology
warnen;varovat;to warn;core2000 B1_B2_Verbs_of_Communication_and_Thinking
Bordkarte;palubní vstupenka;boarding pass;core2000 B1_Travel_Hotel_Accommodation
sich verschlechtern;zhoršit se;to worsen;core2000 B1_Reflexive_Verbs_Comparison
zusammenfassen;shrnout;to summarize;core2000 B1_B2_Education_Academic_Life_Extended
Recycling;recyklace;recycling;core2000 B1_06_10_Career_Environment_History_Law_Abstract
Opfer;oběť;victim;core2000 B1_B2_Law_Crime_Justice_Extended
Exklusivität;exkluzivita;exclusive;core2000 B1_B2_Media_Journalism_Internet
Atheismus;ateismus;atheism;core2000 B1_B2_Religion_Spirituality_Philosophy
Bonus/Prämie;prémie/bonus;bonus;core2000 B1_B2_Money_Banking_Finance
Aufzug/Fahrstuhl/Lift;výtah;elevator/lift;core2000 B1_B2_Architecture_Construction_Urban
Ekel/Abscheu;odpor/hnus;disgust;core2000 B1_Emotions_Detailed
erniedrigen / demütigen;ponížit / pokořit;to humiliate;core2000 B1_B2_Emotion_Verbs_and_Psychology
drohen;vyhrožovat;to threaten;core2000 B1_B2_Verbs_of_Communication_and_Thinking
Check-in/Einchecken;odbavení/check-in;check-in;core2000 B1_Travel_Hotel_Accommodation
sich vergrößern;zvětšit se;to increase;core2000 B1_Reflexive_Verbs_Comparison
Schnittstelle;rozhraní;interface;core2000 B1_B2_IT_and_Digital_Life
sich beziehen auf;odkazovat na;to cite/refer to;core2000 B1_B2_Education_Academic_Life_Extended
erneuerbar;obnovitelný;renewable;core2000 B1_06_10_Career_Environment_History_Law_Abstract
Zeuge;svědek;witness;core2000 B1_B2_Law_Crime_Justice_Extended
Zensur;cenzura;censorship;core2000 B1_B2_Media_Journalism_Internet
Agnostizismus;agnosticismus;agnosticism;core2000 B1_B2_Religion_Spirituality_Philosophy
Trinkgeld;spropitné;tip;core2000 B1_B2_Money_Banking_Finance
Verachtung;pohrdání;contempt;core2000 B1_Emotions_Detailed
verletzen;ublížit;to hurt (emotionally);core2000 B1_B2_Emotion_Verbs_and_Psychology
Sicherheitskontrolle;bezpečnostní kontrola;security check;core2000 B1_Travel_Hotel_Accommodation
sich verkleinern;zmenšit se;to decrease;core2000 B1_Reflexive_Verbs_Comparison
Bildschirm/Display;obrazovka/displej;screen/display;core2000 B1_02_05_Health_Technology_News_Travel
sich trennen;rozejít se;to break up;core2000 B1_01_Relationships
Klimawandel;klimatická změna;climate change;core2000 B1_06_10_Career_Environment_History_Law_Abstract
Richter;soudce;judge;core2000 B1_B2_Law_Crime_Justice_Extended
Website/Webseite;webová stránka;website;core2000 B1_B2_Media_Journalism_Internet
Taufe;křest;baptism;core2000 B1_B2_Religion_Spirituality_Philosophy
Miete;nájem/nájemné;rent;core2000 B1_B2_Money_Banking_Finance
Flur/Gang;chodba;corridor/hallway;core2000 B1_B2_Architecture_Construction_Urban
Nostalgie;nostalgie;nostalgia;core2000 B1_Emotions_Detailed
enttäuschen;zklamat;to disappoint;core2000 B1_B2_Emotion_Verbs_and_Psychology
Gate/Flugsteig;brána/gate;gate;core2000 B1_Travel_Hotel_Accommodation
Framework;framework/rámec;framework;core2000 B1_B2_IT_and_Digital_Life
Test/Klassenarbeit;test/písemka;test;core2000 B1_B2_Education_Academic_Life_Extended
globale Erwärmung;globální oteplování;global warming;core2000 B1_06_10_Career_Environment_History_Law_Abstract
Anwalt/Verteidiger;advokát/obhájce;lawyer/defense attorney;core2000 B1_B2_Law_Crime_Justice_Extended
Blog;blog;blog;core2000 B1_B2_Media_Journalism_Internet
Trauung/Hochzeit;svatba (církevní);wedding (church);core2000 B1_B2_Religion_Spirituality_Philosophy
Rate;splátka;installment;core2000 B1_B2_Money_Banking_Finance
Säule/Pfeiler;sloup/pilíř;column/pillar;core2000 B1_B2_Architecture_Construction_Urban
Enttäuschung;rozčarování;disappointment;core2000 B1_Emotions_Detailed
erschrecken;vyděsit / vystrašit;to scare / frighten;core2000 B1_B2_Emotion_Verbs_and_Psychology
Boarding/Einsteigen;nástup/boarding;boarding;core2000 B1_Travel_Hotel_Accommodation
Passwort;heslo;password;core2000 B1_02_05_Health_Technology_News_Travel
Server;server;server;core2000 B1_B2_IT_and_Digital_Life
sich versöhnen;usmířit se;to reconcile;core2000 B1_01_Relationships
Emissionen;emise;emissions;core2000 B1_06_10_Career_Environment_History_Law_Abstract
Staatsanwalt;žalobce/státní zástupce;prosecutor;core2000 B1_B2_Law_Crime_Justice_Extended
Podcast;podcast;podcast;core2000 B1_B2_Media_Journalism_Internet
Versicherung;pojistka/pojištění;insurance;core2000 B1_B2_Money_Banking_Finance
Bogen/Gewölbe;oblouk/klenba;arch/vault;core2000 B1_B2_Architecture_Construction_Urban
Verlegenheit;rozpaky;embarrassment;core2000 B1_Emotions_Detailed
beunruhigen;znepokojit;to worry / disturb;core2000 B1_B2_Emotion_Verbs_and_Psychology
ablehnen/zurückweisen;odmítnout;to refuse/reject;core2000 B1_B2_Verbs_of_Communication_and_Thinking
Handgepäck;příruční zavazadlo;carry-on luggage;core2000 B1_Travel_Hotel_Accommodation
sich entschuldigen;omluvit se;to apologize;core2000 B1_Reflexive_Verbs_Comparison
Datei;soubor;file;core2000 B1_02_05_Health_Technology_News_Travel
Datenbank;databáze;database;core2000 B1_B2_IT_and_Digital_Life
Aufnahmeprüfung;přijímací zkouška;entrance exam;core2000 B1_B2_Education_Academic_Life_Extended
CO₂-Fußabdruck;uhlíková stopa;carbon footprint;core2000 B1_06_10_Career_Environment_History_Law_Abstract
Polizist/in;policista/policistka;police officer;core2000 B1_B2_Law_Crime_Justice_Extended
Livestream;živé vysílání/stream;livestream;core2000 B1_B2_Media_Journalism_Internet
Beichte;zpověď;confession;core2000 B1_B2_Religion_Spirituality_Philosophy
Steuer;daň;tax;core2000 B1_B2_Money_Banking_Finance
Fassade;fasáda;facade;core2000 B1_B2_Architecture_Construction_Urban
Neugierde;zvědavost;curiosity;core2000 B1_Emotions_Detailed
verzweifeln;zoufat si;to despair;core2000 B1_B2_Emotion_Verbs_and_Psychology
annehmen/akzeptieren;přijmout;to accept;core2000 B1_B2_Verbs_of_Communication_and_Thinking
Aufgabegepäck;zavazadlo k odbavení;checked luggage;core2000 B1_Travel_Hotel_Accommodation
sich konzentrieren;soustředit se;to concentrate;core2000 B1_Reflexive_Verbs_Comparison
Testen;testování;testing;core2000 B1_B2_IT_and_Digital_Life
Abschlussprüfung;závěrečná zkouška;final exam;core2000 B1_B2_Education_Academic_Life_Extended
nah/eng;blízký;close;core2000 B1_01_Relationships
Naturschutz;ochrana přírody;nature conservation;core2000 B1_06_10_Career_Environment_History_Law_Abstract
Ermittler/Detektiv;detektiv/vyšetřovatel;detective/investigator;core2000 B1_B2_Law_Crime_Justice_Extended
Influencer;influencer;influencer;core2000 B1_B2_Media_Journalism_Internet
Messe/Gottesdienst;mše/bohoslužba;mass/service;core2000 B1_B2_Religion_Spirituality_Philosophy
Mehrwertsteuer (MwSt);DPH;VAT;core2000 B1_B2_Money_Banking_Finance
Zaun/Mauer;plot/ohrada;fence;core2000 B1_B2_Architecture_Construction_Urban
Überraschung;překvapení;surprise;core2000 B1_Emotions_Detailed
einwenden;namítat;to object;core2000 B1_B2_Verbs_of_Communication_and_Thinking
Übergepäck;nadváha (zavazadla);excess baggage;core2000 B1_Travel_Hotel_Accommodation
sich vorbereiten;připravit se;to prepare (oneself);core2000 B1_Reflexive_Verbs_Comparison
herunterladen;stáhnout;to download;core2000 B1_02_05_Health_Technology_News_Travel
Beitrag/Post;příspěvek/post;post;core2000 B1_B2_IT_and_Digital_Life
Abitur;maturita;school-leaving exam;core2000 B1_B2_Education_Academic_Life_Extended
entfernt/fern;vzdálený;distant;core2000 B1_01_Relationships
bedrohte Art;ohrožený druh;endangered species;core2000 B1_06_10_Career_Environment_History_Law_Abstract
Häftling/Gefangener;vězeň;prisoner;core2000 B1_B2_Law_Crime_Justice_Extended
viral;virální;viral;core2000 B1_B2_Media_Journalism_Internet
Fasten;půst;fasting;core2000 B1_B2_Religion_Spirituality_Philosophy
Gehweg/Bürgersteig;chodník;sidewalk/pavement;core2000 B1_B2_Architecture_Construction_Urban
Verdacht/Misstrauen;podezření;suspicion;core2000 B1_Emotions_Detailed
protestieren;protestovat;to protest;core2000 B1_B2_Verbs_of_Communication_and_Thinking
Gepäckausgabe;výdej zavazadel;baggage claim;core2000 B1_Travel_Hotel_Accommodation
hochladen;nahrát;to upload;core2000 B1_02_05_Health_Technology_News_Travel
Kommentar;komentář;comment;core2000 B1_B2_IT_and_Digital_Life
Staatsexamen;státnice;state exam;core2000 B1_B2_Education_Academic_Life_Extended
treu;věrný;faithful;core2000 B1_01_Relationships
Waldbrand;lesní požár;forest fire;core2000 B1_06_10_Career_Environment_History_Law_Abstract
Wärter/Aufseher;dozorce;guard/warden;core2000 B1_B2_Law_Crime_Justice_Extended
Hashtag;hashtag;hashtag;core2000 B1_B2_Media_Journalism_Internet
Wallfahrt/Pilgerfahrt;pouť;pilgrimage;core2000 B1_B2_Religion_Spirituality_Philosophy
Befürchtung/Sorge;obava;concern/worry;core2000 B1_Emotions_Detailed
eifersüchtig sein;žárlit;to be jealous;core2000 B1_B2_Emotion_Verbs_and_Psychology
nachgeben;ustoupit;to give in/concede;core2000 B1_B2_Verbs_of_Communication_and_Thinking
verlorenes Gepäck;ztracené zavazadlo;lost luggage;core2000 B1_Travel_Hotel_Accommodation
Suchmaschine;vyhledávač;search engine;core2000 B1_02_05_Health_Technology_News_Travel
folgen/abonnieren;sledovat/odebírat;to follow/subscribe;core2000 B1_B2_IT_and_Digital_Life
Verteidigung;obhajoba (práce);defense (thesis);core2000 B1_B2_Education_Academic_Life_Extended
untreu;nevěrný;unfaithful;core2000 B1_01_Relationships
Geschworener;porotce;juror;core2000 B1_B2_Law_Crime_Justice_Extended
Meme;meme/mem;meme;core2000 B1_B2_Media_Journalism_Internet
Meditation;meditace;meditation;core2000 B1_B2_Religion_Spirituality_Philosophy
Kassenbon/Quittung;účtenka/paragon;receipt;core2000 B1_B2_Money_Banking_Finance
Empathie/Mitgefühl;empatie/soucit;empathy/compassion;core2000 B1_Emotions_Detailed
mitfühlen;soucítit;to sympathize;core2000 B1_B2_Emotion_Verbs_and_Psychology
aufgeben;vzdát se;to give up;core2000 B1_B2_Verbs_of_Communication_and_Thinking
Zoll;celnice;customs;core2000 B1_Travel_Hotel_Accommodation
soziale Medien;sociální sítě;social media;core2000 B1_02_05_Health_Technology_News_Travel
liken;lajkovat;to like;core2000 B1_B2_IT_and_Digital_Life
Notendurchschnitt;prospěch;grade point average;core2000 B1_B2_Education_Academic_Life_Extended
aufrichtig/ehrlich;upřímný;sincere;core2000 B1_01_Relationships
Ermittlung/Untersuchung;vyšetřování;investigation;core2000 B1_B2_Law_Crime_Justice_Extended
Desinformation;dezinformace;disinformation;core2000 B1_B2_Media_Journalism_Internet
Segen;požehnání;blessing;core2000 B1_B2_Religion_Spirituality_Philosophy
Parkplatz;parkoviště;parking lot;core2000 B1_B2_Architecture_Construction_Urban
Aufregung/Erregung;vzrušení;excitement;core2000 B1_Emotions_Detailed
vergeben / verzeihen;odpustit;to forgive;core2000 B1_B2_Emotion_Verbs_and_Psychology
bestehen (auf);trvat (na);to insist (on);core2000 B1_B2_Verbs_of_Communication_and_Thinking
Start/Abflug;vzlet;takeoff;core2000 B1_Travel_Hotel_Accommodation
App/Anwendung;aplikace;app/application;core2000 B1_02_05_Health_Technology_News_Travel
durchfallen;propadnout;to fail;core2000 B1_B2_Education_Academic_Life_Extended
egoistisch/selbstsüchtig;sobecký;selfish;core2000 B1_01_Relationships
Erdbeben;zemětřesení;earthquake;core2000 B1_06_10_Career_Environment_History_Law_Abstract
Verhaftung/Festnahme;zatčení/zadržení;arrest/detention;core2000 B1_B2_Law_Crime_Justice_Extended
Fake News;falešná zpráva/hoax;fake news;core2000 B1_B2_Media_Journalism_Internet
Fluch;kletba/prokletí;curse;core2000 B1_B2_Religion_Spirituality_Philosophy
Schulden;dluh;debt;core2000 B1_B2_Money_Banking_Finance
Unterführung;podchod;underpass;core2000 B1_B2_Architecture_Construction_Urban
Staunen/Erstaunen;úžas;astonishment;core2000 B1_Emotions_Detailed
anerkennen;uznat;to acknowledge;core2000 B1_B2_Verbs_of_Communication_and_Thinking
Landung;přistání;landing;core2000 B1_Travel_Hotel_Accommodation
Update;aktualizace;update;core2000 B1_02_05_Health_Technology_News_Travel
Videoanruf;videohovor;video call;core2000 B1_B2_IT_and_Digital_Life
bestehen;složit (zkoušku);to pass (exam);core2000 B1_B2_Education_Academic_Life_Extended
fürsorglich;starostlivý;caring;core2000 B1_01_Relationships
Armut;chudoba;poverty;core2000 B1_06_10_Career_Environment_History_Law_Abstract
Anklage;obvinění;accusation/charge;core2000 B1_B2_Law_Crime_Justice_Extended
Faktencheck;fakt/ověřování faktů;fact-checking;core2000 B1_B2_Media_Journalism_Internet
Sein/Existenz;bytí/existence;being/existence;core2000 B1_B2_Religion_Spirituality_Philosophy
Zins(en);úrok;interest;core2000 B1_B2_Money_Banking_Finance
Überführung/Brücke;nadjezd/most;overpass/flyover;core2000 B1_B2_Architecture_Construction_Urban
verachten;pohrdnout;to despise;core2000 B1_B2_Emotion_Verbs_and_Psychology
Umsteigen/Anschlussflug;přestup (letecký);connecting flight/transfer;core2000 B1_Travel_Hotel_Accommodation
künstliche Intelligenz;umělá inteligence;artificial intelligence;core2000 B1_02_05_Health_Technology_News_Travel
Auszeichnung;vyznamenání;honors/distinction;core2000 B1_B2_Education_Academic_Life_Extended
Ungleichheit;nerovnost;inequality;core2000 B1_06_10_Career_Environment_History_Law_Abstract
Gerichtsverfahren/Prozess;soudní řízení/proces;trial;core2000 B1_B2_Law_Crime_Justice_Extended
Clickbait;clickbait;clickbait;core2000 B1_B2_Media_Journalism_Internet
Wesen/Essenz;podstata/esence;essence;core2000 B1_B2_Religion_Spirituality_Philosophy
Hypothek;hypotéka;mortgage;core2000 B1_B2_Money_Banking_Finance
Park;park;park;core2000 B1_B2_Architecture_Construction_Urban
sich opfern;obětovat se;to sacrifice oneself;core2000 B1_B2_Emotion_Verbs_and_Psychology
nachdenken/überlegen;přemýšlet;to reflect/ponder;core2000 B1_B2_Verbs_of_Communication_and_Thinking
Flugverspätung;zpoždění letu;flight delay;core2000 B1_Travel_Hotel_Accommodation
Daten;data/údaje;data;core2000 B1_02_05_Health_Technology_News_Travel
streamen;streamovat;to stream;core2000 B1_B2_IT_and_Digital_Life
Referat;referát;paper/presentation;core2000 B1_B2_Education_Academic_Life_Extended
ergeben/hingegeben;oddaný;devoted;core2000 B1_01_Relationships
Obdachloser;bezdomovec;homeless person;core2000 B1_06_10_Career_Environment_History_Law_Abstract
Verhör/Vernehmung;výslech;interrogation;core2000 B1_B2_Law_Crime_Justice_Extended
Algorithmus;algoritmus (sociálních sítí);algorithm;core2000 B1_B2_Media_Journalism_Internet
Wirklichkeit/Realität;skutečnost/realita;reality;core2000 B1_B2_Religion_Spirituality_Philosophy
Rente/Pension;důchod/penze;pension/retirement;core2000 B1_B2_Money_Banking_Finance
erwägen/in Betracht ziehen;uvažovat;to consider;core4000 B1_B2_Verbs_of_Communication_and_Thinking
gestrichener/annullierter Flug;zrušený let;cancelled flight;core4000 B1_Travel_Hotel_Accommodation
Netzwerk;síť;network;core4000 B1_02_05_Health_Technology_News_Travel
Inhalt/Content;obsah/content;content;core4000 B1_B2_IT_and_Digital_Life
Aufsatz/Essay;esej;essay;core4000 B1_B2_Education_Academic_Life_Extended
unabhängig;nezávislý;independent;core4000 B1_01_Relationships
Freiwilliger/Ehrenamtlicher;dobrovolník;volunteer;core4000 B1_06_10_Career_Environment_History_Law_Abstract
Beweis;důkaz;evidence;core4000 B1_B2_Law_Crime_Justice_Extended
Filter/Blase;filtr/bublina;filter bubble;core4000 B1_B2_Media_Journalism_Internet
Illusion/Täuschung;iluze/přelud;illusion;core4000 B1_B2_Religion_Spirituality_Philosophy
Vorort/Vorstadt;předměstí;suburb;core4000 B1_B2_Architecture_Construction_Urban
psychische Gesundheit;duševní zdraví;mental health;core4000 B1_B2_Emotion_Verbs_and_Psychology
Turbulenzen;turbulence;turbulence;core4000 B1_Travel_Hotel_Accommodation
kabellos/drahtlos;bezdrátový;wireless;core4000 B1_02_05_Health_Technology_News_Travel
Algorithmus;algoritmus;algorithm;core4000 B1_B2_IT_and_Digital_Life
Seminararbeit;seminární práce;seminar paper;core4000 B1_B2_Education_Academic_Life_Extended
Wohltätigkeit;charita;charity;core4000 B1_06_10_Career_Environment_History_Law_Abstract
Alibi;alibi;alibi;core4000 B1_B2_Law_Crime_Justice_Extended
Trolling;trolling;trolling;core4000 B1_B2_Media_Journalism_Internet
Schicksal;osud;fate/destiny;core4000 B1_B2_Religion_Spirituality_Philosophy
Bankrott/Insolvenz;bankrot;bankruptcy;core4000 B1_B2_Money_Banking_Finance
Industriegebiet;průmyslová zóna;industrial zone;core4000 B1_B2_Architecture_Construction_Urban
Angststörung;úzkostná porucha;anxiety disorder;core4000 B1_B2_Emotion_Verbs_and_Psychology
schätzen;odhadovat;to estimate;core4000 B1_B2_Verbs_of_Communication_and_Thinking
Notlandung;nouzové přistání;emergency landing;core4000 B1_Travel_Hotel_Accommodation
Bachelorarbeit;bakalářská práce;bachelor's thesis;core4000 B1_B2_Education_Academic_Life_Extended
Geschichte;dějiny/historie;history;core4000 B1_06_10_Career_Environment_History_Law_Abstract
Urteil;rozsudek/verdikt;verdict/sentence;core4000 B1_B2_Law_Crime_Justice_Extended
Content Creator;tvůrce obsahu;content creator;core4000 B1_B2_Media_Journalism_Internet
Sinn des Lebens;smysl života;meaning of life;core4000 B1_B2_Religion_Spirituality_Philosophy
Einkaufszentrum;obchodní centrum;shopping center;core4000 B1_B2_Architecture_Construction_Urban
Zwei-Faktor-Authentifizierung;dvoufázové ověření;2FA;core4000 B1_B2_IT_and_Digital_Life
Masterarbeit/Diplomarbeit;diplomová práce;master's thesis;core4000 B1_B2_Education_Academic_Life_Extended
Jahrhundert;století;century;core4000 B1_06_10_Career_Environment_History_Law_Abstract
schuldig;vinný;guilty;core4000 B1_B2_Law_Crime_Justice_Extended
Video;video/videoklip;video;core4000 B1_B2_Media_Journalism_Internet
Unsterblichkeit;nesmrtelnost;immortality;core4000 B1_B2_Religion_Spirituality_Philosophy
Markt/Marktplatz;tržiště/trh;market;core4000 B1_B2_Architecture_Construction_Urban
Burnout;vyhoření / burnout;burnout;core4000 B1_B2_Emotion_Verbs_and_Psychology
bewerten/beurteilen;hodnotit;to evaluate;core4000 B1_B2_Verbs_of_Communication_and_Thinking
Verschlüsselung;šifrování;encryption;core4000 B1_B2_IT_and_Digital_Life
Dissertation/Doktorarbeit;disertace/dizertace;dissertation/PhD thesis;core4000 B1_B2_Education_Academic_Life_Extended
Krieg;válka;war;core4000 B1_06_10_Career_Environment_History_Law_Abstract
unschuldig;nevinný;not guilty;core4000 B1_B2_Law_Crime_Justice_Extended
Ewigkeit;věčnost;eternity;core4000 B1_B2_Religion_Spirituality_Philosophy
Hafen;přístav;port/harbor;core4000 B1_B2_Architecture_Construction_Urban
vergleichen;srovnávat/porovnávat;to compare;core4000 B1_B2_Verbs_of_Communication_and_Thinking
Virus/Schadsoftware;virus/malware;virus/malware;core4000 B1_B2_IT_and_Digital_Life
Abstract/Zusammenfassung;abstrakt;abstract;core4000 B1_B2_Education_Academic_Life_Extended
Frieden;mír;peace;core4000 B1_06_10_Career_Environment_History_Law_Abstract
Berufung;odvolání;appeal;core4000 B1_B2_Law_Crime_Justice_Extended
Grafik;grafika;graphic;core4000 B1_B2_Media_Journalism_Internet
Moral/Sittlichkeit;mravnost/morálka;morality;core4000 B1_B2_Religion_Spirituality_Philosophy
Kanalisation;kanalizace;sewage system;core4000 B1_B2_Architecture_Construction_Urban
Panikattacke;panická ataka;panic attack;core4000 B1_B2_Emotion_Verbs_and_Psychology
unterscheiden;rozlišovat;to distinguish;core4000 B1_B2_Verbs_of_Communication_and_Thinking
Pressesprecher/in;tiskový mluvčí;spokesperson;core4000 B1_02_05_Health_Technology_News_Travel
Hacker;hacker;hacker;core4000 B1_B2_IT_and_Digital_Life
Bibliografie/Literaturverzeichnis;bibliografie/seznam literatury;bibliography;core4000 B1_B2_Education_Academic_Life_Extended
Schlacht;bitva;battle;core4000 B1_06_10_Career_Environment_History_Law_Abstract
Strafe/Geldstrafe;pokuta/trest;fine/penalty;core4000 B1_B2_Law_Crime_Justice_Extended
Thumbnail/Vorschaubild;miniatura/náhled;thumbnail;core4000 B1_B2_Media_Journalism_Internet
Tugend;ctnost;virtue;core4000 B1_B2_Religion_Spirituality_Philosophy
Wasserleitung;vodovod;water supply;core4000 B1_B2_Architecture_Construction_Urban
Phobie;fobie;phobia;core4000 B1_B2_Emotion_Verbs_and_Psychology
verallgemeinern;zobecňovat;to generalize;core4000 B1_B2_Verbs_of_Communication_and_Thinking
Datenschutz;soukromí/ochrana dat;privacy/data protection;core4000 B1_B2_IT_and_Digital_Life
Fußnote;poznámka pod čarou;footnote;core4000 B1_B2_Education_Academic_Life_Extended
Sieg;vítězství;victory;core4000 B1_06_10_Career_Environment_History_Law_Abstract
Bewährungsstrafe;podmínečný trest;suspended sentence;core4000 B1_B2_Law_Crime_Justice_Extended
Untertitel;titulky (u videa);subtitles;core4000 B1_B2_Media_Journalism_Internet
Laster;neřest;vice;core4000 B1_B2_Religion_Spirituality_Philosophy
bauen;stavět;to build;core4000 B1_B2_Architecture_Construction_Urban
Psychotherapie;psychoterapie;psychotherapy;core4000 B1_B2_Emotion_Verbs_and_Psychology
folgern/schlussfolgern;dedukovat/vyvozovat;to deduce/conclude;core4000 B1_B2_Verbs_of_Communication_and_Thinking
Umfrage;průzkum;survey/poll;core4000 B1_02_05_Health_Technology_News_Travel
Backup/Sicherungskopie;záloha/backup;backup;core4000 B1_B2_IT_and_Digital_Life
Zitat;citace;citation/quote;core4000 B1_B2_Education_Academic_Life_Extended
Niederlage;porážka;defeat;core4000 B1_06_10_Career_Environment_History_Law_Abstract
lebenslänglich;doživotí;life sentence;core4000 B1_B2_Law_Crime_Justice_Extended
Schnitt/Bearbeitung;střih/editování;editing;core4000 B1_B2_Media_Journalism_Internet
Gerechtigkeit;spravedlnost;justice;core4000 B1_B2_Religion_Spirituality_Philosophy
abreißen/abbauen;zbourat/zdemolovat;to demolish;core4000 B1_B2_Architecture_Construction_Urban
Therapeut / Psychologe;terapeut / psycholog;therapist / psychologist;core4000 B1_B2_Emotion_Verbs_and_Psychology
Ereignis;událost;event;core4000 B1_02_05_Health_Technology_News_Travel
aktualisieren/updaten;aktualizovat;to update;core4000 B1_B2_IT_and_Digital_Life
Plagiat;plagiát;plagiarism;core4000 B1_B2_Education_Academic_Life_Extended
König;král;king;core4000 B1_06_10_Career_Environment_History_Law_Abstract
Gefängnis;vězení;prison;core4000 B1_B2_Law_Crime_Justice_Extended
Urheberrecht;autorská práva;copyright;core4000 B1_B2_Media_Journalism_Internet
Gleichheit;rovnost;equality;core4000 B1_B2_Religion_Spirituality_Philosophy
renovieren/sanieren;rekonstruovat/renovovat;to renovate;core4000 B1_B2_Architecture_Construction_Urban
Stressbewältigung;zvládání (stresu);coping (with stress);core4000 B1_B2_Emotion_Verbs_and_Psychology
vermuten;domýšlet se;to guess/suspect;core4000 B1_B2_Verbs_of_Communication_and_Thinking
Rezension/Gutachten;recenze/posudek;review/peer review;core4000 B1_B2_Education_Academic_Life_Extended
Königin;královna;queen;core4000 B1_06_10_Career_Environment_History_Law_Abstract
Entlassung/Freilassung;propuštění;release;core4000 B1_B2_Law_Crime_Justice_Extended
Lizenzgebühr;licenční poplatek;royalty/license fee;core4000 B1_B2_Media_Journalism_Internet
Willensfreiheit;svoboda vůle;free will;core4000 B1_B2_Religion_Spirituality_Philosophy
entwerfen/planen;projektovat/navrhovat;to design;core4000 B1_B2_Architecture_Construction_Urban
realisieren/erkennen;realizovat/uvědomit si;to realize;core4000 B1_B2_Verbs_of_Communication_and_Thinking
veröffentlichen/publizieren;publikovat;to publish;core4000 B1_B2_Education_Academic_Life_Extended
Kaiser;císař;emperor;core4000 B1_06_10_Career_Environment_History_Law_Abstract
Rehabilitation;rehabilitace;rehabilitation;core4000 B1_B2_Law_Crime_Justice_Extended
Monetarisierung;monetizace;monetization;core4000 B1_B2_Media_Journalism_Internet
Determinismus;determinismus;determinism;core4000 B1_B2_Religion_Spirituality_Philosophy
verstehen/begreifen;chápat/rozumět;to understand/grasp;core4000 B1_B2_Verbs_of_Communication_and_Thinking
Schüler;žák;pupil/student (school);core4000 B1_B2_Education_Academic_Life_Extended
Revolution;revoluce;revolution;core4000 B1_06_10_Career_Environment_History_Law_Abstract
Rettung;záchrana;rescue;core4000 B1_02_05_Health_Technology_News_Travel
Unabhängigkeit;nezávislost;independence;core4000 B1_06_10_Career_Environment_History_Law_Abstract
notieren/aufschreiben;zapisovat;to write down/note;core4000 B1_B2_Verbs_of_Communication_and_Thinking
Protest;protest;protest;core4000 B1_02_05_Health_Technology_News_Travel
Absolvent;absolvent;graduate;core4000 B1_B2_Education_Academic_Life_Extended
Tradition;tradice;tradition;core4000 B1_06_10_Career_Environment_History_Law_Abstract
Kran;jeřáb;crane;core4000 B1_B2_Architecture_Construction_Urban
umschreiben/abschreiben;přepisovat;to rewrite/copy;core4000 B1_B2_Verbs_of_Communication_and_Thinking
Wahlen;volby;elections;core4000 B1_02_05_Health_Technology_News_Travel
Autodidakt;samouk;self-taught person;core4000 B1_B2_Education_Academic_Life_Extended
Brauch/Sitte;zvyk/obyčej;custom;core4000 B1_06_10_Career_Environment_History_Law_Abstract
Gerüst;lešení;scaffolding;core4000 B1_B2_Architecture_Construction_Urban
unterschreiben;podepsat;to sign;core4000 B1_B2_Verbs_of_Communication_and_Thinking
wählen/abstimmen;hlasovat;to vote;core4000 B1_02_05_Health_Technology_News_Travel
Stipendiat;stipendista;scholarship holder;core4000 B1_B2_Education_Academic_Life_Extended
Weihnachten;Vánoce;Christmas;core4000 B1_06_10_Career_Environment_History_Law_Abstract
Baustelle;staveniště;construction site;core4000 B1_B2_Architecture_Construction_Urban
redigieren/bearbeiten;redigovat/upravit;to edit;core4000 B1_B2_Verbs_of_Communication_and_Thinking
öffentliche Meinung;veřejné mínění;public opinion;core4000 B1_02_05_Health_Technology_News_Travel
Doktorand;doktorand;PhD student;core4000 B1_B2_Education_Academic_Life_Extended
Ostern;Velikonoce;Easter;core4000 B1_06_10_Career_Environment_History_Law_Abstract
Pressefreiheit;svoboda tisku;press freedom;core4000 B1_02_05_Health_Technology_News_Travel
begabt/talentiert;nadaný/talentovaný;gifted/talented;core4000 B1_B2_Education_Academic_Life_Extended
Feiertag;svátek;holiday/feast;core4000 B1_06_10_Career_Environment_History_Law_Abstract
übersetzen;přeložit;to translate;core4000 B1_B2_Verbs_of_Communication_and_Thinking
Fleiß;píle/pracovitost;diligence/hard work;core4000 B1_B2_Education_Academic_Life_Extended
Volkslied;lidová píseň;folk song;core4000 B1_06_10_Career_Environment_History_Law_Abstract
dolmetschen;tlumočit;to interpret;core4000 B1_B2_Verbs_of_Communication_and_Thinking
Korruption;korupce;corruption;core4000 B1_02_05_Health_Technology_News_Travel
Faulheit;lenost;laziness;core4000 B1_B2_Education_Academic_Life_Extended
Legende/Sage;pověst/legenda;legend;core4000 B1_06_10_Career_Environment_History_Law_Abstract
formulieren;formulovat;to formulate;core4000 B1_B2_Verbs_of_Communication_and_Thinking
Erklärung;prohlášení;statement;core4000 B1_02_05_Health_Technology_News_Travel
Motivation;motivace;motivation;core4000 B1_B2_Education_Academic_Life_Extended
Reisepass;cestovní pas;passport;core4000 B1_02_05_Health_Technology_News_Travel
Visum;vízum;visa;core4000 B1_02_05_Health_Technology_News_Travel
Versicherung;pojištění;insurance;core4000 B1_02_05_Health_Technology_News_Travel
Gericht;soud;court;core4000 B1_06_10_Career_Environment_History_Law_Abstract
Unterkunft;ubytování;accommodation;core4000 B1_02_05_Health_Technology_News_Travel
Reservierung;rezervace;reservation;core4000 B1_02_05_Health_Technology_News_Travel
Beschwerde/Reklamation;stížnost/reklamace;complaint;core4000 B1_02_05_Health_Technology_News_Travel
Angeklagter;obžalovaný;defendant;core4000 B1_06_10_Career_Environment_History_Law_Abstract
Stornierung;zrušení;cancellation;core4000 B1_02_05_Health_Technology_News_Travel
Reiseführer;průvodce;guide;core4000 B1_02_05_Health_Technology_News_Travel
Strafe;trest;punishment;core4000 B1_06_10_Career_Environment_History_Law_Abstract
Sehenswürdigkeit/Denkmal;památka;monument/sight;core4000 B1_02_05_Health_Technology_News_Travel
Strand;pláž;beach;core4000 B1_02_05_Health_Technology_News_Travel
Berghütte;horská chata;mountain hut;core4000 B1_02_05_Health_Technology_News_Travel
Wanderung/Ausflug;túra/výlet;hike/trip;core4000 B1_02_05_Health_Technology_News_Travel
Rucksack;batoh;backpack;core4000 B1_02_05_Health_Technology_News_Travel
Karte/Landkarte;mapa;map;core4000 B1_02_05_Health_Technology_News_Travel
Wechselstube;směnárna;currency exchange;core4000 B1_02_05_Health_Technology_News_Travel
Freiheit;svoboda;freedom;core4000 B1_06_10_Career_Environment_History_Law_Abstract
Botschaft;ambasáda;embassy;core4000 B1_02_05_Health_Technology_News_Travel
Verfassung/Grundgesetz;ústava;constitution;core4000 B1_06_10_Career_Environment_History_Law_Abstract
örtlich/lokal;místní;local;core4000 B1_02_05_Health_Technology_News_Travel
Bürger;občan;citizen;core4000 B1_06_10_Career_Environment_History_Law_Abstract
Ursache/Grund;příčina;cause/reason;core4000 B1_06_10_Career_Environment_History_Law_Abstract
Folge/Konsequenz;důsledek/následek;consequence;core4000 B1_06_10_Career_Environment_History_Law_Abstract
Einfluss;vliv;influence;core4000 B1_06_10_Career_Environment_History_Law_Abstract
Vorteil;výhoda;advantage;core4000 B1_06_10_Career_Environment_History_Law_Abstract
Nachteil;nevýhoda;disadvantage;core4000 B1_06_10_Career_Environment_History_Law_Abstract
Risiko;riziko;risk;core4000 B1_06_10_Career_Environment_History_Law_Abstract
Gelegenheit/Chance;příležitost;opportunity;core4000 B1_06_10_Career_Environment_History_Law_Abstract
Lösung;řešení;solution;core4000 B1_06_10_Career_Environment_History_Law_Abstract
Vorschlag;návrh;proposal/suggestion;core4000 B1_06_10_Career_Environment_History_Law_Abstract
Wahrscheinlichkeit;pravděpodobnost;probability;core4000 B1_06_10_Career_Environment_History_Law_Abstract
Ziel/Zweck;účel/cíl;goal/purpose;core4000 B1_06_10_Career_Environment_History_Law_Abstract
Meinung;názor;opinion;core4000 B1_06_10_Career_Environment_History_Law_Abstract
Haltung/Einstellung;postoj;attitude;core4000 B1_06_10_Career_Environment_History_Law_Abstract
Umfang/Bereich;rozsah/rozsah;scope/range;core4000 B1_06_10_Career_Environment_History_Law_Abstract
Umstand;okolnost;circumstance;core4000 B1_06_10_Career_Environment_History_Law_Abstract
Erfolg;úspěch;success;core4000 B1_06_10_Career_Environment_History_Law_Abstract
Misserfolg;neúspěch/selhání;failure;core4000 B1_06_10_Career_Environment_History_Law_Abstract
Daumen drücken;držet palce/pěsti;;core4000 Idioms_Extended
Schinken;šunka;;core4000 German_Loanwords_in_Czech_and_Polish
verursachen;způsobit;to cause;core4000 B2_Verbs_of_Change_and_Causation
Armee/Militär;armáda/vojsko;army/military;core4000 B2_Military_Conflict_Security
Operation;operace;surgery/operation;core4000 B2_06_10_Medicine_Legal_Tech_Education_Idioms
Energie;energie;energy;core4000 B2_Energy_Environment_Sustainability
eine Entscheidung treffen;učinit rozhodnutí;to make a decision;core4000 B2_Essential_Collocations
Regierung;vláda;government;core4000 B2_01_05_Politics_Economy_Science_Arts_Psychology
Gedanke;myšlenka;thought;core4000 B2_C1_Abstract_Nouns_and_Academic_Vocabulary
das Eis brechen;prolomit ledy;break the ice;core4000 Shared_Idioms
Knödel;knedlík;;core4000 German_Loanwords_in_Czech_and_Polish
ermöglichen;umožnit;to enable;core4000 B2_Verbs_of_Change_and_Causation
Soldat;voják;soldier;core4000 B2_Military_Conflict_Security
Transplantation;transplantace;transplant;core4000 B2_06_10_Medicine_Legal_Tech_Education_Idioms
Strom/Elektrizität;elektřina;electricity;core4000 B2_Energy_Environment_Sustainability
einen Fehler machen;udělat chybu;to make a mistake;core4000 B2_Essential_Collocations
auch/ebenfalls;také/rovněž;also/as well;core4000 B2_C1_Connectors_and_Discourse_Markers
Obdachlosigkeit;bezdomovectví;homelessness;core4000 B2_Social_Issues_and_Society
Idee/Einfall;nápad;idea;core4000 B2_C1_Abstract_Nouns_and_Academic_Vocabulary
kalte Schulter;chladné přijetí;;core4000 Idioms_Extended
die Zähne zusammenbeißen;skousnout to;bite the bullet;core4000 Shared_Idioms
Schnitte;šnita;;core4000 German_Loanwords_in_Czech_and_Polish
verhindern;zabránit;to prevent;core4000 B2_Verbs_of_Change_and_Causation
Offizier;důstojník;officer;core4000 B2_Military_Conflict_Security
Anästhesie/Narkose;anestezie;anesthesia;core4000 B2_06_10_Medicine_Legal_Tech_Education_Idioms
Kernenergie/Atomenergie;jaderná energie;nuclear energy;core4000 B2_Energy_Environment_Sustainability
Verantwortung tragen;nést odpovědnost;to bear responsibility;core4000 B2_Essential_Collocations
dazu/ferner;k tomu/dále;in addition;core4000 B2_C1_Connectors_and_Discourse_Markers
politische Partei;politická strana;political party;core4000 B2_01_05_Politics_Economy_Science_Arts_Psychology
Arbeitslosigkeit;nezaměstnanost;unemployment;core4000 B2_Social_Issues_and_Society
Bewusstsein;povědomí/uvědomění;awareness;core4000 B2_C1_Abstract_Nouns_and_Academic_Vocabulary
den Kopf verlieren;ztratit hlavu;;core4000 Idioms_Extended
Brücken abbrechen;pálit mosty;burn bridges;core4000 Shared_Idioms
Würstel/Wurst;vuřt/klobása;;core4000 German_Loanwords_in_Czech_and_Polish
beeinflussen;ovlivnit;to influence;core4000 B2_Verbs_of_Change_and_Causation
General;generál;general;core4000 B2_Military_Conflict_Security
Solarenergie/Sonnenenergie;solární energie;solar energy;core4000 B2_Energy_Environment_Sustainability
ein Risiko eingehen;podstoupit riziko;to take a risk;core4000 B2_Essential_Collocations
und zwar/nämlich;a to/totiž;namely;core4000 B2_C1_Connectors_and_Discourse_Markers
Abgeordneter;poslanec;member of parliament;core4000 B2_01_05_Politics_Economy_Science_Arts_Psychology
Wissen/Kenntnis;znalost;knowledge;core4000 B2_C1_Abstract_Nouns_and_Academic_Vocabulary
ein Auge zudrücken;přivřít oči;;core4000 Idioms_Extended
Zeit ist Geld;čas jsou peníze;time is money;core4000 Shared_Idioms
zwingen;přinutit;to force;core4000 B2_Verbs_of_Change_and_Causation
Kommandant/Befehlshaber;velitel;commander;core4000 B2_Military_Conflict_Security
Immunität;imunita;immunity;core4000 B2_06_10_Medicine_Legal_Tech_Education_Idioms
Windenergie;větrná energie;wind energy;core4000 B2_Energy_Environment_Sustainability
eine Bedingung erfüllen;splnit podmínku;to meet a condition;core4000 B2_Essential_Collocations
Senator;senátor;senator;core4000 B2_01_05_Politics_Economy_Science_Arts_Psychology
Diskriminierung;diskriminace;discrimination;core4000 B2_Social_Issues_and_Society
Unwissenheit;nevědomost/neznalost;ignorance;core4000 B2_C1_Abstract_Nouns_and_Academic_Vocabulary
Auge um Auge;oko za oko;an eye for an eye;core4000 Shared_Idioms
Mandel;mandle;;core4000 German_Loanwords_in_Czech_and_Polish
motivieren;motivovat;to motivate;core4000 B2_Verbs_of_Change_and_Causation
Marine;námořnictvo;navy;core4000 B2_Military_Conflict_Security
Infektion;infekce;infection;core4000 B2_06_10_Medicine_Legal_Tech_Education_Idioms
Wasserkraft;vodní energie;hydropower;core4000 B2_Energy_Environment_Sustainability
ein Ziel erreichen;dosáhnout cíle;to achieve a goal;core4000 B2_Essential_Collocations
mindestens/zumindest;přinejmenším;at least;core4000 B2_C1_Connectors_and_Discourse_Markers
Ministerium;ministerstvo;ministry;core4000 B2_01_05_Politics_Economy_Science_Arts_Psychology
Rassismus;rasismus;racism;core4000 B2_Social_Issues_and_Society
Annahme/Vermutung;domněnka/předpoklad;assumption;core4000 B2_C1_Abstract_Nouns_and_Academic_Vocabulary
Krokodilstränen vergießen;ronit krokodýlí slzy;;core4000 Idioms_Extended
Nudel;nudle;;core4000 German_Loanwords_in_Czech_and_Polish
inspirieren;inspirovat;to inspire;core4000 B2_Verbs_of_Change_and_Causation
Luftwaffe;letectvo;air force;core4000 B2_Military_Conflict_Security
chronisch;chronický;chronic;core4000 B2_06_10_Medicine_Legal_Tech_Education_Idioms
Geothermie;geotermální energie;geothermal energy;core4000 B2_Energy_Environment_Sustainability
Anstrengungen unternehmen;vyvinout úsilí;to make an effort;core4000 B2_Essential_Collocations
Gesetzgeber;zákonodárce;legislator;core4000 B2_01_05_Politics_Economy_Science_Arts_Psychology
Sexismus;sexismus;sexism;core4000 B2_Social_Issues_and_Society
Zweifel;pochybnost;doubt;core4000 B2_C1_Abstract_Nouns_and_Academic_Vocabulary
Schicht;šichta;;core4000 German_Loanwords_in_Czech_and_Polish
überzeugen;přesvědčit;to convince;core4000 B2_Verbs_of_Change_and_Causation
Infanterie;pěchota;infantry;core4000 B2_Military_Conflict_Security
akut;akutní;acute;core4000 B2_06_10_Medicine_Legal_Tech_Education_Idioms
Biomasse;biomasa;biomass;core4000 B2_Energy_Environment_Sustainability
Erfahrung sammeln;získat zkušenosti;to gain experience;core4000 B2_Essential_Collocations
Referendum;referendum;referendum;core4000 B2_01_05_Politics_Economy_Science_Arts_Psychology
Xenophobie/Fremdenfeindlichkeit;xenofobie;xenophobia;core4000 B2_Social_Issues_and_Society
Gewissheit/Sicherheit;jistota;certainty;core4000 B2_C1_Abstract_Nouns_and_Academic_Vocabulary
Ellenbogengesellschaft;vlk vlku vlkem;;core4000 Idioms_Extended
Putz;puc/putz;;core4000 German_Loanwords_in_Czech_and_Polish
abschrecken/entmutigen;odradit;to discourage;core4000 B2_Verbs_of_Change_and_Causation
Garnison/Besatzung;posádka;garrison;core4000 B2_Military_Conflict_Security
Dosis;dávka (léku);dose;core4000 B2_06_10_Medicine_Legal_Tech_Education_Idioms
fossile Brennstoffe;fosilní paliva;fossil fuels;core4000 B2_Energy_Environment_Sustainability
eine Änderung vornehmen;provést změnu;to make a change;core4000 B2_Essential_Collocations
Kampagne;kampaň;campaign;core4000 B2_01_05_Politics_Economy_Science_Arts_Psychology
Homophobie;homofobie;homophobia;core4000 B2_Social_Issues_and_Society
Urteil;úsudek;judgment;core4000 B2_C1_Abstract_Nouns_and_Academic_Vocabulary
Kinderspiel;hračka/brnkačka;;core4000 Idioms_Extended
Flasche;flaška;;core4000 German_Loanwords_in_Czech_and_Polish
ermutigen/ermuntern;povzbudit;to encourage;core4000 B2_Verbs_of_Change_and_Causation
Basis/Stützpunkt;základna;base;core4000 B2_Military_Conflict_Security
Nebenwirkungen;vedlejší účinky;side effects;core4000 B2_06_10_Medicine_Legal_Tech_Education_Idioms
Kohle;uhlí;coal;core4000 B2_Energy_Environment_Sustainability
einen Vorschlag machen;předložit návrh;to make a proposal;core4000 B2_Essential_Collocations
Kandidat;kandidát;candidate;core4000 B2_01_05_Politics_Economy_Science_Arts_Psychology
Mobbing/Schikane;šikana/bullying;bullying;core4000 B2_Social_Issues_and_Society
Überzeugung;přesvědčení;conviction/belief;core4000 B2_C1_Abstract_Nouns_and_Academic_Vocabulary
die Bohnen ausplaudern;vyzradit tajemství;;core4000 Idioms_Extended
erhöhen/steigern;zvýšit/zvětšit;to increase/raise;core4000 B2_Verbs_of_Change_and_Causation
Waffe;zbraň;weapon;core4000 B2_Military_Conflict_Security
Blutgruppe;krevní skupina;blood type;core4000 B2_06_10_Medicine_Legal_Tech_Education_Idioms
Erdöl;ropa/nafta;petroleum/oil;core4000 B2_Energy_Environment_Sustainability
einen Vertrag abschließen;uzavřít smlouvu;to sign/conclude a contract;core4000 B2_Essential_Collocations
Abstimmung;hlasování;voting;core4000 B2_01_05_Politics_Economy_Science_Arts_Psychology
Kriminalität;kriminalita;crime (rate);core4000 B2_Social_Issues_and_Society
Logik;logika;logic;core4000 B2_C1_Abstract_Nouns_and_Academic_Vocabulary
klein beigeben;sníst hadrák;;core4000 Idioms_Extended
Kachel;kachel/kachlík;;core4000 German_Loanwords_in_Czech_and_Polish
senken/verringern;snížit/zmenšit;to decrease/lower;core4000 B2_Verbs_of_Change_and_Causation
Gewehr;puška;rifle;core4000 B2_Military_Conflict_Security
Spender;dárce (orgánů);donor;core4000 B2_06_10_Medicine_Legal_Tech_Education_Idioms
Erdgas;zemní plyn;natural gas;core4000 B2_Energy_Environment_Sustainability
kündigen;podat výpověď;to resign/give notice;core4000 B2_Essential_Collocations
Mehrheit;většina;majority;core4000 B2_01_05_Politics_Economy_Science_Arts_Psychology
Sucht/Abhängigkeit;závislost (drogy, alkohol);addiction;core4000 B2_Social_Issues_and_Society
Verstand/Vernunft;rozum;reason/mind;core4000 B2_C1_Abstract_Nouns_and_Academic_Vocabulary
erweitern/ausbreiten;rozšířit;to expand/widen;core4000 B2_Verbs_of_Change_and_Causation
Pistole;pistole;pistol;core4000 B2_Military_Conflict_Security
Genetik;genetika;genetics;core4000 B2_06_10_Medicine_Legal_Tech_Education_Idioms
Kraftwerk;elektrárna;power plant;core4000 B2_Energy_Environment_Sustainability
Verhandlungen führen;vést jednání;to conduct negotiations;core4000 B2_Essential_Collocations
trotzdem/nichtsdestoweniger;i přesto/přesto;still/yet;core4000 B2_C1_Connectors_and_Discourse_Markers
Minderheit;menšina;minority;core4000 B2_01_05_Politics_Economy_Science_Arts_Psychology
Menschenhandel;obchod s lidmi;human trafficking;core4000 B2_Social_Issues_and_Society
Weisheit;moudrost;wisdom;core4000 B2_C1_Abstract_Nouns_and_Academic_Vocabulary
ein Vermögen kosten;stát majlant;;core4000 Idioms_Extended
Rathaus;radnice;;core4000 German_Loanwords_in_Czech_and_Polish
einschränken/verengen;zúžit/omezit;to narrow/limit;core4000 B2_Verbs_of_Change_and_Causation
Bombe;bomba;bomb;core4000 B2_Military_Conflict_Security
Psychiatrie;psychiatrie;psychiatry;core4000 B2_06_10_Medicine_Legal_Tech_Education_Idioms
Solarpanel;solární panel;solar panel;core4000 B2_Energy_Environment_Sustainability
eine Frist einhalten;dodržet termín;to meet a deadline;core4000 B2_Essential_Collocations
Diplomaten;diplomaté;diplomats;core4000 B2_01_05_Politics_Economy_Science_Arts_Psychology
Kinderarbeit;dětská práce;child labor;core4000 B2_Social_Issues_and_Society
Dummheit;hloupost;stupidity;core4000 B2_C1_Abstract_Nouns_and_Academic_Vocabulary
Markt/Ring;rynek;;core4000 German_Loanwords_in_Czech_and_Polish
Rakete/Geschoss;raketa/střela;missile/rocket;core4000 B2_Military_Conflict_Security
Therapie;terapie;therapy;core4000 B2_06_10_Medicine_Legal_Tech_Education_Idioms
Windturbine;větrná turbína;wind turbine;core4000 B2_Energy_Environment_Sustainability
das Budget überschreiten;překročit rozpočet;to exceed the budget;core4000 B2_Essential_Collocations
Sanktionen;sankce;sanctions;core4000 B2_01_05_Politics_Economy_Science_Arts_Psychology
Umweltverschmutzung;znečištění prostředí;environmental pollution;core4000 B2_Social_Issues_and_Society
Fantasie/Vorstellungskraft;představivost;imagination;core4000 B2_C1_Abstract_Nouns_and_Academic_Vocabulary
Nachtschichten schieben;pálit půlnoční olej;;core4000 Idioms_Extended
Meister;mistr;;core4000 German_Loanwords_in_Czech_and_Polish
Panzer;tank;tank;core4000 B2_Military_Conflict_Security
Strafrecht;trestní právo;criminal law;core4000 B2_06_10_Medicine_Legal_Tech_Education_Idioms
Luftverschmutzung;znečištění ovzduší;air pollution;core4000 B2_Energy_Environment_Sustainability
infolgedessen;v důsledku toho;as a result/consequently;core4000 B2_C1_Connectors_and_Discourse_Markers
Abkommen/Vertrag;dohoda/smlouva;agreement/treaty;core4000 B2_01_05_Politics_Economy_Science_Arts_Psychology
Migration/Einwanderung;migrace/imigrace;migration/immigration;core4000 B2_Social_Issues_and_Society
Gesellschaft;společnost;society;core4000 B2_C1_Abstract_Nouns_and_Academic_Vocabulary
zurück auf Anfang;zpátky na začátek;;core4000 Idioms_Extended
Bürgermeister;purkmistr;;core4000 German_Loanwords_in_Czech_and_Polish
verstärken;posílit/zesílit;to strengthen;core4000 B2_Verbs_of_Change_and_Causation
Hubschrauber/Helikopter;vrtulník;helicopter;core4000 B2_Military_Conflict_Security
Zivilrecht;občanské právo;civil law;core4000 B2_06_10_Medicine_Legal_Tech_Education_Idioms
Wasserverschmutzung;znečištění vody;water pollution;core4000 B2_Energy_Environment_Sustainability
eine Frage stellen;klást otázku;to ask/pose a question;core4000 B2_Essential_Collocations
Ideologie;ideologie;ideology;core4000 B2_01_05_Politics_Economy_Science_Arts_Psychology
Auswanderung/Emigration;emigrace;emigration;core4000 B2_Social_Issues_and_Society
Staatsbürgerschaft;občanství;citizenship;core4000 B2_C1_Abstract_Nouns_and_Academic_Vocabulary
abschwächen/schwächen;oslabit;to weaken;core4000 B2_Verbs_of_Change_and_Causation
Kampfflugzeug/Jäger;stíhačka;fighter jet;core4000 B2_Military_Conflict_Security
Verteidiger;obhájce;defense attorney;core4000 B2_06_10_Medicine_Legal_Tech_Education_Idioms
Treibhauseffekt;skleníkový efekt;greenhouse effect;core4000 B2_Energy_Environment_Sustainability
eine Lösung anbieten;nabídnout řešení;to offer a solution;core4000 B2_Essential_Collocations
dank;díky;thanks to;core4000 B2_C1_Connectors_and_Discourse_Markers
Bürokratie;byrokracie;bureaucracy;core4000 B2_01_05_Politics_Economy_Science_Arts_Psychology
Flüchtling;uprchlík;refugee;core4000 B2_Social_Issues_and_Society
Werkstatt;verštát/dílna;;core4000 German_Loanwords_in_Czech_and_Polish
U-Boot;ponorka;submarine;core4000 B2_Military_Conflict_Security
Treibhausgase;skleníkové plyny;greenhouse gases;core4000 B2_Energy_Environment_Sustainability
eine Grundlage schaffen;vytvořit základ;to create a foundation;core4000 B2_Essential_Collocations
angesichts/in Anbetracht;s ohledem na;considering/given;core4000 B2_C1_Connectors_and_Discourse_Markers
Propaganda;propaganda;propaganda;core4000 B2_01_05_Politics_Economy_Science_Arts_Psychology
Asylbewerber;žadatel o azyl;asylum seeker;core4000 B2_Social_Issues_and_Society
Stoff;štof/látka;;core4000 German_Loanwords_in_Czech_and_Polish
Drohne;dron;drone;core4000 B2_Military_Conflict_Security
Kohlendioxid;oxid uhličitý (CO₂);carbon dioxide;core4000 B2_Energy_Environment_Sustainability
eine Rolle spielen;sehrát roli;to play a role;core4000 B2_Essential_Collocations
erstens/zweitens;za prvé/za druhé;firstly/secondly;core4000 B2_C1_Connectors_and_Discourse_Markers
Linke/Rechte;levice/pravice;left/right wing;core4000 B2_01_05_Politics_Economy_Science_Arts_Psychology
Integration;integrace;integration;core4000 B2_Social_Issues_and_Society
Sicherheit;bezpečnost;security/safety;core4000 B2_C1_Abstract_Nouns_and_Academic_Vocabulary
Blech;plech;;core4000 German_Loanwords_in_Czech_and_Polish
verbinden;spojit/připojit;to connect/join;core4000 B2_Verbs_of_Change_and_Causation
Gletscherschmelze;tání ledovců;glacier melting;core4000 B2_Energy_Environment_Sustainability
Eindruck machen;udělat dojem;to make an impression;core4000 B2_Essential_Collocations
vor allem/hauptsächlich;především/hlavně;above all/mainly;core4000 B2_C1_Connectors_and_Discourse_Markers
Wirtschaft/Ökonomie;ekonomika/hospodářství;economy;core4000 B2_01_05_Politics_Economy_Science_Arts_Psychology
Assimilation;asimilace;assimilation;core4000 B2_Social_Issues_and_Society
trennen/abtrennen;oddělit;to separate;core4000 B2_Verbs_of_Change_and_Causation
Geschworene;porota;jury;core4000 B2_06_10_Medicine_Legal_Tech_Education_Idioms
Meeresspiegelanstieg;stoupání hladiny moří;sea level rise;core4000 B2_Energy_Environment_Sustainability
Interesse wecken;vzbudit zájem;to arouse interest;core4000 B2_Essential_Collocations
abschließend/zum Schluss;na závěr;in conclusion;core4000 B2_C1_Connectors_and_Discourse_Markers
Bruttoinlandsprodukt;hrubý domácí produkt;GDP;core4000 B2_01_05_Politics_Economy_Science_Arts_Psychology
Multikulturalismus;multikulturalismus;multiculturalism;core4000 B2_Social_Issues_and_Society
Pflicht;povinnost;duty/obligation;core4000 B2_C1_Abstract_Nouns_and_Academic_Vocabulary
Mutter (nut);matice;;core4000 German_Loanwords_in_Czech_and_Polish
kombinieren/vereinen;kombinovat/slučovat;to combine;core4000 B2_Verbs_of_Change_and_Causation
Aussage/Zeugnis;svědectví;testimony;core4000 B2_06_10_Medicine_Legal_Tech_Education_Idioms
Artensterben;vymírání druhů;species extinction;core4000 B2_Energy_Environment_Sustainability
Mitgefühl zeigen;projevit soucit;to show compassion;core4000 B2_Essential_Collocations
Inflation;inflace;inflation;core4000 B2_01_05_Politics_Economy_Science_Arts_Psychology
Minderheit (ethnische);menšina (etnická);minority (ethnic);core4000 B2_Social_Issues_and_Society
Privileg;privilegium;privilege;core4000 B2_C1_Abstract_Nouns_and_Academic_Vocabulary
Feder;péro;;core4000 German_Loanwords_in_Czech_and_Polish
teilen/aufteilen;rozdělit;to divide/split;core4000 B2_Verbs_of_Change_and_Causation
Angriff/Attacke;útok;attack;core4000 B2_Military_Conflict_Security
Abholzung/Entwaldung;odlesňování;deforestation;core4000 B2_Energy_Environment_Sustainability
eine Meinung äußern;vyjádřit názor;to express an opinion;core4000 B2_Essential_Collocations
mit anderen Worten;jinými slovy;in other words;core4000 B2_C1_Connectors_and_Discourse_Markers
Diaspora;diaspora;diaspora;core4000 B2_Social_Issues_and_Society
Solidarität;solidarita;solidarity;core4000 B2_C1_Abstract_Nouns_and_Academic_Vocabulary
vereinigen;sjednotit;to unite;core4000 B2_Verbs_of_Change_and_Causation
Verteidigung;obrana;defense;core4000 B2_Military_Conflict_Security
Vorschrift/Verordnung;předpis/nařízení;regulation;core4000 B2_06_10_Medicine_Legal_Tech_Education_Idioms
Bodenerosion;eroze půdy;soil erosion;core4000 B2_Energy_Environment_Sustainability
Vertrauen gewinnen;získat důvěru;to gain trust;core4000 B2_Essential_Collocations
kurz gesagt;stručně řečeno;in short;core4000 B2_C1_Connectors_and_Discourse_Markers
Wohlstand/Prosperität;prosperita;prosperity;core4000 B2_C1_Abstract_Nouns_and_Academic_Vocabulary
zusammenfügen/fusionieren;sloučit;to merge;core4000 B2_Verbs_of_Change_and_Causation
Invasion;invaze;invasion;core4000 B2_Military_Conflict_Security
Patent;patent;patent;core4000 B2_06_10_Medicine_Legal_Tech_Education_Idioms
saurer Regen;kyselý déšť;acid rain;core4000 B2_Energy_Environment_Sustainability
die Geduld verlieren;ztratit trpělivost;to lose patience;core4000 B2_Essential_Collocations
konkret/genauer gesagt;konkrétně;specifically;core4000 B2_C1_Connectors_and_Discourse_Markers
Aufenthaltserlaubnis;pobytové povolení;residence permit;core4000 B2_Social_Issues_and_Society
Krise;krize;crisis;core4000 B2_C1_Abstract_Nouns_and_Academic_Vocabulary
isolieren;izolovat;to isolate;core4000 B2_Verbs_of_Change_and_Causation
Besatzung/Okkupation;okupace;occupation;core4000 B2_Military_Conflict_Security
Urheberrecht;autorské právo;copyright;core4000 B2_06_10_Medicine_Legal_Tech_Education_Idioms
Smog;smog;smog;core4000 B2_Energy_Environment_Sustainability
Fortschritte machen;dělat pokrok;to make progress;core4000 B2_Essential_Collocations
was...betrifft/angeht;pokud jde o;as for/regarding;core4000 B2_C1_Connectors_and_Discourse_Markers
Abschiebung/Deportation;deportace;deportation;core4000 B2_Social_Issues_and_Society
Fortschritt;pokrok;progress;core4000 B2_C1_Abstract_Nouns_and_Academic_Vocabulary
zuordnen/zuweisen;přiřadit;to assign;core4000 B2_Verbs_of_Change_and_Causation
Klage;žaloba;lawsuit;core4000 B2_06_10_Medicine_Legal_Tech_Education_Idioms
Ozonloch;ozónová díra;ozone hole;core4000 B2_Energy_Environment_Sustainability
Rücksicht nehmen auf;brát ohled na;to take into account;core4000 B2_Essential_Collocations
zum Beispiel;například;for example;core4000 B2_C1_Connectors_and_Discourse_Markers
doppelte Staatsbürgerschaft;dvojí občanství;dual citizenship;core4000 B2_Social_Issues_and_Society
Niedergang/Verfall;úpadek;decline;core4000 B2_C1_Abstract_Nouns_and_Academic_Vocabulary
ersetzen;nahradit;to replace;core4000 B2_Verbs_of_Change_and_Causation
Partisan;partyzán;partisan/guerrilla;core4000 B2_Military_Conflict_Security
Schadensersatz;náhrada škody;damages/compensation;core4000 B2_06_10_Medicine_Legal_Tech_Education_Idioms
Mikroplastik;mikroplasty;microplastics;core4000 B2_Energy_Environment_Sustainability
zu verstehen geben;dát najevo;to make clear/indicate;core4000 B2_Essential_Collocations
Kredit/Darlehen;úvěr/půjčka;loan/credit;core4000 B2_01_05_Politics_Economy_Science_Arts_Psychology
Sozialstaat/Wohlfahrtsstaat;sociální stát;welfare state;core4000 B2_Social_Issues_and_Society
Reform;reforma;reform;core4000 B2_C1_Abstract_Nouns_and_Academic_Vocabulary
ausschließen;vyloučit;to exclude;core4000 B2_Verbs_of_Change_and_Causation
Waffenstillstand;příměří;ceasefire;core4000 B2_Military_Conflict_Security
Giftmüll/Sondermüll;jedovatý odpad;toxic waste;core4000 B2_Energy_Environment_Sustainability
im Sinn haben;mít na mysli;to have in mind;core4000 B2_Essential_Collocations
Sozialleistungen;sociální dávky;social benefits;core4000 B2_Social_Issues_and_Society
ändern/verändern;změnit;to change;core4000 B2_Verbs_of_Change_and_Causation
Kapitulation;kapitulace;capitulation;core4000 B2_Military_Conflict_Security
Nachhaltigkeit;udržitelnost;sustainability;core4000 B2_Energy_Environment_Sustainability
unter anderem;mimo jiné;among other things;core4000 B2_C1_Connectors_and_Discourse_Markers
Aktien;akcie;stocks/shares;core4000 B2_01_05_Politics_Economy_Science_Arts_Psychology
Krankenversicherung;zdravotní pojištění;health insurance;core4000 B2_Social_Issues_and_Society
Zusammenarbeit/Kooperation;spolupráce;cooperation;core4000 B2_C1_Abstract_Nouns_and_Academic_Vocabulary
umwandeln/transformieren;přeměnit/transformovat;to transform;core4000 B2_Verbs_of_Change_and_Causation
erneuerbare Energien;obnovitelné zdroje;renewable resources;core4000 B2_Energy_Environment_Sustainability
in Betracht ziehen;vzít v úvahu;to take into consideration;core4000 B2_Essential_Collocations
in diesem Fall;v tomto případě;in this case;core4000 B2_C1_Connectors_and_Discourse_Markers
Börse;burza;stock exchange;core4000 B2_01_05_Politics_Economy_Science_Arts_Psychology
Konflikt;konflikt;conflict;core4000 B2_C1_Abstract_Nouns_and_Academic_Vocabulary
anpassen;přizpůsobit;to adapt/adjust;core4000 B2_Verbs_of_Change_and_Causation
Programmierung;kódování/programování;programming;core4000 B2_06_10_Medicine_Legal_Tech_Education_Idioms
seine Meinung ändern;změnit názor;to change one's mind;core4000 B2_Essential_Collocations
vorausgesetzt, dass;za předpokladu, že;provided that;core4000 B2_C1_Connectors_and_Discourse_Markers
Währung;měna;currency;core4000 B2_01_05_Politics_Economy_Science_Arts_Psychology
Mindestlohn;minimální mzda;minimum wage;core4000 B2_Social_Issues_and_Society
Kompromiss;kompromis;compromise;core4000 B2_C1_Abstract_Nouns_and_Academic_Vocabulary
modifizieren/bearbeiten;upravit;to modify;core4000 B2_Verbs_of_Change_and_Causation
Verbündeter/Alliierter;spojenec;ally;core4000 B2_Military_Conflict_Security
Cybersicherheit;kybernetická bezpečnost;cybersecurity;core4000 B2_06_10_Medicine_Legal_Tech_Education_Idioms
Kompostierung;kompostování;composting;core4000 B2_Energy_Environment_Sustainability
es scheint, dass;zdá se, že;it seems that;core4000 B2_C1_Connectors_and_Discourse_Markers
Wechselkurs;směnný kurz;exchange rate;core4000 B2_01_05_Politics_Economy_Science_Arts_Psychology
Menschenrechte;lidská práva;human rights;core4000 B2_Social_Issues_and_Society
erneuern/wiederherstellen;obnovit;to renew/restore;core4000 B2_Verbs_of_Change_and_Causation
Mülltrennung;třídění odpadu;waste sorting;core4000 B2_Energy_Environment_Sustainability
hinweisen auf;poukázat na;to point out;core4000 B2_Essential_Collocations
wahrscheinlich;pravděpodobně;probably;core4000 B2_C1_Connectors_and_Discourse_Markers
Import/Einfuhr;dovoz/import;import;core4000 B2_01_05_Politics_Economy_Science_Arts_Psychology
Gleichberechtigung;rovnoprávnost;equal rights;core4000 B2_Social_Issues_and_Society
Missverständnis;nedorozumění;misunderstanding;core4000 B2_C1_Abstract_Nouns_and_Academic_Vocabulary
Cloud;cloud/oblak;cloud (computing);core4000 B2_06_10_Medicine_Legal_Tech_Education_Idioms
Stellung nehmen;zaujmout stanovisko;to take a position;core4000 B2_Essential_Collocations
vielleicht/möglicherweise;možná/snad;maybe/perhaps;core4000 B2_C1_Connectors_and_Discourse_Markers
Export/Ausfuhr;vývoz/export;export;core4000 B2_01_05_Politics_Economy_Science_Arts_Psychology
Meinungsfreiheit/Redefreiheit;svoboda projevu/slova;freedom of speech;core4000 B2_Social_Issues_and_Society
Evakuierung;evakuace;evacuation;core4000 B2_Military_Conflict_Security
virtuelle Realität;virtuální realita;virtual reality;core4000 B2_06_10_Medicine_Legal_Tech_Education_Idioms
Klimaneutralität;uhlíková neutralita;carbon neutrality;core4000 B2_Energy_Environment_Sustainability
Unternehmer;podnikatel;entrepreneur;core4000 B2_01_05_Politics_Economy_Science_Arts_Psychology
Recht auf Privatsphäre;právo na soukromí;right to privacy;core4000 B2_Social_Issues_and_Society
Druck;tlak/nátlak;pressure;core4000 B2_C1_Abstract_Nouns_and_Academic_Vocabulary
entwickeln;vyvinout;to develop;core4000 B2_Verbs_of_Change_and_Causation
humanitäre Hilfe;humanitární pomoc;humanitarian aid;core4000 B2_Military_Conflict_Security
Robotik;robotika;robotics;core4000 B2_06_10_Medicine_Legal_Tech_Education_Idioms
Elektroauto;elektromobil;electric car;core4000 B2_Energy_Environment_Sustainability
eine Diskussion auslösen;vyvolat diskusi;to spark a discussion;core4000 B2_Essential_Collocations
soweit ich weiß;pokud vím;as far as I know;core4000 B2_C1_Connectors_and_Discourse_Markers
Konkurs/Insolvenz;konkurz/bankrot;bankruptcy;core4000 B2_01_05_Politics_Economy_Science_Arts_Psychology
Bürgerrechte;občanská práva;civil rights;core4000 B2_Social_Issues_and_Society
Unterstützung;podpora;support;core4000 B2_C1_Abstract_Nouns_and_Academic_Vocabulary
Friedensmission;mírová mise;peacekeeping mission;core4000 B2_Military_Conflict_Security
neuronales Netz;neuronová síť;neural network;core4000 B2_06_10_Medicine_Legal_Tech_Education_Idioms
Ladestation;dobíjecí stanice;charging station;core4000 B2_Energy_Environment_Sustainability
eine Möglichkeit einräumen;připustit možnost;to admit a possibility;core4000 B2_Essential_Collocations
meiner Meinung nach;podle mého názoru;in my opinion;core4000 B2_C1_Connectors_and_Discourse_Markers
Umsatz;tržby/obrat;turnover/revenue;core4000 B2_01_05_Politics_Economy_Science_Arts_Psychology
Gewerkschaft;odborový svaz;trade union;core4000 B2_Social_Issues_and_Society
Kritik;kritika;criticism;core4000 B2_C1_Abstract_Nouns_and_Academic_Vocabulary
Kriegsverbrechen;válečný zločin;war crime;core4000 B2_Military_Conflict_Security
Automatisierung;automatizace;automation;core4000 B2_06_10_Medicine_Legal_Tech_Education_Idioms
Wärmepumpe;tepelné čerpadlo;heat pump;core4000 B2_Energy_Environment_Sustainability
ein Beispiel anführen;uvést příklad;to give an example;core4000 B2_Essential_Collocations
anfangs/zunächst;zpočátku/nejdříve;initially/at first;core4000 B2_C1_Connectors_and_Discourse_Markers
Verbraucher/Konsument;spotřebitel;consumer;core4000 B2_01_05_Politics_Economy_Science_Arts_Psychology
Streik;stávka;strike;core4000 B2_Social_Issues_and_Society
Opposition/Widerstand;opozice/odpor;opposition/resistance;core4000 B2_C1_Abstract_Nouns_and_Academic_Vocabulary
Start-up;start-up;startup;core4000 B2_06_10_Medicine_Legal_Tech_Education_Idioms
Wärmedämmung / Isolierung;zateplení / izolace;insulation;core4000 B2_Energy_Environment_Sustainability
aufpassen;dát pozor;to pay attention;core4000 B2_Essential_Collocations
danach/anschließend;poté/následně;then/subsequently;core4000 B2_C1_Connectors_and_Discourse_Markers
Wissenschaft;věda;science;core4000 B2_01_05_Politics_Economy_Science_Arts_Psychology
Prozess;proces;process;core4000 B2_C1_Abstract_Nouns_and_Academic_Vocabulary
kontrollieren/überprüfen;kontrolovat;to control/check;core4000 B2_Verbs_of_Change_and_Causation
Bedrohung/Gefahr;ohrožení/hrozba;threat;core4000 B2_Military_Conflict_Security
Innovation;inovace;innovation;core4000 B2_06_10_Medicine_Legal_Tech_Education_Idioms
Gründach;zelená střecha;green roof;core4000 B2_Energy_Environment_Sustainability
Pech haben;mít smůlu;to be unlucky;core4000 B2_Essential_Collocations
Forschung;výzkum;research;core4000 B2_01_05_Politics_Economy_Science_Arts_Psychology
Geburtenrate;porodnost;birth rate;core4000 B2_Social_Issues_and_Society
Entwicklung;vývoj;development;core4000 B2_C1_Abstract_Nouns_and_Academic_Vocabulary
Terrorismus;terorismus;terrorism;core4000 B2_Military_Conflict_Security
Grauwasser;šedá voda;greywater;core4000 B2_Energy_Environment_Sustainability
Glück haben;mít štěstí;to be lucky;core4000 B2_Essential_Collocations
Entdeckung;objev;discovery;core4000 B2_01_05_Politics_Economy_Science_Arts_Psychology
Sterblichkeit/Todesrate;úmrtnost;mortality rate;core4000 B2_Social_Issues_and_Society
Wachstum;růst;growth;core4000 B2_C1_Abstract_Nouns_and_Academic_Vocabulary
Spionage;špionáž;espionage;core4000 B2_Military_Conflict_Security
Prototyp;prototyp;prototype;core4000 B2_06_10_Medicine_Legal_Tech_Education_Idioms
Regenwassernutzung;dešťová voda (sběr);rainwater harvesting;core4000 B2_Energy_Environment_Sustainability
Sinn ergeben/machen;dávat smysl;to make sense;core4000 B2_Essential_Collocations
allmählich/nach und nach;postupně;gradually;core4000 B2_C1_Connectors_and_Discourse_Markers
Erfindung;vynález;invention;core4000 B2_01_05_Politics_Economy_Science_Arts_Psychology
Bevölkerungsalterung;stárnutí populace;aging population;core4000 B2_Social_Issues_and_Society
Rückgang/Abnahme;pokles;decline/decrease;core4000 B2_C1_Abstract_Nouns_and_Academic_Vocabulary
regulieren;regulovat;to regulate;core4000 B2_Verbs_of_Change_and_Causation
Geheimdienst;zpravodajská služba;intelligence service;core4000 B2_Military_Conflict_Security
ökologischer Fußabdruck;ekologická stopa;ecological footprint;core4000 B2_Energy_Environment_Sustainability
sich lohnen;stát za to;to be worth it;core4000 B2_Essential_Collocations
sofort/unverzüglich;okamžitě/ihned;immediately;core4000 B2_C1_Connectors_and_Discourse_Markers
Wissenschaftler;vědec;scientist;core4000 B2_01_05_Politics_Economy_Science_Arts_Psychology
Lebenserwartung;střední délka života;life expectancy;core4000 B2_Social_Issues_and_Society
Aufstieg;vzestup;rise;core4000 B2_C1_Abstract_Nouns_and_Academic_Vocabulary
Embargo;embargo;embargo;core4000 B2_Military_Conflict_Security
Kindergarten;mateřská škola;kindergarten;core4000 B2_06_10_Medicine_Legal_Tech_Education_Idioms
das Recht haben;mít právo;to have the right;core4000 B2_Essential_Collocations
vorher/zuvor;předtím/dříve;previously/before;core4000 B2_C1_Connectors_and_Discourse_Markers
Labor;laboratoř;laboratory;core4000 B2_01_05_Politics_Economy_Science_Arts_Psychology
Volkszählung;sčítání lidu;census;core4000 B2_Social_Issues_and_Society
Übergang;přechod;transition;core4000 B2_C1_Abstract_Nouns_and_Academic_Vocabulary
ausführen/durchführen;provádět/vykonávat;to execute/carry out;core4000 B2_Verbs_of_Change_and_Causation
Abrüstung;odzbrojení;disarmament;core4000 B2_Military_Conflict_Security
Grundschule;základní škola;elementary school;core4000 B2_06_10_Medicine_Legal_Tech_Education_Idioms
Kreislaufwirtschaft;oběhové hospodářství;circular economy;core4000 B2_Energy_Environment_Sustainability
gern haben/mögen;mít rád;to like;core4000 B2_Essential_Collocations
seitdem/seither;od té doby;since then;core4000 B2_C1_Connectors_and_Discourse_Markers
Experiment/Versuch;pokus/experiment;experiment;core4000 B2_01_05_Politics_Economy_Science_Arts_Psychology
Bevölkerungsdichte;hustota zalidnění;population density;core4000 B2_Social_Issues_and_Society
Veränderung/Wandel;změna;change;core4000 B2_C1_Abstract_Nouns_and_Academic_Vocabulary
Kühlschrank (cool-cabinet);lednička;;core4000 Word_Formation_Patterns
nuklear/atomar;jaderný (zbraně);nuclear;core4000 B2_Military_Conflict_Security
Gymnasium/Realschule;střední škola;high school;core4000 B2_06_10_Medicine_Legal_Tech_Education_Idioms
biologisch abbaubar;biodegradabilní;biodegradable;core4000 B2_Energy_Environment_Sustainability
Angst haben;mít strach;to be afraid;core4000 B2_Essential_Collocations
Theorie;teorie;theory;core4000 B2_01_05_Politics_Economy_Science_Arts_Psychology
Urbanisierung;urbanizace;urbanization;core4000 B2_Social_Issues_and_Society
Stabilität;stabilita;stability;core4000 B2_C1_Abstract_Nouns_and_Academic_Vocabulary
sicherstellen/gewährleisten;zajistit;to ensure;core4000 B2_Verbs_of_Change_and_Causation
Universität/Hochschule;vysoká škola;university;core4000 B2_06_10_Medicine_Legal_Tech_Education_Idioms
nachhaltige Entwicklung;trvale udržitelný rozvoj;sustainable development;core4000 B2_Energy_Environment_Sustainability
sich Sorgen machen;dělat si starosti;to worry;core4000 B2_Essential_Collocations
Gleichgewicht;rovnováha;balance/equilibrium;core4000 B2_C1_Abstract_Nouns_and_Academic_Vocabulary
NATO;NATO;NATO;core4000 B2_Military_Conflict_Security
Fachbereich/Fakultät;obor/fakulta;faculty/department;core4000 B2_06_10_Medicine_Legal_Tech_Education_Idioms
ökologische Landwirtschaft;ekologické zemědělství;organic farming;core4000 B2_Energy_Environment_Sustainability
auf sich aufpassen;dát si pozor;to be careful;core4000 B2_Essential_Collocations
ländlicher Raum;venkov;countryside/rural area;core4000 B2_Social_Issues_and_Society
Tendenz/Trend;tendence/trend;tendency/trend;core4000 B2_C1_Abstract_Nouns_and_Academic_Vocabulary
Semester;semestr;semester;core4000 B2_06_10_Medicine_Legal_Tech_Education_Idioms
Probe/Muster;vzorek;sample;core4000 B2_01_05_Politics_Economy_Science_Arts_Psychology
Ausdruck;vyjádření;expression;core4000 B2_C1_Abstract_Nouns_and_Academic_Vocabulary
Schildkröte (shield-toad);želva;;core4000 Word_Formation_Patterns
Vorlesung;přednáška;lecture;core4000 B2_06_10_Medicine_Legal_Tech_Education_Idioms
Schlussfolgerung;závěr;conclusion;core4000 B2_01_05_Politics_Economy_Science_Arts_Psychology
Seminar;seminář;seminar;core4000 B2_06_10_Medicine_Legal_Tech_Education_Idioms
Hypothese;hypotéza;hypothesis;core4000 B2_01_05_Politics_Economy_Science_Arts_Psychology
Behauptung;tvrzení;claim/assertion;core4000 B2_C1_Abstract_Nouns_and_Academic_Vocabulary
Krankenwagen (sick-car);sanitka;;core4000 Word_Formation_Patterns
Bachelor;bakalářský titul;bachelor's degree;core4000 B2_06_10_Medicine_Legal_Tech_Education_Idioms
Atom;atom;atom;core4000 B2_01_05_Politics_Economy_Science_Arts_Psychology
Erklärung;vysvětlení;explanation;core4000 B2_C1_Abstract_Nouns_and_Academic_Vocabulary
Master;magisterský titul;master's degree;core4000 B2_06_10_Medicine_Legal_Tech_Education_Idioms
Zelle;buňka;cell;core4000 B2_01_05_Politics_Economy_Science_Arts_Psychology
Zusammenfassung;shrnutí;summary;core4000 B2_C1_Abstract_Nouns_and_Academic_Vocabulary
Doktorat/Promotion;doktorát;PhD/doctorate;core4000 B2_06_10_Medicine_Legal_Tech_Education_Idioms
Gen;gen;gene;core4000 B2_01_05_Politics_Economy_Science_Arts_Psychology
Evolution;evoluce;evolution;core4000 B2_01_05_Politics_Economy_Science_Arts_Psychology
Argument;argument;argument;core4000 B2_C1_Abstract_Nouns_and_Academic_Vocabulary
Stipendium;stipendium;scholarship;core4000 B2_06_10_Medicine_Legal_Tech_Education_Idioms
Gravitation;gravitace;gravity;core4000 B2_01_05_Politics_Economy_Science_Arts_Psychology
Studiengang;studijní program;study program;core4000 B2_06_10_Medicine_Legal_Tech_Education_Idioms
Gleichung;rovnice;equation;core4000 B2_01_05_Politics_Economy_Science_Arts_Psychology
Beispiel;příklad;example;core4000 B2_C1_Abstract_Nouns_and_Academic_Vocabulary
Vergleich;srovnání;comparison;core4000 B2_C1_Abstract_Nouns_and_Academic_Vocabulary
Kunst;umění;art;core4000 B2_01_05_Politics_Economy_Science_Arts_Psychology
Wert;hodnota;value;core4000 B2_C1_Abstract_Nouns_and_Academic_Vocabulary
Literatur;literatura;literature;core4000 B2_01_05_Politics_Economy_Science_Arts_Psychology
Grundsatz/Prinzip;zásada/princip;principle;core4000 B2_C1_Abstract_Nouns_and_Academic_Vocabulary
Roman;román;novel;core4000 B2_01_05_Politics_Economy_Science_Arts_Psychology
Norm;norma;norm;core4000 B2_C1_Abstract_Nouns_and_Academic_Vocabulary
Gedicht;báseň;poem;core4000 B2_01_05_Politics_Economy_Science_Arts_Psychology
Entschuldigen Sie;Omlouvám se;;core4000 B2_06_10_Medicine_Legal_Tech_Education_Idioms
Dichter/Poet;básník;poet;core4000 B2_01_05_Politics_Economy_Science_Arts_Psychology
Schriftsteller;spisovatel;writer;core4000 B2_01_05_Politics_Economy_Science_Arts_Psychology
Ehre;čest;honor;core4000 B2_C1_Abstract_Nouns_and_Academic_Vocabulary
Maler;malíř;painter;core4000 B2_01_05_Politics_Economy_Science_Arts_Psychology
Schande;hanba/ostuda;shame/disgrace;core4000 B2_C1_Abstract_Nouns_and_Academic_Vocabulary
Bildhauer;sochař;sculptor;core4000 B2_01_05_Politics_Economy_Science_Arts_Psychology
Treue/Loyalität;věrnost/loajalita;loyalty;core4000 B2_C1_Abstract_Nouns_and_Academic_Vocabulary
Architekt;architekt;architect;core4000 B2_01_05_Politics_Economy_Science_Arts_Psychology
Verrat;zrada;betrayal;core4000 B2_C1_Abstract_Nouns_and_Academic_Vocabulary
berücksichtigen/in Betracht ziehen;brát v úvahu;to take into account;core4000 B2_C1_Abstract_Nouns_and_Academic_Vocabulary
Galerie;galerie;gallery;core4000 B2_01_05_Politics_Economy_Science_Arts_Psychology
zum Schluss kommen;dojít k závěru;to come to a conclusion;core4000 B2_C1_Abstract_Nouns_and_Academic_Vocabulary
Oper;opera;opera;core4000 B2_01_05_Politics_Economy_Science_Arts_Psychology
eine Rolle spielen;hrát roli;to play a role;core4000 B2_C1_Abstract_Nouns_and_Academic_Vocabulary
Ballett;balet;ballet;core4000 B2_01_05_Politics_Economy_Science_Arts_Psychology
Einfluss haben auf;mít vliv na;to have influence on;core4000 B2_C1_Abstract_Nouns_and_Academic_Vocabulary
Genre/Gattung;žánr;genre;core4000 B2_01_05_Politics_Economy_Science_Arts_Psychology
Tragödie;tragédie;tragedy;core4000 B2_01_05_Politics_Economy_Science_Arts_Psychology
Wert legen auf;klást důraz na;to put emphasis on;core4000 B2_C1_Abstract_Nouns_and_Academic_Vocabulary
Werk;dílo;work (of art);core4000 B2_01_05_Politics_Economy_Science_Arts_Psychology
in Betracht ziehen;vzít v potaz;to take into consideration;core4000 B2_C1_Abstract_Nouns_and_Academic_Vocabulary
Meisterwerk;mistrovské dílo;masterpiece;core4000 B2_01_05_Politics_Economy_Science_Arts_Psychology
erwähnenswert sein;stát za zmínku;to be worth mentioning;core4000 B2_C1_Abstract_Nouns_and_Academic_Vocabulary
Inspiration;inspirace;inspiration;core4000 B2_01_05_Politics_Economy_Science_Arts_Psychology
Bewusstsein;vědomí;consciousness;core4000 B2_01_05_Politics_Economy_Science_Arts_Psychology
Unterbewusstsein;podvědomí;subconscious;core4000 B2_01_05_Politics_Economy_Science_Arts_Psychology
Persönlichkeit;osobnost;personality;core4000 B2_01_05_Politics_Economy_Science_Arts_Psychology
Verhalten;chování;behavior;core4000 B2_01_05_Politics_Economy_Science_Arts_Psychology
Wahrnehmung;vnímání;perception;core4000 B2_01_05_Politics_Economy_Science_Arts_Psychology
Gedächtnis/Erinnerung;paměť;memory;core4000 B2_01_05_Politics_Economy_Science_Arts_Psychology
Intelligenz;inteligence;intelligence;core4000 B2_01_05_Politics_Economy_Science_Arts_Psychology
Emotionen;emoce;emotions;core4000 B2_01_05_Politics_Economy_Science_Arts_Psychology
Instinkt;instinkt;instinct;core4000 B2_01_05_Politics_Economy_Science_Arts_Psychology
Moral;morálka;morality;core4000 B2_01_05_Politics_Economy_Science_Arts_Psychology
Ethik;etika;ethics;core4000 B2_01_05_Politics_Economy_Science_Arts_Psychology
Gewissen;svědomí;conscience;core4000 B2_01_05_Politics_Economy_Science_Arts_Psychology
freier Wille;svobodná vůle;free will;core4000 B2_01_05_Politics_Economy_Science_Arts_Psychology
Existenz;existence;existence;core4000 B2_01_05_Politics_Economy_Science_Arts_Psychology
Sinn (des Lebens);smysl (života);meaning (of life);core4000 B2_01_05_Politics_Economy_Science_Arts_Psychology
Vorurteil;předsudek;prejudice;core4000 B2_01_05_Politics_Economy_Science_Arts_Psychology
Toleranz;tolerance;tolerance;core4000 B2_01_05_Politics_Economy_Science_Arts_Psychology
Diplomatie;diplomacie;diplomacy;core4000 C1_01_10_All_Units
Phänomen/Erscheinung;jev/fenomén;phenomenon;core4000 C1_Specialized_and_Nuanced_Vocabulary
Botschafter;velvyslanec;ambassador;core4000 C1_01_10_All_Units
Konzept/Begriff;koncept/pojem;concept;core4000 C1_Specialized_and_Nuanced_Vocabulary
Gipfel(treffen);summit;summit;core4000 C1_01_10_All_Units
Paradigma;paradigma;paradigm;core4000 C1_Specialized_and_Nuanced_Vocabulary
auswerten/evaluieren;vyhodnotit;to evaluate;core4000 C1_Academic_Verbs_and_Formal_Expressions
Verhandlung;jednání;negotiations;core4000 C1_01_10_All_Units
Dilemma;dilema;dilemma;core4000 C1_Specialized_and_Nuanced_Vocabulary
interpretieren;interpretovat;to interpret;core4000 C1_Academic_Verbs_and_Formal_Expressions
Paradox;paradox;paradox;core4000 C1_Specialized_and_Nuanced_Vocabulary
klassifizieren;klasifikovat;to classify;core4000 C1_Academic_Verbs_and_Formal_Expressions
Souveränität;suverenita;sovereignty;core4000 C1_01_10_All_Units
Skeptizismus;skepticismus;skepticism;core4000 C1_Specialized_and_Nuanced_Vocabulary
definieren;definovat;to define;core4000 C1_Academic_Verbs_and_Formal_Expressions
Multilateralismus;multilateralismus;multilateralism;core4000 C1_01_10_All_Units
Pragmatismus;pragmatismus;pragmatism;core4000 C1_Specialized_and_Nuanced_Vocabulary
beweisen/nachweisen;prokázat/dokázat;to prove/demonstrate;core4000 C1_Academic_Verbs_and_Formal_Expressions
Allianz/Bündnis;aliance;alliance;core4000 C1_01_10_All_Units
Kontext;kontext;context;core4000 C1_Specialized_and_Nuanced_Vocabulary
widerlegen;vyvrátit;to refute/disprove;core4000 C1_Academic_Verbs_and_Formal_Expressions
Neutralität;neutralita;neutrality;core4000 C1_01_10_All_Units
Perspektive;perspektiva;perspective;core4000 C1_Specialized_and_Nuanced_Vocabulary
bestätigen;potvrdit;to confirm;core4000 C1_Academic_Verbs_and_Formal_Expressions
Veto;veto;veto;core4000 C1_01_10_All_Units
Dimension;dimenze;dimension;core4000 C1_Specialized_and_Nuanced_Vocabulary
in Frage stellen/anzweifeln;zpochybnit;to question/challenge;core4000 C1_Academic_Verbs_and_Formal_Expressions
Mediation/Vermittlung;mediace;mediation;core4000 C1_01_10_All_Units
Nuance;nuance;nuance;core4000 C1_Specialized_and_Nuanced_Vocabulary
identifizieren;identifikovat;to identify;core4000 C1_Academic_Verbs_and_Formal_Expressions
Resolution;rezoluce;resolution;core4000 C1_01_10_All_Units
Aspekt;aspekt;aspect;core4000 C1_Specialized_and_Nuanced_Vocabulary
aufdecken/entdecken;odhalit/objevit;to reveal/discover;core4000 C1_Academic_Verbs_and_Formal_Expressions
Ratifizierung;ratifikace;ratification;core4000 C1_01_10_All_Units
Kriterium;kritérium;criterion;core4000 C1_Specialized_and_Nuanced_Vocabulary
synthetisieren;syntetizovat;to synthesize;core4000 C1_Academic_Verbs_and_Formal_Expressions
Priorität;priorita;priority;core4000 C1_Specialized_and_Nuanced_Vocabulary
quantifizieren;kvantifikovat;to quantify;core4000 C1_Academic_Verbs_and_Formal_Expressions
Asyl;azyl;asylum;core4000 C1_01_10_All_Units
Relevanz;relevance;relevance;core4000 C1_Specialized_and_Nuanced_Vocabulary
korrelieren;korelovat;to correlate;core4000 C1_Academic_Verbs_and_Formal_Expressions
moralisches Dilemma;morální dilema;moral dilemma;core4000 C1_01_10_All_Units
Infrastruktur;infrastruktura;infrastructure;core4000 C1_Specialized_and_Nuanced_Vocabulary
argumentieren;argumentovat;to argue (make case);core4000 C1_Academic_Verbs_and_Formal_Expressions
Utilitarismus;utilitarismus;utilitarianism;core4000 C1_01_10_All_Units
Jurisdiktion;jurisdikce;jurisdiction;core4000 C1_Specialized_and_Nuanced_Vocabulary
begründen;zdůvodnit;to justify/substantiate;core4000 C1_Academic_Verbs_and_Formal_Expressions
kategorischer Imperativ;kategorický imperativ;categorical imperative;core4000 C1_01_10_All_Units
Legitimität;legitimita;legitimacy;core4000 C1_Specialized_and_Nuanced_Vocabulary
belegen/untermauern;podložit (důkazy);to support (with evidence);core4000 C1_Academic_Verbs_and_Formal_Expressions
Altruismus;altruismus;altruism;core4000 C1_01_10_All_Units
Transparenz;transparentnost;transparency;core4000 C1_Specialized_and_Nuanced_Vocabulary
Euthanasie/Sterbehilfe;eutanazie;euthanasia;core4000 C1_01_10_All_Units
Autonomie;autonomie;autonomy;core4000 C1_Specialized_and_Nuanced_Vocabulary
Bioethik;bioetika;bioethics;core4000 C1_01_10_All_Units
Hegemonie;hegemonie;hegemony;core4000 C1_Specialized_and_Nuanced_Vocabulary
andeuten/implizieren;naznačit/implikovat;to imply/suggest;core4000 C1_Academic_Verbs_and_Formal_Expressions
Menschenwürde;lidská důstojnost;human dignity;core4000 C1_01_10_All_Units
Oligarchie;oligarchie;oligarchy;core4000 C1_Specialized_and_Nuanced_Vocabulary
Anarchie;anarchie;anarchy;core4000 C1_Specialized_and_Nuanced_Vocabulary
Pluralismus;pluralismus;pluralism;core4000 C1_01_10_All_Units
Emanzipation;emancipace;emancipation;core4000 C1_Specialized_and_Nuanced_Vocabulary
Relativismus;relativismus;relativism;core4000 C1_01_10_All_Units
Schlüsse ziehen;vyvodit závěr;to draw conclusions;core4000 C1_Academic_Verbs_and_Formal_Expressions
soziale Schichtung;sociální stratifikace;social stratification;core4000 C1_01_10_All_Units
beschreiben/charakterisieren;popsat/charakterizovat;to describe/characterize;core4000 C1_Academic_Verbs_and_Formal_Expressions
Sozialisation;socializace;socialization;core4000 C1_01_10_All_Units
Introvertierte/r, Extrovertierte/r;introvert/extrovert;introvert/extrovert;core4000 C1_Specialized_and_Nuanced_Vocabulary
illustrieren/veranschaulichen;ilustrovat;to illustrate;core4000 C1_Academic_Verbs_and_Formal_Expressions
präzisieren/spezifizieren;upřesnit/specifikovat;to specify/clarify;core4000 C1_Academic_Verbs_and_Formal_Expressions
Kognition;kognice/poznávání;cognition;core4000 C1_Specialized_and_Nuanced_Vocabulary
unterscheiden;rozlišit;to distinguish;core4000 C1_Academic_Verbs_and_Formal_Expressions
kognitive Verzerrung;kognitivní zkreslení;cognitive bias;core4000 C1_Specialized_and_Nuanced_Vocabulary
betonen/hervorheben;zdůraznit;to emphasize;core4000 C1_Academic_Verbs_and_Formal_Expressions
Trauma;trauma;trauma;core4000 C1_Specialized_and_Nuanced_Vocabulary
vereinfachen;zjednodušit;to simplify;core4000 C1_Academic_Verbs_and_Formal_Expressions
Stereotyp;stereotyp;stereotype;core4000 C1_01_10_All_Units
Resilienz;resilience/odolnost;resilience;core4000 C1_Specialized_and_Nuanced_Vocabulary
verallgemeinern;zobecnit;to generalize;core4000 C1_Academic_Verbs_and_Formal_Expressions
sozioökonomisch;socioekonomický;socioeconomic;core4000 C1_01_10_All_Units
Narzissmus;narcismus;narcissism;core4000 C1_Specialized_and_Nuanced_Vocabulary
konkretisieren;konkretizovat;to specify/make concrete;core4000 C1_Academic_Verbs_and_Formal_Expressions
demografisch;demografický;demographic;core4000 C1_01_10_All_Units
Manipulation;manipulace;manipulation;core4000 C1_Specialized_and_Nuanced_Vocabulary
sich beziehen auf;odkázat na;to refer to;core4000 C1_Academic_Verbs_and_Formal_Expressions
Kohorte;kohorta;cohort;core4000 C1_01_10_All_Units
Polarisierung;polarizace;polarization;core4000 C1_01_10_All_Units
Biodiversität;biodiverzita;biodiversity;core4000 C1_Specialized_and_Nuanced_Vocabulary
(sich) entwickeln;vyvinout (se);to develop;core4000 C1_Academic_Verbs_and_Formal_Expressions
Marginalisierung;marginalizace;marginalization;core4000 C1_01_10_All_Units
Ökosystem;ekosystém;ecosystem;core4000 C1_Specialized_and_Nuanced_Vocabulary
entstehen;vzniknout;to emerge/arise;core4000 C1_Academic_Verbs_and_Formal_Expressions
Globalisierung;globalizace;globalization;core4000 C1_01_10_All_Units
Fotosynthese;fotosyntéza;photosynthesis;core4000 C1_Specialized_and_Nuanced_Vocabulary
verlaufen/ablaufen;probíhat;to proceed/take place;core4000 C1_Academic_Verbs_and_Formal_Expressions
Identität;identita;identity;core4000 C1_01_10_All_Units
Genmodifikation;genová modifikace;genetic modification;core4000 C1_Specialized_and_Nuanced_Vocabulary
beitragen zu;přispět k;to contribute to;core4000 C1_Academic_Verbs_and_Formal_Expressions
Mentalität;mentalita;mentality;core4000 C1_01_10_All_Units
Quantenphysik;kvantová fyzika;quantum physics;core4000 C1_Specialized_and_Nuanced_Vocabulary
führen zu;vést k;to lead to;core4000 C1_Academic_Verbs_and_Formal_Expressions
Relativität;relativita;relativity;core4000 C1_Specialized_and_Nuanced_Vocabulary
sich ergeben aus;vyplývat z;to result from;core4000 C1_Academic_Verbs_and_Formal_Expressions
Nanotechnologie;nanotechnologie;nanotechnology;core4000 C1_Specialized_and_Nuanced_Vocabulary
abhängen von;záviset na;to depend on;core4000 C1_Academic_Verbs_and_Formal_Expressions
entsprechen;odpovídat/korespondovat;to correspond to;core4000 C1_Academic_Verbs_and_Formal_Expressions
Entropie;entropie;entropy;core4000 C1_Specialized_and_Nuanced_Vocabulary
widerspiegeln;odrážet;to reflect;core4000 C1_Academic_Verbs_and_Formal_Expressions
Dekarbonisierung;dekarbonizace;decarbonization;core4000 C1_01_10_All_Units
Metabolismus/Stoffwechsel;metabolismus;metabolism;core4000 C1_Specialized_and_Nuanced_Vocabulary
beeinflussen;ovlivňovat;to influence;core4000 C1_Academic_Verbs_and_Formal_Expressions
Rhetorik;rétorika;rhetoric;core4000 C1_Specialized_and_Nuanced_Vocabulary
Demagogie;demagogie;demagogy;core4000 C1_Specialized_and_Nuanced_Vocabulary
in diesem Zusammenhang;v tomto kontextu;in this context;core4000 C1_Academic_Verbs_and_Formal_Expressions
Populismus;populismus;populism;core4000 C1_Specialized_and_Nuanced_Vocabulary
Desertifikation;desertifikace;desertification;core4000 C1_01_10_All_Units
Euphemismus;eufemismus;euphemism;core4000 C1_Specialized_and_Nuanced_Vocabulary
Ozonschicht;ozonová vrstva;ozone layer;core4000 C1_01_10_All_Units
Ironie;ironie;irony;core4000 C1_Specialized_and_Nuanced_Vocabulary
in Übereinstimmung mit;v souladu s;in accordance with;core4000 C1_Academic_Verbs_and_Formal_Expressions
investigativer Journalismus;investigativní žurnalistika;investigative journalism;core4000 C1_01_10_All_Units
im Vergleich zu;ve srovnání s;in comparison with;core4000 C1_Academic_Verbs_and_Formal_Expressions
Redaktion;redakce;editorial office;core4000 C1_01_10_All_Units
im Unterschied zu;na rozdíl od;in contrast to/unlike;core4000 C1_Academic_Verbs_and_Formal_Expressions
Chefredakteur;šéfredaktor;editor-in-chief;core4000 C1_01_10_All_Units
Reportage;reportáž;reportage;core4000 C1_01_10_All_Units
Fakten vs Fiktion;fakta vs fikce;facts vs fiction;core4000 C1_01_10_All_Units
Exklusivmeldung;exkluzivní zpráva;exclusive/scoop;core4000 C1_01_10_All_Units
Urbanismus;urbanismus;urbanism;core4000 C1_01_10_All_Units
Gotik/Barock/Jugendstil;gotika/baroko/secese;Gothic/Baroque/Art Nouveau;core4000 C1_01_10_All_Units
Pfeiler/Säule;pilíř;pillar;core4000 C1_01_10_All_Units
Gewölbe;klenba;vault/arch;core4000 C1_01_10_All_Units
Sarkasmus;sarkasmus;sarcasm;core4000 C1_01_10_All_Units
Wortspiel;slovní hříčka;pun/wordplay;core4000 C1_01_10_All_Units
Doppeldeutigkeit;dvojsmysl;ambiguity;core4000 C1_01_10_All_Units
Übertreibung;nadsázka;exaggeration/hyperbole;core4000 C1_01_10_All_Units
Untertreibung;understatement;understatement;core4000 C1_01_10_All_Units
Methodologie;metodologie;methodology;core4000 C1_01_10_All_Units
Korrelation;korelace;correlation;core4000 C1_01_10_All_Units
Diskurs;diskurz;discourse;core4000 C1_01_10_All_Units
Metapher;metafora;metaphor;core4000 C1_01_10_All_Units
Analogie;analogie;analogy;core4000 C1_01_10_All_Units
Argumentation;argumentace;argumentation;core4000 C1_01_10_All_Units
Überzeugung/Persuasion;přesvědčování;persuasion;core4000 C1_01_10_All_Units
Trugschluss/Fehlschluss;falešný argument;fallacy;core4000 C1_01_10_All_Units
