ja;já;I;core500 A1_Core_200_Most_Frequent_Words
ty;ty;you (sg);core500 A1_Core_200_Most_Frequent_Words
on;on;he;core500 A1_Core_200_Most_Frequent_Words
ona;ona;she;core500 A1_Core_200_Most_Frequent_Words
to;ono/to;it;core500 A1_Core_200_Most_Frequent_Words
my;my;we;core500 A1_Core_200_Most_Frequent_Words
wy;vy;you (pl);core500 A1_Core_200_Most_Frequent_Words
oni;oni;they;core500 A1_Core_200_Most_Frequent_Words
ten/ta/to;ten/ta/to;this/that/the;core500 A1_Core_200_Most_Frequent_Words
ten/ta/to;tento;this;core500 A1_Core_200_Most_Frequent_Words
tamten;tamten;that;core500 A1_Core_200_Most_Frequent_Words
kto;kdo;who;core500 A1_Core_200_Most_Frequent_Words
co;co;what;core500 A1_Core_200_Most_Frequent_Words
który;který;which;core500 A1_Core_200_Most_Frequent_Words
wszystko;všechno;everything;core500 A1_Core_200_Most_Frequent_Words
nic;nic;nothing;core500 A1_Core_200_Most_Frequent_Words
ktoś;někdo;someone;core500 A1_Core_200_Most_Frequent_Words
nikt;nikdo;nobody;core500 A1_Core_200_Most_Frequent_Words
coś;něco;something;core500 A1_Core_200_Most_Frequent_Words
każdy;každý;every/each;core500 A1_Core_200_Most_Frequent_Words
inny/inny;jiný/další;other/another;core500 A1_Core_200_Most_Frequent_Words
taki sam;stejný;same;core500 A1_Core_200_Most_Frequent_Words
sam/sama;sám/sama;self;core500 A1_Core_200_Most_Frequent_Words
swój;svůj;one's own;core500 A1_Core_200_Most_Frequent_Words
taki;takový;such;core500 A1_Core_200_Most_Frequent_Words
być;být;to be;core500 A1_Core_200_Most_Frequent_Words
mieć;mít;to have;core500 A1_Core_200_Most_Frequent_Words
robić/делать;dělat;to do/make;core500 A1_Core_200_Most_Frequent_Words
powiedzieć/mówić;říci/říkat;to say;core500 A1_Core_200_Most_Frequent_Words
iść;jít;to go;core500 A1_Core_200_Most_Frequent_Words
móc;moci/moct;can/to be able;core500 A1_Core_200_Most_Frequent_Words
wiedzieć;vědět;to know;core500 A1_Core_200_Most_Frequent_Words
chcieć;chtít;to want;core500 A1_Core_200_Most_Frequent_Words
widzieć;vidět;to see;core500 A1_Core_200_Most_Frequent_Words
dać;dát;to give;core500 A1_Core_200_Most_Frequent_Words
wziąć;vzít;to take;core500 A1_Core_200_Most_Frequent_Words
przyjść;přijít;to come;core500 A1_Core_200_Most_Frequent_Words
myśleć;myslet;to think;core500 A1_Core_200_Most_Frequent_Words
dostać;dostat;to get/receive;core500 A1_Core_200_Most_Frequent_Words
znaleźć;najít;to find;core500 A1_Core_200_Most_Frequent_Words
pisać;psát;to write;core500 A1_Core_200_Most_Frequent_Words
czytać;číst;to read;core500 A1_Core_200_Most_Frequent_Words
mówić;mluvit;to speak;core500 A1_Core_200_Most_Frequent_Words
żyć;žít;to live;core500 A1_Core_200_Most_Frequent_Words
stać;stát;to stand;core500 A1_Core_200_Most_Frequent_Words
siedzieć;sedět;to sit;core500 A1_Core_200_Most_Frequent_Words
jeść;jíst;to eat;core500 A1_Core_200_Most_Frequent_Words
pić;pít;to drink;core500 A1_Core_200_Most_Frequent_Words
spać;spát;to sleep;core500 A1_Core_200_Most_Frequent_Words
umrzeć;umřít/zemřít;to die;core500 A1_Core_200_Most_Frequent_Words
urodzić się;narodit se;to be born;core500 A1_Core_200_Most_Frequent_Words
kochać;milovat;to love;core500 A1_Core_200_Most_Frequent_Words
pracować;pracovat;to work;core500 A1_Core_200_Most_Frequent_Words
grać;hrát;to play;core500 A1_Core_200_Most_Frequent_Words
kupić;koupit;to buy;core500 A1_Core_200_Most_Frequent_Words
zapłacić;zaplatit;to pay;core500 A1_Core_200_Most_Frequent_Words
pytać;ptát se;to ask;core500 A1_Core_200_Most_Frequent_Words
odpowiedzieć;odpovědět;to answer;core500 A1_Core_200_Most_Frequent_Words
zacząć;začít;to begin;core500 A1_Core_200_Most_Frequent_Words
skończyć;skončit;to end/finish;core500 A1_Core_200_Most_Frequent_Words
dobry;dobrý;good;core500 A1_Core_200_Most_Frequent_Words
zły;špatný/zlý;bad;core500 A1_Core_200_Most_Frequent_Words
duży/wielki;velký;big;core500 A1_Core_200_Most_Frequent_Words
mały;malý;small;core500 A1_Core_200_Most_Frequent_Words
nowy;nový;new;core500 A1_Core_200_Most_Frequent_Words
stary;starý;old;core500 A1_Core_200_Most_Frequent_Words
długi;dlouhý;long;core500 A1_Core_200_Most_Frequent_Words
krótki;krátký;short;core500 A1_Core_200_Most_Frequent_Words
pierwszy;první;first;core500 A1_Core_200_Most_Frequent_Words
ostatni;poslední;last;core500 A1_Core_200_Most_Frequent_Words
prawy;pravý;right/correct;core500 A1_Core_200_Most_Frequent_Words
lewy;levý;left;core500 A1_Core_200_Most_Frequent_Words
cały;celý;whole/entire;core500 A1_Core_200_Most_Frequent_Words
ważny;důležitý;important;core500 A1_Core_200_Most_Frequent_Words
możliwy;možný;possible;core500 A1_Core_200_Most_Frequent_Words
konieczny/potrzebny;nutný/potřebný;necessary;core500 A1_Core_200_Most_Frequent_Words
ciężki/trudny;těžký;heavy/difficult;core500 A1_Core_200_Most_Frequent_Words
lekki/łatwy;lehký/snadný;light/easy;core500 A1_Core_200_Most_Frequent_Words
szybki;rychlý;fast;core500 A1_Core_200_Most_Frequent_Words
wolny/powolny;pomalý;slow;core500 A1_Core_200_Most_Frequent_Words
cichy;tichý;quiet;core500 A1_Core_200_Most_Frequent_Words
głośny;hlasitý;loud;core500 A1_Core_200_Most_Frequent_Words
pełny;plný;full;core500 A1_Core_200_Most_Frequent_Words
pusty/próżny;prázdný;empty;core500 A1_Core_200_Most_Frequent_Words
otwarty;otevřený;open;core500 A1_Core_200_Most_Frequent_Words
zamknięty;zavřený;closed;core500 A1_Core_200_Most_Frequent_Words
żywy;živý;alive;core500 A1_Core_200_Most_Frequent_Words
martwy;mrtvý;dead;core500 A1_Core_200_Most_Frequent_Words
wolny;volný;free;core500 A1_Core_200_Most_Frequent_Words
gdzie;kde;where;core500 A1_Core_200_Most_Frequent_Words
kiedy;kdy;when;core500 A1_Core_200_Most_Frequent_Words
jak;jak;how;core500 A1_Core_200_Most_Frequent_Words
dlaczego;proč;why;core500 A1_Core_200_Most_Frequent_Words
ile;kolik;how much/many;core500 A1_Core_200_Most_Frequent_Words
tak;ano/jo;yes;core500 A1_Core_200_Most_Frequent_Words
nie;ne;no;core500 A1_Core_200_Most_Frequent_Words
tu/tutaj;tady/zde;here;core500 A1_Core_200_Most_Frequent_Words
tam;tam;there;core500 A1_Core_200_Most_Frequent_Words
teraz;teď/nyní;now;core500 A1_Core_200_Most_Frequent_Words
potem;potom/pak;then/after;core500 A1_Core_200_Most_Frequent_Words
jeszcze;ještě;still/yet;core500 A1_Core_200_Most_Frequent_Words
już;už/již;already;core500 A1_Core_200_Most_Frequent_Words
zawsze;vždy/vždycky;always;core500 A1_Core_200_Most_Frequent_Words
nigdy;nikdy;never;core500 A1_Core_200_Most_Frequent_Words
czasami;někdy;sometimes;core500 A1_Core_200_Most_Frequent_Words
często;často;often;core500 A1_Core_200_Most_Frequent_Words
rzadko;málokdy/zřídka;rarely;core500 A1_Core_200_Most_Frequent_Words
bardzo;velmi/moc;very;core500 A1_Core_200_Most_Frequent_Words
też/również;taky/také;also/too;core500 A1_Core_200_Most_Frequent_Words
tylko;jen/jenom;only;core500 A1_Core_200_Most_Frequent_Words
może/chyba;asi/možná;maybe/perhaps;core500 A1_Core_200_Most_Frequent_Words
naprawdę;opravdu/skutečně;really;core500 A1_Core_200_Most_Frequent_Words
oczywiście;samozřejmě;of course;core500 A1_Core_200_Most_Frequent_Words
niestety;bohužel;unfortunately;core500 A1_Core_200_Most_Frequent_Words
na szczęście;naštěstí;fortunately;core500 A1_Core_200_Most_Frequent_Words
ale;ale;but;core500 A1_Core_200_Most_Frequent_Words
albo/lub;nebo;or;core500 A1_Core_200_Most_Frequent_Words
ponieważ/bo;protože;because;core500 A1_Core_200_Most_Frequent_Words
jeśli/jeżeli;jestli/pokud;if;core500 A1_Core_200_Most_Frequent_Words
kiedy/gdy;když;when (conj);core500 A1_Core_200_Most_Frequent_Words
że;že;that (conj);core500 A1_Core_200_Most_Frequent_Words
żeby/aby;aby/žeby;in order to;core500 A1_Core_200_Most_Frequent_Words
chociaż;ačkoli/i když;although;core500 A1_Core_200_Most_Frequent_Words
niż;než;than;core500 A1_Core_200_Most_Frequent_Words
jak/jako;jako;as/like;core500 A1_Core_200_Most_Frequent_Words
nawet;dokonce;even;core500 A1_Core_200_Most_Frequent_Words
mimo to/jednak;přesto;nevertheless;core500 A1_Core_200_Most_Frequent_Words
dlatego;proto;therefore;core500 A1_Core_200_Most_Frequent_Words
czas;čas;time;core500 A1_Core_200_Most_Frequent_Words
rok;rok;year;core500 A1_Core_200_Most_Frequent_Words
dzień;den;day;core500 A1_Core_200_Most_Frequent_Words
godzina;hodina;hour;core500 A1_Core_200_Most_Frequent_Words
minuta;minuta;minute;core500 A1_Core_200_Most_Frequent_Words
świat;svět;world;core500 A1_Core_200_Most_Frequent_Words
ziemia/kraj;země;land/country;core500 A1_Core_200_Most_Frequent_Words
życie;život;life;core500 A1_Core_200_Most_Frequent_Words
śmierć;smrt;death;core500 A1_Core_200_Most_Frequent_Words
człowiek;člověk;person/human;core500 A1_Core_200_Most_Frequent_Words
kobieta;žena;woman;core500 A1_Core_200_Most_Frequent_Words
mężczyzna;muž;man;core500 A1_Core_200_Most_Frequent_Words
dziecko;dítě;child;core500 A1_Core_200_Most_Frequent_Words
rzecz;věc;thing;core500 A1_Core_200_Most_Frequent_Words
miejsce;místo;place;core500 A1_Core_200_Most_Frequent_Words
droga;cesta;way/road;core500 A1_Core_200_Most_Frequent_Words
praca;práce;work;core500 A1_Core_200_Most_Frequent_Words
słowo;slovo;word;core500 A1_Core_200_Most_Frequent_Words
pytanie;otázka;question;core500 A1_Core_200_Most_Frequent_Words
odpowiedź;odpověď;answer;core500 A1_Core_200_Most_Frequent_Words
historia/opowieść;příběh;story;core500 A1_Core_200_Most_Frequent_Words
strona;strana;side/page;core500 A1_Core_200_Most_Frequent_Words
ręka;ruka;hand;core500 A1_Core_200_Most_Frequent_Words
oko;oko;eye;core500 A1_Core_200_Most_Frequent_Words
twarz;tvář/obličej;face;core500 A1_Core_200_Most_Frequent_Words
serce;srdce;heart;core500 A1_Core_200_Most_Frequent_Words
dom;dům;house;core500 A1_Core_200_Most_Frequent_Words
miasto;město;city;core500 A1_Core_200_Most_Frequent_Words
woda;voda;water;core500 A1_Core_200_Most_Frequent_Words
jedzenie;jídlo;food;core500 A1_Core_200_Most_Frequent_Words
pieniądze;peníze;money;core500 A1_Core_200_Most_Frequent_Words
książka;kniha;book;core500 A1_Core_200_Most_Frequent_Words
list/wiadomość;dopis/zpráva;letter/message;core500 A1_Core_200_Most_Frequent_Words
szkoła;škola;school;core500 A1_Core_200_Most_Frequent_Words
problem;problém;problem;core500 A1_Core_200_Most_Frequent_Words
prawo/ustawa;zákon;law;core500 A1_Core_200_Most_Frequent_Words
siła;síla;force/strength;core500 A1_Core_200_Most_Frequent_Words
prawda;pravda;truth;core500 A1_Core_200_Most_Frequent_Words
na;na;on;core500 A1_Core_200_Most_Frequent_Words
z/ze;z/ze;from/out of;core500 A1_Core_200_Most_Frequent_Words
do;do;to/into;core500 A1_Core_200_Most_Frequent_Words
z/ze;s/se;with;core500 A1_Core_200_Most_Frequent_Words
bez;bez;without;core500 A1_Core_200_Most_Frequent_Words
dla/za;pro/za;for;core500 A1_Core_200_Most_Frequent_Words
od;od;from;core500 A1_Core_200_Most_Frequent_Words
po;po;after/along;core500 A1_Core_200_Most_Frequent_Words
przed;před;before/in front;core500 A1_Core_200_Most_Frequent_Words
za;za;behind/for;core500 A1_Core_200_Most_Frequent_Words
między;mezi;between;core500 A1_Core_200_Most_Frequent_Words
nad;nad;above;core500 A1_Core_200_Most_Frequent_Words
pod;pod;under;core500 A1_Core_200_Most_Frequent_Words
obok;vedle;next to;core500 A1_Core_200_Most_Frequent_Words
wokół;kolem;around;core500 A1_Core_200_Most_Frequent_Words
przez;skrz/přes;through;core500 A1_Core_200_Most_Frequent_Words
podczas;během;during;core500 A1_Core_200_Most_Frequent_Words
według;podle;according to;core500 A1_Core_200_Most_Frequent_Words
z powodu;kvůli;because of;core500 A1_Core_200_Most_Frequent_Words
oprócz/poza;kromě;except/besides;core500 A1_Core_200_Most_Frequent_Words
przeciw(ko);proti;against;core500 A1_Core_200_Most_Frequent_Words
do/ku;k/ke;toward;core500 A1_Core_200_Most_Frequent_Words
proszę;prosím;please;core500 A1_Core_200_Most_Frequent_Words
dziękuję;děkuji;thank you;core500 A1_Core_200_Most_Frequent_Words
przepraszam;promiňte;sorry/excuse me;core500 A1_Core_200_Most_Frequent_Words
chodzić;chodit;to go (habitually);core500 B1_Core_Verbs_Top_100
jechać;jet;to go (by vehicle);core500 B1_Core_Verbs_Top_100
jeździć;jezdit;to go by vehicle (hab.);core500 B1_Core_Verbs_Top_100
biec/biegać;běžet;to run;core500 B1_Core_Verbs_Top_100
lecieć/latać;letět;to fly;core500 B1_Core_Verbs_Top_100
pływać;plavat;to swim;core500 B1_Core_Verbs_Top_100
nieść/nosić;nést;to carry;core500 B1_Core_Verbs_Top_100
wrócić;vrátit se;to return;core500 B1_Core_Verbs_Top_100
wstać;vstát;to stand up;core500 B1_Core_Verbs_Top_100
mówić/powiedzieć;říkat/říci;to say;core500 B1_Core_Verbs_Top_100
wyjaśnić/wytłumaczyć;vysvětlit;to explain;core500 B1_Core_Verbs_Top_100
rozumieć;rozumět;to understand;core500 B1_Core_Verbs_Top_100
zgadzać się;souhlasit;to agree;core500 B1_Core_Verbs_Top_100
nie zgadzać się;nesouhlasit;to disagree;core500 B1_Core_Verbs_Top_100
obiecać;slíbit;to promise;core500 B1_Core_Verbs_Top_100
skarżyć się;stěžovat si;to complain;core500 B1_Core_Verbs_Top_100
znać;znát;to know (person/thing);core500 B1_Core_Verbs_Top_100
pamiętać;pamatovat si;to remember;core500 B1_Core_Verbs_Top_100
zapomnieć;zapomenout;to forget;core500 B1_Core_Verbs_Top_100
uczyć się;učit se;to learn;core500 B1_Core_Verbs_Top_100
uczyć;učit;to teach;core500 B1_Core_Verbs_Top_100
zdecydować się;rozhodnout se;to decide;core500 B1_Core_Verbs_Top_100
wierzyć;věřit;to believe;core500 B1_Core_Verbs_Top_100
wątpić;pochybovat;to doubt;core500 B1_Core_Verbs_Top_100
zmieniać/zmienić;měnit/změnit;to change;core500 B1_Core_Verbs_Top_100
polepszyć/ulepszyć;zlepšit;to improve;core500 B1_Core_Verbs_Top_100
pogorszyć;zhoršit;to worsen;core500 B1_Core_Verbs_Top_100
spróbować;zkusit/vyzkoušet;to try;core500 B1_Core_Verbs_Top_100
potrzebować;potřebovat;to need;core500 B1_Core_Verbs_Top_100
czuć;cítit;to feel;core500 B1_Core_Verbs_Top_100
podobać się;líbit se;to like/appeal;core500 B1_Core_Verbs_Top_100
nienawidzić;nenávidět;to hate;core500 B1_Core_Verbs_Top_100
bać się;bát se;to be afraid;core500 B1_Core_Verbs_Top_100
cieszyć się;těšit se;to look forward to;core500 B1_Core_Verbs_Top_100
wstydzić się;stydět se;to be ashamed;core500 B1_Core_Verbs_Top_100
zazdrościć;závidět;to envy;core500 B1_Core_Verbs_Top_100
zaskoczyć/zdziwić;překvapit;to surprise;core500 B1_Core_Verbs_Top_100
nudzić się;nudit se;to be bored;core500 B1_Core_Verbs_Top_100
pomagać/pomóc;pomáhat/pomoci;to help;core500 B1_Core_Verbs_Top_100
wysłać;poslat;to send;core500 B1_Core_Verbs_Top_100
czekać;čekat;to wait;core500 B1_Core_Verbs_Top_100
szukać;hledat;to search;core500 B1_Core_Verbs_Top_100
pokazać;ukázat;to show;core500 B1_Core_Verbs_Top_100
schować;schovit/schovat;to hide;core500 B1_Core_Verbs_Top_100
istnieć;existovat;to exist;core500 B1_Core_Verbs_Top_100
stać się;stát se;to become/happen;core500 B1_Core_Verbs_Top_100
należeć;patřit;to belong;core500 B1_Core_Verbs_Top_100
zależeć;záviset;to depend;core500 B1_Core_Verbs_Top_100
zawierać;obsahovat;to contain;core500 B1_Core_Verbs_Top_100
znaczyć/oznaczać;znamenat;to mean;core500 B1_Core_Verbs_Top_100
wydawać się;zdát se;to seem;core500 B1_Core_Verbs_Top_100
kosztować;stát (za);to cost;core500 B1_Core_Verbs_Top_100
słyszeć;slyšet;to hear;core500 B1_Core_Verbs_Top_100
patrzeć;dívat se;to look/watch;core500 B1_Core_Verbs_Top_100
słuchać;poslouchat;to listen;core500 B1_Core_Verbs_Top_100
czuć (zapach);cítit (vůni);to smell;core500 B1_Core_Verbs_Top_100
smakować;chutnat;to taste;core500 B1_Core_Verbs_Top_100
dotknąć się;dotknout se;to touch;core500 B1_Core_Verbs_Top_100
leżeć;ležet;to lie (down);core500 B1_Core_Verbs_Top_100
otworzyć;otevřít;to open;core500 B1_Core_Verbs_Top_100
zamknąć;zavřít;to close;core500 B1_Core_Verbs_Top_100
włączyć;zapnout;to turn on;core500 B1_Core_Verbs_Top_100
wyłączyć;vypnout;to turn off;core500 B1_Core_Verbs_Top_100
umyć;umýt;to wash;core500 B1_Core_Verbs_Top_100
ubrać (się);obléct (se);to dress;core500 B1_Core_Verbs_Top_100
rozebrać (się);svléct (se);to undress;core500 B1_Core_Verbs_Top_100
pozwolić;dovolit;to allow;core500 B1_Core_Verbs_Top_100
zakazać;zakázat;to forbid;core500 B1_Core_Verbs_Top_100
zaproponować;navrhnout;to suggest;core500 B1_Core_Verbs_Top_100
porównać;porovnat;to compare;core500 B1_Core_Verbs_Top_100
zakładać;předpokládat;to assume;core500 B1_Core_Verbs_Top_100
poprzeć/wspierać;podpořit;to support;core500 B1_Core_Verbs_Top_100
stworzyć;vytvořit;to create;core500 B1_Core_Verbs_Top_100
zniszczyć;zničit;to destroy;core500 B1_Core_Verbs_Top_100
wygrać;vyhrát;to win;core500 B1_Core_Verbs_Top_100
przegrać;prohrát;to lose;core500 B1_Core_Verbs_Top_100
cześć;ahoj;hello/hi;core500 A1_01_Greetings_and_Introductions
zero;nula;zero;core500 A1_02_Numbers_and_Time
matka/mama;matka/máma;mother/mom;core500 A1_03_Family_and_People
chleb;chléb/chleba;bread;core500 A1_05_Food_and_Drink
wstawać;vstávat;to get up;core500 A1_06_Daily_Routine
dzień dobry;dobrý den;good day;core500 A1_01_Greetings_and_Introductions
mieszkanie;byt;apartment/flat;core500 A1_04_Home_and_Living
jeden;jeden;one;core500 A1_02_Numbers_and_Time
ojciec/tata;otec/táta;father/dad;core500 A1_03_Family_and_People
ulica;ulice;street;core500 A1_07_10_City_Shopping_Weather_Hobbies
masło;máslo;butter;core500 A1_05_Food_and_Drink
myć się;umýt se;to wash oneself;core500 A1_06_Daily_Routine
pokój;pokoj;room;core500 A1_04_Home_and_Living
dwa;dva;two;core500 A1_02_Numbers_and_Time
syn;syn;son;core500 A1_03_Family_and_People
plac/rynek;náměstí;square;core500 A1_07_10_City_Shopping_Weather_Hobbies
ser;sýr;cheese;core500 A1_05_Food_and_Drink
myć zęby;čistit si zuby;brush teeth;core500 A1_06_Daily_Routine
dobry wieczór;dobrý večer;good evening;core500 A1_01_Greetings_and_Introductions
kuchnia;kuchyně;kitchen;core500 A1_04_Home_and_Living
trzy;tři;three;core500 A1_02_Numbers_and_Time
córka;dcera;daughter;core500 A1_03_Family_and_People
most;most;bridge;core500 A1_07_10_City_Shopping_Weather_Hobbies
mięso;maso;meat;core500 A1_05_Food_and_Drink
ubierać się;oblékat se;to get dressed;core500 A1_06_Daily_Routine
dobranoc;dobrou noc;good night;core500 A1_01_Greetings_and_Introductions
łazienka;koupelna;bathroom;core500 A1_04_Home_and_Living
cztery;čtyři;four;core500 A1_02_Numbers_and_Time
brat;bratr;brother;core500 A1_03_Family_and_People
kościół;kostel;church;core500 A1_07_10_City_Shopping_Weather_Hobbies
ryba;ryba;fish;core500 A1_05_Food_and_Drink
jeść śniadanie;snídat;to have breakfast;core500 A1_06_Daily_Routine
do widzenia;na shledanou;goodbye;core500 A1_01_Greetings_and_Introductions
sypialnia;ložnice;bedroom;core500 A1_04_Home_and_Living
pięć;pět;five;core500 A1_02_Numbers_and_Time
siostra;sestra;sister;core500 A1_03_Family_and_People
szpital;nemocnice;hospital;core500 A1_07_10_City_Shopping_Weather_Hobbies
kurczak;kuře/kuřecí;chicken;core500 A1_05_Food_and_Drink
iść do pracy;jít do práce;go to work;core500 A1_06_Daily_Routine
cześć/pa;čau/čus;bye;core500 A1_01_Greetings_and_Introductions
salon/pokój dzienny;obývací pokoj;living room;core500 A1_04_Home_and_Living
sześć;šest;six;core500 A1_02_Numbers_and_Time
babcia;babička;grandmother;core500 A1_03_Family_and_People
jajko;vejce;egg;core500 A1_05_Food_and_Drink
toaleta/WC;záchod/toaleta;toilet;core500 A1_04_Home_and_Living
siedem;sedm;seven;core500 A1_02_Numbers_and_Time
dziadek;dědeček;grandfather;core500 A1_03_Family_and_People
sklep;obchod;shop;core500 A1_07_10_City_Shopping_Weather_Hobbies
mleko;mléko;milk;core500 A1_05_Food_and_Drink
jeść obiad;obědvat;to have lunch;core500 A1_06_Daily_Routine
ogród;zahrada;garden;core500 A1_04_Home_and_Living
osiem;osm;eight;core500 A1_02_Numbers_and_Time
mąż;manžel;husband;core500 A1_03_Family_and_People
restauracja;restaurace;restaurant;core500 A1_07_10_City_Shopping_Weather_Hobbies
ryż;rýže;rice;core500 A1_05_Food_and_Drink
wracać;vracet se;to come back;core500 A1_06_Daily_Routine
garaż;garáž;garage;core500 A1_04_Home_and_Living
dziewięć;devět;nine;core500 A1_02_Numbers_and_Time
żona;manželka;wife;core500 A1_03_Family_and_People
dworzec;nádraží;train station;core500 A1_07_10_City_Shopping_Weather_Hobbies
ziemniaki/kartofle;brambory;potato;core500 A1_05_Food_and_Drink
gotować;vařit;to cook;core500 A1_06_Daily_Routine
piwnica;sklep;cellar;core500 A1_04_Home_and_Living
dziesięć;deset;ten;core500 A1_02_Numbers_and_Time
wujek/stryj;strýc;uncle;core500 A1_03_Family_and_People
na lewo;vlevo;left;core500 A1_07_10_City_Shopping_Weather_Hobbies
cebula;cibule;onion;core500 A1_05_Food_and_Drink
jeść kolację;večeřet;to have dinner;core500 A1_06_Daily_Routine
poddasze/strych;podkroví;attic;core500 A1_04_Home_and_Living
jedenaście;jedenáct;eleven;core500 A1_02_Numbers_and_Time
ciotka/ciocia;teta;aunt;core500 A1_03_Family_and_People
na prawo;vpravo;right;core500 A1_07_10_City_Shopping_Weather_Hobbies
czosnek;česnek;garlic;core500 A1_05_Food_and_Drink
dobrze;dobře;good/fine;core500 A1_01_Greetings_and_Introductions
schody/klatka;schodiště;stairs;core500 A1_04_Home_and_Living
dwanaście;dvanáct;twelve;core500 A1_02_Numbers_and_Time
kuzyn/brat cioteczny;bratranec;cousin (m);core500 A1_03_Family_and_People
prosto;rovně/přímo;straight;core500 A1_07_10_City_Shopping_Weather_Hobbies
pomidor;rajče;tomato;core500 A1_05_Food_and_Drink
witamy/witajcie;vítejte;welcome;core500 A1_01_Greetings_and_Introductions
piętro;patro/poschodí;floor/story;core500 A1_04_Home_and_Living
trzynaście;třináct;thirteen;core500 A1_02_Numbers_and_Time
kuzynka;sestřenice;cousin (f);core500 A1_03_Family_and_People
blisko;blízko;near;core500 A1_07_10_City_Shopping_Weather_Hobbies
jabłko;jablko;apple;core500 A1_05_Food_and_Drink
jestem z Polski;jsem z Česka;I'm from...;core500 A1_01_Greetings_and_Introductions
sufit;strop;ceiling;core500 A1_04_Home_and_Living
czternaście;čtrnáct;fourteen;core500 A1_02_Numbers_and_Time
wnuk;vnuk;grandson;core500 A1_03_Family_and_People
daleko;daleko;far;core500 A1_07_10_City_Shopping_Weather_Hobbies
zupa;polévka;soup;core500 A1_05_Food_and_Drink
rano;ráno;in the morning;core500 A1_06_Daily_Routine
mówię po polsku;mluvím česky;I speak...;core500 A1_01_Greetings_and_Introductions
podłoga;podlaha;floor;core500 A1_04_Home_and_Living
piętnaście;patnáct;fifteen;core500 A1_02_Numbers_and_Time
wnuczka;vnučka;granddaughter;core500 A1_03_Family_and_People
kupować;kupovat;to buy;core500 A1_07_10_City_Shopping_Weather_Hobbies
przed południem;dopoledne;before noon;core500 A1_06_Daily_Routine
ściana;stěna/zeď;wall;core500 A1_04_Home_and_Living
szesnaście;šestnáct;sixteen;core500 A1_02_Numbers_and_Time
teść;tchán;father-in-law;core500 A1_03_Family_and_People
sprzedawać;prodávat;to sell;core500 A1_07_10_City_Shopping_Weather_Hobbies
herbata;čaj;tea;core500 A1_05_Food_and_Drink
w południe;v poledne;at noon;core500 A1_06_Daily_Routine
rozumiem;rozumím;I understand;core500 A1_01_Greetings_and_Introductions
okno;okno;window;core500 A1_04_Home_and_Living
siedemnaście;sedmnáct;seventeen;core500 A1_02_Numbers_and_Time
teściowa;tchyně;mother-in-law;core500 A1_03_Family_and_People
płacić;platit;to pay;core500 A1_07_10_City_Shopping_Weather_Hobbies
kawa;káva;coffee;core500 A1_05_Food_and_Drink
po południu;odpoledne;in the afternoon;core500 A1_06_Daily_Routine
nie rozumiem;nerozumím;I don't understand;core500 A1_01_Greetings_and_Introductions
drzwi;dveře;door;core500 A1_04_Home_and_Living
osiemnaście;osmnáct;eighteen;core500 A1_02_Numbers_and_Time
szwagier;švagr;brother-in-law;core500 A1_03_Family_and_People
piwo;pivo;beer;core500 A1_05_Food_and_Drink
wieczorem;večer;in the evening;core500 A1_06_Daily_Routine
nie wiem;nevím;I don't know;core500 A1_01_Greetings_and_Introductions
dach;střecha;roof;core500 A1_04_Home_and_Living
dziewiętnaście;devatenáct;nineteen;core500 A1_02_Numbers_and_Time
cena;cena;price;core500 A1_07_10_City_Shopping_Weather_Hobbies
wino;víno;wine;core500 A1_05_Food_and_Drink
w nocy;v noci;at night;core500 A1_06_Daily_Routine
stół;stůl;table;core500 A1_04_Home_and_Living
dwadzieścia;dvacet;twenty;core500 A1_02_Numbers_and_Time
tani;levný;cheap;core500 A1_07_10_City_Shopping_Weather_Hobbies
sok;džus/šťáva;juice;core500 A1_05_Food_and_Drink
krzesło;židle;chair;core500 A1_04_Home_and_Living
trzydzieści;třicet;thirty;core500 A1_02_Numbers_and_Time
drogi;drahý;expensive;core500 A1_07_10_City_Shopping_Weather_Hobbies
łóżko;postel;bed;core500 A1_04_Home_and_Living
czterdzieści;čtyřicet;forty;core500 A1_02_Numbers_and_Time
zniżka;sleva;discount;core500 A1_07_10_City_Shopping_Weather_Hobbies
śniadanie;snídaně;breakfast;core500 A1_05_Food_and_Drink
szafa;skříň;wardrobe;core500 A1_04_Home_and_Living
pięćdziesiąt;padesát;fifty;core500 A1_02_Numbers_and_Time
chłopak/chłopiec;chlapec/kluk;boy;core500 A1_03_Family_and_People
rozmiar;velikost;size;core500 A1_07_10_City_Shopping_Weather_Hobbies
obiad;oběd;lunch;core500 A1_05_Food_and_Drink
półka/regał;police/regál;shelf;core500 A1_04_Home_and_Living
sześćdziesiąt;šedesát;sixty;core500 A1_02_Numbers_and_Time
dziewczyna;dívka/holka;girl;core500 A1_03_Family_and_People
biały;bílý;white;core500 A1_07_10_City_Shopping_Weather_Hobbies
kolacja;večeře;dinner;core500 A1_05_Food_and_Drink
lampa;lampa;lamp;core500 A1_04_Home_and_Living
siedemdziesiąt;sedmdesát;seventy;core500 A1_02_Numbers_and_Time
przyjaciel/kolega;přítel/kamarád;friend;core500 A1_03_Family_and_People
czarny;černý;black;core500 A1_07_10_City_Shopping_Weather_Hobbies
menu/karta;jídelní lístek;menu;core500 A1_05_Food_and_Drink
lustro;zrcadlo;mirror;core500 A1_04_Home_and_Living
osiemdziesiąt;osmdesát;eighty;core500 A1_02_Numbers_and_Time
sąsiad;soused;neighbor;core500 A1_03_Family_and_People
czerwony;červený;red;core500 A1_07_10_City_Shopping_Weather_Hobbies
zamówienie;objednávka;order;core500 A1_05_Food_and_Drink
dywan;koberec;carpet;core500 A1_04_Home_and_Living
dziewięćdziesiąt;devadesát;ninety;core500 A1_02_Numbers_and_Time
niebieski;modrý;blue;core500 A1_07_10_City_Shopping_Weather_Hobbies
rachunek;účet;bill;core500 A1_05_Food_and_Drink
kanapa/sofa;gauč/pohovka;sofa/couch;core500 A1_04_Home_and_Living
sto;sto;hundred;core500 A1_02_Numbers_and_Time
młody;mladý;young;core500 A1_03_Family_and_People
zielony;zelený;green;core500 A1_07_10_City_Shopping_Weather_Hobbies
kelner;číšník;waiter;core500 A1_05_Food_and_Drink
lodówka;lednice/lednička;fridge;core500 A1_04_Home_and_Living
poniedziałek;pondělí;Monday;core500 A1_02_Numbers_and_Time
żółty;žlutý;yellow;core500 A1_07_10_City_Shopping_Weather_Hobbies
sztućce;příbor;cutlery;core500 A1_05_Food_and_Drink
wtorek;úterý;Tuesday;core500 A1_02_Numbers_and_Time
brązowy;hnědý;brown;core500 A1_07_10_City_Shopping_Weather_Hobbies
talerz;talíř;plate;core500 A1_05_Food_and_Drink
środa;středa;Wednesday;core500 A1_02_Numbers_and_Time
wysoki;vysoký;tall;core500 A1_03_Family_and_People
szary;šedý;grey;core500 A1_07_10_City_Shopping_Weather_Hobbies
szklanka;sklenice;glass;core500 A1_05_Food_and_Drink
czwartek;čtvrtek;Thursday;core500 A1_02_Numbers_and_Time
piękny;krásný;beautiful;core500 A1_03_Family_and_People
różowy;růžový;pink;core500 A1_07_10_City_Shopping_Weather_Hobbies
łyżka;lžíce;spoon;core500 A1_05_Food_and_Drink
piątek;pátek;Friday;core500 A1_02_Numbers_and_Time
miły;milý;nice/dear;core500 A1_03_Family_and_People
pomarańczowy;oranžový;orange;core500 A1_07_10_City_Shopping_Weather_Hobbies
nóż;nůž;knife;core500 A1_05_Food_and_Drink
sobota;sobota;Saturday;core500 A1_02_Numbers_and_Time
mądry/sprytny;chytrý;clever;core500 A1_03_Family_and_People
pogoda;počasí;weather;core500 A1_07_10_City_Shopping_Weather_Hobbies
widelec;vidlička;fork;core500 A1_05_Food_and_Drink
niedziela;neděle;Sunday;core500 A1_02_Numbers_and_Time
nauczyciel/ka;učitel/ka;teacher;core500 A1_03_Family_and_People
słońce;slunce;sun;core500 A1_07_10_City_Shopping_Weather_Hobbies
słodki;sladký;sweet;core500 A1_05_Food_and_Drink
styczeń;leden;January;core500 A1_02_Numbers_and_Time
lekarz/ka;lékař/ka;doctor;core500 A1_03_Family_and_People
deszcz;déšť;rain;core500 A1_07_10_City_Shopping_Weather_Hobbies
słony;slaný;salty;core500 A1_05_Food_and_Drink
luty;únor;February;core500 A1_02_Numbers_and_Time
student/ka;student/ka;student;core500 A1_03_Family_and_People
śnieg;sníh;snow;core500 A1_07_10_City_Shopping_Weather_Hobbies
kwaśny;kyselý;sour;core500 A1_05_Food_and_Drink
marzec;březen;March;core500 A1_02_Numbers_and_Time
sprzedawca/czyni;prodavač/ka;salesperson;core500 A1_03_Family_and_People
wiatr;vítr;wind;core500 A1_07_10_City_Shopping_Weather_Hobbies
gorzki;hořký;bitter;core500 A1_05_Food_and_Drink
kwiecień;duben;April;core500 A1_02_Numbers_and_Time
kierowca;řidič;driver;core500 A1_03_Family_and_People
chmura;oblak/mrak;cloud;core500 A1_07_10_City_Shopping_Weather_Hobbies
ostry/pikantny;pálivý/ostrý;spicy/hot;core500 A1_05_Food_and_Drink
maj;květen;May;core500 A1_02_Numbers_and_Time
gorąco;horko;hot;core500 A1_07_10_City_Shopping_Weather_Hobbies
świeży;čerstvý;fresh;core500 A1_05_Food_and_Drink
czerwiec;červen;June;core500 A1_02_Numbers_and_Time
zimno;zima (cold);cold;core500 A1_07_10_City_Shopping_Weather_Hobbies
lipiec;červenec;July;core500 A1_02_Numbers_and_Time
ciepło;teplo;warm;core500 A1_07_10_City_Shopping_Weather_Hobbies
sierpień;srpen;August;core500 A1_02_Numbers_and_Time
wiosna;jaro;spring;core500 A1_07_10_City_Shopping_Weather_Hobbies
wrzesień;září;September;core500 A1_02_Numbers_and_Time
lato;léto;summer;core500 A1_07_10_City_Shopping_Weather_Hobbies
październik;říjen;October;core500 A1_02_Numbers_and_Time
jesień;podzim;autumn;core500 A1_07_10_City_Shopping_Weather_Hobbies
listopad;listopad;November;core500 A1_02_Numbers_and_Time
zima;zima;winter;core500 A1_07_10_City_Shopping_Weather_Hobbies
grudzień;prosinec;December;core500 A1_02_Numbers_and_Time
sport;sport;sport;core500 A1_07_10_City_Shopping_Weather_Hobbies
Jest trzecia;Je tři hodiny;;core500 A1_02_Numbers_and_Time
piłka nożna;fotbal;football;core500 A1_07_10_City_Shopping_Weather_Hobbies
kwadrans do;tři čtvrtě na;;core500 A1_02_Numbers_and_Time
pływanie;plavání;swimming;core500 A1_07_10_City_Shopping_Weather_Hobbies
bieganie;běhání;running;core500 A1_07_10_City_Shopping_Weather_Hobbies
muzyka;hudba;music;core500 A1_07_10_City_Shopping_Weather_Hobbies
film;film;film;core500 A1_07_10_City_Shopping_Weather_Hobbies
podróżowanie;cestování;traveling;core500 A1_07_10_City_Shopping_Weather_Hobbies
gotowanie;vaření;cooking;core500 A1_07_10_City_Shopping_Weather_Hobbies
ogrodnictwo;zahradničení;gardening;core500 A1_07_10_City_Shopping_Weather_Hobbies
lubię + inf;rád/a + verb;I like to...;core1000 A1_07_10_City_Shopping_Weather_Hobbies
niezawodny/solidny;spolehlivý;reliable;core1000 B1_B2_Essential_Adjectives_and_Adverbs
odpowiedzialny;zodpovědný;responsible;core1000 B1_B2_Essential_Adjectives_and_Adverbs
cierpliwy;trpělivý;patient;core1000 B1_B2_Essential_Adjectives_and_Adverbs
niecierpliwy;netrpělivý;impatient;core1000 B1_B2_Essential_Adjectives_and_Adverbs
uparty;tvrdohlavý;stubborn;core1000 B1_B2_Essential_Adjectives_and_Adverbs
uczciwy;poctivý;honest;core1000 B1_B2_Essential_Adjectives_and_Adverbs
życzliwy/uprzejmy;laskavý;kind;core1000 B1_B2_Essential_Adjectives_and_Adverbs
okrutny;krutý;cruel;core1000 B1_B2_Essential_Adjectives_and_Adverbs
skromny;skromný;modest;core1000 B1_B2_Essential_Adjectives_and_Adverbs
dumny;pyšný/hrdý;proud;core1000 B1_B2_Essential_Adjectives_and_Adverbs
ambitny;ctižádostivý;ambitious;core1000 B1_B2_Essential_Adjectives_and_Adverbs
ciekawy;zvědavý;curious;core1000 B1_B2_Essential_Adjectives_and_Adverbs
hojny/szczodry;štědrý;generous;core1000 B1_B2_Essential_Adjectives_and_Adverbs
skąpy;lakomý/skoupý;stingy;core1000 B1_B2_Essential_Adjectives_and_Adverbs
towarzyski;společenský;sociable;core1000 B1_B2_Essential_Adjectives_and_Adverbs
doskonały/znakomity;vynikající;excellent;core1000 B1_B2_Essential_Adjectives_and_Adverbs
przeciętny/średni;průměrný;average;core1000 B1_B2_Essential_Adjectives_and_Adverbs
okropny/straszny;příšerný/hrozný;terrible;core1000 B1_B2_Essential_Adjectives_and_Adverbs
niesamowity/wspaniały;úžasný;amazing;core1000 B1_B2_Essential_Adjectives_and_Adverbs
zwykły/typowy;obvyklý;usual/common;core1000 B1_B2_Essential_Adjectives_and_Adverbs
niezwykły;neobvyklý;unusual;core1000 B1_B2_Essential_Adjectives_and_Adverbs
prosty/łatwy;jednoduchý;simple;core1000 B1_B2_Essential_Adjectives_and_Adverbs
skomplikowany/złożony;složitý;complicated;core1000 B1_B2_Essential_Adjectives_and_Adverbs
dokładny/precyzyjny;přesný;precise/exact;core1000 B1_B2_Essential_Adjectives_and_Adverbs
przybliżony;přibližný;approximate;core1000 B1_B2_Essential_Adjectives_and_Adverbs
poprawny/prawidłowy;správný;correct;core1000 B1_B2_Essential_Adjectives_and_Adverbs
błędny/niepoprawny;chybný/špatný;wrong/incorrect;core1000 B1_B2_Essential_Adjectives_and_Adverbs
skuteczny;účinný;effective;core1000 B1_B2_Essential_Adjectives_and_Adverbs
zbędny/niepotrzebny;zbytečný;unnecessary;core1000 B1_B2_Essential_Adjectives_and_Adverbs
odpowiedni;vhodný;suitable;core1000 B1_B2_Essential_Adjectives_and_Adverbs
mokry;mokrý;wet;core1000 B1_B2_Essential_Adjectives_and_Adverbs
suchy;suchý;dry;core1000 B1_B2_Essential_Adjectives_and_Adverbs
miękki;měkký;soft;core1000 B1_B2_Essential_Adjectives_and_Adverbs
twardy;tvrdý;hard;core1000 B1_B2_Essential_Adjectives_and_Adverbs
gładki;hladký;smooth;core1000 B1_B2_Essential_Adjectives_and_Adverbs
szorstki;drsný/hrubý;rough;core1000 B1_B2_Essential_Adjectives_and_Adverbs
ostry;ostrý;sharp;core1000 B1_B2_Essential_Adjectives_and_Adverbs
tępy;tupý;blunt/dull;core1000 B1_B2_Essential_Adjectives_and_Adverbs
głęboki;hluboký;deep;core1000 B1_B2_Essential_Adjectives_and_Adverbs
płytki;mělký;shallow;core1000 B1_B2_Essential_Adjectives_and_Adverbs
szeroki;široký;wide;core1000 B1_B2_Essential_Adjectives_and_Adverbs
wąski;úzký;narrow;core1000 B1_B2_Essential_Adjectives_and_Adverbs
gęsty;hustý;dense/thick;core1000 B1_B2_Essential_Adjectives_and_Adverbs
rzadki;řídký;sparse/thin;core1000 B1_B2_Essential_Adjectives_and_Adverbs
ciemny;tmavý;dark;core1000 B1_B2_Essential_Adjectives_and_Adverbs
jasny/jasny;světlý;light/bright;core1000 B1_B2_Essential_Adjectives_and_Adverbs
ciepły;teplý;warm;core1000 B1_B2_Essential_Adjectives_and_Adverbs
chłodny;chladný;cool;core1000 B1_B2_Essential_Adjectives_and_Adverbs
współczesny/obecny;současný;current/contemporary;core1000 B1_B2_Essential_Adjectives_and_Adverbs
poprzedni;předchozí/minulý;previous;core1000 B1_B2_Essential_Adjectives_and_Adverbs
następny/kolejny;následující/další;next/following;core1000 B1_B2_Essential_Adjectives_and_Adverbs
tymczasowy;dočasný;temporary;core1000 B1_B2_Essential_Adjectives_and_Adverbs
trwały/stały;trvalý/stálý;permanent;core1000 B1_B2_Essential_Adjectives_and_Adverbs
regularny;pravidelný;regular;core1000 B1_B2_Essential_Adjectives_and_Adverbs
sporadyczny/okazjonalny;občasný;occasional;core1000 B1_B2_Essential_Adjectives_and_Adverbs
natychmiastowy;okamžitý;immediate;core1000 B1_B2_Essential_Adjectives_and_Adverbs
stopniowy;postupný;gradual;core1000 B1_B2_Essential_Adjectives_and_Adverbs
nagły;náhlý;sudden;core1000 B1_B2_Essential_Adjectives_and_Adverbs
całkowicie/zupełnie;zcela/úplně;completely;core1000 B1_B2_Essential_Adjectives_and_Adverbs
prawie;téměř/skoro;almost;core1000 B1_B2_Essential_Adjectives_and_Adverbs
ledwo/zaledwie;sotva/stěží;barely/hardly;core1000 B1_B2_Essential_Adjectives_and_Adverbs
szczególnie/zwłaszcza;zejména/zvláště;especially;core1000 B1_B2_Essential_Adjectives_and_Adverbs
około/mniej więcej;přibližně/asi;approximately;core1000 B1_B2_Essential_Adjectives_and_Adverbs
absolutnie;naprosto;absolutely;core1000 B1_B2_Essential_Adjectives_and_Adverbs
trochę;trochu/troška;a little/bit;core1000 B1_B2_Essential_Adjectives_and_Adverbs
zbyt/za bardzo;příliš;too (much);core1000 B1_B2_Essential_Adjectives_and_Adverbs
wystarczająco/dość;dost/dostatečně;enough;core1000 B1_B2_Essential_Adjectives_and_Adverbs
szybko;rychle;quickly;core1000 B1_B2_Essential_Adjectives_and_Adverbs
wolno/powoli;pomalu;slowly;core1000 B1_B2_Essential_Adjectives_and_Adverbs
ostrożnie;opatrně;carefully;core1000 B1_B2_Essential_Adjectives_and_Adverbs
łatwo;snadno/lehce;easily;core1000 B1_B2_Essential_Adjectives_and_Adverbs
wspólnie/razem;společně;together;core1000 B1_B2_Essential_Adjectives_and_Adverbs
osobno/oddzielnie;zvlášť/odděleně;separately;core1000 B1_B2_Essential_Adjectives_and_Adverbs
na głos/głośno;nahlas;aloud;core1000 B1_B2_Essential_Adjectives_and_Adverbs
cicho/po cichu;potichu/tiše;quietly;core1000 B1_B2_Essential_Adjectives_and_Adverbs
celowo/umyślnie;úmyslně/schválně;deliberately;core1000 B1_B2_Essential_Adjectives_and_Adverbs
oczywisty;zjevný/očividný;obvious;core1000 B1_B2_Essential_Adjectives_and_Adverbs
tajny/sekretny;tajný/skrytý;secret;core1000 B1_B2_Essential_Adjectives_and_Adverbs
publiczny;veřejný;public;core1000 B1_B2_Essential_Adjectives_and_Adverbs
prywatny;soukromý;private;core1000 B1_B2_Essential_Adjectives_and_Adverbs
oficjalny;oficiální;official;core1000 B1_B2_Essential_Adjectives_and_Adverbs
nieoficjalny;neoficiální;unofficial;core1000 B1_B2_Essential_Adjectives_and_Adverbs
obowiązkowy;povinný;obligatory;core1000 B1_B2_Essential_Adjectives_and_Adverbs
dobrowolny;dobrovolný;voluntary;core1000 B1_B2_Essential_Adjectives_and_Adverbs
bezpłatny/darmowy;bezplatný/zdarma;free (of charge);core1000 B1_B2_Essential_Adjectives_and_Adverbs
niemniej (jednak);nicméně;nevertheless;core1000 B1_B2_Essential_Adjectives_and_Adverbs
ponadto/co więcej;navíc;moreover/furthermore;core1000 B1_B2_Essential_Adjectives_and_Adverbs
zamiast tego;místo toho;instead;core1000 B1_B2_Essential_Adjectives_and_Adverbs
w przeciwnym razie;jinak/v opačném případě;otherwise;core1000 B1_B2_Essential_Adjectives_and_Adverbs
wręcz przeciwnie;naopak;on the contrary;core1000 B1_B2_Essential_Adjectives_and_Adverbs
tymczasem/w międzyczasie;mezitím;meanwhile;core1000 B1_B2_Essential_Adjectives_and_Adverbs
ogólnie;celkově;overall;core1000 B1_B2_Essential_Adjectives_and_Adverbs
wreszcie/w końcu;konečně;finally;core1000 B1_B2_Essential_Adjectives_and_Adverbs
rzekomo/podobno;údajně/prý;allegedly/reportedly;core1000 B1_B2_Essential_Adjectives_and_Adverbs
drzewo;strom;tree;core1000 A2_B1_Plants_Trees_Landscape
obudzić się;vzbudit se;to wake up;core1000 A2_B1_Verbs_of_Daily_Life
pralka;pračka;washing machine;core1000 A2_06_10_House_Culture_Nature_Services_Narration
koszula;košile;shirt;core1000 A2_Clothes_and_Fashion
ręcznik;ručník;towel;core1000 A2_B1_Household_Tools_DIY
samochód/auto;auto;car;core1000 A2_02_05_Transport_Education_Work_Appearance
silnik;motor;engine/motor;core1000 A2_B1_Car_Driving_Transportation
głowa;hlava;head;core1000 A2_01_Health_and_Body
Europa;Evropa;Europe;core1000 A2_B1_Geography_Countries_Nationalities
pies;pes;dog;core1000 A2_Animals_Detailed
biuro;kancelář;office;core1000 A2_B1_Office_and_Professional_Life
pradziadek;pradědeček;great-grandfather;core1000 A2_B1_Family_Extended_and_Life_Events
drewno;dřevo;wood;core1000 A2_B1_Materials_Shapes_Quantities
piec;péct;to bake;core1000 A2_B1_Cooking_and_Kitchen
piosenka;písnička/píseň;song;core1000 A2_B1_Music_Arts_Entertainment
dąb;dub;oak;core1000 A2_B1_Plants_Trees_Landscape
gruszka;hruška;pear;core1000 A2_Food_Extended_Fruits_Vegetables_Dishes
zmywarka;myčka;dishwasher;core1000 A2_06_10_House_Culture_Nature_Services_Narration
koszulka/t-shirt;tričko;T-shirt;core1000 A2_Clothes_and_Fashion
prognoza pogody;předpověď (počasí);weather forecast;core1000 A2_B1_Weather_Extended
płuca;plíce;lungs;core1000 A2_B1_Body_Extended_and_Medical
mydło;mýdlo;soap;core1000 A2_B1_Household_Tools_DIY
autobus;autobus;bus;core1000 A2_02_05_Transport_Education_Work_Appearance
kierownica;volant;steering wheel;core1000 A2_B1_Car_Driving_Transportation
oko (oczy);oko (oči);eye;core1000 A2_01_Health_and_Body
Azja;Asie;Asia;core1000 A2_B1_Geography_Countries_Nationalities
kot;kočka;cat;core1000 A2_Animals_Detailed
biurko;stůl (pracovní);desk;core1000 A2_B1_Office_and_Professional_Life
hokej;hokej;hockey;core1000 A2_B1_Sports_and_Activities
prababcia;prababička;great-grandmother;core1000 A2_B1_Family_Extended_and_Life_Events
metal;kov;metal;core1000 A2_B1_Materials_Shapes_Quantities
fotel;křeslo;armchair;core1000 A2_B1_Furniture_and_Home_Interior
smażyć;smažit;to fry;core1000 A2_B1_Cooking_and_Kitchen
melodia;melodie;melody;core1000 A2_B1_Music_Arts_Entertainment
buk;buk;beech;core1000 A2_B1_Plants_Trees_Landscape
czereśnia;třešně;cherry;core1000 A2_Food_Extended_Fruits_Vegetables_Dishes
brać prysznic;sprchovat se;to shower;core1000 A2_B1_Verbs_of_Daily_Life
kuchenka;sporák;stove;core1000 A2_06_10_House_Culture_Nature_Services_Narration
bluza;mikina;sweatshirt;core1000 A2_Clothes_and_Fashion
temperatura;teplota;temperature;core1000 A2_B1_Weather_Extended
wątroba;játra;liver;core1000 A2_B1_Body_Extended_and_Medical
szczoteczka do zębów;zubní kartáček;toothbrush;core1000 A2_B1_Household_Tools_DIY
pociąg;vlak;train;core1000 A2_02_05_Transport_Education_Work_Appearance
hamulec/hamulce;brzda/brzdy;brake/brakes;core1000 A2_B1_Car_Driving_Transportation
ucho (uszy);ucho (uši);ear;core1000 A2_01_Health_and_Body
Afryka;Afrika;Africa;core1000 A2_B1_Geography_Countries_Nationalities
koń;kůň;horse;core1000 A2_Animals_Detailed
krzesło (biurowe);židle (kancelářská);office chair;core1000 A2_B1_Office_and_Professional_Life
koszykówka;basketbal;basketball;core1000 A2_B1_Sports_and_Activities
żelazo;železo;iron;core1000 A2_B1_Materials_Shapes_Quantities
stolik kawowy;konferenční stolek;coffee table;core1000 A2_B1_Furniture_and_Home_Interior
grillować;grilovat;to grill;core1000 A2_B1_Cooking_and_Kitchen
rytm;rytmus;rhythm;core1000 A2_B1_Music_Arts_Entertainment
brzoza;bříza;birch;core1000 A2_B1_Plants_Trees_Landscape
wiśnia;višně;sour cherry;core1000 A2_Food_Extended_Fruits_Vegetables_Dishes
kąpać się;koupat se;to bathe;core1000 A2_B1_Verbs_of_Daily_Life
piekarnik;trouba;oven;core1000 A2_06_10_House_Culture_Nature_Services_Narration
sweter;svetr;sweater;core1000 A2_Clothes_and_Fashion
stopień;stupeň;degree;core1000 A2_B1_Weather_Extended
nerki;ledviny;kidneys;core1000 A2_B1_Body_Extended_and_Medical
pasta do zębów;zubní pasta;toothpaste;core1000 A2_B1_Household_Tools_DIY
tramwaj;tramvaj;tram;core1000 A2_02_05_Transport_Education_Work_Appearance
pedał (gazu);pedál (plynu);gas pedal;core1000 A2_B1_Car_Driving_Transportation
nos;nos;nose;core1000 A2_01_Health_and_Body
Ameryka Północna;Severní Amerika;North America;core1000 A2_B1_Geography_Countries_Nationalities
krowa;kráva;cow;core1000 A2_Animals_Detailed
komputer;počítač;computer;core1000 A2_B1_Office_and_Professional_Life
siatkówka;volejbal;volleyball;core1000 A2_B1_Sports_and_Activities
stal;ocel;steel;core1000 A2_B1_Materials_Shapes_Quantities
regał/biblioteczka;knihovna/regál;bookshelf;core1000 A2_B1_Furniture_and_Home_Interior
dusić;dusit;to stew/braise;core1000 A2_B1_Cooking_and_Kitchen
piosenkarz/piosenkarka;zpěvák/zpěvačka;singer;core1000 A2_B1_Music_Arts_Entertainment
lipa;lípa;linden/lime;core1000 A2_B1_Plants_Trees_Landscape
śliwka;švestka;plum;core1000 A2_Food_Extended_Fruits_Vegetables_Dishes
golić się;holit se;to shave;core1000 A2_B1_Verbs_of_Daily_Life
odkurzacz;vysavač;vacuum cleaner;core1000 A2_06_10_House_Culture_Nature_Services_Narration
marynarka;sako;jacket (formal);core1000 A2_Clothes_and_Fashion
słonecznie;slunečno;sunny;core1000 A2_B1_Weather_Extended
żołądek;žaludek;stomach;core1000 A2_B1_Body_Extended_and_Medical
szampon;šampon;shampoo;core1000 A2_B1_Household_Tools_DIY
samolot;letadlo;airplane;core1000 A2_02_05_Transport_Education_Work_Appearance
sprzęgło;spojka;clutch;core1000 A2_B1_Car_Driving_Transportation
usta;ústa;mouth;core1000 A2_01_Health_and_Body
Ameryka Południowa;Jižní Amerika;South America;core1000 A2_B1_Geography_Countries_Nationalities
byk;býk;bull;core1000 A2_Animals_Detailed
monitor/ekran;monitor/obrazovka;monitor/screen;core1000 A2_B1_Office_and_Professional_Life
tenis;tenis;tennis;core1000 A2_B1_Sports_and_Activities
prawnuk;pravnuk;great-grandson;core1000 A2_B1_Family_Extended_and_Life_Events
miedź;měď;copper;core1000 A2_B1_Materials_Shapes_Quantities
komoda;komoda;chest of drawers;core1000 A2_B1_Furniture_and_Home_Interior
kroić;krájet/řezat;to cut/slice;core1000 A2_B1_Cooking_and_Kitchen
muzyk;hudebník/muzikant;musician;core1000 A2_B1_Music_Arts_Entertainment
sosna;borovice/sosna;pine;core1000 A2_B1_Plants_Trees_Landscape
morela;meruňka;apricot;core1000 A2_Food_Extended_Fruits_Vegetables_Dishes
czesać się;česat se;to comb hair;core1000 A2_B1_Verbs_of_Daily_Life
żelazko;žehlička;iron;core1000 A2_06_10_House_Culture_Nature_Services_Narration
kurtka;bunda;jacket (casual);core1000 A2_Clothes_and_Fashion
pochmurno/zachmurzenie;oblačno;cloudy;core1000 A2_B1_Weather_Extended
jelito/jelita;střevo/střeva;intestines;core1000 A2_B1_Body_Extended_and_Medical
nożyczki;nůžky;scissors;core1000 A2_B1_Household_Tools_DIY
statek/łódź;loď;ship;core1000 A2_02_05_Transport_Education_Work_Appearance
skrzynia biegów;převodovka;gearbox/transmission;core1000 A2_B1_Car_Driving_Transportation
ząb (zęby);zub (zuby);tooth;core1000 A2_01_Health_and_Body
Australia;Austrálie;Australia;core1000 A2_B1_Geography_Countries_Nationalities
świnia;prase/svině;pig;core1000 A2_Animals_Detailed
klawiatura;klávesnice;keyboard;core1000 A2_B1_Office_and_Professional_Life
siostrzeniec/bratanek;synovec;nephew;core1000 A2_B1_Family_Extended_and_Life_Events
złoto;zlato;gold;core1000 A2_B1_Materials_Shapes_Quantities
witryna;vitrína;display cabinet;core1000 A2_B1_Furniture_and_Home_Interior
trzeć/ścierać;strouhat;to grate;core1000 A2_B1_Cooking_and_Kitchen
zespół/kapela;kapela/skupina;band;core1000 A2_B1_Music_Arts_Entertainment
świerk;smrk;spruce;core1000 A2_B1_Plants_Trees_Landscape
brzoskwinia;broskev;peach;core1000 A2_Food_Extended_Fruits_Vegetables_Dishes
suszyć (włosy);sušit (vlasy);to dry (hair);core1000 A2_B1_Verbs_of_Daily_Life
sprzątać;uklízet;to clean/tidy;core1000 A2_06_10_House_Culture_Nature_Services_Narration
płaszcz;kabát;coat;core1000 A2_Clothes_and_Fashion
pogodnie/jasno;jasno;clear;core1000 A2_B1_Weather_Extended
mózg;mozek;brain;core1000 A2_B1_Body_Extended_and_Medical
grzebień;hřeben;comb;core1000 A2_B1_Household_Tools_DIY
rower;kolo/bicykl;bicycle;core1000 A2_02_05_Transport_Education_Work_Appearance
opona;pneumatika/guma;tire;core1000 A2_B1_Car_Driving_Transportation
język;jazyk;tongue/language;core1000 A2_01_Health_and_Body
Antarktyda;Antarktida;Antarctica;core1000 A2_B1_Geography_Countries_Nationalities
owca;ovce;sheep;core1000 A2_Animals_Detailed
drukarka;tiskárna;printer;core1000 A2_B1_Office_and_Professional_Life
bieganie/bieg;běh;running;core1000 A2_B1_Sports_and_Activities
siostrzenica/bratanica;neteř;niece;core1000 A2_B1_Family_Extended_and_Life_Events
srebro;stříbro;silver;core1000 A2_B1_Materials_Shapes_Quantities
mieszać;míchat/mísit;to mix/stir;core1000 A2_B1_Cooking_and_Kitchen
dyrygent;dirigent;conductor;core1000 A2_B1_Music_Arts_Entertainment
jodła;jedle;fir;core1000 A2_B1_Plants_Trees_Landscape
truskawka;jahoda;strawberry;core1000 A2_Food_Extended_Fruits_Vegetables_Dishes
malować się;líčit se/malovat se;to put on makeup;core1000 A2_B1_Verbs_of_Daily_Life
prać;prát;to do laundry;core1000 A2_06_10_House_Culture_Nature_Services_Narration
spodnie;kalhoty;trousers/pants;core1000 A2_Clothes_and_Fashion
pochmurno;zataženo;overcast;core1000 A2_B1_Weather_Extended
kręgosłup;páteř;spine;core1000 A2_B1_Body_Extended_and_Medical
lotnisko;letiště;airport;core1000 A2_02_05_Transport_Education_Work_Appearance
kark/szyja;krk;neck;core1000 A2_01_Health_and_Body
Czechy;Česko/Česká republika;Czechia;core1000 A2_B1_Geography_Countries_Nationalities
koza;koza;goat;core1000 A2_Animals_Detailed
skaner;skener;scanner;core1000 A2_B1_Office_and_Professional_Life
kolarstwo;cyklistika;cycling;core1000 A2_B1_Sports_and_Activities
szkło;sklo;glass;core1000 A2_B1_Materials_Shapes_Quantities
firanka/zasłona;záclona;curtain;core1000 A2_B1_Furniture_and_Home_Interior
ubijać;šlehat;to whip/beat;core1000 A2_B1_Cooking_and_Kitchen
kompozytor;skladatel;composer;core1000 A2_B1_Music_Arts_Entertainment
topola;topol;poplar;core1000 A2_B1_Plants_Trees_Landscape
malina;malina;raspberry;core1000 A2_Food_Extended_Fruits_Vegetables_Dishes
naprawić;opravit;to repair;core1000 A2_06_10_House_Culture_Nature_Services_Narration
dżinsy;džíny;jeans;core1000 A2_Clothes_and_Fashion
mgła;mlha;fog;core1000 A2_B1_Weather_Extended
żebro;žebro;rib;core1000 A2_B1_Body_Extended_and_Medical
świeczka;svíčka;candle;core1000 A2_B1_Household_Tools_DIY
zderzak;nárazník;bumper;core1000 A2_B1_Car_Driving_Transportation
ramię;rameno;shoulder;core1000 A2_01_Health_and_Body
Polska;Polsko;Poland;core1000 A2_B1_Geography_Countries_Nationalities
kura/kurczak;slepice/kuře;chicken/hen;core1000 A2_Animals_Detailed
ksero/kopiarka;kopírka;copier;core1000 A2_B1_Office_and_Professional_Life
narciarstwo;lyžování;skiing;core1000 A2_B1_Sports_and_Activities
plastik/tworzywo;plast/umělá hmota;plastic;core1000 A2_B1_Materials_Shapes_Quantities
żaluzje/roleta;žaluzie/roleta;blinds;core1000 A2_B1_Furniture_and_Home_Interior
obierać;loupat;to peel;core1000 A2_B1_Cooking_and_Kitchen
gitara;kytara;guitar;core1000 A2_B1_Music_Arts_Entertainment
wierzba;vrba;willow;core1000 A2_B1_Plants_Trees_Landscape
borówka/jagoda;borůvka;blueberry;core1000 A2_Food_Extended_Fruits_Vegetables_Dishes
zdejmować buty;zouvat se;to take shoes off;core1000 A2_B1_Verbs_of_Daily_Life
przeprowadzać się;stěhovat se;to move (house);core1000 A2_06_10_House_Culture_Nature_Services_Narration
szorty;šortky;shorts;core1000 A2_Clothes_and_Fashion
mróz;mráz;frost;core1000 A2_B1_Weather_Extended
mięśnie;svaly;muscles;core1000 A2_B1_Body_Extended_and_Medical
zapałki;zápalky;matches;core1000 A2_B1_Household_Tools_DIY
przystanek;zastávka;stop;core1000 A2_02_05_Transport_Education_Work_Appearance
maska;kapota;hood/bonnet;core1000 A2_B1_Car_Driving_Transportation
Niemcy;Německo;Germany;core1000 A2_B1_Geography_Countries_Nationalities
kogut;kohout;rooster;core1000 A2_Animals_Detailed
projektor/rzutnik;projektor;projector;core1000 A2_B1_Office_and_Professional_Life
łyżwiarstwo;bruslení;ice skating;core1000 A2_B1_Sports_and_Activities
papier;papír;paper;core1000 A2_B1_Materials_Shapes_Quantities
żyrandol/lampa;lustr/svítidlo;chandelier/light fixture;core1000 A2_B1_Furniture_and_Home_Interior
sypać;sypat;to sprinkle;core1000 A2_B1_Cooking_and_Kitchen
fortepian/pianino;klavír/piano;piano;core1000 A2_B1_Music_Arts_Entertainment
jesion;jasan;ash;core1000 A2_B1_Plants_Trees_Landscape
winogrono;hrozen/víno;grape;core1000 A2_Food_Extended_Fruits_Vegetables_Dishes
kino;kino;cinema;core1000 A2_06_10_House_Culture_Nature_Services_Narration
spódnica;sukně;skirt;core1000 A2_Clothes_and_Fashion
gołoledź/lód;námraza/led;black ice;core1000 A2_B1_Weather_Extended
staw;kloub;joint;core1000 A2_B1_Body_Extended_and_Medical
żarówka;žárovka;light bulb;core1000 A2_B1_Household_Tools_DIY
bilet;jízdenka;ticket;core1000 A2_02_05_Transport_Education_Work_Appearance
bagażnik;kufr/zavazadlový prostor;trunk/boot;core1000 A2_B1_Car_Driving_Transportation
palec;prst;finger;core1000 A2_01_Health_and_Body
Słowacja;Slovensko;Slovakia;core1000 A2_B1_Geography_Countries_Nationalities
kaczka;kachna;duck;core1000 A2_Animals_Detailed
tablica (biała);tabule (bílá);whiteboard;core1000 A2_B1_Office_and_Professional_Life
gimnastyka;gymnastika;gymnastics;core1000 A2_B1_Sports_and_Activities
guma;guma/pryž;rubber;core1000 A2_B1_Materials_Shapes_Quantities
poduszka;polštář;cushion/pillow;core1000 A2_B1_Furniture_and_Home_Interior
nalać;nalít;to pour;core1000 A2_B1_Cooking_and_Kitchen
skrzypce;housle;violin;core1000 A2_B1_Music_Arts_Entertainment
klon;javor;maple;core1000 A2_B1_Plants_Trees_Landscape
banan;banán;banana;core1000 A2_Food_Extended_Fruits_Vegetables_Dishes
teatr;divadlo;theater;core1000 A2_06_10_House_Culture_Nature_Services_Narration
sukienka;šaty;dress;core1000 A2_Clothes_and_Fashion
rosa;rosa;dew;core1000 A2_B1_Weather_Extended
ścięgno;šlacha;tendon;core1000 A2_B1_Body_Extended_and_Medical
gniazdko/kontakt;zásuvka;socket/outlet;core1000 A2_B1_Household_Tools_DIY
przyjazd;příjezd;arrival;core1000 A2_02_05_Transport_Education_Work_Appearance
lusterko wsteczne;zpětné zrcátko;rearview mirror;core1000 A2_B1_Car_Driving_Transportation
noga;noha;leg/foot;core1000 A2_01_Health_and_Body
Austria;Rakousko;Austria;core1000 A2_B1_Geography_Countries_Nationalities
gęś;husa;goose;core1000 A2_Animals_Detailed
zszywacz;sešívačka;stapler;core1000 A2_B1_Office_and_Professional_Life
lekkoatletyka;atletika;athletics;core1000 A2_B1_Sports_and_Activities
zięć;zeť;son-in-law;core1000 A2_B1_Family_Extended_and_Life_Events
beton;beton;concrete;core1000 A2_B1_Materials_Shapes_Quantities
koc/narzuta;deka/přikrývka;blanket/throw;core1000 A2_B1_Furniture_and_Home_Interior
podgrzać;ohřát;to reheat;core1000 A2_B1_Cooking_and_Kitchen
perkusja/bęben;bicí/buben;drums;core1000 A2_B1_Music_Arts_Entertainment
jabłoń;jabloň;apple tree;core1000 A2_B1_Plants_Trees_Landscape
pomarańcza;pomeranč;orange;core1000 A2_Food_Extended_Fruits_Vegetables_Dishes
gryźć;kousat;to bite/chew;core1000 A2_B1_Verbs_of_Daily_Life
wystawa;výstava;exhibition;core1000 A2_06_10_House_Culture_Nature_Services_Narration
garnitur;oblek;suit;core1000 A2_Clothes_and_Fashion
burza;bouřka;thunderstorm;core1000 A2_B1_Weather_Extended
żyła;žíla;vein;core1000 A2_B1_Body_Extended_and_Medical
wtyczka;zástrčka;plug;core1000 A2_B1_Household_Tools_DIY
odjazd;odjezd;departure;core1000 A2_02_05_Transport_Education_Work_Appearance
kierunkowskaz;blikr/blinkr;turn signal;core1000 A2_B1_Car_Driving_Transportation
kolano;koleno;knee;core1000 A2_01_Health_and_Body
Węgry;Maďarsko;Hungary;core1000 A2_B1_Geography_Countries_Nationalities
królik;králík;rabbit;core1000 A2_Animals_Detailed
dziurkacz;děrovačka;hole punch;core1000 A2_B1_Office_and_Professional_Life
boks;box;boxing;core1000 A2_B1_Sports_and_Activities
synowa;snacha;daughter-in-law;core1000 A2_B1_Family_Extended_and_Life_Events
cegła;cihla;brick;core1000 A2_B1_Materials_Shapes_Quantities
wazon;váza;vase;core1000 A2_B1_Furniture_and_Home_Interior
ochłodzić;ochladit;to cool down;core1000 A2_B1_Cooking_and_Kitchen
flet;flétna;flute;core1000 A2_B1_Music_Arts_Entertainment
czereśnia (drzewo);třešeň;cherry tree;core1000 A2_B1_Plants_Trees_Landscape
cytryna;citrón;lemon;core1000 A2_Food_Extended_Fruits_Vegetables_Dishes
żuć;žvýkat;to chew;core1000 A2_B1_Verbs_of_Daily_Life
koncert;koncert;concert;core1000 A2_06_10_House_Culture_Nature_Services_Narration
piżama;pyžamo;pajamas;core1000 A2_Clothes_and_Fashion
błyskawica;blesk;lightning;core1000 A2_B1_Weather_Extended
tętnica;tepna;artery;core1000 A2_B1_Body_Extended_and_Medical
przedłużacz;prodlužovačka;extension cord;core1000 A2_B1_Household_Tools_DIY
w jedną stronę;jednosměrný;one-way;core1000 A2_02_05_Transport_Education_Work_Appearance
reflektor/światło;světlomet;headlight;core1000 A2_B1_Car_Driving_Transportation
plecy;záda;back;core1000 A2_01_Health_and_Body
Ukraina;Ukrajina;Ukraine;core1000 A2_B1_Geography_Countries_Nationalities
chomik;křeček;hamster;core1000 A2_Animals_Detailed
teczka/folder;složka/desky;folder/binder;core1000 A2_B1_Office_and_Professional_Life
zapasy;zápas/wrestling;wrestling;core1000 A2_B1_Sports_and_Activities
glina;hlína/jíl;clay;core1000 A2_B1_Materials_Shapes_Quantities
ramka;rám/rámeček;frame;core1000 A2_B1_Furniture_and_Home_Interior
spróbować;ochutnat;to taste/try;core1000 A2_B1_Cooking_and_Kitchen
trąbka;trubka/trumpeta;trumpet;core1000 A2_B1_Music_Arts_Entertainment
orzech włoski;ořešák/vlašský ořech;walnut tree;core1000 A2_B1_Plants_Trees_Landscape
melon/arbuz;meloun;melon/watermelon;core1000 A2_Food_Extended_Fruits_Vegetables_Dishes
połykać;polykat;to swallow;core1000 A2_B1_Verbs_of_Daily_Life
kąpielówki/kostium;plavky;swimsuit;core1000 A2_Clothes_and_Fashion
grzmot;hrom;thunder;core1000 A2_B1_Weather_Extended
układ nerwowy;nervový systém;nervous system;core1000 A2_B1_Body_Extended_and_Medical
kosz na śmieci;koš/koš na odpadky;trash bin;core1000 A2_B1_Household_Tools_DIY
powrotny;zpáteční;return;core1000 A2_02_05_Transport_Education_Work_Appearance
wycieraczka;stěrač;windshield wiper;core1000 A2_B1_Car_Driving_Transportation
brzuch;břicho;belly;core1000 A2_01_Health_and_Body
Rosja;Rusko;Russia;core1000 A2_B1_Geography_Countries_Nationalities
papuga;papoušek;parrot;core1000 A2_Animals_Detailed
koperta;obálka;envelope;core1000 A2_B1_Office_and_Professional_Life
szachy;šachy;chess;core1000 A2_B1_Sports_and_Activities
szwagierka;švagrová;sister-in-law;core1000 A2_B1_Family_Extended_and_Life_Events
piasek;písek;sand;core1000 A2_B1_Materials_Shapes_Quantities
kominek;krb/kamin;fireplace;core1000 A2_B1_Furniture_and_Home_Interior
mąka;mouka;flour;core1000 A2_B1_Cooking_and_Kitchen
kwiat;květina;flower;core1000 A2_B1_Plants_Trees_Landscape
ziemniak/ziemniaki/kartofle;brambora/brambory;potato;core1000 A2_Food_Extended_Fruits_Vegetables_Dishes
lizać;lízat;to lick;core1000 A2_B1_Verbs_of_Daily_Life
taniec;tanec;dance;core1000 A2_06_10_House_Culture_Nature_Services_Narration
buty;boty;shoes;core1000 A2_Clothes_and_Fashion
tęcza;duha;rainbow;core1000 A2_B1_Weather_Extended
czoło;čelo;forehead;core1000 A2_B1_Body_Extended_and_Medical
młotek;kladivo;hammer;core1000 A2_B1_Household_Tools_DIY
prowadzić/kierować;řídit;to drive;core1000 A2_B1_Car_Driving_Transportation
Francja;Francie;France;core1000 A2_B1_Geography_Countries_Nationalities
wilk;vlk;wolf;core1000 A2_Animals_Detailed
pieczątka;razítko;stamp/seal;core1000 A2_B1_Office_and_Professional_Life
narodzenie/narodziny;narození;birth;core1000 A2_B1_Family_Extended_and_Life_Events
koło/okrąg;kruh/kolo;circle;core1000 A2_B1_Materials_Shapes_Quantities
cukier;cukr;sugar;core1000 A2_B1_Cooking_and_Kitchen
reżyser;režisér;director;core1000 A2_B1_Music_Arts_Entertainment
róża;růže;rose;core1000 A2_B1_Plants_Trees_Landscape
dmuchać;foukat;to blow;core1000 A2_B1_Verbs_of_Daily_Life
obraz;obraz;picture/painting;core1000 A2_06_10_House_Culture_Nature_Services_Narration
tenisówki/adidasy;tenisky;sneakers;core1000 A2_Clothes_and_Fashion
grad;krupobití;hail;core1000 A2_B1_Weather_Extended
brwi;obočí;eyebrows;core1000 A2_B1_Body_Extended_and_Medical
śrubokręt;šroubovák;screwdriver;core1000 A2_B1_Household_Tools_DIY
klasa;třída;class;core1000 A2_02_05_Transport_Education_Work_Appearance
uruchomić/odpalić;nastartovat;to start (engine);core1000 A2_B1_Car_Driving_Transportation
krew;krev;blood;core1000 A2_01_Health_and_Body
Hiszpania;Španělsko;Spain;core1000 A2_B1_Geography_Countries_Nationalities
niedźwiedź;medvěd;bear;core1000 A2_Animals_Detailed
spinacze;kancelářské sponky;paper clips;core1000 A2_B1_Office_and_Professional_Life
noworodek;novorozenec;newborn;core1000 A2_B1_Family_Extended_and_Life_Events
kwadrat;čtverec;square;core1000 A2_B1_Materials_Shapes_Quantities
materac;matrace;mattress;core1000 A2_B1_Furniture_and_Home_Interior
sól;sůl;salt;core1000 A2_B1_Cooking_and_Kitchen
aktor/aktorka;herec/herečka;actor/actress;core1000 A2_B1_Music_Arts_Entertainment
tulipan;tulipán;tulip;core1000 A2_B1_Plants_Trees_Landscape
ogórek;okurka;cucumber;core1000 A2_Food_Extended_Fruits_Vegetables_Dishes
sandały;sandály;sandals;core1000 A2_Clothes_and_Fashion
zamieć/zawieja;vánice/sněhová bouře;blizzard;core1000 A2_B1_Weather_Extended
rzęsa;řasa;eyelash;core1000 A2_B1_Body_Extended_and_Medical
szczypce/kombinerki;kleště;pliers;core1000 A2_B1_Household_Tools_DIY
podręcznik;učebnice;textbook;core1000 A2_02_05_Transport_Education_Work_Appearance
przyspieszyć;zrychlit;to accelerate;core1000 A2_B1_Car_Driving_Transportation
kość;kost;bone;core1000 A2_01_Health_and_Body
Włochy;Itálie;Italy;core1000 A2_B1_Geography_Countries_Nationalities
lis;liška;fox;core1000 A2_Animals_Detailed
gumka;guma (na mazání);eraser;core1000 A2_B1_Office_and_Professional_Life
niemowlę;kojenec;infant;core1000 A2_B1_Family_Extended_and_Life_Events
prostokąt;obdélník;rectangle;core1000 A2_B1_Materials_Shapes_Quantities
pieprz;pepř;pepper;core1000 A2_B1_Cooking_and_Kitchen
scenariusz;scénář;screenplay;core1000 A2_B1_Music_Arts_Entertainment
słonecznik;slunečnice;sunflower;core1000 A2_B1_Plants_Trees_Landscape
papryka;paprika;pepper (bell);core1000 A2_Food_Extended_Fruits_Vegetables_Dishes
gazeta;noviny;newspaper;core1000 A2_06_10_House_Culture_Nature_Services_Narration
skarpetki;ponožky;socks;core1000 A2_Clothes_and_Fashion
powódź;povodeň/záplava;flood;core1000 A2_B1_Weather_Extended
powieka;víčko;eyelid;core1000 A2_B1_Body_Extended_and_Medical
śruba;šroub;screw;core1000 A2_B1_Household_Tools_DIY
zeszyt;sešit;notebook;core1000 A2_02_05_Transport_Education_Work_Appearance
zwolnić;zpomalit;to slow down;core1000 A2_B1_Car_Driving_Transportation
skóra;kůže;skin;core1000 A2_01_Health_and_Body
Wielka Brytania;Velká Británie;Great Britain;core1000 A2_B1_Geography_Countries_Nationalities
jeleń;jelen;deer/stag;core1000 A2_Animals_Detailed
linijka;pravítko;ruler;core1000 A2_B1_Office_and_Professional_Life
zremisować;remizovat;to draw/tie;core1000 A2_B1_Sports_and_Activities
maluch;batole;toddler;core1000 A2_B1_Family_Extended_and_Life_Events
trójkąt;trojúhelník;triangle;core1000 A2_B1_Materials_Shapes_Quantities
kołdra;přikrývka/deka;duvet/blanket;core1000 A2_B1_Furniture_and_Home_Interior
olej;olej;oil;core1000 A2_B1_Cooking_and_Kitchen
scena;scéna;scene;core1000 A2_B1_Music_Arts_Entertainment
stokrotka;sedmikráska;daisy;core1000 A2_B1_Plants_Trees_Landscape
marchew(ka);mrkev;carrot;core1000 A2_Food_Extended_Fruits_Vegetables_Dishes
czasopismo;časopis;magazine;core1000 A2_06_10_House_Culture_Nature_Services_Narration
rajstopy/pończochy;punčochy;tights/stockings;core1000 A2_Clothes_and_Fashion
susza;sucho;drought;core1000 A2_B1_Weather_Extended
gwóźdź;hřebík;nail;core1000 A2_B1_Household_Tools_DIY
ołówek;tužka;pencil;core1000 A2_02_05_Transport_Education_Work_Appearance
zatrzymać się;zastavit;to stop;core1000 A2_B1_Car_Driving_Transportation
Stany Zjednoczone;Spojené státy;United States;core1000 A2_B1_Geography_Countries_Nationalities
zając;zajíc;hare;core1000 A2_Animals_Detailed
kalkulator;kalkulačka;calculator;core1000 A2_B1_Office_and_Professional_Life
trenować;trénovat;to train;core1000 A2_B1_Sports_and_Activities
dzieciństwo;dětství;childhood;core1000 A2_B1_Family_Extended_and_Life_Events
gwiazda;hvězda;star;core1000 A2_B1_Materials_Shapes_Quantities
prześcieradło;prostěradlo;bed sheet;core1000 A2_B1_Furniture_and_Home_Interior
ocet;ocet;vinegar;core1000 A2_B1_Cooking_and_Kitchen
premiera;premiéra;premiere;core1000 A2_B1_Music_Arts_Entertainment
fiołek;fialka;violet;core1000 A2_B1_Plants_Trees_Landscape
wiadomości;zprávy;news;core1000 A2_06_10_House_Culture_Nature_Services_Narration
czapka;čepice;hat/cap;core1000 A2_Clothes_and_Fashion
broda/podbródek;brada;chin;core1000 A2_B1_Body_Extended_and_Medical
piła;pila;saw;core1000 A2_B1_Household_Tools_DIY
długopis;pero;pen;core1000 A2_02_05_Transport_Education_Work_Appearance
parkować;parkovat;to park;core1000 A2_B1_Car_Driving_Transportation
zdrowie;zdraví;health;core1000 A2_01_Health_and_Body
Czech/Czeszka;Čech/Češka;;core1000 A2_B1_Geography_Countries_Nationalities
wiewiórka;veverka;squirrel;core1000 A2_Animals_Detailed
spotkanie/zebranie;schůzka/porada;meeting;core1000 A2_B1_Office_and_Professional_Life
rywalizować/konkurować;soutěžit;to compete;core1000 A2_B1_Sports_and_Activities
dojrzewanie/okres dojrzewania;dospívání/puberta;puberty/adolescence;core1000 A2_B1_Family_Extended_and_Life_Events
kula;koule;sphere/ball;core1000 A2_B1_Materials_Shapes_Quantities
pościel;povlečení;bedding;core1000 A2_B1_Furniture_and_Home_Interior
drożdże;droždí;yeast;core1000 A2_B1_Cooking_and_Kitchen
napisy;titulky;subtitles;core1000 A2_B1_Music_Arts_Entertainment
konwalia;konvalinka;lily of the valley;core1000 A2_B1_Plants_Trees_Landscape
myć naczynia;mýt nádobí;to wash dishes;core1000 A2_B1_Verbs_of_Daily_Life
reklama;reklama;advertisement;core1000 A2_06_10_House_Culture_Nature_Services_Narration
kapelusz;klobouk;hat (brimmed);core1000 A2_Clothes_and_Fashion
wietrzyk;vánek/větřík;breeze;core1000 A2_B1_Weather_Extended
szczęka;čelist;jaw;core1000 A2_B1_Body_Extended_and_Medical
wiertarka;vrtačka;drill;core1000 A2_B1_Household_Tools_DIY
tablica;tabule;blackboard;core1000 A2_02_05_Transport_Education_Work_Appearance
cofać;couvat;to reverse;core1000 A2_B1_Car_Driving_Transportation
choroba;nemoc;illness;core1000 A2_01_Health_and_Body
Polak/Polka;Polák/Polka;;core1000 A2_B1_Geography_Countries_Nationalities
jeż;ježek;hedgehog;core1000 A2_Animals_Detailed
konferencja;konference;conference;core1000 A2_B1_Office_and_Professional_Life
gol;skóre/gól;goal/score;core1000 A2_B1_Sports_and_Activities
nastolatek;teenager/mladistvý;teenager;core1000 A2_B1_Family_Extended_and_Life_Events
walec/cylinder;válec;cylinder;core1000 A2_B1_Materials_Shapes_Quantities
szafka nocna;noční stolek;nightstand;core1000 A2_B1_Furniture_and_Home_Interior
przyprawy;koření;spices;core1000 A2_B1_Cooking_and_Kitchen
dubbing;dabing;dubbing;core1000 A2_B1_Music_Arts_Entertainment
chryzantema;chryzantéma;chrysanthemum;core1000 A2_B1_Plants_Trees_Landscape
kapusta;zelí;cabbage;core1000 A2_Food_Extended_Fruits_Vegetables_Dishes
wycierać;utírat;to wipe/dry;core1000 A2_B1_Verbs_of_Daily_Life
szalik/szal;šála/šátek;scarf;core1000 A2_Clothes_and_Fashion
wichura;vichřice/vichr;storm;core1000 A2_B1_Weather_Extended
warga/wargi;ret/rty;lip/lips;core1000 A2_B1_Body_Extended_and_Medical
miara/metr;měřidlo/metr;tape measure;core1000 A2_B1_Household_Tools_DIY
egzamin;zkouška;exam;core2000 A2_02_05_Transport_Education_Work_Appearance
wyprzedzać;předjíždět;to overtake;core2000 A2_B1_Car_Driving_Transportation
ból;bolest;pain;core2000 A2_01_Health_and_Body
Niemiec/Niemka;Němec/Němka;;core2000 A2_B1_Geography_Countries_Nationalities
wąż;had;snake;core2000 A2_Animals_Detailed
prezentacja;prezentace;presentation;core2000 A2_B1_Office_and_Professional_Life
faulować;faulovat;to foul;core2000 A2_B1_Sports_and_Activities
dorosłość;dospělost;adulthood;core2000 A2_B1_Family_Extended_and_Life_Events
stożek;kužel;cone;core2000 A2_B1_Materials_Shapes_Quantities
szafa;šatní skříň;wardrobe;core2000 A2_B1_Furniture_and_Home_Interior
film animowany;animovaný film;animated film;core2000 A2_B1_Music_Arts_Entertainment
orchidea;orchidej;orchid;core2000 A2_B1_Plants_Trees_Landscape
kalafior;květák;cauliflower;core2000 A2_Food_Extended_Fruits_Vegetables_Dishes
zamiatać;zametat;to sweep;core2000 A2_B1_Verbs_of_Daily_Life
rękawiczki;rukavice;gloves;core2000 A2_Clothes_and_Fashion
tornado;tornádo;tornado;core2000 A2_B1_Weather_Extended
dziąsło;dáseň;gum;core2000 A2_B1_Body_Extended_and_Medical
sznurek/lina;provaz/lano;rope/string;core2000 A2_B1_Household_Tools_DIY
ocena/stopień;známka;grade;core2000 A2_02_05_Transport_Education_Work_Appearance
skręcić;odbočit;to turn;core2000 A2_B1_Car_Driving_Transportation
gorączka;horečka;fever;core2000 A2_01_Health_and_Body
Rosjanin/Rosjanka;Rus/Ruska;;core2000 A2_B1_Geography_Countries_Nationalities
żaba;žába;frog;core2000 A2_Animals_Detailed
porządek obrad/agenda;agenda/program;agenda;core2000 A2_B1_Office_and_Professional_Life
sędzia;rozhodčí;referee;core2000 A2_B1_Sports_and_Activities
starość;stáří;old age;core2000 A2_B1_Family_Extended_and_Life_Events
linia/kreska;přímka/čára;line;core2000 A2_B1_Materials_Shapes_Quantities
szuflada;šuplík;drawer;core2000 A2_B1_Furniture_and_Home_Interior
pietruszka;petržel;parsley;core2000 A2_B1_Cooking_and_Kitchen
dokumentalny;dokumentární;documentary;core2000 A2_B1_Music_Arts_Entertainment
pokrzywa;kopřiva;nettle;core2000 A2_B1_Plants_Trees_Landscape
brokuł(y);brokolice;broccoli;core2000 A2_Food_Extended_Fruits_Vegetables_Dishes
odkurzać;vysávat;to vacuum;core2000 A2_B1_Verbs_of_Daily_Life
zaproszenie;pozvání/pozvánka;invitation;core2000 A2_06_10_House_Culture_Nature_Services_Narration
pasek;pásek/opasek;belt;core2000 A2_Clothes_and_Fashion
huragan;hurikán;hurricane;core2000 A2_B1_Weather_Extended
gardło;hrdlo;throat;core2000 A2_B1_Body_Extended_and_Medical
klej;lepidlo;glue;core2000 A2_B1_Household_Tools_DIY
zadanie domowe;domácí úkol;homework;core2000 A2_02_05_Transport_Education_Work_Appearance
ustąpić pierwszeństwa;dát přednost;to give way/yield;core2000 A2_B1_Car_Driving_Transportation
kaszel;kašel;cough;core2000 A2_01_Health_and_Body
Francuz/Francuzka;Francouz/Francouzka;;core2000 A2_B1_Geography_Countries_Nationalities
mysz;myš;mouse;core2000 A2_Animals_Detailed
protokół;zápis (z porady);minutes;core2000 A2_B1_Office_and_Professional_Life
boisko;hřiště;field/pitch;core2000 A2_B1_Sports_and_Activities
punkt;bod;point/dot;core2000 A2_B1_Materials_Shapes_Quantities
thriller;thriller;thriller;core2000 A2_B1_Music_Arts_Entertainment
mniszek/dmuchawiec;pampeliška;dandelion;core2000 A2_B1_Plants_Trees_Landscape
szpinak;špenát;spinach;core2000 A2_Food_Extended_Fruits_Vegetables_Dishes
myć (podłogę);vytírat (podlahu);to mop;core2000 A2_B1_Verbs_of_Daily_Life
las;les;forest;core2000 A2_06_10_House_Culture_Nature_Services_Narration
torebka/torba;kabelka/taška;bag/purse;core2000 A2_Clothes_and_Fashion
tajfun;tajfun;typhoon;core2000 A2_B1_Weather_Extended
taśma (klejąca);páska (lepicí);tape;core2000 A2_B1_Household_Tools_DIY
przedmiot;předmět;subject;core2000 A2_02_05_Transport_Education_Work_Appearance
droga;silnice/cesta;road;core2000 A2_B1_Car_Driving_Transportation
katar;rýma;cold/runny nose;core2000 A2_01_Health_and_Body
Anglik/Angielka;Angličan/Angličanka;;core2000 A2_B1_Geography_Countries_Nationalities
szczur;krysa;rat;core2000 A2_Animals_Detailed
e-mail/wiadomość;e-mail/zpráva;email/message;core2000 A2_B1_Office_and_Professional_Life
stadion;stadion;stadium;core2000 A2_B1_Sports_and_Activities
kąt;úhel;angle/corner;core2000 A2_B1_Materials_Shapes_Quantities
budzik;budík;alarm clock;core2000 A2_B1_Furniture_and_Home_Interior
grzyb;houba;mushroom;core2000 A2_B1_Cooking_and_Kitchen
komedia;komedie;comedy;core2000 A2_B1_Music_Arts_Entertainment
mak;mák;poppy;core2000 A2_B1_Plants_Trees_Landscape
fasola;fazole;bean;core2000 A2_Food_Extended_Fruits_Vegetables_Dishes
prać (pranie);prát (prádlo);to do laundry;core2000 A2_B1_Verbs_of_Daily_Life
góra;hora;mountain;core2000 A2_06_10_House_Culture_Nature_Services_Narration
portfel;peněženka;wallet;core2000 A2_Clothes_and_Fashion
wietrzny;větrný;windy;core2000 A2_B1_Weather_Extended
ramię;paže;upper arm;core2000 A2_B1_Body_Extended_and_Medical
farba;barva (na malování);paint;core2000 A2_B1_Household_Tools_DIY
autostrada;dálnice;highway/motorway;core2000 A2_B1_Car_Driving_Transportation
lekarstwo/lek;lék/léčivo;medicine/drug;core2000 A2_01_Health_and_Body
Amerykanin/ka;Američan/ka;;core2000 A2_B1_Geography_Countries_Nationalities
lew;lev;lion;core2000 A2_Animals_Detailed
załącznik;příloha;attachment;core2000 A2_B1_Office_and_Professional_Life
dorastać/wyrastać;vyrůstat;to grow up;core2000 A2_B1_Family_Extended_and_Life_Events
równy/równoległy;rovný/rovnoběžný;straight/parallel;core2000 A2_B1_Materials_Shapes_Quantities
wieszak;věšák;hanger/hook;core2000 A2_B1_Furniture_and_Home_Interior
orzech;ořech;nut;core2000 A2_B1_Cooking_and_Kitchen
horror;horor;horror;core2000 A2_B1_Music_Arts_Entertainment
krzew/krzak;keř/křoví;bush/shrub;core2000 A2_B1_Plants_Trees_Landscape
groch;hrách;pea;core2000 A2_Food_Extended_Fruits_Vegetables_Dishes
wieszać (pranie);věšet (prádlo);to hang (laundry);core2000 A2_B1_Verbs_of_Daily_Life
rzeka;řeka;river;core2000 A2_06_10_House_Culture_Nature_Services_Narration
zegarek;hodinky;watch;core2000 A2_Clothes_and_Fashion
bezwietrzny;bezvětří;calm (no wind);core2000 A2_B1_Weather_Extended
łokieć;loket;elbow;core2000 A2_B1_Body_Extended_and_Medical
pędzel;štětec (malířský);paintbrush;core2000 A2_B1_Household_Tools_DIY
historia;dějepis;history;core2000 A2_02_05_Transport_Education_Work_Appearance
skrzyżowanie;křižovatka;intersection/crossroads;core2000 A2_B1_Car_Driving_Transportation
apteka;lékárna;pharmacy;core2000 A2_01_Health_and_Body
Włoch/Włoszka;Ital/ka;;core2000 A2_B1_Geography_Countries_Nationalities
tygrys;tygr;tiger;core2000 A2_Animals_Detailed
podpis (e-mailowy);podpis (e-mailový);signature (email);core2000 A2_B1_Office_and_Professional_Life
mistrzostwa;mistrovství;championship;core2000 A2_B1_Sports_and_Activities
chodzić do szkoły;chodit do školy;to go to school;core2000 A2_B1_Family_Extended_and_Life_Events
okrągły;kulatý/oblý;round;core2000 A2_B1_Materials_Shapes_Quantities
wieszak (na ubrania);ramínko;clothes hanger;core2000 A2_B1_Furniture_and_Home_Interior
miód;med;honey;core2000 A2_B1_Cooking_and_Kitchen
sci-fi;sci-fi;sci-fi;core2000 A2_B1_Music_Arts_Entertainment
trawa;tráva;grass;core2000 A2_B1_Plants_Trees_Landscape
soczewica;čočka;lentil;core2000 A2_Food_Extended_Fruits_Vegetables_Dishes
prasować;žehlit;to iron;core2000 A2_B1_Verbs_of_Daily_Life
jezioro;jezero;lake;core2000 A2_06_10_House_Culture_Nature_Services_Narration
naszyjnik;náhrdelník;necklace;core2000 A2_Clothes_and_Fashion
przedramię;předloktí;forearm;core2000 A2_B1_Body_Extended_and_Medical
drabina;žebřík;ladder;core2000 A2_B1_Household_Tools_DIY
geografia;zeměpis;geography;core2000 A2_02_05_Transport_Education_Work_Appearance
rondo;kruhový objezd;roundabout;core2000 A2_B1_Car_Driving_Transportation
boli mnie głowa;bolí mě hlava;I have a headache;core2000 A2_01_Health_and_Body
Hiszpan/ka;Španěl/ka;;core2000 A2_B1_Geography_Countries_Nationalities
słoń;slon;elephant;core2000 A2_Animals_Detailed
rozmowa telefoniczna;telefonát;phone call;core2000 A2_B1_Office_and_Professional_Life
medal;medaile;medal;core2000 A2_B1_Sports_and_Activities
ukończyć studia;absolvovat/vystudovat;to graduate;core2000 A2_B1_Family_Extended_and_Life_Events
kanciasty;hranatý;angular;core2000 A2_B1_Materials_Shapes_Quantities
wanna;vana;bathtub;core2000 A2_B1_Furniture_and_Home_Interior
śmietana;smetana;cream/sour cream;core2000 A2_B1_Cooking_and_Kitchen
romantyczny;romantický;romantic;core2000 A2_B1_Music_Arts_Entertainment
mech;mech;moss;core2000 A2_B1_Plants_Trees_Landscape
burak;řepa;beet;core2000 A2_Food_Extended_Fruits_Vegetables_Dishes
składać (pranie);skládat (prádlo);to fold (laundry);core2000 A2_B1_Verbs_of_Daily_Life
morze;moře;sea;core2000 A2_06_10_House_Culture_Nature_Services_Narration
pierścionek;prsten;ring;core2000 A2_Clothes_and_Fashion
nadgarstek;zápěstí;wrist;core2000 A2_B1_Body_Extended_and_Medical
klucz;klíč;key/wrench;core2000 A2_B1_Household_Tools_DIY
biologia/przyroda;přírodopis;biology/nature;core2000 A2_02_05_Transport_Education_Work_Appearance
sygnalizacja świetlna;semafor;traffic light;core2000 A2_B1_Car_Driving_Transportation
jestem chory/a;jsem nemocný/á;I am sick;core2000 A2_01_Health_and_Body
kontynent;kontinent/světadíl;continent;core2000 A2_B1_Geography_Countries_Nationalities
małpa;opice;monkey/ape;core2000 A2_Animals_Detailed
poczta głosowa;hlasová schránka;voicemail;core2000 A2_B1_Office_and_Professional_Life
rekord;rekord;record;core2000 A2_B1_Sports_and_Activities
podjąć pracę;nastoupit do práce;to start a job;core2000 A2_B1_Family_Extended_and_Life_Events
płaski;plochý/rovný;flat;core2000 A2_B1_Materials_Shapes_Quantities
prysznic;sprcha/sprchový kout;shower;core2000 A2_B1_Furniture_and_Home_Interior
garnek;hrnec;pot;core2000 A2_B1_Cooking_and_Kitchen
malarstwo;malba;painting (art);core2000 A2_B1_Music_Arts_Entertainment
korzeń;kořen;root;core2000 A2_B1_Plants_Trees_Landscape
ścierać kurz;luxovat/utírat prach;to dust;core2000 A2_B1_Verbs_of_Daily_Life
wyspa;ostrov;island;core2000 A2_06_10_House_Culture_Nature_Services_Narration
bielizna;spodní prádlo;underwear;core2000 A2_Clothes_and_Fashion
przyjemnie;příjemně;pleasant;core2000 A2_B1_Weather_Extended
dłoń;dlaň;palm;core2000 A2_B1_Body_Extended_and_Medical
znak (drogowy);značka (dopravní);road sign;core2000 A2_B1_Car_Driving_Transportation
ocean;oceán;ocean;core2000 A2_B1_Geography_Countries_Nationalities
żyrafa;žirafa;giraffe;core2000 A2_Animals_Detailed
planować;plánovat;to plan;core2000 A2_B1_Office_and_Professional_Life
siłownia;posilovna;gym;core2000 A2_B1_Sports_and_Activities
usamodzielnić się;osamostatnit se;to become independent;core2000 A2_B1_Family_Extended_and_Life_Events
ilość;množství;quantity/amount;core2000 A2_B1_Materials_Shapes_Quantities
umywalka;umyvadlo;sink/washbasin;core2000 A2_B1_Furniture_and_Home_Interior
patelnia;pánev;frying pan;core2000 A2_B1_Cooking_and_Kitchen
rysunek;kresba;drawing;core2000 A2_B1_Music_Arts_Entertainment
pień;kmen;trunk;core2000 A2_B1_Plants_Trees_Landscape
sałatka;salát;salad;core2000 A2_Food_Extended_Fruits_Vegetables_Dishes
wynosić śmieci;vynášet odpadky;to take out trash;core2000 A2_B1_Verbs_of_Daily_Life
pole;pole;field;core2000 A2_06_10_House_Culture_Nature_Services_Narration
bokserki/slipy;trenky/slipy;boxer shorts/briefs;core2000 A2_Clothes_and_Fashion
chłodno;chladno;cool;core2000 A2_B1_Weather_Extended
kciuk;palec;thumb;core2000 A2_B1_Body_Extended_and_Medical
myć/umyć;mýt/umýt;to wash;core2000 A2_B1_Household_Tools_DIY
zatrudnienie;zaměstnání;employment;core2000 A2_02_05_Transport_Education_Work_Appearance
przejście dla pieszych;přechod pro chodce;pedestrian crossing;core2000 A2_B1_Car_Driving_Transportation
półwysep;poloostrov;peninsula;core2000 A2_B1_Geography_Countries_Nationalities
wieloryb;velryba;whale;core2000 A2_Animals_Detailed
organizować;organizovat;to organize;core2000 A2_B1_Office_and_Professional_Life
ćwiczyć;cvičit;to exercise;core2000 A2_B1_Sports_and_Activities
zaręczyć się;zasnoubit se;to get engaged;core2000 A2_B1_Family_Extended_and_Life_Events
liczba;počet;number/count;core2000 A2_B1_Materials_Shapes_Quantities
blacha do pieczenia;pekáč;baking tray;core2000 A2_B1_Cooking_and_Kitchen
rzeźba;socha;sculpture;core2000 A2_B1_Music_Arts_Entertainment
gałąź;větev;branch;core2000 A2_B1_Plants_Trees_Landscape
kanapka;sendvič/chlebíček;sandwich;core2000 A2_Food_Extended_Fruits_Vegetables_Dishes
robić zakupy;nakupovat;to shop/buy groceries;core2000 A2_B1_Verbs_of_Daily_Life
łąka;louka;meadow;core2000 A2_06_10_House_Culture_Nature_Services_Narration
biustonosz/stanik;podprsenka;bra;core2000 A2_Clothes_and_Fashion
palec wskazujący;ukazováček;index finger;core2000 A2_B1_Body_Extended_and_Medical
wycierać;vytírat;to wipe/mop;core2000 A2_B1_Household_Tools_DIY
ograniczenie prędkości;rychlostní omezení;speed limit;core2000 A2_B1_Car_Driving_Transportation
cieśnina;průliv;strait;core2000 A2_B1_Geography_Countries_Nationalities
delfin;delfín;dolphin;core2000 A2_Animals_Detailed
delegować;delegovat;to delegate;core2000 A2_B1_Office_and_Professional_Life
rozciągać się;protahovat se;to stretch;core2000 A2_B1_Sports_and_Activities
połowa/połówka;polovina/půlka;half;core2000 A2_B1_Materials_Shapes_Quantities
miska;mísa;bowl;core2000 A2_B1_Cooking_and_Kitchen
fotografia;fotografie;photography;core2000 A2_B1_Music_Arts_Entertainment
liść;list;leaf;core2000 A2_B1_Plants_Trees_Landscape
makaron;těstoviny;pasta;core2000 A2_Food_Extended_Fruits_Vegetables_Dishes
podlewać (kwiaty);zalévat (květiny);to water (plants);core2000 A2_B1_Verbs_of_Daily_Life
guzik;knoflík;button;core2000 A2_Clothes_and_Fashion
marznie/mrozi;mrzne;it's freezing;core2000 A2_B1_Weather_Extended
palec środkowy;prostředníček;middle finger;core2000 A2_B1_Body_Extended_and_Medical
szef;šéf;boss;core2000 A2_02_05_Transport_Education_Work_Appearance
korek;dopravní zácpa;traffic jam;core2000 A2_B1_Car_Driving_Transportation
zatoka;záliv;bay/gulf;core2000 A2_B1_Geography_Countries_Nationalities
rekin;žralok;shark;core2000 A2_Animals_Detailed
koordynować;koordinovat;to coordinate;core2000 A2_B1_Office_and_Professional_Life
przysiad;dřep;squat;core2000 A2_B1_Sports_and_Activities
trzecia część/jedna trzecia;třetina;third;core2000 A2_B1_Materials_Shapes_Quantities
suszarka;sušička;dryer;core2000 A2_B1_Furniture_and_Home_Interior
łyżka drewniana;vařečka;wooden spoon;core2000 A2_B1_Cooking_and_Kitchen
płótno;plátno;canvas;core2000 A2_B1_Music_Arts_Entertainment
kwiat/pączek;květ/poupě;blossom/bud;core2000 A2_B1_Plants_Trees_Landscape
knedle;knedlíky;dumplings;core2000 A2_Food_Extended_Fruits_Vegetables_Dishes
karmić;krmit;to feed;core2000 A2_B1_Verbs_of_Daily_Life
zamek błyskawiczny;zip;zipper;core2000 A2_Clothes_and_Fashion
wilgotno;vlhko;humid;core2000 A2_B1_Weather_Extended
palec serdeczny;prsteníček;ring finger;core2000 A2_B1_Body_Extended_and_Medical
kolega;kolega;colleague;core2000 A2_02_05_Transport_Education_Work_Appearance
objazd;objížďka;detour;core2000 A2_B1_Car_Driving_Transportation
pustynia;poušť;desert;core2000 A2_B1_Geography_Countries_Nationalities
krokodyl;krokodýl;crocodile;core2000 A2_Animals_Detailed
współpracować;spolupracovat;to collaborate;core2000 A2_B1_Office_and_Professional_Life
pompka;klik;push-up;core2000 A2_B1_Sports_and_Activities
urodzić;porodit;to give birth;core2000 A2_B1_Family_Extended_and_Life_Events
ćwierć/jedna czwarta;čtvrtina;quarter;core2000 A2_B1_Materials_Shapes_Quantities
kosz na pranie;koš na prádlo;laundry basket;core2000 A2_B1_Furniture_and_Home_Interior
tarka;struhadlo;grater;core2000 A2_B1_Cooking_and_Kitchen
pędzel;štětec;paintbrush;core2000 A2_B1_Music_Arts_Entertainment
owoc;plod/ovoce;fruit;core2000 A2_B1_Plants_Trees_Landscape
naleśnik;palačinka;pancake/crêpe;core2000 A2_Food_Extended_Fruits_Vegetables_Dishes
duszno;dusno;muggy/stuffy;core2000 A2_B1_Weather_Extended
mały palec;malíček;little finger;core2000 A2_B1_Body_Extended_and_Medical
pensja/wynagrodzenie;plat/mzda;salary;core2000 A2_02_05_Transport_Education_Work_Appearance
wypadek;nehoda;accident;core2000 A2_B1_Car_Driving_Transportation
dżungla;džungle/prales;jungle;core2000 A2_B1_Geography_Countries_Nationalities
ptak;pták;bird;core2000 A2_Animals_Detailed
konsultować;konzultovat;to consult;core2000 A2_B1_Office_and_Professional_Life
bieżnia;běhání na pásu;treadmill;core2000 A2_B1_Sports_and_Activities
wychowywać;vychovávat;to raise/bring up;core2000 A2_B1_Family_Extended_and_Life_Events
dwukrotność/podwójny;dvojnásobek;double;core2000 A2_B1_Materials_Shapes_Quantities
durszlak;cedník;colander;core2000 A2_B1_Cooking_and_Kitchen
farba/kolor;barva;color/paint;core2000 A2_B1_Music_Arts_Entertainment
nasiono/ziarno;semeno/semínko;seed;core2000 A2_B1_Plants_Trees_Landscape
placek ziemniaczany;bramborák;potato pancake;core2000 A2_Food_Extended_Fruits_Vegetables_Dishes
kamień;kámen;stone;core2000 A2_06_10_House_Culture_Nature_Services_Narration
rozbierać się;svlékat se;to undress;core2000 A2_Clothes_and_Fashion
parno;parno;sultry;core2000 A2_B1_Weather_Extended
paznokieć;nehet;fingernail;core2000 A2_B1_Body_Extended_and_Medical
wieszać;věšet;to hang;core2000 A2_B1_Household_Tools_DIY
urlop;dovolená;vacation;core2000 A2_02_05_Transport_Education_Work_Appearance
mandat;pokuta (za rychlost);fine/ticket;core2000 A2_B1_Car_Driving_Transportation
dolina;údolí;valley;core2000 A2_B1_Geography_Countries_Nationalities
orzeł;orel;eagle;core2000 A2_Animals_Detailed
negocjować;vyjednávat;to negotiate;core2000 A2_B1_Office_and_Professional_Life
ciężarek/hantel;závaží/činka;dumbbell/weight;core2000 A2_B1_Sports_and_Activities
rozwieść się;rozvést se;to get divorced;core2000 A2_B1_Family_Extended_and_Life_Events
trzykrotność/potrójny;trojnásobek;triple;core2000 A2_B1_Materials_Shapes_Quantities
dywanik łazienkowy;koupelnová předložka;bath mat;core2000 A2_B1_Furniture_and_Home_Interior
otwieracz;otvírák;opener;core2000 A2_B1_Cooking_and_Kitchen
kora;kůra;bark;core2000 A2_B1_Plants_Trees_Landscape
kotlet/sznycel;řízek;schnitzel/cutlet;core2000 A2_Food_Extended_Fruits_Vegetables_Dishes
zamknąć (na klucz);zamknout (na klíč);to lock;core2000 A2_B1_Verbs_of_Daily_Life
przymierzać;zkoušet (oblečení);to try on;core2000 A2_Clothes_and_Fashion
ślisko;kluzko;slippery;core2000 A2_B1_Weather_Extended
pięść;pěst;fist;core2000 A2_B1_Body_Extended_and_Medical
prawo jazdy;řidičský průkaz;driver's license;core2000 A2_B1_Car_Driving_Transportation
wulkan;sopka/vulkán;volcano;core2000 A2_B1_Geography_Countries_Nationalities
sokół;sokol;falcon;core2000 A2_Animals_Detailed
wdrożyć/implementować;implementovat/zavést;to implement;core2000 A2_B1_Office_and_Professional_Life
wytrzymałość;vytrvalost;endurance;core2000 A2_B1_Sports_and_Activities
owdowieć;ovdovět;to become widowed;core2000 A2_B1_Family_Extended_and_Life_Events
metr;metr;meter;core2000 A2_B1_Materials_Shapes_Quantities
zasłona prysznicowa;sprchový závěs;shower curtain;core2000 A2_B1_Furniture_and_Home_Interior
korkociąg;vývrtka;corkscrew;core2000 A2_B1_Cooking_and_Kitchen
kolekcja/zbiór;sbírka;collection;core2000 A2_B1_Music_Arts_Entertainment
kolec/cierń;trn/osten;thorn;core2000 A2_B1_Plants_Trees_Landscape
gulasz;guláš;goulash;core2000 A2_Food_Extended_Fruits_Vegetables_Dishes
odblokować/otworzyć;odemknout;to unlock;core2000 A2_B1_Verbs_of_Daily_Life
powietrze;vzduch;air;core2000 A2_06_10_House_Culture_Nature_Services_Narration
nosić;nosit;to wear;core2000 A2_Clothes_and_Fashion
niebo;nebe/obloha;sky;core2000 A2_B1_Weather_Extended
ból głowy;bolest hlavy;headache;core2000 A2_B1_Body_Extended_and_Medical
inżynier;inženýr;engineer;core2000 A2_02_05_Transport_Education_Work_Appearance
benzyna/olej napędowy;benzín/nafta;gasoline/diesel;core2000 A2_B1_Car_Driving_Transportation
wodospad;vodopád;waterfall;core2000 A2_B1_Geography_Countries_Nationalities
sowa;sova;owl;core2000 A2_Animals_Detailed
optymalizować;optimalizovat;to optimize;core2000 A2_B1_Office_and_Professional_Life
przejść na emeryturę;odejít do důchodu;to retire;core2000 A2_B1_Family_Extended_and_Life_Events
kilometr;kilometr;kilometer;core2000 A2_B1_Materials_Shapes_Quantities
kafelki/płytki;dlaždice/kachličky;tiles;core2000 A2_B1_Furniture_and_Home_Interior
deska do krojenia;prkénko;cutting board;core2000 A2_B1_Cooking_and_Kitchen
oryginał/kopia;originál/kopie;original/copy;core2000 A2_B1_Music_Arts_Entertainment
pyłek;pyl;pollen;core2000 A2_B1_Plants_Trees_Landscape
pieczeń;pečeně;roast;core2000 A2_Food_Extended_Fruits_Vegetables_Dishes
ogień;oheň;fire;core2000 A2_06_10_House_Culture_Nature_Services_Narration
pasować;padnout/sedět;to fit;core2000 A2_Clothes_and_Fashion
ból zęba;bolest zubů;toothache;core2000 A2_B1_Body_Extended_and_Medical
polerować;leštit;to polish;core2000 A2_B1_Household_Tools_DIY
prawnik;právník;lawyer;core2000 A2_02_05_Transport_Education_Work_Appearance
stacja benzynowa;čerpací stanice;gas station;core2000 A2_B1_Car_Driving_Transportation
wybrzeże;pobřeží;coast;core2000 A2_B1_Geography_Countries_Nationalities
wrona/kruk;vrána/havran;crow/raven;core2000 A2_Animals_Detailed
monitorować/śledzić;monitorovat/sledovat;to monitor;core2000 A2_B1_Office_and_Professional_Life
rozgrzewka;rozcvička;warm-up;core2000 A2_B1_Sports_and_Activities
umrzeć/zmarł;zemřít/umřít;to die;core2000 A2_B1_Family_Extended_and_Life_Events
centymetr;centimetr;centimeter;core2000 A2_B1_Materials_Shapes_Quantities
odpływ;odtok;drain;core2000 A2_B1_Furniture_and_Home_Interior
smaczny;chutný;tasty/delicious;core2000 A2_B1_Cooking_and_Kitchen
zabawa/rozrywka;zábava;entertainment;core2000 A2_B1_Music_Arts_Entertainment
krajobraz;krajina;landscape;core2000 A2_B1_Plants_Trees_Landscape
lody;zmrzlina;ice cream;core2000 A2_Food_Extended_Fruits_Vegetables_Dishes
bawełna;bavlna;cotton;core2000 A2_Clothes_and_Fashion
ból gardła;bolest v krku;sore throat;core2000 A2_B1_Body_Extended_and_Medical
księgowy/a;účetní;accountant;core2000 A2_02_05_Transport_Education_Work_Appearance
komunikacja miejska;MHD/veřejná doprava;public transport;core2000 A2_B1_Car_Driving_Transportation
granica;hranice;border;core2000 A2_B1_Geography_Countries_Nationalities
gołąb;holub;pigeon/dove;core2000 A2_Animals_Detailed
archiwizować;archivovat;to archive;core2000 A2_B1_Office_and_Professional_Life
pogrzeb;pohřeb;funeral;core2000 A2_B1_Family_Extended_and_Life_Events
kilogram;kilogram;kilogram;core2000 A2_B1_Materials_Shapes_Quantities
zabudowa kuchenna;kuchyňská linka;kitchen cabinets;core2000 A2_B1_Furniture_and_Home_Interior
niesmaczny;nechutný;disgusting;core2000 A2_B1_Cooking_and_Kitchen
gra;hra (video);game;core2000 A2_B1_Music_Arts_Entertainment
wzgórze/pagórek;kopec/vrch;hill;core2000 A2_B1_Plants_Trees_Landscape
ciasto/tort;dort/koláč;cake;core2000 A2_Food_Extended_Fruits_Vegetables_Dishes
podnieść;zvednout;to lift/pick up;core2000 A2_B1_Verbs_of_Daily_Life
wełna;vlna;wool;core2000 A2_Clothes_and_Fashion
przelotny deszcz;přeháňka;shower;core2000 A2_B1_Weather_Extended
złamać/rozbić;rozbít;to break;core2000 A2_B1_Household_Tools_DIY
programista;programátor;programmer;core2000 A2_02_05_Transport_Education_Work_Appearance
metro;metro;metro/subway;core2000 A2_B1_Car_Driving_Transportation
stolica;hlavní město;capital city;core2000 A2_B1_Geography_Countries_Nationalities
jaskółka;vlaštovka;swallow;core2000 A2_Animals_Detailed
digitalizować;digitalizovat;to digitize;core2000 A2_B1_Office_and_Professional_Life
żałoba;truchlení/smutek;mourning/grief;core2000 A2_B1_Family_Extended_and_Life_Events
litr;litr;liter;core2000 A2_B1_Materials_Shapes_Quantities
zlew;dřez;kitchen sink;core2000 A2_B1_Furniture_and_Home_Interior
korzenny;kořeněný;spicy (seasoned);core2000 A2_B1_Cooking_and_Kitchen
konkurs/zawody;soutěž;competition;core2000 A2_B1_Music_Arts_Entertainment
ciasteczko/herbatnik;sušenka;cookie/biscuit;core2000 A2_Food_Extended_Fruits_Vegetables_Dishes
położyć;položit;to put down;core2000 A2_B1_Verbs_of_Daily_Life
jedwab;hedvábí;silk;core2000 A2_Clothes_and_Fashion
ulewa;liják/průtrž;downpour;core2000 A2_B1_Weather_Extended
przymocować;připevnit;to attach/fasten;core2000 A2_B1_Household_Tools_DIY
dziennikarz;novinář;journalist;core2000 A2_02_05_Transport_Education_Work_Appearance
mieszkaniec;obyvatel;inhabitant;core2000 A2_B1_Geography_Countries_Nationalities
bocian;čáp;stork;core2000 A2_Animals_Detailed
automatyzować;automatizovat;to automate;core2000 A2_B1_Office_and_Professional_Life
spadek/dziedzictwo;dědictví;inheritance;core2000 A2_B1_Family_Extended_and_Life_Events
kran;kohoutek/vodovodní baterie;faucet/tap;core2000 A2_B1_Furniture_and_Home_Interior
mdły;mdlý/nevýrazný;bland;core2000 A2_B1_Cooking_and_Kitchen
festiwal;festival;festival;core2000 A2_B1_Music_Arts_Entertainment
szczyt;vrchol/štít;summit/peak;core2000 A2_B1_Plants_Trees_Landscape
czekolada;čokoláda;chocolate;core2000 A2_Food_Extended_Fruits_Vegetables_Dishes
powiesić;pověsit;to hang (up);core2000 A2_B1_Verbs_of_Daily_Life
mżawka;mrholení;drizzle;core2000 A2_B1_Weather_Extended
wymienić;vyměnit;to replace;core2000 A2_B1_Household_Tools_DIY
kucharz;kuchař;cook/chef;core2000 A2_02_05_Transport_Education_Work_Appearance
ludność/populacja;populace/obyvatelstvo;population;core2000 A2_B1_Geography_Countries_Nationalities
łabędź;labuť;swan;core2000 A2_Animals_Detailed
outsource'ować;outsourcovat;to outsource;core2000 A2_B1_Office_and_Professional_Life
testament;závěť/testament;will/testament;core2000 A2_B1_Family_Extended_and_Life_Events
procent;procento;percent;core2000 A2_B1_Materials_Shapes_Quantities
chrupiący;křupavý;crispy;core2000 A2_B1_Cooking_and_Kitchen
cyrk;cirkus;circus;core2000 A2_B1_Music_Arts_Entertainment
cukierek;bonbon/cukrátko;candy/sweet;core2000 A2_Food_Extended_Fruits_Vegetables_Dishes
zdjąć;sundat/sejmout;to take down;core2000 A2_B1_Verbs_of_Daily_Life
len;len;linen;core2000 A2_Clothes_and_Fashion
zawroty głowy;závratě;dizziness;core2000 A2_B1_Body_Extended_and_Medical
zainstalować;nainstalovat;to install;core2000 A2_B1_Household_Tools_DIY
rzemieślnik;řemeslník;craftsman;core2000 A2_02_05_Transport_Education_Work_Appearance
trolejbus;trolejbus;trolleybus;core2000 A2_B1_Car_Driving_Transportation
północ;sever;north;core2000 A2_B1_Geography_Countries_Nationalities
wróbel;vrabec;sparrow;core2000 A2_Animals_Detailed
priorytetyzować;prioritizovat;to prioritize;core2000 A2_B1_Office_and_Professional_Life
urlop macierzyński;mateřská dovolená;maternity leave;core2000 A2_B1_Family_Extended_and_Life_Events
średnia;průměr;average;core2000 A2_B1_Materials_Shapes_Quantities
park rozrywki;zábavní park;amusement park;core2000 A2_B1_Music_Arts_Entertainment
skała/klif;útes/skála;cliff/rock;core2000 A2_B1_Plants_Trees_Landscape
przynieść;přinést;to bring;core2000 A2_B1_Verbs_of_Daily_Life
poczta;pošta;post office;core2000 A2_06_10_House_Culture_Nature_Services_Narration
płatek śniegu;sněhová vločka;snowflake;core2000 A2_B1_Weather_Extended
nudności/mdłości;nevolnost;nausea;core2000 A2_B1_Body_Extended_and_Medical
malować;malovat (stěny);to paint (walls);core2000 A2_B1_Household_Tools_DIY
rozkład jazdy;jízdní řád;timetable/schedule;core2000 A2_B1_Car_Driving_Transportation
południe;jih;south;core2000 A2_B1_Geography_Countries_Nationalities
owady;hmyz;insects;core2000 A2_Animals_Detailed
raport/sprawozdanie;zpráva/hlášení;report;core2000 A2_B1_Office_and_Professional_Life
urlop ojcowski/tacierzyński;otcovská dovolená;paternity leave;core2000 A2_B1_Family_Extended_and_Life_Events
maksimum/maximum;maximum;maximum;core2000 A2_B1_Materials_Shapes_Quantities
mikrofalówka;mikrovlnka;microwave;core2000 A2_B1_Furniture_and_Home_Interior
surowy;syrový/raw;raw;core2000 A2_B1_Cooking_and_Kitchen
bilet wstępu;vstupné;admission ticket;core2000 A2_B1_Music_Arts_Entertainment
jaskinia;jeskyně;cave;core2000 A2_B1_Plants_Trees_Landscape
odnieść;odnést;to take away/carry off;core2000 A2_B1_Verbs_of_Daily_Life
bank;banka;bank;core2000 A2_06_10_House_Culture_Nature_Services_Narration
opady śniegu;sněžení;snowfall;core2000 A2_B1_Weather_Extended
biegunka;průjem;diarrhea;core2000 A2_B1_Body_Extended_and_Medical
wiercić;vrtat;to drill;core2000 A2_B1_Household_Tools_DIY
niski;nízký;short;core2000 A2_02_05_Transport_Education_Work_Appearance
wschód;východ;east;core2000 A2_B1_Geography_Countries_Nationalities
mucha;moucha;fly;core2000 A2_Animals_Detailed
umowa/kontrakt;smlouva;contract;core2000 A2_B1_Office_and_Professional_Life
żłobek;jesle;nursery/crèche;core2000 A2_B1_Family_Extended_and_Life_Events
minimum;minimum;minimum;core2000 A2_B1_Materials_Shapes_Quantities
gotowany;vařený;boiled;core2000 A2_B1_Cooking_and_Kitchen
przedstawienie/widowisko;představení;performance/show;core2000 A2_B1_Music_Arts_Entertainment
bagno/mokradło;bažina/mokřad;swamp/marsh;core2000 A2_B1_Plants_Trees_Landscape
jogurt;jogurt;yogurt;core2000 A2_Food_Extended_Fruits_Vegetables_Dishes
podać;podat;to hand/pass;core2000 A2_B1_Verbs_of_Daily_Life
policja;policie;police;core2000 A2_06_10_House_Culture_Nature_Services_Narration
gołoledź;ledovka;freezing rain;core2000 A2_B1_Weather_Extended
zaparcie;zácpa;constipation;core2000 A2_B1_Body_Extended_and_Medical
skręcać/wkręcać;šroubovat;to screw;core2000 A2_B1_Household_Tools_DIY
silny;silný;strong;core2000 A2_02_05_Transport_Education_Work_Appearance
abonament/karnet;předplatné/jízdenka;travel pass;core2000 A2_B1_Car_Driving_Transportation
zachód;západ;west;core2000 A2_B1_Geography_Countries_Nationalities
komar;komár;mosquito;core2000 A2_Animals_Detailed
faktura;faktura;invoice;core2000 A2_B1_Office_and_Professional_Life
przedszkole;školka/mateřská škola;kindergarten;core2000 A2_B1_Family_Extended_and_Life_Events
razem/łącznie;celkem/dohromady;total/altogether;core2000 A2_B1_Materials_Shapes_Quantities
zamrażalka/zamrażarka;mrazák/mrazička;freezer;core2000 A2_B1_Furniture_and_Home_Interior
pieczony;pečený;baked;core2000 A2_B1_Cooking_and_Kitchen
publiczność;publikum;audience;core2000 A2_B1_Music_Arts_Entertainment
step/równina;stepi/pláně;steppe/plain;core2000 A2_B1_Plants_Trees_Landscape
twaróg/ser biały;tvaroh;curd/quark;core2000 A2_Food_Extended_Fruits_Vegetables_Dishes
rzucić;hodit;to throw;core2000 A2_B1_Verbs_of_Daily_Life
straż pożarna;hasiči;fire department;core2000 A2_06_10_House_Culture_Nature_Services_Narration
szron;jinovatka;hoar frost;core2000 A2_B1_Weather_Extended
wysypka;vyrážka;rash;core2000 A2_B1_Body_Extended_and_Medical
mierzyć;měřit;to measure;core2000 A2_B1_Household_Tools_DIY
słaby;slabý;weak;core2000 A2_02_05_Transport_Education_Work_Appearance
przesiadka;přestup;transfer (change);core2000 A2_B1_Car_Driving_Transportation
północny wschód;severovýchod;northeast;core2000 A2_B1_Geography_Countries_Nationalities
pszczoła;včela;bee;core2000 A2_Animals_Detailed
oferta;nabídka (cenová);quote/offer;core2000 A2_B1_Office_and_Professional_Life
niania/opiekunka;chůva/au pair;nanny/babysitter;core2000 A2_B1_Family_Extended_and_Life_Events
zmywarka;myčka (nádobí);dishwasher;core2000 A2_B1_Furniture_and_Home_Interior
smażony;smažený;fried;core2000 A2_B1_Cooking_and_Kitchen
brawa/oklaski;potlesk;applause;core2000 A2_B1_Music_Arts_Entertainment
złapać/schwytać;chytit;to catch;core2000 A2_B1_Verbs_of_Daily_Life
urząd;úřad;office/authority;core2000 A2_06_10_House_Culture_Nature_Services_Narration
kropla;kapka;drop;core2000 A2_B1_Weather_Extended
obrzęk/opuchlizna;otok;swelling;core2000 A2_B1_Body_Extended_and_Medical
ciąć/piłować;řezat/pilit;to cut/saw;core2000 A2_B1_Household_Tools_DIY
gruby/tłusty;tlustý;fat;core2000 A2_02_05_Transport_Education_Work_Appearance
opóźnienie;zpoždění;delay;core2000 A2_B1_Car_Driving_Transportation
południowy zachód;jihozápad;southwest;core2000 A2_B1_Geography_Countries_Nationalities
motyl;motýl;butterfly;core2000 A2_Animals_Detailed
adopcja;adopce;adoption;core2000 A2_B1_Family_Extended_and_Life_Events
dokładnie;přesně;exactly;core2000 A2_B1_Materials_Shapes_Quantities
czajnik elektryczny;varná konvice;electric kettle;core2000 A2_B1_Furniture_and_Home_Interior
klif;útes (mořský);sea cliff;core2000 A2_B1_Plants_Trees_Landscape
formularz;formulář;form;core2000 A2_06_10_House_Culture_Nature_Services_Narration
złamanie;zlomenina;fracture;core2000 A2_B1_Body_Extended_and_Medical
chudy/szczupły;hubený/štíhlý;thin/slim;core2000 A2_02_05_Transport_Education_Work_Appearance
mrówka;mravenec;ant;core2000 A2_Animals_Detailed
list przewozowy;dodací list;delivery note;core2000 A2_B1_Office_and_Professional_Life
rodzina zastępcza;pěstounská péče;foster care;core2000 A2_B1_Family_Extended_and_Life_Events
toster;toustovač;toaster;core2000 A2_B1_Furniture_and_Home_Interior
droga polna;polní cesta;country road;core2000 A2_B1_Plants_Trees_Landscape
dowód/dokument;doklad;ID/document;core2000 A2_06_10_House_Culture_Nature_Services_Narration
zwichnięcie/skręcenie;podvrtnutí;sprain;core2000 A2_B1_Body_Extended_and_Medical
ładny/przystojny;hezký;pretty/handsome;core2000 A2_02_05_Transport_Education_Work_Appearance
pająk;pavouk;spider;core2000 A2_Animals_Detailed
pełnomocnictwo;plná moc;power of attorney;core2000 A2_B1_Office_and_Professional_Life
alimenty;výživné/alimenty;alimony/child support;core2000 A2_B1_Family_Extended_and_Life_Events
mikser/blender;mixér;blender/mixer;core2000 A2_B1_Furniture_and_Home_Interior
strumień/potok;potok;stream/creek;core2000 A2_B1_Plants_Trees_Landscape
podpis;podpis;signature;core2000 A2_06_10_House_Culture_Nature_Services_Narration
oparzenie;popálenina;burn;core2000 A2_B1_Body_Extended_and_Medical
brzydki;ošklivý;ugly;core2000 A2_02_05_Transport_Education_Work_Appearance
karaluch;šváb;cockroach;core2000 A2_Animals_Detailed
memorandum;memorandum;memo/memorandum;core2000 A2_B1_Office_and_Professional_Life
opiekun;opatrovník;guardian;core2000 A2_B1_Family_Extended_and_Life_Events
sokowirówka;odšťavňovač;juicer;core2000 A2_B1_Furniture_and_Home_Interior
źródło;pramen/zdroj;spring/source;core2000 A2_B1_Plants_Trees_Landscape
rana cięta;řezná rána;cut;core2000 A2_B1_Body_Extended_and_Medical
włosy;vlasy;hair;core2000 A2_02_05_Transport_Education_Work_Appearance
żuk/chrząszcz;brouk;beetle;core2000 A2_Animals_Detailed
raport roczny;výroční zpráva;annual report;core2000 A2_B1_Office_and_Professional_Life
władza rodzicielska;rodičovská odpovědnost;parental responsibility;core2000 A2_B1_Family_Extended_and_Life_Events
ekspres do kawy;kávovar;coffee maker;core2000 A2_B1_Furniture_and_Home_Interior
wniosek;žádost;application/request;core2000 A2_06_10_House_Culture_Nature_Services_Narration
blizna;jizva;scar;core2000 A2_B1_Body_Extended_and_Medical
wąsy/broda;vous/vousy;beard/mustache;core2000 A2_02_05_Transport_Education_Work_Appearance
robak/czerw;červ;worm;core2000 A2_Animals_Detailed
biznesplan;podnikatelský plán;business plan;core2000 A2_B1_Office_and_Professional_Life
kosz na śmieci;odpadkový koš;trash can;core2000 A2_B1_Furniture_and_Home_Interior
wczoraj;včera;yesterday;core2000 A2_06_10_House_Culture_Nature_Services_Narration
krwawienie;krvácení;bleeding;core2000 A2_B1_Body_Extended_and_Medical
dobry/miły;hodný;kind;core2000 A2_02_05_Transport_Education_Work_Appearance
dyrektor/ka;ředitel/ředitelka;director;core2000 A2_B1_Office_and_Professional_Life
przedwczoraj;předevčírem;day before yesterday;core2000 A2_06_10_House_Culture_Nature_Services_Narration
bandaż/opatrunek;obvaz;bandage;core2000 A2_B1_Body_Extended_and_Medical
zły;zlý;evil/mean;core2000 A2_02_05_Transport_Education_Work_Appearance
menedżer/ka;manažer/ka;manager;core2000 A2_B1_Office_and_Professional_Life
w zeszłym tygodniu;minulý týden;last week;core2000 A2_06_10_House_Culture_Nature_Services_Narration
szew;šev/steh;stitch/suture;core2000 A2_B1_Body_Extended_and_Medical
wesoły;veselý;cheerful;core2000 A2_02_05_Transport_Education_Work_Appearance
prezes;jednatel;CEO;core2000 A2_B1_Office_and_Professional_Life
w zeszłym roku;loni/vloni;last year;core2000 A2_06_10_House_Culture_Nature_Services_Narration
rentgen/prześwietlenie;rentgen;X-ray;core2000 A2_B1_Body_Extended_and_Medical
smutny;smutný;sad;core2000 A2_02_05_Transport_Education_Work_Appearance
asystent/ka;asistent/ka;assistant;core2000 A2_B1_Office_and_Professional_Life
wcześniej/przedtem;dříve/předtím;before/earlier;core2000 A2_06_10_House_Culture_Nature_Services_Narration
ciśnienie krwi;krevní tlak;blood pressure;core2000 A2_B1_Body_Extended_and_Medical
stażysta/praktykant;stážista/praktikant;intern;core2000 A2_B1_Office_and_Professional_Life
głupi;hloupý;stupid;core2000 A2_02_05_Transport_Education_Work_Appearance
dział/wydział;oddělení;department;core2000 A2_B1_Office_and_Professional_Life
w końcu;nakonec;finally;core2000 A2_06_10_House_Culture_Nature_Services_Narration
leniwy;líný;lazy;core2000 A2_02_05_Transport_Education_Work_Appearance
dział księgowości;účetní oddělení;accounting dept;core2000 A2_B1_Office_and_Professional_Life
nagle;najednou;suddenly;core2000 A2_06_10_House_Culture_Nature_Services_Narration
pilny;pilný;diligent;core2000 A2_02_05_Transport_Education_Work_Appearance
marketing;marketing;marketing;core2000 A2_B1_Office_and_Professional_Life
najpierw;nejdříve/nejprve;first (of all);core2000 A2_06_10_House_Culture_Nature_Services_Narration
odważny;odvážný;brave;core2000 A2_02_05_Transport_Education_Work_Appearance
dział handlowy;obchodní oddělení;sales department;core2000 A2_B1_Office_and_Professional_Life
nieśmiały/wstydliwy;stydlivý;shy;core2000 A2_02_05_Transport_Education_Work_Appearance
szczęśliwy;šťastný;happy;core2000 A2_02_05_Transport_Education_Work_Appearance
nieszczęśliwy;nešťastný;unhappy;core2000 A2_02_05_Transport_Education_Work_Appearance
więc/tak więc;takže;so/therefore;core2000 A2_06_10_House_Culture_Nature_Services_Narration
zły/wściekły;zlobivý/naštvaný;angry;core2000 A2_02_05_Transport_Education_Work_Appearance
zaskoczony/zdziwiony;překvapený;surprised;core2000 A2_02_05_Transport_Education_Work_Appearance
podczas gdy;zatímco;while;core2000 A2_06_10_House_Culture_Nature_Services_Narration
zmęczony;unavený;tired;core2000 A2_02_05_Transport_Education_Work_Appearance
zadowolony;spokojený;satisfied;core2000 A2_02_05_Transport_Education_Work_Appearance
nerwowy/zdenerwowany;nervózní;nervous;core2000 A2_02_05_Transport_Education_Work_Appearance
spokojny;klidný;calm;core2000 A2_02_05_Transport_Education_Work_Appearance
zazdrosny;žárlivý;jealous;core2000 A2_02_05_Transport_Education_Work_Appearance
zdrowy styl życia;zdravý životní styl;healthy lifestyle;core2000 B1_02_05_Health_Technology_News_Travel
system operacyjny;operační systém;operating system;core2000 B1_B2_IT_and_Digital_Life
matematyka;matematika;mathematics;core2000 B1_B2_Education_Academic_Life_Extended
związek;vztah;relationship;core2000 B1_01_Relationships
CV/życiorys;životopis/CV;CV/resume;core2000 B1_06_10_Career_Environment_History_Law_Abstract
przestępstwo;zločin/trestný čin;crime;core2000 B1_B2_Law_Crime_Justice_Extended
media;média;media;core2000 B1_B2_Media_Journalism_Internet
bóg/Bóg;bůh/Bůh;god/God;core2000 B1_B2_Religion_Spirituality_Philosophy
budynek;budova;building;core2000 B1_B2_Architecture_Construction_Urban
radość;radost;joy;core2000 B1_Emotions_Detailed
cieszyć się;radovat se;to be glad/rejoice;core2000 B1_B2_Emotion_Verbs_and_Psychology
hotel;hotel;hotel;core2000 B1_Travel_Hotel_Accommodation
śmiać się;smát se;to laugh;core2000 B1_Reflexive_Verbs_Comparison
dieta/odżywianie;strava/dieta;diet/nutrition;core2000 B1_02_05_Health_Technology_News_Travel
przeglądarka;prohlížeč;browser;core2000 B1_B2_IT_and_Digital_Life
fizyka;fyzika;physics;core2000 B1_B2_Education_Academic_Life_Extended
przyjaźń;přátelství;friendship;core2000 B1_01_Relationships
odejść;odejít;;core2000 B1_B2_Prefixed_Verb_Families
podanie (o pracę);žádost (o práci);job application;core2000 B1_06_10_Career_Environment_History_Law_Abstract
kradzież;krádež;theft;core2000 B1_B2_Law_Crime_Justice_Extended
prasa;tisk;press;core2000 B1_B2_Media_Journalism_Internet
wiara;víra;faith/belief;core2000 B1_B2_Religion_Spirituality_Philosophy
gotówka;hotovost;cash;core2000 B1_B2_Money_Banking_Finance
wieżowiec/drapacz chmur;mrakodrap;skyscraper;core2000 B1_B2_Architecture_Construction_Urban
szczęście;štěstí;happiness;core2000 B1_Emotions_Detailed
hostel;hostel;hostel;core2000 B1_Travel_Hotel_Accommodation
ćwiczenie;cvičení;exercise;core2000 B1_02_05_Health_Technology_News_Travel
wyszukiwanie;vyhledávání;search;core2000 B1_B2_IT_and_Digital_Life
chemia;chemie;chemistry;core2000 B1_B2_Education_Academic_Life_Extended
miłość;láska;love;core2000 B1_01_Relationships
wyjść;vyjít;;core2000 B1_B2_Prefixed_Verb_Families
rozmowa kwalifikacyjna;pohovor;job interview;core2000 B1_06_10_Career_Environment_History_Law_Abstract
rabunek/rozbój;loupež;robbery;core2000 B1_B2_Law_Crime_Justice_Extended
religia;náboženství;religion;core2000 B1_B2_Religion_Spirituality_Philosophy
moneta;mince;coin;core2000 B1_B2_Money_Banking_Finance
blok/kamienica;panelák/činžák;apartment block;core2000 B1_B2_Architecture_Construction_Urban
entuzjazm/zachwyt;nadšení;enthusiasm;core2000 B1_Emotions_Detailed
podziwiać;obdivovat;to admire;core2000 B1_B2_Emotion_Verbs_and_Psychology
opowiadać;povídat/vyprávět;to tell/narrate;core2000 B1_B2_Verbs_of_Communication_and_Thinking
pensjonat;penzion;guesthouse/B&B;core2000 B1_Travel_Hotel_Accommodation
troszczyć się (o);starat se (o);to take care (of);core2000 B1_Reflexive_Verbs_Comparison
kondycja;kondice;fitness/condition;core2000 B1_02_05_Health_Technology_News_Travel
link/odnośnik;odkaz/link;link;core2000 B1_B2_IT_and_Digital_Life
biologia;biologie;biology;core2000 B1_B2_Education_Academic_Life_Extended
małżeństwo;manželství;marriage;core2000 B1_01_Relationships
wejść;vejít;;core2000 B1_B2_Prefixed_Verb_Families
włamanie;vloupání;burglary;core2000 B1_B2_Law_Crime_Justice_Extended
kościół (instit.);církev;church (institution);core2000 B1_B2_Religion_Spirituality_Philosophy
banknot;bankovka;banknote;core2000 B1_B2_Money_Banking_Finance
dom jednorodzinny;rodinný dům;detached house;core2000 B1_B2_Architecture_Construction_Urban
nadzieja;naděje;hope;core2000 B1_Emotions_Detailed
zdumiewać się;žasnout;to be amazed;core2000 B1_B2_Emotion_Verbs_and_Psychology
ogłosić/oznajmić;oznámit;to announce;core2000 B1_B2_Verbs_of_Communication_and_Thinking
apartament;apartmán;apartment;core2000 B1_Travel_Hotel_Accommodation
starać się;snažit se;to try/endeavor;core2000 B1_Reflexive_Verbs_Comparison
relaks;relaxace;relaxation;core2000 B1_02_05_Health_Technology_News_Travel
strona;stránka;page;core2000 B1_B2_IT_and_Digital_Life
ślub/wesele;svatba;wedding;core2000 B1_01_Relationships
przejść;přejít;;core2000 B1_B2_Prefixed_Verb_Families
wypowiedzenie;výpověď;notice/dismissal;core2000 B1_06_10_Career_Environment_History_Law_Abstract
morderstwo/zabójstwo;vražda;murder;core2000 B1_B2_Law_Crime_Justice_Extended
audycja radiowa;rozhlasové vysílání;radio broadcast;core2000 B1_B2_Media_Journalism_Internet
dom szeregowy;řadový dům;terraced/row house;core2000 B1_B2_Architecture_Construction_Urban
duma;hrdost;pride;core2000 B1_Emotions_Detailed
bawić się;bavit se;to have fun;core2000 B1_B2_Emotion_Verbs_and_Psychology
oświadczyć;prohlásit;to declare/state;core2000 B1_B2_Verbs_of_Communication_and_Thinking
chata/domek;chata/chalupa;cabin/cottage;core2000 B1_Travel_Hotel_Accommodation
stres;stres;stress;core2000 B1_02_05_Health_Technology_News_Travel
rozwód;rozvod;divorce;core2000 B1_01_Relationships
przejść;projít;;core2000 B1_B2_Prefixed_Verb_Families
awans;povýšení;promotion;core2000 B1_06_10_Career_Environment_History_Law_Abstract
usiłowanie zabójstwa;pokus o vraždu;attempted murder;core2000 B1_B2_Law_Crime_Justice_Extended
program telewizyjny;televizní vysílání;TV broadcast;core2000 B1_B2_Media_Journalism_Internet
modlitwa;modlitba;prayer;core2000 B1_B2_Religion_Spirituality_Philosophy
konto bieżące;běžný účet;current account;core2000 B1_B2_Money_Banking_Finance
willa;vila;villa;core2000 B1_B2_Architecture_Construction_Urban
wdzięczność;vděčnost;gratitude;core2000 B1_Emotions_Detailed
cieszyć się/korzystać;užívat si;to enjoy;core2000 B1_B2_Emotion_Verbs_and_Psychology
twierdzić;tvrdit;to claim/assert;core2000 B1_B2_Verbs_of_Communication_and_Thinking
kemping/pole kempingowe;kemp/tábořiště;campsite;core2000 B1_Travel_Hotel_Accommodation
depresja;deprese;depression;core2000 B1_02_05_Health_Technology_News_Travel
zalogować się;přihlásit se;to log in;core2000 B1_B2_IT_and_Digital_Life
wiedza o społeczeństwie;občanská nauka;civics/social studies;core2000 B1_B2_Education_Academic_Life_Extended
partner/ka;partner/ka;partner;core2000 B1_01_Relationships
obejść;obejít;;core2000 B1_B2_Prefixed_Verb_Families
doświadczenie;zkušenost;experience;core2000 B1_06_10_Career_Environment_History_Law_Abstract
gwałt;znásilnění;rape;core2000 B1_B2_Law_Crime_Justice_Extended
serwis informacyjny;zpravodajství;news program;core2000 B1_B2_Media_Journalism_Internet
modlić się;modlit se;to pray;core2000 B1_B2_Religion_Spirituality_Philosophy
konto oszczędnościowe;spořicí účet;savings account;core2000 B1_B2_Money_Banking_Finance
fabryka;továrna/fabrika;factory;core2000 B1_B2_Architecture_Construction_Urban
ulga;úleva;relief;core2000 B1_Emotions_Detailed
docenić;ocenit;to appreciate;core2000 B1_B2_Emotion_Verbs_and_Psychology
zaprzeczać;popírat/zapírat;to deny;core2000 B1_B2_Verbs_of_Communication_and_Thinking
recepcja;recepce;reception/front desk;core2000 B1_Travel_Hotel_Accommodation
lęk/niepokój;úzkost;anxiety;core2000 B1_02_05_Health_Technology_News_Travel
wylogować się;odhlásit se;to log out;core2000 B1_B2_IT_and_Digital_Life
wychowanie fizyczne;tělesná výchova;physical education;core2000 B1_B2_Education_Academic_Life_Extended
narzeczony/a;snoubenec/ka;fiancé/e;core2000 B1_01_Relationships
dojść;dojít;;core2000 B1_B2_Prefixed_Verb_Families
umiejętność;dovednost;skill;core2000 B1_06_10_Career_Environment_History_Law_Abstract
porwanie/uprowadzenie;únos;kidnapping;core2000 B1_B2_Law_Crime_Justice_Extended
talk-show/debata;talkshow/debata;talk show/debate;core2000 B1_B2_Media_Journalism_Internet
ksiądz/kapłan;kněz/farář;priest;core2000 B1_B2_Religion_Spirituality_Philosophy
karta kredytowa;kreditní karta;credit card;core2000 B1_B2_Money_Banking_Finance
magazyn;sklad;warehouse;core2000 B1_B2_Architecture_Construction_Urban
zadowolenie;spokojenost;satisfaction;core2000 B1_Emotions_Detailed
być dumnym z;být hrdý na;to be proud of;core2000 B1_B2_Emotion_Verbs_and_Psychology
przyznać (się);přiznat (se);to admit/confess;core2000 B1_B2_Verbs_of_Communication_and_Thinking
pokój jednoosobowy;jednolůžkový pokoj;single room;core2000 B1_Travel_Hotel_Accommodation
alergia;alergie;allergy;core2000 B1_02_05_Health_Technology_News_Travel
ustawienia;nastavení;settings;core2000 B1_B2_IT_and_Digital_Life
plastyka;výtvarná výchova;art class;core2000 B1_B2_Education_Academic_Life_Extended
zejść;sejít;;core2000 B1_B2_Prefixed_Verb_Families
odpowiedzialność;odpovědnost;responsibility;core2000 B1_06_10_Career_Environment_History_Law_Abstract
wymuszenie/szantaż;vydírání;blackmail/extortion;core2000 B1_B2_Law_Crime_Justice_Extended
serial;seriál;TV series;core2000 B1_B2_Media_Journalism_Internet
mnich/mniszka;mnich/mniška;monk/nun;core2000 B1_B2_Religion_Spirituality_Philosophy
karta debetowa;debetní karta;debit card;core2000 B1_B2_Money_Banking_Finance
stodoła;stodola;barn;core2000 B1_B2_Architecture_Construction_Urban
mieć nadzieję;doufat;to hope;core2000 B1_B2_Emotion_Verbs_and_Psychology
szeptać;šeptat;to whisper;core2000 B1_B2_Verbs_of_Communication_and_Thinking
pokój dwuosobowy;dvoulůžkový pokoj;double room;core2000 B1_Travel_Hotel_Accommodation
uzależnienie;závislost;addiction;core2000 B1_02_05_Health_Technology_News_Travel
powiadomienie;oznámení;notification;core2000 B1_B2_IT_and_Digital_Life
muzyka;hudební výchova;music class;core2000 B1_B2_Education_Academic_Life_Extended
wróg/nieprzyjaciel;nepřítel;enemy;core2000 B1_01_Relationships
termin;termín/lhůta;deadline;core2000 B1_06_10_Career_Environment_History_Law_Abstract
oszustwo;podvod;fraud;core2000 B1_B2_Law_Crime_Justice_Extended
film dokumentalny;dokumentární film;documentary;core2000 B1_B2_Media_Journalism_Internet
dusza;duše;soul;core2000 B1_B2_Religion_Spirituality_Philosophy
bankomat;bankomat;ATM;core2000 B1_B2_Money_Banking_Finance
wieża;věž;tower;core2000 B1_B2_Architecture_Construction_Urban
tęsknota/pragnienie;touha;longing/desire;core2000 B1_Emotions_Detailed
ufać/zaufać;důvěřovat;to trust;core2000 B1_B2_Emotion_Verbs_and_Psychology
krzyczeć;křičet;to shout/scream;core2000 B1_B2_Verbs_of_Communication_and_Thinking
apartament/suite;apartmá/suite;suite;core2000 B1_Travel_Hotel_Accommodation
udostępniać;sdílet;to share;core2000 B1_B2_IT_and_Digital_Life
informatyka;informatika;computer science;core2000 B1_B2_Education_Academic_Life_Extended
zaufanie;důvěra;trust;core2000 B1_01_Relationships
rozejść się;rozejít se;;core2000 B1_B2_Prefixed_Verb_Families
zebranie/narada;poradu/schůze;meeting;core2000 B1_06_10_Career_Environment_History_Law_Abstract
fałszowanie/podrabianie;padělání;forgery;core2000 B1_B2_Law_Crime_Justice_Extended
duch/sumienie;duch/svědomí;spirit/conscience;core2000 B1_B2_Religion_Spirituality_Philosophy
wypłacić;vybrat (peníze);to withdraw;core2000 B1_B2_Money_Banking_Finance
smutek;smutek;sadness;core2000 B1_Emotions_Detailed
uspokoić się;uklidnit se;to calm down;core2000 B1_B2_Emotion_Verbs_and_Psychology
wołać;volat;to call/shout;core2000 B1_B2_Verbs_of_Communication_and_Thinking
śniadanie wliczone;snídaně v ceně;breakfast included;core2000 B1_Travel_Hotel_Accommodation
kochać się;milovat se;to love each other;core2000 B1_Reflexive_Verbs_Comparison
pogotowie;pohotovost;emergency room;core2000 B1_02_05_Health_Technology_News_Travel
kopiować;kopírovat;to copy;core2000 B1_B2_IT_and_Digital_Life
ekonomia;ekonomie;economics;core2000 B1_B2_Education_Academic_Life_Extended
zazdrość;žárlivost;jealousy;core2000 B1_01_Relationships
napisać;napsat;;core2000 B1_B2_Prefixed_Verb_Families
przemyt;pašování/pašeráctví;smuggling;core2000 B1_B2_Law_Crime_Justice_Extended
sponsor;sponzor;sponsor;core2000 B1_B2_Media_Journalism_Internet
grzech;hřích;sin;core2000 B1_B2_Religion_Spirituality_Philosophy
wpłacić;vložit (peníze);to deposit;core2000 B1_B2_Money_Banking_Finance
tunel;tunel;tunnel;core2000 B1_B2_Architecture_Construction_Urban
złość/gniew;zlost/hněv;anger;core2000 B1_Emotions_Detailed
odczuć ulgę;ulevit se;to feel relieved;core2000 B1_B2_Emotion_Verbs_and_Psychology
wspomnieć;zmínit (se);to mention;core2000 B1_B2_Verbs_of_Communication_and_Thinking
półpensjonat;polopenze;half board;core2000 B1_Travel_Hotel_Accommodation
kłócić się;hádat se;to argue/quarrel;core2000 B1_Reflexive_Verbs_Comparison
chirurg;chirurg;surgeon;core2000 B1_02_05_Health_Technology_News_Travel
wkleić;vložit;to paste;core2000 B1_B2_IT_and_Digital_Life
psychologia;psychologie;psychology;core2000 B1_B2_Education_Academic_Life_Extended
współczucie;soucit;sympathy/compassion;core2000 B1_01_Relationships
przepisać;přepsat;;core2000 B1_B2_Prefixed_Verb_Families
klient;zákazník/klient;client/customer;core2000 B1_06_10_Career_Environment_History_Law_Abstract
łapówka/korupcja;úplatek/korupce;bribery/corruption;core2000 B1_B2_Law_Crime_Justice_Extended
pokuta;pokání;repentance;core2000 B1_B2_Religion_Spirituality_Philosophy
przelać;převést;to transfer;core2000 B1_B2_Money_Banking_Finance
cmentarz;hřbitov;cemetery;core2000 B1_B2_Architecture_Construction_Urban
strach;strach;fear;core2000 B1_Emotions_Detailed
zainspirować/zachwycić;nadchnout/inspirovat;to inspire/excite;core2000 B1_B2_Emotion_Verbs_and_Psychology
cytować;citovat;to quote;core2000 B1_B2_Verbs_of_Communication_and_Thinking
pełne wyżywienie;plná penze;full board;core2000 B1_Travel_Hotel_Accommodation
całować się;líbat se;to kiss (each other);core2000 B1_Reflexive_Verbs_Comparison
badanie;vyšetření;examination;core2000 B1_02_05_Health_Technology_News_Travel
usunąć;smazat;to delete;core2000 B1_B2_IT_and_Digital_Life
socjologia;sociologie;sociology;core2000 B1_B2_Education_Academic_Life_Extended
przebaczenie;odpuštění;forgiveness;core2000 B1_01_Relationships
zapisać;zapsat;;core2000 B1_B2_Prefixed_Verb_Families
dostawca;dodavatel;supplier;core2000 B1_06_10_Career_Environment_History_Law_Abstract
wandalizm;vandalismus;vandalism;core2000 B1_B2_Law_Crime_Justice_Extended
wydawca;vydavatel;publisher;core2000 B1_B2_Media_Journalism_Internet
pomnik;pomník;monument;core2000 B1_B2_Architecture_Construction_Urban
ucieszyć/sprawić radość;potěšit;to please/delight;core2000 B1_B2_Emotion_Verbs_and_Psychology
komentować;komentovat;to comment;core2000 B1_B2_Verbs_of_Communication_and_Thinking
zameldowanie;check-in/příjezd;check-in;core2000 B1_Travel_Hotel_Accommodation
dogadać się/porozumieć się;dohodnout se;to agree/reach deal;core2000 B1_Reflexive_Verbs_Comparison
zapisać;uložit;to save;core2000 B1_B2_IT_and_Digital_Life
prawo;právo;law (studies);core2000 B1_B2_Education_Academic_Life_Extended
rozczarowanie;zklamání;disappointment;core2000 B1_01_Relationships
podpisać;podepsat;;core2000 B1_B2_Prefixed_Verb_Families
konkurencja;konkurence;competition;core2000 B1_06_10_Career_Environment_History_Law_Abstract
podpalenie;žhářství;arson;core2000 B1_B2_Law_Crime_Justice_Extended
nakład;náklad (tisku);circulation/print run;core2000 B1_B2_Media_Journalism_Internet
zbawienie;spasení/spása;salvation;core2000 B1_B2_Religion_Spirituality_Philosophy
obciążać/fakturować;účtovat/fakturovat;to charge/invoice;core2000 B1_B2_Money_Banking_Finance
fontanna;fontána/kašna;fountain;core2000 B1_B2_Architecture_Construction_Urban
wstyd;stud/hanba;shame;core2000 B1_Emotions_Detailed
zaspokoić/usatysfakcjonować;uspokojit;to satisfy;core2000 B1_B2_Emotion_Verbs_and_Psychology
dyskutować;diskutovat;to discuss;core2000 B1_B2_Verbs_of_Communication_and_Thinking
wymeldowanie;check-out/odjezd;check-out;core2000 B1_Travel_Hotel_Accommodation
pożegnać się;rozloučit se;to say goodbye;core2000 B1_Reflexive_Verbs_Comparison
recepta;recept;prescription;core2000 B1_02_05_Health_Technology_News_Travel
programowanie;programování;programming;core2000 B1_B2_IT_and_Digital_Life
studiować;studovat;to study;core2000 B1_B2_Education_Academic_Life_Extended
podziw;obdiv;admiration;core2000 B1_01_Relationships
wypisać;vypsat;;core2000 B1_B2_Prefixed_Verb_Families
zysk;zisk;profit;core2000 B1_06_10_Career_Environment_History_Law_Abstract
przemyt narkotyków;pašování drog;drug trafficking;core2000 B1_B2_Law_Crime_Justice_Extended
chrześcijaństwo;křesťanství;Christianity;core2000 B1_B2_Religion_Spirituality_Philosophy
być winnym/dłużnym;dlužit;to owe;core2000 B1_B2_Money_Banking_Finance
fundamenty;základy;foundation;core2000 B1_B2_Architecture_Construction_Urban
wina/poczucie winy;vina;guilt;core2000 B1_Emotions_Detailed
przeszkadzać / denerwować;obtěžovat / otravovat;to bother / annoy;core2000 B1_B2_Emotion_Verbs_and_Psychology
klucz do pokoju;klíč od pokoje;room key;core2000 B1_Travel_Hotel_Accommodation
myć się;mýt se;to wash (oneself);core2000 B1_Reflexive_Verbs_Comparison
zastrzyk/szczepienie;injekce/očkování;injection/vaccination;core2000 B1_02_05_Health_Technology_News_Travel
kod;kód;code;core2000 B1_B2_IT_and_Digital_Life
szacunek/respekt;respekt/úcta;respect;core2000 B1_01_Relationships
dopisać;dopsat;;core2000 B1_B2_Prefixed_Verb_Families
strata;ztráta;loss;core2000 B1_06_10_Career_Environment_History_Law_Abstract
pranie brudnych pieniędzy;praní špinavých peněz;money laundering;core2000 B1_B2_Law_Crime_Justice_Extended
korespondent;zpravodaj/korespondent;correspondent;core2000 B1_B2_Media_Journalism_Internet
katolicyzm;katolicismus;Catholicism;core2000 B1_B2_Religion_Spirituality_Philosophy
spłacać;splácet;to repay;core2000 B1_B2_Money_Banking_Finance
zazdrość/zawiść;závist;envy;core2000 B1_Emotions_Detailed
frustrować;frustrovat;to frustrate;core2000 B1_B2_Emotion_Verbs_and_Psychology
prosić/żądać;žádat/prosit;to ask/request;core2000 B1_B2_Verbs_of_Communication_and_Thinking
obsługa hotelowa;pokojová služba;room service;core2000 B1_Travel_Hotel_Accommodation
ciśnienie (krwi);tlak (krevní);blood pressure;core2000 B1_02_05_Health_Technology_News_Travel
błąd/bug;chyba/bug;bug/error;core2000 B1_B2_IT_and_Digital_Life
powtarzać;opakovat;to review/repeat;core2000 B1_B2_Education_Academic_Life_Extended
nienawiść;nenávist;hatred;core2000 B1_01_Relationships
odpisać;odepsat;;core2000 B1_B2_Prefixed_Verb_Families
budżet;rozpočet;budget;core2000 B1_06_10_Career_Environment_History_Law_Abstract
cyberprzestępczość;kybernetický zločin;cybercrime;core2000 B1_B2_Law_Crime_Justice_Extended
artykuł;článek;article;core2000 B1_B2_Media_Journalism_Internet
protestantyzm;protestantismus;Protestantism;core2000 B1_B2_Religion_Spirituality_Philosophy
pożyczyć;půjčit (si);to borrow;core2000 B1_B2_Money_Banking_Finance
zniechęcić;znechutit / odradit;to disgust / discourage;core2000 B1_B2_Emotion_Verbs_and_Psychology
wymagać;požadovat;to demand;core2000 B1_B2_Verbs_of_Communication_and_Thinking
minibar;minibar;minibar;core2000 B1_Travel_Hotel_Accommodation
cukrzyca;cukrovka;diabetes;core2000 B1_02_05_Health_Technology_News_Travel
ćwiczyć/praktykować;procvičovat;to practice;core2000 B1_B2_Education_Academic_Life_Extended
popisać;popsat;;core2000 B1_B2_Prefixed_Verb_Families
inwestycja;investice;investment;core2000 B1_06_10_Career_Environment_History_Law_Abstract
przemoc domowa;domácí násilí;domestic violence;core2000 B1_B2_Law_Crime_Justice_Extended
nagłówek;titulek/nadpis;headline;core2000 B1_B2_Media_Journalism_Internet
prawosławie;pravoslaví;Orthodox Christianity;core2000 B1_B2_Religion_Spirituality_Philosophy
pożyczyć (komuś);půjčit (komu);to lend;core2000 B1_B2_Money_Banking_Finance
samotność;osamělost;loneliness;core2000 B1_Emotions_Detailed
przygnębiać / depresjonować;deprimovat;to depress;core2000 B1_B2_Emotion_Verbs_and_Psychology
nalegać;naléhat;to insist;core2000 B1_B2_Verbs_of_Communication_and_Thinking
sejf;trezor/sejf;safe/vault;core2000 B1_Travel_Hotel_Accommodation
rak;rakovina;cancer;core2000 B1_02_05_Health_Technology_News_Travel
zmienna;proměnná;variable;core2000 B1_B2_IT_and_Digital_Life
wykładać;přednášet;to lecture;core2000 B1_B2_Education_Academic_Life_Extended
żal/skrucha;lítost;regret;core2000 B1_01_Relationships
rozpisać;rozpsat;;core2000 B1_B2_Prefixed_Verb_Families
przedsiębiorczość;podnikání;entrepreneurship;core2000 B1_06_10_Career_Environment_History_Law_Abstract
stalking/nękanie;stalking/pronásledování;stalking;core2000 B1_B2_Law_Crime_Justice_Extended
felieton/komentarz;sloupek/komentář;column/commentary;core2000 B1_B2_Media_Journalism_Internet
islam;islám;Islam;core2000 B1_B2_Religion_Spirituality_Philosophy
oszczędzać;šetřit/spořit;to save (money);core2000 B1_B2_Money_Banking_Finance
nuda;nuda;boredom;core2000 B1_Emotions_Detailed
przekonywać;přesvědčovat;to persuade;core2000 B1_B2_Verbs_of_Communication_and_Thinking
Wi-Fi (bezpłatne);Wi-Fi (bezplatné);(free) Wi-Fi;core2000 B1_Travel_Hotel_Accommodation
funkcja;funkce;function;core2000 B1_B2_IT_and_Digital_Life
notować/zapisywać;zapisovat si;to take notes;core2000 B1_B2_Education_Academic_Life_Extended
poznać się;seznámit se;to meet/get acquainted;core2000 B1_01_Relationships
przypisać;připsat;;core2000 B1_B2_Prefixed_Verb_Families
środowisko;životní prostředí;environment;core2000 B1_06_10_Career_Environment_History_Law_Abstract
sprawca;pachatel;perpetrator;core2000 B1_B2_Law_Crime_Justice_Extended
wywiad;rozhovor;interview;core2000 B1_B2_Media_Journalism_Internet
judaizm;judaismus;Judaism;core2000 B1_B2_Religion_Spirituality_Philosophy
dochód;příjem;income;core2000 B1_B2_Money_Banking_Finance
komin;komín;chimney;core2000 B1_B2_Architecture_Construction_Urban
frustracja;frustrace;frustration;core2000 B1_Emotions_Detailed
żałować;litovat;to regret;core2000 B1_B2_Emotion_Verbs_and_Psychology
radzić;radit;to advise;core2000 B1_B2_Verbs_of_Communication_and_Thinking
zmienić się;změnit se;to change (become different);core2000 B1_Reflexive_Verbs_Comparison
laptop;notebook/laptop;laptop;core2000 B1_02_05_Health_Technology_News_Travel
pętla;smyčka;loop;core2000 B1_B2_IT_and_Digital_Life
badać;zkoumat/bádat;to research;core2000 B1_B2_Education_Academic_Life_Extended
chodzić z (kimś);chodit s (někým);to date;core2000 B1_01_Relationships
opisać;opsat;;core2000 B1_B2_Prefixed_Verb_Families
zanieczyszczenie;znečištění;pollution;core2000 B1_06_10_Career_Environment_History_Law_Abstract
podejrzany;podezřelý;suspect;core2000 B1_B2_Law_Crime_Justice_Extended
konferencja prasowa;tisková konference;press conference;core2000 B1_B2_Media_Journalism_Internet
buddyzm;buddhismus;Buddhism;core2000 B1_B2_Religion_Spirituality_Philosophy
wydatek/wydatki;výdaj/výdaje;expense/expenses;core2000 B1_B2_Money_Banking_Finance
balkon;balkon;balcony;core2000 B1_B2_Architecture_Construction_Urban
rozpacz;zoufalství;despair;core2000 B1_Emotions_Detailed
polecić/zalecić;doporučit;to recommend;core2000 B1_B2_Verbs_of_Communication_and_Thinking
lot;let;flight;core2000 B1_Travel_Hotel_Accommodation
polepszyć się;zlepšit se;to improve (get better);core2000 B1_Reflexive_Verbs_Comparison
komórka/telefon;mobil/telefon;mobile/smartphone;core2000 B1_02_05_Health_Technology_News_Travel
warunek;podmínka;condition;core2000 B1_B2_IT_and_Digital_Life
analizować;analyzovat;to analyze;core2000 B1_B2_Education_Academic_Life_Extended
zakochać się;zamilovat se;to fall in love;core2000 B1_01_Relationships
zrobić;udělat;;core2000 B1_B2_Prefixed_Verb_Families
odpady/śmieci;odpad/odpady;waste/trash;core2000 B1_06_10_Career_Environment_History_Law_Abstract
oskarżony;obviněný/obžalovaný;accused/defendant;core2000 B1_B2_Law_Crime_Justice_Extended
źródło;zdroj (informací);source;core2000 B1_B2_Media_Journalism_Internet
hinduizm;hinduismus;Hinduism;core2000 B1_B2_Religion_Spirituality_Philosophy
taras;terasa;terrace;core2000 B1_B2_Architecture_Construction_Urban
podejrzewać;podezírat;to suspect;core2000 B1_B2_Emotion_Verbs_and_Psychology
ostrzegać;varovat;to warn;core2000 B1_B2_Verbs_of_Communication_and_Thinking
karta pokładowa;palubní vstupenka;boarding pass;core2000 B1_Travel_Hotel_Accommodation
pogorszyć się;zhoršit se;to worsen;core2000 B1_Reflexive_Verbs_Comparison
podsumować;shrnout;to summarize;core2000 B1_B2_Education_Academic_Life_Extended
przerobić;předělat;;core2000 B1_B2_Prefixed_Verb_Families
recykling;recyklace;recycling;core2000 B1_06_10_Career_Environment_History_Law_Abstract
ofiara;oběť;victim;core2000 B1_B2_Law_Crime_Justice_Extended
wyłączność/ekskluzywność;exkluzivita;exclusive;core2000 B1_B2_Media_Journalism_Internet
ateizm;ateismus;atheism;core2000 B1_B2_Religion_Spirituality_Philosophy
premia;prémie/bonus;bonus;core2000 B1_B2_Money_Banking_Finance
winda;výtah;elevator/lift;core2000 B1_B2_Architecture_Construction_Urban
obrzydzenie/wstręt;odpor/hnus;disgust;core2000 B1_Emotions_Detailed
poniżyć / upokorzyć;ponížit / pokořit;to humiliate;core2000 B1_B2_Emotion_Verbs_and_Psychology
grozić;vyhrožovat;to threaten;core2000 B1_B2_Verbs_of_Communication_and_Thinking
odprawa;odbavení/check-in;check-in;core2000 B1_Travel_Hotel_Accommodation
zwiększyć się;zvětšit se;to increase;core2000 B1_Reflexive_Verbs_Comparison
interfejs;rozhraní;interface;core2000 B1_B2_IT_and_Digital_Life
powoływać się na;odkazovat na;to cite/refer to;core2000 B1_B2_Education_Academic_Life_Extended
dorobić;dodělat;;core2000 B1_B2_Prefixed_Verb_Families
odnawialny;obnovitelný;renewable;core2000 B1_06_10_Career_Environment_History_Law_Abstract
świadek;svědek;witness;core2000 B1_B2_Law_Crime_Justice_Extended
cenzura;cenzura;censorship;core2000 B1_B2_Media_Journalism_Internet
agnostycyzm;agnosticismus;agnosticism;core2000 B1_B2_Religion_Spirituality_Philosophy
napiwek;spropitné;tip;core2000 B1_B2_Money_Banking_Finance
pogarda;pohrdání;contempt;core2000 B1_Emotions_Detailed
skrzywdzić / zranić;ublížit;to hurt (emotionally);core2000 B1_B2_Emotion_Verbs_and_Psychology
kontrola bezpieczeństwa;bezpečnostní kontrola;security check;core2000 B1_Travel_Hotel_Accommodation
zmniejszyć się;zmenšit se;to decrease;core2000 B1_Reflexive_Verbs_Comparison
ekran/wyświetlacz;obrazovka/displej;screen/display;core2000 B1_02_05_Health_Technology_News_Travel
zarobić;vydělat;;core2000 B1_B2_Prefixed_Verb_Families
zmiana klimatu;klimatická změna;climate change;core2000 B1_06_10_Career_Environment_History_Law_Abstract
sędzia;soudce;judge;core2000 B1_B2_Law_Crime_Justice_Extended
strona internetowa;webová stránka;website;core2000 B1_B2_Media_Journalism_Internet
chrzest;křest;baptism;core2000 B1_B2_Religion_Spirituality_Philosophy
czynsz;nájem/nájemné;rent;core2000 B1_B2_Money_Banking_Finance
korytarz;chodba;corridor/hallway;core2000 B1_B2_Architecture_Construction_Urban
nostalgia;nostalgie;nostalgia;core2000 B1_Emotions_Detailed
rozczarować / zawieść;zklamat;to disappoint;core2000 B1_B2_Emotion_Verbs_and_Psychology
bramka;brána/gate;gate;core2000 B1_Travel_Hotel_Accommodation
framework;framework/rámec;framework;core2000 B1_B2_IT_and_Digital_Life
sprawdzian/test;test/písemka;test;core2000 B1_B2_Education_Academic_Life_Extended
globalne ocieplenie;globální oteplování;global warming;core2000 B1_06_10_Career_Environment_History_Law_Abstract
adwokat/obrońca;advokát/obhájce;lawyer/defense attorney;core2000 B1_B2_Law_Crime_Justice_Extended
blog;blog;blog;core2000 B1_B2_Media_Journalism_Internet
ślub (kościelny);svatba (církevní);wedding (church);core2000 B1_B2_Religion_Spirituality_Philosophy
rata;splátka;installment;core2000 B1_B2_Money_Banking_Finance
filar/słup;sloup/pilíř;column/pillar;core2000 B1_B2_Architecture_Construction_Urban
rozczarowanie;rozčarování;disappointment;core2000 B1_Emotions_Detailed
przerazić / przestraszyć;vyděsit / vystrašit;to scare / frighten;core2000 B1_B2_Emotion_Verbs_and_Psychology
wejście na pokład;nástup/boarding;boarding;core2000 B1_Travel_Hotel_Accommodation
hasło;heslo;password;core2000 B1_02_05_Health_Technology_News_Travel
serwer;server;server;core2000 B1_B2_IT_and_Digital_Life
pogodzić się;usmířit se;to reconcile;core2000 B1_01_Relationships
narobić;nadělat;;core2000 B1_B2_Prefixed_Verb_Families
emisje;emise;emissions;core2000 B1_06_10_Career_Environment_History_Law_Abstract
prokurator/oskarżyciel;žalobce/státní zástupce;prosecutor;core2000 B1_B2_Law_Crime_Justice_Extended
podcast;podcast;podcast;core2000 B1_B2_Media_Journalism_Internet
ubezpieczenie;pojistka/pojištění;insurance;core2000 B1_B2_Money_Banking_Finance
łuk/sklepienie;oblouk/klenba;arch/vault;core2000 B1_B2_Architecture_Construction_Urban
zakłopotanie;rozpaky;embarrassment;core2000 B1_Emotions_Detailed
zaniepokoić;znepokojit;to worry / disturb;core2000 B1_B2_Emotion_Verbs_and_Psychology
odmówić;odmítnout;to refuse/reject;core2000 B1_B2_Verbs_of_Communication_and_Thinking
bagaż podręczny;příruční zavazadlo;carry-on luggage;core2000 B1_Travel_Hotel_Accommodation
przeprosić/usprawiedliwić się;omluvit se;to apologize;core2000 B1_Reflexive_Verbs_Comparison
plik;soubor;file;core2000 B1_02_05_Health_Technology_News_Travel
baza danych;databáze;database;core2000 B1_B2_IT_and_Digital_Life
egzamin wstępny;přijímací zkouška;entrance exam;core2000 B1_B2_Education_Academic_Life_Extended
ślad węglowy;uhlíková stopa;carbon footprint;core2000 B1_06_10_Career_Environment_History_Law_Abstract
policjant/ka;policista/policistka;police officer;core2000 B1_B2_Law_Crime_Justice_Extended
transmisja na żywo/stream;živé vysílání/stream;livestream;core2000 B1_B2_Media_Journalism_Internet
spowiedź;zpověď;confession;core2000 B1_B2_Religion_Spirituality_Philosophy
podatek;daň;tax;core2000 B1_B2_Money_Banking_Finance
fasada/elewacja;fasáda;facade;core2000 B1_B2_Architecture_Construction_Urban
ciekawość;zvědavost;curiosity;core2000 B1_Emotions_Detailed
rozpaczać;zoufat si;to despair;core2000 B1_B2_Emotion_Verbs_and_Psychology
przyjąć;přijmout;to accept;core2000 B1_B2_Verbs_of_Communication_and_Thinking
bagaż rejestrowany;zavazadlo k odbavení;checked luggage;core2000 B1_Travel_Hotel_Accommodation
skoncentrować się;soustředit se;to concentrate;core2000 B1_Reflexive_Verbs_Comparison
testowanie;testování;testing;core2000 B1_B2_IT_and_Digital_Life
egzamin końcowy;závěrečná zkouška;final exam;core2000 B1_B2_Education_Academic_Life_Extended
bliski;blízký;close;core2000 B1_01_Relationships
przełożyć;přeložit;;core2000 B1_B2_Prefixed_Verb_Families
ochrona przyrody;ochrana přírody;nature conservation;core2000 B1_06_10_Career_Environment_History_Law_Abstract
detektyw/śledczy;detektiv/vyšetřovatel;detective/investigator;core2000 B1_B2_Law_Crime_Justice_Extended
influencer;influencer;influencer;core2000 B1_B2_Media_Journalism_Internet
msza/nabożeństwo;mše/bohoslužba;mass/service;core2000 B1_B2_Religion_Spirituality_Philosophy
VAT/PTU;DPH;VAT;core2000 B1_B2_Money_Banking_Finance
płot/ogrodzenie;plot/ohrada;fence;core2000 B1_B2_Architecture_Construction_Urban
zaskoczenie/niespodzianka;překvapení;surprise;core2000 B1_Emotions_Detailed
sprzeciwiać się;namítat;to object;core2000 B1_B2_Verbs_of_Communication_and_Thinking
nadbagaż;nadváha (zavazadla);excess baggage;core2000 B1_Travel_Hotel_Accommodation
przygotować się;připravit se;to prepare (oneself);core2000 B1_Reflexive_Verbs_Comparison
pobrać/ściągnąć;stáhnout;to download;core2000 B1_02_05_Health_Technology_News_Travel
post/wpis;příspěvek/post;post;core2000 B1_B2_IT_and_Digital_Life
matura;maturita;school-leaving exam;core2000 B1_B2_Education_Academic_Life_Extended
daleki;vzdálený;distant;core2000 B1_01_Relationships
nałożyć;naložit;;core2000 B1_B2_Prefixed_Verb_Families
gatunek zagrożony;ohrožený druh;endangered species;core2000 B1_06_10_Career_Environment_History_Law_Abstract
więzień;vězeň;prisoner;core2000 B1_B2_Law_Crime_Justice_Extended
wirusowy/viralny;virální;viral;core2000 B1_B2_Media_Journalism_Internet
post;půst;fasting;core2000 B1_B2_Religion_Spirituality_Philosophy
chodnik;chodník;sidewalk/pavement;core2000 B1_B2_Architecture_Construction_Urban
podejrzenie;podezření;suspicion;core2000 B1_Emotions_Detailed
protestować;protestovat;to protest;core2000 B1_B2_Verbs_of_Communication_and_Thinking
odbiór bagażu;výdej zavazadel;baggage claim;core2000 B1_Travel_Hotel_Accommodation
przesłać/wgrać;nahrát;to upload;core2000 B1_02_05_Health_Technology_News_Travel
komentarz;komentář;comment;core2000 B1_B2_IT_and_Digital_Life
egzamin dyplomowy;státnice;state exam;core2000 B1_B2_Education_Academic_Life_Extended
wierny;věrný;faithful;core2000 B1_01_Relationships
odłożyć;odložit;;core2000 B1_B2_Prefixed_Verb_Families
pożar lasu;lesní požár;forest fire;core2000 B1_06_10_Career_Environment_History_Law_Abstract
strażnik;dozorce;guard/warden;core2000 B1_B2_Law_Crime_Justice_Extended
hashtag;hashtag;hashtag;core2000 B1_B2_Media_Journalism_Internet
pielgrzymka;pouť;pilgrimage;core2000 B1_B2_Religion_Spirituality_Philosophy
obawa;obava;concern/worry;core2000 B1_Emotions_Detailed
być zazdrosnym;žárlit;to be jealous;core2000 B1_B2_Emotion_Verbs_and_Psychology
ustąpić;ustoupit;to give in/concede;core2000 B1_B2_Verbs_of_Communication_and_Thinking
zagubiony bagaż;ztracené zavazadlo;lost luggage;core2000 B1_Travel_Hotel_Accommodation
wyszukiwarka;vyhledávač;search engine;core2000 B1_02_05_Health_Technology_News_Travel
obserwować/śledzić;sledovat/odebírat;to follow/subscribe;core2000 B1_B2_IT_and_Digital_Life
obrona (pracy);obhajoba (práce);defense (thesis);core2000 B1_B2_Education_Academic_Life_Extended
niewierny;nevěrný;unfaithful;core2000 B1_01_Relationships
wyłożyć;vyložit;;core2000 B1_B2_Prefixed_Verb_Families
przysięgły;porotce;juror;core2000 B1_B2_Law_Crime_Justice_Extended
mem;meme/mem;meme;core2000 B1_B2_Media_Journalism_Internet
medytacja;meditace;meditation;core2000 B1_B2_Religion_Spirituality_Philosophy
paragon;účtenka/paragon;receipt;core2000 B1_B2_Money_Banking_Finance
empatia/współczucie;empatie/soucit;empathy/compassion;core2000 B1_Emotions_Detailed
współczuć;soucítit;to sympathize;core2000 B1_B2_Emotion_Verbs_and_Psychology
poddać się;vzdát se;to give up;core2000 B1_B2_Verbs_of_Communication_and_Thinking
kontrola celna;celnice;customs;core2000 B1_Travel_Hotel_Accommodation
media społecznościowe;sociální sítě;social media;core2000 B1_02_05_Health_Technology_News_Travel
polubić/lajkować;lajkovat;to like;core2000 B1_B2_IT_and_Digital_Life
średnia ocen;prospěch;grade point average;core2000 B1_B2_Education_Academic_Life_Extended
szczery;upřímný;sincere;core2000 B1_01_Relationships
przyłożyć;přiložit;;core2000 B1_B2_Prefixed_Verb_Families
śledztwo/dochodzenie;vyšetřování;investigation;core2000 B1_B2_Law_Crime_Justice_Extended
dezinformacja;dezinformace;disinformation;core2000 B1_B2_Media_Journalism_Internet
błogosławieństwo;požehnání;blessing;core2000 B1_B2_Religion_Spirituality_Philosophy
parking;parkoviště;parking lot;core2000 B1_B2_Architecture_Construction_Urban
podniecenie/ekscytacja;vzrušení;excitement;core2000 B1_Emotions_Detailed
przebaczyć;odpustit;to forgive;core2000 B1_B2_Emotion_Verbs_and_Psychology
upierać się (przy);trvat (na);to insist (on);core2000 B1_B2_Verbs_of_Communication_and_Thinking
start/odlot;vzlet;takeoff;core2000 B1_Travel_Hotel_Accommodation
aplikacja;aplikace;app/application;core2000 B1_02_05_Health_Technology_News_Travel
oblać/nie zdać;propadnout;to fail;core2000 B1_B2_Education_Academic_Life_Extended
samolubny/egoistyczny;sobecký;selfish;core2000 B1_01_Relationships
rozłożyć;rozložit;;core2000 B1_B2_Prefixed_Verb_Families
trzęsienie ziemi;zemětřesení;earthquake;core2000 B1_06_10_Career_Environment_History_Law_Abstract
aresztowanie/zatrzymanie;zatčení/zadržení;arrest/detention;core2000 B1_B2_Law_Crime_Justice_Extended
fake news/fałszywa informacja;falešná zpráva/hoax;fake news;core2000 B1_B2_Media_Journalism_Internet
klątwa/przekleństwo;kletba/prokletí;curse;core2000 B1_B2_Religion_Spirituality_Philosophy
dług;dluh;debt;core2000 B1_B2_Money_Banking_Finance
przejście podziemne;podchod;underpass;core2000 B1_B2_Architecture_Construction_Urban
zdumienie;úžas;astonishment;core2000 B1_Emotions_Detailed
uznać;uznat;to acknowledge;core2000 B1_B2_Verbs_of_Communication_and_Thinking
lądowanie;přistání;landing;core2000 B1_Travel_Hotel_Accommodation
aktualizacja;aktualizace;update;core2000 B1_02_05_Health_Technology_News_Travel
wideorozmowa;videohovor;video call;core2000 B1_B2_IT_and_Digital_Life
zdać (egzamin);složit (zkoušku);to pass (exam);core2000 B1_B2_Education_Academic_Life_Extended
troskliwy;starostlivý;caring;core2000 B1_01_Relationships
dołożyć;doložit;;core4000 B1_B2_Prefixed_Verb_Families
ubóstwo/bieda;chudoba;poverty;core4000 B1_06_10_Career_Environment_History_Law_Abstract
oskarżenie/zarzut;obvinění;accusation/charge;core4000 B1_B2_Law_Crime_Justice_Extended
fakt/fact-checking;fakt/ověřování faktů;fact-checking;core4000 B1_B2_Media_Journalism_Internet
byt/egzystencja;bytí/existence;being/existence;core4000 B1_B2_Religion_Spirituality_Philosophy
odsetki/procent;úrok;interest;core4000 B1_B2_Money_Banking_Finance
wiadukt/estakada;nadjezd/most;overpass/flyover;core4000 B1_B2_Architecture_Construction_Urban
pogardzić;pohrdnout;to despise;core4000 B1_B2_Emotion_Verbs_and_Psychology
przesiadka;přestup (letecký);connecting flight/transfer;core4000 B1_Travel_Hotel_Accommodation
sztuczna inteligencja;umělá inteligence;artificial intelligence;core4000 B1_02_05_Health_Technology_News_Travel
odznaczenie/wyróżnienie;vyznamenání;honors/distinction;core4000 B1_B2_Education_Academic_Life_Extended
złożyć;složit;;core4000 B1_B2_Prefixed_Verb_Families
nierówność;nerovnost;inequality;core4000 B1_06_10_Career_Environment_History_Law_Abstract
proces sądowy;soudní řízení/proces;trial;core4000 B1_B2_Law_Crime_Justice_Extended
clickbait;clickbait;clickbait;core4000 B1_B2_Media_Journalism_Internet
istota/esencja;podstata/esence;essence;core4000 B1_B2_Religion_Spirituality_Philosophy
hipoteka/kredyt hipoteczny;hypotéka;mortgage;core4000 B1_B2_Money_Banking_Finance
park;park;park;core4000 B1_B2_Architecture_Construction_Urban
poświęcić się;obětovat se;to sacrifice oneself;core4000 B1_B2_Emotion_Verbs_and_Psychology
zastanawiać się/rozważać;přemýšlet;to reflect/ponder;core4000 B1_B2_Verbs_of_Communication_and_Thinking
opóźnienie lotu;zpoždění letu;flight delay;core4000 B1_Travel_Hotel_Accommodation
dane;data/údaje;data;core4000 B1_02_05_Health_Technology_News_Travel
streamować;streamovat;to stream;core4000 B1_B2_IT_and_Digital_Life
referat;referát;paper/presentation;core4000 B1_B2_Education_Academic_Life_Extended
oddany;oddaný;devoted;core4000 B1_01_Relationships
bezdomny;bezdomovec;homeless person;core4000 B1_06_10_Career_Environment_History_Law_Abstract
przesłuchanie;výslech;interrogation;core4000 B1_B2_Law_Crime_Justice_Extended
algorytm;algoritmus (sociálních sítí);algorithm;core4000 B1_B2_Media_Journalism_Internet
rzeczywistość;skutečnost/realita;reality;core4000 B1_B2_Religion_Spirituality_Philosophy
emerytura;důchod/penze;pension/retirement;core4000 B1_B2_Money_Banking_Finance
rozważać;uvažovat;to consider;core4000 B1_B2_Verbs_of_Communication_and_Thinking
odwołany lot;zrušený let;cancelled flight;core4000 B1_Travel_Hotel_Accommodation
sieć;síť;network;core4000 B1_02_05_Health_Technology_News_Travel
treść/content;obsah/content;content;core4000 B1_B2_IT_and_Digital_Life
esej;esej;essay;core4000 B1_B2_Education_Academic_Life_Extended
niezależny;nezávislý;independent;core4000 B1_01_Relationships
założyć;založit;;core4000 B1_B2_Prefixed_Verb_Families
wolontariusz/ochotnik;dobrovolník;volunteer;core4000 B1_06_10_Career_Environment_History_Law_Abstract
dowód;důkaz;evidence;core4000 B1_B2_Law_Crime_Justice_Extended
filtr/bańka;filtr/bublina;filter bubble;core4000 B1_B2_Media_Journalism_Internet
iluzja/złudzenie;iluze/přelud;illusion;core4000 B1_B2_Religion_Spirituality_Philosophy
przedmieście;předměstí;suburb;core4000 B1_B2_Architecture_Construction_Urban
zdrowie psychiczne;duševní zdraví;mental health;core4000 B1_B2_Emotion_Verbs_and_Psychology
turbulencje;turbulence;turbulence;core4000 B1_Travel_Hotel_Accommodation
bezprzewodowy;bezdrátový;wireless;core4000 B1_02_05_Health_Technology_News_Travel
algorytm;algoritmus;algorithm;core4000 B1_B2_IT_and_Digital_Life
praca seminaryjna;seminární práce;seminar paper;core4000 B1_B2_Education_Academic_Life_Extended
organizacja charytatywna;charita;charity;core4000 B1_06_10_Career_Environment_History_Law_Abstract
alibi;alibi;alibi;core4000 B1_B2_Law_Crime_Justice_Extended
trolling;trolling;trolling;core4000 B1_B2_Media_Journalism_Internet
los/przeznaczenie;osud;fate/destiny;core4000 B1_B2_Religion_Spirituality_Philosophy
bankructwo/upadłość;bankrot;bankruptcy;core4000 B1_B2_Money_Banking_Finance
strefa przemysłowa;průmyslová zóna;industrial zone;core4000 B1_B2_Architecture_Construction_Urban
zaburzenie lękowe;úzkostná porucha;anxiety disorder;core4000 B1_B2_Emotion_Verbs_and_Psychology
szacować;odhadovat;to estimate;core4000 B1_B2_Verbs_of_Communication_and_Thinking
lądowanie awaryjne;nouzové přistání;emergency landing;core4000 B1_Travel_Hotel_Accommodation
praca licencjacka;bakalářská práce;bachelor's thesis;core4000 B1_B2_Education_Academic_Life_Extended
przywieść;přivést;;core4000 B1_B2_Prefixed_Verb_Families
historia/dzieje;dějiny/historie;history;core4000 B1_06_10_Career_Environment_History_Law_Abstract
wyrok;rozsudek/verdikt;verdict/sentence;core4000 B1_B2_Law_Crime_Justice_Extended
twórca treści;tvůrce obsahu;content creator;core4000 B1_B2_Media_Journalism_Internet
sens życia;smysl života;meaning of life;core4000 B1_B2_Religion_Spirituality_Philosophy
centrum handlowe;obchodní centrum;shopping center;core4000 B1_B2_Architecture_Construction_Urban
weryfikacja dwuetapowa;dvoufázové ověření;2FA;core4000 B1_B2_IT_and_Digital_Life
praca magisterska;diplomová práce;master's thesis;core4000 B1_B2_Education_Academic_Life_Extended
odwieść;odvést;;core4000 B1_B2_Prefixed_Verb_Families
stulecie/wiek;století;century;core4000 B1_06_10_Career_Environment_History_Law_Abstract
winny;vinný;guilty;core4000 B1_B2_Law_Crime_Justice_Extended
film/filmik;video/videoklip;video;core4000 B1_B2_Media_Journalism_Internet
nieśmiertelność;nesmrtelnost;immortality;core4000 B1_B2_Religion_Spirituality_Philosophy
targ/targowisko;tržiště/trh;market;core4000 B1_B2_Architecture_Construction_Urban
wypalenie zawodowe;vyhoření / burnout;burnout;core4000 B1_B2_Emotion_Verbs_and_Psychology
oceniać;hodnotit;to evaluate;core4000 B1_B2_Verbs_of_Communication_and_Thinking
szyfrowanie;šifrování;encryption;core4000 B1_B2_IT_and_Digital_Life
dysertacja/rozprawa doktorska;disertace/dizertace;dissertation/PhD thesis;core4000 B1_B2_Education_Academic_Life_Extended
wywieść;vyvést;;core4000 B1_B2_Prefixed_Verb_Families
wojna;válka;war;core4000 B1_06_10_Career_Environment_History_Law_Abstract
niewinny;nevinný;not guilty;core4000 B1_B2_Law_Crime_Justice_Extended
wieczność;věčnost;eternity;core4000 B1_B2_Religion_Spirituality_Philosophy
port;přístav;port/harbor;core4000 B1_B2_Architecture_Construction_Urban
porównywać;srovnávat/porovnávat;to compare;core4000 B1_B2_Verbs_of_Communication_and_Thinking
wirus/malware;virus/malware;virus/malware;core4000 B1_B2_IT_and_Digital_Life
abstrakt/streszczenie;abstrakt;abstract;core4000 B1_B2_Education_Academic_Life_Extended
pokój;mír;peace;core4000 B1_06_10_Career_Environment_History_Law_Abstract
apelacja/odwołanie;odvolání;appeal;core4000 B1_B2_Law_Crime_Justice_Extended
grafika;grafika;graphic;core4000 B1_B2_Media_Journalism_Internet
moralność;mravnost/morálka;morality;core4000 B1_B2_Religion_Spirituality_Philosophy
kanalizacja;kanalizace;sewage system;core4000 B1_B2_Architecture_Construction_Urban
atak paniki;panická ataka;panic attack;core4000 B1_B2_Emotion_Verbs_and_Psychology
rozróżniać;rozlišovat;to distinguish;core4000 B1_B2_Verbs_of_Communication_and_Thinking
rzecznik prasowy;tiskový mluvčí;spokesperson;core4000 B1_02_05_Health_Technology_News_Travel
haker;hacker;hacker;core4000 B1_B2_IT_and_Digital_Life
bibliografia;bibliografie/seznam literatury;bibliography;core4000 B1_B2_Education_Academic_Life_Extended
dowieść;dovést;;core4000 B1_B2_Prefixed_Verb_Families
bitwa;bitva;battle;core4000 B1_06_10_Career_Environment_History_Law_Abstract
kara/grzywna;pokuta/trest;fine/penalty;core4000 B1_B2_Law_Crime_Justice_Extended
miniatura/miniaturka;miniatura/náhled;thumbnail;core4000 B1_B2_Media_Journalism_Internet
cnota;ctnost;virtue;core4000 B1_B2_Religion_Spirituality_Philosophy
wodociąg;vodovod;water supply;core4000 B1_B2_Architecture_Construction_Urban
fobia;fobie;phobia;core4000 B1_B2_Emotion_Verbs_and_Psychology
uogólniać;zobecňovat;to generalize;core4000 B1_B2_Verbs_of_Communication_and_Thinking
prywatność/ochrona danych;soukromí/ochrana dat;privacy/data protection;core4000 B1_B2_IT_and_Digital_Life
przypis;poznámka pod čarou;footnote;core4000 B1_B2_Education_Academic_Life_Extended
zawieść;zavést;;core4000 B1_B2_Prefixed_Verb_Families
zwycięstwo;vítězství;victory;core4000 B1_06_10_Career_Environment_History_Law_Abstract
wyrok w zawieszeniu;podmínečný trest;suspended sentence;core4000 B1_B2_Law_Crime_Justice_Extended
napisy;titulky (u videa);subtitles;core4000 B1_B2_Media_Journalism_Internet
nałóg/wada;neřest;vice;core4000 B1_B2_Religion_Spirituality_Philosophy
budować;stavět;to build;core4000 B1_B2_Architecture_Construction_Urban
psychoterapia;psychoterapie;psychotherapy;core4000 B1_B2_Emotion_Verbs_and_Psychology
wnioskować/dedukować;dedukovat/vyvozovat;to deduce/conclude;core4000 B1_B2_Verbs_of_Communication_and_Thinking
badanie/ankieta;průzkum;survey/poll;core4000 B1_02_05_Health_Technology_News_Travel
kopia zapasowa;záloha/backup;backup;core4000 B1_B2_IT_and_Digital_Life
cytat/cytowanie;citace;citation/quote;core4000 B1_B2_Education_Academic_Life_Extended
porażka/klęska;porážka;defeat;core4000 B1_06_10_Career_Environment_History_Law_Abstract
dożywocie;doživotí;life sentence;core4000 B1_B2_Law_Crime_Justice_Extended
montaż/edycja;střih/editování;editing;core4000 B1_B2_Media_Journalism_Internet
sprawiedliwość;spravedlnost;justice;core4000 B1_B2_Religion_Spirituality_Philosophy
zburzyć/zdemolować;zbourat/zdemolovat;to demolish;core4000 B1_B2_Architecture_Construction_Urban
terapeuta / psycholog;terapeut / psycholog;therapist / psychologist;core4000 B1_B2_Emotion_Verbs_and_Psychology
wydarzenie;událost;event;core4000 B1_02_05_Health_Technology_News_Travel
aktualizować;aktualizovat;to update;core4000 B1_B2_IT_and_Digital_Life
plagiat;plagiát;plagiarism;core4000 B1_B2_Education_Academic_Life_Extended
król;král;king;core4000 B1_06_10_Career_Environment_History_Law_Abstract
więzienie;vězení;prison;core4000 B1_B2_Law_Crime_Justice_Extended
prawa autorskie;autorská práva;copyright;core4000 B1_B2_Media_Journalism_Internet
równość;rovnost;equality;core4000 B1_B2_Religion_Spirituality_Philosophy
remontować/odnawiać;rekonstruovat/renovovat;to renovate;core4000 B1_B2_Architecture_Construction_Urban
domyślać się;domýšlet se;to guess/suspect;core4000 B1_B2_Verbs_of_Communication_and_Thinking
recenzja;recenze/posudek;review/peer review;core4000 B1_B2_Education_Academic_Life_Extended
zwieść;svést;;core4000 B1_B2_Prefixed_Verb_Families
królowa;královna;queen;core4000 B1_06_10_Career_Environment_History_Law_Abstract
zwolnienie;propuštění;release;core4000 B1_B2_Law_Crime_Justice_Extended
opłata licencyjna;licenční poplatek;royalty/license fee;core4000 B1_B2_Media_Journalism_Internet
wolna wola;svoboda vůle;free will;core4000 B1_B2_Religion_Spirituality_Philosophy
projektować;projektovat/navrhovat;to design;core4000 B1_B2_Architecture_Construction_Urban
publikować;publikovat;to publish;core4000 B1_B2_Education_Academic_Life_Extended
cesarz;císař;emperor;core4000 B1_06_10_Career_Environment_History_Law_Abstract
rehabilitacja;rehabilitace;rehabilitation;core4000 B1_B2_Law_Crime_Justice_Extended
monetyzacja;monetizace;monetization;core4000 B1_B2_Media_Journalism_Internet
determinizm;determinismus;determinism;core4000 B1_B2_Religion_Spirituality_Philosophy
rozumieć/pojmować;chápat/rozumět;to understand/grasp;core4000 B1_B2_Verbs_of_Communication_and_Thinking
uczeń;žák;pupil/student (school);core4000 B1_B2_Education_Academic_Life_Extended
postawić;postavit;;core4000 B1_B2_Prefixed_Verb_Families
rewolucja;revoluce;revolution;core4000 B1_06_10_Career_Environment_History_Law_Abstract
ratunek;záchrana;rescue;core4000 B1_02_05_Health_Technology_News_Travel
nastawić;nastavit;;core4000 B1_B2_Prefixed_Verb_Families
niepodległość;nezávislost;independence;core4000 B1_06_10_Career_Environment_History_Law_Abstract
zapisywać;zapisovat;to write down/note;core4000 B1_B2_Verbs_of_Communication_and_Thinking
protest;protest;protest;core4000 B1_02_05_Health_Technology_News_Travel
absolwent;absolvent;graduate;core4000 B1_B2_Education_Academic_Life_Extended
tradycja;tradice;tradition;core4000 B1_06_10_Career_Environment_History_Law_Abstract
dźwig/żuraw;jeřáb;crane;core4000 B1_B2_Architecture_Construction_Urban
przepisywać;přepisovat;to rewrite/copy;core4000 B1_B2_Verbs_of_Communication_and_Thinking
wybory;volby;elections;core4000 B1_02_05_Health_Technology_News_Travel
samouk/autodydaktyk;samouk;self-taught person;core4000 B1_B2_Education_Academic_Life_Extended
przedstawić;představit;;core4000 B1_B2_Prefixed_Verb_Families
zwyczaj/obyczaj;zvyk/obyčej;custom;core4000 B1_06_10_Career_Environment_History_Law_Abstract
rusztowanie;lešení;scaffolding;core4000 B1_B2_Architecture_Construction_Urban
głosować;hlasovat;to vote;core4000 B1_02_05_Health_Technology_News_Travel
stypendysta;stipendista;scholarship holder;core4000 B1_B2_Education_Academic_Life_Extended
wystawić;vystavit;;core4000 B1_B2_Prefixed_Verb_Families
Boże Narodzenie/Gwiazdka;Vánoce;Christmas;core4000 B1_06_10_Career_Environment_History_Law_Abstract
plac budowy;staveniště;construction site;core4000 B1_B2_Architecture_Construction_Urban
redagować/edytować;redigovat/upravit;to edit;core4000 B1_B2_Verbs_of_Communication_and_Thinking
opinia publiczna;veřejné mínění;public opinion;core4000 B1_02_05_Health_Technology_News_Travel
doktorant;doktorand;PhD student;core4000 B1_B2_Education_Academic_Life_Extended
dostawić się;dostavit se;;core4000 B1_B2_Prefixed_Verb_Families
Wielkanoc;Velikonoce;Easter;core4000 B1_06_10_Career_Environment_History_Law_Abstract
wolność prasy;svoboda tisku;press freedom;core4000 B1_02_05_Health_Technology_News_Travel
uzdolniony/utalentowany;nadaný/talentovaný;gifted/talented;core4000 B1_B2_Education_Academic_Life_Extended
odstawić;odstavit;;core4000 B1_B2_Prefixed_Verb_Families
święto;svátek;holiday/feast;core4000 B1_06_10_Career_Environment_History_Law_Abstract
pilność/pracowitość;píle/pracovitost;diligence/hard work;core4000 B1_B2_Education_Academic_Life_Extended
przystawić;přistavit;;core4000 B1_B2_Prefixed_Verb_Families
pieśń ludowa;lidová píseň;folk song;core4000 B1_06_10_Career_Environment_History_Law_Abstract
tłumaczyć (ustnie);tlumočit;to interpret;core4000 B1_B2_Verbs_of_Communication_and_Thinking
korupcja;korupce;corruption;core4000 B1_02_05_Health_Technology_News_Travel
lenistwo;lenost;laziness;core4000 B1_B2_Education_Academic_Life_Extended
ustanowić;ustanovit;;core4000 B1_B2_Prefixed_Verb_Families
legenda/podanie;pověst/legenda;legend;core4000 B1_06_10_Career_Environment_History_Law_Abstract
formułować;formulovat;to formulate;core4000 B1_B2_Verbs_of_Communication_and_Thinking
oświadczenie;prohlášení;statement;core4000 B1_02_05_Health_Technology_News_Travel
motywacja;motivace;motivation;core4000 B1_B2_Education_Academic_Life_Extended
paszport;cestovní pas;passport;core4000 B1_02_05_Health_Technology_News_Travel
wiza;vízum;visa;core4000 B1_02_05_Health_Technology_News_Travel
ubezpieczenie;pojištění;insurance;core4000 B1_02_05_Health_Technology_News_Travel
sąd;soud;court;core4000 B1_06_10_Career_Environment_History_Law_Abstract
zakwaterowanie/nocleg;ubytování;accommodation;core4000 B1_02_05_Health_Technology_News_Travel
rezerwacja;rezervace;reservation;core4000 B1_02_05_Health_Technology_News_Travel
reklamacja/skarga;stížnost/reklamace;complaint;core4000 B1_02_05_Health_Technology_News_Travel
oskarżony;obžalovaný;defendant;core4000 B1_06_10_Career_Environment_History_Law_Abstract
odwołanie/anulowanie;zrušení;cancellation;core4000 B1_02_05_Health_Technology_News_Travel
przewodnik;průvodce;guide;core4000 B1_02_05_Health_Technology_News_Travel
kara;trest;punishment;core4000 B1_06_10_Career_Environment_History_Law_Abstract
zabytek/pomnik;památka;monument/sight;core4000 B1_02_05_Health_Technology_News_Travel
plaża;pláž;beach;core4000 B1_02_05_Health_Technology_News_Travel
schronisko;horská chata;mountain hut;core4000 B1_02_05_Health_Technology_News_Travel
wycieczka;túra/výlet;hike/trip;core4000 B1_02_05_Health_Technology_News_Travel
plecak;batoh;backpack;core4000 B1_02_05_Health_Technology_News_Travel
mapa;mapa;map;core4000 B1_02_05_Health_Technology_News_Travel
kantor;směnárna;currency exchange;core4000 B1_02_05_Health_Technology_News_Travel
wolność;svoboda;freedom;core4000 B1_06_10_Career_Environment_History_Law_Abstract
ambasada;ambasáda;embassy;core4000 B1_02_05_Health_Technology_News_Travel
konstytucja;ústava;constitution;core4000 B1_06_10_Career_Environment_History_Law_Abstract
miejscowy/lokalny;místní;local;core4000 B1_02_05_Health_Technology_News_Travel
obywatel;občan;citizen;core4000 B1_06_10_Career_Environment_History_Law_Abstract
przyczyna;příčina;cause/reason;core4000 B1_06_10_Career_Environment_History_Law_Abstract
konsekwencja/skutek;důsledek/následek;consequence;core4000 B1_06_10_Career_Environment_History_Law_Abstract
wpływ;vliv;influence;core4000 B1_06_10_Career_Environment_History_Law_Abstract
zaleta/korzyść;výhoda;advantage;core4000 B1_06_10_Career_Environment_History_Law_Abstract
wada;nevýhoda;disadvantage;core4000 B1_06_10_Career_Environment_History_Law_Abstract
ryzyko;riziko;risk;core4000 B1_06_10_Career_Environment_History_Law_Abstract
okazja/szansa;příležitost;opportunity;core4000 B1_06_10_Career_Environment_History_Law_Abstract
rozwiązanie;řešení;solution;core4000 B1_06_10_Career_Environment_History_Law_Abstract
propozycja/wniosek;návrh;proposal/suggestion;core4000 B1_06_10_Career_Environment_History_Law_Abstract
prawdopodobieństwo;pravděpodobnost;probability;core4000 B1_06_10_Career_Environment_History_Law_Abstract
cel;účel/cíl;goal/purpose;core4000 B1_06_10_Career_Environment_History_Law_Abstract
opinia/zdanie;názor;opinion;core4000 B1_06_10_Career_Environment_History_Law_Abstract
postawa;postoj;attitude;core4000 B1_06_10_Career_Environment_History_Law_Abstract
zakres;rozsah/rozsah;scope/range;core4000 B1_06_10_Career_Environment_History_Law_Abstract
okoliczność;okolnost;circumstance;core4000 B1_06_10_Career_Environment_History_Law_Abstract
sukces/powodzenie;úspěch;success;core4000 B1_06_10_Career_Environment_History_Law_Abstract
porażka/niepowodzenie;neúspěch/selhání;failure;core4000 B1_06_10_Career_Environment_History_Law_Abstract
trzymać kciuki;držet palce/pěsti;;core4000 Idioms_Extended
szynka;šunka;;core4000 German_Loanwords_in_Czech_and_Polish
spowodować;způsobit;to cause;core4000 B2_Verbs_of_Change_and_Causation
armia/wojsko;armáda/vojsko;army/military;core4000 B2_Military_Conflict_Security
operacja;operace;surgery/operation;core4000 B2_06_10_Medicine_Legal_Tech_Education_Idioms
energia;energie;energy;core4000 B2_Energy_Environment_Sustainability
podjąć decyzję;učinit rozhodnutí;to make a decision;core4000 B2_Essential_Collocations
rząd;vláda;government;core4000 B2_01_05_Politics_Economy_Science_Arts_Psychology
myśl;myšlenka;thought;core4000 B2_C1_Abstract_Nouns_and_Academic_Vocabulary
dż or drz;dž;;core4000 Polish_Pronunciation_for_Czech_Speakers
nabierać kogoś;tahat za nohu;;core4000 Idioms_Extended
przełamać lody;prolomit ledy;break the ice;core4000 Shared_Idioms
knedle;knedlík;;core4000 German_Loanwords_in_Czech_and_Polish
umożliwić;umožnit;to enable;core4000 B2_Verbs_of_Change_and_Causation
żołnierz;voják;soldier;core4000 B2_Military_Conflict_Security
transplantacja;transplantace;transplant;core4000 B2_06_10_Medicine_Legal_Tech_Education_Idioms
elektryczność/prąd;elektřina;electricity;core4000 B2_Energy_Environment_Sustainability
popełnić błąd;udělat chybu;to make a mistake;core4000 B2_Essential_Collocations
również/także;také/rovněž;also/as well;core4000 B2_C1_Connectors_and_Discourse_Markers
bezdomność;bezdomovectví;homelessness;core4000 B2_Social_Issues_and_Society
pomysł;nápad;idea;core4000 B2_C1_Abstract_Nouns_and_Academic_Vocabulary
ch;ch;;core4000 Polish_Pronunciation_for_Czech_Speakers
chłodne przyjęcie;chladné přijetí;;core4000 Idioms_Extended
zacisnąć zęby;skousnout to;bite the bullet;core4000 Shared_Idioms
zapobiec;zabránit;to prevent;core4000 B2_Verbs_of_Change_and_Causation
oficer;důstojník;officer;core4000 B2_Military_Conflict_Security
anestezja/znieczulenie;anestezie;anesthesia;core4000 B2_06_10_Medicine_Legal_Tech_Education_Idioms
energia jądrowa;jaderná energie;nuclear energy;core4000 B2_Energy_Environment_Sustainability
ponosić odpowiedzialność;nést odpovědnost;to bear responsibility;core4000 B2_Essential_Collocations
do tego/ponadto;k tomu/dále;in addition;core4000 B2_C1_Connectors_and_Discourse_Markers
partia polityczna;politická strana;political party;core4000 B2_01_05_Politics_Economy_Science_Arts_Psychology
bezrobocie;nezaměstnanost;unemployment;core4000 B2_Social_Issues_and_Society
świadomość;povědomí/uvědomění;awareness;core4000 B2_C1_Abstract_Nouns_and_Academic_Vocabulary
stracić głowę;ztratit hlavu;;core4000 Idioms_Extended
palić mosty;pálit mosty;burn bridges;core4000 Shared_Idioms
pracownik;pracovník;;core4000 Word_Formation_Patterns
wpłynąć;ovlivnit;to influence;core4000 B2_Verbs_of_Change_and_Causation
generał;generál;general;core4000 B2_Military_Conflict_Security
energia słoneczna;solární energie;solar energy;core4000 B2_Energy_Environment_Sustainability
podjąć ryzyko;podstoupit riziko;to take a risk;core4000 B2_Essential_Collocations
a mianowicie;a to/totiž;namely;core4000 B2_C1_Connectors_and_Discourse_Markers
poseł;poslanec;member of parliament;core4000 B2_01_05_Politics_Economy_Science_Arts_Psychology
wiedza/znajomość;znalost;knowledge;core4000 B2_C1_Abstract_Nouns_and_Academic_Vocabulary
przymknąć oko;přivřít oči;;core4000 Idioms_Extended
czas to pieniądz;čas jsou peníze;time is money;core4000 Shared_Idioms
urzędnik;úředník;;core4000 Word_Formation_Patterns
zmusić;přinutit;to force;core4000 B2_Verbs_of_Change_and_Causation
dowódca;velitel;commander;core4000 B2_Military_Conflict_Security
odporność;imunita;immunity;core4000 B2_06_10_Medicine_Legal_Tech_Education_Idioms
energia wiatrowa;větrná energie;wind energy;core4000 B2_Energy_Environment_Sustainability
spełnić warunek;splnit podmínku;to meet a condition;core4000 B2_Essential_Collocations
nie mówiąc o;nemluvě o;not to mention;core4000 B2_C1_Connectors_and_Discourse_Markers
senator;senátor;senator;core4000 B2_01_05_Politics_Economy_Science_Arts_Psychology
dyskryminacja;diskriminace;discrimination;core4000 B2_Social_Issues_and_Society
niewiedza/ignorancja;nevědomost/neznalost;ignorance;core4000 B2_C1_Abstract_Nouns_and_Academic_Vocabulary
mądry;moudrý;;core4000 Slavic_Vowel_Shifts
grzyb;hřib;mushroom;core4000 CZ_PL_rz
wygadać się;prozradit tajemství;;core4000 Idioms_Extended
oko za oko;oko za oko;an eye for an eye;core4000 Shared_Idioms
migdał;mandle;;core4000 German_Loanwords_in_Czech_and_Polish
motywować;motivovat;to motivate;core4000 B2_Verbs_of_Change_and_Causation
marynarka wojenna;námořnictvo;navy;core4000 B2_Military_Conflict_Security
infekcja/zakażenie;infekce;infection;core4000 B2_06_10_Medicine_Legal_Tech_Education_Idioms
energia wodna;vodní energie;hydropower;core4000 B2_Energy_Environment_Sustainability
osiągnąć cel;dosáhnout cíle;to achieve a goal;core4000 B2_Essential_Collocations
przynajmniej/co najmniej;přinejmenším;at least;core4000 B2_C1_Connectors_and_Discourse_Markers
ministerstwo;ministerstvo;ministry;core4000 B2_01_05_Politics_Economy_Science_Arts_Psychology
rasizm;rasismus;racism;core4000 B2_Social_Issues_and_Society
założenie/przypuszczenie;domněnka/předpoklad;assumption;core4000 B2_C1_Abstract_Nouns_and_Academic_Vocabulary
długo;dloho;;core4000 Slavic_Vowel_Shifts
krzyż;kříž;cross;core4000 CZ_PL_rz
gość;host;guest;core4000 CZ_h_PL_g_RU
wylewać krokodyle łzy;ronit krokodýlí slzy;;core4000 Idioms_Extended
inspirować;inspirovat;to inspire;core4000 B2_Verbs_of_Change_and_Causation
lotnictwo;letectvo;air force;core4000 B2_Military_Conflict_Security
przewlekły/chroniczny;chronický;chronic;core4000 B2_06_10_Medicine_Legal_Tech_Education_Idioms
energia geotermalna;geotermální energie;geothermal energy;core4000 B2_Energy_Environment_Sustainability
podjąć wysiłek;vyvinout úsilí;to make an effort;core4000 B2_Essential_Collocations
ustawodawca;zákonodárce;legislator;core4000 B2_01_05_Politics_Economy_Science_Arts_Psychology
seksizm;sexismus;sexism;core4000 B2_Social_Issues_and_Society
wątpliwość;pochybnost;doubt;core4000 B2_C1_Abstract_Nouns_and_Academic_Vocabulary
grób;hrob;grave;core4000 CZ_h_PL_g_RU
być czarnym koniem;být temný kůň;;core4000 Idioms_Extended
malarz;malíř;;core4000 Word_Formation_Patterns
szychta;šichta;;core4000 German_Loanwords_in_Czech_and_Polish
przekonać;přesvědčit;to convince;core4000 B2_Verbs_of_Change_and_Causation
piechota;pěchota;infantry;core4000 B2_Military_Conflict_Security
ostry/nagły;akutní;acute;core4000 B2_06_10_Medicine_Legal_Tech_Education_Idioms
biomasa;biomasa;biomass;core4000 B2_Energy_Environment_Sustainability
zdobyć doświadczenie;získat zkušenosti;to gain experience;core4000 B2_Essential_Collocations
referendum;referendum;referendum;core4000 B2_01_05_Politics_Economy_Science_Arts_Psychology
ksenofobia;xenofobie;xenophobia;core4000 B2_Social_Issues_and_Society
pewność;jistota;certainty;core4000 B2_C1_Abstract_Nouns_and_Academic_Vocabulary
rząd;řád;order/row;core4000 CZ_PL_rz
gród;hrad;castle/city;core4000 CZ_h_PL_g_RU
wilk wilkowi wilkiem;vlk vlku vlkem;;core4000 Idioms_Extended
biegacz;běžec;;core4000 Word_Formation_Patterns
zniechęcić;odradit;to discourage;core4000 B2_Verbs_of_Change_and_Causation
garnizon/załoga;posádka;garrison;core4000 B2_Military_Conflict_Security
dawka;dávka (léku);dose;core4000 B2_06_10_Medicine_Legal_Tech_Education_Idioms
paliwa kopalne;fosilní paliva;fossil fuels;core4000 B2_Energy_Environment_Sustainability
wprowadzić zmianę;provést změnu;to make a change;core4000 B2_Essential_Collocations
kampania;kampaň;campaign;core4000 B2_01_05_Politics_Economy_Science_Arts_Psychology
homofobia;homofobie;homophobia;core4000 B2_Social_Issues_and_Society
osąd;úsudek;judgment;core4000 B2_C1_Abstract_Nouns_and_Academic_Vocabulary
bułka z masłem;hračka/brnkačka;;core4000 Idioms_Extended
wódca/przywódca;vůdce;;core4000 Word_Formation_Patterns
flaszka;flaška;;core4000 German_Loanwords_in_Czech_and_Polish
zachęcić;povzbudit;to encourage;core4000 B2_Verbs_of_Change_and_Causation
baza;základna;base;core4000 B2_Military_Conflict_Security
skutki uboczne;vedlejší účinky;side effects;core4000 B2_06_10_Medicine_Legal_Tech_Education_Idioms
węgiel;uhlí;coal;core4000 B2_Energy_Environment_Sustainability
złożyć propozycję/wniosek;předložit návrh;to make a proposal;core4000 B2_Essential_Collocations
z drugiej strony;na druhou stranu;on the other hand;core4000 B2_C1_Connectors_and_Discourse_Markers
kandydat;kandidát;candidate;core4000 B2_01_05_Politics_Economy_Science_Arts_Psychology
mobbing/nękanie;šikana/bullying;bullying;core4000 B2_Social_Issues_and_Society
przekonanie;přesvědčení;conviction/belief;core4000 B2_C1_Abstract_Nouns_and_Academic_Vocabulary
głód;hlad;hunger;core4000 CZ_h_PL_g_RU
wygadać się;vyzradit tajemství;;core4000 Idioms_Extended
czytanie;čtení;;core4000 Word_Formation_Patterns
zwiększyć/podnieść;zvýšit/zvětšit;to increase/raise;core4000 B2_Verbs_of_Change_and_Causation
broń;zbraň;weapon;core4000 B2_Military_Conflict_Security
grupa krwi;krevní skupina;blood type;core4000 B2_06_10_Medicine_Legal_Tech_Education_Idioms
ropa naftowa;ropa/nafta;petroleum/oil;core4000 B2_Energy_Environment_Sustainability
zawrzeć umowę;uzavřít smlouvu;to sign/conclude a contract;core4000 B2_Essential_Collocations
głosowanie;hlasování;voting;core4000 B2_01_05_Politics_Economy_Science_Arts_Psychology
przestępczość;kriminalita;crime (rate);core4000 B2_Social_Issues_and_Society
logika;logika;logic;core4000 B2_C1_Abstract_Nouns_and_Academic_Vocabulary
zjeść żabę;sníst hadrák;;core4000 Idioms_Extended
pisanie;psaní;;core4000 Word_Formation_Patterns
kafel;kachel/kachlík;;core4000 German_Loanwords_in_Czech_and_Polish
zmniejszyć/obniżyć;snížit/zmenšit;to decrease/lower;core4000 B2_Verbs_of_Change_and_Causation
karabin/strzelba;puška;rifle;core4000 B2_Military_Conflict_Security
dawca (organów);dárce (orgánů);donor;core4000 B2_06_10_Medicine_Legal_Tech_Education_Idioms
gaz ziemny;zemní plyn;natural gas;core4000 B2_Energy_Environment_Sustainability
złożyć wypowiedzenie;podat výpověď;to resign/give notice;core4000 B2_Essential_Collocations
większość;většina;majority;core4000 B2_01_05_Politics_Economy_Science_Arts_Psychology
uzależnienie;závislost (drogy, alkohol);addiction;core4000 B2_Social_Issues_and_Society
rozum;rozum;reason/mind;core4000 B2_C1_Abstract_Nouns_and_Academic_Vocabulary
wiek;věk;;core4000 Slavic_Vowel_Shifts
brzeg;břeh;shore;core4000 CZ_PL_rz
pracować jak wół;dřít jako kůň;;core4000 Idioms_Extended
rozszerzyć/poszerzyć;rozšířit;to expand/widen;core4000 B2_Verbs_of_Change_and_Causation
pistolet;pistole;pistol;core4000 B2_Military_Conflict_Security
genetyka;genetika;genetics;core4000 B2_06_10_Medicine_Legal_Tech_Education_Idioms
elektrownia;elektrárna;power plant;core4000 B2_Energy_Environment_Sustainability
prowadzić negocjacje;vést jednání;to conduct negotiations;core4000 B2_Essential_Collocations
mimo to/i tak;i přesto/přesto;still/yet;core4000 B2_C1_Connectors_and_Discourse_Markers
mniejszość;menšina;minority;core4000 B2_01_05_Politics_Economy_Science_Arts_Psychology
handel ludźmi;obchod s lidmi;human trafficking;core4000 B2_Social_Issues_and_Society
mądrość;moudrost;wisdom;core4000 B2_C1_Abstract_Nouns_and_Academic_Vocabulary
kosztować majątek;stát majlant;;core4000 Idioms_Extended
prośba;prosba;;core4000 Word_Formation_Patterns
ratusz;radnice;;core4000 German_Loanwords_in_Czech_and_Polish
zawęzić/ograniczyć;zúžit/omezit;to narrow/limit;core4000 B2_Verbs_of_Change_and_Causation
bomba;bomba;bomb;core4000 B2_Military_Conflict_Security
psychiatria;psychiatrie;psychiatry;core4000 B2_06_10_Medicine_Legal_Tech_Education_Idioms
panel słoneczny;solární panel;solar panel;core4000 B2_Energy_Environment_Sustainability
dotrzymać terminu;dodržet termín;to meet a deadline;core4000 B2_Essential_Collocations
dyplomaci;diplomaté;diplomats;core4000 B2_01_05_Politics_Economy_Science_Arts_Psychology
praca dzieci;dětská práce;child labor;core4000 B2_Social_Issues_and_Society
głupota;hloupost;stupidity;core4000 B2_C1_Abstract_Nouns_and_Academic_Vocabulary
dziadek;dědek;;core4000 Slavic_Vowel_Shifts
trzeba;třeba;perhaps/need;core4000 CZ_PL_rz
gniazdo;hnízdo;nest;core4000 CZ_h_PL_g_RU
zaciskać pasa;utáhnout si opasek;;core4000 Idioms_Extended
służba;služba;;core4000 Word_Formation_Patterns
rynek;rynek;;core4000 German_Loanwords_in_Czech_and_Polish
rakieta/pocisk;raketa/střela;missile/rocket;core4000 B2_Military_Conflict_Security
terapia;terapie;therapy;core4000 B2_06_10_Medicine_Legal_Tech_Education_Idioms
turbina wiatrowa;větrná turbína;wind turbine;core4000 B2_Energy_Environment_Sustainability
przekroczyć budżet;překročit rozpočet;to exceed the budget;core4000 B2_Essential_Collocations
sankcje;sankce;sanctions;core4000 B2_01_05_Politics_Economy_Science_Arts_Psychology
zanieczyszczenie środowiska;znečištění prostředí;environmental pollution;core4000 B2_Social_Issues_and_Society
wyobraźnia;představivost;imagination;core4000 B2_C1_Abstract_Nouns_and_Academic_Vocabulary
zarywać noc;pálit půlnoční olej;;core4000 Idioms_Extended
prezent/darek;dárek;;core4000 Word_Formation_Patterns
mistrz;mistr;;core4000 German_Loanwords_in_Czech_and_Polish
czołg;tank;tank;core4000 B2_Military_Conflict_Security
prawo karne;trestní právo;criminal law;core4000 B2_06_10_Medicine_Legal_Tech_Education_Idioms
zanieczyszczenie powietrza;znečištění ovzduší;air pollution;core4000 B2_Energy_Environment_Sustainability
dochodzić prawa;uplatňovat právo;to exercise a right;core4000 B2_Essential_Collocations
w rezultacie/w konsekwencji;v důsledku toho;as a result/consequently;core4000 B2_C1_Connectors_and_Discourse_Markers
umowa/porozumienie;dohoda/smlouva;agreement/treaty;core4000 B2_01_05_Politics_Economy_Science_Arts_Psychology
migracja/imigracja;migrace/imigrace;migration/immigration;core4000 B2_Social_Issues_and_Society
społeczeństwo;společnost;society;core4000 B2_C1_Abstract_Nouns_and_Academic_Vocabulary
młodość;mladost;;core4000 Word_Formation_Patterns
burmistrz;purkmistr;;core4000 German_Loanwords_in_Czech_and_Polish
wzmocnić;posílit/zesílit;to strengthen;core4000 B2_Verbs_of_Change_and_Causation
helikopter/śmigłowiec;vrtulník;helicopter;core4000 B2_Military_Conflict_Security
prawo cywilne;občanské právo;civil law;core4000 B2_06_10_Medicine_Legal_Tech_Education_Idioms
zanieczyszczenie wody;znečištění vody;water pollution;core4000 B2_Energy_Environment_Sustainability
zadawać pytanie;klást otázku;to ask/pose a question;core4000 B2_Essential_Collocations
ideologia;ideologie;ideology;core4000 B2_01_05_Politics_Economy_Science_Arts_Psychology
emigracja;emigrace;emigration;core4000 B2_Social_Issues_and_Society
obywatelstwo;občanství;citizenship;core4000 B2_C1_Abstract_Nouns_and_Academic_Vocabulary
starość;starost;;core4000 Slavic_Vowel_Shifts
Ręka rękę myje;Ruka ruku myje;;core4000 Idioms_Extended
osłabić;oslabit;to weaken;core4000 B2_Verbs_of_Change_and_Causation
myśliwiec;stíhačka;fighter jet;core4000 B2_Military_Conflict_Security
obrońca;obhájce;defense attorney;core4000 B2_06_10_Medicine_Legal_Tech_Education_Idioms
efekt cieplarniany;skleníkový efekt;greenhouse effect;core4000 B2_Energy_Environment_Sustainability
zaproponować rozwiązanie;nabídnout řešení;to offer a solution;core4000 B2_Essential_Collocations
dzięki;díky;thanks to;core4000 B2_C1_Connectors_and_Discourse_Markers
biurokracja;byrokracie;bureaucracy;core4000 B2_01_05_Politics_Economy_Science_Arts_Psychology
uchodźca;uprchlík;refugee;core4000 B2_Social_Issues_and_Society
szybkość;rychlost;;core4000 Word_Formation_Patterns
warsztat;verštát/dílna;;core4000 German_Loanwords_in_Czech_and_Polish
okręt podwodny/łódź podwodna;ponorka;submarine;core4000 B2_Military_Conflict_Security
gazy cieplarniane;skleníkové plyny;greenhouse gases;core4000 B2_Energy_Environment_Sustainability
stworzyć podstawę;vytvořit základ;to create a foundation;core4000 B2_Essential_Collocations
biorąc pod uwagę;s ohledem na;considering/given;core4000 B2_C1_Connectors_and_Discourse_Markers
propaganda;propaganda;propaganda;core4000 B2_01_05_Politics_Economy_Science_Arts_Psychology
dron;dron;drone;core4000 B2_Military_Conflict_Security
dwutlenek węgla;oxid uhličitý (CO₂);carbon dioxide;core4000 B2_Energy_Environment_Sustainability
odgrywać rolę;sehrát roli;to play a role;core4000 B2_Essential_Collocations
po pierwsze/po drugie;za prvé/za druhé;firstly/secondly;core4000 B2_C1_Connectors_and_Discourse_Markers
lewica/prawica;levice/pravice;left/right wing;core4000 B2_01_05_Politics_Economy_Science_Arts_Psychology
integracja;integrace;integration;core4000 B2_Social_Issues_and_Society
bezpieczeństwo;bezpečnost;security/safety;core4000 B2_C1_Abstract_Nouns_and_Academic_Vocabulary
możliwość;možnost;;core4000 Slavic_Vowel_Shifts
głupota;hloupota;;core4000 Word_Formation_Patterns
blacha;plech;;core4000 German_Loanwords_in_Czech_and_Polish
połączyć;spojit/připojit;to connect/join;core4000 B2_Verbs_of_Change_and_Causation
topnienie lodowców;tání ledovců;glacier melting;core4000 B2_Energy_Environment_Sustainability
zrobić wrażenie;udělat dojem;to make an impression;core4000 B2_Essential_Collocations
przede wszystkim/głównie;především/hlavně;above all/mainly;core4000 B2_C1_Connectors_and_Discourse_Markers
ekonomia/gospodarka;ekonomika/hospodářství;economy;core4000 B2_01_05_Politics_Economy_Science_Arts_Psychology
asymilacja;asimilace;assimilation;core4000 B2_Social_Issues_and_Society
bogactwo;bohatství;;core4000 Word_Formation_Patterns
oddzielić/rozdzielić;oddělit;to separate;core4000 B2_Verbs_of_Change_and_Causation
ława przysięgłych;porota;jury;core4000 B2_06_10_Medicine_Legal_Tech_Education_Idioms
wzbudzić zainteresowanie;vzbudit zájem;to arouse interest;core4000 B2_Essential_Collocations
na koniec/podsumowując;na závěr;in conclusion;core4000 B2_C1_Connectors_and_Discourse_Markers
produkt krajowy brutto;hrubý domácí produkt;GDP;core4000 B2_01_05_Politics_Economy_Science_Arts_Psychology
wielokulturowość;multikulturalismus;multiculturalism;core4000 B2_Social_Issues_and_Society
obowiązek;povinnost;duty/obligation;core4000 B2_C1_Abstract_Nouns_and_Academic_Vocabulary
łączyć/kombinować;kombinovat/slučovat;to combine;core4000 B2_Verbs_of_Change_and_Causation
zeznanie;svědectví;testimony;core4000 B2_06_10_Medicine_Legal_Tech_Education_Idioms
wymieranie gatunków;vymírání druhů;species extinction;core4000 B2_Energy_Environment_Sustainability
okazać współczucie;projevit soucit;to show compassion;core4000 B2_Essential_Collocations
inflacja;inflace;inflation;core4000 B2_01_05_Politics_Economy_Science_Arts_Psychology
mniejszość (etniczna);menšina (etnická);minority (ethnic);core4000 B2_Social_Issues_and_Society
przywilej;privilegium;privilege;core4000 B2_C1_Abstract_Nouns_and_Academic_Vocabulary
przyszłość;budoucnost;;core4000 Slavic_Vowel_Shifts
wodny;vodní/vodný;;core4000 Word_Formation_Patterns
podzielić/rozdzielić;rozdělit;to divide/split;core4000 B2_Verbs_of_Change_and_Causation
atak/napaść;útok;attack;core4000 B2_Military_Conflict_Security
wylesianie;odlesňování;deforestation;core4000 B2_Energy_Environment_Sustainability
wyrazić opinię;vyjádřit názor;to express an opinion;core4000 B2_Essential_Collocations
innymi słowy;jinými slovy;in other words;core4000 B2_C1_Connectors_and_Discourse_Markers
diaspora;diaspora;diaspora;core4000 B2_Social_Issues_and_Society
solidarność;solidarita;solidarity;core4000 B2_C1_Abstract_Nouns_and_Academic_Vocabulary
przeszłość;minulost;;core4000 Slavic_Vowel_Shifts
górski;horský;;core4000 Word_Formation_Patterns
zjednoczyć;sjednotit;to unite;core4000 B2_Verbs_of_Change_and_Causation
obrona;obrana;defense;core4000 B2_Military_Conflict_Security
przepis/rozporządzenie;předpis/nařízení;regulation;core4000 B2_06_10_Medicine_Legal_Tech_Education_Idioms
erozja gleby;eroze půdy;soil erosion;core4000 B2_Energy_Environment_Sustainability
zdobyć zaufanie;získat důvěru;to gain trust;core4000 B2_Essential_Collocations
krótko mówiąc;stručně řečeno;in short;core4000 B2_C1_Connectors_and_Discourse_Markers
dobrobyt/prosperita;prosperita;prosperity;core4000 B2_C1_Abstract_Nouns_and_Academic_Vocabulary
osobowość;osobnost;;core4000 Slavic_Vowel_Shifts
czeski;český;;core4000 Word_Formation_Patterns
połączyć/scalić;sloučit;to merge;core4000 B2_Verbs_of_Change_and_Causation
inwazja;invaze;invasion;core4000 B2_Military_Conflict_Security
patent;patent;patent;core4000 B2_06_10_Medicine_Legal_Tech_Education_Idioms
kwaśny deszcz;kyselý déšť;acid rain;core4000 B2_Energy_Environment_Sustainability
stracić cierpliwość;ztratit trpělivost;to lose patience;core4000 B2_Essential_Collocations
konkretnie/a mianowicie;konkrétně;specifically;core4000 B2_C1_Connectors_and_Discourse_Markers
zezwolenie na pobyt;pobytové povolení;residence permit;core4000 B2_Social_Issues_and_Society
kryzys;krize;crisis;core4000 B2_C1_Abstract_Nouns_and_Academic_Vocabulary
zdolność;schopnost;;core4000 Slavic_Vowel_Shifts
miejski;městský;;core4000 Word_Formation_Patterns
izolować;izolovat;to isolate;core4000 B2_Verbs_of_Change_and_Causation
okupacja;okupace;occupation;core4000 B2_Military_Conflict_Security
prawo autorskie;autorské právo;copyright;core4000 B2_06_10_Medicine_Legal_Tech_Education_Idioms
smog;smog;smog;core4000 B2_Energy_Environment_Sustainability
robić postępy;dělat pokrok;to make progress;core4000 B2_Essential_Collocations
jeśli chodzi o;pokud jde o;as for/regarding;core4000 B2_C1_Connectors_and_Discourse_Markers
deportacja;deportace;deportation;core4000 B2_Social_Issues_and_Society
postęp;pokrok;progress;core4000 B2_C1_Abstract_Nouns_and_Academic_Vocabulary
właściwość;vlastnost;;core4000 Slavic_Vowel_Shifts
językowy;jazykový;;core4000 Word_Formation_Patterns
przypisać/przydzielić;přiřadit;to assign;core4000 B2_Verbs_of_Change_and_Causation
pozew;žaloba;lawsuit;core4000 B2_06_10_Medicine_Legal_Tech_Education_Idioms
dziura ozonowa;ozónová díra;ozone hole;core4000 B2_Energy_Environment_Sustainability
brać pod uwagę;brát ohled na;to take into account;core4000 B2_Essential_Collocations
na przykład;například;for example;core4000 B2_C1_Connectors_and_Discourse_Markers
podwójne obywatelstwo;dvojí občanství;dual citizenship;core4000 B2_Social_Issues_and_Society
upadek;úpadek;decline;core4000 B2_C1_Abstract_Nouns_and_Academic_Vocabulary
ząb;zub;;core4000 Slavic_Vowel_Shifts
marcowy;březnový;;core4000 Word_Formation_Patterns
zastąpić;nahradit;to replace;core4000 B2_Verbs_of_Change_and_Causation
partyzant;partyzán;partisan/guerrilla;core4000 B2_Military_Conflict_Security
odszkodowanie;náhrada škody;damages/compensation;core4000 B2_06_10_Medicine_Legal_Tech_Education_Idioms
mikroplastik;mikroplasty;microplastics;core4000 B2_Energy_Environment_Sustainability
dać do zrozumienia;dát najevo;to make clear/indicate;core4000 B2_Essential_Collocations
kredyt/pożyczka;úvěr/půjčka;loan/credit;core4000 B2_01_05_Politics_Economy_Science_Arts_Psychology
państwo opiekuńcze;sociální stát;welfare state;core4000 B2_Social_Issues_and_Society
reforma;reforma;reform;core4000 B2_C1_Abstract_Nouns_and_Academic_Vocabulary
niemożliwy;nemožný;;core4000 Word_Formation_Patterns
wykluczyć;vyloučit;to exclude;core4000 B2_Verbs_of_Change_and_Causation
zawieszenie broni;příměří;ceasefire;core4000 B2_Military_Conflict_Security
odpady toksyczne;jedovatý odpad;toxic waste;core4000 B2_Energy_Environment_Sustainability
mieć na myśli;mít na mysli;to have in mind;core4000 B2_Essential_Collocations
zasiłek/świadczenia socjalne;sociální dávky;social benefits;core4000 B2_Social_Issues_and_Society
zmienić;změnit;to change;core4000 B2_Verbs_of_Change_and_Causation
kapitulacja;kapitulace;capitulation;core4000 B2_Military_Conflict_Security
zrównoważony rozwój;udržitelnost;sustainability;core4000 B2_Energy_Environment_Sustainability
dojść do wniosku;dojít k závěru;to come to a conclusion;core4000 B2_Essential_Collocations
między innymi;mimo jiné;among other things;core4000 B2_C1_Connectors_and_Discourse_Markers
akcje;akcie;stocks/shares;core4000 B2_01_05_Politics_Economy_Science_Arts_Psychology
ubezpieczenie zdrowotne;zdravotní pojištění;health insurance;core4000 B2_Social_Issues_and_Society
współpraca;spolupráce;cooperation;core4000 B2_C1_Abstract_Nouns_and_Academic_Vocabulary
przekształcić;přeměnit/transformovat;to transform;core4000 B2_Verbs_of_Change_and_Causation
źródła odnawialne;obnovitelné zdroje;renewable resources;core4000 B2_Energy_Environment_Sustainability
wziąć pod uwagę;vzít v úvahu;to take into consideration;core4000 B2_Essential_Collocations
w tym przypadku;v tomto případě;in this case;core4000 B2_C1_Connectors_and_Discourse_Markers
giełda;burza;stock exchange;core4000 B2_01_05_Politics_Economy_Science_Arts_Psychology
konflikt;konflikt;conflict;core4000 B2_C1_Abstract_Nouns_and_Academic_Vocabulary
bezpieczny;bezpečný;;core4000 Word_Formation_Patterns
dostosować/przystosować;přizpůsobit;to adapt/adjust;core4000 B2_Verbs_of_Change_and_Causation
programowanie/kodowanie;kódování/programování;programming;core4000 B2_06_10_Medicine_Legal_Tech_Education_Idioms
zmienić zdanie;změnit názor;to change one's mind;core4000 B2_Essential_Collocations
pod warunkiem, że;za předpokladu, že;provided that;core4000 B2_C1_Connectors_and_Discourse_Markers
waluta;měna;currency;core4000 B2_01_05_Politics_Economy_Science_Arts_Psychology
płaca minimalna;minimální mzda;minimum wage;core4000 B2_Social_Issues_and_Society
kompromis;kompromis;compromise;core4000 B2_C1_Abstract_Nouns_and_Academic_Vocabulary
bezsilny;bezmocný;;core4000 Word_Formation_Patterns
zmodyfikować/poprawić;upravit;to modify;core4000 B2_Verbs_of_Change_and_Causation
sojusznik;spojenec;ally;core4000 B2_Military_Conflict_Security
cyberbezpieczeństwo;kybernetická bezpečnost;cybersecurity;core4000 B2_06_10_Medicine_Legal_Tech_Education_Idioms
kompostowanie;kompostování;composting;core4000 B2_Energy_Environment_Sustainability
wydaje się, że;zdá se, že;it seems that;core4000 B2_C1_Connectors_and_Discourse_Markers
kurs wymiany;směnný kurz;exchange rate;core4000 B2_01_05_Politics_Economy_Science_Arts_Psychology
prawa człowieka;lidská práva;human rights;core4000 B2_Social_Issues_and_Society
piękny;pěkný;;core4000 Slavic_Vowel_Shifts
odnowić;obnovit;to renew/restore;core4000 B2_Verbs_of_Change_and_Causation
segregacja odpadów;třídění odpadu;waste sorting;core4000 B2_Energy_Environment_Sustainability
wskazać na;poukázat na;to point out;core4000 B2_Essential_Collocations
prawdopodobnie;pravděpodobně;probably;core4000 B2_C1_Connectors_and_Discourse_Markers
import;dovoz/import;import;core4000 B2_01_05_Politics_Economy_Science_Arts_Psychology
równouprawnienie;rovnoprávnost;equal rights;core4000 B2_Social_Issues_and_Society
nieporozumienie;nedorozumění;misunderstanding;core4000 B2_C1_Abstract_Nouns_and_Academic_Vocabulary
kąt;kout;;core4000 Slavic_Vowel_Shifts
uprościć;zjednodušit;;core4000 Word_Formation_Patterns
chmura;cloud/oblak;cloud (computing);core4000 B2_06_10_Medicine_Legal_Tech_Education_Idioms
zająć stanowisko;zaujmout stanovisko;to take a position;core4000 B2_Essential_Collocations
może/być może;možná/snad;maybe/perhaps;core4000 B2_C1_Connectors_and_Discourse_Markers
eksport;vývoz/export;export;core4000 B2_01_05_Politics_Economy_Science_Arts_Psychology
wolność słowa;svoboda projevu/slova;freedom of speech;core4000 B2_Social_Issues_and_Society
powiększyć;zvětšit;;core4000 Word_Formation_Patterns
ewakuacja;evakuace;evacuation;core4000 B2_Military_Conflict_Security
rzeczywistość wirtualna;virtuální realita;virtual reality;core4000 B2_06_10_Medicine_Legal_Tech_Education_Idioms
neutralność klimatyczna;uhlíková neutralita;carbon neutrality;core4000 B2_Energy_Environment_Sustainability
napotkać problem;narazit na problém;to run into a problem;core4000 B2_Essential_Collocations
do pewnego stopnia;do jisté míry;to some extent;core4000 B2_C1_Connectors_and_Discourse_Markers
przedsiębiorca;podnikatel;entrepreneur;core4000 B2_01_05_Politics_Economy_Science_Arts_Psychology
prawo do prywatności;právo na soukromí;right to privacy;core4000 B2_Social_Issues_and_Society
nacisk/presja;tlak/nátlak;pressure;core4000 B2_C1_Abstract_Nouns_and_Academic_Vocabulary
zmniejszyć;zmenšit;;core4000 Word_Formation_Patterns
rozwinąć/opracować;vyvinout;to develop;core4000 B2_Verbs_of_Change_and_Causation
pomoc humanitarna;humanitární pomoc;humanitarian aid;core4000 B2_Military_Conflict_Security
robotyka;robotika;robotics;core4000 B2_06_10_Medicine_Legal_Tech_Education_Idioms
samochód elektryczny;elektromobil;electric car;core4000 B2_Energy_Environment_Sustainability
wywołać dyskusję;vyvolat diskusi;to spark a discussion;core4000 B2_Essential_Collocations
bankructwo;konkurz/bankrot;bankruptcy;core4000 B2_01_05_Politics_Economy_Science_Arts_Psychology
prawa obywatelskie;občanská práva;civil rights;core4000 B2_Social_Issues_and_Society
wsparcie/poparcie;podpora;support;core4000 B2_C1_Abstract_Nouns_and_Academic_Vocabulary
domek;domek;;core4000 Word_Formation_Patterns
misja pokojowa;mírová mise;peacekeeping mission;core4000 B2_Military_Conflict_Security
sieć neuronowa;neuronová síť;neural network;core4000 B2_06_10_Medicine_Legal_Tech_Education_Idioms
stacja ładowania;dobíjecí stanice;charging station;core4000 B2_Energy_Environment_Sustainability
dopuścić możliwość;připustit možnost;to admit a possibility;core4000 B2_Essential_Collocations
moim zdaniem;podle mého názoru;in my opinion;core4000 B2_C1_Connectors_and_Discourse_Markers
obroty;tržby/obrat;turnover/revenue;core4000 B2_01_05_Politics_Economy_Science_Arts_Psychology
związek zawodowy;odborový svaz;trade union;core4000 B2_Social_Issues_and_Society
krytyka;kritika;criticism;core4000 B2_C1_Abstract_Nouns_and_Academic_Vocabulary
koteczka;kočička;;core4000 Word_Formation_Patterns
zrealizować;realizovat/uskutečnit;to implement;core4000 B2_Verbs_of_Change_and_Causation
zbrodnia wojenna;válečný zločin;war crime;core4000 B2_Military_Conflict_Security
automatyzacja;automatizace;automation;core4000 B2_06_10_Medicine_Legal_Tech_Education_Idioms
pompa ciepła;tepelné čerpadlo;heat pump;core4000 B2_Energy_Environment_Sustainability
podać przykład;uvést příklad;to give an example;core4000 B2_Essential_Collocations
początkowo/najpierw;zpočátku/nejdříve;initially/at first;core4000 B2_C1_Connectors_and_Discourse_Markers
konsument;spotřebitel;consumer;core4000 B2_01_05_Politics_Economy_Science_Arts_Psychology
strajk;stávka;strike;core4000 B2_Social_Issues_and_Society
opozycja/sprzeciw;opozice/odpor;opposition/resistance;core4000 B2_C1_Abstract_Nouns_and_Academic_Vocabulary
książka (!);knížka;;core4000 Word_Formation_Patterns
start-up;start-up;startup;core4000 B2_06_10_Medicine_Legal_Tech_Education_Idioms
ocieplenie / izolacja;zateplení / izolace;insulation;core4000 B2_Energy_Environment_Sustainability
uważać;dát pozor;to pay attention;core4000 B2_Essential_Collocations
następnie/potem;poté/následně;then/subsequently;core4000 B2_C1_Connectors_and_Discourse_Markers
nauka;věda;science;core4000 B2_01_05_Politics_Economy_Science_Arts_Psychology
proces;proces;process;core4000 B2_C1_Abstract_Nouns_and_Academic_Vocabulary
stolik;stolek;;core4000 Word_Formation_Patterns
kontrolować;kontrolovat;to control/check;core4000 B2_Verbs_of_Change_and_Causation
zagrożenie;ohrožení/hrozba;threat;core4000 B2_Military_Conflict_Security
innowacja;inovace;innovation;core4000 B2_06_10_Medicine_Legal_Tech_Education_Idioms
zielony dach;zelená střecha;green roof;core4000 B2_Energy_Environment_Sustainability
mieć pecha;mít smůlu;to be unlucky;core4000 B2_Essential_Collocations
badania;výzkum;research;core4000 B2_01_05_Politics_Economy_Science_Arts_Psychology
dzietność/urodzenia;porodnost;birth rate;core4000 B2_Social_Issues_and_Society
rozwój;vývoj;development;core4000 B2_C1_Abstract_Nouns_and_Academic_Vocabulary
synek;synek;;core4000 Word_Formation_Patterns
terroryzm;terorismus;terrorism;core4000 B2_Military_Conflict_Security
szara woda;šedá voda;greywater;core4000 B2_Energy_Environment_Sustainability
mieć szczęście;mít štěstí;to be lucky;core4000 B2_Essential_Collocations
odkrycie;objev;discovery;core4000 B2_01_05_Politics_Economy_Science_Arts_Psychology
śmiertelność/umieralność;úmrtnost;mortality rate;core4000 B2_Social_Issues_and_Society
wzrost;růst;growth;core4000 B2_C1_Abstract_Nouns_and_Academic_Vocabulary
młodość;mládí;;core4000 Slavic_Vowel_Shifts
córeczka;dcerka;;core4000 Word_Formation_Patterns
szpiegostwo;špionáž;espionage;core4000 B2_Military_Conflict_Security
prototyp;prototyp;prototype;core4000 B2_06_10_Medicine_Legal_Tech_Education_Idioms
zbieranie deszczówki;dešťová voda (sběr);rainwater harvesting;core4000 B2_Energy_Environment_Sustainability
mieć sens;dávat smysl;to make sense;core4000 B2_Essential_Collocations
stopniowo;postupně;gradually;core4000 B2_C1_Connectors_and_Discourse_Markers
wynalazek;vynález;invention;core4000 B2_01_05_Politics_Economy_Science_Arts_Psychology
starzenie się społeczeństwa;stárnutí populace;aging population;core4000 B2_Social_Issues_and_Society
spadek;pokles;decline/decrease;core4000 B2_C1_Abstract_Nouns_and_Academic_Vocabulary
piwko;pivko;;core4000 Word_Formation_Patterns
regulować;regulovat;to regulate;core4000 B2_Verbs_of_Change_and_Causation
wywiad/służba wywiadowcza;zpravodajská služba;intelligence service;core4000 B2_Military_Conflict_Security
ślad ekologiczny;ekologická stopa;ecological footprint;core4000 B2_Energy_Environment_Sustainability
być wartym;stát za to;to be worth it;core4000 B2_Essential_Collocations
natychmiast;okamžitě/ihned;immediately;core4000 B2_C1_Connectors_and_Discourse_Markers
naukowiec;vědec;scientist;core4000 B2_01_05_Politics_Economy_Science_Arts_Psychology
oczekiwana długość życia;střední délka života;life expectancy;core4000 B2_Social_Issues_and_Society
wzlot/wzrost;vzestup;rise;core4000 B2_C1_Abstract_Nouns_and_Academic_Vocabulary
mleko;mlíko/mléko;;core4000 Slavic_Vowel_Shifts
kawusia;kávička;;core4000 Word_Formation_Patterns
embargo;embargo;embargo;core4000 B2_Military_Conflict_Security
przedszkole;mateřská škola;kindergarten;core4000 B2_06_10_Medicine_Legal_Tech_Education_Idioms
zielony ład;zelená dohoda;Green Deal;core4000 B2_Energy_Environment_Sustainability
mieć prawo;mít právo;to have the right;core4000 B2_Essential_Collocations
wcześniej/przedtem;předtím/dříve;previously/before;core4000 B2_C1_Connectors_and_Discourse_Markers
laboratorium;laboratoř;laboratory;core4000 B2_01_05_Politics_Economy_Science_Arts_Psychology
spis ludności;sčítání lidu;census;core4000 B2_Social_Issues_and_Society
przejście;přechod;transition;core4000 B2_C1_Abstract_Nouns_and_Academic_Vocabulary
wykonywać;provádět/vykonávat;to execute/carry out;core4000 B2_Verbs_of_Change_and_Causation
rozbrojenie;odzbrojení;disarmament;core4000 B2_Military_Conflict_Security
szkoła podstawowa;základní škola;elementary school;core4000 B2_06_10_Medicine_Legal_Tech_Education_Idioms
lubić;mít rád;to like;core4000 B2_Essential_Collocations
od tego czasu/odtąd;od té doby;since then;core4000 B2_C1_Connectors_and_Discourse_Markers
eksperyment;pokus/experiment;experiment;core4000 B2_01_05_Politics_Economy_Science_Arts_Psychology
gęstość zaludnienia;hustota zalidnění;population density;core4000 B2_Social_Issues_and_Society
zmiana;změna;change;core4000 B2_C1_Abstract_Nouns_and_Academic_Vocabulary
lodówka;lednička;;core4000 Word_Formation_Patterns
jądrowy/nuklearny;jaderný (zbraně);nuclear;core4000 B2_Military_Conflict_Security
szkoła średnia/liceum;střední škola;high school;core4000 B2_06_10_Medicine_Legal_Tech_Education_Idioms
biodegradowalny;biodegradabilní;biodegradable;core4000 B2_Energy_Environment_Sustainability
bać się;mít strach;to be afraid;core4000 B2_Essential_Collocations
teoria;teorie;theory;core4000 B2_01_05_Politics_Economy_Science_Arts_Psychology
urbanizacja;urbanizace;urbanization;core4000 B2_Social_Issues_and_Society
stabilność;stabilita;stability;core4000 B2_C1_Abstract_Nouns_and_Academic_Vocabulary
zapewnić;zajistit;to ensure;core4000 B2_Verbs_of_Change_and_Causation
uczelnia/uniwersytet;vysoká škola;university;core4000 B2_06_10_Medicine_Legal_Tech_Education_Idioms
zrównoważony rozwój;trvale udržitelný rozvoj;sustainable development;core4000 B2_Energy_Environment_Sustainability
martwić się;dělat si starosti;to worry;core4000 B2_Essential_Collocations
równowaga;rovnováha;balance/equilibrium;core4000 B2_C1_Abstract_Nouns_and_Academic_Vocabulary
NATO;NATO;NATO;core4000 B2_Military_Conflict_Security
wydział/kierunek;obor/fakulta;faculty/department;core4000 B2_06_10_Medicine_Legal_Tech_Education_Idioms
rolnictwo ekologiczne;ekologické zemědělství;organic farming;core4000 B2_Energy_Environment_Sustainability
uważać na siebie;dát si pozor;to be careful;core4000 B2_Essential_Collocations
wieś/obszar wiejski;venkov;countryside/rural area;core4000 B2_Social_Issues_and_Society
tendencja;tendence/trend;tendency/trend;core4000 B2_C1_Abstract_Nouns_and_Academic_Vocabulary
semestr;semestr;semester;core4000 B2_06_10_Medicine_Legal_Tech_Education_Idioms
próbka;vzorek;sample;core4000 B2_01_05_Politics_Economy_Science_Arts_Psychology
wyrażenie;vyjádření;expression;core4000 B2_C1_Abstract_Nouns_and_Academic_Vocabulary
żółw;želva;;core4000 Word_Formation_Patterns
wykład;přednáška;lecture;core4000 B2_06_10_Medicine_Legal_Tech_Education_Idioms
wniosek;závěr;conclusion;core4000 B2_01_05_Politics_Economy_Science_Arts_Psychology
seminarium;seminář;seminar;core4000 B2_06_10_Medicine_Legal_Tech_Education_Idioms
hipoteza;hypotéza;hypothesis;core4000 B2_01_05_Politics_Economy_Science_Arts_Psychology
twierdzenie;tvrzení;claim/assertion;core4000 B2_C1_Abstract_Nouns_and_Academic_Vocabulary
karetka;sanitka;;core4000 Word_Formation_Patterns
licencjat;bakalářský titul;bachelor's degree;core4000 B2_06_10_Medicine_Legal_Tech_Education_Idioms
atom;atom;atom;core4000 B2_01_05_Politics_Economy_Science_Arts_Psychology
wyjaśnienie;vysvětlení;explanation;core4000 B2_C1_Abstract_Nouns_and_Academic_Vocabulary
magisterium;magisterský titul;master's degree;core4000 B2_06_10_Medicine_Legal_Tech_Education_Idioms
komórka;buňka;cell;core4000 B2_01_05_Politics_Economy_Science_Arts_Psychology
podsumowanie;shrnutí;summary;core4000 B2_C1_Abstract_Nouns_and_Academic_Vocabulary
doktorat;doktorát;PhD/doctorate;core4000 B2_06_10_Medicine_Legal_Tech_Education_Idioms
gen;gen;gene;core4000 B2_01_05_Politics_Economy_Science_Arts_Psychology
ewolucja;evoluce;evolution;core4000 B2_01_05_Politics_Economy_Science_Arts_Psychology
argument;argument;argument;core4000 B2_C1_Abstract_Nouns_and_Academic_Vocabulary
stypendium;stipendium;scholarship;core4000 B2_06_10_Medicine_Legal_Tech_Education_Idioms
grawitacja;gravitace;gravity;core4000 B2_01_05_Politics_Economy_Science_Arts_Psychology
program studiów;studijní program;study program;core4000 B2_06_10_Medicine_Legal_Tech_Education_Idioms
równanie;rovnice;equation;core4000 B2_01_05_Politics_Economy_Science_Arts_Psychology
przykład;příklad;example;core4000 B2_C1_Abstract_Nouns_and_Academic_Vocabulary
porównanie;srovnání;comparison;core4000 B2_C1_Abstract_Nouns_and_Academic_Vocabulary
sztuka;umění;art;core4000 B2_01_05_Politics_Economy_Science_Arts_Psychology
wartość;hodnota;value;core4000 B2_C1_Abstract_Nouns_and_Academic_Vocabulary
literatura;literatura;literature;core4000 B2_01_05_Politics_Economy_Science_Arts_Psychology
zasada;zásada/princip;principle;core4000 B2_C1_Abstract_Nouns_and_Academic_Vocabulary
powieść/romans;román;novel;core4000 B2_01_05_Politics_Economy_Science_Arts_Psychology
norma;norma;norm;core4000 B2_C1_Abstract_Nouns_and_Academic_Vocabulary
wiersz;báseň;poem;core4000 B2_01_05_Politics_Economy_Science_Arts_Psychology
Przepraszam;Omlouvám se;;core4000 B2_06_10_Medicine_Legal_Tech_Education_Idioms
poeta;básník;poet;core4000 B2_01_05_Politics_Economy_Science_Arts_Psychology
być w tarapatach;být v bryndě;to be in a pickle;core4000 B2_06_10_Medicine_Legal_Tech_Education_Idioms
pisarz;spisovatel;writer;core4000 B2_01_05_Politics_Economy_Science_Arts_Psychology
honor/cześć;čest;honor;core4000 B2_C1_Abstract_Nouns_and_Academic_Vocabulary
wstyd/hańba;hanba/ostuda;shame/disgrace;core4000 B2_C1_Abstract_Nouns_and_Academic_Vocabulary
spaść z nieba;spadnout z nebe;out of the blue;core4000 B2_06_10_Medicine_Legal_Tech_Education_Idioms
rzeźbiarz;sochař;sculptor;core4000 B2_01_05_Politics_Economy_Science_Arts_Psychology
wierność/lojalność;věrnost/loajalita;loyalty;core4000 B2_C1_Abstract_Nouns_and_Academic_Vocabulary
jak na dłoni;jako na dlani;clear as day;core4000 B2_06_10_Medicine_Legal_Tech_Education_Idioms
architekt;architekt;architect;core4000 B2_01_05_Politics_Economy_Science_Arts_Psychology
zdrada;zrada;betrayal;core4000 B2_C1_Abstract_Nouns_and_Academic_Vocabulary
wodzić za nos;vodit za nos;to lead by the nose;core4000 B2_06_10_Medicine_Legal_Tech_Education_Idioms
przesadzić/za dużo;přes čáru;over the line;core4000 B2_06_10_Medicine_Legal_Tech_Education_Idioms
brać pod uwagę;brát v úvahu;to take into account;core4000 B2_C1_Abstract_Nouns_and_Academic_Vocabulary
być za jednym;být za jedno;to be of one mind;core4000 B2_06_10_Medicine_Legal_Tech_Education_Idioms
galeria;galerie;gallery;core4000 B2_01_05_Politics_Economy_Science_Arts_Psychology
opera;opera;opera;core4000 B2_01_05_Politics_Economy_Science_Arts_Psychology
odgrywać rolę;hrát roli;to play a role;core4000 B2_C1_Abstract_Nouns_and_Academic_Vocabulary
balet;balet;ballet;core4000 B2_01_05_Politics_Economy_Science_Arts_Psychology
mieć wpływ na;mít vliv na;to have influence on;core4000 B2_C1_Abstract_Nouns_and_Academic_Vocabulary
gatunek;žánr;genre;core4000 B2_01_05_Politics_Economy_Science_Arts_Psychology
tragedia;tragédie;tragedy;core4000 B2_01_05_Politics_Economy_Science_Arts_Psychology
kłaść nacisk na;klást důraz na;to put emphasis on;core4000 B2_C1_Abstract_Nouns_and_Academic_Vocabulary
dzieło;dílo;work (of art);core4000 B2_01_05_Politics_Economy_Science_Arts_Psychology
wziąć pod uwagę;vzít v potaz;to take into consideration;core4000 B2_C1_Abstract_Nouns_and_Academic_Vocabulary
arcydzieło;mistrovské dílo;masterpiece;core4000 B2_01_05_Politics_Economy_Science_Arts_Psychology
warto wspomnieć;stát za zmínku;to be worth mentioning;core4000 B2_C1_Abstract_Nouns_and_Academic_Vocabulary
inspiracja;inspirace;inspiration;core4000 B2_01_05_Politics_Economy_Science_Arts_Psychology
świadomość;vědomí;consciousness;core4000 B2_01_05_Politics_Economy_Science_Arts_Psychology
podświadomość;podvědomí;subconscious;core4000 B2_01_05_Politics_Economy_Science_Arts_Psychology
zachowanie;chování;behavior;core4000 B2_01_05_Politics_Economy_Science_Arts_Psychology
postrzeganie/percepcja;vnímání;perception;core4000 B2_01_05_Politics_Economy_Science_Arts_Psychology
pamięć;paměť;memory;core4000 B2_01_05_Politics_Economy_Science_Arts_Psychology
inteligencja;inteligence;intelligence;core4000 B2_01_05_Politics_Economy_Science_Arts_Psychology
emocje;emoce;emotions;core4000 B2_01_05_Politics_Economy_Science_Arts_Psychology
instynkt;instinkt;instinct;core4000 B2_01_05_Politics_Economy_Science_Arts_Psychology
moralność;morálka;morality;core4000 B2_01_05_Politics_Economy_Science_Arts_Psychology
etyka;etika;ethics;core4000 B2_01_05_Politics_Economy_Science_Arts_Psychology
sumienie;svědomí;conscience;core4000 B2_01_05_Politics_Economy_Science_Arts_Psychology
wolna wola;svobodná vůle;free will;core4000 B2_01_05_Politics_Economy_Science_Arts_Psychology
egzystencja/istnienie;existence;existence;core4000 B2_01_05_Politics_Economy_Science_Arts_Psychology
sens (życia);smysl (života);meaning (of life);core4000 B2_01_05_Politics_Economy_Science_Arts_Psychology
uprzedzenie;předsudek;prejudice;core4000 B2_01_05_Politics_Economy_Science_Arts_Psychology
tolerancja;tolerance;tolerance;core4000 B2_01_05_Politics_Economy_Science_Arts_Psychology
dyplomacja;diplomacie;diplomacy;core4000 C1_01_10_All_Units
zjawisko/fenomen;jev/fenomén;phenomenon;core4000 C1_Specialized_and_Nuanced_Vocabulary
ambasador;velvyslanec;ambassador;core4000 C1_01_10_All_Units
koncepcja/pojęcie;koncept/pojem;concept;core4000 C1_Specialized_and_Nuanced_Vocabulary
szczyt;summit;summit;core4000 C1_01_10_All_Units
paradygmat;paradigma;paradigm;core4000 C1_Specialized_and_Nuanced_Vocabulary
ocenić/ewaluować;vyhodnotit;to evaluate;core4000 C1_Academic_Verbs_and_Formal_Expressions
negocjacje;jednání;negotiations;core4000 C1_01_10_All_Units
dylemat;dilema;dilemma;core4000 C1_Specialized_and_Nuanced_Vocabulary
interpretować;interpretovat;to interpret;core4000 C1_Academic_Verbs_and_Formal_Expressions
paradoks;paradox;paradox;core4000 C1_Specialized_and_Nuanced_Vocabulary
klasyfikować;klasifikovat;to classify;core4000 C1_Academic_Verbs_and_Formal_Expressions
suwerenność;suverenita;sovereignty;core4000 C1_01_10_All_Units
sceptycyzm;skepticismus;skepticism;core4000 C1_Specialized_and_Nuanced_Vocabulary
definiować;definovat;to define;core4000 C1_Academic_Verbs_and_Formal_Expressions
multilateralizm;multilateralismus;multilateralism;core4000 C1_01_10_All_Units
pragmatyzm;pragmatismus;pragmatism;core4000 C1_Specialized_and_Nuanced_Vocabulary
udowodnić;prokázat/dokázat;to prove/demonstrate;core4000 C1_Academic_Verbs_and_Formal_Expressions
sojusz/aliancja;aliance;alliance;core4000 C1_01_10_All_Units
kontekst;kontext;context;core4000 C1_Specialized_and_Nuanced_Vocabulary
obalić/odrzucić;vyvrátit;to refute/disprove;core4000 C1_Academic_Verbs_and_Formal_Expressions
neutralność;neutralita;neutrality;core4000 C1_01_10_All_Units
perspektywa;perspektiva;perspective;core4000 C1_Specialized_and_Nuanced_Vocabulary
potwierdzić;potvrdit;to confirm;core4000 C1_Academic_Verbs_and_Formal_Expressions
weto;veto;veto;core4000 C1_01_10_All_Units
wymiar;dimenze;dimension;core4000 C1_Specialized_and_Nuanced_Vocabulary
podważyć/zakwestionować;zpochybnit;to question/challenge;core4000 C1_Academic_Verbs_and_Formal_Expressions
mediacja;mediace;mediation;core4000 C1_01_10_All_Units
niuans;nuance;nuance;core4000 C1_Specialized_and_Nuanced_Vocabulary
zidentyfikować;identifikovat;to identify;core4000 C1_Academic_Verbs_and_Formal_Expressions
rezolucja;rezoluce;resolution;core4000 C1_01_10_All_Units
aspekt;aspekt;aspect;core4000 C1_Specialized_and_Nuanced_Vocabulary
odkryć;odhalit/objevit;to reveal/discover;core4000 C1_Academic_Verbs_and_Formal_Expressions
ratyfikacja;ratifikace;ratification;core4000 C1_01_10_All_Units
kryterium;kritérium;criterion;core4000 C1_Specialized_and_Nuanced_Vocabulary
syntetyzować;syntetizovat;to synthesize;core4000 C1_Academic_Verbs_and_Formal_Expressions
priorytet;priorita;priority;core4000 C1_Specialized_and_Nuanced_Vocabulary
kwantyfikować;kvantifikovat;to quantify;core4000 C1_Academic_Verbs_and_Formal_Expressions
azyl;azyl;asylum;core4000 C1_01_10_All_Units
istotność/relewancja;relevance;relevance;core4000 C1_Specialized_and_Nuanced_Vocabulary
korelować;korelovat;to correlate;core4000 C1_Academic_Verbs_and_Formal_Expressions
dylemat moralny;morální dilema;moral dilemma;core4000 C1_01_10_All_Units
infrastruktura;infrastruktura;infrastructure;core4000 C1_Specialized_and_Nuanced_Vocabulary
argumentować;argumentovat;to argue (make case);core4000 C1_Academic_Verbs_and_Formal_Expressions
utylitaryzm;utilitarismus;utilitarianism;core4000 C1_01_10_All_Units
jurysdykcja;jurisdikce;jurisdiction;core4000 C1_Specialized_and_Nuanced_Vocabulary
uzasadnić;zdůvodnit;to justify/substantiate;core4000 C1_Academic_Verbs_and_Formal_Expressions
imperatyw kategoryczny;kategorický imperativ;categorical imperative;core4000 C1_01_10_All_Units
legitymacja/prawomocność;legitimita;legitimacy;core4000 C1_Specialized_and_Nuanced_Vocabulary
poprzeć (dowodami);podložit (důkazy);to support (with evidence);core4000 C1_Academic_Verbs_and_Formal_Expressions
altruizm;altruismus;altruism;core4000 C1_01_10_All_Units
transparentność/przejrzystość;transparentnost;transparency;core4000 C1_Specialized_and_Nuanced_Vocabulary
eutanazja;eutanazie;euthanasia;core4000 C1_01_10_All_Units
autonomia;autonomie;autonomy;core4000 C1_Specialized_and_Nuanced_Vocabulary
bioetyka;bioetika;bioethics;core4000 C1_01_10_All_Units
hegemonia;hegemonie;hegemony;core4000 C1_Specialized_and_Nuanced_Vocabulary
sugerować/implikować;naznačit/implikovat;to imply/suggest;core4000 C1_Academic_Verbs_and_Formal_Expressions
godność ludzka;lidská důstojnost;human dignity;core4000 C1_01_10_All_Units
oligarchia;oligarchie;oligarchy;core4000 C1_Specialized_and_Nuanced_Vocabulary
anarchia;anarchie;anarchy;core4000 C1_Specialized_and_Nuanced_Vocabulary
pluralizm;pluralismus;pluralism;core4000 C1_01_10_All_Units
emancypacja;emancipace;emancipation;core4000 C1_Specialized_and_Nuanced_Vocabulary
relatywizm;relativismus;relativism;core4000 C1_01_10_All_Units
wyciągnąć wnioski;vyvodit závěr;to draw conclusions;core4000 C1_Academic_Verbs_and_Formal_Expressions
stratyfikacja społeczna;sociální stratifikace;social stratification;core4000 C1_01_10_All_Units
socjalizacja;socializace;socialization;core4000 C1_01_10_All_Units
introwertyk/ekstrawertyk;introvert/extrovert;introvert/extrovert;core4000 C1_Specialized_and_Nuanced_Vocabulary
zilustrować;ilustrovat;to illustrate;core4000 C1_Academic_Verbs_and_Formal_Expressions
uściślić/sprecyzować;upřesnit/specifikovat;to specify/clarify;core4000 C1_Academic_Verbs_and_Formal_Expressions
kognicja/poznanie;kognice/poznávání;cognition;core4000 C1_Specialized_and_Nuanced_Vocabulary
rozróżnić;rozlišit;to distinguish;core4000 C1_Academic_Verbs_and_Formal_Expressions
błąd poznawczy;kognitivní zkreslení;cognitive bias;core4000 C1_Specialized_and_Nuanced_Vocabulary
podkreślić;zdůraznit;to emphasize;core4000 C1_Academic_Verbs_and_Formal_Expressions
trauma;trauma;trauma;core4000 C1_Specialized_and_Nuanced_Vocabulary
stereotyp;stereotyp;stereotype;core4000 C1_01_10_All_Units
odporność/rezyliencja;resilience/odolnost;resilience;core4000 C1_Specialized_and_Nuanced_Vocabulary
uogólnić;zobecnit;to generalize;core4000 C1_Academic_Verbs_and_Formal_Expressions
socjoekonomiczny;socioekonomický;socioeconomic;core4000 C1_01_10_All_Units
narcyzm;narcismus;narcissism;core4000 C1_Specialized_and_Nuanced_Vocabulary
skonkretyzować;konkretizovat;to specify/make concrete;core4000 C1_Academic_Verbs_and_Formal_Expressions
demograficzny;demografický;demographic;core4000 C1_01_10_All_Units
manipulacja;manipulace;manipulation;core4000 C1_Specialized_and_Nuanced_Vocabulary
odnieść się do;odkázat na;to refer to;core4000 C1_Academic_Verbs_and_Formal_Expressions
kohorta;kohorta;cohort;core4000 C1_01_10_All_Units
polaryzacja;polarizace;polarization;core4000 C1_01_10_All_Units
bioróżnorodność;biodiverzita;biodiversity;core4000 C1_Specialized_and_Nuanced_Vocabulary
rozwinąć (się);vyvinout (se);to develop;core4000 C1_Academic_Verbs_and_Formal_Expressions
marginalizacja;marginalizace;marginalization;core4000 C1_01_10_All_Units
ekosystem;ekosystém;ecosystem;core4000 C1_Specialized_and_Nuanced_Vocabulary
powstać;vzniknout;to emerge/arise;core4000 C1_Academic_Verbs_and_Formal_Expressions
globalizacja;globalizace;globalization;core4000 C1_01_10_All_Units
fotosynteza;fotosyntéza;photosynthesis;core4000 C1_Specialized_and_Nuanced_Vocabulary
przebiegać/trwać;probíhat;to proceed/take place;core4000 C1_Academic_Verbs_and_Formal_Expressions
tożsamość;identita;identity;core4000 C1_01_10_All_Units
modyfikacja genetyczna;genová modifikace;genetic modification;core4000 C1_Specialized_and_Nuanced_Vocabulary
przyczynić się do;přispět k;to contribute to;core4000 C1_Academic_Verbs_and_Formal_Expressions
mentalność;mentalita;mentality;core4000 C1_01_10_All_Units
fizyka kwantowa;kvantová fyzika;quantum physics;core4000 C1_Specialized_and_Nuanced_Vocabulary
prowadzić do;vést k;to lead to;core4000 C1_Academic_Verbs_and_Formal_Expressions
relatywność;relativita;relativity;core4000 C1_Specialized_and_Nuanced_Vocabulary
wynikać z;vyplývat z;to result from;core4000 C1_Academic_Verbs_and_Formal_Expressions
nanotechnologia;nanotechnologie;nanotechnology;core4000 C1_Specialized_and_Nuanced_Vocabulary
zależeć od;záviset na;to depend on;core4000 C1_Academic_Verbs_and_Formal_Expressions
odpowiadać;odpovídat/korespondovat;to correspond to;core4000 C1_Academic_Verbs_and_Formal_Expressions
entropia;entropie;entropy;core4000 C1_Specialized_and_Nuanced_Vocabulary
odzwierciedlać;odrážet;to reflect;core4000 C1_Academic_Verbs_and_Formal_Expressions
dekarbonizacja;dekarbonizace;decarbonization;core4000 C1_01_10_All_Units
metabolizm;metabolismus;metabolism;core4000 C1_Specialized_and_Nuanced_Vocabulary
wpływać na;ovlivňovat;to influence;core4000 C1_Academic_Verbs_and_Formal_Expressions
retoryka;rétorika;rhetoric;core4000 C1_Specialized_and_Nuanced_Vocabulary
należy podkreślić;je třeba zdůraznit;it should be emphasized;core4000 C1_Academic_Verbs_and_Formal_Expressions
demagogia;demagogie;demagogy;core4000 C1_Specialized_and_Nuanced_Vocabulary
w tym kontekście;v tomto kontextu;in this context;core4000 C1_Academic_Verbs_and_Formal_Expressions
populizm;populismus;populism;core4000 C1_Specialized_and_Nuanced_Vocabulary
na podstawie wyników;na základě výsledků;based on the results;core4000 C1_Academic_Verbs_and_Formal_Expressions
pustynnienie;desertifikace;desertification;core4000 C1_01_10_All_Units
eufemizm;eufemismus;euphemism;core4000 C1_Specialized_and_Nuanced_Vocabulary
warstwa ozonowa;ozonová vrstva;ozone layer;core4000 C1_01_10_All_Units
ironia;ironie;irony;core4000 C1_Specialized_and_Nuanced_Vocabulary
zgodnie z;v souladu s;in accordance with;core4000 C1_Academic_Verbs_and_Formal_Expressions
dziennikarstwo śledcze;investigativní žurnalistika;investigative journalism;core4000 C1_01_10_All_Units
w porównaniu z;ve srovnání s;in comparison with;core4000 C1_Academic_Verbs_and_Formal_Expressions
redakcja;redakce;editorial office;core4000 C1_01_10_All_Units
w odróżnieniu od;na rozdíl od;in contrast to/unlike;core4000 C1_Academic_Verbs_and_Formal_Expressions
redaktor naczelny;šéfredaktor;editor-in-chief;core4000 C1_01_10_All_Units
dobrobyt;blahobyt;well-being/prosperity;core4000 C1_Specialized_and_Nuanced_Vocabulary
pewność siebie;sebevědomí;self-confidence;core4000 C1_Specialized_and_Nuanced_Vocabulary
reportaż;reportáž;reportage;core4000 C1_01_10_All_Units
przynależność;sounáležitost;belonging;core4000 C1_Specialized_and_Nuanced_Vocabulary
fakty vs fikcja;fakta vs fikce;facts vs fiction;core4000 C1_01_10_All_Units
wyrozumiałość/pobłażliwość;shovívavost;leniency;core4000 C1_Specialized_and_Nuanced_Vocabulary
nieskazitelność;bezúhonnost;integrity/impeccability;core4000 C1_Specialized_and_Nuanced_Vocabulary
ekskluzywna informacja;exkluzivní zpráva;exclusive/scoop;core4000 C1_01_10_All_Units
bezinteresowność;nezištnost;selflessness;core4000 C1_Specialized_and_Nuanced_Vocabulary
pokora;pokora;humility;core4000 C1_Specialized_and_Nuanced_Vocabulary
urbanistyka;urbanismus;urbanism;core4000 C1_01_10_All_Units
gotyk/barok/secesja;gotika/baroko/secese;Gothic/Baroque/Art Nouveau;core4000 C1_01_10_All_Units
filar;pilíř;pillar;core4000 C1_01_10_All_Units
sklepienie;klenba;vault/arch;core4000 C1_01_10_All_Units
sarkazm;sarkasmus;sarcasm;core4000 C1_01_10_All_Units
gra słów;slovní hříčka;pun/wordplay;core4000 C1_01_10_All_Units
dwuznaczność;dvojsmysl;ambiguity;core4000 C1_01_10_All_Units
przesada/hiperbola;nadsázka;exaggeration/hyperbole;core4000 C1_01_10_All_Units
niedopowiedzenie;understatement;understatement;core4000 C1_01_10_All_Units
metodologia;metodologie;methodology;core4000 C1_01_10_All_Units
korelacja;korelace;correlation;core4000 C1_01_10_All_Units
dyskurs;diskurz;discourse;core4000 C1_01_10_All_Units
metafora;metafora;metaphor;core4000 C1_01_10_All_Units
analogia;analogie;analogy;core4000 C1_01_10_All_Units
argumentacja;argumentace;argumentation;core4000 C1_01_10_All_Units
perswazja;přesvědčování;persuasion;core4000 C1_01_10_All_Units
argument sofistyczny;falešný argument;fallacy;core4000 C1_01_10_All_Units
