ты;ty;you (sg);core500 A1_Core_200_Most_Frequent_Words
он;on;he;core500 A1_Core_200_Most_Frequent_Words
она;ona;she;core500 A1_Core_200_Most_Frequent_Words
оно/это;ono/to;it;core500 A1_Core_200_Most_Frequent_Words
мы;my;we;core500 A1_Core_200_Most_Frequent_Words
вы;vy;you (pl);core500 A1_Core_200_Most_Frequent_Words
они;oni;they;core500 A1_Core_200_Most_Frequent_Words
тот/та/то;ten/ta/to;this/that/the;core500 A1_Core_200_Most_Frequent_Words
этот;tento;this;core500 A1_Core_200_Most_Frequent_Words
тот;tamten;that;core500 A1_Core_200_Most_Frequent_Words
кто;kdo;who;core500 A1_Core_200_Most_Frequent_Words
что;co;what;core500 A1_Core_200_Most_Frequent_Words
который;který;which;core500 A1_Core_200_Most_Frequent_Words
всё;všechno;everything;core500 A1_Core_200_Most_Frequent_Words
ничего;nic;nothing;core500 A1_Core_200_Most_Frequent_Words
кто-то;někdo;someone;core500 A1_Core_200_Most_Frequent_Words
никто;nikdo;nobody;core500 A1_Core_200_Most_Frequent_Words
что-то;něco;something;core500 A1_Core_200_Most_Frequent_Words
каждый;každý;every/each;core500 A1_Core_200_Most_Frequent_Words
другой;jiný/další;other/another;core500 A1_Core_200_Most_Frequent_Words
такой же;stejný;same;core500 A1_Core_200_Most_Frequent_Words
сам/сама;sám/sama;self;core500 A1_Core_200_Most_Frequent_Words
свой;svůj;one's own;core500 A1_Core_200_Most_Frequent_Words
такой;takový;such;core500 A1_Core_200_Most_Frequent_Words
быть;být;to be;core500 A1_Core_200_Most_Frequent_Words
иметь;mít;to have;core500 A1_Core_200_Most_Frequent_Words
делать;dělat;to do/make;core500 A1_Core_200_Most_Frequent_Words
сказать/говорить;říci/říkat;to say;core500 A1_Core_200_Most_Frequent_Words
идти;jít;to go;core500 A1_Core_200_Most_Frequent_Words
мочь;moci/moct;can/to be able;core500 A1_Core_200_Most_Frequent_Words
знать;vědět;to know;core500 A1_Core_200_Most_Frequent_Words
хотеть;chtít;to want;core500 A1_Core_200_Most_Frequent_Words
видеть;vidět;to see;core500 A1_Core_200_Most_Frequent_Words
дать;dát;to give;core500 A1_Core_200_Most_Frequent_Words
взять;vzít;to take;core500 A1_Core_200_Most_Frequent_Words
прийти;přijít;to come;core500 A1_Core_200_Most_Frequent_Words
думать;myslet;to think;core500 A1_Core_200_Most_Frequent_Words
получить;dostat;to get/receive;core500 A1_Core_200_Most_Frequent_Words
найти;najít;to find;core500 A1_Core_200_Most_Frequent_Words
писать;psát;to write;core500 A1_Core_200_Most_Frequent_Words
читать;číst;to read;core500 A1_Core_200_Most_Frequent_Words
говорить;mluvit;to speak;core500 A1_Core_200_Most_Frequent_Words
жить;žít;to live;core500 A1_Core_200_Most_Frequent_Words
стоять;stát;to stand;core500 A1_Core_200_Most_Frequent_Words
сидеть;sedět;to sit;core500 A1_Core_200_Most_Frequent_Words
есть;jíst;to eat;core500 A1_Core_200_Most_Frequent_Words
пить;pít;to drink;core500 A1_Core_200_Most_Frequent_Words
спать;spát;to sleep;core500 A1_Core_200_Most_Frequent_Words
умереть;umřít/zemřít;to die;core500 A1_Core_200_Most_Frequent_Words
родиться;narodit se;to be born;core500 A1_Core_200_Most_Frequent_Words
любить;milovat;to love;core500 A1_Core_200_Most_Frequent_Words
работать;pracovat;to work;core500 A1_Core_200_Most_Frequent_Words
играть;hrát;to play;core500 A1_Core_200_Most_Frequent_Words
купить;koupit;to buy;core500 A1_Core_200_Most_Frequent_Words
заплатить;zaplatit;to pay;core500 A1_Core_200_Most_Frequent_Words
спрашивать;ptát se;to ask;core500 A1_Core_200_Most_Frequent_Words
ответить;odpovědět;to answer;core500 A1_Core_200_Most_Frequent_Words
начать;začít;to begin;core500 A1_Core_200_Most_Frequent_Words
закончить;skončit;to end/finish;core500 A1_Core_200_Most_Frequent_Words
хороший/добрый;dobrý;good;core500 A1_Core_200_Most_Frequent_Words
плохой;špatný/zlý;bad;core500 A1_Core_200_Most_Frequent_Words
большой;velký;big;core500 A1_Core_200_Most_Frequent_Words
маленький;malý;small;core500 A1_Core_200_Most_Frequent_Words
новый;nový;new;core500 A1_Core_200_Most_Frequent_Words
старый;starý;old;core500 A1_Core_200_Most_Frequent_Words
длинный/долгий;dlouhý;long;core500 A1_Core_200_Most_Frequent_Words
короткий;krátký;short;core500 A1_Core_200_Most_Frequent_Words
первый;první;first;core500 A1_Core_200_Most_Frequent_Words
последний;poslední;last;core500 A1_Core_200_Most_Frequent_Words
правый/правильный;pravý;right/correct;core500 A1_Core_200_Most_Frequent_Words
левый;levý;left;core500 A1_Core_200_Most_Frequent_Words
целый/весь;celý;whole/entire;core500 A1_Core_200_Most_Frequent_Words
важный;důležitý;important;core500 A1_Core_200_Most_Frequent_Words
возможный;možný;possible;core500 A1_Core_200_Most_Frequent_Words
нужный/необходимый;nutný/potřebný;necessary;core500 A1_Core_200_Most_Frequent_Words
тяжёлый/трудный;těžký;heavy/difficult;core500 A1_Core_200_Most_Frequent_Words
лёгкий;lehký/snadný;light/easy;core500 A1_Core_200_Most_Frequent_Words
быстрый;rychlý;fast;core500 A1_Core_200_Most_Frequent_Words
медленный;pomalý;slow;core500 A1_Core_200_Most_Frequent_Words
тихий;tichý;quiet;core500 A1_Core_200_Most_Frequent_Words
громкий;hlasitý;loud;core500 A1_Core_200_Most_Frequent_Words
полный;plný;full;core500 A1_Core_200_Most_Frequent_Words
пустой;prázdný;empty;core500 A1_Core_200_Most_Frequent_Words
открытый;otevřený;open;core500 A1_Core_200_Most_Frequent_Words
закрытый;zavřený;closed;core500 A1_Core_200_Most_Frequent_Words
живой;živý;alive;core500 A1_Core_200_Most_Frequent_Words
мёртвый;mrtvý;dead;core500 A1_Core_200_Most_Frequent_Words
свободный;volný;free;core500 A1_Core_200_Most_Frequent_Words
где;kde;where;core500 A1_Core_200_Most_Frequent_Words
когда;kdy;when;core500 A1_Core_200_Most_Frequent_Words
как;jak;how;core500 A1_Core_200_Most_Frequent_Words
почему;proč;why;core500 A1_Core_200_Most_Frequent_Words
сколько;kolik;how much/many;core500 A1_Core_200_Most_Frequent_Words
да;ano/jo;yes;core500 A1_Core_200_Most_Frequent_Words
нет;ne;no;core500 A1_Core_200_Most_Frequent_Words
тут/здесь;tady/zde;here;core500 A1_Core_200_Most_Frequent_Words
там;tam;there;core500 A1_Core_200_Most_Frequent_Words
сейчас/теперь;teď/nyní;now;core500 A1_Core_200_Most_Frequent_Words
потом;potom/pak;then/after;core500 A1_Core_200_Most_Frequent_Words
ещё;ještě;still/yet;core500 A1_Core_200_Most_Frequent_Words
уже;už/již;already;core500 A1_Core_200_Most_Frequent_Words
всегда;vždy/vždycky;always;core500 A1_Core_200_Most_Frequent_Words
никогда;nikdy;never;core500 A1_Core_200_Most_Frequent_Words
иногда;někdy;sometimes;core500 A1_Core_200_Most_Frequent_Words
часто;často;often;core500 A1_Core_200_Most_Frequent_Words
редко;málokdy/zřídka;rarely;core500 A1_Core_200_Most_Frequent_Words
очень;velmi/moc;very;core500 A1_Core_200_Most_Frequent_Words
тоже/также;taky/také;also/too;core500 A1_Core_200_Most_Frequent_Words
только;jen/jenom;only;core500 A1_Core_200_Most_Frequent_Words
может быть;asi/možná;maybe/perhaps;core500 A1_Core_200_Most_Frequent_Words
действительно;opravdu/skutečně;really;core500 A1_Core_200_Most_Frequent_Words
конечно;samozřejmě;of course;core500 A1_Core_200_Most_Frequent_Words
к сожалению;bohužel;unfortunately;core500 A1_Core_200_Most_Frequent_Words
к счастью;naštěstí;fortunately;core500 A1_Core_200_Most_Frequent_Words
но;ale;but;core500 A1_Core_200_Most_Frequent_Words
или;nebo;or;core500 A1_Core_200_Most_Frequent_Words
потому что;protože;because;core500 A1_Core_200_Most_Frequent_Words
если;jestli/pokud;if;core500 A1_Core_200_Most_Frequent_Words
когда;když;when (conj);core500 A1_Core_200_Most_Frequent_Words
что;že;that (conj);core500 A1_Core_200_Most_Frequent_Words
чтобы;aby/žeby;in order to;core500 A1_Core_200_Most_Frequent_Words
хотя;ačkoli/i když;although;core500 A1_Core_200_Most_Frequent_Words
чем;než;than;core500 A1_Core_200_Most_Frequent_Words
как;jako;as/like;core500 A1_Core_200_Most_Frequent_Words
даже;dokonce;even;core500 A1_Core_200_Most_Frequent_Words
тем не менее;přesto;nevertheless;core500 A1_Core_200_Most_Frequent_Words
поэтому;proto;therefore;core500 A1_Core_200_Most_Frequent_Words
время;čas;time;core500 A1_Core_200_Most_Frequent_Words
год;rok;year;core500 A1_Core_200_Most_Frequent_Words
день;den;day;core500 A1_Core_200_Most_Frequent_Words
час;hodina;hour;core500 A1_Core_200_Most_Frequent_Words
минута;minuta;minute;core500 A1_Core_200_Most_Frequent_Words
мир/свет;svět;world;core500 A1_Core_200_Most_Frequent_Words
земля/страна;země;land/country;core500 A1_Core_200_Most_Frequent_Words
жизнь;život;life;core500 A1_Core_200_Most_Frequent_Words
смерть;smrt;death;core500 A1_Core_200_Most_Frequent_Words
человек;člověk;person/human;core500 A1_Core_200_Most_Frequent_Words
женщина;žena;woman;core500 A1_Core_200_Most_Frequent_Words
мужчина;muž;man;core500 A1_Core_200_Most_Frequent_Words
ребёнок;dítě;child;core500 A1_Core_200_Most_Frequent_Words
вещь;věc;thing;core500 A1_Core_200_Most_Frequent_Words
место;místo;place;core500 A1_Core_200_Most_Frequent_Words
дорога/путь;cesta;way/road;core500 A1_Core_200_Most_Frequent_Words
работа;práce;work;core500 A1_Core_200_Most_Frequent_Words
слово;slovo;word;core500 A1_Core_200_Most_Frequent_Words
вопрос;otázka;question;core500 A1_Core_200_Most_Frequent_Words
ответ;odpověď;answer;core500 A1_Core_200_Most_Frequent_Words
история/рассказ;příběh;story;core500 A1_Core_200_Most_Frequent_Words
сторона/страница;strana;side/page;core500 A1_Core_200_Most_Frequent_Words
рука;ruka;hand;core500 A1_Core_200_Most_Frequent_Words
глаз;oko;eye;core500 A1_Core_200_Most_Frequent_Words
лицо;tvář/obličej;face;core500 A1_Core_200_Most_Frequent_Words
сердце;srdce;heart;core500 A1_Core_200_Most_Frequent_Words
дом;dům;house;core500 A1_Core_200_Most_Frequent_Words
город;město;city;core500 A1_Core_200_Most_Frequent_Words
вода;voda;water;core500 A1_Core_200_Most_Frequent_Words
еда;jídlo;food;core500 A1_Core_200_Most_Frequent_Words
деньги;peníze;money;core500 A1_Core_200_Most_Frequent_Words
книга;kniha;book;core500 A1_Core_200_Most_Frequent_Words
письмо/сообщение;dopis/zpráva;letter/message;core500 A1_Core_200_Most_Frequent_Words
школа;škola;school;core500 A1_Core_200_Most_Frequent_Words
проблема;problém;problem;core500 A1_Core_200_Most_Frequent_Words
закон;zákon;law;core500 A1_Core_200_Most_Frequent_Words
сила;síla;force/strength;core500 A1_Core_200_Most_Frequent_Words
правда;pravda;truth;core500 A1_Core_200_Most_Frequent_Words
на;na;on;core500 A1_Core_200_Most_Frequent_Words
из;z/ze;from/out of;core500 A1_Core_200_Most_Frequent_Words
в/до;do;to/into;core500 A1_Core_200_Most_Frequent_Words
с/со;s/se;with;core500 A1_Core_200_Most_Frequent_Words
без;bez;without;core500 A1_Core_200_Most_Frequent_Words
для/за;pro/za;for;core500 A1_Core_200_Most_Frequent_Words
от;od;from;core500 A1_Core_200_Most_Frequent_Words
по;po;after/along;core500 A1_Core_200_Most_Frequent_Words
перед;před;before/in front;core500 A1_Core_200_Most_Frequent_Words
за;za;behind/for;core500 A1_Core_200_Most_Frequent_Words
между;mezi;between;core500 A1_Core_200_Most_Frequent_Words
над;nad;above;core500 A1_Core_200_Most_Frequent_Words
под;pod;under;core500 A1_Core_200_Most_Frequent_Words
рядом;vedle;next to;core500 A1_Core_200_Most_Frequent_Words
вокруг;kolem;around;core500 A1_Core_200_Most_Frequent_Words
через;skrz/přes;through;core500 A1_Core_200_Most_Frequent_Words
во время;během;during;core500 A1_Core_200_Most_Frequent_Words
по/согласно;podle;according to;core500 A1_Core_200_Most_Frequent_Words
из-за;kvůli;because of;core500 A1_Core_200_Most_Frequent_Words
кроме;kromě;except/besides;core500 A1_Core_200_Most_Frequent_Words
против;proti;against;core500 A1_Core_200_Most_Frequent_Words
пожалуйста;prosím;please;core500 A1_Core_200_Most_Frequent_Words
спасибо;děkuji;thank you;core500 A1_Core_200_Most_Frequent_Words
извините;promiňte;sorry/excuse me;core500 A1_Core_200_Most_Frequent_Words
ходить;chodit;to go (habitually);core500 B1_Core_Verbs_Top_100
ехать;jet;to go (by vehicle);core500 B1_Core_Verbs_Top_100
ездить;jezdit;to go by vehicle (hab.);core500 B1_Core_Verbs_Top_100
бежать/бегать;běžet;to run;core500 B1_Core_Verbs_Top_100
лететь/летать;letět;to fly;core500 B1_Core_Verbs_Top_100
плавать;plavat;to swim;core500 B1_Core_Verbs_Top_100
нести/носить;nést;to carry;core500 B1_Core_Verbs_Top_100
вернуться;vrátit se;to return;core500 B1_Core_Verbs_Top_100
встать;vstát;to stand up;core500 B1_Core_Verbs_Top_100
сказать/говорить;říkat/říci;to say;core500 B1_Core_Verbs_Top_100
объяснить;vysvětlit;to explain;core500 B1_Core_Verbs_Top_100
понимать;rozumět;to understand;core500 B1_Core_Verbs_Top_100
соглашаться;souhlasit;to agree;core500 B1_Core_Verbs_Top_100
не соглашаться;nesouhlasit;to disagree;core500 B1_Core_Verbs_Top_100
обещать;slíbit;to promise;core500 B1_Core_Verbs_Top_100
жаловаться;stěžovat si;to complain;core500 B1_Core_Verbs_Top_100
знать;znát;to know (person/thing);core500 B1_Core_Verbs_Top_100
помнить;pamatovat si;to remember;core500 B1_Core_Verbs_Top_100
забыть;zapomenout;to forget;core500 B1_Core_Verbs_Top_100
учиться;učit se;to learn;core500 B1_Core_Verbs_Top_100
учить/преподавать;učit;to teach;core500 B1_Core_Verbs_Top_100
решить;rozhodnout se;to decide;core500 B1_Core_Verbs_Top_100
верить;věřit;to believe;core500 B1_Core_Verbs_Top_100
сомневаться;pochybovat;to doubt;core500 B1_Core_Verbs_Top_100
менять/изменить;měnit/změnit;to change;core500 B1_Core_Verbs_Top_100
улучшить;zlepšit;to improve;core500 B1_Core_Verbs_Top_100
ухудшить;zhoršit;to worsen;core500 B1_Core_Verbs_Top_100
попробовать;zkusit/vyzkoušet;to try;core500 B1_Core_Verbs_Top_100
нуждаться;potřebovat;to need;core500 B1_Core_Verbs_Top_100
чувствовать;cítit;to feel;core500 B1_Core_Verbs_Top_100
нравиться;líbit se;to like/appeal;core500 B1_Core_Verbs_Top_100
ненавидеть;nenávidět;to hate;core500 B1_Core_Verbs_Top_100
бояться;bát se;to be afraid;core500 B1_Core_Verbs_Top_100
радоваться;těšit se;to look forward to;core500 B1_Core_Verbs_Top_100
стыдиться;stydět se;to be ashamed;core500 B1_Core_Verbs_Top_100
завидовать;závidět;to envy;core500 B1_Core_Verbs_Top_100
удивить;překvapit;to surprise;core500 B1_Core_Verbs_Top_100
скучать;nudit se;to be bored;core500 B1_Core_Verbs_Top_100
помогать/помочь;pomáhat/pomoci;to help;core500 B1_Core_Verbs_Top_100
послать;poslat;to send;core500 B1_Core_Verbs_Top_100
ждать;čekat;to wait;core500 B1_Core_Verbs_Top_100
искать;hledat;to search;core500 B1_Core_Verbs_Top_100
показать;ukázat;to show;core500 B1_Core_Verbs_Top_100
спрятать;schovit/schovat;to hide;core500 B1_Core_Verbs_Top_100
существовать;existovat;to exist;core500 B1_Core_Verbs_Top_100
стать/случиться;stát se;to become/happen;core500 B1_Core_Verbs_Top_100
принадлежать;patřit;to belong;core500 B1_Core_Verbs_Top_100
зависеть;záviset;to depend;core500 B1_Core_Verbs_Top_100
содержать;obsahovat;to contain;core500 B1_Core_Verbs_Top_100
значить/означать;znamenat;to mean;core500 B1_Core_Verbs_Top_100
казаться;zdát se;to seem;core500 B1_Core_Verbs_Top_100
стоить;stát (za);to cost;core500 B1_Core_Verbs_Top_100
слышать;slyšet;to hear;core500 B1_Core_Verbs_Top_100
смотреть;dívat se;to look/watch;core500 B1_Core_Verbs_Top_100
слушать;poslouchat;to listen;core500 B1_Core_Verbs_Top_100
чувствовать (запах);cítit (vůni);to smell;core500 B1_Core_Verbs_Top_100
коснуться;dotknout se;to touch;core500 B1_Core_Verbs_Top_100
лежать;ležet;to lie (down);core500 B1_Core_Verbs_Top_100
открыть;otevřít;to open;core500 B1_Core_Verbs_Top_100
закрыть;zavřít;to close;core500 B1_Core_Verbs_Top_100
включить;zapnout;to turn on;core500 B1_Core_Verbs_Top_100
выключить;vypnout;to turn off;core500 B1_Core_Verbs_Top_100
помыть;umýt;to wash;core500 B1_Core_Verbs_Top_100
одеть(ся);obléct (se);to dress;core500 B1_Core_Verbs_Top_100
раздеть(ся);svléct (se);to undress;core500 B1_Core_Verbs_Top_100
позволить;dovolit;to allow;core500 B1_Core_Verbs_Top_100
запретить;zakázat;to forbid;core500 B1_Core_Verbs_Top_100
предложить;navrhnout;to suggest;core500 B1_Core_Verbs_Top_100
сравнить;porovnat;to compare;core500 B1_Core_Verbs_Top_100
предполагать;předpokládat;to assume;core500 B1_Core_Verbs_Top_100
поддержать;podpořit;to support;core500 B1_Core_Verbs_Top_100
создать;vytvořit;to create;core500 B1_Core_Verbs_Top_100
уничтожить;zničit;to destroy;core500 B1_Core_Verbs_Top_100
выиграть;vyhrát;to win;core500 B1_Core_Verbs_Top_100
проиграть;prohrát;to lose;core500 B1_Core_Verbs_Top_100
привет;ahoj;hello/hi;core500 A1_01_Greetings_and_Introductions
ноль;nula;zero;core500 A1_02_Numbers_and_Time
мать/мама;matka/máma;mother/mom;core500 A1_03_Family_and_People
хлеб;chléb/chleba;bread;core500 A1_05_Food_and_Drink
вставать;vstávat;to get up;core500 A1_06_Daily_Routine
добрый день;dobrý den;good day;core500 A1_01_Greetings_and_Introductions
квартира;byt;apartment/flat;core500 A1_04_Home_and_Living
один;jeden;one;core500 A1_02_Numbers_and_Time
отец/папа;otec/táta;father/dad;core500 A1_03_Family_and_People
улица;ulice;street;core500 A1_07_10_City_Shopping_Weather_Hobbies
масло;máslo;butter;core500 A1_05_Food_and_Drink
мыться;umýt se;to wash oneself;core500 A1_06_Daily_Routine
доброе утро;dobré ráno;good morning;core500 A1_01_Greetings_and_Introductions
комната;pokoj;room;core500 A1_04_Home_and_Living
два;dva;two;core500 A1_02_Numbers_and_Time
сын;syn;son;core500 A1_03_Family_and_People
площадь;náměstí;square;core500 A1_07_10_City_Shopping_Weather_Hobbies
сыр;sýr;cheese;core500 A1_05_Food_and_Drink
чистить зубы;čistit si zuby;brush teeth;core500 A1_06_Daily_Routine
добрый вечер;dobrý večer;good evening;core500 A1_01_Greetings_and_Introductions
кухня;kuchyně;kitchen;core500 A1_04_Home_and_Living
три;tři;three;core500 A1_02_Numbers_and_Time
дочь;dcera;daughter;core500 A1_03_Family_and_People
мост;most;bridge;core500 A1_07_10_City_Shopping_Weather_Hobbies
мясо;maso;meat;core500 A1_05_Food_and_Drink
одеваться;oblékat se;to get dressed;core500 A1_06_Daily_Routine
спокойной ночи;dobrou noc;good night;core500 A1_01_Greetings_and_Introductions
ванная;koupelna;bathroom;core500 A1_04_Home_and_Living
четыре;čtyři;four;core500 A1_02_Numbers_and_Time
брат;bratr;brother;core500 A1_03_Family_and_People
церковь;kostel;church;core500 A1_07_10_City_Shopping_Weather_Hobbies
рыба;ryba;fish;core500 A1_05_Food_and_Drink
завтракать;snídat;to have breakfast;core500 A1_06_Daily_Routine
до свидания;na shledanou;goodbye;core500 A1_01_Greetings_and_Introductions
спальня;ložnice;bedroom;core500 A1_04_Home_and_Living
пять;pět;five;core500 A1_02_Numbers_and_Time
сестра;sestra;sister;core500 A1_03_Family_and_People
больница;nemocnice;hospital;core500 A1_07_10_City_Shopping_Weather_Hobbies
курица;kuře/kuřecí;chicken;core500 A1_05_Food_and_Drink
идти на работу;jít do práce;go to work;core500 A1_06_Daily_Routine
пока;čau/čus;bye;core500 A1_01_Greetings_and_Introductions
гостиная;obývací pokoj;living room;core500 A1_04_Home_and_Living
шесть;šest;six;core500 A1_02_Numbers_and_Time
бабушка;babička;grandmother;core500 A1_03_Family_and_People
яйцо;vejce;egg;core500 A1_05_Food_and_Drink
туалет;záchod/toaleta;toilet;core500 A1_04_Home_and_Living
семь;sedm;seven;core500 A1_02_Numbers_and_Time
дедушка;dědeček;grandfather;core500 A1_03_Family_and_People
магазин;obchod;shop;core500 A1_07_10_City_Shopping_Weather_Hobbies
молоко;mléko;milk;core500 A1_05_Food_and_Drink
обедать;obědvat;to have lunch;core500 A1_06_Daily_Routine
сад;zahrada;garden;core500 A1_04_Home_and_Living
восемь;osm;eight;core500 A1_02_Numbers_and_Time
муж;manžel;husband;core500 A1_03_Family_and_People
ресторан;restaurace;restaurant;core500 A1_07_10_City_Shopping_Weather_Hobbies
рис;rýže;rice;core500 A1_05_Food_and_Drink
возвращаться;vracet se;to come back;core500 A1_06_Daily_Routine
гараж;garáž;garage;core500 A1_04_Home_and_Living
девять;devět;nine;core500 A1_02_Numbers_and_Time
жена;manželka;wife;core500 A1_03_Family_and_People
вокзал;nádraží;train station;core500 A1_07_10_City_Shopping_Weather_Hobbies
картошка/картофель;brambory;potato;core500 A1_05_Food_and_Drink
готовить;vařit;to cook;core500 A1_06_Daily_Routine
подвал;sklep;cellar;core500 A1_04_Home_and_Living
десять;deset;ten;core500 A1_02_Numbers_and_Time
дядя;strýc;uncle;core500 A1_03_Family_and_People
налево;vlevo;left;core500 A1_07_10_City_Shopping_Weather_Hobbies
лук;cibule;onion;core500 A1_05_Food_and_Drink
ужинать;večeřet;to have dinner;core500 A1_06_Daily_Routine
чердак;podkroví;attic;core500 A1_04_Home_and_Living
одиннадцать;jedenáct;eleven;core500 A1_02_Numbers_and_Time
тётя;teta;aunt;core500 A1_03_Family_and_People
направо;vpravo;right;core500 A1_07_10_City_Shopping_Weather_Hobbies
чеснок;česnek;garlic;core500 A1_05_Food_and_Drink
хорошо;dobře;good/fine;core500 A1_01_Greetings_and_Introductions
лестница;schodiště;stairs;core500 A1_04_Home_and_Living
двенадцать;dvanáct;twelve;core500 A1_02_Numbers_and_Time
двоюродный брат;bratranec;cousin (m);core500 A1_03_Family_and_People
прямо;rovně/přímo;straight;core500 A1_07_10_City_Shopping_Weather_Hobbies
помидор;rajče;tomato;core500 A1_05_Food_and_Drink
добро пожаловать;vítejte;welcome;core500 A1_01_Greetings_and_Introductions
этаж;patro/poschodí;floor/story;core500 A1_04_Home_and_Living
тринадцать;třináct;thirteen;core500 A1_02_Numbers_and_Time
двоюродная сестра;sestřenice;cousin (f);core500 A1_03_Family_and_People
близко;blízko;near;core500 A1_07_10_City_Shopping_Weather_Hobbies
яблоко;jablko;apple;core500 A1_05_Food_and_Drink
потолок;strop;ceiling;core500 A1_04_Home_and_Living
четырнадцать;čtrnáct;fourteen;core500 A1_02_Numbers_and_Time
внук;vnuk;grandson;core500 A1_03_Family_and_People
далеко;daleko;far;core500 A1_07_10_City_Shopping_Weather_Hobbies
суп;polévka;soup;core500 A1_05_Food_and_Drink
утром;ráno;in the morning;core500 A1_06_Daily_Routine
пол;podlaha;floor;core500 A1_04_Home_and_Living
пятнадцать;patnáct;fifteen;core500 A1_02_Numbers_and_Time
внучка;vnučka;granddaughter;core500 A1_03_Family_and_People
покупать;kupovat;to buy;core500 A1_07_10_City_Shopping_Weather_Hobbies
до обеда;dopoledne;before noon;core500 A1_06_Daily_Routine
приятно познакомиться;rád(a) tě poznávám;nice to meet you;core500 A1_01_Greetings_and_Introductions
стена;stěna/zeď;wall;core500 A1_04_Home_and_Living
шестнадцать;šestnáct;sixteen;core500 A1_02_Numbers_and_Time
тесть/свёкор;tchán;father-in-law;core500 A1_03_Family_and_People
продавать;prodávat;to sell;core500 A1_07_10_City_Shopping_Weather_Hobbies
чай;čaj;tea;core500 A1_05_Food_and_Drink
в полдень;v poledne;at noon;core500 A1_06_Daily_Routine
я понимаю;rozumím;I understand;core500 A1_01_Greetings_and_Introductions
окно;okno;window;core500 A1_04_Home_and_Living
семнадцать;sedmnáct;seventeen;core500 A1_02_Numbers_and_Time
тёща/свекровь;tchyně;mother-in-law;core500 A1_03_Family_and_People
платить;platit;to pay;core500 A1_07_10_City_Shopping_Weather_Hobbies
кофе;káva;coffee;core500 A1_05_Food_and_Drink
после обеда;odpoledne;in the afternoon;core500 A1_06_Daily_Routine
я не понимаю;nerozumím;I don't understand;core500 A1_01_Greetings_and_Introductions
дверь;dveře;door;core500 A1_04_Home_and_Living
восемнадцать;osmnáct;eighteen;core500 A1_02_Numbers_and_Time
пиво;pivo;beer;core500 A1_05_Food_and_Drink
вечером;večer;in the evening;core500 A1_06_Daily_Routine
я не знаю;nevím;I don't know;core500 A1_01_Greetings_and_Introductions
крыша;střecha;roof;core500 A1_04_Home_and_Living
девятнадцать;devatenáct;nineteen;core500 A1_02_Numbers_and_Time
цена;cena;price;core500 A1_07_10_City_Shopping_Weather_Hobbies
вино;víno;wine;core500 A1_05_Food_and_Drink
ночью;v noci;at night;core500 A1_06_Daily_Routine
стол;stůl;table;core500 A1_04_Home_and_Living
двадцать;dvacet;twenty;core500 A1_02_Numbers_and_Time
дешёвый;levný;cheap;core500 A1_07_10_City_Shopping_Weather_Hobbies
сок;džus/šťáva;juice;core500 A1_05_Food_and_Drink
стул;židle;chair;core500 A1_04_Home_and_Living
тридцать;třicet;thirty;core500 A1_02_Numbers_and_Time
дорогой;drahý;expensive;core500 A1_07_10_City_Shopping_Weather_Hobbies
кровать;postel;bed;core500 A1_04_Home_and_Living
сорок;čtyřicet;forty;core500 A1_02_Numbers_and_Time
скидка;sleva;discount;core500 A1_07_10_City_Shopping_Weather_Hobbies
завтрак;snídaně;breakfast;core500 A1_05_Food_and_Drink
шкаф;skříň;wardrobe;core500 A1_04_Home_and_Living
пятьдесят;padesát;fifty;core500 A1_02_Numbers_and_Time
мальчик/парень;chlapec/kluk;boy;core500 A1_03_Family_and_People
размер;velikost;size;core500 A1_07_10_City_Shopping_Weather_Hobbies
обед;oběd;lunch;core500 A1_05_Food_and_Drink
полка;police/regál;shelf;core500 A1_04_Home_and_Living
шестьдесят;šedesát;sixty;core500 A1_02_Numbers_and_Time
девушка/девочка;dívka/holka;girl;core500 A1_03_Family_and_People
белый;bílý;white;core500 A1_07_10_City_Shopping_Weather_Hobbies
ужин;večeře;dinner;core500 A1_05_Food_and_Drink
лампа;lampa;lamp;core500 A1_04_Home_and_Living
семьдесят;sedmdesát;seventy;core500 A1_02_Numbers_and_Time
друг;přítel/kamarád;friend;core500 A1_03_Family_and_People
чёрный;černý;black;core500 A1_07_10_City_Shopping_Weather_Hobbies
меню;jídelní lístek;menu;core500 A1_05_Food_and_Drink
зеркало;zrcadlo;mirror;core500 A1_04_Home_and_Living
восемьдесят;osmdesát;eighty;core500 A1_02_Numbers_and_Time
сосед;soused;neighbor;core500 A1_03_Family_and_People
красный;červený;red;core500 A1_07_10_City_Shopping_Weather_Hobbies
заказ;objednávka;order;core500 A1_05_Food_and_Drink
ковёр;koberec;carpet;core500 A1_04_Home_and_Living
девяносто;devadesát;ninety;core500 A1_02_Numbers_and_Time
синий/голубой;modrý;blue;core500 A1_07_10_City_Shopping_Weather_Hobbies
счёт;účet;bill;core500 A1_05_Food_and_Drink
диван;gauč/pohovka;sofa/couch;core500 A1_04_Home_and_Living
сто;sto;hundred;core500 A1_02_Numbers_and_Time
молодой;mladý;young;core500 A1_03_Family_and_People
зелёный;zelený;green;core500 A1_07_10_City_Shopping_Weather_Hobbies
официант;číšník;waiter;core500 A1_05_Food_and_Drink
холодильник;lednice/lednička;fridge;core500 A1_04_Home_and_Living
понедельник;pondělí;Monday;core500 A1_02_Numbers_and_Time
жёлтый;žlutý;yellow;core500 A1_07_10_City_Shopping_Weather_Hobbies
столовые приборы;příbor;cutlery;core500 A1_05_Food_and_Drink
вторник;úterý;Tuesday;core500 A1_02_Numbers_and_Time
коричневый;hnědý;brown;core500 A1_07_10_City_Shopping_Weather_Hobbies
тарелка;talíř;plate;core500 A1_05_Food_and_Drink
среда;středa;Wednesday;core500 A1_02_Numbers_and_Time
высокий;vysoký;tall;core500 A1_03_Family_and_People
серый;šedý;grey;core500 A1_07_10_City_Shopping_Weather_Hobbies
стакан;sklenice;glass;core500 A1_05_Food_and_Drink
четверг;čtvrtek;Thursday;core500 A1_02_Numbers_and_Time
красивый;krásný;beautiful;core500 A1_03_Family_and_People
розовый;růžový;pink;core500 A1_07_10_City_Shopping_Weather_Hobbies
ложка;lžíce;spoon;core500 A1_05_Food_and_Drink
пятница;pátek;Friday;core500 A1_02_Numbers_and_Time
милый;milý;nice/dear;core500 A1_03_Family_and_People
оранжевый;oranžový;orange;core500 A1_07_10_City_Shopping_Weather_Hobbies
нож;nůž;knife;core500 A1_05_Food_and_Drink
суббота;sobota;Saturday;core500 A1_02_Numbers_and_Time
умный;chytrý;clever;core500 A1_03_Family_and_People
погода;počasí;weather;core500 A1_07_10_City_Shopping_Weather_Hobbies
вилка;vidlička;fork;core500 A1_05_Food_and_Drink
воскресенье;neděle;Sunday;core500 A1_02_Numbers_and_Time
учитель/ница;učitel/ka;teacher;core500 A1_03_Family_and_People
солнце;slunce;sun;core500 A1_07_10_City_Shopping_Weather_Hobbies
сладкий;sladký;sweet;core500 A1_05_Food_and_Drink
январь;leden;January;core500 A1_02_Numbers_and_Time
врач/доктор;lékař/ka;doctor;core500 A1_03_Family_and_People
дождь;déšť;rain;core500 A1_07_10_City_Shopping_Weather_Hobbies
солёный;slaný;salty;core500 A1_05_Food_and_Drink
февраль;únor;February;core500 A1_02_Numbers_and_Time
студент/ка;student/ka;student;core500 A1_03_Family_and_People
снег;sníh;snow;core500 A1_07_10_City_Shopping_Weather_Hobbies
кислый;kyselý;sour;core500 A1_05_Food_and_Drink
март;březen;March;core500 A1_02_Numbers_and_Time
продавец/щица;prodavač/ka;salesperson;core500 A1_03_Family_and_People
ветер;vítr;wind;core500 A1_07_10_City_Shopping_Weather_Hobbies
горький;hořký;bitter;core500 A1_05_Food_and_Drink
апрель;duben;April;core500 A1_02_Numbers_and_Time
водитель;řidič;driver;core500 A1_03_Family_and_People
облако/туча;oblak/mrak;cloud;core500 A1_07_10_City_Shopping_Weather_Hobbies
острый;pálivý/ostrý;spicy/hot;core500 A1_05_Food_and_Drink
май;květen;May;core500 A1_02_Numbers_and_Time
жарко;horko;hot;core500 A1_07_10_City_Shopping_Weather_Hobbies
свежий;čerstvý;fresh;core500 A1_05_Food_and_Drink
июнь;červen;June;core500 A1_02_Numbers_and_Time
холодно;zima (cold);cold;core500 A1_07_10_City_Shopping_Weather_Hobbies
июль;červenec;July;core500 A1_02_Numbers_and_Time
тепло;teplo;warm;core500 A1_07_10_City_Shopping_Weather_Hobbies
август;srpen;August;core500 A1_02_Numbers_and_Time
весна;jaro;spring;core500 A1_07_10_City_Shopping_Weather_Hobbies
сентябрь;září;September;core500 A1_02_Numbers_and_Time
лето;léto;summer;core500 A1_07_10_City_Shopping_Weather_Hobbies
октябрь;říjen;October;core500 A1_02_Numbers_and_Time
осень;podzim;autumn;core500 A1_07_10_City_Shopping_Weather_Hobbies
ноябрь;listopad;November;core500 A1_02_Numbers_and_Time
зима;zima;winter;core500 A1_07_10_City_Shopping_Weather_Hobbies
декабрь;prosinec;December;core500 A1_02_Numbers_and_Time
спорт;sport;sport;core500 A1_07_10_City_Shopping_Weather_Hobbies
Три часа;Je tři hodiny;;core500 A1_02_Numbers_and_Time
футбол;fotbal;football;core500 A1_07_10_City_Shopping_Weather_Hobbies
без четверти;tři čtvrtě na;;core500 A1_02_Numbers_and_Time
плавание;plavání;swimming;core500 A1_07_10_City_Shopping_Weather_Hobbies
бег;běhání;running;core500 A1_07_10_City_Shopping_Weather_Hobbies
музыка;hudba;music;core500 A1_07_10_City_Shopping_Weather_Hobbies
фильм;film;film;core500 A1_07_10_City_Shopping_Weather_Hobbies
путешествие;cestování;traveling;core500 A1_07_10_City_Shopping_Weather_Hobbies
готовка;vaření;cooking;core500 A1_07_10_City_Shopping_Weather_Hobbies
садоводство;zahradničení;gardening;core500 A1_07_10_City_Shopping_Weather_Hobbies
люблю + inf;rád/a + verb;I like to...;core500 A1_07_10_City_Shopping_Weather_Hobbies
надёжный;spolehlivý;reliable;core500 B1_B2_Essential_Adjectives_and_Adverbs
ответственный;zodpovědný;responsible;core500 B1_B2_Essential_Adjectives_and_Adverbs
терпеливый;trpělivý;patient;core500 B1_B2_Essential_Adjectives_and_Adverbs
нетерпеливый;netrpělivý;impatient;core1000 B1_B2_Essential_Adjectives_and_Adverbs
упрямый;tvrdohlavý;stubborn;core1000 B1_B2_Essential_Adjectives_and_Adverbs
честный;poctivý;honest;core1000 B1_B2_Essential_Adjectives_and_Adverbs
любезный/добрый;laskavý;kind;core1000 B1_B2_Essential_Adjectives_and_Adverbs
жестокий;krutý;cruel;core1000 B1_B2_Essential_Adjectives_and_Adverbs
скромный;skromný;modest;core1000 B1_B2_Essential_Adjectives_and_Adverbs
гордый;pyšný/hrdý;proud;core1000 B1_B2_Essential_Adjectives_and_Adverbs
амбициозный;ctižádostivý;ambitious;core1000 B1_B2_Essential_Adjectives_and_Adverbs
любопытный;zvědavý;curious;core1000 B1_B2_Essential_Adjectives_and_Adverbs
щедрый;štědrý;generous;core1000 B1_B2_Essential_Adjectives_and_Adverbs
скупой;lakomý/skoupý;stingy;core1000 B1_B2_Essential_Adjectives_and_Adverbs
общительный;společenský;sociable;core1000 B1_B2_Essential_Adjectives_and_Adverbs
превосходный/отличный;vynikající;excellent;core1000 B1_B2_Essential_Adjectives_and_Adverbs
средний;průměrný;average;core1000 B1_B2_Essential_Adjectives_and_Adverbs
ужасный;příšerný/hrozný;terrible;core1000 B1_B2_Essential_Adjectives_and_Adverbs
удивительный/потрясающий;úžasný;amazing;core1000 B1_B2_Essential_Adjectives_and_Adverbs
обычный;obvyklý;usual/common;core1000 B1_B2_Essential_Adjectives_and_Adverbs
необычный;neobvyklý;unusual;core1000 B1_B2_Essential_Adjectives_and_Adverbs
простой;jednoduchý;simple;core1000 B1_B2_Essential_Adjectives_and_Adverbs
сложный;složitý;complicated;core1000 B1_B2_Essential_Adjectives_and_Adverbs
точный;přesný;precise/exact;core1000 B1_B2_Essential_Adjectives_and_Adverbs
приблизительный;přibližný;approximate;core1000 B1_B2_Essential_Adjectives_and_Adverbs
правильный;správný;correct;core1000 B1_B2_Essential_Adjectives_and_Adverbs
неправильный/ошибочный;chybný/špatný;wrong/incorrect;core1000 B1_B2_Essential_Adjectives_and_Adverbs
эффективный;účinný;effective;core1000 B1_B2_Essential_Adjectives_and_Adverbs
ненужный/лишний;zbytečný;unnecessary;core1000 B1_B2_Essential_Adjectives_and_Adverbs
подходящий;vhodný;suitable;core1000 B1_B2_Essential_Adjectives_and_Adverbs
мокрый;mokrý;wet;core1000 B1_B2_Essential_Adjectives_and_Adverbs
сухой;suchý;dry;core1000 B1_B2_Essential_Adjectives_and_Adverbs
мягкий;měkký;soft;core1000 B1_B2_Essential_Adjectives_and_Adverbs
твёрдый;tvrdý;hard;core1000 B1_B2_Essential_Adjectives_and_Adverbs
гладкий;hladký;smooth;core1000 B1_B2_Essential_Adjectives_and_Adverbs
грубый/шершавый;drsný/hrubý;rough;core1000 B1_B2_Essential_Adjectives_and_Adverbs
острый;ostrý;sharp;core1000 B1_B2_Essential_Adjectives_and_Adverbs
тупой;tupý;blunt/dull;core1000 B1_B2_Essential_Adjectives_and_Adverbs
глубокий;hluboký;deep;core1000 B1_B2_Essential_Adjectives_and_Adverbs
мелкий/неглубокий;mělký;shallow;core1000 B1_B2_Essential_Adjectives_and_Adverbs
широкий;široký;wide;core1000 B1_B2_Essential_Adjectives_and_Adverbs
узкий;úzký;narrow;core1000 B1_B2_Essential_Adjectives_and_Adverbs
густой/плотный;hustý;dense/thick;core1000 B1_B2_Essential_Adjectives_and_Adverbs
редкий;řídký;sparse/thin;core1000 B1_B2_Essential_Adjectives_and_Adverbs
тёмный;tmavý;dark;core1000 B1_B2_Essential_Adjectives_and_Adverbs
светлый;světlý;light/bright;core1000 B1_B2_Essential_Adjectives_and_Adverbs
тёплый;teplý;warm;core1000 B1_B2_Essential_Adjectives_and_Adverbs
прохладный;chladný;cool;core1000 B1_B2_Essential_Adjectives_and_Adverbs
современный/нынешний;současný;current/contemporary;core1000 B1_B2_Essential_Adjectives_and_Adverbs
предыдущий;předchozí/minulý;previous;core1000 B1_B2_Essential_Adjectives_and_Adverbs
следующий;následující/další;next/following;core1000 B1_B2_Essential_Adjectives_and_Adverbs
временный;dočasný;temporary;core1000 B1_B2_Essential_Adjectives_and_Adverbs
постоянный;trvalý/stálý;permanent;core1000 B1_B2_Essential_Adjectives_and_Adverbs
регулярный;pravidelný;regular;core1000 B1_B2_Essential_Adjectives_and_Adverbs
случайный/редкий;občasný;occasional;core1000 B1_B2_Essential_Adjectives_and_Adverbs
немедленный;okamžitý;immediate;core1000 B1_B2_Essential_Adjectives_and_Adverbs
постепенный;postupný;gradual;core1000 B1_B2_Essential_Adjectives_and_Adverbs
внезапный;náhlý;sudden;core1000 B1_B2_Essential_Adjectives_and_Adverbs
полностью/совершенно;zcela/úplně;completely;core1000 B1_B2_Essential_Adjectives_and_Adverbs
почти;téměř/skoro;almost;core1000 B1_B2_Essential_Adjectives_and_Adverbs
едва/с трудом;sotva/stěží;barely/hardly;core1000 B1_B2_Essential_Adjectives_and_Adverbs
особенно;zejména/zvláště;especially;core1000 B1_B2_Essential_Adjectives_and_Adverbs
примерно/около;přibližně/asi;approximately;core1000 B1_B2_Essential_Adjectives_and_Adverbs
абсолютно;naprosto;absolutely;core1000 B1_B2_Essential_Adjectives_and_Adverbs
немного/чуть-чуть;trochu/troška;a little/bit;core1000 B1_B2_Essential_Adjectives_and_Adverbs
слишком;příliš;too (much);core1000 B1_B2_Essential_Adjectives_and_Adverbs
достаточно;dost/dostatečně;enough;core1000 B1_B2_Essential_Adjectives_and_Adverbs
быстро;rychle;quickly;core1000 B1_B2_Essential_Adjectives_and_Adverbs
медленно;pomalu;slowly;core1000 B1_B2_Essential_Adjectives_and_Adverbs
осторожно;opatrně;carefully;core1000 B1_B2_Essential_Adjectives_and_Adverbs
легко;snadno/lehce;easily;core1000 B1_B2_Essential_Adjectives_and_Adverbs
вместе;společně;together;core1000 B1_B2_Essential_Adjectives_and_Adverbs
отдельно;zvlášť/odděleně;separately;core1000 B1_B2_Essential_Adjectives_and_Adverbs
вслух/громко;nahlas;aloud;core1000 B1_B2_Essential_Adjectives_and_Adverbs
тихо;potichu/tiše;quietly;core1000 B1_B2_Essential_Adjectives_and_Adverbs
нарочно/умышленно;úmyslně/schválně;deliberately;core1000 B1_B2_Essential_Adjectives_and_Adverbs
очевидный;zjevný/očividný;obvious;core1000 B1_B2_Essential_Adjectives_and_Adverbs
тайный/секретный;tajný/skrytý;secret;core1000 B1_B2_Essential_Adjectives_and_Adverbs
публичный/общественный;veřejný;public;core1000 B1_B2_Essential_Adjectives_and_Adverbs
частный/личный;soukromý;private;core1000 B1_B2_Essential_Adjectives_and_Adverbs
официальный;oficiální;official;core1000 B1_B2_Essential_Adjectives_and_Adverbs
неофициальный;neoficiální;unofficial;core1000 B1_B2_Essential_Adjectives_and_Adverbs
обязательный;povinný;obligatory;core1000 B1_B2_Essential_Adjectives_and_Adverbs
добровольный;dobrovolný;voluntary;core1000 B1_B2_Essential_Adjectives_and_Adverbs
бесплатный;bezplatný/zdarma;free (of charge);core1000 B1_B2_Essential_Adjectives_and_Adverbs
тем не менее;nicméně;nevertheless;core1000 B1_B2_Essential_Adjectives_and_Adverbs
кроме того/более того;navíc;moreover/furthermore;core1000 B1_B2_Essential_Adjectives_and_Adverbs
вместо этого;místo toho;instead;core1000 B1_B2_Essential_Adjectives_and_Adverbs
иначе/в противном случае;jinak/v opačném případě;otherwise;core1000 B1_B2_Essential_Adjectives_and_Adverbs
наоборот/напротив;naopak;on the contrary;core1000 B1_B2_Essential_Adjectives_and_Adverbs
тем временем/между тем;mezitím;meanwhile;core1000 B1_B2_Essential_Adjectives_and_Adverbs
в целом;celkově;overall;core1000 B1_B2_Essential_Adjectives_and_Adverbs
наконец;konečně;finally;core1000 B1_B2_Essential_Adjectives_and_Adverbs
якобы/говорят;údajně/prý;allegedly/reportedly;core1000 B1_B2_Essential_Adjectives_and_Adverbs
дерево;strom;tree;core1000 A2_B1_Plants_Trees_Landscape
проснуться;vzbudit se;to wake up;core1000 A2_B1_Verbs_of_Daily_Life
стиральная машина;pračka;washing machine;core1000 A2_06_10_House_Culture_Nature_Services_Narration
рубашка;košile;shirt;core1000 A2_Clothes_and_Fashion
полотенце;ručník;towel;core1000 A2_B1_Household_Tools_DIY
машина/автомобиль;auto;car;core1000 A2_02_05_Transport_Education_Work_Appearance
двигатель/мотор;motor;engine/motor;core1000 A2_B1_Car_Driving_Transportation
голова;hlava;head;core1000 A2_01_Health_and_Body
Европа;Evropa;Europe;core1000 A2_B1_Geography_Countries_Nationalities
собака/пёс;pes;dog;core1000 A2_Animals_Detailed
офис/кабинет;kancelář;office;core1000 A2_B1_Office_and_Professional_Life
прадедушка;pradědeček;great-grandfather;core1000 A2_B1_Family_Extended_and_Life_Events
дерево/древесина;dřevo;wood;core1000 A2_B1_Materials_Shapes_Quantities
печь;péct;to bake;core1000 A2_B1_Cooking_and_Kitchen
песня;písnička/píseň;song;core1000 A2_B1_Music_Arts_Entertainment
дуб;dub;oak;core1000 A2_B1_Plants_Trees_Landscape
груша;hruška;pear;core1000 A2_Food_Extended_Fruits_Vegetables_Dishes
посудомоечная машина;myčka;dishwasher;core1000 A2_06_10_House_Culture_Nature_Services_Narration
футболка;tričko;T-shirt;core1000 A2_Clothes_and_Fashion
прогноз погоды;předpověď (počasí);weather forecast;core1000 A2_B1_Weather_Extended
лёгкие;plíce;lungs;core1000 A2_B1_Body_Extended_and_Medical
мыло;mýdlo;soap;core1000 A2_B1_Household_Tools_DIY
автобус;autobus;bus;core1000 A2_02_05_Transport_Education_Work_Appearance
руль;volant;steering wheel;core1000 A2_B1_Car_Driving_Transportation
глаз (глаза);oko (oči);eye;core1000 A2_01_Health_and_Body
Азия;Asie;Asia;core1000 A2_B1_Geography_Countries_Nationalities
кот/кошка;kočka;cat;core1000 A2_Animals_Detailed
рабочий стол;stůl (pracovní);desk;core1000 A2_B1_Office_and_Professional_Life
хоккей;hokej;hockey;core1000 A2_B1_Sports_and_Activities
прабабушка;prababička;great-grandmother;core1000 A2_B1_Family_Extended_and_Life_Events
металл;kov;metal;core1000 A2_B1_Materials_Shapes_Quantities
кресло;křeslo;armchair;core1000 A2_B1_Furniture_and_Home_Interior
жарить;smažit;to fry;core1000 A2_B1_Cooking_and_Kitchen
мелодия;melodie;melody;core1000 A2_B1_Music_Arts_Entertainment
бук;buk;beech;core1000 A2_B1_Plants_Trees_Landscape
черешня;třešně;cherry;core1000 A2_Food_Extended_Fruits_Vegetables_Dishes
принимать душ;sprchovat se;to shower;core1000 A2_B1_Verbs_of_Daily_Life
плита;sporák;stove;core1000 A2_06_10_House_Culture_Nature_Services_Narration
кофта/толстовка;mikina;sweatshirt;core1000 A2_Clothes_and_Fashion
температура;teplota;temperature;core1000 A2_B1_Weather_Extended
печень;játra;liver;core1000 A2_B1_Body_Extended_and_Medical
зубная щётка;zubní kartáček;toothbrush;core1000 A2_B1_Household_Tools_DIY
поезд;vlak;train;core1000 A2_02_05_Transport_Education_Work_Appearance
тормоз/тормоза;brzda/brzdy;brake/brakes;core1000 A2_B1_Car_Driving_Transportation
ухо (уши);ucho (uši);ear;core1000 A2_01_Health_and_Body
Африка;Afrika;Africa;core1000 A2_B1_Geography_Countries_Nationalities
конь/лошадь;kůň;horse;core1000 A2_Animals_Detailed
офисное кресло;židle (kancelářská);office chair;core1000 A2_B1_Office_and_Professional_Life
баскетбол;basketbal;basketball;core1000 A2_B1_Sports_and_Activities
железо;železo;iron;core1000 A2_B1_Materials_Shapes_Quantities
журнальный столик;konferenční stolek;coffee table;core1000 A2_B1_Furniture_and_Home_Interior
жарить на гриле;grilovat;to grill;core1000 A2_B1_Cooking_and_Kitchen
ритм;rytmus;rhythm;core1000 A2_B1_Music_Arts_Entertainment
берёза;bříza;birch;core1000 A2_B1_Plants_Trees_Landscape
вишня;višně;sour cherry;core1000 A2_Food_Extended_Fruits_Vegetables_Dishes
купаться;koupat se;to bathe;core1000 A2_B1_Verbs_of_Daily_Life
духовка;trouba;oven;core1000 A2_06_10_House_Culture_Nature_Services_Narration
свитер;svetr;sweater;core1000 A2_Clothes_and_Fashion
градус;stupeň;degree;core1000 A2_B1_Weather_Extended
почки;ledviny;kidneys;core1000 A2_B1_Body_Extended_and_Medical
зубная паста;zubní pasta;toothpaste;core1000 A2_B1_Household_Tools_DIY
трамвай;tramvaj;tram;core1000 A2_02_05_Transport_Education_Work_Appearance
педаль (газа);pedál (plynu);gas pedal;core1000 A2_B1_Car_Driving_Transportation
нос;nos;nose;core1000 A2_01_Health_and_Body
Северная Америка;Severní Amerika;North America;core1000 A2_B1_Geography_Countries_Nationalities
корова;kráva;cow;core1000 A2_Animals_Detailed
компьютер;počítač;computer;core1000 A2_B1_Office_and_Professional_Life
волейбол;volejbal;volleyball;core1000 A2_B1_Sports_and_Activities
сталь;ocel;steel;core1000 A2_B1_Materials_Shapes_Quantities
стеллаж/книжная полка;knihovna/regál;bookshelf;core1000 A2_B1_Furniture_and_Home_Interior
тушить;dusit;to stew/braise;core1000 A2_B1_Cooking_and_Kitchen
певец/певица;zpěvák/zpěvačka;singer;core1000 A2_B1_Music_Arts_Entertainment
липа;lípa;linden/lime;core1000 A2_B1_Plants_Trees_Landscape
слива;švestka;plum;core1000 A2_Food_Extended_Fruits_Vegetables_Dishes
бриться;holit se;to shave;core1000 A2_B1_Verbs_of_Daily_Life
пылесос;vysavač;vacuum cleaner;core1000 A2_06_10_House_Culture_Nature_Services_Narration
пиджак;sako;jacket (formal);core1000 A2_Clothes_and_Fashion
солнечно;slunečno;sunny;core1000 A2_B1_Weather_Extended
желудок;žaludek;stomach;core1000 A2_B1_Body_Extended_and_Medical
шампунь;šampon;shampoo;core1000 A2_B1_Household_Tools_DIY
самолёт;letadlo;airplane;core1000 A2_02_05_Transport_Education_Work_Appearance
сцепление;spojka;clutch;core1000 A2_B1_Car_Driving_Transportation
рот;ústa;mouth;core1000 A2_01_Health_and_Body
Южная Америка;Jižní Amerika;South America;core1000 A2_B1_Geography_Countries_Nationalities
бык;býk;bull;core1000 A2_Animals_Detailed
монитор/экран;monitor/obrazovka;monitor/screen;core1000 A2_B1_Office_and_Professional_Life
теннис;tenis;tennis;core1000 A2_B1_Sports_and_Activities
правнук;pravnuk;great-grandson;core1000 A2_B1_Family_Extended_and_Life_Events
медь;měď;copper;core1000 A2_B1_Materials_Shapes_Quantities
комод;komoda;chest of drawers;core1000 A2_B1_Furniture_and_Home_Interior
резать;krájet/řezat;to cut/slice;core1000 A2_B1_Cooking_and_Kitchen
музыкант;hudebník/muzikant;musician;core1000 A2_B1_Music_Arts_Entertainment
сосна;borovice/sosna;pine;core1000 A2_B1_Plants_Trees_Landscape
абрикос;meruňka;apricot;core1000 A2_Food_Extended_Fruits_Vegetables_Dishes
расчёсываться;česat se;to comb hair;core1000 A2_B1_Verbs_of_Daily_Life
утюг;žehlička;iron;core1000 A2_06_10_House_Culture_Nature_Services_Narration
куртка;bunda;jacket (casual);core1000 A2_Clothes_and_Fashion
облачно;oblačno;cloudy;core1000 A2_B1_Weather_Extended
кишечник;střevo/střeva;intestines;core1000 A2_B1_Body_Extended_and_Medical
ножницы;nůžky;scissors;core1000 A2_B1_Household_Tools_DIY
корабль/судно;loď;ship;core1000 A2_02_05_Transport_Education_Work_Appearance
коробка передач;převodovka;gearbox/transmission;core1000 A2_B1_Car_Driving_Transportation
зуб (зубы);zub (zuby);tooth;core1000 A2_01_Health_and_Body
Австралия;Austrálie;Australia;core1000 A2_B1_Geography_Countries_Nationalities
свинья;prase/svině;pig;core1000 A2_Animals_Detailed
клавиатура;klávesnice;keyboard;core1000 A2_B1_Office_and_Professional_Life
племянник;synovec;nephew;core1000 A2_B1_Family_Extended_and_Life_Events
золото;zlato;gold;core1000 A2_B1_Materials_Shapes_Quantities
витрина;vitrína;display cabinet;core1000 A2_B1_Furniture_and_Home_Interior
тереть;strouhat;to grate;core1000 A2_B1_Cooking_and_Kitchen
группа;kapela/skupina;band;core1000 A2_B1_Music_Arts_Entertainment
ель;smrk;spruce;core1000 A2_B1_Plants_Trees_Landscape
персик;broskev;peach;core1000 A2_Food_Extended_Fruits_Vegetables_Dishes
сушить (волосы);sušit (vlasy);to dry (hair);core1000 A2_B1_Verbs_of_Daily_Life
убирать;uklízet;to clean/tidy;core1000 A2_06_10_House_Culture_Nature_Services_Narration
пальто;kabát;coat;core1000 A2_Clothes_and_Fashion
ясно;jasno;clear;core1000 A2_B1_Weather_Extended
мозг;mozek;brain;core1000 A2_B1_Body_Extended_and_Medical
расчёска/гребень;hřeben;comb;core1000 A2_B1_Household_Tools_DIY
велосипед;kolo/bicykl;bicycle;core1000 A2_02_05_Transport_Education_Work_Appearance
шина/покрышка;pneumatika/guma;tire;core1000 A2_B1_Car_Driving_Transportation
язык;jazyk;tongue/language;core1000 A2_01_Health_and_Body
Антарктида;Antarktida;Antarctica;core1000 A2_B1_Geography_Countries_Nationalities
овца;ovce;sheep;core1000 A2_Animals_Detailed
принтер;tiskárna;printer;core1000 A2_B1_Office_and_Professional_Life
бег;běh;running;core1000 A2_B1_Sports_and_Activities
племянница;neteř;niece;core1000 A2_B1_Family_Extended_and_Life_Events
серебро;stříbro;silver;core1000 A2_B1_Materials_Shapes_Quantities
мешать/смешивать;míchat/mísit;to mix/stir;core1000 A2_B1_Cooking_and_Kitchen
дирижёр;dirigent;conductor;core1000 A2_B1_Music_Arts_Entertainment
пихта/ель;jedle;fir;core1000 A2_B1_Plants_Trees_Landscape
клубника;jahoda;strawberry;core1000 A2_Food_Extended_Fruits_Vegetables_Dishes
краситься;líčit se/malovat se;to put on makeup;core1000 A2_B1_Verbs_of_Daily_Life
стирать;prát;to do laundry;core1000 A2_06_10_House_Culture_Nature_Services_Narration
брюки/штаны;kalhoty;trousers/pants;core1000 A2_Clothes_and_Fashion
пасмурно;zataženo;overcast;core1000 A2_B1_Weather_Extended
позвоночник;páteř;spine;core1000 A2_B1_Body_Extended_and_Medical
аэропорт;letiště;airport;core1000 A2_02_05_Transport_Education_Work_Appearance
шея;krk;neck;core1000 A2_01_Health_and_Body
Чехия;Česko/Česká republika;Czechia;core1000 A2_B1_Geography_Countries_Nationalities
коза;koza;goat;core1000 A2_Animals_Detailed
сканер;skener;scanner;core1000 A2_B1_Office_and_Professional_Life
велоспорт;cyklistika;cycling;core1000 A2_B1_Sports_and_Activities
стекло;sklo;glass;core1000 A2_B1_Materials_Shapes_Quantities
занавеска/штора;záclona;curtain;core1000 A2_B1_Furniture_and_Home_Interior
взбивать;šlehat;to whip/beat;core1000 A2_B1_Cooking_and_Kitchen
композитор;skladatel;composer;core1000 A2_B1_Music_Arts_Entertainment
тополь;topol;poplar;core1000 A2_B1_Plants_Trees_Landscape
малина;malina;raspberry;core1000 A2_Food_Extended_Fruits_Vegetables_Dishes
починить;opravit;to repair;core1000 A2_06_10_House_Culture_Nature_Services_Narration
джинсы;džíny;jeans;core1000 A2_Clothes_and_Fashion
туман;mlha;fog;core1000 A2_B1_Weather_Extended
ребро;žebro;rib;core1000 A2_B1_Body_Extended_and_Medical
свеча/свечка;svíčka;candle;core1000 A2_B1_Household_Tools_DIY
бампер;nárazník;bumper;core1000 A2_B1_Car_Driving_Transportation
плечо;rameno;shoulder;core1000 A2_01_Health_and_Body
Польша;Polsko;Poland;core1000 A2_B1_Geography_Countries_Nationalities
курица;slepice/kuře;chicken/hen;core1000 A2_Animals_Detailed
ксерокс/копировальный аппарат;kopírka;copier;core1000 A2_B1_Office_and_Professional_Life
лыжный спорт;lyžování;skiing;core1000 A2_B1_Sports_and_Activities
пластик;plast/umělá hmota;plastic;core1000 A2_B1_Materials_Shapes_Quantities
жалюзи;žaluzie/roleta;blinds;core1000 A2_B1_Furniture_and_Home_Interior
чистить;loupat;to peel;core1000 A2_B1_Cooking_and_Kitchen
гитара;kytara;guitar;core1000 A2_B1_Music_Arts_Entertainment
ива/верба;vrba;willow;core1000 A2_B1_Plants_Trees_Landscape
черника;borůvka;blueberry;core1000 A2_Food_Extended_Fruits_Vegetables_Dishes
разуваться;zouvat se;to take shoes off;core1000 A2_B1_Verbs_of_Daily_Life
переезжать;stěhovat se;to move (house);core1000 A2_06_10_House_Culture_Nature_Services_Narration
шорты;šortky;shorts;core1000 A2_Clothes_and_Fashion
мороз;mráz;frost;core1000 A2_B1_Weather_Extended
мышцы;svaly;muscles;core1000 A2_B1_Body_Extended_and_Medical
спички;zápalky;matches;core1000 A2_B1_Household_Tools_DIY
остановка;zastávka;stop;core1000 A2_02_05_Transport_Education_Work_Appearance
капот;kapota;hood/bonnet;core1000 A2_B1_Car_Driving_Transportation
Германия;Německo;Germany;core1000 A2_B1_Geography_Countries_Nationalities
петух;kohout;rooster;core1000 A2_Animals_Detailed
проектор;projektor;projector;core1000 A2_B1_Office_and_Professional_Life
конькобежный спорт;bruslení;ice skating;core1000 A2_B1_Sports_and_Activities
бумага;papír;paper;core1000 A2_B1_Materials_Shapes_Quantities
люстра;lustr/svítidlo;chandelier/light fixture;core1000 A2_B1_Furniture_and_Home_Interior
сыпать;sypat;to sprinkle;core1000 A2_B1_Cooking_and_Kitchen
фортепиано/рояль;klavír/piano;piano;core1000 A2_B1_Music_Arts_Entertainment
ясень;jasan;ash;core1000 A2_B1_Plants_Trees_Landscape
виноград;hrozen/víno;grape;core1000 A2_Food_Extended_Fruits_Vegetables_Dishes
кино;kino;cinema;core1000 A2_06_10_House_Culture_Nature_Services_Narration
юбка;sukně;skirt;core1000 A2_Clothes_and_Fashion
гололёд;námraza/led;black ice;core1000 A2_B1_Weather_Extended
сустав;kloub;joint;core1000 A2_B1_Body_Extended_and_Medical
лампочка;žárovka;light bulb;core1000 A2_B1_Household_Tools_DIY
билет;jízdenka;ticket;core1000 A2_02_05_Transport_Education_Work_Appearance
багажник;kufr/zavazadlový prostor;trunk/boot;core1000 A2_B1_Car_Driving_Transportation
палец;prst;finger;core1000 A2_01_Health_and_Body
Словакия;Slovensko;Slovakia;core1000 A2_B1_Geography_Countries_Nationalities
утка;kachna;duck;core1000 A2_Animals_Detailed
доска (белая);tabule (bílá);whiteboard;core1000 A2_B1_Office_and_Professional_Life
гимнастика;gymnastika;gymnastics;core1000 A2_B1_Sports_and_Activities
резина;guma/pryž;rubber;core1000 A2_B1_Materials_Shapes_Quantities
подушка;polštář;cushion/pillow;core1000 A2_B1_Furniture_and_Home_Interior
налить;nalít;to pour;core1000 A2_B1_Cooking_and_Kitchen
скрипка;housle;violin;core1000 A2_B1_Music_Arts_Entertainment
клён;javor;maple;core1000 A2_B1_Plants_Trees_Landscape
банан;banán;banana;core1000 A2_Food_Extended_Fruits_Vegetables_Dishes
театр;divadlo;theater;core1000 A2_06_10_House_Culture_Nature_Services_Narration
платье;šaty;dress;core1000 A2_Clothes_and_Fashion
роса;rosa;dew;core1000 A2_B1_Weather_Extended
сухожилие;šlacha;tendon;core1000 A2_B1_Body_Extended_and_Medical
розетка;zásuvka;socket/outlet;core1000 A2_B1_Household_Tools_DIY
прибытие;příjezd;arrival;core1000 A2_02_05_Transport_Education_Work_Appearance
зеркало заднего вида;zpětné zrcátko;rearview mirror;core1000 A2_B1_Car_Driving_Transportation
нога;noha;leg/foot;core1000 A2_01_Health_and_Body
Австрия;Rakousko;Austria;core1000 A2_B1_Geography_Countries_Nationalities
гусь;husa;goose;core1000 A2_Animals_Detailed
степлер;sešívačka;stapler;core1000 A2_B1_Office_and_Professional_Life
лёгкая атлетика;atletika;athletics;core1000 A2_B1_Sports_and_Activities
зять;zeť;son-in-law;core1000 A2_B1_Family_Extended_and_Life_Events
бетон;beton;concrete;core1000 A2_B1_Materials_Shapes_Quantities
плед/одеяло;deka/přikrývka;blanket/throw;core1000 A2_B1_Furniture_and_Home_Interior
разогреть;ohřát;to reheat;core1000 A2_B1_Cooking_and_Kitchen
барабаны/ударные;bicí/buben;drums;core1000 A2_B1_Music_Arts_Entertainment
яблоня;jabloň;apple tree;core1000 A2_B1_Plants_Trees_Landscape
апельсин;pomeranč;orange;core1000 A2_Food_Extended_Fruits_Vegetables_Dishes
кусать/грызть;kousat;to bite/chew;core1000 A2_B1_Verbs_of_Daily_Life
выставка;výstava;exhibition;core1000 A2_06_10_House_Culture_Nature_Services_Narration
костюм;oblek;suit;core1000 A2_Clothes_and_Fashion
гроза;bouřka;thunderstorm;core1000 A2_B1_Weather_Extended
жила/вена;žíla;vein;core1000 A2_B1_Body_Extended_and_Medical
вилка;zástrčka;plug;core1000 A2_B1_Household_Tools_DIY
отправление;odjezd;departure;core1000 A2_02_05_Transport_Education_Work_Appearance
поворотник;blikr/blinkr;turn signal;core1000 A2_B1_Car_Driving_Transportation
колено;koleno;knee;core1000 A2_01_Health_and_Body
Венгрия;Maďarsko;Hungary;core1000 A2_B1_Geography_Countries_Nationalities
кролик;králík;rabbit;core1000 A2_Animals_Detailed
дырокол;děrovačka;hole punch;core1000 A2_B1_Office_and_Professional_Life
бокс;box;boxing;core1000 A2_B1_Sports_and_Activities
сноха/невестка;snacha;daughter-in-law;core1000 A2_B1_Family_Extended_and_Life_Events
кирпич;cihla;brick;core1000 A2_B1_Materials_Shapes_Quantities
ваза;váza;vase;core1000 A2_B1_Furniture_and_Home_Interior
охладить;ochladit;to cool down;core1000 A2_B1_Cooking_and_Kitchen
флейта;flétna;flute;core1000 A2_B1_Music_Arts_Entertainment
черешня (дерево);třešeň;cherry tree;core1000 A2_B1_Plants_Trees_Landscape
лимон;citrón;lemon;core1000 A2_Food_Extended_Fruits_Vegetables_Dishes
жевать;žvýkat;to chew;core1000 A2_B1_Verbs_of_Daily_Life
концерт;koncert;concert;core1000 A2_06_10_House_Culture_Nature_Services_Narration
пижама;pyžamo;pajamas;core1000 A2_Clothes_and_Fashion
молния;blesk;lightning;core1000 A2_B1_Weather_Extended
артерия;tepna;artery;core1000 A2_B1_Body_Extended_and_Medical
удлинитель;prodlužovačka;extension cord;core1000 A2_B1_Household_Tools_DIY
в одну сторону;jednosměrný;one-way;core1000 A2_02_05_Transport_Education_Work_Appearance
фара;světlomet;headlight;core1000 A2_B1_Car_Driving_Transportation
спина;záda;back;core1000 A2_01_Health_and_Body
Украина;Ukrajina;Ukraine;core1000 A2_B1_Geography_Countries_Nationalities
хомяк;křeček;hamster;core1000 A2_Animals_Detailed
папка;složka/desky;folder/binder;core1000 A2_B1_Office_and_Professional_Life
борьба;zápas/wrestling;wrestling;core1000 A2_B1_Sports_and_Activities
шурин/деверь/свояк;švagr;brother-in-law;core1000 A2_B1_Family_Extended_and_Life_Events
глина;hlína/jíl;clay;core1000 A2_B1_Materials_Shapes_Quantities
рамка;rám/rámeček;frame;core1000 A2_B1_Furniture_and_Home_Interior
попробовать;ochutnat;to taste/try;core1000 A2_B1_Cooking_and_Kitchen
труба;trubka/trumpeta;trumpet;core1000 A2_B1_Music_Arts_Entertainment
грецкий орех;ořešák/vlašský ořech;walnut tree;core1000 A2_B1_Plants_Trees_Landscape
арбуз/дыня;meloun;melon/watermelon;core1000 A2_Food_Extended_Fruits_Vegetables_Dishes
глотать;polykat;to swallow;core1000 A2_B1_Verbs_of_Daily_Life
купальник/плавки;plavky;swimsuit;core1000 A2_Clothes_and_Fashion
гром;hrom;thunder;core1000 A2_B1_Weather_Extended
нервная система;nervový systém;nervous system;core1000 A2_B1_Body_Extended_and_Medical
мусорное ведро;koš/koš na odpadky;trash bin;core1000 A2_B1_Household_Tools_DIY
обратный;zpáteční;return;core1000 A2_02_05_Transport_Education_Work_Appearance
дворник;stěrač;windshield wiper;core1000 A2_B1_Car_Driving_Transportation
живот;břicho;belly;core1000 A2_01_Health_and_Body
Россия;Rusko;Russia;core1000 A2_B1_Geography_Countries_Nationalities
попугай;papoušek;parrot;core1000 A2_Animals_Detailed
конверт;obálka;envelope;core1000 A2_B1_Office_and_Professional_Life
шахматы;šachy;chess;core1000 A2_B1_Sports_and_Activities
золовка/невестка;švagrová;sister-in-law;core1000 A2_B1_Family_Extended_and_Life_Events
песок;písek;sand;core1000 A2_B1_Materials_Shapes_Quantities
камин;krb/kamin;fireplace;core1000 A2_B1_Furniture_and_Home_Interior
мука;mouka;flour;core1000 A2_B1_Cooking_and_Kitchen
цветок;květina;flower;core1000 A2_B1_Plants_Trees_Landscape
картошка/картофель;brambora/brambory;potato;core1000 A2_Food_Extended_Fruits_Vegetables_Dishes
лизать;lízat;to lick;core1000 A2_B1_Verbs_of_Daily_Life
танец;tanec;dance;core1000 A2_06_10_House_Culture_Nature_Services_Narration
ботинки/обувь;boty;shoes;core1000 A2_Clothes_and_Fashion
радуга;duha;rainbow;core1000 A2_B1_Weather_Extended
лоб;čelo;forehead;core1000 A2_B1_Body_Extended_and_Medical
молоток;kladivo;hammer;core1000 A2_B1_Household_Tools_DIY
водить/управлять;řídit;to drive;core1000 A2_B1_Car_Driving_Transportation
Франция;Francie;France;core1000 A2_B1_Geography_Countries_Nationalities
волк;vlk;wolf;core1000 A2_Animals_Detailed
печать/штамп;razítko;stamp/seal;core1000 A2_B1_Office_and_Professional_Life
рождение;narození;birth;core1000 A2_B1_Family_Extended_and_Life_Events
круг;kruh/kolo;circle;core1000 A2_B1_Materials_Shapes_Quantities
сахар;cukr;sugar;core1000 A2_B1_Cooking_and_Kitchen
режиссёр;režisér;director;core1000 A2_B1_Music_Arts_Entertainment
роза;růže;rose;core1000 A2_B1_Plants_Trees_Landscape
дуть;foukat;to blow;core1000 A2_B1_Verbs_of_Daily_Life
картина/образ;obraz;picture/painting;core1000 A2_06_10_House_Culture_Nature_Services_Narration
кроссовки;tenisky;sneakers;core1000 A2_Clothes_and_Fashion
град;krupobití;hail;core1000 A2_B1_Weather_Extended
брови;obočí;eyebrows;core1000 A2_B1_Body_Extended_and_Medical
отвёртка;šroubovák;screwdriver;core1000 A2_B1_Household_Tools_DIY
класс;třída;class;core1000 A2_02_05_Transport_Education_Work_Appearance
завести;nastartovat;to start (engine);core1000 A2_B1_Car_Driving_Transportation
кровь;krev;blood;core1000 A2_01_Health_and_Body
Испания;Španělsko;Spain;core1000 A2_B1_Geography_Countries_Nationalities
медведь;medvěd;bear;core1000 A2_Animals_Detailed
скрепки;kancelářské sponky;paper clips;core1000 A2_B1_Office_and_Professional_Life
новорождённый;novorozenec;newborn;core1000 A2_B1_Family_Extended_and_Life_Events
квадрат;čtverec;square;core1000 A2_B1_Materials_Shapes_Quantities
матрас;matrace;mattress;core1000 A2_B1_Furniture_and_Home_Interior
соль;sůl;salt;core1000 A2_B1_Cooking_and_Kitchen
актёр/актриса;herec/herečka;actor/actress;core1000 A2_B1_Music_Arts_Entertainment
тюльпан;tulipán;tulip;core1000 A2_B1_Plants_Trees_Landscape
огурец;okurka;cucumber;core1000 A2_Food_Extended_Fruits_Vegetables_Dishes
сандалии;sandály;sandals;core1000 A2_Clothes_and_Fashion
метель/вьюга;vánice/sněhová bouře;blizzard;core1000 A2_B1_Weather_Extended
ресница;řasa;eyelash;core1000 A2_B1_Body_Extended_and_Medical
плоскогубцы/клещи;kleště;pliers;core1000 A2_B1_Household_Tools_DIY
учебник;učebnice;textbook;core1000 A2_02_05_Transport_Education_Work_Appearance
ускорить(ся)/разогнаться;zrychlit;to accelerate;core1000 A2_B1_Car_Driving_Transportation
кость;kost;bone;core1000 A2_01_Health_and_Body
Италия;Itálie;Italy;core1000 A2_B1_Geography_Countries_Nationalities
лиса/лисица;liška;fox;core1000 A2_Animals_Detailed
ластик/стирательная резинка;guma (na mazání);eraser;core1000 A2_B1_Office_and_Professional_Life
младенец;kojenec;infant;core1000 A2_B1_Family_Extended_and_Life_Events
прямоугольник;obdélník;rectangle;core1000 A2_B1_Materials_Shapes_Quantities
перец;pepř;pepper;core1000 A2_B1_Cooking_and_Kitchen
сценарий;scénář;screenplay;core1000 A2_B1_Music_Arts_Entertainment
подсолнух;slunečnice;sunflower;core1000 A2_B1_Plants_Trees_Landscape
перец (болгарский);paprika;pepper (bell);core1000 A2_Food_Extended_Fruits_Vegetables_Dishes
газета;noviny;newspaper;core1000 A2_06_10_House_Culture_Nature_Services_Narration
носки;ponožky;socks;core1000 A2_Clothes_and_Fashion
наводнение;povodeň/záplava;flood;core1000 A2_B1_Weather_Extended
веко;víčko;eyelid;core1000 A2_B1_Body_Extended_and_Medical
шуруп/винт;šroub;screw;core1000 A2_B1_Household_Tools_DIY
тетрадь;sešit;notebook;core1000 A2_02_05_Transport_Education_Work_Appearance
замедлить(ся);zpomalit;to slow down;core1000 A2_B1_Car_Driving_Transportation
кожа;kůže;skin;core1000 A2_01_Health_and_Body
Великобритания;Velká Británie;Great Britain;core1000 A2_B1_Geography_Countries_Nationalities
олень;jelen;deer/stag;core1000 A2_Animals_Detailed
линейка;pravítko;ruler;core1000 A2_B1_Office_and_Professional_Life
сыграть вничью;remizovat;to draw/tie;core1000 A2_B1_Sports_and_Activities
малыш;batole;toddler;core1000 A2_B1_Family_Extended_and_Life_Events
треугольник;trojúhelník;triangle;core1000 A2_B1_Materials_Shapes_Quantities
одеяло;přikrývka/deka;duvet/blanket;core1000 A2_B1_Furniture_and_Home_Interior
масло (растительное);olej;oil;core1000 A2_B1_Cooking_and_Kitchen
сцена;scéna;scene;core1000 A2_B1_Music_Arts_Entertainment
маргаритка;sedmikráska;daisy;core1000 A2_B1_Plants_Trees_Landscape
морковь;mrkev;carrot;core1000 A2_Food_Extended_Fruits_Vegetables_Dishes
журнал;časopis;magazine;core1000 A2_06_10_House_Culture_Nature_Services_Narration
колготки;punčochy;tights/stockings;core1000 A2_Clothes_and_Fashion
засуха;sucho;drought;core1000 A2_B1_Weather_Extended
гвоздь;hřebík;nail;core1000 A2_B1_Household_Tools_DIY
карандаш;tužka;pencil;core1000 A2_02_05_Transport_Education_Work_Appearance
остановить(ся);zastavit;to stop;core1000 A2_B1_Car_Driving_Transportation
Соединённые Штаты;Spojené státy;United States;core1000 A2_B1_Geography_Countries_Nationalities
заяц;zajíc;hare;core1000 A2_Animals_Detailed
калькулятор;kalkulačka;calculator;core1000 A2_B1_Office_and_Professional_Life
тренироваться;trénovat;to train;core1000 A2_B1_Sports_and_Activities
детство;dětství;childhood;core1000 A2_B1_Family_Extended_and_Life_Events
звезда;hvězda;star;core1000 A2_B1_Materials_Shapes_Quantities
простыня;prostěradlo;bed sheet;core1000 A2_B1_Furniture_and_Home_Interior
уксус;ocet;vinegar;core1000 A2_B1_Cooking_and_Kitchen
премьера;premiéra;premiere;core1000 A2_B1_Music_Arts_Entertainment
фиалка;fialka;violet;core1000 A2_B1_Plants_Trees_Landscape
новости;zprávy;news;core1000 A2_06_10_House_Culture_Nature_Services_Narration
шапка;čepice;hat/cap;core1000 A2_Clothes_and_Fashion
подбородок;brada;chin;core1000 A2_B1_Body_Extended_and_Medical
пила;pila;saw;core1000 A2_B1_Household_Tools_DIY
ручка;pero;pen;core1000 A2_02_05_Transport_Education_Work_Appearance
парковать(ся);parkovat;to park;core1000 A2_B1_Car_Driving_Transportation
здоровье;zdraví;health;core1000 A2_01_Health_and_Body
чех/чешка;Čech/Češka;;core1000 A2_B1_Geography_Countries_Nationalities
белка;veverka;squirrel;core1000 A2_Animals_Detailed
совещание/встреча;schůzka/porada;meeting;core1000 A2_B1_Office_and_Professional_Life
соревноваться;soutěžit;to compete;core1000 A2_B1_Sports_and_Activities
половое созревание/подростковый возраст;dospívání/puberta;puberty/adolescence;core1000 A2_B1_Family_Extended_and_Life_Events
шар;koule;sphere/ball;core1000 A2_B1_Materials_Shapes_Quantities
постельное бельё;povlečení;bedding;core1000 A2_B1_Furniture_and_Home_Interior
дрожжи;droždí;yeast;core1000 A2_B1_Cooking_and_Kitchen
субтитры;titulky;subtitles;core1000 A2_B1_Music_Arts_Entertainment
ландыш;konvalinka;lily of the valley;core1000 A2_B1_Plants_Trees_Landscape
мыть посуду;mýt nádobí;to wash dishes;core1000 A2_B1_Verbs_of_Daily_Life
реклама;reklama;advertisement;core1000 A2_06_10_House_Culture_Nature_Services_Narration
шляпа;klobouk;hat (brimmed);core1000 A2_Clothes_and_Fashion
ветерок;vánek/větřík;breeze;core1000 A2_B1_Weather_Extended
челюсть;čelist;jaw;core1000 A2_B1_Body_Extended_and_Medical
дрель;vrtačka;drill;core1000 A2_B1_Household_Tools_DIY
доска;tabule;blackboard;core1000 A2_02_05_Transport_Education_Work_Appearance
ехать задним ходом;couvat;to reverse;core1000 A2_B1_Car_Driving_Transportation
болезнь;nemoc;illness;core1000 A2_01_Health_and_Body
поляк/полька;Polák/Polka;;core1000 A2_B1_Geography_Countries_Nationalities
ёж;ježek;hedgehog;core1000 A2_Animals_Detailed
конференция;konference;conference;core1000 A2_B1_Office_and_Professional_Life
гол;skóre/gól;goal/score;core1000 A2_B1_Sports_and_Activities
подросток;teenager/mladistvý;teenager;core1000 A2_B1_Family_Extended_and_Life_Events
цилиндр;válec;cylinder;core1000 A2_B1_Materials_Shapes_Quantities
тумбочка/прикроватный столик;noční stolek;nightstand;core1000 A2_B1_Furniture_and_Home_Interior
специи;koření;spices;core1000 A2_B1_Cooking_and_Kitchen
дубляж;dabing;dubbing;core1000 A2_B1_Music_Arts_Entertainment
хризантема;chryzantéma;chrysanthemum;core1000 A2_B1_Plants_Trees_Landscape
капуста;zelí;cabbage;core1000 A2_Food_Extended_Fruits_Vegetables_Dishes
вытирать;utírat;to wipe/dry;core1000 A2_B1_Verbs_of_Daily_Life
шарф;šála/šátek;scarf;core1000 A2_Clothes_and_Fashion
буря/ураган;vichřice/vichr;storm;core1000 A2_B1_Weather_Extended
губа/губы;ret/rty;lip/lips;core1000 A2_B1_Body_Extended_and_Medical
рулетка;měřidlo/metr;tape measure;core1000 A2_B1_Household_Tools_DIY
экзамен;zkouška;exam;core1000 A2_02_05_Transport_Education_Work_Appearance
обгонять;předjíždět;to overtake;core1000 A2_B1_Car_Driving_Transportation
боль;bolest;pain;core1000 A2_01_Health_and_Body
немец/немка;Němec/Němka;;core2000 A2_B1_Geography_Countries_Nationalities
змея/гад;had;snake;core2000 A2_Animals_Detailed
презентация;prezentace;presentation;core2000 A2_B1_Office_and_Professional_Life
фолить;faulovat;to foul;core2000 A2_B1_Sports_and_Activities
взрослость/зрелость;dospělost;adulthood;core2000 A2_B1_Family_Extended_and_Life_Events
конус;kužel;cone;core2000 A2_B1_Materials_Shapes_Quantities
шкаф;šatní skříň;wardrobe;core2000 A2_B1_Furniture_and_Home_Interior
мультфильм;animovaný film;animated film;core2000 A2_B1_Music_Arts_Entertainment
орхидея;orchidej;orchid;core2000 A2_B1_Plants_Trees_Landscape
цветная капуста;květák;cauliflower;core2000 A2_Food_Extended_Fruits_Vegetables_Dishes
подметать;zametat;to sweep;core2000 A2_B1_Verbs_of_Daily_Life
перчатки;rukavice;gloves;core2000 A2_Clothes_and_Fashion
торнадо;tornádo;tornado;core2000 A2_B1_Weather_Extended
десна;dáseň;gum;core2000 A2_B1_Body_Extended_and_Medical
верёвка;provaz/lano;rope/string;core2000 A2_B1_Household_Tools_DIY
оценка;známka;grade;core2000 A2_02_05_Transport_Education_Work_Appearance
повернуть;odbočit;to turn;core2000 A2_B1_Car_Driving_Transportation
температура/жар;horečka;fever;core2000 A2_01_Health_and_Body
русский/русская;Rus/Ruska;;core2000 A2_B1_Geography_Countries_Nationalities
лягушка/жаба;žába;frog;core2000 A2_Animals_Detailed
повестка дня;agenda/program;agenda;core2000 A2_B1_Office_and_Professional_Life
судья/арбитр;rozhodčí;referee;core2000 A2_B1_Sports_and_Activities
старость;stáří;old age;core2000 A2_B1_Family_Extended_and_Life_Events
линия;přímka/čára;line;core2000 A2_B1_Materials_Shapes_Quantities
ящик;šuplík;drawer;core2000 A2_B1_Furniture_and_Home_Interior
петрушка;petržel;parsley;core2000 A2_B1_Cooking_and_Kitchen
документальный;dokumentární;documentary;core2000 A2_B1_Music_Arts_Entertainment
крапива;kopřiva;nettle;core2000 A2_B1_Plants_Trees_Landscape
брокколи;brokolice;broccoli;core2000 A2_Food_Extended_Fruits_Vegetables_Dishes
пылесосить;vysávat;to vacuum;core2000 A2_B1_Verbs_of_Daily_Life
приглашение;pozvání/pozvánka;invitation;core2000 A2_06_10_House_Culture_Nature_Services_Narration
ремень;pásek/opasek;belt;core2000 A2_Clothes_and_Fashion
ураган;hurikán;hurricane;core2000 A2_B1_Weather_Extended
горло;hrdlo;throat;core2000 A2_B1_Body_Extended_and_Medical
клей;lepidlo;glue;core2000 A2_B1_Household_Tools_DIY
домашнее задание;domácí úkol;homework;core2000 A2_02_05_Transport_Education_Work_Appearance
уступить дорогу;dát přednost;to give way/yield;core2000 A2_B1_Car_Driving_Transportation
кашель;kašel;cough;core2000 A2_01_Health_and_Body
француз/француженка;Francouz/Francouzka;;core2000 A2_B1_Geography_Countries_Nationalities
мышь;myš;mouse;core2000 A2_Animals_Detailed
протокол;zápis (z porady);minutes;core2000 A2_B1_Office_and_Professional_Life
поле/площадка;hřiště;field/pitch;core2000 A2_B1_Sports_and_Activities
точка;bod;point/dot;core2000 A2_B1_Materials_Shapes_Quantities
триллер;thriller;thriller;core2000 A2_B1_Music_Arts_Entertainment
одуванчик;pampeliška;dandelion;core2000 A2_B1_Plants_Trees_Landscape
шпинат;špenát;spinach;core2000 A2_Food_Extended_Fruits_Vegetables_Dishes
мыть (пол);vytírat (podlahu);to mop;core2000 A2_B1_Verbs_of_Daily_Life
лес;les;forest;core2000 A2_06_10_House_Culture_Nature_Services_Narration
сумка;kabelka/taška;bag/purse;core2000 A2_Clothes_and_Fashion
тайфун;tajfun;typhoon;core2000 A2_B1_Weather_Extended
скотч/лента;páska (lepicí);tape;core2000 A2_B1_Household_Tools_DIY
предмет;předmět;subject;core2000 A2_02_05_Transport_Education_Work_Appearance
дорога;silnice/cesta;road;core2000 A2_B1_Car_Driving_Transportation
насморк;rýma;cold/runny nose;core2000 A2_01_Health_and_Body
англичанин/англичанка;Angličan/Angličanka;;core2000 A2_B1_Geography_Countries_Nationalities
крыса;krysa;rat;core2000 A2_Animals_Detailed
электронное письмо;e-mail/zpráva;email/message;core2000 A2_B1_Office_and_Professional_Life
стадион;stadion;stadium;core2000 A2_B1_Sports_and_Activities
угол;úhel;angle/corner;core2000 A2_B1_Materials_Shapes_Quantities
будильник;budík;alarm clock;core2000 A2_B1_Furniture_and_Home_Interior
гриб;houba;mushroom;core2000 A2_B1_Cooking_and_Kitchen
комедия;komedie;comedy;core2000 A2_B1_Music_Arts_Entertainment
мак;mák;poppy;core2000 A2_B1_Plants_Trees_Landscape
фасоль;fazole;bean;core2000 A2_Food_Extended_Fruits_Vegetables_Dishes
стирать (бельё);prát (prádlo);to do laundry;core2000 A2_B1_Verbs_of_Daily_Life
гора;hora;mountain;core2000 A2_06_10_House_Culture_Nature_Services_Narration
кошелёк;peněženka;wallet;core2000 A2_Clothes_and_Fashion
ветреный;větrný;windy;core2000 A2_B1_Weather_Extended
рука (верхняя);paže;upper arm;core2000 A2_B1_Body_Extended_and_Medical
краска;barva (na malování);paint;core2000 A2_B1_Household_Tools_DIY
автострада/автомагистраль;dálnice;highway/motorway;core2000 A2_B1_Car_Driving_Transportation
лекарство;lék/léčivo;medicine/drug;core2000 A2_01_Health_and_Body
американец/ка;Američan/ka;;core2000 A2_B1_Geography_Countries_Nationalities
лев;lev;lion;core2000 A2_Animals_Detailed
вложение/приложение;příloha;attachment;core2000 A2_B1_Office_and_Professional_Life
расти/вырастать;vyrůstat;to grow up;core2000 A2_B1_Family_Extended_and_Life_Events
ровный/параллельный;rovný/rovnoběžný;straight/parallel;core2000 A2_B1_Materials_Shapes_Quantities
вешалка;věšák;hanger/hook;core2000 A2_B1_Furniture_and_Home_Interior
орех;ořech;nut;core2000 A2_B1_Cooking_and_Kitchen
ужасы/хоррор;horor;horror;core2000 A2_B1_Music_Arts_Entertainment
куст/кустарник;keř/křoví;bush/shrub;core2000 A2_B1_Plants_Trees_Landscape
горох;hrách;pea;core2000 A2_Food_Extended_Fruits_Vegetables_Dishes
вешать (бельё);věšet (prádlo);to hang (laundry);core2000 A2_B1_Verbs_of_Daily_Life
река;řeka;river;core2000 A2_06_10_House_Culture_Nature_Services_Narration
часы;hodinky;watch;core2000 A2_Clothes_and_Fashion
безветрие;bezvětří;calm (no wind);core2000 A2_B1_Weather_Extended
локоть;loket;elbow;core2000 A2_B1_Body_Extended_and_Medical
кисть;štětec (malířský);paintbrush;core2000 A2_B1_Household_Tools_DIY
история;dějepis;history;core2000 A2_02_05_Transport_Education_Work_Appearance
перекрёсток;křižovatka;intersection/crossroads;core2000 A2_B1_Car_Driving_Transportation
аптека;lékárna;pharmacy;core2000 A2_01_Health_and_Body
итальянец/ка;Ital/ka;;core2000 A2_B1_Geography_Countries_Nationalities
тигр;tygr;tiger;core2000 A2_Animals_Detailed
подпись;podpis (e-mailový);signature (email);core2000 A2_B1_Office_and_Professional_Life
чемпионат;mistrovství;championship;core2000 A2_B1_Sports_and_Activities
ходить в школу;chodit do školy;to go to school;core2000 A2_B1_Family_Extended_and_Life_Events
круглый;kulatý/oblý;round;core2000 A2_B1_Materials_Shapes_Quantities
плечики/вешалка;ramínko;clothes hanger;core2000 A2_B1_Furniture_and_Home_Interior
мёд;med;honey;core2000 A2_B1_Cooking_and_Kitchen
фантастика;sci-fi;sci-fi;core2000 A2_B1_Music_Arts_Entertainment
трава;tráva;grass;core2000 A2_B1_Plants_Trees_Landscape
чечевица;čočka;lentil;core2000 A2_Food_Extended_Fruits_Vegetables_Dishes
гладить;žehlit;to iron;core2000 A2_B1_Verbs_of_Daily_Life
озеро;jezero;lake;core2000 A2_06_10_House_Culture_Nature_Services_Narration
ожерелье;náhrdelník;necklace;core2000 A2_Clothes_and_Fashion
предплечье;předloktí;forearm;core2000 A2_B1_Body_Extended_and_Medical
лестница;žebřík;ladder;core2000 A2_B1_Household_Tools_DIY
география;zeměpis;geography;core2000 A2_02_05_Transport_Education_Work_Appearance
круговое движение;kruhový objezd;roundabout;core2000 A2_B1_Car_Driving_Transportation
испанец/ка;Španěl/ka;;core2000 A2_B1_Geography_Countries_Nationalities
слон;slon;elephant;core2000 A2_Animals_Detailed
телефонный звонок;telefonát;phone call;core2000 A2_B1_Office_and_Professional_Life
медаль;medaile;medal;core2000 A2_B1_Sports_and_Activities
окончить учёбу;absolvovat/vystudovat;to graduate;core2000 A2_B1_Family_Extended_and_Life_Events
угловатый;hranatý;angular;core2000 A2_B1_Materials_Shapes_Quantities
ванна;vana;bathtub;core2000 A2_B1_Furniture_and_Home_Interior
сметана;smetana;cream/sour cream;core2000 A2_B1_Cooking_and_Kitchen
романтический;romantický;romantic;core2000 A2_B1_Music_Arts_Entertainment
мох;mech;moss;core2000 A2_B1_Plants_Trees_Landscape
свёкла;řepa;beet;core2000 A2_Food_Extended_Fruits_Vegetables_Dishes
складывать (бельё);skládat (prádlo);to fold (laundry);core2000 A2_B1_Verbs_of_Daily_Life
море;moře;sea;core2000 A2_06_10_House_Culture_Nature_Services_Narration
кольцо;prsten;ring;core2000 A2_Clothes_and_Fashion
запястье;zápěstí;wrist;core2000 A2_B1_Body_Extended_and_Medical
ключ;klíč;key/wrench;core2000 A2_B1_Household_Tools_DIY
биология;přírodopis;biology/nature;core2000 A2_02_05_Transport_Education_Work_Appearance
светофор;semafor;traffic light;core2000 A2_B1_Car_Driving_Transportation
я болен/больна;jsem nemocný/á;I am sick;core2000 A2_01_Health_and_Body
континент;kontinent/světadíl;continent;core2000 A2_B1_Geography_Countries_Nationalities
обезьяна;opice;monkey/ape;core2000 A2_Animals_Detailed
голосовая почта;hlasová schránka;voicemail;core2000 A2_B1_Office_and_Professional_Life
рекорд;rekord;record;core2000 A2_B1_Sports_and_Activities
устроиться на работу;nastoupit do práce;to start a job;core2000 A2_B1_Family_Extended_and_Life_Events
плоский;plochý/rovný;flat;core2000 A2_B1_Materials_Shapes_Quantities
душ/душевая кабина;sprcha/sprchový kout;shower;core2000 A2_B1_Furniture_and_Home_Interior
кастрюля;hrnec;pot;core2000 A2_B1_Cooking_and_Kitchen
живопись;malba;painting (art);core2000 A2_B1_Music_Arts_Entertainment
корень;kořen;root;core2000 A2_B1_Plants_Trees_Landscape
вытирать пыль;luxovat/utírat prach;to dust;core2000 A2_B1_Verbs_of_Daily_Life
остров;ostrov;island;core2000 A2_06_10_House_Culture_Nature_Services_Narration
нижнее бельё;spodní prádlo;underwear;core2000 A2_Clothes_and_Fashion
приятно;příjemně;pleasant;core2000 A2_B1_Weather_Extended
ладонь;dlaň;palm;core2000 A2_B1_Body_Extended_and_Medical
знак (дорожный);značka (dopravní);road sign;core2000 A2_B1_Car_Driving_Transportation
океан;oceán;ocean;core2000 A2_B1_Geography_Countries_Nationalities
жираф;žirafa;giraffe;core2000 A2_Animals_Detailed
планировать;plánovat;to plan;core2000 A2_B1_Office_and_Professional_Life
тренажёрный зал;posilovna;gym;core2000 A2_B1_Sports_and_Activities
стать самостоятельным;osamostatnit se;to become independent;core2000 A2_B1_Family_Extended_and_Life_Events
количество;množství;quantity/amount;core2000 A2_B1_Materials_Shapes_Quantities
раковина/умывальник;umyvadlo;sink/washbasin;core2000 A2_B1_Furniture_and_Home_Interior
сковорода;pánev;frying pan;core2000 A2_B1_Cooking_and_Kitchen
рисунок;kresba;drawing;core2000 A2_B1_Music_Arts_Entertainment
ствол;kmen;trunk;core2000 A2_B1_Plants_Trees_Landscape
салат;salát;salad;core2000 A2_Food_Extended_Fruits_Vegetables_Dishes
выносить мусор;vynášet odpadky;to take out trash;core2000 A2_B1_Verbs_of_Daily_Life
поле;pole;field;core2000 A2_06_10_House_Culture_Nature_Services_Narration
трусы/боксеры;trenky/slipy;boxer shorts/briefs;core2000 A2_Clothes_and_Fashion
прохладно;chladno;cool;core2000 A2_B1_Weather_Extended
большой палец;palec;thumb;core2000 A2_B1_Body_Extended_and_Medical
мыть;mýt/umýt;to wash;core2000 A2_B1_Household_Tools_DIY
занятость;zaměstnání;employment;core2000 A2_02_05_Transport_Education_Work_Appearance
пешеходный переход;přechod pro chodce;pedestrian crossing;core2000 A2_B1_Car_Driving_Transportation
полуостров;poloostrov;peninsula;core2000 A2_B1_Geography_Countries_Nationalities
кит;velryba;whale;core2000 A2_Animals_Detailed
организовать;organizovat;to organize;core2000 A2_B1_Office_and_Professional_Life
заниматься;cvičit;to exercise;core2000 A2_B1_Sports_and_Activities
обручиться;zasnoubit se;to get engaged;core2000 A2_B1_Family_Extended_and_Life_Events
число/количество;počet;number/count;core2000 A2_B1_Materials_Shapes_Quantities
противень;pekáč;baking tray;core2000 A2_B1_Cooking_and_Kitchen
скульптура;socha;sculpture;core2000 A2_B1_Music_Arts_Entertainment
ветвь/ветка;větev;branch;core2000 A2_B1_Plants_Trees_Landscape
бутерброд/сэндвич;sendvič/chlebíček;sandwich;core2000 A2_Food_Extended_Fruits_Vegetables_Dishes
делать покупки;nakupovat;to shop/buy groceries;core2000 A2_B1_Verbs_of_Daily_Life
луг;louka;meadow;core2000 A2_06_10_House_Culture_Nature_Services_Narration
бюстгальтер;podprsenka;bra;core2000 A2_Clothes_and_Fashion
указательный палец;ukazováček;index finger;core2000 A2_B1_Body_Extended_and_Medical
вытирать;vytírat;to wipe/mop;core2000 A2_B1_Household_Tools_DIY
ограничение скорости;rychlostní omezení;speed limit;core2000 A2_B1_Car_Driving_Transportation
пролив;průliv;strait;core2000 A2_B1_Geography_Countries_Nationalities
дельфин;delfín;dolphin;core2000 A2_Animals_Detailed
делегировать;delegovat;to delegate;core2000 A2_B1_Office_and_Professional_Life
растягиваться;protahovat se;to stretch;core2000 A2_B1_Sports_and_Activities
жениться/выйти замуж;oženit se/vdát se;to get married;core2000 A2_B1_Family_Extended_and_Life_Events
половина;polovina/půlka;half;core2000 A2_B1_Materials_Shapes_Quantities
миска;mísa;bowl;core2000 A2_B1_Cooking_and_Kitchen
фотография;fotografie;photography;core2000 A2_B1_Music_Arts_Entertainment
лист;list;leaf;core2000 A2_B1_Plants_Trees_Landscape
макароны/паста;těstoviny;pasta;core2000 A2_Food_Extended_Fruits_Vegetables_Dishes
поливать (цветы);zalévat (květiny);to water (plants);core2000 A2_B1_Verbs_of_Daily_Life
пуговица;knoflík;button;core2000 A2_Clothes_and_Fashion
морозит;mrzne;it's freezing;core2000 A2_B1_Weather_Extended
средний палец;prostředníček;middle finger;core2000 A2_B1_Body_Extended_and_Medical
шеф/начальник;šéf;boss;core2000 A2_02_05_Transport_Education_Work_Appearance
пробка;dopravní zácpa;traffic jam;core2000 A2_B1_Car_Driving_Transportation
залив;záliv;bay/gulf;core2000 A2_B1_Geography_Countries_Nationalities
акула;žralok;shark;core2000 A2_Animals_Detailed
координировать;koordinovat;to coordinate;core2000 A2_B1_Office_and_Professional_Life
присед/приседание;dřep;squat;core2000 A2_B1_Sports_and_Activities
ждать ребёнка/быть беременной;čekat dítě/být těhotná;to expect a child/be pregnant;core2000 A2_B1_Family_Extended_and_Life_Events
треть;třetina;third;core2000 A2_B1_Materials_Shapes_Quantities
сушильная машина;sušička;dryer;core2000 A2_B1_Furniture_and_Home_Interior
деревянная ложка;vařečka;wooden spoon;core2000 A2_B1_Cooking_and_Kitchen
полотно/холст;plátno;canvas;core2000 A2_B1_Music_Arts_Entertainment
цветок/бутон;květ/poupě;blossom/bud;core2000 A2_B1_Plants_Trees_Landscape
кормить;krmit;to feed;core2000 A2_B1_Verbs_of_Daily_Life
молния;zip;zipper;core2000 A2_Clothes_and_Fashion
влажно;vlhko;humid;core2000 A2_B1_Weather_Extended
безымянный палец;prsteníček;ring finger;core2000 A2_B1_Body_Extended_and_Medical
коллега;kolega;colleague;core2000 A2_02_05_Transport_Education_Work_Appearance
объезд;objížďka;detour;core2000 A2_B1_Car_Driving_Transportation
пустыня;poušť;desert;core2000 A2_B1_Geography_Countries_Nationalities
крокодил;krokodýl;crocodile;core2000 A2_Animals_Detailed
сотрудничать;spolupracovat;to collaborate;core2000 A2_B1_Office_and_Professional_Life
отжимание;klik;push-up;core2000 A2_B1_Sports_and_Activities
родить;porodit;to give birth;core2000 A2_B1_Family_Extended_and_Life_Events
четверть;čtvrtina;quarter;core2000 A2_B1_Materials_Shapes_Quantities
корзина для белья;koš na prádlo;laundry basket;core2000 A2_B1_Furniture_and_Home_Interior
тёрка;struhadlo;grater;core2000 A2_B1_Cooking_and_Kitchen
кисть;štětec;paintbrush;core2000 A2_B1_Music_Arts_Entertainment
плод/фрукт;plod/ovoce;fruit;core2000 A2_B1_Plants_Trees_Landscape
блин;palačinka;pancake/crêpe;core2000 A2_Food_Extended_Fruits_Vegetables_Dishes
душно;dusno;muggy/stuffy;core2000 A2_B1_Weather_Extended
мизинец;malíček;little finger;core2000 A2_B1_Body_Extended_and_Medical
зарплата;plat/mzda;salary;core2000 A2_02_05_Transport_Education_Work_Appearance
авария/ДТП;nehoda;accident;core2000 A2_B1_Car_Driving_Transportation
джунгли;džungle/prales;jungle;core2000 A2_B1_Geography_Countries_Nationalities
птица;pták;bird;core2000 A2_Animals_Detailed
консультировать;konzultovat;to consult;core2000 A2_B1_Office_and_Professional_Life
беговая дорожка;běhání na pásu;treadmill;core2000 A2_B1_Sports_and_Activities
воспитывать;vychovávat;to raise/bring up;core2000 A2_B1_Family_Extended_and_Life_Events
двойной;dvojnásobek;double;core2000 A2_B1_Materials_Shapes_Quantities
дуршлаг;cedník;colander;core2000 A2_B1_Cooking_and_Kitchen
цвет/краска;barva;color/paint;core2000 A2_B1_Music_Arts_Entertainment
семя/зерно;semeno/semínko;seed;core2000 A2_B1_Plants_Trees_Landscape
драник;bramborák;potato pancake;core2000 A2_Food_Extended_Fruits_Vegetables_Dishes
камень;kámen;stone;core2000 A2_06_10_House_Culture_Nature_Services_Narration
раздеваться;svlékat se;to undress;core2000 A2_Clothes_and_Fashion
парко/парно;parno;sultry;core2000 A2_B1_Weather_Extended
ноготь;nehet;fingernail;core2000 A2_B1_Body_Extended_and_Medical
вешать;věšet;to hang;core2000 A2_B1_Household_Tools_DIY
отпуск;dovolená;vacation;core2000 A2_02_05_Transport_Education_Work_Appearance
штраф;pokuta (za rychlost);fine/ticket;core2000 A2_B1_Car_Driving_Transportation
долина;údolí;valley;core2000 A2_B1_Geography_Countries_Nationalities
орёл;orel;eagle;core2000 A2_Animals_Detailed
вести переговоры;vyjednávat;to negotiate;core2000 A2_B1_Office_and_Professional_Life
гантель;závaží/činka;dumbbell/weight;core2000 A2_B1_Sports_and_Activities
развестись;rozvést se;to get divorced;core2000 A2_B1_Family_Extended_and_Life_Events
тройной;trojnásobek;triple;core2000 A2_B1_Materials_Shapes_Quantities
коврик для ванной;koupelnová předložka;bath mat;core2000 A2_B1_Furniture_and_Home_Interior
открывалка;otvírák;opener;core2000 A2_B1_Cooking_and_Kitchen
кора;kůra;bark;core2000 A2_B1_Plants_Trees_Landscape
котлета/шницель;řízek;schnitzel/cutlet;core2000 A2_Food_Extended_Fruits_Vegetables_Dishes
запереть (на ключ);zamknout (na klíč);to lock;core2000 A2_B1_Verbs_of_Daily_Life
примерять;zkoušet (oblečení);to try on;core2000 A2_Clothes_and_Fashion
скользко;kluzko;slippery;core2000 A2_B1_Weather_Extended
кулак;pěst;fist;core2000 A2_B1_Body_Extended_and_Medical
водительские права;řidičský průkaz;driver's license;core2000 A2_B1_Car_Driving_Transportation
вулкан;sopka/vulkán;volcano;core2000 A2_B1_Geography_Countries_Nationalities
сокол;sokol;falcon;core2000 A2_Animals_Detailed
внедрить/реализовать;implementovat/zavést;to implement;core2000 A2_B1_Office_and_Professional_Life
выносливость;vytrvalost;endurance;core2000 A2_B1_Sports_and_Activities
овдоветь;ovdovět;to become widowed;core2000 A2_B1_Family_Extended_and_Life_Events
метр;metr;meter;core2000 A2_B1_Materials_Shapes_Quantities
занавеска для душа;sprchový závěs;shower curtain;core2000 A2_B1_Furniture_and_Home_Interior
штопор;vývrtka;corkscrew;core2000 A2_B1_Cooking_and_Kitchen
коллекция;sbírka;collection;core2000 A2_B1_Music_Arts_Entertainment
шип/колючка;trn/osten;thorn;core2000 A2_B1_Plants_Trees_Landscape
гуляш;guláš;goulash;core2000 A2_Food_Extended_Fruits_Vegetables_Dishes
отпереть;odemknout;to unlock;core2000 A2_B1_Verbs_of_Daily_Life
воздух;vzduch;air;core2000 A2_06_10_House_Culture_Nature_Services_Narration
носить;nosit;to wear;core2000 A2_Clothes_and_Fashion
небо;nebe/obloha;sky;core2000 A2_B1_Weather_Extended
головная боль;bolest hlavy;headache;core2000 A2_B1_Body_Extended_and_Medical
инженер;inženýr;engineer;core2000 A2_02_05_Transport_Education_Work_Appearance
бензин/дизель;benzín/nafta;gasoline/diesel;core2000 A2_B1_Car_Driving_Transportation
водопад;vodopád;waterfall;core2000 A2_B1_Geography_Countries_Nationalities
сова;sova;owl;core2000 A2_Animals_Detailed
оптимизировать;optimalizovat;to optimize;core2000 A2_B1_Office_and_Professional_Life
выйти на пенсию;odejít do důchodu;to retire;core2000 A2_B1_Family_Extended_and_Life_Events
километр;kilometr;kilometer;core2000 A2_B1_Materials_Shapes_Quantities
плитка/кафель;dlaždice/kachličky;tiles;core2000 A2_B1_Furniture_and_Home_Interior
разделочная доска;prkénko;cutting board;core2000 A2_B1_Cooking_and_Kitchen
оригинал/копия;originál/kopie;original/copy;core2000 A2_B1_Music_Arts_Entertainment
пыльца;pyl;pollen;core2000 A2_B1_Plants_Trees_Landscape
жаркое;pečeně;roast;core2000 A2_Food_Extended_Fruits_Vegetables_Dishes
огонь;oheň;fire;core2000 A2_06_10_House_Culture_Nature_Services_Narration
подходить;padnout/sedět;to fit;core2000 A2_Clothes_and_Fashion
зубная боль;bolest zubů;toothache;core2000 A2_B1_Body_Extended_and_Medical
полировать;leštit;to polish;core2000 A2_B1_Household_Tools_DIY
юрист/адвокат;právník;lawyer;core2000 A2_02_05_Transport_Education_Work_Appearance
заправка/АЗС;čerpací stanice;gas station;core2000 A2_B1_Car_Driving_Transportation
побережье;pobřeží;coast;core2000 A2_B1_Geography_Countries_Nationalities
ворона/ворон;vrána/havran;crow/raven;core2000 A2_Animals_Detailed
контролировать/мониторить;monitorovat/sledovat;to monitor;core2000 A2_B1_Office_and_Professional_Life
разминка;rozcvička;warm-up;core2000 A2_B1_Sports_and_Activities
умереть;zemřít/umřít;to die;core2000 A2_B1_Family_Extended_and_Life_Events
сантиметр;centimetr;centimeter;core2000 A2_B1_Materials_Shapes_Quantities
слив;odtok;drain;core2000 A2_B1_Furniture_and_Home_Interior
вкусный;chutný;tasty/delicious;core2000 A2_B1_Cooking_and_Kitchen
развлечение;zábava;entertainment;core2000 A2_B1_Music_Arts_Entertainment
ландшафт/пейзаж;krajina;landscape;core2000 A2_B1_Plants_Trees_Landscape
мороженое;zmrzlina;ice cream;core2000 A2_Food_Extended_Fruits_Vegetables_Dishes
хлопок;bavlna;cotton;core2000 A2_Clothes_and_Fashion
боль в горле;bolest v krku;sore throat;core2000 A2_B1_Body_Extended_and_Medical
бухгалтер;účetní;accountant;core2000 A2_02_05_Transport_Education_Work_Appearance
общественный транспорт;MHD/veřejná doprava;public transport;core2000 A2_B1_Car_Driving_Transportation
граница;hranice;border;core2000 A2_B1_Geography_Countries_Nationalities
голубь;holub;pigeon/dove;core2000 A2_Animals_Detailed
архивировать;archivovat;to archive;core2000 A2_B1_Office_and_Professional_Life
похороны;pohřeb;funeral;core2000 A2_B1_Family_Extended_and_Life_Events
килограмм;kilogram;kilogram;core2000 A2_B1_Materials_Shapes_Quantities
кухонный гарнитур;kuchyňská linka;kitchen cabinets;core2000 A2_B1_Furniture_and_Home_Interior
невкусный;nechutný;disgusting;core2000 A2_B1_Cooking_and_Kitchen
игра;hra (video);game;core2000 A2_B1_Music_Arts_Entertainment
холм;kopec/vrch;hill;core2000 A2_B1_Plants_Trees_Landscape
торт/пирог;dort/koláč;cake;core2000 A2_Food_Extended_Fruits_Vegetables_Dishes
поднять;zvednout;to lift/pick up;core2000 A2_B1_Verbs_of_Daily_Life
шерсть;vlna;wool;core2000 A2_Clothes_and_Fashion
ливень (короткий);přeháňka;shower;core2000 A2_B1_Weather_Extended
сломать/разбить;rozbít;to break;core2000 A2_B1_Household_Tools_DIY
программист;programátor;programmer;core2000 A2_02_05_Transport_Education_Work_Appearance
метро;metro;metro/subway;core2000 A2_B1_Car_Driving_Transportation
столица;hlavní město;capital city;core2000 A2_B1_Geography_Countries_Nationalities
ласточка;vlaštovka;swallow;core2000 A2_Animals_Detailed
оцифровать;digitalizovat;to digitize;core2000 A2_B1_Office_and_Professional_Life
траур;truchlení/smutek;mourning/grief;core2000 A2_B1_Family_Extended_and_Life_Events
литр;litr;liter;core2000 A2_B1_Materials_Shapes_Quantities
раковина/мойка;dřez;kitchen sink;core2000 A2_B1_Furniture_and_Home_Interior
пряный;kořeněný;spicy (seasoned);core2000 A2_B1_Cooking_and_Kitchen
соревнование/конкурс;soutěž;competition;core2000 A2_B1_Music_Arts_Entertainment
печенье;sušenka;cookie/biscuit;core2000 A2_Food_Extended_Fruits_Vegetables_Dishes
положить;položit;to put down;core2000 A2_B1_Verbs_of_Daily_Life
шёлк;hedvábí;silk;core2000 A2_Clothes_and_Fashion
ливень;liják/průtrž;downpour;core2000 A2_B1_Weather_Extended
закрепить;připevnit;to attach/fasten;core2000 A2_B1_Household_Tools_DIY
журналист;novinář;journalist;core2000 A2_02_05_Transport_Education_Work_Appearance
житель;obyvatel;inhabitant;core2000 A2_B1_Geography_Countries_Nationalities
аист;čáp;stork;core2000 A2_Animals_Detailed
автоматизировать;automatizovat;to automate;core2000 A2_B1_Office_and_Professional_Life
наследство;dědictví;inheritance;core2000 A2_B1_Family_Extended_and_Life_Events
кран;kohoutek/vodovodní baterie;faucet/tap;core2000 A2_B1_Furniture_and_Home_Interior
пресный;mdlý/nevýrazný;bland;core2000 A2_B1_Cooking_and_Kitchen
фестиваль;festival;festival;core2000 A2_B1_Music_Arts_Entertainment
вершина/пик;vrchol/štít;summit/peak;core2000 A2_B1_Plants_Trees_Landscape
шоколад;čokoláda;chocolate;core2000 A2_Food_Extended_Fruits_Vegetables_Dishes
повесить;pověsit;to hang (up);core2000 A2_B1_Verbs_of_Daily_Life
морось/изморось;mrholení;drizzle;core2000 A2_B1_Weather_Extended
заменить;vyměnit;to replace;core2000 A2_B1_Household_Tools_DIY
повар;kuchař;cook/chef;core2000 A2_02_05_Transport_Education_Work_Appearance
население;populace/obyvatelstvo;population;core2000 A2_B1_Geography_Countries_Nationalities
лебедь;labuť;swan;core2000 A2_Animals_Detailed
отдать на аутсорсинг;outsourcovat;to outsource;core2000 A2_B1_Office_and_Professional_Life
завещание;závěť/testament;will/testament;core2000 A2_B1_Family_Extended_and_Life_Events
процент;procento;percent;core2000 A2_B1_Materials_Shapes_Quantities
хрустящий;křupavý;crispy;core2000 A2_B1_Cooking_and_Kitchen
цирк;cirkus;circus;core2000 A2_B1_Music_Arts_Entertainment
конфета;bonbon/cukrátko;candy/sweet;core2000 A2_Food_Extended_Fruits_Vegetables_Dishes
снять;sundat/sejmout;to take down;core2000 A2_B1_Verbs_of_Daily_Life
лён;len;linen;core2000 A2_Clothes_and_Fashion
головокружение;závratě;dizziness;core2000 A2_B1_Body_Extended_and_Medical
установить;nainstalovat;to install;core2000 A2_B1_Household_Tools_DIY
ремесленник;řemeslník;craftsman;core2000 A2_02_05_Transport_Education_Work_Appearance
троллейбус;trolejbus;trolleybus;core2000 A2_B1_Car_Driving_Transportation
север;sever;north;core2000 A2_B1_Geography_Countries_Nationalities
воробей;vrabec;sparrow;core2000 A2_Animals_Detailed
приоритизировать;prioritizovat;to prioritize;core2000 A2_B1_Office_and_Professional_Life
декретный отпуск;mateřská dovolená;maternity leave;core2000 A2_B1_Family_Extended_and_Life_Events
среднее;průměr;average;core2000 A2_B1_Materials_Shapes_Quantities
парк развлечений;zábavní park;amusement park;core2000 A2_B1_Music_Arts_Entertainment
скала/утёс;útes/skála;cliff/rock;core2000 A2_B1_Plants_Trees_Landscape
принести;přinést;to bring;core2000 A2_B1_Verbs_of_Daily_Life
почта;pošta;post office;core2000 A2_06_10_House_Culture_Nature_Services_Narration
снежинка;sněhová vločka;snowflake;core2000 A2_B1_Weather_Extended
тошнота;nevolnost;nausea;core2000 A2_B1_Body_Extended_and_Medical
красить;malovat (stěny);to paint (walls);core2000 A2_B1_Household_Tools_DIY
расписание;jízdní řád;timetable/schedule;core2000 A2_B1_Car_Driving_Transportation
юг;jih;south;core2000 A2_B1_Geography_Countries_Nationalities
насекомые;hmyz;insects;core2000 A2_Animals_Detailed
отчёт/доклад;zpráva/hlášení;report;core2000 A2_B1_Office_and_Professional_Life
максимум;maximum;maximum;core2000 A2_B1_Materials_Shapes_Quantities
микроволновка;mikrovlnka;microwave;core2000 A2_B1_Furniture_and_Home_Interior
сырой;syrový/raw;raw;core2000 A2_B1_Cooking_and_Kitchen
входной билет;vstupné;admission ticket;core2000 A2_B1_Music_Arts_Entertainment
пещера;jeskyně;cave;core2000 A2_B1_Plants_Trees_Landscape
унести;odnést;to take away/carry off;core2000 A2_B1_Verbs_of_Daily_Life
банк;banka;bank;core2000 A2_06_10_House_Culture_Nature_Services_Narration
снегопад;sněžení;snowfall;core2000 A2_B1_Weather_Extended
понос/диарея;průjem;diarrhea;core2000 A2_B1_Body_Extended_and_Medical
сверлить;vrtat;to drill;core2000 A2_B1_Household_Tools_DIY
низкий;nízký;short;core2000 A2_02_05_Transport_Education_Work_Appearance
восток;východ;east;core2000 A2_B1_Geography_Countries_Nationalities
муха;moucha;fly;core2000 A2_Animals_Detailed
договор/контракт;smlouva;contract;core2000 A2_B1_Office_and_Professional_Life
ясли;jesle;nursery/crèche;core2000 A2_B1_Family_Extended_and_Life_Events
минимум;minimum;minimum;core2000 A2_B1_Materials_Shapes_Quantities
варёный;vařený;boiled;core2000 A2_B1_Cooking_and_Kitchen
представление;představení;performance/show;core2000 A2_B1_Music_Arts_Entertainment
болото;bažina/mokřad;swamp/marsh;core2000 A2_B1_Plants_Trees_Landscape
йогурт;jogurt;yogurt;core2000 A2_Food_Extended_Fruits_Vegetables_Dishes
подать;podat;to hand/pass;core2000 A2_B1_Verbs_of_Daily_Life
полиция;policie;police;core2000 A2_06_10_House_Culture_Nature_Services_Narration
ледяной дождь;ledovka;freezing rain;core2000 A2_B1_Weather_Extended
запор;zácpa;constipation;core2000 A2_B1_Body_Extended_and_Medical
закручивать;šroubovat;to screw;core2000 A2_B1_Household_Tools_DIY
сильный;silný;strong;core2000 A2_02_05_Transport_Education_Work_Appearance
проездной;předplatné/jízdenka;travel pass;core2000 A2_B1_Car_Driving_Transportation
запад;západ;west;core2000 A2_B1_Geography_Countries_Nationalities
комар;komár;mosquito;core2000 A2_Animals_Detailed
счёт-фактура;faktura;invoice;core2000 A2_B1_Office_and_Professional_Life
детский сад;školka/mateřská škola;kindergarten;core2000 A2_B1_Family_Extended_and_Life_Events
всего/итого;celkem/dohromady;total/altogether;core2000 A2_B1_Materials_Shapes_Quantities
морозильник;mrazák/mrazička;freezer;core2000 A2_B1_Furniture_and_Home_Interior
печёный;pečený;baked;core2000 A2_B1_Cooking_and_Kitchen
публика/зрители;publikum;audience;core2000 A2_B1_Music_Arts_Entertainment
степь/равнина;stepi/pláně;steppe/plain;core2000 A2_B1_Plants_Trees_Landscape
творог;tvaroh;curd/quark;core2000 A2_Food_Extended_Fruits_Vegetables_Dishes
бросить;hodit;to throw;core2000 A2_B1_Verbs_of_Daily_Life
пожарные;hasiči;fire department;core2000 A2_06_10_House_Culture_Nature_Services_Narration
иней;jinovatka;hoar frost;core2000 A2_B1_Weather_Extended
сыпь;vyrážka;rash;core2000 A2_B1_Body_Extended_and_Medical
измерять;měřit;to measure;core2000 A2_B1_Household_Tools_DIY
слабый;slabý;weak;core2000 A2_02_05_Transport_Education_Work_Appearance
пересадка;přestup;transfer (change);core2000 A2_B1_Car_Driving_Transportation
северо-восток;severovýchod;northeast;core2000 A2_B1_Geography_Countries_Nationalities
пчела;včela;bee;core2000 A2_Animals_Detailed
коммерческое предложение;nabídka (cenová);quote/offer;core2000 A2_B1_Office_and_Professional_Life
няня;chůva/au pair;nanny/babysitter;core2000 A2_B1_Family_Extended_and_Life_Events
посудомоечная машина;myčka (nádobí);dishwasher;core2000 A2_B1_Furniture_and_Home_Interior
жареный;smažený;fried;core2000 A2_B1_Cooking_and_Kitchen
аплодисменты;potlesk;applause;core2000 A2_B1_Music_Arts_Entertainment
поймать;chytit;to catch;core2000 A2_B1_Verbs_of_Daily_Life
учреждение;úřad;office/authority;core2000 A2_06_10_House_Culture_Nature_Services_Narration
капля;kapka;drop;core2000 A2_B1_Weather_Extended
отёк/опухоль;otok;swelling;core2000 A2_B1_Body_Extended_and_Medical
резать/пилить;řezat/pilit;to cut/saw;core2000 A2_B1_Household_Tools_DIY
толстый;tlustý;fat;core2000 A2_02_05_Transport_Education_Work_Appearance
задержка/опоздание;zpoždění;delay;core2000 A2_B1_Car_Driving_Transportation
юго-запад;jihozápad;southwest;core2000 A2_B1_Geography_Countries_Nationalities
бабочка;motýl;butterfly;core2000 A2_Animals_Detailed
усыновление/удочерение;adopce;adoption;core2000 A2_B1_Family_Extended_and_Life_Events
точно;přesně;exactly;core2000 A2_B1_Materials_Shapes_Quantities
электрический чайник;varná konvice;electric kettle;core2000 A2_B1_Furniture_and_Home_Interior
обрыв/утёс;útes (mořský);sea cliff;core2000 A2_B1_Plants_Trees_Landscape
формуляр/бланк;formulář;form;core2000 A2_06_10_House_Culture_Nature_Services_Narration
перелом;zlomenina;fracture;core2000 A2_B1_Body_Extended_and_Medical
худой/стройный;hubený/štíhlý;thin/slim;core2000 A2_02_05_Transport_Education_Work_Appearance
муравей;mravenec;ant;core2000 A2_Animals_Detailed
накладная;dodací list;delivery note;core2000 A2_B1_Office_and_Professional_Life
приёмная семья;pěstounská péče;foster care;core2000 A2_B1_Family_Extended_and_Life_Events
тостер;toustovač;toaster;core2000 A2_B1_Furniture_and_Home_Interior
просёлочная дорога;polní cesta;country road;core2000 A2_B1_Plants_Trees_Landscape
документ/удостоверение;doklad;ID/document;core2000 A2_06_10_House_Culture_Nature_Services_Narration
растяжение/вывих;podvrtnutí;sprain;core2000 A2_B1_Body_Extended_and_Medical
красивый/симпатичный;hezký;pretty/handsome;core2000 A2_02_05_Transport_Education_Work_Appearance
паук;pavouk;spider;core2000 A2_Animals_Detailed
доверенность;plná moc;power of attorney;core2000 A2_B1_Office_and_Professional_Life
алименты;výživné/alimenty;alimony/child support;core2000 A2_B1_Family_Extended_and_Life_Events
блендер/миксер;mixér;blender/mixer;core2000 A2_B1_Furniture_and_Home_Interior
ручей/поток;potok;stream/creek;core2000 A2_B1_Plants_Trees_Landscape
подпись;podpis;signature;core2000 A2_06_10_House_Culture_Nature_Services_Narration
ожог;popálenina;burn;core2000 A2_B1_Body_Extended_and_Medical
некрасивый/уродливый;ošklivý;ugly;core2000 A2_02_05_Transport_Education_Work_Appearance
таракан;šváb;cockroach;core2000 A2_Animals_Detailed
меморандум/служебная записка;memorandum;memo/memorandum;core2000 A2_B1_Office_and_Professional_Life
опекун;opatrovník;guardian;core2000 A2_B1_Family_Extended_and_Life_Events
соковыжималка;odšťavňovač;juicer;core2000 A2_B1_Furniture_and_Home_Interior
источник/родник;pramen/zdroj;spring/source;core2000 A2_B1_Plants_Trees_Landscape
порез;řezná rána;cut;core2000 A2_B1_Body_Extended_and_Medical
волосы;vlasy;hair;core2000 A2_02_05_Transport_Education_Work_Appearance
жук;brouk;beetle;core2000 A2_Animals_Detailed
годовой отчёт;výroční zpráva;annual report;core2000 A2_B1_Office_and_Professional_Life
родительская ответственность;rodičovská odpovědnost;parental responsibility;core2000 A2_B1_Family_Extended_and_Life_Events
кофемашина;kávovar;coffee maker;core2000 A2_B1_Furniture_and_Home_Interior
заявление;žádost;application/request;core2000 A2_06_10_House_Culture_Nature_Services_Narration
шрам/рубец;jizva;scar;core2000 A2_B1_Body_Extended_and_Medical
борода/усы;vous/vousy;beard/mustache;core2000 A2_02_05_Transport_Education_Work_Appearance
червь;červ;worm;core2000 A2_Animals_Detailed
бизнес-план;podnikatelský plán;business plan;core2000 A2_B1_Office_and_Professional_Life
мусорное ведро;odpadkový koš;trash can;core2000 A2_B1_Furniture_and_Home_Interior
вчера;včera;yesterday;core2000 A2_06_10_House_Culture_Nature_Services_Narration
кровотечение;krvácení;bleeding;core2000 A2_B1_Body_Extended_and_Medical
добрый;hodný;kind;core2000 A2_02_05_Transport_Education_Work_Appearance
директор;ředitel/ředitelka;director;core2000 A2_B1_Office_and_Professional_Life
позавчера;předevčírem;day before yesterday;core2000 A2_06_10_House_Culture_Nature_Services_Narration
повязка/бинт;obvaz;bandage;core2000 A2_B1_Body_Extended_and_Medical
злой;zlý;evil/mean;core2000 A2_02_05_Transport_Education_Work_Appearance
менеджер;manažer/ka;manager;core2000 A2_B1_Office_and_Professional_Life
на прошлой неделе;minulý týden;last week;core2000 A2_06_10_House_Culture_Nature_Services_Narration
шов;šev/steh;stitch/suture;core2000 A2_B1_Body_Extended_and_Medical
весёлый;veselý;cheerful;core2000 A2_02_05_Transport_Education_Work_Appearance
генеральный директор;jednatel;CEO;core2000 A2_B1_Office_and_Professional_Life
в прошлом году;loni/vloni;last year;core2000 A2_06_10_House_Culture_Nature_Services_Narration
рентген;rentgen;X-ray;core2000 A2_B1_Body_Extended_and_Medical
грустный/печальный;smutný;sad;core2000 A2_02_05_Transport_Education_Work_Appearance
ассистент/помощник;asistent/ka;assistant;core2000 A2_B1_Office_and_Professional_Life
раньше;dříve/předtím;before/earlier;core2000 A2_06_10_House_Culture_Nature_Services_Narration
кровяное давление;krevní tlak;blood pressure;core2000 A2_B1_Body_Extended_and_Medical
стажёр/практикант;stážista/praktikant;intern;core2000 A2_B1_Office_and_Professional_Life
глупый;hloupý;stupid;core2000 A2_02_05_Transport_Education_Work_Appearance
отдел;oddělení;department;core2000 A2_B1_Office_and_Professional_Life
в конце концов;nakonec;finally;core2000 A2_06_10_House_Culture_Nature_Services_Narration
ленивый;líný;lazy;core2000 A2_02_05_Transport_Education_Work_Appearance
бухгалтерия;účetní oddělení;accounting dept;core2000 A2_B1_Office_and_Professional_Life
вдруг;najednou;suddenly;core2000 A2_06_10_House_Culture_Nature_Services_Narration
прилежный/усердный;pilný;diligent;core2000 A2_02_05_Transport_Education_Work_Appearance
маркетинг;marketing;marketing;core2000 A2_B1_Office_and_Professional_Life
сначала;nejdříve/nejprve;first (of all);core2000 A2_06_10_House_Culture_Nature_Services_Narration
смелый/отважный;odvážný;brave;core2000 A2_02_05_Transport_Education_Work_Appearance
отдел продаж;obchodní oddělení;sales department;core2000 A2_B1_Office_and_Professional_Life
стеснительный;stydlivý;shy;core2000 A2_02_05_Transport_Education_Work_Appearance
счастливый;šťastný;happy;core2000 A2_02_05_Transport_Education_Work_Appearance
несчастный;nešťastný;unhappy;core2000 A2_02_05_Transport_Education_Work_Appearance
поэтому;takže;so/therefore;core2000 A2_06_10_House_Culture_Nature_Services_Narration
злой/сердитый;zlobivý/naštvaný;angry;core2000 A2_02_05_Transport_Education_Work_Appearance
удивлённый;překvapený;surprised;core2000 A2_02_05_Transport_Education_Work_Appearance
пока;zatímco;while;core2000 A2_06_10_House_Culture_Nature_Services_Narration
усталый/уставший;unavený;tired;core2000 A2_02_05_Transport_Education_Work_Appearance
довольный;spokojený;satisfied;core2000 A2_02_05_Transport_Education_Work_Appearance
нервный;nervózní;nervous;core2000 A2_02_05_Transport_Education_Work_Appearance
спокойный;klidný;calm;core2000 A2_02_05_Transport_Education_Work_Appearance
ревнивый;žárlivý;jealous;core2000 A2_02_05_Transport_Education_Work_Appearance
здоровый образ жизни;zdravý životní styl;healthy lifestyle;core2000 B1_02_05_Health_Technology_News_Travel
операционная система;operační systém;operating system;core2000 B1_B2_IT_and_Digital_Life
математика;matematika;mathematics;core2000 B1_B2_Education_Academic_Life_Extended
отношения;vztah;relationship;core2000 B1_01_Relationships
резюме;životopis/CV;CV/resume;core2000 B1_06_10_Career_Environment_History_Law_Abstract
преступление;zločin/trestný čin;crime;core2000 B1_B2_Law_Crime_Justice_Extended
СМИ/медиа;média;media;core2000 B1_B2_Media_Journalism_Internet
бог/Бог;bůh/Bůh;god/God;core2000 B1_B2_Religion_Spirituality_Philosophy
здание;budova;building;core2000 B1_B2_Architecture_Construction_Urban
радость;radost;joy;core2000 B1_Emotions_Detailed
радоваться;radovat se;to be glad/rejoice;core2000 B1_B2_Emotion_Verbs_and_Psychology
отель/гостиница;hotel;hotel;core2000 B1_Travel_Hotel_Accommodation
смеяться;smát se;to laugh;core2000 B1_Reflexive_Verbs_Comparison
диета/питание;strava/dieta;diet/nutrition;core2000 B1_02_05_Health_Technology_News_Travel
браузер;prohlížeč;browser;core2000 B1_B2_IT_and_Digital_Life
физика;fyzika;physics;core2000 B1_B2_Education_Academic_Life_Extended
дружба;přátelství;friendship;core2000 B1_01_Relationships
отойти/уйти;odejít;;core2000 B1_B2_Prefixed_Verb_Families
заявление (о работе);žádost (o práci);job application;core2000 B1_06_10_Career_Environment_History_Law_Abstract
кража;krádež;theft;core2000 B1_B2_Law_Crime_Justice_Extended
пресса;tisk;press;core2000 B1_B2_Media_Journalism_Internet
вера;víra;faith/belief;core2000 B1_B2_Religion_Spirituality_Philosophy
наличные;hotovost;cash;core2000 B1_B2_Money_Banking_Finance
небоскрёб;mrakodrap;skyscraper;core2000 B1_B2_Architecture_Construction_Urban
счастье;štěstí;happiness;core2000 B1_Emotions_Detailed
хостел;hostel;hostel;core2000 B1_Travel_Hotel_Accommodation
упражнение;cvičení;exercise;core2000 B1_02_05_Health_Technology_News_Travel
поиск;vyhledávání;search;core2000 B1_B2_IT_and_Digital_Life
химия;chemie;chemistry;core2000 B1_B2_Education_Academic_Life_Extended
любовь;láska;love;core2000 B1_01_Relationships
выйти;vyjít;;core2000 B1_B2_Prefixed_Verb_Families
собеседование;pohovor;job interview;core2000 B1_06_10_Career_Environment_History_Law_Abstract
ограбление/разбой;loupež;robbery;core2000 B1_B2_Law_Crime_Justice_Extended
религия;náboženství;religion;core2000 B1_B2_Religion_Spirituality_Philosophy
монета;mince;coin;core2000 B1_B2_Money_Banking_Finance
многоквартирный дом;panelák/činžák;apartment block;core2000 B1_B2_Architecture_Construction_Urban
восторг/энтузиазм;nadšení;enthusiasm;core2000 B1_Emotions_Detailed
восхищаться;obdivovat;to admire;core2000 B1_B2_Emotion_Verbs_and_Psychology
рассказывать;povídat/vyprávět;to tell/narrate;core2000 B1_B2_Verbs_of_Communication_and_Thinking
пансионат;penzion;guesthouse/B&B;core2000 B1_Travel_Hotel_Accommodation
заботиться (о);starat se (o);to take care (of);core2000 B1_Reflexive_Verbs_Comparison
кондиция/форма;kondice;fitness/condition;core2000 B1_02_05_Health_Technology_News_Travel
ссылка;odkaz/link;link;core2000 B1_B2_IT_and_Digital_Life
биология;biologie;biology;core2000 B1_B2_Education_Academic_Life_Extended
брак;manželství;marriage;core2000 B1_01_Relationships
войти;vejít;;core2000 B1_B2_Prefixed_Verb_Families
взлом/кража со взломом;vloupání;burglary;core2000 B1_B2_Law_Crime_Justice_Extended
церковь;církev;church (institution);core2000 B1_B2_Religion_Spirituality_Philosophy
купюра/банкнота;bankovka;banknote;core2000 B1_B2_Money_Banking_Finance
частный дом;rodinný dům;detached house;core2000 B1_B2_Architecture_Construction_Urban
надежда;naděje;hope;core2000 B1_Emotions_Detailed
удивляться/изумляться;žasnout;to be amazed;core2000 B1_B2_Emotion_Verbs_and_Psychology
объявить/сообщить;oznámit;to announce;core2000 B1_B2_Verbs_of_Communication_and_Thinking
апартаменты/квартира;apartmán;apartment;core2000 B1_Travel_Hotel_Accommodation
стараться;snažit se;to try/endeavor;core2000 B1_Reflexive_Verbs_Comparison
релаксация/отдых;relaxace;relaxation;core2000 B1_02_05_Health_Technology_News_Travel
страница;stránka;page;core2000 B1_B2_IT_and_Digital_Life
свадьба;svatba;wedding;core2000 B1_01_Relationships
перейти;přejít;;core2000 B1_B2_Prefixed_Verb_Families
увольнение;výpověď;notice/dismissal;core2000 B1_06_10_Career_Environment_History_Law_Abstract
убийство;vražda;murder;core2000 B1_B2_Law_Crime_Justice_Extended
радиопередача;rozhlasové vysílání;radio broadcast;core2000 B1_B2_Media_Journalism_Internet
таунхаус;řadový dům;terraced/row house;core2000 B1_B2_Architecture_Construction_Urban
гордость;hrdost;pride;core2000 B1_Emotions_Detailed
развлекаться/веселиться;bavit se;to have fun;core2000 B1_B2_Emotion_Verbs_and_Psychology
заявить;prohlásit;to declare/state;core2000 B1_B2_Verbs_of_Communication_and_Thinking
дача/домик;chata/chalupa;cabin/cottage;core2000 B1_Travel_Hotel_Accommodation
стресс;stres;stress;core2000 B1_02_05_Health_Technology_News_Travel
развод;rozvod;divorce;core2000 B1_01_Relationships
пройти;projít;;core2000 B1_B2_Prefixed_Verb_Families
повышение;povýšení;promotion;core2000 B1_06_10_Career_Environment_History_Law_Abstract
покушение на убийство;pokus o vraždu;attempted murder;core2000 B1_B2_Law_Crime_Justice_Extended
телепередача;televizní vysílání;TV broadcast;core2000 B1_B2_Media_Journalism_Internet
молитва;modlitba;prayer;core2000 B1_B2_Religion_Spirituality_Philosophy
текущий счёт;běžný účet;current account;core2000 B1_B2_Money_Banking_Finance
вилла;vila;villa;core2000 B1_B2_Architecture_Construction_Urban
благодарность;vděčnost;gratitude;core2000 B1_Emotions_Detailed
наслаждаться;užívat si;to enjoy;core2000 B1_B2_Emotion_Verbs_and_Psychology
утверждать;tvrdit;to claim/assert;core2000 B1_B2_Verbs_of_Communication_and_Thinking
кемпинг;kemp/tábořiště;campsite;core2000 B1_Travel_Hotel_Accommodation
депрессия;deprese;depression;core2000 B1_02_05_Health_Technology_News_Travel
войти;přihlásit se;to log in;core2000 B1_B2_IT_and_Digital_Life
обществознание;občanská nauka;civics/social studies;core2000 B1_B2_Education_Academic_Life_Extended
партнёр/ша;partner/ka;partner;core2000 B1_01_Relationships
обойти;obejít;;core2000 B1_B2_Prefixed_Verb_Families
опыт;zkušenost;experience;core2000 B1_06_10_Career_Environment_History_Law_Abstract
изнасилование;znásilnění;rape;core2000 B1_B2_Law_Crime_Justice_Extended
выпуск новостей;zpravodajství;news program;core2000 B1_B2_Media_Journalism_Internet
молиться;modlit se;to pray;core2000 B1_B2_Religion_Spirituality_Philosophy
сберегательный счёт;spořicí účet;savings account;core2000 B1_B2_Money_Banking_Finance
фабрика/завод;továrna/fabrika;factory;core2000 B1_B2_Architecture_Construction_Urban
облегчение;úleva;relief;core2000 B1_Emotions_Detailed
ценить/оценить;ocenit;to appreciate;core2000 B1_B2_Emotion_Verbs_and_Psychology
отрицать;popírat/zapírat;to deny;core2000 B1_B2_Verbs_of_Communication_and_Thinking
ресепшн/регистратура;recepce;reception/front desk;core2000 B1_Travel_Hotel_Accommodation
тревога;úzkost;anxiety;core2000 B1_02_05_Health_Technology_News_Travel
выйти;odhlásit se;to log out;core2000 B1_B2_IT_and_Digital_Life
физкультура;tělesná výchova;physical education;core2000 B1_B2_Education_Academic_Life_Extended
жених/невеста;snoubenec/ka;fiancé/e;core2000 B1_01_Relationships
дойти;dojít;;core2000 B1_B2_Prefixed_Verb_Families
навык/умение;dovednost;skill;core2000 B1_06_10_Career_Environment_History_Law_Abstract
похищение;únos;kidnapping;core2000 B1_B2_Law_Crime_Justice_Extended
ток-шоу/дебаты;talkshow/debata;talk show/debate;core2000 B1_B2_Media_Journalism_Internet
священник;kněz/farář;priest;core2000 B1_B2_Religion_Spirituality_Philosophy
кредитная карта;kreditní karta;credit card;core2000 B1_B2_Money_Banking_Finance
склад;sklad;warehouse;core2000 B1_B2_Architecture_Construction_Urban
удовлетворение;spokojenost;satisfaction;core2000 B1_Emotions_Detailed
гордиться;být hrdý na;to be proud of;core2000 B1_B2_Emotion_Verbs_and_Psychology
признать(ся);přiznat (se);to admit/confess;core2000 B1_B2_Verbs_of_Communication_and_Thinking
одноместный номер;jednolůžkový pokoj;single room;core2000 B1_Travel_Hotel_Accommodation
аллергия;alergie;allergy;core2000 B1_02_05_Health_Technology_News_Travel
настройки;nastavení;settings;core2000 B1_B2_IT_and_Digital_Life
рисование/ИЗО;výtvarná výchova;art class;core2000 B1_B2_Education_Academic_Life_Extended
сойти;sejít;;core2000 B1_B2_Prefixed_Verb_Families
ответственность;odpovědnost;responsibility;core2000 B1_06_10_Career_Environment_History_Law_Abstract
вымогательство/шантаж;vydírání;blackmail/extortion;core2000 B1_B2_Law_Crime_Justice_Extended
сериал;seriál;TV series;core2000 B1_B2_Media_Journalism_Internet
монах/монахиня;mnich/mniška;monk/nun;core2000 B1_B2_Religion_Spirituality_Philosophy
дебетовая карта;debetní karta;debit card;core2000 B1_B2_Money_Banking_Finance
амбар/сарай;stodola;barn;core2000 B1_B2_Architecture_Construction_Urban
надеяться;doufat;to hope;core2000 B1_B2_Emotion_Verbs_and_Psychology
шептать;šeptat;to whisper;core2000 B1_B2_Verbs_of_Communication_and_Thinking
двухместный номер;dvoulůžkový pokoj;double room;core2000 B1_Travel_Hotel_Accommodation
зависимость;závislost;addiction;core2000 B1_02_05_Health_Technology_News_Travel
уведомление;oznámení;notification;core2000 B1_B2_IT_and_Digital_Life
музыка;hudební výchova;music class;core2000 B1_B2_Education_Academic_Life_Extended
враг/неприятель;nepřítel;enemy;core2000 B1_01_Relationships
срок/дедлайн;termín/lhůta;deadline;core2000 B1_06_10_Career_Environment_History_Law_Abstract
мошенничество;podvod;fraud;core2000 B1_B2_Law_Crime_Justice_Extended
документальный фильм;dokumentární film;documentary;core2000 B1_B2_Media_Journalism_Internet
душа;duše;soul;core2000 B1_B2_Religion_Spirituality_Philosophy
банкомат;bankomat;ATM;core2000 B1_B2_Money_Banking_Finance
башня;věž;tower;core2000 B1_B2_Architecture_Construction_Urban
тоска/желание;touha;longing/desire;core2000 B1_Emotions_Detailed
доверять;důvěřovat;to trust;core2000 B1_B2_Emotion_Verbs_and_Psychology
кричать;křičet;to shout/scream;core2000 B1_B2_Verbs_of_Communication_and_Thinking
люкс/сьют;apartmá/suite;suite;core2000 B1_Travel_Hotel_Accommodation
поделиться;sdílet;to share;core2000 B1_B2_IT_and_Digital_Life
информатика;informatika;computer science;core2000 B1_B2_Education_Academic_Life_Extended
доверие;důvěra;trust;core2000 B1_01_Relationships
разойтись;rozejít se;;core2000 B1_B2_Prefixed_Verb_Families
совещание/заседание;poradu/schůze;meeting;core2000 B1_06_10_Career_Environment_History_Law_Abstract
подделка/фальсификация;padělání;forgery;core2000 B1_B2_Law_Crime_Justice_Extended
дух/совесть;duch/svědomí;spirit/conscience;core2000 B1_B2_Religion_Spirituality_Philosophy
снять (деньги);vybrat (peníze);to withdraw;core2000 B1_B2_Money_Banking_Finance
грусть/печаль;smutek;sadness;core2000 B1_Emotions_Detailed
успокоиться;uklidnit se;to calm down;core2000 B1_B2_Emotion_Verbs_and_Psychology
звать;volat;to call/shout;core2000 B1_B2_Verbs_of_Communication_and_Thinking
завтрак включён;snídaně v ceně;breakfast included;core2000 B1_Travel_Hotel_Accommodation
любить друг друга;milovat se;to love each other;core2000 B1_Reflexive_Verbs_Comparison
скорая помощь;pohotovost;emergency room;core2000 B1_02_05_Health_Technology_News_Travel
копировать;kopírovat;to copy;core2000 B1_B2_IT_and_Digital_Life
экономика;ekonomie;economics;core2000 B1_B2_Education_Academic_Life_Extended
ревность;žárlivost;jealousy;core2000 B1_01_Relationships
написать;napsat;;core2000 B1_B2_Prefixed_Verb_Families
контрабанда;pašování/pašeráctví;smuggling;core2000 B1_B2_Law_Crime_Justice_Extended
спонсор;sponzor;sponsor;core2000 B1_B2_Media_Journalism_Internet
грех;hřích;sin;core2000 B1_B2_Religion_Spirituality_Philosophy
внести/положить (деньги);vložit (peníze);to deposit;core2000 B1_B2_Money_Banking_Finance
тоннель/туннель;tunel;tunnel;core2000 B1_B2_Architecture_Construction_Urban
злость/гнев;zlost/hněv;anger;core2000 B1_Emotions_Detailed
почувствовать облегчение;ulevit se;to feel relieved;core2000 B1_B2_Emotion_Verbs_and_Psychology
упомянуть;zmínit (se);to mention;core2000 B1_B2_Verbs_of_Communication_and_Thinking
полупансион;polopenze;half board;core2000 B1_Travel_Hotel_Accommodation
ссориться;hádat se;to argue/quarrel;core2000 B1_Reflexive_Verbs_Comparison
хирург;chirurg;surgeon;core2000 B1_02_05_Health_Technology_News_Travel
вставить;vložit;to paste;core2000 B1_B2_IT_and_Digital_Life
психология;psychologie;psychology;core2000 B1_B2_Education_Academic_Life_Extended
сочувствие;soucit;sympathy/compassion;core2000 B1_01_Relationships
переписать;přepsat;;core2000 B1_B2_Prefixed_Verb_Families
клиент;zákazník/klient;client/customer;core2000 B1_06_10_Career_Environment_History_Law_Abstract
взятка/коррупция;úplatek/korupce;bribery/corruption;core2000 B1_B2_Law_Crime_Justice_Extended
покаяние;pokání;repentance;core2000 B1_B2_Religion_Spirituality_Philosophy
перевести;převést;to transfer;core2000 B1_B2_Money_Banking_Finance
кладбище;hřbitov;cemetery;core2000 B1_B2_Architecture_Construction_Urban
страх;strach;fear;core2000 B1_Emotions_Detailed
вдохновить;nadchnout/inspirovat;to inspire/excite;core2000 B1_B2_Emotion_Verbs_and_Psychology
цитировать;citovat;to quote;core2000 B1_B2_Verbs_of_Communication_and_Thinking
полный пансион;plná penze;full board;core2000 B1_Travel_Hotel_Accommodation
целоваться;líbat se;to kiss (each other);core2000 B1_Reflexive_Verbs_Comparison
обследование;vyšetření;examination;core2000 B1_02_05_Health_Technology_News_Travel
удалить;smazat;to delete;core2000 B1_B2_IT_and_Digital_Life
социология;sociologie;sociology;core2000 B1_B2_Education_Academic_Life_Extended
прощение;odpuštění;forgiveness;core2000 B1_01_Relationships
записать;zapsat;;core2000 B1_B2_Prefixed_Verb_Families
поставщик;dodavatel;supplier;core2000 B1_06_10_Career_Environment_History_Law_Abstract
вандализм;vandalismus;vandalism;core2000 B1_B2_Law_Crime_Justice_Extended
издатель;vydavatel;publisher;core2000 B1_B2_Media_Journalism_Internet
памятник;pomník;monument;core2000 B1_B2_Architecture_Construction_Urban
обрадовать/порадовать;potěšit;to please/delight;core2000 B1_B2_Emotion_Verbs_and_Psychology
комментировать;komentovat;to comment;core2000 B1_B2_Verbs_of_Communication_and_Thinking
заселение;check-in/příjezd;check-in;core2000 B1_Travel_Hotel_Accommodation
договориться;dohodnout se;to agree/reach deal;core2000 B1_Reflexive_Verbs_Comparison
сохранить;uložit;to save;core2000 B1_B2_IT_and_Digital_Life
юриспруденция;právo;law (studies);core2000 B1_B2_Education_Academic_Life_Extended
разочарование;zklamání;disappointment;core2000 B1_01_Relationships
подписать;podepsat;;core2000 B1_B2_Prefixed_Verb_Families
конкуренция;konkurence;competition;core2000 B1_06_10_Career_Environment_History_Law_Abstract
поджог;žhářství;arson;core2000 B1_B2_Law_Crime_Justice_Extended
тираж;náklad (tisku);circulation/print run;core2000 B1_B2_Media_Journalism_Internet
спасение;spasení/spása;salvation;core2000 B1_B2_Religion_Spirituality_Philosophy
выставить счёт;účtovat/fakturovat;to charge/invoice;core2000 B1_B2_Money_Banking_Finance
фонтан;fontána/kašna;fountain;core2000 B1_B2_Architecture_Construction_Urban
стыд;stud/hanba;shame;core2000 B1_Emotions_Detailed
удовлетворить;uspokojit;to satisfy;core2000 B1_B2_Emotion_Verbs_and_Psychology
обсуждать/дискутировать;diskutovat;to discuss;core2000 B1_B2_Verbs_of_Communication_and_Thinking
выселение;check-out/odjezd;check-out;core2000 B1_Travel_Hotel_Accommodation
попрощаться;rozloučit se;to say goodbye;core2000 B1_Reflexive_Verbs_Comparison
рецепт;recept;prescription;core2000 B1_02_05_Health_Technology_News_Travel
программирование;programování;programming;core2000 B1_B2_IT_and_Digital_Life
учиться/изучать;studovat;to study;core2000 B1_B2_Education_Academic_Life_Extended
восхищение;obdiv;admiration;core2000 B1_01_Relationships
выписать;vypsat;;core2000 B1_B2_Prefixed_Verb_Families
прибыль;zisk;profit;core2000 B1_06_10_Career_Environment_History_Law_Abstract
наркоторговля;pašování drog;drug trafficking;core2000 B1_B2_Law_Crime_Justice_Extended
христианство;křesťanství;Christianity;core2000 B1_B2_Religion_Spirituality_Philosophy
быть должным;dlužit;to owe;core2000 B1_B2_Money_Banking_Finance
фундамент;základy;foundation;core2000 B1_B2_Architecture_Construction_Urban
вина;vina;guilt;core2000 B1_Emotions_Detailed
мешать / раздражать;obtěžovat / otravovat;to bother / annoy;core2000 B1_B2_Emotion_Verbs_and_Psychology
ключ от номера;klíč od pokoje;room key;core2000 B1_Travel_Hotel_Accommodation
мыться;mýt se;to wash (oneself);core2000 B1_Reflexive_Verbs_Comparison
укол/прививка;injekce/očkování;injection/vaccination;core2000 B1_02_05_Health_Technology_News_Travel
код;kód;code;core2000 B1_B2_IT_and_Digital_Life
учить (наизусть);učit se (nazpaměť);to memorize;core2000 B1_B2_Education_Academic_Life_Extended
уважение;respekt/úcta;respect;core2000 B1_01_Relationships
дописать;dopsat;;core2000 B1_B2_Prefixed_Verb_Families
убыток/потеря;ztráta;loss;core2000 B1_06_10_Career_Environment_History_Law_Abstract
отмывание денег;praní špinavých peněz;money laundering;core2000 B1_B2_Law_Crime_Justice_Extended
корреспондент;zpravodaj/korespondent;correspondent;core2000 B1_B2_Media_Journalism_Internet
католицизм;katolicismus;Catholicism;core2000 B1_B2_Religion_Spirituality_Philosophy
выплачивать/погашать;splácet;to repay;core2000 B1_B2_Money_Banking_Finance
зависть;závist;envy;core2000 B1_Emotions_Detailed
фрустрировать;frustrovat;to frustrate;core2000 B1_B2_Emotion_Verbs_and_Psychology
просить/требовать;žádat/prosit;to ask/request;core2000 B1_B2_Verbs_of_Communication_and_Thinking
обслуживание номеров;pokojová služba;room service;core2000 B1_Travel_Hotel_Accommodation
давление (кровяное);tlak (krevní);blood pressure;core2000 B1_02_05_Health_Technology_News_Travel
ошибка/баг;chyba/bug;bug/error;core2000 B1_B2_IT_and_Digital_Life
повторять;opakovat;to review/repeat;core2000 B1_B2_Education_Academic_Life_Extended
ненависть;nenávist;hatred;core2000 B1_01_Relationships
отписать;odepsat;;core2000 B1_B2_Prefixed_Verb_Families
бюджет;rozpočet;budget;core2000 B1_06_10_Career_Environment_History_Law_Abstract
киберпреступность;kybernetický zločin;cybercrime;core2000 B1_B2_Law_Crime_Justice_Extended
статья;článek;article;core2000 B1_B2_Media_Journalism_Internet
протестантизм;protestantismus;Protestantism;core2000 B1_B2_Religion_Spirituality_Philosophy
занять/взять в долг;půjčit (si);to borrow;core2000 B1_B2_Money_Banking_Finance
отвращать / обескураживать;znechutit / odradit;to disgust / discourage;core2000 B1_B2_Emotion_Verbs_and_Psychology
требовать;požadovat;to demand;core2000 B1_B2_Verbs_of_Communication_and_Thinking
мини-бар;minibar;minibar;core2000 B1_Travel_Hotel_Accommodation
диабет/сахарный;cukrovka;diabetes;core2000 B1_02_05_Health_Technology_News_Travel
тренироваться/практиковаться;procvičovat;to practice;core2000 B1_B2_Education_Academic_Life_Extended
пописать;popsat;;core2000 B1_B2_Prefixed_Verb_Families
инвестиция;investice;investment;core2000 B1_06_10_Career_Environment_History_Law_Abstract
домашнее насилие;domácí násilí;domestic violence;core2000 B1_B2_Law_Crime_Justice_Extended
заголовок;titulek/nadpis;headline;core2000 B1_B2_Media_Journalism_Internet
православие;pravoslaví;Orthodox Christianity;core2000 B1_B2_Religion_Spirituality_Philosophy
одолжить/дать в долг;půjčit (komu);to lend;core2000 B1_B2_Money_Banking_Finance
одиночество;osamělost;loneliness;core2000 B1_Emotions_Detailed
угнетать / подавлять;deprimovat;to depress;core2000 B1_B2_Emotion_Verbs_and_Psychology
настаивать;naléhat;to insist;core2000 B1_B2_Verbs_of_Communication_and_Thinking
сейф;trezor/sejf;safe/vault;core2000 B1_Travel_Hotel_Accommodation
рак;rakovina;cancer;core2000 B1_02_05_Health_Technology_News_Travel
переменная;proměnná;variable;core2000 B1_B2_IT_and_Digital_Life
читать лекцию;přednášet;to lecture;core2000 B1_B2_Education_Academic_Life_Extended
сожаление;lítost;regret;core2000 B1_01_Relationships
расписать;rozpsat;;core2000 B1_B2_Prefixed_Verb_Families
предпринимательство;podnikání;entrepreneurship;core2000 B1_06_10_Career_Environment_History_Law_Abstract
преследование;stalking/pronásledování;stalking;core2000 B1_B2_Law_Crime_Justice_Extended
колонка/комментарий;sloupek/komentář;column/commentary;core2000 B1_B2_Media_Journalism_Internet
ислам;islám;Islam;core2000 B1_B2_Religion_Spirituality_Philosophy
экономить/копить;šetřit/spořit;to save (money);core2000 B1_B2_Money_Banking_Finance
скука;nuda;boredom;core2000 B1_Emotions_Detailed
мучиться / переживать;trápit se;to worry / torment oneself;core2000 B1_B2_Emotion_Verbs_and_Psychology
убеждать;přesvědčovat;to persuade;core2000 B1_B2_Verbs_of_Communication_and_Thinking
Wi-Fi (бесплатный);Wi-Fi (bezplatné);(free) Wi-Fi;core2000 B1_Travel_Hotel_Accommodation
функция;funkce;function;core2000 B1_B2_IT_and_Digital_Life
записывать;zapisovat si;to take notes;core2000 B1_B2_Education_Academic_Life_Extended
познакомиться;seznámit se;to meet/get acquainted;core2000 B1_01_Relationships
приписать;připsat;;core2000 B1_B2_Prefixed_Verb_Families
окружающая среда;životní prostředí;environment;core2000 B1_06_10_Career_Environment_History_Law_Abstract
преступник;pachatel;perpetrator;core2000 B1_B2_Law_Crime_Justice_Extended
интервью;rozhovor;interview;core2000 B1_B2_Media_Journalism_Internet
иудаизм;judaismus;Judaism;core2000 B1_B2_Religion_Spirituality_Philosophy
доход;příjem;income;core2000 B1_B2_Money_Banking_Finance
дымоход/труба;komín;chimney;core2000 B1_B2_Architecture_Construction_Urban
фрустрация/разочарование;frustrace;frustration;core2000 B1_Emotions_Detailed
жалеть / сожалеть;litovat;to regret;core2000 B1_B2_Emotion_Verbs_and_Psychology
советовать;radit;to advise;core2000 B1_B2_Verbs_of_Communication_and_Thinking
измениться;změnit se;to change (become different);core2000 B1_Reflexive_Verbs_Comparison
ноутбук;notebook/laptop;laptop;core2000 B1_02_05_Health_Technology_News_Travel
цикл;smyčka;loop;core2000 B1_B2_IT_and_Digital_Life
исследовать;zkoumat/bádat;to research;core2000 B1_B2_Education_Academic_Life_Extended
встречаться;chodit s (někým);to date;core2000 B1_01_Relationships
описать;opsat;;core2000 B1_B2_Prefixed_Verb_Families
загрязнение;znečištění;pollution;core2000 B1_06_10_Career_Environment_History_Law_Abstract
подозреваемый;podezřelý;suspect;core2000 B1_B2_Law_Crime_Justice_Extended
пресс-конференция;tisková konference;press conference;core2000 B1_B2_Media_Journalism_Internet
буддизм;buddhismus;Buddhism;core2000 B1_B2_Religion_Spirituality_Philosophy
расход/расходы;výdaj/výdaje;expense/expenses;core2000 B1_B2_Money_Banking_Finance
балкон;balkon;balcony;core2000 B1_B2_Architecture_Construction_Urban
отчаяние;zoufalství;despair;core2000 B1_Emotions_Detailed
рекомендовать;doporučit;to recommend;core2000 B1_B2_Verbs_of_Communication_and_Thinking
рейс/полёт;let;flight;core2000 B1_Travel_Hotel_Accommodation
улучшиться;zlepšit se;to improve (get better);core2000 B1_Reflexive_Verbs_Comparison
мобильный/смартфон;mobil/telefon;mobile/smartphone;core2000 B1_02_05_Health_Technology_News_Travel
условие;podmínka;condition;core2000 B1_B2_IT_and_Digital_Life
анализировать;analyzovat;to analyze;core2000 B1_B2_Education_Academic_Life_Extended
влюбиться;zamilovat se;to fall in love;core2000 B1_01_Relationships
сделать;udělat;;core2000 B1_B2_Prefixed_Verb_Families
отходы/мусор;odpad/odpady;waste/trash;core2000 B1_06_10_Career_Environment_History_Law_Abstract
обвиняемый;obviněný/obžalovaný;accused/defendant;core2000 B1_B2_Law_Crime_Justice_Extended
источник;zdroj (informací);source;core2000 B1_B2_Media_Journalism_Internet
индуизм;hinduismus;Hinduism;core2000 B1_B2_Religion_Spirituality_Philosophy
терраса;terasa;terrace;core2000 B1_B2_Architecture_Construction_Urban
подозревать;podezírat;to suspect;core2000 B1_B2_Emotion_Verbs_and_Psychology
предупреждать;varovat;to warn;core2000 B1_B2_Verbs_of_Communication_and_Thinking
посадочный талон;palubní vstupenka;boarding pass;core2000 B1_Travel_Hotel_Accommodation
ухудшиться;zhoršit se;to worsen;core2000 B1_Reflexive_Verbs_Comparison
подводить итог;shrnout;to summarize;core2000 B1_B2_Education_Academic_Life_Extended
переделать;předělat;;core2000 B1_B2_Prefixed_Verb_Families
переработка;recyklace;recycling;core2000 B1_06_10_Career_Environment_History_Law_Abstract
жертва;oběť;victim;core2000 B1_B2_Law_Crime_Justice_Extended
эксклюзив;exkluzivita;exclusive;core2000 B1_B2_Media_Journalism_Internet
атеизм;ateismus;atheism;core2000 B1_B2_Religion_Spirituality_Philosophy
премия;prémie/bonus;bonus;core2000 B1_B2_Money_Banking_Finance
лифт;výtah;elevator/lift;core2000 B1_B2_Architecture_Construction_Urban
отвращение;odpor/hnus;disgust;core2000 B1_Emotions_Detailed
унизить;ponížit / pokořit;to humiliate;core2000 B1_B2_Emotion_Verbs_and_Psychology
угрожать;vyhrožovat;to threaten;core2000 B1_B2_Verbs_of_Communication_and_Thinking
регистрация;odbavení/check-in;check-in;core2000 B1_Travel_Hotel_Accommodation
увеличиться;zvětšit se;to increase;core2000 B1_Reflexive_Verbs_Comparison
интерфейс;rozhraní;interface;core2000 B1_B2_IT_and_Digital_Life
ссылаться на;odkazovat na;to cite/refer to;core2000 B1_B2_Education_Academic_Life_Extended
доделать;dodělat;;core2000 B1_B2_Prefixed_Verb_Families
возобновляемый;obnovitelný;renewable;core2000 B1_06_10_Career_Environment_History_Law_Abstract
свидетель;svědek;witness;core2000 B1_B2_Law_Crime_Justice_Extended
цензура;cenzura;censorship;core2000 B1_B2_Media_Journalism_Internet
агностицизм;agnosticismus;agnosticism;core2000 B1_B2_Religion_Spirituality_Philosophy
чаевые;spropitné;tip;core2000 B1_B2_Money_Banking_Finance
презрение;pohrdání;contempt;core2000 B1_Emotions_Detailed
обидеть / ранить;ublížit;to hurt (emotionally);core2000 B1_B2_Emotion_Verbs_and_Psychology
контроль безопасности;bezpečnostní kontrola;security check;core2000 B1_Travel_Hotel_Accommodation
уменьшиться;zmenšit se;to decrease;core2000 B1_Reflexive_Verbs_Comparison
экран;obrazovka/displej;screen/display;core2000 B1_02_05_Health_Technology_News_Travel
заработать;vydělat;;core2000 B1_B2_Prefixed_Verb_Families
изменение климата;klimatická změna;climate change;core2000 B1_06_10_Career_Environment_History_Law_Abstract
судья;soudce;judge;core2000 B1_B2_Law_Crime_Justice_Extended
веб-сайт/сайт;webová stránka;website;core2000 B1_B2_Media_Journalism_Internet
крещение;křest;baptism;core2000 B1_B2_Religion_Spirituality_Philosophy
аренда/квартплата;nájem/nájemné;rent;core2000 B1_B2_Money_Banking_Finance
коридор;chodba;corridor/hallway;core2000 B1_B2_Architecture_Construction_Urban
ностальгия;nostalgie;nostalgia;core2000 B1_Emotions_Detailed
разочаровать;zklamat;to disappoint;core2000 B1_B2_Emotion_Verbs_and_Psychology
выход/гейт;brána/gate;gate;core2000 B1_Travel_Hotel_Accommodation
фреймворк;framework/rámec;framework;core2000 B1_B2_IT_and_Digital_Life
контрольная/тест;test/písemka;test;core2000 B1_B2_Education_Academic_Life_Extended
глобальное потепление;globální oteplování;global warming;core2000 B1_06_10_Career_Environment_History_Law_Abstract
адвокат/защитник;advokát/obhájce;lawyer/defense attorney;core2000 B1_B2_Law_Crime_Justice_Extended
блог;blog;blog;core2000 B1_B2_Media_Journalism_Internet
венчание;svatba (církevní);wedding (church);core2000 B1_B2_Religion_Spirituality_Philosophy
взнос/платёж;splátka;installment;core2000 B1_B2_Money_Banking_Finance
колонна/столб;sloup/pilíř;column/pillar;core2000 B1_B2_Architecture_Construction_Urban
разочарование;rozčarování;disappointment;core2000 B1_Emotions_Detailed
напугать / испугать;vyděsit / vystrašit;to scare / frighten;core2000 B1_B2_Emotion_Verbs_and_Psychology
посадка;nástup/boarding;boarding;core2000 B1_Travel_Hotel_Accommodation
пароль;heslo;password;core2000 B1_02_05_Health_Technology_News_Travel
сервер;server;server;core2000 B1_B2_IT_and_Digital_Life
помириться;usmířit se;to reconcile;core2000 B1_01_Relationships
наделать;nadělat;;core2000 B1_B2_Prefixed_Verb_Families
выбросы;emise;emissions;core2000 B1_06_10_Career_Environment_History_Law_Abstract
прокурор/обвинитель;žalobce/státní zástupce;prosecutor;core2000 B1_B2_Law_Crime_Justice_Extended
подкаст;podcast;podcast;core2000 B1_B2_Media_Journalism_Internet
страховка;pojistka/pojištění;insurance;core2000 B1_B2_Money_Banking_Finance
арка/свод;oblouk/klenba;arch/vault;core2000 B1_B2_Architecture_Construction_Urban
замешательство;rozpaky;embarrassment;core2000 B1_Emotions_Detailed
встревожить;znepokojit;to worry / disturb;core2000 B1_B2_Emotion_Verbs_and_Psychology
отказать;odmítnout;to refuse/reject;core2000 B1_B2_Verbs_of_Communication_and_Thinking
ручная кладь;příruční zavazadlo;carry-on luggage;core2000 B1_Travel_Hotel_Accommodation
извиниться;omluvit se;to apologize;core2000 B1_Reflexive_Verbs_Comparison
файл;soubor;file;core2000 B1_02_05_Health_Technology_News_Travel
база данных;databáze;database;core2000 B1_B2_IT_and_Digital_Life
вступительный экзамен;přijímací zkouška;entrance exam;core2000 B1_B2_Education_Academic_Life_Extended
углеродный след;uhlíková stopa;carbon footprint;core2000 B1_06_10_Career_Environment_History_Law_Abstract
полицейский;policista/policistka;police officer;core2000 B1_B2_Law_Crime_Justice_Extended
прямой эфир/стрим;živé vysílání/stream;livestream;core2000 B1_B2_Media_Journalism_Internet
исповедь;zpověď;confession;core2000 B1_B2_Religion_Spirituality_Philosophy
налог;daň;tax;core2000 B1_B2_Money_Banking_Finance
фасад;fasáda;facade;core2000 B1_B2_Architecture_Construction_Urban
любопытство;zvědavost;curiosity;core2000 B1_Emotions_Detailed
отчаиваться;zoufat si;to despair;core2000 B1_B2_Emotion_Verbs_and_Psychology
принять;přijmout;to accept;core2000 B1_B2_Verbs_of_Communication_and_Thinking
регистрируемый багаж;zavazadlo k odbavení;checked luggage;core2000 B1_Travel_Hotel_Accommodation
сосредоточиться;soustředit se;to concentrate;core2000 B1_Reflexive_Verbs_Comparison
тестирование;testování;testing;core2000 B1_B2_IT_and_Digital_Life
выпускной экзамен;závěrečná zkouška;final exam;core2000 B1_B2_Education_Academic_Life_Extended
близкий;blízký;close;core2000 B1_01_Relationships
переложить;přeložit;;core2000 B1_B2_Prefixed_Verb_Families
охрана природы;ochrana přírody;nature conservation;core2000 B1_06_10_Career_Environment_History_Law_Abstract
детектив/следователь;detektiv/vyšetřovatel;detective/investigator;core2000 B1_B2_Law_Crime_Justice_Extended
инфлюенсер/блогер;influencer;influencer;core2000 B1_B2_Media_Journalism_Internet
месса/служба;mše/bohoslužba;mass/service;core2000 B1_B2_Religion_Spirituality_Philosophy
НДС;DPH;VAT;core2000 B1_B2_Money_Banking_Finance
забор/ограда;plot/ohrada;fence;core2000 B1_B2_Architecture_Construction_Urban
удивление/сюрприз;překvapení;surprise;core2000 B1_Emotions_Detailed
возражать;namítat;to object;core2000 B1_B2_Verbs_of_Communication_and_Thinking
перевес багажа;nadváha (zavazadla);excess baggage;core2000 B1_Travel_Hotel_Accommodation
подготовиться;připravit se;to prepare (oneself);core2000 B1_Reflexive_Verbs_Comparison
скачать;stáhnout;to download;core2000 B1_02_05_Health_Technology_News_Travel
пост/запись;příspěvek/post;post;core2000 B1_B2_IT_and_Digital_Life
аттестат зрелости;maturita;school-leaving exam;core2000 B1_B2_Education_Academic_Life_Extended
далёкий;vzdálený;distant;core2000 B1_01_Relationships
наложить;naložit;;core2000 B1_B2_Prefixed_Verb_Families
вымирающий вид;ohrožený druh;endangered species;core2000 B1_06_10_Career_Environment_History_Law_Abstract
заключённый;vězeň;prisoner;core2000 B1_B2_Law_Crime_Justice_Extended
вирусный;virální;viral;core2000 B1_B2_Media_Journalism_Internet
пост;půst;fasting;core2000 B1_B2_Religion_Spirituality_Philosophy
тротуар;chodník;sidewalk/pavement;core2000 B1_B2_Architecture_Construction_Urban
подозрение;podezření;suspicion;core2000 B1_Emotions_Detailed
протестовать;protestovat;to protest;core2000 B1_B2_Verbs_of_Communication_and_Thinking
выдача багажа;výdej zavazadel;baggage claim;core2000 B1_Travel_Hotel_Accommodation
загрузить;nahrát;to upload;core2000 B1_02_05_Health_Technology_News_Travel
комментарий;komentář;comment;core2000 B1_B2_IT_and_Digital_Life
государственный экзамен;státnice;state exam;core2000 B1_B2_Education_Academic_Life_Extended
верный;věrný;faithful;core2000 B1_01_Relationships
отложить;odložit;;core2000 B1_B2_Prefixed_Verb_Families
лесной пожар;lesní požár;forest fire;core2000 B1_06_10_Career_Environment_History_Law_Abstract
охранник/надзиратель;dozorce;guard/warden;core2000 B1_B2_Law_Crime_Justice_Extended
хэштег;hashtag;hashtag;core2000 B1_B2_Media_Journalism_Internet
паломничество;pouť;pilgrimage;core2000 B1_B2_Religion_Spirituality_Philosophy
опасение;obava;concern/worry;core2000 B1_Emotions_Detailed
ревновать;žárlit;to be jealous;core2000 B1_B2_Emotion_Verbs_and_Psychology
уступить;ustoupit;to give in/concede;core2000 B1_B2_Verbs_of_Communication_and_Thinking
потерянный багаж;ztracené zavazadlo;lost luggage;core2000 B1_Travel_Hotel_Accommodation
поисковик;vyhledávač;search engine;core2000 B1_02_05_Health_Technology_News_Travel
подписаться;sledovat/odebírat;to follow/subscribe;core2000 B1_B2_IT_and_Digital_Life
защита (работы);obhajoba (práce);defense (thesis);core2000 B1_B2_Education_Academic_Life_Extended
неверный;nevěrný;unfaithful;core2000 B1_01_Relationships
выложить;vyložit;;core2000 B1_B2_Prefixed_Verb_Families
присяжный;porotce;juror;core2000 B1_B2_Law_Crime_Justice_Extended
мем;meme/mem;meme;core2000 B1_B2_Media_Journalism_Internet
медитация;meditace;meditation;core2000 B1_B2_Religion_Spirituality_Philosophy
чек/квитанция;účtenka/paragon;receipt;core2000 B1_B2_Money_Banking_Finance
эмпатия/сочувствие;empatie/soucit;empathy/compassion;core2000 B1_Emotions_Detailed
сочувствовать;soucítit;to sympathize;core2000 B1_B2_Emotion_Verbs_and_Psychology
сдаться;vzdát se;to give up;core2000 B1_B2_Verbs_of_Communication_and_Thinking
таможня;celnice;customs;core2000 B1_Travel_Hotel_Accommodation
соцсети;sociální sítě;social media;core2000 B1_02_05_Health_Technology_News_Travel
лайкнуть;lajkovat;to like;core2000 B1_B2_IT_and_Digital_Life
средний балл;prospěch;grade point average;core2000 B1_B2_Education_Academic_Life_Extended
искренний;upřímný;sincere;core2000 B1_01_Relationships
приложить;přiložit;;core2000 B1_B2_Prefixed_Verb_Families
расследование;vyšetřování;investigation;core2000 B1_B2_Law_Crime_Justice_Extended
дезинформация;dezinformace;disinformation;core2000 B1_B2_Media_Journalism_Internet
благословение;požehnání;blessing;core2000 B1_B2_Religion_Spirituality_Philosophy
парковка;parkoviště;parking lot;core2000 B1_B2_Architecture_Construction_Urban
волнение/возбуждение;vzrušení;excitement;core2000 B1_Emotions_Detailed
простить;odpustit;to forgive;core2000 B1_B2_Emotion_Verbs_and_Psychology
настаивать (на);trvat (na);to insist (on);core2000 B1_B2_Verbs_of_Communication_and_Thinking
взлёт;vzlet;takeoff;core2000 B1_Travel_Hotel_Accommodation
приложение;aplikace;app/application;core2000 B1_02_05_Health_Technology_News_Travel
провалиться/не сдать;propadnout;to fail;core2000 B1_B2_Education_Academic_Life_Extended
эгоистичный;sobecký;selfish;core2000 B1_01_Relationships
разложить;rozložit;;core2000 B1_B2_Prefixed_Verb_Families
землетрясение;zemětřesení;earthquake;core2000 B1_06_10_Career_Environment_History_Law_Abstract
арест/задержание;zatčení/zadržení;arrest/detention;core2000 B1_B2_Law_Crime_Justice_Extended
фейк/фейковые новости;falešná zpráva/hoax;fake news;core2000 B1_B2_Media_Journalism_Internet
проклятие;kletba/prokletí;curse;core2000 B1_B2_Religion_Spirituality_Philosophy
долг;dluh;debt;core2000 B1_B2_Money_Banking_Finance
подземный переход;podchod;underpass;core2000 B1_B2_Architecture_Construction_Urban
изумление;úžas;astonishment;core2000 B1_Emotions_Detailed
признать;uznat;to acknowledge;core2000 B1_B2_Verbs_of_Communication_and_Thinking
посадка/приземление;přistání;landing;core2000 B1_Travel_Hotel_Accommodation
обновление;aktualizace;update;core2000 B1_02_05_Health_Technology_News_Travel
видеозвонок;videohovor;video call;core2000 B1_B2_IT_and_Digital_Life
сдать (экзамен);složit (zkoušku);to pass (exam);core2000 B1_B2_Education_Academic_Life_Extended
заботливый;starostlivý;caring;core2000 B1_01_Relationships
доложить;doložit;;core2000 B1_B2_Prefixed_Verb_Families
бедность/нищета;chudoba;poverty;core2000 B1_06_10_Career_Environment_History_Law_Abstract
обвинение;obvinění;accusation/charge;core4000 B1_B2_Law_Crime_Justice_Extended
проверка фактов;fakt/ověřování faktů;fact-checking;core4000 B1_B2_Media_Journalism_Internet
бытие/существование;bytí/existence;being/existence;core4000 B1_B2_Religion_Spirituality_Philosophy
процент;úrok;interest;core4000 B1_B2_Money_Banking_Finance
эстакада/виадук;nadjezd/most;overpass/flyover;core4000 B1_B2_Architecture_Construction_Urban
презирать;pohrdnout;to despise;core4000 B1_B2_Emotion_Verbs_and_Psychology
пересадка;přestup (letecký);connecting flight/transfer;core4000 B1_Travel_Hotel_Accommodation
искусственный интеллект;umělá inteligence;artificial intelligence;core4000 B1_02_05_Health_Technology_News_Travel
отличие/с отличием;vyznamenání;honors/distinction;core4000 B1_B2_Education_Academic_Life_Extended
сложить;složit;;core4000 B1_B2_Prefixed_Verb_Families
неравенство;nerovnost;inequality;core4000 B1_06_10_Career_Environment_History_Law_Abstract
судебный процесс;soudní řízení/proces;trial;core4000 B1_B2_Law_Crime_Justice_Extended
кликбейт;clickbait;clickbait;core4000 B1_B2_Media_Journalism_Internet
сущность;podstata/esence;essence;core4000 B1_B2_Religion_Spirituality_Philosophy
ипотека;hypotéka;mortgage;core4000 B1_B2_Money_Banking_Finance
парк;park;park;core4000 B1_B2_Architecture_Construction_Urban
пожертвовать собой;obětovat se;to sacrifice oneself;core4000 B1_B2_Emotion_Verbs_and_Psychology
размышлять;přemýšlet;to reflect/ponder;core4000 B1_B2_Verbs_of_Communication_and_Thinking
задержка рейса;zpoždění letu;flight delay;core4000 B1_Travel_Hotel_Accommodation
данные;data/údaje;data;core4000 B1_02_05_Health_Technology_News_Travel
стримить;streamovat;to stream;core4000 B1_B2_IT_and_Digital_Life
реферат;referát;paper/presentation;core4000 B1_B2_Education_Academic_Life_Extended
преданный;oddaný;devoted;core4000 B1_01_Relationships
бездомный;bezdomovec;homeless person;core4000 B1_06_10_Career_Environment_History_Law_Abstract
допрос;výslech;interrogation;core4000 B1_B2_Law_Crime_Justice_Extended
алгоритм;algoritmus (sociálních sítí);algorithm;core4000 B1_B2_Media_Journalism_Internet
действительность/реальность;skutečnost/realita;reality;core4000 B1_B2_Religion_Spirituality_Philosophy
пенсия;důchod/penze;pension/retirement;core4000 B1_B2_Money_Banking_Finance
рассматривать;uvažovat;to consider;core4000 B1_B2_Verbs_of_Communication_and_Thinking
отменённый рейс;zrušený let;cancelled flight;core4000 B1_Travel_Hotel_Accommodation
сеть;síť;network;core4000 B1_02_05_Health_Technology_News_Travel
контент;obsah/content;content;core4000 B1_B2_IT_and_Digital_Life
эссе;esej;essay;core4000 B1_B2_Education_Academic_Life_Extended
независимый;nezávislý;independent;core4000 B1_01_Relationships
заложить;založit;;core4000 B1_B2_Prefixed_Verb_Families
волонтёр/доброволец;dobrovolník;volunteer;core4000 B1_06_10_Career_Environment_History_Law_Abstract
доказательство/улика;důkaz;evidence;core4000 B1_B2_Law_Crime_Justice_Extended
фильтр/пузырь;filtr/bublina;filter bubble;core4000 B1_B2_Media_Journalism_Internet
иллюзия;iluze/přelud;illusion;core4000 B1_B2_Religion_Spirituality_Philosophy
пригород;předměstí;suburb;core4000 B1_B2_Architecture_Construction_Urban
психическое здоровье;duševní zdraví;mental health;core4000 B1_B2_Emotion_Verbs_and_Psychology
турбулентность;turbulence;turbulence;core4000 B1_Travel_Hotel_Accommodation
беспроводной;bezdrátový;wireless;core4000 B1_02_05_Health_Technology_News_Travel
алгоритм;algoritmus;algorithm;core4000 B1_B2_IT_and_Digital_Life
курсовая работа;seminární práce;seminar paper;core4000 B1_B2_Education_Academic_Life_Extended
благотворительность;charita;charity;core4000 B1_06_10_Career_Environment_History_Law_Abstract
алиби;alibi;alibi;core4000 B1_B2_Law_Crime_Justice_Extended
троллинг;trolling;trolling;core4000 B1_B2_Media_Journalism_Internet
судьба;osud;fate/destiny;core4000 B1_B2_Religion_Spirituality_Philosophy
банкротство;bankrot;bankruptcy;core4000 B1_B2_Money_Banking_Finance
промышленная зона;průmyslová zóna;industrial zone;core4000 B1_B2_Architecture_Construction_Urban
тревожное расстройство;úzkostná porucha;anxiety disorder;core4000 B1_B2_Emotion_Verbs_and_Psychology
оценивать;odhadovat;to estimate;core4000 B1_B2_Verbs_of_Communication_and_Thinking
аварийная посадка;nouzové přistání;emergency landing;core4000 B1_Travel_Hotel_Accommodation
бакалаврская работа;bakalářská práce;bachelor's thesis;core4000 B1_B2_Education_Academic_Life_Extended
привести;přivést;;core4000 B1_B2_Prefixed_Verb_Families
история;dějiny/historie;history;core4000 B1_06_10_Career_Environment_History_Law_Abstract
приговор;rozsudek/verdikt;verdict/sentence;core4000 B1_B2_Law_Crime_Justice_Extended
создатель контента;tvůrce obsahu;content creator;core4000 B1_B2_Media_Journalism_Internet
смысл жизни;smysl života;meaning of life;core4000 B1_B2_Religion_Spirituality_Philosophy
торговый центр;obchodní centrum;shopping center;core4000 B1_B2_Architecture_Construction_Urban
двухфакторная аутентификация;dvoufázové ověření;2FA;core4000 B1_B2_IT_and_Digital_Life
дипломная/магистерская работа;diplomová práce;master's thesis;core4000 B1_B2_Education_Academic_Life_Extended
отвести;odvést;;core4000 B1_B2_Prefixed_Verb_Families
столетие/век;století;century;core4000 B1_06_10_Career_Environment_History_Law_Abstract
виновный;vinný;guilty;core4000 B1_B2_Law_Crime_Justice_Extended
видео;video/videoklip;video;core4000 B1_B2_Media_Journalism_Internet
бессмертие;nesmrtelnost;immortality;core4000 B1_B2_Religion_Spirituality_Philosophy
рынок/базар;tržiště/trh;market;core4000 B1_B2_Architecture_Construction_Urban
выгорание;vyhoření / burnout;burnout;core4000 B1_B2_Emotion_Verbs_and_Psychology
оценивать;hodnotit;to evaluate;core4000 B1_B2_Verbs_of_Communication_and_Thinking
шифрование;šifrování;encryption;core4000 B1_B2_IT_and_Digital_Life
диссертация;disertace/dizertace;dissertation/PhD thesis;core4000 B1_B2_Education_Academic_Life_Extended
вывести;vyvést;;core4000 B1_B2_Prefixed_Verb_Families
война;válka;war;core4000 B1_06_10_Career_Environment_History_Law_Abstract
невиновный;nevinný;not guilty;core4000 B1_B2_Law_Crime_Justice_Extended
вечность;věčnost;eternity;core4000 B1_B2_Religion_Spirituality_Philosophy
порт;přístav;port/harbor;core4000 B1_B2_Architecture_Construction_Urban
сравнивать;srovnávat/porovnávat;to compare;core4000 B1_B2_Verbs_of_Communication_and_Thinking
вирус;virus/malware;virus/malware;core4000 B1_B2_IT_and_Digital_Life
аннотация/реферат;abstrakt;abstract;core4000 B1_B2_Education_Academic_Life_Extended
мир;mír;peace;core4000 B1_06_10_Career_Environment_History_Law_Abstract
апелляция;odvolání;appeal;core4000 B1_B2_Law_Crime_Justice_Extended
графика;grafika;graphic;core4000 B1_B2_Media_Journalism_Internet
нравственность;mravnost/morálka;morality;core4000 B1_B2_Religion_Spirituality_Philosophy
канализация;kanalizace;sewage system;core4000 B1_B2_Architecture_Construction_Urban
паническая атака;panická ataka;panic attack;core4000 B1_B2_Emotion_Verbs_and_Psychology
различать;rozlišovat;to distinguish;core4000 B1_B2_Verbs_of_Communication_and_Thinking
пресс-секретарь;tiskový mluvčí;spokesperson;core4000 B1_02_05_Health_Technology_News_Travel
хакер;hacker;hacker;core4000 B1_B2_IT_and_Digital_Life
библиография;bibliografie/seznam literatury;bibliography;core4000 B1_B2_Education_Academic_Life_Extended
довести;dovést;;core4000 B1_B2_Prefixed_Verb_Families
битва;bitva;battle;core4000 B1_06_10_Career_Environment_History_Law_Abstract
штраф/наказание;pokuta/trest;fine/penalty;core4000 B1_B2_Law_Crime_Justice_Extended
миниатюра/превью;miniatura/náhled;thumbnail;core4000 B1_B2_Media_Journalism_Internet
добродетель;ctnost;virtue;core4000 B1_B2_Religion_Spirituality_Philosophy
водопровод;vodovod;water supply;core4000 B1_B2_Architecture_Construction_Urban
фобия;fobie;phobia;core4000 B1_B2_Emotion_Verbs_and_Psychology
обобщать;zobecňovat;to generalize;core4000 B1_B2_Verbs_of_Communication_and_Thinking
конфиденциальность;soukromí/ochrana dat;privacy/data protection;core4000 B1_B2_IT_and_Digital_Life
сноска;poznámka pod čarou;footnote;core4000 B1_B2_Education_Academic_Life_Extended
завести;zavést;;core4000 B1_B2_Prefixed_Verb_Families
победа;vítězství;victory;core4000 B1_06_10_Career_Environment_History_Law_Abstract
условный срок;podmínečný trest;suspended sentence;core4000 B1_B2_Law_Crime_Justice_Extended
субтитры;titulky (u videa);subtitles;core4000 B1_B2_Media_Journalism_Internet
порок;neřest;vice;core4000 B1_B2_Religion_Spirituality_Philosophy
строить;stavět;to build;core4000 B1_B2_Architecture_Construction_Urban
психотерапия;psychoterapie;psychotherapy;core4000 B1_B2_Emotion_Verbs_and_Psychology
делать вывод;dedukovat/vyvozovat;to deduce/conclude;core4000 B1_B2_Verbs_of_Communication_and_Thinking
опрос;průzkum;survey/poll;core4000 B1_02_05_Health_Technology_News_Travel
резервная копия;záloha/backup;backup;core4000 B1_B2_IT_and_Digital_Life
цитата;citace;citation/quote;core4000 B1_B2_Education_Academic_Life_Extended
навести;navést;;core4000 B1_B2_Prefixed_Verb_Families
поражение;porážka;defeat;core4000 B1_06_10_Career_Environment_History_Law_Abstract
пожизненное заключение;doživotí;life sentence;core4000 B1_B2_Law_Crime_Justice_Extended
монтаж/редактирование;střih/editování;editing;core4000 B1_B2_Media_Journalism_Internet
справедливость;spravedlnost;justice;core4000 B1_B2_Religion_Spirituality_Philosophy
снести/разрушить;zbourat/zdemolovat;to demolish;core4000 B1_B2_Architecture_Construction_Urban
психотерапевт / психолог;terapeut / psycholog;therapist / psychologist;core4000 B1_B2_Emotion_Verbs_and_Psychology
событие;událost;event;core4000 B1_02_05_Health_Technology_News_Travel
обновить;aktualizovat;to update;core4000 B1_B2_IT_and_Digital_Life
плагиат;plagiát;plagiarism;core4000 B1_B2_Education_Academic_Life_Extended
провести;provést;;core4000 B1_B2_Prefixed_Verb_Families
король;král;king;core4000 B1_06_10_Career_Environment_History_Law_Abstract
тюрьма;vězení;prison;core4000 B1_B2_Law_Crime_Justice_Extended
авторские права;autorská práva;copyright;core4000 B1_B2_Media_Journalism_Internet
равенство;rovnost;equality;core4000 B1_B2_Religion_Spirituality_Philosophy
реконструировать/ремонтировать;rekonstruovat/renovovat;to renovate;core4000 B1_B2_Architecture_Construction_Urban
управление (стрессом);zvládání (stresu);coping (with stress);core4000 B1_B2_Emotion_Verbs_and_Psychology
догадываться;domýšlet se;to guess/suspect;core4000 B1_B2_Verbs_of_Communication_and_Thinking
рецензия;recenze/posudek;review/peer review;core4000 B1_B2_Education_Academic_Life_Extended
свести;svést;;core4000 B1_B2_Prefixed_Verb_Families
королева;královna;queen;core4000 B1_06_10_Career_Environment_History_Law_Abstract
освобождение;propuštění;release;core4000 B1_B2_Law_Crime_Justice_Extended
лицензионный сбор;licenční poplatek;royalty/license fee;core4000 B1_B2_Media_Journalism_Internet
свобода воли;svoboda vůle;free will;core4000 B1_B2_Religion_Spirituality_Philosophy
проектировать;projektovat/navrhovat;to design;core4000 B1_B2_Architecture_Construction_Urban
осознать;realizovat/uvědomit si;to realize;core4000 B1_B2_Verbs_of_Communication_and_Thinking
опубликовать;publikovat;to publish;core4000 B1_B2_Education_Academic_Life_Extended
царь/император;císař;emperor;core4000 B1_06_10_Career_Environment_History_Law_Abstract
реабилитация;rehabilitace;rehabilitation;core4000 B1_B2_Law_Crime_Justice_Extended
монетизация;monetizace;monetization;core4000 B1_B2_Media_Journalism_Internet
детерминизм;determinismus;determinism;core4000 B1_B2_Religion_Spirituality_Philosophy
понимать;chápat/rozumět;to understand/grasp;core4000 B1_B2_Verbs_of_Communication_and_Thinking
ученик;žák;pupil/student (school);core4000 B1_B2_Education_Academic_Life_Extended
поставить;postavit;;core4000 B1_B2_Prefixed_Verb_Families
революция;revoluce;revolution;core4000 B1_06_10_Career_Environment_History_Law_Abstract
спасение;záchrana;rescue;core4000 B1_02_05_Health_Technology_News_Travel
настовить;nastavit;;core4000 B1_B2_Prefixed_Verb_Families
независимость;nezávislost;independence;core4000 B1_06_10_Career_Environment_History_Law_Abstract
записывать;zapisovat;to write down/note;core4000 B1_B2_Verbs_of_Communication_and_Thinking
протест;protest;protest;core4000 B1_02_05_Health_Technology_News_Travel
выпускник;absolvent;graduate;core4000 B1_B2_Education_Academic_Life_Extended
традиция;tradice;tradition;core4000 B1_06_10_Career_Environment_History_Law_Abstract
кран/подъёмный кран;jeřáb;crane;core4000 B1_B2_Architecture_Construction_Urban
переписывать;přepisovat;to rewrite/copy;core4000 B1_B2_Verbs_of_Communication_and_Thinking
выборы;volby;elections;core4000 B1_02_05_Health_Technology_News_Travel
самоучка;samouk;self-taught person;core4000 B1_B2_Education_Academic_Life_Extended
представить;představit;;core4000 B1_B2_Prefixed_Verb_Families
обычай;zvyk/obyčej;custom;core4000 B1_06_10_Career_Environment_History_Law_Abstract
леса/строительные леса;lešení;scaffolding;core4000 B1_B2_Architecture_Construction_Urban
голосовать;hlasovat;to vote;core4000 B1_02_05_Health_Technology_News_Travel
стипендиат;stipendista;scholarship holder;core4000 B1_B2_Education_Academic_Life_Extended
выставить;vystavit;;core4000 B1_B2_Prefixed_Verb_Families
Рождество;Vánoce;Christmas;core4000 B1_06_10_Career_Environment_History_Law_Abstract
стройплощадка;staveniště;construction site;core4000 B1_B2_Architecture_Construction_Urban
редактировать;redigovat/upravit;to edit;core4000 B1_B2_Verbs_of_Communication_and_Thinking
общественное мнение;veřejné mínění;public opinion;core4000 B1_02_05_Health_Technology_News_Travel
аспирант/докторант;doktorand;PhD student;core4000 B1_B2_Education_Academic_Life_Extended
явиться;dostavit se;;core4000 B1_B2_Prefixed_Verb_Families
Пасха;Velikonoce;Easter;core4000 B1_06_10_Career_Environment_History_Law_Abstract
свобода прессы;svoboda tisku;press freedom;core4000 B1_02_05_Health_Technology_News_Travel
одарённый/талантливый;nadaný/talentovaný;gifted/talented;core4000 B1_B2_Education_Academic_Life_Extended
отставить;odstavit;;core4000 B1_B2_Prefixed_Verb_Families
праздник;svátek;holiday/feast;core4000 B1_06_10_Career_Environment_History_Law_Abstract
усердие/трудолюбие;píle/pracovitost;diligence/hard work;core4000 B1_B2_Education_Academic_Life_Extended
приставить;přistavit;;core4000 B1_B2_Prefixed_Verb_Families
народная песня;lidová píseň;folk song;core4000 B1_06_10_Career_Environment_History_Law_Abstract
переводить (устно);tlumočit;to interpret;core4000 B1_B2_Verbs_of_Communication_and_Thinking
коррупция;korupce;corruption;core4000 B1_02_05_Health_Technology_News_Travel
лень;lenost;laziness;core4000 B1_B2_Education_Academic_Life_Extended
установить;ustanovit;;core4000 B1_B2_Prefixed_Verb_Families
легенда/предание;pověst/legenda;legend;core4000 B1_06_10_Career_Environment_History_Law_Abstract
формулировать;formulovat;to formulate;core4000 B1_B2_Verbs_of_Communication_and_Thinking
заявление;prohlášení;statement;core4000 B1_02_05_Health_Technology_News_Travel
мотивация;motivace;motivation;core4000 B1_B2_Education_Academic_Life_Extended
обставить;obstarat;;core4000 B1_B2_Prefixed_Verb_Families
паспорт;cestovní pas;passport;core4000 B1_02_05_Health_Technology_News_Travel
виза;vízum;visa;core4000 B1_02_05_Health_Technology_News_Travel
страховка;pojištění;insurance;core4000 B1_02_05_Health_Technology_News_Travel
суд;soud;court;core4000 B1_06_10_Career_Environment_History_Law_Abstract
жильё/проживание;ubytování;accommodation;core4000 B1_02_05_Health_Technology_News_Travel
бронирование;rezervace;reservation;core4000 B1_02_05_Health_Technology_News_Travel
жалоба/рекламация;stížnost/reklamace;complaint;core4000 B1_02_05_Health_Technology_News_Travel
обвиняемый/подсудимый;obžalovaný;defendant;core4000 B1_06_10_Career_Environment_History_Law_Abstract
отмена;zrušení;cancellation;core4000 B1_02_05_Health_Technology_News_Travel
гид/путеводитель;průvodce;guide;core4000 B1_02_05_Health_Technology_News_Travel
наказание;trest;punishment;core4000 B1_06_10_Career_Environment_History_Law_Abstract
памятник/достопримечательность;památka;monument/sight;core4000 B1_02_05_Health_Technology_News_Travel
пляж;pláž;beach;core4000 B1_02_05_Health_Technology_News_Travel
горная хижина;horská chata;mountain hut;core4000 B1_02_05_Health_Technology_News_Travel
поход/экскурсия;túra/výlet;hike/trip;core4000 B1_02_05_Health_Technology_News_Travel
рюкзак;batoh;backpack;core4000 B1_02_05_Health_Technology_News_Travel
карта;mapa;map;core4000 B1_02_05_Health_Technology_News_Travel
обмен валют;směnárna;currency exchange;core4000 B1_02_05_Health_Technology_News_Travel
свобода;svoboda;freedom;core4000 B1_06_10_Career_Environment_History_Law_Abstract
посольство;ambasáda;embassy;core4000 B1_02_05_Health_Technology_News_Travel
конституция;ústava;constitution;core4000 B1_06_10_Career_Environment_History_Law_Abstract
местный;místní;local;core4000 B1_02_05_Health_Technology_News_Travel
гражданин;občan;citizen;core4000 B1_06_10_Career_Environment_History_Law_Abstract
причина;příčina;cause/reason;core4000 B1_06_10_Career_Environment_History_Law_Abstract
последствие;důsledek/následek;consequence;core4000 B1_06_10_Career_Environment_History_Law_Abstract
влияние;vliv;influence;core4000 B1_06_10_Career_Environment_History_Law_Abstract
преимущество;výhoda;advantage;core4000 B1_06_10_Career_Environment_History_Law_Abstract
недостаток;nevýhoda;disadvantage;core4000 B1_06_10_Career_Environment_History_Law_Abstract
риск;riziko;risk;core4000 B1_06_10_Career_Environment_History_Law_Abstract
возможность/шанс;příležitost;opportunity;core4000 B1_06_10_Career_Environment_History_Law_Abstract
решение;řešení;solution;core4000 B1_06_10_Career_Environment_History_Law_Abstract
предложение;návrh;proposal/suggestion;core4000 B1_06_10_Career_Environment_History_Law_Abstract
вероятность;pravděpodobnost;probability;core4000 B1_06_10_Career_Environment_History_Law_Abstract
цель;účel/cíl;goal/purpose;core4000 B1_06_10_Career_Environment_History_Law_Abstract
мнение;názor;opinion;core4000 B1_06_10_Career_Environment_History_Law_Abstract
позиция/отношение;postoj;attitude;core4000 B1_06_10_Career_Environment_History_Law_Abstract
объём/масштаб;rozsah/rozsah;scope/range;core4000 B1_06_10_Career_Environment_History_Law_Abstract
обстоятельство;okolnost;circumstance;core4000 B1_06_10_Career_Environment_History_Law_Abstract
успех;úspěch;success;core4000 B1_06_10_Career_Environment_History_Law_Abstract
неудача/провал;neúspěch/selhání;failure;core4000 B1_06_10_Career_Environment_History_Law_Abstract
держать кулаки;držet palce/pěsti;;core4000 Idioms_Extended
вызвать/причинить;způsobit;to cause;core4000 B2_Verbs_of_Change_and_Causation
армия/войско;armáda/vojsko;army/military;core4000 B2_Military_Conflict_Security
операция;operace;surgery/operation;core4000 B2_06_10_Medicine_Legal_Tech_Education_Idioms
энергия;energie;energy;core4000 B2_Energy_Environment_Sustainability
принять решение;učinit rozhodnutí;to make a decision;core4000 B2_Essential_Collocations
правительство;vláda;government;core4000 B2_01_05_Politics_Economy_Science_Arts_Psychology
мысль;myšlenka;thought;core4000 B2_C1_Abstract_Nouns_and_Academic_Vocabulary
разыгрывать кого-то;tahat za nohu;;core4000 Idioms_Extended
растопить лёд;prolomit ledy;break the ice;core4000 Shared_Idioms
писатель;pisatel;;core4000 Word_Formation_Patterns
дать возможность;umožnit;to enable;core4000 B2_Verbs_of_Change_and_Causation
солдат;voják;soldier;core4000 B2_Military_Conflict_Security
трансплантация;transplantace;transplant;core4000 B2_06_10_Medicine_Legal_Tech_Education_Idioms
электричество;elektřina;electricity;core4000 B2_Energy_Environment_Sustainability
совершить ошибку;udělat chybu;to make a mistake;core4000 B2_Essential_Collocations
также/тоже;také/rovněž;also/as well;core4000 B2_C1_Connectors_and_Discourse_Markers
бездомность;bezdomovectví;homelessness;core4000 B2_Social_Issues_and_Society
идея;nápad;idea;core4000 B2_C1_Abstract_Nouns_and_Academic_Vocabulary
холодный приём;chladné přijetí;;core4000 Idioms_Extended
стиснуть зубы;skousnout to;bite the bullet;core4000 Shared_Idioms
водитель;řiditel;;core4000 Word_Formation_Patterns
предотвратить;zabránit;to prevent;core4000 B2_Verbs_of_Change_and_Causation
офицер;důstojník;officer;core4000 B2_Military_Conflict_Security
анестезия/наркоз;anestezie;anesthesia;core4000 B2_06_10_Medicine_Legal_Tech_Education_Idioms
атомная/ядерная энергия;jaderná energie;nuclear energy;core4000 B2_Energy_Environment_Sustainability
нести ответственность;nést odpovědnost;to bear responsibility;core4000 B2_Essential_Collocations
к тому же;k tomu/dále;in addition;core4000 B2_C1_Connectors_and_Discourse_Markers
политическая партия;politická strana;political party;core4000 B2_01_05_Politics_Economy_Science_Arts_Psychology
безработица;nezaměstnanost;unemployment;core4000 B2_Social_Issues_and_Society
осознание;povědomí/uvědomění;awareness;core4000 B2_C1_Abstract_Nouns_and_Academic_Vocabulary
потерять голову;ztratit hlavu;;core4000 Idioms_Extended
сжигать мосты;pálit mosty;burn bridges;core4000 Shared_Idioms
работник;pracovník;;core4000 Word_Formation_Patterns
повлиять;ovlivnit;to influence;core4000 B2_Verbs_of_Change_and_Causation
генерал;generál;general;core4000 B2_Military_Conflict_Security
солнечная энергия;solární energie;solar energy;core4000 B2_Energy_Environment_Sustainability
пойти на риск;podstoupit riziko;to take a risk;core4000 B2_Essential_Collocations
а именно;a to/totiž;namely;core4000 B2_C1_Connectors_and_Discourse_Markers
депутат;poslanec;member of parliament;core4000 B2_01_05_Politics_Economy_Science_Arts_Psychology
знание;znalost;knowledge;core4000 B2_C1_Abstract_Nouns_and_Academic_Vocabulary
закрыть глаза;přivřít oči;;core4000 Idioms_Extended
время — деньги;čas jsou peníze;time is money;core4000 Shared_Idioms
чиновник;úředník;;core4000 Word_Formation_Patterns
заставить/принудить;přinutit;to force;core4000 B2_Verbs_of_Change_and_Causation
командир;velitel;commander;core4000 B2_Military_Conflict_Security
иммунитет;imunita;immunity;core4000 B2_06_10_Medicine_Legal_Tech_Education_Idioms
ветровая энергия;větrná energie;wind energy;core4000 B2_Energy_Environment_Sustainability
выполнить условие;splnit podmínku;to meet a condition;core4000 B2_Essential_Collocations
сенатор;senátor;senator;core4000 B2_01_05_Politics_Economy_Science_Arts_Psychology
дискриминация;diskriminace;discrimination;core4000 B2_Social_Issues_and_Society
невежество/незнание;nevědomost/neznalost;ignorance;core4000 B2_C1_Abstract_Nouns_and_Academic_Vocabulary
мудрый;moudrý;;core4000 Slavic_Vowel_Shifts
гриб;hřib;mushroom;core4000 CZ_PL_rz
проболтаться;prozradit tajemství;;core4000 Idioms_Extended
око за око;oko za oko;an eye for an eye;core4000 Shared_Idioms
мотивировать;motivovat;to motivate;core4000 B2_Verbs_of_Change_and_Causation
военно-морской флот;námořnictvo;navy;core4000 B2_Military_Conflict_Security
инфекция;infekce;infection;core4000 B2_06_10_Medicine_Legal_Tech_Education_Idioms
гидроэнергия;vodní energie;hydropower;core4000 B2_Energy_Environment_Sustainability
достичь цели;dosáhnout cíle;to achieve a goal;core4000 B2_Essential_Collocations
по крайней мере;přinejmenším;at least;core4000 B2_C1_Connectors_and_Discourse_Markers
министерство;ministerstvo;ministry;core4000 B2_01_05_Politics_Economy_Science_Arts_Psychology
расизм;rasismus;racism;core4000 B2_Social_Issues_and_Society
предположение;domněnka/předpoklad;assumption;core4000 B2_C1_Abstract_Nouns_and_Academic_Vocabulary
долго;dloho;;core4000 Slavic_Vowel_Shifts
крест;kříž;cross;core4000 CZ_PL_rz
гость;host;guest;core4000 CZ_h_PL_g_RU
лить крокодиловы слёзы;ronit krokodýlí slzy;;core4000 Idioms_Extended
вдохновлять;inspirovat;to inspire;core4000 B2_Verbs_of_Change_and_Causation
военно-воздушные силы;letectvo;air force;core4000 B2_Military_Conflict_Security
хронический;chronický;chronic;core4000 B2_06_10_Medicine_Legal_Tech_Education_Idioms
геотермальная энергия;geotermální energie;geothermal energy;core4000 B2_Energy_Environment_Sustainability
приложить усилия;vyvinout úsilí;to make an effort;core4000 B2_Essential_Collocations
законодатель;zákonodárce;legislator;core4000 B2_01_05_Politics_Economy_Science_Arts_Psychology
сексизм;sexismus;sexism;core4000 B2_Social_Issues_and_Society
сомнение;pochybnost;doubt;core4000 B2_C1_Abstract_Nouns_and_Academic_Vocabulary
Говорите медленнее;Mluvte pomaleji;Speak more slowly;core4000 Russian_Notes_for_Czech_Speakers
гроб;hrob;grave;core4000 CZ_h_PL_g_RU
быть тёмной лошадкой;být temný kůň;;core4000 Idioms_Extended
убедить;přesvědčit;to convince;core4000 B2_Verbs_of_Change_and_Causation
пехота;pěchota;infantry;core4000 B2_Military_Conflict_Security
острый;akutní;acute;core4000 B2_06_10_Medicine_Legal_Tech_Education_Idioms
биомасса;biomasa;biomass;core4000 B2_Energy_Environment_Sustainability
приобрести опыт;získat zkušenosti;to gain experience;core4000 B2_Essential_Collocations
референдум;referendum;referendum;core4000 B2_01_05_Politics_Economy_Science_Arts_Psychology
ксенофобия;xenofobie;xenophobia;core4000 B2_Social_Issues_and_Society
уверенность;jistota;certainty;core4000 B2_C1_Abstract_Nouns_and_Academic_Vocabulary
ряд;řád;order/row;core4000 CZ_PL_rz
город;hrad;castle/city;core4000 CZ_h_PL_g_RU
человек человеку волк;vlk vlku vlkem;;core4000 Idioms_Extended
бегун;běžec;;core4000 Word_Formation_Patterns
отговорить;odradit;to discourage;core4000 B2_Verbs_of_Change_and_Causation
гарнизон;posádka;garrison;core4000 B2_Military_Conflict_Security
доза;dávka (léku);dose;core4000 B2_06_10_Medicine_Legal_Tech_Education_Idioms
ископаемое топливо;fosilní paliva;fossil fuels;core4000 B2_Energy_Environment_Sustainability
произвести изменение;provést změnu;to make a change;core4000 B2_Essential_Collocations
кампания;kampaň;campaign;core4000 B2_01_05_Politics_Economy_Science_Arts_Psychology
гомофобия;homofobie;homophobia;core4000 B2_Social_Issues_and_Society
суждение;úsudek;judgment;core4000 B2_C1_Abstract_Nouns_and_Academic_Vocabulary
пара пустяков/раз плюнуть;hračka/brnkačka;;core4000 Idioms_Extended
вождь;vůdce;;core4000 Word_Formation_Patterns
ободрить/поощрить;povzbudit;to encourage;core4000 B2_Verbs_of_Change_and_Causation
база;základna;base;core4000 B2_Military_Conflict_Security
побочные эффекты;vedlejší účinky;side effects;core4000 B2_06_10_Medicine_Legal_Tech_Education_Idioms
уголь;uhlí;coal;core4000 B2_Energy_Environment_Sustainability
внести предложение;předložit návrh;to make a proposal;core4000 B2_Essential_Collocations
с другой стороны;na druhou stranu;on the other hand;core4000 B2_C1_Connectors_and_Discourse_Markers
кандидат;kandidát;candidate;core4000 B2_01_05_Politics_Economy_Science_Arts_Psychology
буллинг/травля;šikana/bullying;bullying;core4000 B2_Social_Issues_and_Society
убеждение;přesvědčení;conviction/belief;core4000 B2_C1_Abstract_Nouns_and_Academic_Vocabulary
голод;hlad;hunger;core4000 CZ_h_PL_g_RU
проболтаться;vyzradit tajemství;;core4000 Idioms_Extended
чтение;čtení;;core4000 Word_Formation_Patterns
увеличить/повысить;zvýšit/zvětšit;to increase/raise;core4000 B2_Verbs_of_Change_and_Causation
оружие;zbraň;weapon;core4000 B2_Military_Conflict_Security
группа крови;krevní skupina;blood type;core4000 B2_06_10_Medicine_Legal_Tech_Education_Idioms
нефть;ropa/nafta;petroleum/oil;core4000 B2_Energy_Environment_Sustainability
заключить договор;uzavřít smlouvu;to sign/conclude a contract;core4000 B2_Essential_Collocations
голосование;hlasování;voting;core4000 B2_01_05_Politics_Economy_Science_Arts_Psychology
преступность;kriminalita;crime (rate);core4000 B2_Social_Issues_and_Society
логика;logika;logic;core4000 B2_C1_Abstract_Nouns_and_Academic_Vocabulary
проглотить горькую пилюлю;sníst hadrák;;core4000 Idioms_Extended
писание;psaní;;core4000 Word_Formation_Patterns
уменьшить/снизить;snížit/zmenšit;to decrease/lower;core4000 B2_Verbs_of_Change_and_Causation
ружьё/винтовка;puška;rifle;core4000 B2_Military_Conflict_Security
донор;dárce (orgánů);donor;core4000 B2_06_10_Medicine_Legal_Tech_Education_Idioms
природный газ;zemní plyn;natural gas;core4000 B2_Energy_Environment_Sustainability
большинство;většina;majority;core4000 B2_01_05_Politics_Economy_Science_Arts_Psychology
зависимость;závislost (drogy, alkohol);addiction;core4000 B2_Social_Issues_and_Society
разум/рассудок;rozum;reason/mind;core4000 B2_C1_Abstract_Nouns_and_Academic_Vocabulary
век;věk;;core4000 Slavic_Vowel_Shifts
берег;břeh;shore;core4000 CZ_PL_rz
работать как вол;dřít jako kůň;;core4000 Idioms_Extended
расширить;rozšířit;to expand/widen;core4000 B2_Verbs_of_Change_and_Causation
пистолет;pistole;pistol;core4000 B2_Military_Conflict_Security
генетика;genetika;genetics;core4000 B2_06_10_Medicine_Legal_Tech_Education_Idioms
электростанция;elektrárna;power plant;core4000 B2_Energy_Environment_Sustainability
вести переговоры;vést jednání;to conduct negotiations;core4000 B2_Essential_Collocations
всё-таки/всё же;i přesto/přesto;still/yet;core4000 B2_C1_Connectors_and_Discourse_Markers
меньшинство;menšina;minority;core4000 B2_01_05_Politics_Economy_Science_Arts_Psychology
торговля людьми;obchod s lidmi;human trafficking;core4000 B2_Social_Issues_and_Society
мудрость;moudrost;wisdom;core4000 B2_C1_Abstract_Nouns_and_Academic_Vocabulary
стоить целое состояние;stát majlant;;core4000 Idioms_Extended
просьба;prosba;;core4000 Word_Formation_Patterns
сузить/ограничить;zúžit/omezit;to narrow/limit;core4000 B2_Verbs_of_Change_and_Causation
бомба;bomba;bomb;core4000 B2_Military_Conflict_Security
психиатрия;psychiatrie;psychiatry;core4000 B2_06_10_Medicine_Legal_Tech_Education_Idioms
солнечная панель;solární panel;solar panel;core4000 B2_Energy_Environment_Sustainability
соблюсти срок;dodržet termín;to meet a deadline;core4000 B2_Essential_Collocations
дипломаты;diplomaté;diplomats;core4000 B2_01_05_Politics_Economy_Science_Arts_Psychology
детский труд;dětská práce;child labor;core4000 B2_Social_Issues_and_Society
глупость;hloupost;stupidity;core4000 B2_C1_Abstract_Nouns_and_Academic_Vocabulary
дед;dědek;;core4000 Slavic_Vowel_Shifts
гнездо;hnízdo;nest;core4000 CZ_h_PL_g_RU
затянуть пояс;utáhnout si opasek;;core4000 Idioms_Extended
служба;služba;;core4000 Word_Formation_Patterns
ракета/снаряд;raketa/střela;missile/rocket;core4000 B2_Military_Conflict_Security
терапия;terapie;therapy;core4000 B2_06_10_Medicine_Legal_Tech_Education_Idioms
ветряная турбина;větrná turbína;wind turbine;core4000 B2_Energy_Environment_Sustainability
превысить бюджет;překročit rozpočet;to exceed the budget;core4000 B2_Essential_Collocations
санкции;sankce;sanctions;core4000 B2_01_05_Politics_Economy_Science_Arts_Psychology
загрязнение окружающей среды;znečištění prostředí;environmental pollution;core4000 B2_Social_Issues_and_Society
воображение;představivost;imagination;core4000 B2_C1_Abstract_Nouns_and_Academic_Vocabulary
сидеть допоздна/жечь свечу;pálit půlnoční olej;;core4000 Idioms_Extended
подарок;dárek;;core4000 Word_Formation_Patterns
танк;tank;tank;core4000 B2_Military_Conflict_Security
уголовное право;trestní právo;criminal law;core4000 B2_06_10_Medicine_Legal_Tech_Education_Idioms
загрязнение воздуха;znečištění ovzduší;air pollution;core4000 B2_Energy_Environment_Sustainability
осуществлять право;uplatňovat právo;to exercise a right;core4000 B2_Essential_Collocations
в результате/вследствие;v důsledku toho;as a result/consequently;core4000 B2_C1_Connectors_and_Discourse_Markers
соглашение/договор;dohoda/smlouva;agreement/treaty;core4000 B2_01_05_Politics_Economy_Science_Arts_Psychology
миграция/иммиграция;migrace/imigrace;migration/immigration;core4000 B2_Social_Issues_and_Society
общество;společnost;society;core4000 B2_C1_Abstract_Nouns_and_Academic_Vocabulary
вернуться к началу;zpátky na začátek;;core4000 Idioms_Extended
молодость;mladost;;core4000 Word_Formation_Patterns
усилить;posílit/zesílit;to strengthen;core4000 B2_Verbs_of_Change_and_Causation
вертолёт;vrtulník;helicopter;core4000 B2_Military_Conflict_Security
гражданское право;občanské právo;civil law;core4000 B2_06_10_Medicine_Legal_Tech_Education_Idioms
загрязнение воды;znečištění vody;water pollution;core4000 B2_Energy_Environment_Sustainability
задавать вопрос;klást otázku;to ask/pose a question;core4000 B2_Essential_Collocations
идеология;ideologie;ideology;core4000 B2_01_05_Politics_Economy_Science_Arts_Psychology
эмиграция;emigrace;emigration;core4000 B2_Social_Issues_and_Society
гражданство;občanství;citizenship;core4000 B2_C1_Abstract_Nouns_and_Academic_Vocabulary
старость;starost;;core4000 Slavic_Vowel_Shifts
Рука руку моет;Ruka ruku myje;;core4000 Idioms_Extended
ослабить;oslabit;to weaken;core4000 B2_Verbs_of_Change_and_Causation
истребитель;stíhačka;fighter jet;core4000 B2_Military_Conflict_Security
защитник;obhájce;defense attorney;core4000 B2_06_10_Medicine_Legal_Tech_Education_Idioms
парниковый эффект;skleníkový efekt;greenhouse effect;core4000 B2_Energy_Environment_Sustainability
предложить решение;nabídnout řešení;to offer a solution;core4000 B2_Essential_Collocations
благодаря;díky;thanks to;core4000 B2_C1_Connectors_and_Discourse_Markers
бюрократия;byrokracie;bureaucracy;core4000 B2_01_05_Politics_Economy_Science_Arts_Psychology
беженец;uprchlík;refugee;core4000 B2_Social_Issues_and_Society
скорость;rychlost;;core4000 Word_Formation_Patterns
подводная лодка;ponorka;submarine;core4000 B2_Military_Conflict_Security
парниковые газы;skleníkové plyny;greenhouse gases;core4000 B2_Energy_Environment_Sustainability
создать основу;vytvořit základ;to create a foundation;core4000 B2_Essential_Collocations
с учётом/ввиду;s ohledem na;considering/given;core4000 B2_C1_Connectors_and_Discourse_Markers
пространда;propaganda;propaganda;core4000 B2_01_05_Politics_Economy_Science_Arts_Psychology
лицо, ищущее убежище;žadatel o azyl;asylum seeker;core4000 B2_Social_Issues_and_Society
красота;krásota;;core4000 Word_Formation_Patterns
дрон/беспилотник;dron;drone;core4000 B2_Military_Conflict_Security
углекислый газ;oxid uhličitý (CO₂);carbon dioxide;core4000 B2_Energy_Environment_Sustainability
играть роль;sehrát roli;to play a role;core4000 B2_Essential_Collocations
во-первых/во-вторых;za prvé/za druhé;firstly/secondly;core4000 B2_C1_Connectors_and_Discourse_Markers
левые/правые;levice/pravice;left/right wing;core4000 B2_01_05_Politics_Economy_Science_Arts_Psychology
интеграция;integrace;integration;core4000 B2_Social_Issues_and_Society
безопасность;bezpečnost;security/safety;core4000 B2_C1_Abstract_Nouns_and_Academic_Vocabulary
возможность;možnost;;core4000 Slavic_Vowel_Shifts
глупота;hloupota;;core4000 Word_Formation_Patterns
соединить;spojit/připojit;to connect/join;core4000 B2_Verbs_of_Change_and_Causation
таяние ледников;tání ledovců;glacier melting;core4000 B2_Energy_Environment_Sustainability
произвести впечатление;udělat dojem;to make an impression;core4000 B2_Essential_Collocations
прежде всего/главным образом;především/hlavně;above all/mainly;core4000 B2_C1_Connectors_and_Discourse_Markers
экономика;ekonomika/hospodářství;economy;core4000 B2_01_05_Politics_Economy_Science_Arts_Psychology
ассимиляция;asimilace;assimilation;core4000 B2_Social_Issues_and_Society
богатство;bohatství;;core4000 Word_Formation_Patterns
отделить/разделить;oddělit;to separate;core4000 B2_Verbs_of_Change_and_Causation
присяжные;porota;jury;core4000 B2_06_10_Medicine_Legal_Tech_Education_Idioms
повышение уровня моря;stoupání hladiny moří;sea level rise;core4000 B2_Energy_Environment_Sustainability
вызвать интерес;vzbudit zájem;to arouse interest;core4000 B2_Essential_Collocations
в заключение;na závěr;in conclusion;core4000 B2_C1_Connectors_and_Discourse_Markers
валовой внутренний продукт;hrubý domácí produkt;GDP;core4000 B2_01_05_Politics_Economy_Science_Arts_Psychology
мультикультурализм;multikulturalismus;multiculturalism;core4000 B2_Social_Issues_and_Society
обязанность;povinnost;duty/obligation;core4000 B2_C1_Abstract_Nouns_and_Academic_Vocabulary
комбинировать/объединять;kombinovat/slučovat;to combine;core4000 B2_Verbs_of_Change_and_Causation
показания;svědectví;testimony;core4000 B2_06_10_Medicine_Legal_Tech_Education_Idioms
вымирание видов;vymírání druhů;species extinction;core4000 B2_Energy_Environment_Sustainability
проявить сочувствие;projevit soucit;to show compassion;core4000 B2_Essential_Collocations
инфляция;inflace;inflation;core4000 B2_01_05_Politics_Economy_Science_Arts_Psychology
меньшинство (этническое);menšina (etnická);minority (ethnic);core4000 B2_Social_Issues_and_Society
привилегия;privilegium;privilege;core4000 B2_C1_Abstract_Nouns_and_Academic_Vocabulary
будущность;budoucnost;;core4000 Slavic_Vowel_Shifts
водный;vodní/vodný;;core4000 Word_Formation_Patterns
разделить;rozdělit;to divide/split;core4000 B2_Verbs_of_Change_and_Causation
атака/нападение;útok;attack;core4000 B2_Military_Conflict_Security
вырубка лесов;odlesňování;deforestation;core4000 B2_Energy_Environment_Sustainability
выразить мнение;vyjádřit názor;to express an opinion;core4000 B2_Essential_Collocations
другими словами;jinými slovy;in other words;core4000 B2_C1_Connectors_and_Discourse_Markers
диаспора;diaspora;diaspora;core4000 B2_Social_Issues_and_Society
солидарность;solidarita;solidarity;core4000 B2_C1_Abstract_Nouns_and_Academic_Vocabulary
прошлость;minulost;;core4000 Slavic_Vowel_Shifts
горный;horský;;core4000 Word_Formation_Patterns
объединить;sjednotit;to unite;core4000 B2_Verbs_of_Change_and_Causation
оборона/защита;obrana;defense;core4000 B2_Military_Conflict_Security
предписание/постановление;předpis/nařízení;regulation;core4000 B2_06_10_Medicine_Legal_Tech_Education_Idioms
эрозия почвы;eroze půdy;soil erosion;core4000 B2_Energy_Environment_Sustainability
завоевать доверие;získat důvěru;to gain trust;core4000 B2_Essential_Collocations
короче говоря;stručně řečeno;in short;core4000 B2_C1_Connectors_and_Discourse_Markers
процветание;prosperita;prosperity;core4000 B2_C1_Abstract_Nouns_and_Academic_Vocabulary
личность;osobnost;;core4000 Slavic_Vowel_Shifts
чешский;český;;core4000 Word_Formation_Patterns
слить/объединить;sloučit;to merge;core4000 B2_Verbs_of_Change_and_Causation
вторжение/инвазия;invaze;invasion;core4000 B2_Military_Conflict_Security
патент;patent;patent;core4000 B2_06_10_Medicine_Legal_Tech_Education_Idioms
кислотный дождь;kyselý déšť;acid rain;core4000 B2_Energy_Environment_Sustainability
потерять терпение;ztratit trpělivost;to lose patience;core4000 B2_Essential_Collocations
конкретно;konkrétně;specifically;core4000 B2_C1_Connectors_and_Discourse_Markers
вид на жительство;pobytové povolení;residence permit;core4000 B2_Social_Issues_and_Society
кризис;krize;crisis;core4000 B2_C1_Abstract_Nouns_and_Academic_Vocabulary
способность;schopnost;;core4000 Slavic_Vowel_Shifts
городской;městský;;core4000 Word_Formation_Patterns
изолировать;izolovat;to isolate;core4000 B2_Verbs_of_Change_and_Causation
оккупация;okupace;occupation;core4000 B2_Military_Conflict_Security
авторское право;autorské právo;copyright;core4000 B2_06_10_Medicine_Legal_Tech_Education_Idioms
смог;smog;smog;core4000 B2_Energy_Environment_Sustainability
делать успехи;dělat pokrok;to make progress;core4000 B2_Essential_Collocations
что касается;pokud jde o;as for/regarding;core4000 B2_C1_Connectors_and_Discourse_Markers
депортация;deportace;deportation;core4000 B2_Social_Issues_and_Society
прогресс;pokrok;progress;core4000 B2_C1_Abstract_Nouns_and_Academic_Vocabulary
свойство;vlastnost;;core4000 Slavic_Vowel_Shifts
языковой;jazykový;;core4000 Word_Formation_Patterns
присвоить/назначить;přiřadit;to assign;core4000 B2_Verbs_of_Change_and_Causation
иск;žaloba;lawsuit;core4000 B2_06_10_Medicine_Legal_Tech_Education_Idioms
озоновая дыра;ozónová díra;ozone hole;core4000 B2_Energy_Environment_Sustainability
принимать во внимание;brát ohled na;to take into account;core4000 B2_Essential_Collocations
например;například;for example;core4000 B2_C1_Connectors_and_Discourse_Markers
двойное гражданство;dvojí občanství;dual citizenship;core4000 B2_Social_Issues_and_Society
упадок;úpadek;decline;core4000 B2_C1_Abstract_Nouns_and_Academic_Vocabulary
зуб;zub;;core4000 Slavic_Vowel_Shifts
мартовский;březnový;;core4000 Word_Formation_Patterns
заменить;nahradit;to replace;core4000 B2_Verbs_of_Change_and_Causation
партизан;partyzán;partisan/guerrilla;core4000 B2_Military_Conflict_Security
возмещение ущерба;náhrada škody;damages/compensation;core4000 B2_06_10_Medicine_Legal_Tech_Education_Idioms
микропластик;mikroplasty;microplastics;core4000 B2_Energy_Environment_Sustainability
дать понять;dát najevo;to make clear/indicate;core4000 B2_Essential_Collocations
кредит/займ;úvěr/půjčka;loan/credit;core4000 B2_01_05_Politics_Economy_Science_Arts_Psychology
социальное государство;sociální stát;welfare state;core4000 B2_Social_Issues_and_Society
реформа;reforma;reform;core4000 B2_C1_Abstract_Nouns_and_Academic_Vocabulary
невозможный;nemožný;;core4000 Word_Formation_Patterns
исключить;vyloučit;to exclude;core4000 B2_Verbs_of_Change_and_Causation
перемирие;příměří;ceasefire;core4000 B2_Military_Conflict_Security
токсичные отходы;jedovatý odpad;toxic waste;core4000 B2_Energy_Environment_Sustainability
иметь в виду;mít na mysli;to have in mind;core4000 B2_Essential_Collocations
социальные пособия;sociální dávky;social benefits;core4000 B2_Social_Issues_and_Society
изменить;změnit;to change;core4000 B2_Verbs_of_Change_and_Causation
капитуляция;kapitulace;capitulation;core4000 B2_Military_Conflict_Security
устойчивое развитие;udržitelnost;sustainability;core4000 B2_Energy_Environment_Sustainability
прийти к выводу;dojít k závěru;to come to a conclusion;core4000 B2_Essential_Collocations
акции;akcie;stocks/shares;core4000 B2_01_05_Politics_Economy_Science_Arts_Psychology
медицинская страховка;zdravotní pojištění;health insurance;core4000 B2_Social_Issues_and_Society
сотрудничество;spolupráce;cooperation;core4000 B2_C1_Abstract_Nouns_and_Academic_Vocabulary
преобразовать;přeměnit/transformovat;to transform;core4000 B2_Verbs_of_Change_and_Causation
возобновляемые источники;obnovitelné zdroje;renewable resources;core4000 B2_Energy_Environment_Sustainability
принять во внимание;vzít v úvahu;to take into consideration;core4000 B2_Essential_Collocations
в данном случае;v tomto případě;in this case;core4000 B2_C1_Connectors_and_Discourse_Markers
биржа;burza;stock exchange;core4000 B2_01_05_Politics_Economy_Science_Arts_Psychology
конфликт;konflikt;conflict;core4000 B2_C1_Abstract_Nouns_and_Academic_Vocabulary
безопасный;bezpečný;;core4000 Word_Formation_Patterns
приспособить;přizpůsobit;to adapt/adjust;core4000 B2_Verbs_of_Change_and_Causation
программирование;kódování/programování;programming;core4000 B2_06_10_Medicine_Legal_Tech_Education_Idioms
изменить мнение;změnit názor;to change one's mind;core4000 B2_Essential_Collocations
при условии, что;za předpokladu, že;provided that;core4000 B2_C1_Connectors_and_Discourse_Markers
валюта;měna;currency;core4000 B2_01_05_Politics_Economy_Science_Arts_Psychology
минимальная зарплата;minimální mzda;minimum wage;core4000 B2_Social_Issues_and_Society
компромисс;kompromis;compromise;core4000 B2_C1_Abstract_Nouns_and_Academic_Vocabulary
бессильный;bezmocný;;core4000 Word_Formation_Patterns
модифицировать;upravit;to modify;core4000 B2_Verbs_of_Change_and_Causation
союзник;spojenec;ally;core4000 B2_Military_Conflict_Security
кибербезопасность;kybernetická bezpečnost;cybersecurity;core4000 B2_06_10_Medicine_Legal_Tech_Education_Idioms
компостирование;kompostování;composting;core4000 B2_Energy_Environment_Sustainability
кажется, что;zdá se, že;it seems that;core4000 B2_C1_Connectors_and_Discourse_Markers
обменный курс;směnný kurz;exchange rate;core4000 B2_01_05_Politics_Economy_Science_Arts_Psychology
права человека;lidská práva;human rights;core4000 B2_Social_Issues_and_Society
обновить/восстановить;obnovit;to renew/restore;core4000 B2_Verbs_of_Change_and_Causation
сортировка мусора;třídění odpadu;waste sorting;core4000 B2_Energy_Environment_Sustainability
указать на;poukázat na;to point out;core4000 B2_Essential_Collocations
вероятно;pravděpodobně;probably;core4000 B2_C1_Connectors_and_Discourse_Markers
импорт;dovoz/import;import;core4000 B2_01_05_Politics_Economy_Science_Arts_Psychology
равноправие;rovnoprávnost;equal rights;core4000 B2_Social_Issues_and_Society
недоразумение;nedorozumění;misunderstanding;core4000 B2_C1_Abstract_Nouns_and_Academic_Vocabulary
кут;kout;;core4000 Slavic_Vowel_Shifts
упростить;zjednodušit;;core4000 Word_Formation_Patterns
облако;cloud/oblak;cloud (computing);core4000 B2_06_10_Medicine_Legal_Tech_Education_Idioms
занять позицию;zaujmout stanovisko;to take a position;core4000 B2_Essential_Collocations
может быть/возможно;možná/snad;maybe/perhaps;core4000 B2_C1_Connectors_and_Discourse_Markers
экспорт;vývoz/export;export;core4000 B2_01_05_Politics_Economy_Science_Arts_Psychology
свобода слова;svoboda projevu/slova;freedom of speech;core4000 B2_Social_Issues_and_Society
увеличить;zvětšit;;core4000 Word_Formation_Patterns
эвакуация;evakuace;evacuation;core4000 B2_Military_Conflict_Security
виртуальная реальность;virtuální realita;virtual reality;core4000 B2_06_10_Medicine_Legal_Tech_Education_Idioms
углеродная нейтральность;uhlíková neutralita;carbon neutrality;core4000 B2_Energy_Environment_Sustainability
столкнуться с проблемой;narazit na problém;to run into a problem;core4000 B2_Essential_Collocations
до некоторой степени;do jisté míry;to some extent;core4000 B2_C1_Connectors_and_Discourse_Markers
предприниматель;podnikatel;entrepreneur;core4000 B2_01_05_Politics_Economy_Science_Arts_Psychology
давление;tlak/nátlak;pressure;core4000 B2_C1_Abstract_Nouns_and_Academic_Vocabulary
уменьшить;zmenšit;;core4000 Word_Formation_Patterns
разработать/развить;vyvinout;to develop;core4000 B2_Verbs_of_Change_and_Causation
гуманитарная помощь;humanitární pomoc;humanitarian aid;core4000 B2_Military_Conflict_Security
робототехника;robotika;robotics;core4000 B2_06_10_Medicine_Legal_Tech_Education_Idioms
электромобиль;elektromobil;electric car;core4000 B2_Energy_Environment_Sustainability
вызвать дискуссию;vyvolat diskusi;to spark a discussion;core4000 B2_Essential_Collocations
насколько я знаю;pokud vím;as far as I know;core4000 B2_C1_Connectors_and_Discourse_Markers
банкротство;konkurz/bankrot;bankruptcy;core4000 B2_01_05_Politics_Economy_Science_Arts_Psychology
гражданские права;občanská práva;civil rights;core4000 B2_Social_Issues_and_Society
поддержка;podpora;support;core4000 B2_C1_Abstract_Nouns_and_Academic_Vocabulary
домик;domek;;core4000 Word_Formation_Patterns
миротворческая миссия;mírová mise;peacekeeping mission;core4000 B2_Military_Conflict_Security
нейронная сеть;neuronová síť;neural network;core4000 B2_06_10_Medicine_Legal_Tech_Education_Idioms
зарядная станция;dobíjecí stanice;charging station;core4000 B2_Energy_Environment_Sustainability
допустить возможность;připustit možnost;to admit a possibility;core4000 B2_Essential_Collocations
по моему мнению;podle mého názoru;in my opinion;core4000 B2_C1_Connectors_and_Discourse_Markers
оборот;tržby/obrat;turnover/revenue;core4000 B2_01_05_Politics_Economy_Science_Arts_Psychology
профсоюз;odborový svaz;trade union;core4000 B2_Social_Issues_and_Society
критика;kritika;criticism;core4000 B2_C1_Abstract_Nouns_and_Academic_Vocabulary
кошечка;kočička;;core4000 Word_Formation_Patterns
военное преступление;válečný zločin;war crime;core4000 B2_Military_Conflict_Security
автоматизация;automatizace;automation;core4000 B2_06_10_Medicine_Legal_Tech_Education_Idioms
тепловой насос;tepelné čerpadlo;heat pump;core4000 B2_Energy_Environment_Sustainability
привести пример;uvést příklad;to give an example;core4000 B2_Essential_Collocations
вначале/сначала;zpočátku/nejdříve;initially/at first;core4000 B2_C1_Connectors_and_Discourse_Markers
потребитель;spotřebitel;consumer;core4000 B2_01_05_Politics_Economy_Science_Arts_Psychology
забастовка;stávka;strike;core4000 B2_Social_Issues_and_Society
оппозиция/сопротивление;opozice/odpor;opposition/resistance;core4000 B2_C1_Abstract_Nouns_and_Academic_Vocabulary
книжка;knížka;;core4000 Word_Formation_Patterns
стартап;start-up;startup;core4000 B2_06_10_Medicine_Legal_Tech_Education_Idioms
утепление / изоляция;zateplení / izolace;insulation;core4000 B2_Energy_Environment_Sustainability
обращать внимание;dát pozor;to pay attention;core4000 B2_Essential_Collocations
затем/впоследствии;poté/následně;then/subsequently;core4000 B2_C1_Connectors_and_Discourse_Markers
наука;věda;science;core4000 B2_01_05_Politics_Economy_Science_Arts_Psychology
процесс;proces;process;core4000 B2_C1_Abstract_Nouns_and_Academic_Vocabulary
столик;stolek;;core4000 Word_Formation_Patterns
контролировать;kontrolovat;to control/check;core4000 B2_Verbs_of_Change_and_Causation
угроза;ohrožení/hrozba;threat;core4000 B2_Military_Conflict_Security
инновация;inovace;innovation;core4000 B2_06_10_Medicine_Legal_Tech_Education_Idioms
зелёная крыша;zelená střecha;green roof;core4000 B2_Energy_Environment_Sustainability
не повезло;mít smůlu;to be unlucky;core4000 B2_Essential_Collocations
исследование;výzkum;research;core4000 B2_01_05_Politics_Economy_Science_Arts_Psychology
рождаемость;porodnost;birth rate;core4000 B2_Social_Issues_and_Society
развитие;vývoj;development;core4000 B2_C1_Abstract_Nouns_and_Academic_Vocabulary
сынок;synek;;core4000 Word_Formation_Patterns
терроризм;terorismus;terrorism;core4000 B2_Military_Conflict_Security
серая вода;šedá voda;greywater;core4000 B2_Energy_Environment_Sustainability
повезло;mít štěstí;to be lucky;core4000 B2_Essential_Collocations
открытие;objev;discovery;core4000 B2_01_05_Politics_Economy_Science_Arts_Psychology
смертность;úmrtnost;mortality rate;core4000 B2_Social_Issues_and_Society
рост;růst;growth;core4000 B2_C1_Abstract_Nouns_and_Academic_Vocabulary
молодость;mládí;;core4000 Slavic_Vowel_Shifts
дочка;dcerka;;core4000 Word_Formation_Patterns
шпионаж;špionáž;espionage;core4000 B2_Military_Conflict_Security
прототип;prototyp;prototype;core4000 B2_06_10_Medicine_Legal_Tech_Education_Idioms
сбор дождевой воды;dešťová voda (sběr);rainwater harvesting;core4000 B2_Energy_Environment_Sustainability
иметь смысл;dávat smysl;to make sense;core4000 B2_Essential_Collocations
постепенно;postupně;gradually;core4000 B2_C1_Connectors_and_Discourse_Markers
изобретение;vynález;invention;core4000 B2_01_05_Politics_Economy_Science_Arts_Psychology
старение населения;stárnutí populace;aging population;core4000 B2_Social_Issues_and_Society
снижение/спад;pokles;decline/decrease;core4000 B2_C1_Abstract_Nouns_and_Academic_Vocabulary
пивко;pivko;;core4000 Word_Formation_Patterns
регулировать;regulovat;to regulate;core4000 B2_Verbs_of_Change_and_Causation
разведка;zpravodajská služba;intelligence service;core4000 B2_Military_Conflict_Security
экологический след;ekologická stopa;ecological footprint;core4000 B2_Energy_Environment_Sustainability
стоить того;stát za to;to be worth it;core4000 B2_Essential_Collocations
немедленно/сразу;okamžitě/ihned;immediately;core4000 B2_C1_Connectors_and_Discourse_Markers
учёный;vědec;scientist;core4000 B2_01_05_Politics_Economy_Science_Arts_Psychology
ожидаемая продолжительность жизни;střední délka života;life expectancy;core4000 B2_Social_Issues_and_Society
подъём;vzestup;rise;core4000 B2_C1_Abstract_Nouns_and_Academic_Vocabulary
молоко;mlíko/mléko;;core4000 Slavic_Vowel_Shifts
кофеёк;kávička;;core4000 Word_Formation_Patterns
эмбарго;embargo;embargo;core4000 B2_Military_Conflict_Security
детский сад;mateřská škola;kindergarten;core4000 B2_06_10_Medicine_Legal_Tech_Education_Idioms
зелёная сделка;zelená dohoda;Green Deal;core4000 B2_Energy_Environment_Sustainability
иметь право;mít právo;to have the right;core4000 B2_Essential_Collocations
ранее/прежде;předtím/dříve;previously/before;core4000 B2_C1_Connectors_and_Discourse_Markers
лаборатория;laboratoř;laboratory;core4000 B2_01_05_Politics_Economy_Science_Arts_Psychology
перепись населения;sčítání lidu;census;core4000 B2_Social_Issues_and_Society
переход;přechod;transition;core4000 B2_C1_Abstract_Nouns_and_Academic_Vocabulary
выполнять;provádět/vykonávat;to execute/carry out;core4000 B2_Verbs_of_Change_and_Causation
разоружение;odzbrojení;disarmament;core4000 B2_Military_Conflict_Security
начальная школа;základní škola;elementary school;core4000 B2_06_10_Medicine_Legal_Tech_Education_Idioms
циклическая экономика;oběhové hospodářství;circular economy;core4000 B2_Energy_Environment_Sustainability
любить;mít rád;to like;core4000 B2_Essential_Collocations
с тех пор;od té doby;since then;core4000 B2_C1_Connectors_and_Discourse_Markers
эксперимент;pokus/experiment;experiment;core4000 B2_01_05_Politics_Economy_Science_Arts_Psychology
плотность населения;hustota zalidnění;population density;core4000 B2_Social_Issues_and_Society
изменение;změna;change;core4000 B2_C1_Abstract_Nouns_and_Academic_Vocabulary
ядерный;jaderný (zbraně);nuclear;core4000 B2_Military_Conflict_Security
средняя школа;střední škola;high school;core4000 B2_06_10_Medicine_Legal_Tech_Education_Idioms
биоразлагаемый;biodegradabilní;biodegradable;core4000 B2_Energy_Environment_Sustainability
бояться;mít strach;to be afraid;core4000 B2_Essential_Collocations
теория;teorie;theory;core4000 B2_01_05_Politics_Economy_Science_Arts_Psychology
урбанизация;urbanizace;urbanization;core4000 B2_Social_Issues_and_Society
стабильность;stabilita;stability;core4000 B2_C1_Abstract_Nouns_and_Academic_Vocabulary
обеспечить;zajistit;to ensure;core4000 B2_Verbs_of_Change_and_Causation
университет/вуз;vysoká škola;university;core4000 B2_06_10_Medicine_Legal_Tech_Education_Idioms
устойчивое развитие;trvale udržitelný rozvoj;sustainable development;core4000 B2_Energy_Environment_Sustainability
беспокоиться;dělat si starosti;to worry;core4000 B2_Essential_Collocations
равновесие;rovnováha;balance/equilibrium;core4000 B2_C1_Abstract_Nouns_and_Academic_Vocabulary
НАТО;NATO;NATO;core4000 B2_Military_Conflict_Security
факультет;obor/fakulta;faculty/department;core4000 B2_06_10_Medicine_Legal_Tech_Education_Idioms
экологическое сельское хозяйство;ekologické zemědělství;organic farming;core4000 B2_Energy_Environment_Sustainability
быть осторожным;dát si pozor;to be careful;core4000 B2_Essential_Collocations
сельская местность;venkov;countryside/rural area;core4000 B2_Social_Issues_and_Society
тенденция;tendence/trend;tendency/trend;core4000 B2_C1_Abstract_Nouns_and_Academic_Vocabulary
семестр;semestr;semester;core4000 B2_06_10_Medicine_Legal_Tech_Education_Idioms
образец;vzorek;sample;core4000 B2_01_05_Politics_Economy_Science_Arts_Psychology
выражение;vyjádření;expression;core4000 B2_C1_Abstract_Nouns_and_Academic_Vocabulary
лекция;přednáška;lecture;core4000 B2_06_10_Medicine_Legal_Tech_Education_Idioms
вывод/заключение;závěr;conclusion;core4000 B2_01_05_Politics_Economy_Science_Arts_Psychology
семинар;seminář;seminar;core4000 B2_06_10_Medicine_Legal_Tech_Education_Idioms
гипотеза;hypotéza;hypothesis;core4000 B2_01_05_Politics_Economy_Science_Arts_Psychology
утверждение;tvrzení;claim/assertion;core4000 B2_C1_Abstract_Nouns_and_Academic_Vocabulary
бакалавр;bakalářský titul;bachelor's degree;core4000 B2_06_10_Medicine_Legal_Tech_Education_Idioms
атом;atom;atom;core4000 B2_01_05_Politics_Economy_Science_Arts_Psychology
объяснение;vysvětlení;explanation;core4000 B2_C1_Abstract_Nouns_and_Academic_Vocabulary
магистр;magisterský titul;master's degree;core4000 B2_06_10_Medicine_Legal_Tech_Education_Idioms
клетка;buňka;cell;core4000 B2_01_05_Politics_Economy_Science_Arts_Psychology
резюме/краткое изложение;shrnutí;summary;core4000 B2_C1_Abstract_Nouns_and_Academic_Vocabulary
докторантура;doktorát;PhD/doctorate;core4000 B2_06_10_Medicine_Legal_Tech_Education_Idioms
ген;gen;gene;core4000 B2_01_05_Politics_Economy_Science_Arts_Psychology
эволюция;evoluce;evolution;core4000 B2_01_05_Politics_Economy_Science_Arts_Psychology
аргумент;argument;argument;core4000 B2_C1_Abstract_Nouns_and_Academic_Vocabulary
стипендия;stipendium;scholarship;core4000 B2_06_10_Medicine_Legal_Tech_Education_Idioms
гравитация;gravitace;gravity;core4000 B2_01_05_Politics_Economy_Science_Arts_Psychology
учебная программа;studijní program;study program;core4000 B2_06_10_Medicine_Legal_Tech_Education_Idioms
уравнение;rovnice;equation;core4000 B2_01_05_Politics_Economy_Science_Arts_Psychology
пример;příklad;example;core4000 B2_C1_Abstract_Nouns_and_Academic_Vocabulary
сравнение;srovnání;comparison;core4000 B2_C1_Abstract_Nouns_and_Academic_Vocabulary
искусство;umění;art;core4000 B2_01_05_Politics_Economy_Science_Arts_Psychology
ценность;hodnota;value;core4000 B2_C1_Abstract_Nouns_and_Academic_Vocabulary
литература;literatura;literature;core4000 B2_01_05_Politics_Economy_Science_Arts_Psychology
принцип;zásada/princip;principle;core4000 B2_C1_Abstract_Nouns_and_Academic_Vocabulary
роман;román;novel;core4000 B2_01_05_Politics_Economy_Science_Arts_Psychology
норма;norma;norm;core4000 B2_C1_Abstract_Nouns_and_Academic_Vocabulary
стихотворение;báseň;poem;core4000 B2_01_05_Politics_Economy_Science_Arts_Psychology
Извините;Omlouvám se;;core4000 B2_06_10_Medicine_Legal_Tech_Education_Idioms
поэт;básník;poet;core4000 B2_01_05_Politics_Economy_Science_Arts_Psychology
писатель;spisovatel;writer;core4000 B2_01_05_Politics_Economy_Science_Arts_Psychology
честь;čest;honor;core4000 B2_C1_Abstract_Nouns_and_Academic_Vocabulary
художник;malíř;painter;core4000 B2_01_05_Politics_Economy_Science_Arts_Psychology
позор/стыд;hanba/ostuda;shame/disgrace;core4000 B2_C1_Abstract_Nouns_and_Academic_Vocabulary
скульптор;sochař;sculptor;core4000 B2_01_05_Politics_Economy_Science_Arts_Psychology
верность/лояльность;věrnost/loajalita;loyalty;core4000 B2_C1_Abstract_Nouns_and_Academic_Vocabulary
архитектор;architekt;architect;core4000 B2_01_05_Politics_Economy_Science_Arts_Psychology
предательство/измена;zrada;betrayal;core4000 B2_C1_Abstract_Nouns_and_Academic_Vocabulary
принимать во внимание;brát v úvahu;to take into account;core4000 B2_C1_Abstract_Nouns_and_Academic_Vocabulary
галерея;galerie;gallery;core4000 B2_01_05_Politics_Economy_Science_Arts_Psychology
опера;opera;opera;core4000 B2_01_05_Politics_Economy_Science_Arts_Psychology
играть роль;hrát roli;to play a role;core4000 B2_C1_Abstract_Nouns_and_Academic_Vocabulary
балет;balet;ballet;core4000 B2_01_05_Politics_Economy_Science_Arts_Psychology
иметь влияние на;mít vliv na;to have influence on;core4000 B2_C1_Abstract_Nouns_and_Academic_Vocabulary
жанр;žánr;genre;core4000 B2_01_05_Politics_Economy_Science_Arts_Psychology
трагедия;tragédie;tragedy;core4000 B2_01_05_Politics_Economy_Science_Arts_Psychology
делать упор на;klást důraz na;to put emphasis on;core4000 B2_C1_Abstract_Nouns_and_Academic_Vocabulary
произведение;dílo;work (of art);core4000 B2_01_05_Politics_Economy_Science_Arts_Psychology
принять во внимание;vzít v potaz;to take into consideration;core4000 B2_C1_Abstract_Nouns_and_Academic_Vocabulary
шедевр;mistrovské dílo;masterpiece;core4000 B2_01_05_Politics_Economy_Science_Arts_Psychology
стоит упомянуть;stát za zmínku;to be worth mentioning;core4000 B2_C1_Abstract_Nouns_and_Academic_Vocabulary
вдохновение;inspirace;inspiration;core4000 B2_01_05_Politics_Economy_Science_Arts_Psychology
сознание;vědomí;consciousness;core4000 B2_01_05_Politics_Economy_Science_Arts_Psychology
подсознание;podvědomí;subconscious;core4000 B2_01_05_Politics_Economy_Science_Arts_Psychology
поведение;chování;behavior;core4000 B2_01_05_Politics_Economy_Science_Arts_Psychology
восприятие;vnímání;perception;core4000 B2_01_05_Politics_Economy_Science_Arts_Psychology
память;paměť;memory;core4000 B2_01_05_Politics_Economy_Science_Arts_Psychology
интеллект;inteligence;intelligence;core4000 B2_01_05_Politics_Economy_Science_Arts_Psychology
эмоции;emoce;emotions;core4000 B2_01_05_Politics_Economy_Science_Arts_Psychology
инстинкт;instinkt;instinct;core4000 B2_01_05_Politics_Economy_Science_Arts_Psychology
мораль/нравственность;morálka;morality;core4000 B2_01_05_Politics_Economy_Science_Arts_Psychology
этика;etika;ethics;core4000 B2_01_05_Politics_Economy_Science_Arts_Psychology
совесть;svědomí;conscience;core4000 B2_01_05_Politics_Economy_Science_Arts_Psychology
свободная воля;svobodná vůle;free will;core4000 B2_01_05_Politics_Economy_Science_Arts_Psychology
существование;existence;existence;core4000 B2_01_05_Politics_Economy_Science_Arts_Psychology
смысл (жизни);smysl (života);meaning (of life);core4000 B2_01_05_Politics_Economy_Science_Arts_Psychology
предрассудок/предубеждение;předsudek;prejudice;core4000 B2_01_05_Politics_Economy_Science_Arts_Psychology
толерантность;tolerance;tolerance;core4000 B2_01_05_Politics_Economy_Science_Arts_Psychology
дипломатия;diplomacie;diplomacy;core4000 C1_01_10_All_Units
явление/феномен;jev/fenomén;phenomenon;core4000 C1_Specialized_and_Nuanced_Vocabulary
посол;velvyslanec;ambassador;core4000 C1_01_10_All_Units
концепция/понятие;koncept/pojem;concept;core4000 C1_Specialized_and_Nuanced_Vocabulary
саммит;summit;summit;core4000 C1_01_10_All_Units
парадигма;paradigma;paradigm;core4000 C1_Specialized_and_Nuanced_Vocabulary
оценить;vyhodnotit;to evaluate;core4000 C1_Academic_Verbs_and_Formal_Expressions
переговоры;jednání;negotiations;core4000 C1_01_10_All_Units
дилемма;dilema;dilemma;core4000 C1_Specialized_and_Nuanced_Vocabulary
интерпретировать;interpretovat;to interpret;core4000 C1_Academic_Verbs_and_Formal_Expressions
парадокс;paradox;paradox;core4000 C1_Specialized_and_Nuanced_Vocabulary
классифицировать;klasifikovat;to classify;core4000 C1_Academic_Verbs_and_Formal_Expressions
суверенитет;suverenita;sovereignty;core4000 C1_01_10_All_Units
скептицизм;skepticismus;skepticism;core4000 C1_Specialized_and_Nuanced_Vocabulary
определять/дефинировать;definovat;to define;core4000 C1_Academic_Verbs_and_Formal_Expressions
многосторонность;multilateralismus;multilateralism;core4000 C1_01_10_All_Units
прагматизм;pragmatismus;pragmatism;core4000 C1_Specialized_and_Nuanced_Vocabulary
доказать;prokázat/dokázat;to prove/demonstrate;core4000 C1_Academic_Verbs_and_Formal_Expressions
альянс/союз;aliance;alliance;core4000 C1_01_10_All_Units
контекст;kontext;context;core4000 C1_Specialized_and_Nuanced_Vocabulary
опровергнуть;vyvrátit;to refute/disprove;core4000 C1_Academic_Verbs_and_Formal_Expressions
нейтралитет;neutralita;neutrality;core4000 C1_01_10_All_Units
перспектива;perspektiva;perspective;core4000 C1_Specialized_and_Nuanced_Vocabulary
подтвердить;potvrdit;to confirm;core4000 C1_Academic_Verbs_and_Formal_Expressions
вето;veto;veto;core4000 C1_01_10_All_Units
измерение;dimenze;dimension;core4000 C1_Specialized_and_Nuanced_Vocabulary
поставить под сомнение;zpochybnit;to question/challenge;core4000 C1_Academic_Verbs_and_Formal_Expressions
посредничество/медиация;mediace;mediation;core4000 C1_01_10_All_Units
нюанс;nuance;nuance;core4000 C1_Specialized_and_Nuanced_Vocabulary
идентифицировать;identifikovat;to identify;core4000 C1_Academic_Verbs_and_Formal_Expressions
резолюция;rezoluce;resolution;core4000 C1_01_10_All_Units
аспект;aspekt;aspect;core4000 C1_Specialized_and_Nuanced_Vocabulary
обнаружить;odhalit/objevit;to reveal/discover;core4000 C1_Academic_Verbs_and_Formal_Expressions
ратификация;ratifikace;ratification;core4000 C1_01_10_All_Units
критерий;kritérium;criterion;core4000 C1_Specialized_and_Nuanced_Vocabulary
синтезировать;syntetizovat;to synthesize;core4000 C1_Academic_Verbs_and_Formal_Expressions
приоритет;priorita;priority;core4000 C1_Specialized_and_Nuanced_Vocabulary
количественно определить;kvantifikovat;to quantify;core4000 C1_Academic_Verbs_and_Formal_Expressions
убежище;azyl;asylum;core4000 C1_01_10_All_Units
релевантность;relevance;relevance;core4000 C1_Specialized_and_Nuanced_Vocabulary
коррелировать;korelovat;to correlate;core4000 C1_Academic_Verbs_and_Formal_Expressions
моральная дилемма;morální dilema;moral dilemma;core4000 C1_01_10_All_Units
инфраструктура;infrastruktura;infrastructure;core4000 C1_Specialized_and_Nuanced_Vocabulary
аргументировать;argumentovat;to argue (make case);core4000 C1_Academic_Verbs_and_Formal_Expressions
утилитаризм;utilitarismus;utilitarianism;core4000 C1_01_10_All_Units
юрисдикция;jurisdikce;jurisdiction;core4000 C1_Specialized_and_Nuanced_Vocabulary
обосновать;zdůvodnit;to justify/substantiate;core4000 C1_Academic_Verbs_and_Formal_Expressions
категорический императив;kategorický imperativ;categorical imperative;core4000 C1_01_10_All_Units
легитимность;legitimita;legitimacy;core4000 C1_Specialized_and_Nuanced_Vocabulary
подкрепить (доказательствами);podložit (důkazy);to support (with evidence);core4000 C1_Academic_Verbs_and_Formal_Expressions
альтруизм;altruismus;altruism;core4000 C1_01_10_All_Units
прозрачность;transparentnost;transparency;core4000 C1_Specialized_and_Nuanced_Vocabulary
эвтаназия;eutanazie;euthanasia;core4000 C1_01_10_All_Units
автономия;autonomie;autonomy;core4000 C1_Specialized_and_Nuanced_Vocabulary
биоэтика;bioetika;bioethics;core4000 C1_01_10_All_Units
гегемония;hegemonie;hegemony;core4000 C1_Specialized_and_Nuanced_Vocabulary
подразумевать;naznačit/implikovat;to imply/suggest;core4000 C1_Academic_Verbs_and_Formal_Expressions
человеческое достоинство;lidská důstojnost;human dignity;core4000 C1_01_10_All_Units
олигархия;oligarchie;oligarchy;core4000 C1_Specialized_and_Nuanced_Vocabulary
анархия;anarchie;anarchy;core4000 C1_Specialized_and_Nuanced_Vocabulary
плюрализм;pluralismus;pluralism;core4000 C1_01_10_All_Units
эмансипация;emancipace;emancipation;core4000 C1_Specialized_and_Nuanced_Vocabulary
релятивизм;relativismus;relativism;core4000 C1_01_10_All_Units
сделать выводы;vyvodit závěr;to draw conclusions;core4000 C1_Academic_Verbs_and_Formal_Expressions
социальная стратификация;sociální stratifikace;social stratification;core4000 C1_01_10_All_Units
социализация;socializace;socialization;core4000 C1_01_10_All_Units
интроверт/экстраверт;introvert/extrovert;introvert/extrovert;core4000 C1_Specialized_and_Nuanced_Vocabulary
проиллюстрировать;ilustrovat;to illustrate;core4000 C1_Academic_Verbs_and_Formal_Expressions
уточнить;upřesnit/specifikovat;to specify/clarify;core4000 C1_Academic_Verbs_and_Formal_Expressions
когниция/познание;kognice/poznávání;cognition;core4000 C1_Specialized_and_Nuanced_Vocabulary
различить;rozlišit;to distinguish;core4000 C1_Academic_Verbs_and_Formal_Expressions
когнитивное искажение;kognitivní zkreslení;cognitive bias;core4000 C1_Specialized_and_Nuanced_Vocabulary
подчеркнуть;zdůraznit;to emphasize;core4000 C1_Academic_Verbs_and_Formal_Expressions
травма;trauma;trauma;core4000 C1_Specialized_and_Nuanced_Vocabulary
стереотип;stereotyp;stereotype;core4000 C1_01_10_All_Units
резильентность/устойчивость;resilience/odolnost;resilience;core4000 C1_Specialized_and_Nuanced_Vocabulary
обобщить;zobecnit;to generalize;core4000 C1_Academic_Verbs_and_Formal_Expressions
социоэкономический;socioekonomický;socioeconomic;core4000 C1_01_10_All_Units
нарциссизм;narcismus;narcissism;core4000 C1_Specialized_and_Nuanced_Vocabulary
конкретизировать;konkretizovat;to specify/make concrete;core4000 C1_Academic_Verbs_and_Formal_Expressions
демографический;demografický;demographic;core4000 C1_01_10_All_Units
манипуляция;manipulace;manipulation;core4000 C1_Specialized_and_Nuanced_Vocabulary
сослаться на;odkázat na;to refer to;core4000 C1_Academic_Verbs_and_Formal_Expressions
когорта;kohorta;cohort;core4000 C1_01_10_All_Units
поляризация;polarizace;polarization;core4000 C1_01_10_All_Units
биоразнообразие;biodiverzita;biodiversity;core4000 C1_Specialized_and_Nuanced_Vocabulary
развить(ся);vyvinout (se);to develop;core4000 C1_Academic_Verbs_and_Formal_Expressions
маргинализация;marginalizace;marginalization;core4000 C1_01_10_All_Units
экосистема;ekosystém;ecosystem;core4000 C1_Specialized_and_Nuanced_Vocabulary
возникнуть;vzniknout;to emerge/arise;core4000 C1_Academic_Verbs_and_Formal_Expressions
глобализация;globalizace;globalization;core4000 C1_01_10_All_Units
фотосинтез;fotosyntéza;photosynthesis;core4000 C1_Specialized_and_Nuanced_Vocabulary
протекать/происходить;probíhat;to proceed/take place;core4000 C1_Academic_Verbs_and_Formal_Expressions
идентичность;identita;identity;core4000 C1_01_10_All_Units
генная модификация;genová modifikace;genetic modification;core4000 C1_Specialized_and_Nuanced_Vocabulary
способствовать;přispět k;to contribute to;core4000 C1_Academic_Verbs_and_Formal_Expressions
менталитет;mentalita;mentality;core4000 C1_01_10_All_Units
квантовая физика;kvantová fyzika;quantum physics;core4000 C1_Specialized_and_Nuanced_Vocabulary
привести к;vést k;to lead to;core4000 C1_Academic_Verbs_and_Formal_Expressions
относительность;relativita;relativity;core4000 C1_Specialized_and_Nuanced_Vocabulary
вытекать из;vyplývat z;to result from;core4000 C1_Academic_Verbs_and_Formal_Expressions
нанотехнологии;nanotechnologie;nanotechnology;core4000 C1_Specialized_and_Nuanced_Vocabulary
зависеть от;záviset na;to depend on;core4000 C1_Academic_Verbs_and_Formal_Expressions
соответствовать;odpovídat/korespondovat;to correspond to;core4000 C1_Academic_Verbs_and_Formal_Expressions
энтропия;entropie;entropy;core4000 C1_Specialized_and_Nuanced_Vocabulary
отражать;odrážet;to reflect;core4000 C1_Academic_Verbs_and_Formal_Expressions
декарбонизация;dekarbonizace;decarbonization;core4000 C1_01_10_All_Units
метаболизм;metabolismus;metabolism;core4000 C1_Specialized_and_Nuanced_Vocabulary
влиять на;ovlivňovat;to influence;core4000 C1_Academic_Verbs_and_Formal_Expressions
риторика;rétorika;rhetoric;core4000 C1_Specialized_and_Nuanced_Vocabulary
необходимо подчеркнуть;je třeba zdůraznit;it should be emphasized;core4000 C1_Academic_Verbs_and_Formal_Expressions
демагогия;demagogie;demagogy;core4000 C1_Specialized_and_Nuanced_Vocabulary
в данном контексте;v tomto kontextu;in this context;core4000 C1_Academic_Verbs_and_Formal_Expressions
популизм;populismus;populism;core4000 C1_Specialized_and_Nuanced_Vocabulary
на основании результатов;na základě výsledků;based on the results;core4000 C1_Academic_Verbs_and_Formal_Expressions
опустынивание;desertifikace;desertification;core4000 C1_01_10_All_Units
эвфемизм;eufemismus;euphemism;core4000 C1_Specialized_and_Nuanced_Vocabulary
озоновый слой;ozonová vrstva;ozone layer;core4000 C1_01_10_All_Units
ирония;ironie;irony;core4000 C1_Specialized_and_Nuanced_Vocabulary
в соответствии с;v souladu s;in accordance with;core4000 C1_Academic_Verbs_and_Formal_Expressions
расследовательская журналистика;investigativní žurnalistika;investigative journalism;core4000 C1_01_10_All_Units
по сравнению с;ve srovnání s;in comparison with;core4000 C1_Academic_Verbs_and_Formal_Expressions
редакция;redakce;editorial office;core4000 C1_01_10_All_Units
в отличие от;na rozdíl od;in contrast to/unlike;core4000 C1_Academic_Verbs_and_Formal_Expressions
главный редактор;šéfredaktor;editor-in-chief;core4000 C1_01_10_All_Units
благосостояние;blahobyt;well-being/prosperity;core4000 C1_Specialized_and_Nuanced_Vocabulary
самоуверенность;sebevědomí;self-confidence;core4000 C1_Specialized_and_Nuanced_Vocabulary
репортаж;reportáž;reportage;core4000 C1_01_10_All_Units
принадлежность;sounáležitost;belonging;core4000 C1_Specialized_and_Nuanced_Vocabulary
факты vs вымысел;fakta vs fikce;facts vs fiction;core4000 C1_01_10_All_Units
снисходительность;shovívavost;leniency;core4000 C1_Specialized_and_Nuanced_Vocabulary
безупречность;bezúhonnost;integrity/impeccability;core4000 C1_Specialized_and_Nuanced_Vocabulary
эксклюзив;exkluzivní zpráva;exclusive/scoop;core4000 C1_01_10_All_Units
бескорыстие;nezištnost;selflessness;core4000 C1_Specialized_and_Nuanced_Vocabulary
смирение/покорность;pokora;humility;core4000 C1_Specialized_and_Nuanced_Vocabulary
урбанистика;urbanismus;urbanism;core4000 C1_01_10_All_Units
готика/барокко/модерн;gotika/baroko/secese;Gothic/Baroque/Art Nouveau;core4000 C1_01_10_All_Units
колонна/столб;pilíř;pillar;core4000 C1_01_10_All_Units
свод;klenba;vault/arch;core4000 C1_01_10_All_Units
сарказм;sarkasmus;sarcasm;core4000 C1_01_10_All_Units
игра слов;slovní hříčka;pun/wordplay;core4000 C1_01_10_All_Units
двусмысленность;dvojsmysl;ambiguity;core4000 C1_01_10_All_Units
преувеличение/гипербола;nadsázka;exaggeration/hyperbole;core4000 C1_01_10_All_Units
преуменьшение;understatement;understatement;core4000 C1_01_10_All_Units
методология;metodologie;methodology;core4000 C1_01_10_All_Units
корреляция;korelace;correlation;core4000 C1_01_10_All_Units
дискурс;diskurz;discourse;core4000 C1_01_10_All_Units
метафора;metafora;metaphor;core4000 C1_01_10_All_Units
аналогия;analogie;analogy;core4000 C1_01_10_All_Units
аргументация;argumentace;argumentation;core4000 C1_01_10_All_Units
убеждение;přesvědčování;persuasion;core4000 C1_01_10_All_Units
софизм/ложный аргумент;falešný argument;fallacy;core4000 C1_01_10_All_Units
