Name,Date,Open,High,Low,Close,Volume
SP500,19700102,92.06,93.54,91.79,93.00,0
SP500,19700105,93.00,94.25,92.53,93.46,0
SP500,19700106,93.46,93.81,92.13,92.82,0
SP500,19700107,92.82,93.38,91.93,92.63,0
SP500,19700108,92.63,93.47,91.99,92.68,0
SP500,19700109,92.68,93.25,91.82,92.40,0
SP500,19700112,92.40,92.67,91.20,91.70,0
SP500,19700113,91.70,92.61,90.99,91.92,0
SP500,19700114,91.92,92.40,90.88,91.65,0
SP500,19700115,91.65,92.35,90.73,91.68,0
SP500,19700116,91.68,92.49,90.36,90.92,0
SP500,19700119,90.72,90.72,89.14,89.65,0
SP500,19700120,89.65,90.45,88.64,89.83,0
SP500,19700121,89.83,90.61,89.20,89.95,0
SP500,19700122,89.95,90.80,89.20,90.04,0
SP500,19700123,90.04,90.45,88.74,89.37,0
SP500,19700126,89.23,89.23,87.49,88.17,0
SP500,19700127,88.17,88.54,86.92,87.62,0
SP500,19700128,87.62,88.24,86.44,86.79,0
SP500,19700129,86.79,87.09,85.02,85.69,0
SP500,19700130,85.69,86.33,84.42,85.02,0
SP500,19700202,85.02,86.76,84.76,85.75,0
SP500,19700203,85.75,87.54,84.64,86.77,0
SP500,19700204,86.77,87.66,85.59,86.24,0
SP500,19700205,86.24,86.62,84.95,85.90,0
SP500,19700206,85.90,86.88,85.23,86.33,0
SP500,19700209,86.33,87.85,86.16,87.01,0
SP500,19700210,87.01,87.40,85.58,86.10,0
SP500,19700211,86.10,87.38,85.30,86.94,0
SP500,19700212,86.94,87.54,85.93,86.73,0
SP500,19700213,86.73,87.30,85.71,86.54,0
SP500,19700216,86.54,87.30,85.80,86.47,0
SP500,19700217,86.47,87.08,85.57,86.37,0
SP500,19700218,86.37,88.07,86.19,87.44,0
SP500,19700219,87.44,88.70,86.94,87.76,0
SP500,19700220,87.76,88.74,86.87,88.03,0
SP500,19700224,88.03,88.91,87.28,87.99,0
SP500,19700225,87.99,89.80,87.11,89.35,0
SP500,19700226,89.35,89.63,87.63,88.90,0
SP500,19700227,88.90,90.33,88.42,89.50,0
SP500,19700302,89.50,90.80,88.92,89.71,0
SP500,19700303,89.71,90.67,88.96,90.23,0
SP500,19700304,90.23,91.05,89.32,90.04,0
SP500,19700305,90.04,90.99,89.38,90.00,0
SP500,19700306,90.00,90.36,88.84,89.44,0
SP500,19700309,89.43,89.43,87.94,88.51,0
SP500,19700310,88.51,89.41,87.89,88.75,0
SP500,19700311,88.75,89.58,88.11,88.69,0
SP500,19700312,88.69,89.09,87.68,88.33,0
SP500,19700313,88.33,89.43,87.29,87.86,0
SP500,19700316,87.86,87.97,86.39,86.91,0
SP500,19700317,86.91,87.86,86.36,87.29,0
SP500,19700318,87.29,88.28,86.93,87.54,0
SP500,19700319,87.54,88.20,86.88,87.42,0
SP500,19700320,87.42,87.77,86.43,87.06,0
SP500,19700323,87.06,87.64,86.19,86.99,0
SP500,19700324,86.99,88.43,86.90,87.98,0
SP500,19700325,88.11,91.07,88.11,89.77,0
SP500,19700326,89.77,90.65,89.18,89.92,0
SP500,19700330,89.92,90.41,88.91,89.63,0
SP500,19700331,89.63,90.17,88.85,89.63,0
SP500,19700401,89.63,90.62,89.30,90.07,0
SP500,19700402,90.07,90.70,89.28,89.79,0
SP500,19700403,89.79,90.16,88.81,89.39,0
SP500,19700406,89.39,89.61,88.15,88.76,0
SP500,19700407,88.76,89.31,87.94,88.52,0
SP500,19700408,88.52,89.09,87.83,88.49,0
SP500,19700409,88.49,89.32,87.96,88.53,0
SP500,19700410,88.53,89.14,87.82,88.24,0
SP500,19700413,88.24,88.67,87.15,87.64,0
SP500,19700414,87.64,87.73,86.01,86.89,0
SP500,19700415,86.89,87.71,86.53,86.73,0
SP500,19700416,86.73,87.13,85.51,85.88,0
SP500,19700417,85.88,86.36,84.75,85.67,0
SP500,19700420,85.67,86.36,84.99,85.83,0
SP500,19700421,85.83,86.54,84.99,85.38,0
SP500,19700422,85.38,85.51,83.84,84.27,0
SP500,19700423,84.27,84.30,82.61,83.04,0
SP500,19700424,83.04,83.62,81.96,82.77,0
SP500,19700427,82.77,83.08,81.08,81.46,0
SP500,19700428,81.46,82.16,79.86,80.27,0
SP500,19700429,80.27,83.23,79.31,81.81,0
SP500,19700430,81.81,82.57,80.76,81.52,0
SP500,19700501,81.52,82.32,80.27,81.44,0
SP500,19700504,81.28,81.28,78.85,79.37,0
SP500,19700505,79.37,79.83,78.02,78.60,0
SP500,19700506,78.60,80.91,78.23,79.47,0
SP500,19700507,79.47,80.60,78.89,79.83,0
SP500,19700508,79.83,80.15,78.71,79.44,0
SP500,19700511,79.44,79.72,78.29,78.60,0
SP500,19700512,78.60,79.15,77.06,77.85,0
SP500,19700513,77.75,77.75,75.92,76.53,0
SP500,19700514,76.53,76.64,74.03,75.44,0
SP500,19700515,75.44,77.42,74.59,76.90,0
SP500,19700518,76.90,77.68,76.07,76.96,0
SP500,19700519,76.96,77.20,75.21,75.46,0
SP500,19700520,75.35,75.35,73.25,73.52,0
SP500,19700521,73.51,73.51,70.94,72.16,0
SP500,19700522,72.16,73.42,71.42,72.25,0
SP500,19700525,72.16,72.16,69.92,70.25,0
SP500,19700526,70.25,71.17,68.61,69.29,0
SP500,19700527,69.37,73.22,69.37,72.77,0
SP500,19700528,72.77,75.44,72.59,74.61,0
SP500,19700529,74.61,76.92,73.53,76.55,0
SP500,19700601,76.55,78.40,75.84,77.84,0
SP500,19700602,77.84,78.73,76.51,77.84,0
SP500,19700603,77.84,79.22,76.97,78.52,0
SP500,19700604,78.52,79.42,76.99,77.36,0
SP500,19700605,77.36,77.48,75.25,76.17,0
SP500,19700608,76.17,77.37,75.30,76.29,0
SP500,19700609,76.29,79.96,75.58,76.25,0
SP500,19700610,76.25,76.62,74.92,75.48,0
SP500,19700611,75.48,75.52,73.96,74.45,0
SP500,19700612,74.45,74.84,73.25,73.88,0
SP500,19700615,73.88,75.27,73.67,74.58,0
SP500,19700616,74.58,76.76,74.21,76.15,0
SP500,19700617,76.15,78.04,75.63,76.00,0
SP500,19700618,76.00,77.17,74.99,76.51,0
SP500,19700619,76.51,78.05,76.31,77.05,0
SP500,19700622,77.05,77.43,75.61,76.64,0
SP500,19700623,76.64,76.83,74.52,74.76,0
SP500,19700624,74.76,75.42,73.40,73.97,0
SP500,19700625,73.97,74.93,73.30,74.02,0
SP500,19700626,74.02,74.68,73.09,73.47,0
SP500,19700629,73.47,73.86,72.34,72.89,0
SP500,19700630,72.89,73.89,72.25,72.72,0
SP500,19700701,72.72,73.66,72.11,72.94,0
SP500,19700702,72.94,73.92,72.43,72.92,0
SP500,19700706,72.92,73.12,71.38,71.78,0
SP500,19700707,71.78,72.32,70.69,71.23,0
SP500,19700708,71.23,73.30,70.99,73.00,0
SP500,19700709,73.00,74.77,72.88,74.06,0
SP500,19700710,74.06,75.21,73.49,74.45,0
SP500,19700713,74.45,75.37,73.83,74.55,0
SP500,19700714,74.55,75.04,73.78,74.42,0
SP500,19700715,74.42,75.68,74.06,75.23,0
SP500,19700716,75.23,77.09,75.12,76.34,0
SP500,19700717,76.37,78.23,76.37,77.69,0
SP500,19700720,77.69,78.72,77.04,77.79,0
SP500,19700721,77.79,77.94,76.39,76.98,0
SP500,19700722,76.98,78.20,76.22,77.03,0
SP500,19700723,77.03,78.51,76.46,78.00,0
SP500,19700724,78.00,78.48,76.96,77.82,0
SP500,19700727,77.82,78.27,77.07,77.65,0
SP500,19700728,77.65,78.35,76.96,77.77,0
SP500,19700729,77.77,78.81,77.28,78.04,0
SP500,19700730,78.04,78.66,77.36,78.07,0
SP500,19700731,78.07,79.03,77.44,78.05,0
SP500,19700803,78.05,78.24,76.56,77.02,0
SP500,19700804,77.02,77.56,76.12,77.19,0
SP500,19700805,77.19,77.86,76.59,77.18,0
SP500,19700806,77.18,77.68,76.39,77.08,0
SP500,19700807,77.08,78.09,76.46,77.28,0
SP500,19700810,77.28,77.40,75.72,76.20,0
SP500,19700811,76.20,76.33,75.16,75.82,0
SP500,19700812,75.82,76.24,75.04,75.42,0
SP500,19700813,75.42,75.69,74.13,74.76,0
SP500,19700814,74.76,75.74,74.39,75.18,0
SP500,19700817,75.18,75.79,74.52,75.33,0
SP500,19700818,75.33,76.79,75.30,76.20,0
SP500,19700819,76.20,77.58,76.01,76.96,0
SP500,19700820,76.96,77.99,76.30,77.84,0
SP500,19700821,77.84,79.60,77.46,79.24,0
SP500,19700824,79.41,81.62,79.41,80.99,0
SP500,19700825,80.99,81.81,79.69,81.12,0
SP500,19700826,81.12,82.26,80.60,81.21,0
SP500,19700827,81.21,81.91,80.13,81.08,0
SP500,19700828,81.08,82.47,80.69,81.86,0
SP500,19700831,81.86,82.33,80.95,81.52,0
SP500,19700901,81.52,81.80,80.43,80.95,0
SP500,19700902,80.95,81.35,79.95,80.96,0
SP500,19700903,80.96,82.63,80.88,82.09,0
SP500,19700904,82.09,83.42,81.79,82.83,0
SP500,19700908,82.83,83.69,81.48,83.04,0
SP500,19700909,83.04,83.78,81.90,82.79,0
SP500,19700910,82.79,82.98,81.62,82.30,0
SP500,19700911,82.30,83.19,81.81,82.52,0
SP500,19700914,82.52,83.13,81.43,82.07,0
SP500,19700915,82.07,82.11,80.75,81.36,0
SP500,19700916,81.36,82.57,80.61,81.79,0
SP500,19700917,81.79,83.09,81.51,82.29,0
SP500,19700918,82.29,83.50,81.77,82.62,0
SP500,19700921,82.62,83.15,81.52,81.91,0
SP500,19700922,81.91,82.24,80.82,81.86,0
SP500,19700923,81.86,83.15,81.52,81.91,0
SP500,19700924,81.91,82.24,80.82,81.66,0
SP500,19700925,81.66,83.60,81.41,82.83,0
SP500,19700928,82.83,84.56,82.61,83.91,0
SP500,19700929,83.91,84.57,83.11,83.86,0
SP500,19700930,83.86,84.99,82.78,84.30,0
SP500,19701001,84.30,84.70,83.46,84.32,0
SP500,19701002,84.32,85.56,84.06,85.16,0
SP500,19701005,85.16,86.99,85.01,86.47,0
SP500,19701006,86.47,87.75,86.04,86.85,0
SP500,19701007,86.85,87.47,85.55,86.89,0
SP500,19701008,86.89,87.37,85.55,85.95,0
SP500,19701009,85.95,86.25,84.54,85.08,0
SP500,19701012,85.05,85.05,83.58,84.17,0
SP500,19701013,84.17,84.70,83.24,84.06,0
SP500,19701014,84.06,84.83,83.42,84.19,0
SP500,19701015,84.19,85.28,83.82,84.65,0
SP500,19701016,84.65,85.21,83.83,84.28,0
SP500,19701019,84.28,84.29,82.81,83.15,0
SP500,19701020,83.15,84.19,82.62,83.64,0
SP500,19701021,83.64,84.72,83.21,83.66,0
SP500,19701022,83.66,84.04,82.77,83.38,0
SP500,19701023,83.38,84.30,82.91,83.77,0
SP500,19701026,83.77,84.26,82.89,83.31,0
SP500,19701027,83.31,83.73,82.52,83.12,0
SP500,19701028,83.12,83.81,82.29,83.43,0
SP500,19701029,83.43,84.10,82.82,83.36,0
SP500,19701030,83.36,83.80,82.52,83.25,0
SP500,19701102,83.25,83.99,82.66,83.51,0
SP500,19701103,83.51,84.77,83.21,84.22,0
SP500,19701104,84.22,85.26,83.82,84.39,0
SP500,19701105,84.39,84.79,83.53,84.10,0
SP500,19701106,84.10,84.73,83.55,84.22,0
SP500,19701109,84.22,85.27,83.82,84.67,0
SP500,19701110,84.67,85.69,84.18,84.79,0
SP500,19701111,84.79,86.24,84.69,85.03,0
SP500,19701112,85.03,85.54,83.81,84.15,0
SP500,19701113,84.15,84.33,82.92,83.37,0
SP500,19701116,83.37,83.75,82.34,83.24,0
SP500,19701117,83.24,84.17,82.81,83.47,0
SP500,19701118,83.47,83.53,82.41,82.79,0
SP500,19701119,82.79,83.48,82.23,82.91,0
SP500,19701120,82.91,84.06,82.49,83.72,0
SP500,19701123,83.72,84.92,83.47,84.24,0
SP500,19701124,84.24,85.18,83.59,84.78,0
SP500,19701125,84.78,85.70,84.35,85.09,0
SP500,19701127,85.09,86.21,84.67,85.93,0
SP500,19701130,85.93,87.60,85.79,87.20,0
SP500,19701201,87.20,88.61,86.11,87.47,0
SP500,19701202,87.47,88.83,86.72,88.48,0
SP500,19701203,88.48,89.87,88.11,88.90,0
SP500,19701204,88.90,89.89,88.12,89.46,0
SP500,19701207,89.46,90.39,88.76,89.94,0
SP500,19701208,89.94,90.47,88.87,89.47,0
SP500,19701209,89.47,90.03,88.48,89.54,0
SP500,19701210,89.54,90.87,89.01,89.92,0
SP500,19701211,89.92,90.93,89.44,90.26,0
SP500,19701214,90.26,90.81,89.28,89.80,0
SP500,19701215,89.80,90.32,88.93,89.66,0
SP500,19701216,89.66,90.22,88.77,89.72,0
SP500,19701217,89.72,90.61,89.31,90.04,0
SP500,19701218,90.04,90.77,89.42,90.22,0
SP500,19701221,90.22,90.77,89.36,89.94,0
SP500,19701222,89.94,90.84,89.35,90.04,0
SP500,19701223,90.04,90.86,89.35,90.10,0
SP500,19701224,90.10,91.08,89.81,90.61,0
SP500,19701228,90.61,91.49,90.28,91.09,0
SP500,19701229,91.09,92.38,90.73,92.08,0
SP500,19701230,92.08,92.99,91.60,92.27,0
SP500,19701231,92.27,92.79,91.36,92.15,0
SP500,19710104,92.15,92.19,90.64,91.15,0
SP500,19710105,91.15,92.28,90.69,91.80,0
SP500,19710106,91.80,93.00,91.50,92.35,0
SP500,19710107,92.35,93.26,91.75,92.38,0
SP500,19710108,92.38,93.02,91.60,92.19,0
SP500,19710111,92.19,92.67,90.99,91.98,0
SP500,19710112,91.98,93.28,91.63,92.72,0
SP500,19710113,92.72,93.66,91.88,92.56,0
SP500,19710114,92.56,93.36,91.67,92.80,0
SP500,19710115,92.80,93.94,92.25,93.03,0
SP500,19710118,93.03,94.11,92.63,93.41,0
SP500,19710119,93.41,94.28,92.85,93.76,0
SP500,19710120,93.76,94.53,93.07,93.78,0
SP500,19710121,93.78,94.69,93.15,94.19,0
SP500,19710122,94.19,95.53,93.96,94.88,0
SP500,19710125,94.88,95.93,94.16,95.28,0
SP500,19710126,95.28,96.36,94.69,95.59,0
SP500,19710127,95.59,95.78,93.96,94.89,0
SP500,19710128,94.89,95.78,94.12,95.21,0
SP500,19710129,95.21,96.49,94.79,95.88,0
SP500,19710201,95.88,97.05,95.38,96.42,0
SP500,19710202,96.42,97.19,95.60,96.43,0
SP500,19710203,96.43,97.19,95.58,96.63,0
SP500,19710204,96.63,97.26,95.69,96.62,0
SP500,19710205,96.62,97.58,95.84,96.93,0
SP500,19710208,96.93,98.04,96.13,97.45,0
SP500,19710209,97.45,98.50,96.90,97.51,0
SP500,19710210,97.51,97.97,96.23,97.39,0
SP500,19710211,97.39,98.49,96.99,97.91,0
SP500,19710212,97.91,98.96,97.56,98.43,0
SP500,19710216,98.43,99.59,97.85,98.66,0
SP500,19710217,98.66,99.32,97.32,98.20,0
SP500,19710218,98.20,98.60,96.96,97.56,0
SP500,19710219,97.56,97.79,96.25,96.74,0
SP500,19710222,96.65,96.65,94.97,95.72,0
SP500,19710223,95.72,96.67,94.92,96.09,0
SP500,19710224,96.09,97.34,95.86,96.73,0
SP500,19710225,96.73,97.71,96.08,96.96,0
SP500,19710226,96.96,97.54,95.84,96.75,0
SP500,19710301,96.75,97.48,96.11,97.00,0
SP500,19710302,97.00,97.60,96.32,96.98,0
SP500,19710303,96.98,97.54,96.30,96.95,0
SP500,19710304,96.95,98.38,96.90,97.92,0
SP500,19710305,97.92,99.49,97.82,98.96,0
SP500,19710308,98.96,99.44,98.42,99.38,0
SP500,19710309,99.38,100.31,98.72,99.46,0
SP500,19710310,99.46,100.10,98.63,99.30,0
SP500,19710311,99.30,100.29,98.57,99.39,0
SP500,19710312,99.39,100.09,98.64,99.57,0
SP500,19710315,99.57,101.15,99.12,100.71,0
SP500,19710316,100.71,101.94,100.36,101.21,0
SP500,19710317,101.21,101.66,99.98,101.12,0
SP500,19710318,101.12,102.03,100.43,101.19,0
SP500,19710319,101.19,101.74,100.35,101.01,0
SP500,19710322,101.01,101.46,100.08,100.62,0
SP500,19710323,100.62,101.06,99.62,100.28,0
SP500,19710324,100.28,100.63,99.15,99.62,0
SP500,19710325,99.62,100.03,98.36,99.61,0
SP500,19710326,99.61,100.65,99.18,99.95,0
SP500,19710329,99.95,100.74,99.36,100.03,0
SP500,19710330,100.03,100.86,99.41,100.26,0
SP500,19710331,100.26,101.05,99.69,100.31,0
SP500,19710401,100.31,100.99,99.63,100.39,0
SP500,19710402,100.39,101.23,99.86,100.56,0
SP500,19710405,100.56,101.41,99.88,100.79,0
SP500,19710406,100.79,102.11,100.30,101.51,0
SP500,19710407,101.51,102.87,101.13,101.98,0
SP500,19710408,101.98,102.86,101.30,102.10,0
SP500,19710412,102.10,103.54,101.75,102.88,0
SP500,19710413,102.88,103.96,102.25,102.98,0
SP500,19710414,102.98,104.01,102.28,103.37,0
SP500,19710415,103.37,104.40,102.76,103.52,0
SP500,19710416,103.52,104.18,102.68,103.49,0
SP500,19710419,103.49,104.63,103.09,104.01,0
SP500,19710420,104.01,104.58,103.06,103.61,0
SP500,19710421,103.61,104.16,102.55,103.36,0
SP500,19710422,103.36,104.27,102.58,103.56,0
SP500,19710423,103.56,104.63,102.79,104.05,0
SP500,19710426,104.05,104.83,103.19,103.94,0
SP500,19710427,103.94,105.07,103.23,104.59,0
SP500,19710428,104.59,105.60,103.85,104.77,0
SP500,19710429,104.77,105.58,103.90,104.63,0
SP500,19710430,104.63,104.96,103.25,103.95,0
SP500,19710503,103.95,104.11,102.37,103.29,0
SP500,19710504,103.29,104.36,102.71,103.79,0
SP500,19710505,103.79,104.28,102.68,103.78,0
SP500,19710506,103.78,104.42,102.80,103.23,0
SP500,19710507,103.23,103.50,101.86,102.87,0
SP500,19710510,102.87,103.15,101.71,102.36,0
SP500,19710511,102.36,103.37,101.50,102.62,0
SP500,19710512,102.62,103.57,102.12,102.90,0
SP500,19710513,102.90,103.57,101.98,102.69,0
SP500,19710514,102.69,103.17,101.65,102.21,0
SP500,19710517,102.08,102.08,100.25,100.69,0
SP500,19710518,100.69,101.62,99.68,100.83,0
SP500,19710519,100.83,101.75,100.30,101.07,0
SP500,19710520,101.07,102.17,100.61,101.31,0
SP500,19710521,101.31,101.84,100.41,100.99,0
SP500,19710524,100.99,101.24,99.72,100.13,0
SP500,19710525,100.13,100.39,98.73,99.47,0
SP500,19710526,99.47,100.49,98.93,99.59,0
SP500,19710527,99.59,100.14,98.78,99.40,0
SP500,19710528,99.40,100.17,98.68,99.63,0
SP500,19710601,99.63,100.76,99.22,100.20,0
SP500,19710602,100.20,101.53,99.89,100.96,0
SP500,19710603,100.96,102.07,100.30,101.01,0
SP500,19710604,101.01,101.88,100.43,101.30,0
SP500,19710607,101.30,102.02,100.55,101.09,0
SP500,19710608,101.09,101.50,99.91,100.32,0
SP500,19710609,100.32,100.97,99.28,100.29,0
SP500,19710610,100.29,101.23,99.78,100.64,0
SP500,19710611,100.64,101.71,100.18,101.07,0
SP500,19710614,101.07,101.28,99.78,100.22,0
SP500,19710615,100.22,101.10,99.45,100.32,0
SP500,19710616,100.32,101.29,99.68,100.52,0
SP500,19710617,100.52,101.37,99.87,100.50,0
SP500,19710618,100.50,100.63,98.65,98.97,0
SP500,19710621,98.97,99.18,97.22,97.87,0
SP500,19710622,97.87,98.66,96.92,97.59,0
SP500,19710623,97.59,98.95,97.36,98.41,0
SP500,19710624,98.41,99.00,97.59,98.13,0
SP500,19710625,98.13,98.66,97.33,97.99,0
SP500,19710628,97.99,98.48,97.02,97.74,0
SP500,19710629,97.74,99.39,97.61,98.82,0
SP500,19710630,98.82,100.29,98.68,98.70,0
SP500,19710701,99.16,100.65,99.16,99.78,0
SP500,19710702,99.78,100.31,99.09,99.78,0
SP500,19710706,99.78,100.35,99.10,99.76,0
SP500,19710707,99.76,100.83,99.25,100.04,0
SP500,19710708,100.04,101.03,99.59,100.34,0
SP500,19710709,100.34,101.33,99.86,100.69,0
SP500,19710712,100.69,101.52,100.19,100.82,0
SP500,19710713,100.82,101.06,99.07,99.50,0
SP500,19710714,99.50,99.83,98.23,99.22,0
SP500,19710715,99.22,100.48,98.76,99.28,0
SP500,19710716,99.28,100.35,98.64,99.11,0
SP500,19710719,99.11,99.57,98.11,98.93,0
SP500,19710720,98.93,100.01,98.60,99.32,0
SP500,19710721,99.32,100.00,98.74,99.28,0
SP500,19710722,99.28,99.82,98.50,99.11,0
SP500,19710723,99.11,99.60,98.26,98.94,0
SP500,19710726,98.94,99.47,96.67,98.14,0
SP500,19710727,98.14,98.99,97.42,97.78,0
SP500,19710728,97.78,98.15,96.51,97.07,0
SP500,19710729,97.07,97.22,95.37,96.02,0
SP500,19710730,96.02,96.78,95.08,95.58,0
SP500,19710802,95.58,96.76,95.22,95.96,0
SP500,19710803,95.96,96.11,94.06,94.51,0
SP500,19710804,94.51,95.34,93.35,93.89,0
SP500,19710805,93.89,94.89,93.33,94.09,0
SP500,19710806,94.09,94.91,93.63,94.25,0
SP500,19710809,94.25,94.55,93.17,93.53,0
SP500,19710810,93.53,94.13,92.81,93.54,0
SP500,19710811,93.54,95.06,93.35,94.66,0
SP500,19710812,94.81,96.50,94.81,96.00,0
SP500,19710813,96.00,96.53,95.19,95.69,0
SP500,19710816,97.90,100.96,97.90,98.76,0
SP500,19710817,98.76,101.00,98.49,99.99,0
SP500,19710818,99.99,100.19,98.06,98.60,0
SP500,19710819,98.60,99.07,97.35,98.16,0
SP500,19710820,98.16,98.94,97.52,98.33,0
SP500,19710823,98.33,99.96,98.09,99.25,0
SP500,19710824,99.25,101.02,99.15,100.40,0
SP500,19710825,100.40,101.51,99.77,100.41,0
SP500,19710826,100.41,101.12,99.40,100.24,0
SP500,19710827,100.24,101.22,99.76,100.48,0
SP500,19710830,100.48,100.89,99.17,99.52,0
SP500,19710831,99.52,99.76,98.32,99.03,0
SP500,19710901,99.03,99.84,98.50,99.07,0
SP500,19710902,99.07,99.80,98.52,99.29,0
SP500,19710903,99.29,100.93,99.10,100.69,0
SP500,19710907,100.69,102.25,100.43,101.15,0
SP500,19710908,101.15,101.94,100.52,101.34,0
SP500,19710909,101.34,101.88,100.38,100.80,0
SP500,19710910,100.80,101.01,99.69,100.42,0
SP500,19710913,100.42,100.84,99.49,100.07,0
SP500,19710914,100.07,100.35,98.99,99.34,0
SP500,19710915,99.34,100.24,98.79,99.77,0
SP500,19710916,99.77,100.35,99.07,99.66,0
SP500,19710917,99.66,100.52,99.26,99.96,0
SP500,19710920,99.96,100.40,99.14,99.68,0
SP500,19710921,99.68,100.08,98.71,99.34,0
SP500,19710922,99.34,99.72,98.15,98.47,0
SP500,19710923,98.47,99.12,97.61,98.38,0
SP500,19710924,98.38,99.35,97.78,98.15,0
SP500,19710927,98.15,98.41,96.97,97.62,0
SP500,19710928,97.62,98.55,97.12,97.88,0
SP500,19710929,97.88,98.51,97.29,97.90,0
SP500,19710930,97.90,98.97,97.48,98.34,0
SP500,19711001,98.34,99.49,97.96,98.93,0
SP500,19711004,98.93,100.04,98.62,99.21,0
SP500,19711005,99.21,99.78,98.34,99.11,0
SP500,19711006,99.11,100.13,98.49,99.82,0
SP500,19711007,99.82,100.96,99.42,100.02,0
SP500,19711008,100.02,100.30,98.87,99.36,0
SP500,19711011,99.36,99.62,98.58,99.21,0
SP500,19711012,99.21,100.20,98.62,99.57,0
SP500,19711013,99.57,100.08,98.61,99.03,0
SP500,19711014,99.03,99.25,97.74,98.13,0
SP500,19711015,98.13,98.45,97.03,97.79,0
SP500,19711018,97.79,98.33,96.98,97.35,0
SP500,19711019,97.35,97.66,96.05,97.00,0
SP500,19711020,97.00,97.45,95.23,95.65,0
SP500,19711021,95.65,96.33,94.59,95.60,0
SP500,19711022,95.60,96.83,94.97,95.57,0
SP500,19711025,95.57,95.76,94.57,95.10,0
SP500,19711026,95.02,95.02,94.38,94.74,0
SP500,19711027,94.74,94.99,93.39,93.79,0
SP500,19711028,93.79,94.75,92.96,93.96,0
SP500,19711029,93.96,94.71,93.28,94.23,0
SP500,19711101,94.23,94.43,92.48,92.80,0
SP500,19711102,92.80,93.73,91.84,93.18,0
SP500,19711103,93.27,95.31,93.27,94.91,0
SP500,19711104,94.91,96.08,94.37,94.79,0
SP500,19711105,94.79,95.01,93.64,94.46,0
SP500,19711108,94.46,94.97,93.78,94.39,0
SP500,19711109,94.39,95.31,93.94,94.46,0
SP500,19711110,94.46,94.84,93.10,93.41,0
SP500,19711111,93.41,93.54,91.64,92.12,0
SP500,19711112,92.12,92.90,90.93,92.12,0
SP500,19711115,92.12,92.69,91.38,91.81,0
SP500,19711116,91.81,93.15,91.21,92.71,0
SP500,19711117,92.71,93.35,91.80,92.85,0
SP500,19711118,92.85,93.62,91.88,92.13,0
SP500,19711119,92.13,92.38,90.95,91.61,0
SP500,19711122,91.61,92.12,90.51,90.79,0
SP500,19711123,90.79,91.10,89.34,90.16,0
SP500,19711124,90.16,91.14,89.73,90.33,0
SP500,19711126,90.33,92.19,90.27,91.94,0
SP500,19711129,92.04,94.90,92.04,93.41,0
SP500,19711130,93.41,94.43,92.51,93.99,0
SP500,19711201,93.99,96.12,93.95,95.44,0
SP500,19711202,95.44,96.59,94.73,95.84,0
SP500,19711203,95.84,97.57,95.36,97.06,0
SP500,19711206,97.06,98.17,96.07,96.51,0
SP500,19711207,96.51,97.35,95.40,96.87,0
SP500,19711208,96.87,97.65,96.08,96.92,0
SP500,19711209,96.96,96.96,96.96,96.96,0
SP500,19711210,97.69,97.69,97.69,97.69,0
SP500,19711213,97.97,97.97,97.97,97.97,0
SP500,19711214,97.67,97.67,97.67,97.67,0
SP500,19711215,98.54,98.54,98.54,98.54,0
SP500,19711216,99.74,99.74,99.74,99.74,0
SP500,19711217,100.26,100.26,100.26,100.26,0
SP500,19711220,101.55,101.55,101.55,101.55,0
SP500,19711221,101.80,101.80,101.80,101.80,0
SP500,19711222,101.18,101.18,101.18,101.18,0
SP500,19711223,100.74,100.74,100.74,100.74,0
SP500,19711227,100.95,100.95,100.95,100.95,0
SP500,19711228,101.95,101.95,101.95,101.95,0
SP500,19711229,102.21,102.21,102.21,102.21,0
SP500,19711230,101.78,101.78,101.78,101.78,0
SP500,19711231,102.09,102.09,102.09,102.09,0
SP500,19720103,102.09,102.85,101.19,101.67,0
SP500,19720104,101.67,102.59,100.87,102.09,0
SP500,19720105,102.09,103.69,101.90,103.06,0
SP500,19720106,103.06,104.20,102.66,103.51,0
SP500,19720107,103.51,104.29,102.38,103.47,0
SP500,19720110,103.47,103.97,102.44,103.32,0
SP500,19720111,103.32,104.30,102.85,103.65,0
SP500,19720112,103.65,104.66,103.05,103.59,0
SP500,19720113,103.59,103.80,102.29,102.99,0
SP500,19720114,102.99,103.89,102.41,103.39,0
SP500,19720117,103.39,104.24,102.80,103.70,0
SP500,19720118,103.70,104.85,103.35,104.05,0
SP500,19720119,104.05,104.61,102.83,103.88,0
SP500,19720120,103.88,105.00,103.32,103.88,0
SP500,19720121,103.88,104.40,102.75,103.65,0
SP500,19720124,103.65,104.03,102.20,102.57,0
SP500,19720125,102.57,103.59,101.63,102.70,0
SP500,19720126,102.70,103.31,101.81,102.50,0
SP500,19720127,102.50,103.93,102.20,103.50,0
SP500,19720128,103.50,104.98,103.22,104.16,0
SP500,19720131,104.16,104.88,103.30,103.94,0
SP500,19720201,103.94,104.57,103.10,104.01,0
SP500,19720202,104.01,105.41,103.50,104.68,0
SP500,19720203,104.68,105.43,103.85,104.64,0
SP500,19720204,104.64,105.48,104.05,104.86,0
SP500,19720207,104.86,105.46,103.97,104.54,0
SP500,19720208,104.54,105.22,103.90,104.74,0
SP500,19720209,104.74,106.03,104.36,105.55,0
SP500,19720210,105.55,106.69,104.97,105.59,0
SP500,19720211,105.59,105.91,104.45,105.08,0
SP500,19720214,105.08,105.53,104.03,104.59,0
SP500,19720215,104.59,105.59,104.10,105.03,0
SP500,19720216,105.03,106.25,104.65,105.62,0
SP500,19720217,105.62,106.65,104.96,105.59,0
SP500,19720218,105.59,106.01,104.47,105.28,0
SP500,19720222,105.28,106.18,104.65,105.29,0
SP500,19720223,105.29,106.18,104.72,105.38,0
SP500,19720224,105.38,106.24,104.76,105.45,0
SP500,19720225,105.45,106.73,105.04,106.18,0
SP500,19720228,106.18,107.04,105.37,106.19,0
SP500,19720229,106.19,107.16,105.45,106.57,0
SP500,19720301,106.57,108.13,106.21,107.35,0
SP500,19720302,107.35,108.39,106.63,107.32,0
SP500,19720303,107.32,108.51,106.78,107.94,0
SP500,19720306,107.94,109.40,107.64,108.77,0
SP500,19720307,108.77,109.72,108.02,108.87,0
SP500,19720308,108.87,109.68,108.04,108.96,0
SP500,19720309,108.96,109.75,108.19,108.94,0
SP500,19720310,108.94,109.37,107.77,108.38,0
SP500,19720313,108.38,108.52,106.71,107.33,0
SP500,19720314,107.33,108.20,106.71,107.61,0
SP500,19720315,107.61,108.55,107.09,107.75,0
SP500,19720316,107.75,108.22,106.55,107.50,0
SP500,19720317,107.50,108.61,106.89,107.92,0
SP500,19720320,107.92,108.81,107.18,107.59,0
SP500,19720321,107.59,107.68,105.86,106.69,0
SP500,19720322,106.69,107.52,106.00,106.84,0
SP500,19720323,106.84,108.33,106.67,107.75,0
SP500,19720324,107.75,108.36,106.95,107.52,0
SP500,19720327,107.52,108.00,106.53,107.30,0
SP500,19720328,107.30,108.08,106.22,107.17,0
SP500,19720329,107.17,107.41,105.98,106.49,0
SP500,19720330,106.49,107.67,106.07,107.20,0
SP500,19720403,107.20,108.26,106.75,107.48,0
SP500,19720404,107.48,108.62,106.77,108.12,0
SP500,19720405,108.12,109.64,107.96,109.00,0
SP500,19720406,109.00,110.29,108.53,109.53,0
SP500,19720407,109.53,110.15,108.53,109.62,0
SP500,19720410,109.62,110.54,108.89,109.45,0
SP500,19720411,109.45,110.38,108.76,109.76,0
SP500,19720412,109.76,111.11,109.36,110.18,0
SP500,19720413,110.18,110.79,109.37,109.91,0
SP500,19720414,109.91,110.56,109.07,109.84,0
SP500,19720417,109.84,110.22,108.77,109.51,0
SP500,19720418,109.51,110.64,109.02,109.77,0
SP500,19720419,109.77,110.35,108.71,109.20,0
SP500,19720420,109.20,109.69,108.08,109.04,0
SP500,19720421,109.04,109.92,108.30,108.89,0
SP500,19720424,108.89,109.19,107.62,108.19,0
SP500,19720425,108.19,108.29,106.70,107.12,0
SP500,19720426,107.12,107.89,106.18,106.89,0
SP500,19720427,106.89,107.89,106.42,107.05,0
SP500,19720428,107.05,108.28,106.70,107.67,0
SP500,19720501,107.67,108.00,106.30,106.69,0
SP500,19720502,106.69,107.37,105.55,106.08,0
SP500,19720503,106.08,107.24,105.44,105.99,0
SP500,19720504,105.99,106.81,105.14,106.25,0
SP500,19720505,106.25,107.33,105.70,106.63,0
SP500,19720508,106.63,106.81,105.36,106.14,0
SP500,19720509,106.06,106.06,103.83,104.74,0
SP500,19720510,104.74,106.10,104.43,105.42,0
SP500,19720511,105.42,106.45,104.90,105.77,0
SP500,19720512,105.77,107.02,105.49,106.38,0
SP500,19720515,106.38,107.45,106.06,106.86,0
SP500,19720516,106.86,107.55,106.13,106.66,0
SP500,19720517,106.66,107.38,106.02,106.89,0
SP500,19720518,106.89,108.39,106.72,107.94,0
SP500,19720519,107.94,109.59,107.74,108.98,0
SP500,19720522,108.98,110.37,108.79,109.69,0
SP500,19720523,109.69,110.46,108.91,109.78,0
SP500,19720524,109.78,111.07,109.39,110.31,0
SP500,19720525,110.31,111.20,109.67,110.46,0
SP500,19720526,110.46,111.31,109.84,110.66,0
SP500,19720530,110.66,111.48,109.78,110.35,0
SP500,19720531,110.35,110.52,108.92,109.53,0
SP500,19720601,109.53,110.35,108.97,109.69,0
SP500,19720602,109.69,110.51,108.93,109.73,0
SP500,19720605,109.73,109.92,108.28,108.82,0
SP500,19720606,108.82,109.32,107.71,108.21,0
SP500,19720607,108.21,108.52,106.91,107.65,0
SP500,19720608,107.65,108.52,106.90,107.28,0
SP500,19720609,107.28,107.68,106.30,106.86,0
SP500,19720612,106.86,107.92,106.29,107.01,0
SP500,19720613,107.01,108.03,106.38,107.55,0
SP500,19720614,107.55,109.15,107.38,108.39,0
SP500,19720615,108.39,109.52,107.78,108.44,0
SP500,19720616,108.44,108.94,107.54,108.36,0
SP500,19720619,108.36,108.78,107.37,108.11,0
SP500,19720620,108.11,109.12,107.64,108.56,0
SP500,19720621,108.56,109.66,107.98,108.79,0
SP500,19720622,108.79,109.26,107.62,108.68,0
SP500,19720623,108.68,109.33,107.69,108.27,0
SP500,19720626,108.23,108.23,106.68,107.48,0
SP500,19720627,107.48,108.29,106.70,107.37,0
SP500,19720628,107.37,107.87,106.49,107.02,0
SP500,19720629,107.02,107.47,105.94,106.82,0
SP500,19720630,106.82,107.91,106.40,107.14,0
SP500,19720703,107.14,107.95,106.72,107.49,0
SP500,19720705,107.49,108.80,107.14,108.10,0
SP500,19720706,108.28,110.27,108.28,109.04,0
SP500,19720707,109.04,109.66,108.16,108.69,0
SP500,19720710,108.69,109.16,107.62,108.11,0
SP500,19720711,108.11,108.35,106.87,107.32,0
SP500,19720712,107.32,108.15,106.42,106.89,0
SP500,19720713,106.89,107.30,105.62,106.28,0
SP500,19720714,106.28,107.58,105.77,106.80,0
SP500,19720717,106.80,107.37,105.55,105.88,0
SP500,19720718,105.88,106.40,104.43,105.83,0
SP500,19720719,105.83,107.36,105.47,106.14,0
SP500,19720720,106.14,106.68,105.12,105.81,0
SP500,19720721,105.81,107.05,104.99,106.66,0
SP500,19720724,106.66,108.67,106.63,107.92,0
SP500,19720725,107.92,108.88,107.06,107.60,0
SP500,19720726,107.60,108.42,106.79,107.53,0
SP500,19720727,107.53,108.31,106.61,107.28,0
SP500,19720728,107.28,108.03,106.52,107.38,0
SP500,19720731,107.38,108.06,106.60,107.39,0
SP500,19720801,107.39,108.85,107.06,108.40,0
SP500,19720802,108.40,109.85,108.12,109.29,0
SP500,19720803,109.29,110.88,108.90,110.14,0
SP500,19720804,110.14,111.12,109.37,110.43,0
SP500,19720807,110.43,111.38,109.69,110.61,0
SP500,19720808,110.61,111.32,109.67,110.69,0
SP500,19720809,110.69,111.57,109.98,110.86,0
SP500,19720810,110.86,111.68,110.09,111.05,0
SP500,19720811,111.05,112.40,110.52,111.95,0
SP500,19720814,111.95,113.45,111.66,112.55,0
SP500,19720815,112.55,113.04,111.27,112.06,0
SP500,19720816,112.06,112.80,110.87,111.66,0
SP500,19720817,111.66,112.41,110.72,111.34,0
SP500,19720818,111.34,112.53,110.81,111.76,0
SP500,19720821,111.76,112.74,110.75,111.72,0
SP500,19720822,111.72,113.16,111.28,112.41,0
SP500,19720823,112.41,113.27,111.30,112.26,0
SP500,19720824,112.26,112.81,110.62,111.02,0
SP500,19720825,111.02,111.53,109.78,110.67,0
SP500,19720828,110.67,111.24,109.71,110.23,0
SP500,19720829,110.23,111.02,109.26,110.41,0
SP500,19720830,110.41,111.33,109.90,110.57,0
SP500,19720831,110.57,111.52,110.08,111.09,0
SP500,19720901,111.09,112.12,110.70,111.51,0
SP500,19720905,111.51,112.08,110.75,111.23,0
SP500,19720906,111.23,111.38,110.04,110.55,0
SP500,19720907,110.55,111.06,109.71,110.29,0
SP500,19720908,110.29,110.90,109.67,110.15,0
SP500,19720911,110.15,110.57,109.01,109.51,0
SP500,19720912,109.51,109.84,107.81,108.47,0
SP500,19720913,108.47,109.36,107.84,108.90,0
SP500,19720914,108.90,109.64,108.21,108.93,0
SP500,19720915,108.93,109.49,108.10,108.81,0
SP500,19720918,108.81,109.22,107.86,108.61,0
SP500,19720919,108.61,109.57,108.08,108.55,0
SP500,19720920,108.55,109.12,107.84,108.60,0
SP500,19720921,108.60,109.13,107.75,108.43,0
SP500,19720922,108.43,109.20,107.72,108.52,0
SP500,19720925,108.52,109.09,107.67,108.05,0
SP500,19720926,108.05,108.97,107.35,108.12,0
SP500,19720927,108.12,109.92,107.79,109.66,0
SP500,19720928,109.66,110.75,108.75,110.35,0
SP500,19720929,110.35,110.55,108.05,110.55,0
SP500,19721002,110.55,110.98,109.49,110.16,0
SP500,19721003,110.16,110.90,109.47,110.30,0
SP500,19721004,110.30,111.35,109.58,110.09,0
SP500,19721005,110.09,110.52,108.49,108.89,0
SP500,19721006,108.89,110.49,107.78,109.62,0
SP500,19721009,109.62,110.44,109.28,109.90,0
SP500,19721010,109.90,111.11,109.32,109.99,0
SP500,19721011,109.99,110.51,108.77,109.50,0
SP500,19721012,109.50,109.69,108.03,108.60,0
SP500,19721013,108.60,108.88,107.17,107.92,0
SP500,19721016,107.92,108.40,106.38,106.77,0
SP500,19721017,106.77,108.04,106.27,107.50,0
SP500,19721018,107.50,109.11,107.36,108.19,0
SP500,19721019,108.19,108.81,107.40,108.05,0
SP500,19721020,108.05,109.79,107.59,109.24,0
SP500,19721023,109.51,111.10,109.51,110.35,0
SP500,19721024,110.35,111.34,109.38,110.81,0
SP500,19721025,110.81,111.56,109.96,110.72,0
SP500,19721026,110.72,112.26,110.26,110.99,0
SP500,19721027,110.99,111.62,109.99,110.62,0
SP500,19721030,110.62,111.19,109.66,110.59,0
SP500,19721031,110.59,112.05,110.40,111.58,0
SP500,19721101,111.58,113.31,111.32,112.67,0
SP500,19721102,112.67,113.81,111.96,113.23,0
SP500,19721103,113.23,114.81,112.71,114.22,0
SP500,19721106,114.22,115.17,112.91,113.98,0
SP500,19721108,113.98,115.23,112.77,113.35,0
SP500,19721109,113.35,114.11,112.08,113.50,0
SP500,19721110,113.50,115.15,112.85,113.73,0
SP500,19721113,113.73,114.75,112.91,113.90,0
SP500,19721114,113.90,115.41,113.36,114.95,0
SP500,19721115,114.95,116.07,113.87,114.50,0
SP500,19721116,114.50,115.57,113.73,115.13,0
SP500,19721117,115.13,116.23,114.44,115.49,0
SP500,19721120,115.49,116.25,114.57,115.53,0
SP500,19721121,115.53,116.84,115.04,116.21,0
SP500,19721122,116.21,117.61,115.67,116.90,0
SP500,19721124,116.90,117.91,116.19,117.27,0
SP500,19721127,117.27,117.55,115.66,116.72,0
SP500,19721128,116.72,117.48,115.78,116.47,0
SP500,19721129,116.47,117.14,115.56,116.52,0
SP500,19721130,116.52,117.39,115.74,116.67,0
SP500,19721201,116.67,118.18,116.29,117.38,0
SP500,19721204,117.38,118.54,116.99,117.77,0
SP500,19721205,117.77,118.42,116.89,117.58,0
SP500,19721206,117.58,118.56,116.90,118.01,0
SP500,19721207,118.01,119.17,117.57,118.60,0
SP500,19721208,118.60,119.54,117.92,118.86,0
SP500,19721211,118.86,119.78,118.24,119.12,0
SP500,19721212,119.12,119.79,118.09,118.66,0
SP500,19721213,118.66,119.23,117.77,118.56,0
SP500,19721214,118.56,119.19,117.63,118.24,0
SP500,19721215,118.24,119.25,117.37,118.26,0
SP500,19721218,117.88,117.88,115.89,116.90,0
SP500,19721219,116.90,117.37,115.69,116.34,0
SP500,19721220,116.34,117.13,115.38,115.95,0
SP500,19721221,115.95,116.60,114.63,115.11,0
SP500,19721222,115.11,116.40,114.78,115.83,0
SP500,19721226,115.83,116.87,115.54,116.30,0
SP500,19721227,116.30,117.55,115.89,116.93,0
SP500,19721229,116.93,118.77,116.70,118.05,0
SP500,19730102,118.06,119.90,118.06,119.10,0
SP500,19730103,119.10,120.45,118.69,119.57,0
SP500,19730104,119.57,120.17,118.12,119.40,0
SP500,19730105,119.40,120.71,118.88,119.87,0
SP500,19730108,119.87,120.55,119.04,119.85,0
SP500,19730109,119.85,120.40,118.89,119.73,0
SP500,19730110,119.73,120.44,118.78,119.43,0
SP500,19730111,119.43,121.74,119.01,120.24,0
SP500,19730112,120.24,121.27,118.69,119.30,0
SP500,19730115,119.30,120.82,118.04,118.44,0
SP500,19730116,118.44,119.17,117.04,118.14,0
SP500,19730117,118.14,119.35,117.61,118.68,0
SP500,19730118,118.68,119.93,118.15,118.85,0
SP500,19730119,118.85,119.45,117.46,118.78,0
SP500,19730122,118.78,119.63,117.72,118.21,0
SP500,19730123,118.21,119.00,116.84,118.22,0
SP500,19730124,118.22,119.04,116.09,116.73,0
SP500,19730126,116.73,117.29,114.97,116.45,0
SP500,19730129,116.45,117.18,115.13,116.01,0
SP500,19730130,116.01,117.11,115.26,115.83,0
SP500,19730131,115.83,116.84,115.05,116.03,0
SP500,19730201,116.03,117.01,114.26,114.76,0
SP500,19730202,114.76,115.40,113.45,114.35,0
SP500,19730205,114.35,115.15,113.62,114.23,0
SP500,19730206,114.23,115.33,113.45,114.45,0
SP500,19730207,114.45,115.48,113.24,113.66,0
SP500,19730208,113.66,114.05,111.85,113.16,0
SP500,19730209,113.16,115.20,113.08,114.68,0
SP500,19730212,114.69,116.66,114.69,116.06,0
SP500,19730213,116.09,118.98,116.09,116.78,0
SP500,19730214,116.78,116.92,114.52,115.10,0
SP500,19730215,115.10,115.68,113.70,114.45,0
SP500,19730216,114.45,115.47,113.73,114.98,0
SP500,19730220,114.98,116.26,114.57,115.40,0
SP500,19730221,115.40,116.01,114.13,114.69,0
SP500,19730222,114.69,115.20,113.44,114.44,0
SP500,19730223,114.44,114.67,112.77,113.16,0
SP500,19730226,113.16,113.26,111.15,112.19,0
SP500,19730227,112.19,112.90,110.50,110.90,0
SP500,19730228,110.90,112.21,109.80,111.68,0
SP500,19730301,111.68,112.98,110.68,111.05,0
SP500,19730302,111.05,112.62,109.45,112.28,0
SP500,19730305,112.28,113.43,111.33,112.68,0
SP500,19730306,112.68,114.71,112.57,114.10,0
SP500,19730307,114.10,115.12,112.83,114.45,0
SP500,19730308,114.45,115.23,113.57,114.23,0
SP500,19730309,114.23,114.55,112.93,113.79,0
SP500,19730312,113.79,114.80,113.25,113.86,0
SP500,19730313,113.86,115.05,113.32,114.48,0
SP500,19730314,114.48,115.61,113.97,114.98,0
SP500,19730315,114.98,115.47,113.77,114.12,0
SP500,19730316,114.12,114.62,112.84,113.54,0
SP500,19730319,113.50,113.50,111.65,112.17,0
SP500,19730320,112.17,112.68,111.02,111.95,0
SP500,19730321,111.95,112.81,110.17,110.49,0
SP500,19730322,110.39,110.39,108.19,108.84,0
SP500,19730323,108.84,109.97,107.41,108.88,0
SP500,19730326,108.88,110.40,108.29,109.84,0
SP500,19730327,109.95,112.07,109.95,111.56,0
SP500,19730328,111.56,112.47,110.54,111.62,0
SP500,19730329,111.62,113.22,111.07,112.71,0
SP500,19730330,112.71,112.87,110.89,111.52,0
SP500,19730402,111.52,111.70,109.68,110.18,0
SP500,19730403,110.18,110.35,108.47,109.24,0
SP500,19730404,109.24,109.96,108.10,108.77,0
SP500,19730405,108.77,109.15,107.44,108.52,0
SP500,19730406,108.52,110.04,108.22,109.28,0
SP500,19730409,109.28,111.24,108.74,110.86,0
SP500,19730410,110.92,112.85,110.92,112.21,0
SP500,19730411,112.21,113.27,111.21,112.68,0
SP500,19730412,112.68,113.65,111.83,112.58,0
SP500,19730413,112.58,112.91,111.23,112.08,0
SP500,19730416,112.08,112.61,110.91,111.44,0
SP500,19730417,111.44,111.81,110.19,110.94,0
SP500,19730418,110.94,112.03,109.99,111.54,0
SP500,19730419,111.54,112.93,111.06,112.17,0
SP500,19730423,112.17,112.66,110.91,111.57,0
SP500,19730424,111.57,111.89,109.64,109.99,0
SP500,19730425,109.82,109.82,107.79,108.34,0
SP500,19730426,108.34,109.66,107.14,108.89,0
SP500,19730427,108.89,109.28,106.76,107.23,0
SP500,19730430,107.23,107.90,105.44,106.97,0
SP500,19730501,106.97,108.00,105.34,107.10,0
SP500,19730502,107.10,109.06,106.95,108.43,0
SP500,19730503,108.43,110.64,106.81,110.22,0
SP500,19730504,110.22,111.99,109.89,111.00,0
SP500,19730507,111.00,111.38,109.68,110.53,0
SP500,19730508,110.53,111.72,109.46,111.25,0
SP500,19730509,111.25,112.25,109.97,110.44,0
SP500,19730510,110.44,110.86,108.86,109.54,0
SP500,19730511,109.49,109.49,107.70,108.17,0
SP500,19730514,107.74,107.74,105.52,105.90,0
SP500,19730515,105.90,107.16,104.12,106.57,0
SP500,19730516,106.57,107.61,105.49,106.43,0
SP500,19730517,106.43,106.82,105.15,105.56,0
SP500,19730518,105.41,105.41,103.18,103.86,0
SP500,19730521,103.77,103.77,101.36,102.73,0
SP500,19730522,102.73,105.04,102.58,103.58,0
SP500,19730523,103.58,105.10,102.82,104.07,0
SP500,19730524,104.07,107.44,103.59,107.14,0
SP500,19730525,107.14,108.86,106.08,107.94,0
SP500,19730529,107.94,108.58,106.77,107.51,0
SP500,19730530,107.51,107.64,105.48,105.91,0
SP500,19730531,105.91,106.30,104.35,104.95,0
SP500,19730601,104.95,105.04,103.31,103.93,0
SP500,19730604,103.93,103.98,102.33,102.97,0
SP500,19730605,102.97,105.27,102.61,104.62,0
SP500,19730606,104.62,105.78,103.60,104.31,0
SP500,19730607,104.31,106.39,104.19,105.84,0
SP500,19730608,105.84,107.75,105.60,107.03,0
SP500,19730611,107.03,107.79,106.11,106.70,0
SP500,19730612,106.70,108.78,106.40,108.29,0
SP500,19730613,108.29,109.52,107.08,107.60,0
SP500,19730614,107.60,108.27,105.83,106.40,0
SP500,19730615,106.21,106.21,104.37,105.10,0
SP500,19730618,104.96,104.96,103.08,103.60,0
SP500,19730619,103.60,104.96,102.46,103.99,0
SP500,19730620,103.99,105.13,103.51,104.44,0
SP500,19730621,104.44,104.77,102.84,103.21,0
SP500,19730622,103.21,105.66,103.07,103.70,0
SP500,19730625,103.64,103.64,101.71,102.25,0
SP500,19730626,102.25,103.78,101.45,103.30,0
SP500,19730627,103.30,104.23,102.29,103.62,0
SP500,19730628,103.62,105.17,103.18,104.69,0
SP500,19730629,104.69,105.30,103.68,104.26,0
SP500,19730702,104.10,104.10,102.44,102.90,0
SP500,19730703,102.90,103.02,101.14,101.87,0
SP500,19730705,101.87,102.48,100.80,101.78,0
SP500,19730706,101.78,102.22,100.67,101.28,0
SP500,19730709,101.28,102.45,100.44,102.14,0
SP500,19730710,102.26,104.20,102.26,103.52,0
SP500,19730711,103.64,106.21,103.64,105.80,0
SP500,19730712,105.80,106.62,104.38,105.50,0
SP500,19730713,105.50,105.80,103.66,104.09,0
SP500,19730716,104.09,106.01,103.42,105.67,0
SP500,19730717,105.67,107.28,104.99,105.72,0
SP500,19730718,105.72,107.05,104.73,106.35,0
SP500,19730719,106.35,107.58,105.06,106.55,0
SP500,19730720,106.55,108.02,105.95,107.14,0
SP500,19730723,107.14,108.42,106.54,107.52,0
SP500,19730724,107.52,108.63,106.31,108.14,0
SP500,19730725,108.14,110.76,107.92,109.64,0
SP500,19730726,109.64,111.04,108.51,109.85,0
SP500,19730727,109.85,110.49,108.70,109.59,0
SP500,19730730,109.59,110.12,108.24,109.25,0
SP500,19730731,109.25,110.09,107.89,108.22,0
SP500,19730801,108.17,108.17,106.29,106.83,0
SP500,19730802,106.83,107.38,105.51,106.67,0
SP500,19730803,106.67,107.17,105.68,106.49,0
SP500,19730806,106.49,107.54,105.45,106.73,0
SP500,19730807,106.73,107.57,105.87,106.55,0
SP500,19730808,106.55,106.73,105.04,105.55,0
SP500,19730809,105.55,106.65,104.89,105.61,0
SP500,19730810,105.61,106.03,104.21,104.77,0
SP500,19730813,104.77,104.83,103.13,103.71,0
SP500,19730814,103.71,104.29,102.34,102.71,0
SP500,19730815,102.71,103.79,101.92,103.01,0
SP500,19730816,103.01,103.97,101.85,102.29,0
SP500,19730817,102.29,102.98,101.38,102.31,0
SP500,19730820,102.31,102.54,101.11,101.61,0
SP500,19730821,101.61,102.10,100.51,100.89,0
SP500,19730822,100.89,101.39,99.74,100.53,0
SP500,19730823,100.62,102.50,100.62,101.91,0
SP500,19730824,101.91,102.65,100.88,101.62,0
SP500,19730827,101.62,102.82,101.09,102.42,0
SP500,19730828,102.42,103.66,102.06,103.02,0
SP500,19730829,103.02,104.92,102.69,104.03,0
SP500,19730830,104.03,104.84,103.29,103.88,0
SP500,19730831,103.88,104.72,103.15,104.25,0
SP500,19730904,104.25,105.35,103.60,104.51,0
SP500,19730905,104.51,105.33,103.60,104.64,0
SP500,19730906,104.64,105.95,104.05,105.15,0
SP500,19730907,105.15,105.87,104.04,104.76,0
SP500,19730910,104.76,105.12,103.33,103.85,0
SP500,19730911,103.85,104.09,102.13,103.22,0
SP500,19730912,103.22,103.98,102.15,103.06,0
SP500,19730913,103.06,104.09,102.37,103.36,0
SP500,19730914,103.36,104.75,102.66,104.44,0
SP500,19730917,104.44,105.41,103.21,104.15,0
SP500,19730918,104.15,104.62,102.41,103.77,0
SP500,19730919,103.80,106.43,103.80,105.88,0
SP500,19730920,105.88,107.55,105.32,106.76,0
SP500,19730921,106.76,108.02,105.43,107.20,0
SP500,19730924,107.20,108.36,106.21,107.36,0
SP500,19730925,107.36,108.79,106.50,108.05,0
SP500,19730926,108.05,109.61,107.43,108.83,0
SP500,19730927,108.83,110.45,108.02,109.08,0
SP500,19730928,109.08,109.42,107.48,108.43,0
SP500,19731001,108.43,108.98,107.08,108.21,0
SP500,19731002,108.21,109.46,107.48,108.79,0
SP500,19731003,108.79,109.95,107.74,108.78,0
SP500,19731004,108.78,109.53,107.30,108.41,0
SP500,19731005,108.41,110.46,107.76,109.85,0
SP500,19731008,109.85,110.93,108.02,110.23,0
SP500,19731009,110.23,111.19,109.05,110.13,0
SP500,19731010,110.13,111.31,108.51,109.22,0
SP500,19731011,109.22,111.77,108.96,111.09,0
SP500,19731012,111.09,112.82,110.52,111.44,0
SP500,19731015,111.32,111.32,109.29,110.05,0
SP500,19731016,110.05,110.80,108.50,110.19,0
SP500,19731017,110.19,111.41,109.19,109.97,0
SP500,19731018,109.97,111.43,108.97,110.01,0
SP500,19731019,110.01,111.56,109.30,110.22,0
SP500,19731022,110.22,110.56,108.18,109.16,0
SP500,19731023,109.16,110.91,107.40,109.75,0
SP500,19731024,109.75,110.98,109.03,110.27,0
SP500,19731025,110.27,111.33,108.85,110.50,0
SP500,19731026,110.50,112.31,110.08,111.38,0
SP500,19731029,111.38,112.56,110.52,111.15,0
SP500,19731030,111.15,111.30,108.95,109.33,0
SP500,19731031,109.33,109.82,107.64,108.29,0
SP500,19731101,108.29,109.20,106.88,107.69,0
SP500,19731102,107.69,108.35,106.33,107.07,0
SP500,19731105,106.97,106.97,104.87,105.52,0
SP500,19731106,105.52,107.00,104.52,104.96,0
SP500,19731107,104.96,106.72,104.53,105.80,0
SP500,19731108,106.10,108.45,106.10,107.02,0
SP500,19731109,107.02,107.27,104.77,105.30,0
SP500,19731112,105.30,105.75,103.12,104.44,0
SP500,19731113,104.44,105.42,102.91,104.36,0
SP500,19731114,104.36,105.25,101.87,102.45,0
SP500,19731115,102.45,103.85,100.69,102.43,0
SP500,19731116,102.43,105.41,101.77,103.88,0
SP500,19731119,103.65,103.65,100.37,100.71,0
SP500,19731120,100.65,100.65,97.64,98.66,0
SP500,19731121,98.66,101.33,97.87,99.76,0
SP500,19731123,99.76,100.49,98.59,99.44,0
SP500,19731126,98.64,98.64,95.79,96.58,0
SP500,19731127,96.58,97.70,94.88,95.70,0
SP500,19731128,95.70,98.40,95.22,97.65,0
SP500,19731129,97.65,98.72,96.01,97.31,0
SP500,19731130,97.31,97.55,95.40,95.96,0
SP500,19731203,95.83,95.83,92.92,93.90,0
SP500,19731204,93.90,95.23,92.60,93.59,0
SP500,19731205,93.59,93.93,91.55,92.16,0
SP500,19731206,92.16,94.89,91.68,94.42,0
SP500,19731207,94.49,97.58,94.49,96.51,0
SP500,19731210,96.51,98.58,95.44,97.95,0
SP500,19731211,97.95,99.09,95.62,96.04,0
SP500,19731212,95.52,95.52,92.90,93.57,0
SP500,19731213,93.57,94.68,91.64,92.38,0
SP500,19731214,92.38,94.53,91.05,93.29,0
SP500,19731217,93.29,94.00,91.87,92.75,0
SP500,19731218,92.75,95.41,92.18,94.74,0
SP500,19731219,94.74,96.83,93.81,94.82,0
SP500,19731220,94.82,96.26,93.51,94.55,0
SP500,19731221,94.55,95.11,92.70,93.54,0
SP500,19731224,93.54,93.77,91.68,92.90,0
SP500,19731226,93.87,96.52,93.87,95.74,0
SP500,19731227,96.00,98.53,96.00,97.74,0
SP500,19731228,97.74,98.76,96.41,97.54,0
SP500,19731231,97.54,98.30,95.95,97.55,0
SP500,19740102,97.55,98.38,96.25,97.68,0
SP500,19740103,98.02,100.94,98.02,99.80,0
SP500,19740104,99.80,100.70,97.70,98.90,0
SP500,19740107,98.90,99.31,96.86,98.07,0
SP500,19740108,98.07,98.26,95.58,96.12,0
SP500,19740109,95.40,95.40,92.63,93.42,0
SP500,19740110,93.42,94.63,91.62,92.39,0
SP500,19740111,92.39,94.57,91.75,93.66,0
SP500,19740114,93.66,95.24,92.35,93.42,0
SP500,19740115,93.42,95.26,92.84,94.23,0
SP500,19740116,94.23,96.20,93.78,95.67,0
SP500,19740117,95.67,98.35,95.67,97.30,0
SP500,19740118,97.30,97.63,95.00,95.56,0
SP500,19740121,95.56,95.96,93.23,95.40,0
SP500,19740122,95.40,97.41,94.92,96.55,0
SP500,19740123,96.55,98.11,95.88,97.07,0
SP500,19740124,97.07,97.75,95.49,96.82,0
SP500,19740125,96.82,97.64,95.68,96.63,0
SP500,19740128,96.63,97.32,95.37,96.09,0
SP500,19740129,96.09,96.81,94.97,96.01,0
SP500,19740130,96.02,97.90,96.02,97.06,0
SP500,19740131,97.06,98.06,96.11,96.57,0
SP500,19740201,96.57,96.63,94.66,95.32,0
SP500,19740204,94.89,94.89,92.74,93.29,0
SP500,19740205,93.29,94.17,92.26,93.00,0
SP500,19740206,93.00,94.09,92.37,93.26,0
SP500,19740207,93.26,94.09,92.43,93.30,0
SP500,19740208,93.30,93.79,91.87,92.33,0
SP500,19740211,92.33,92.54,90.26,90.66,0
SP500,19740212,90.66,91.60,89.53,90.94,0
SP500,19740213,90.94,92.13,90.37,90.98,0
SP500,19740214,90.98,91.89,90.17,90.95,0
SP500,19740215,90.95,92.98,90.62,92.27,0
SP500,19740219,92.27,94.44,91.68,92.12,0
SP500,19740220,92.12,93.92,91.34,93.44,0
SP500,19740221,93.44,95.19,93.20,94.71,0
SP500,19740222,94.71,96.19,94.08,95.39,0
SP500,19740225,95.39,95.96,94.24,95.03,0
SP500,19740226,95.03,96.38,94.20,96.00,0
SP500,19740227,96.00,97.43,95.49,96.40,0
SP500,19740228,96.40,96.98,95.20,96.22,0
SP500,19740301,96.22,96.40,94.81,95.53,0
SP500,19740304,95.53,95.95,94.19,95.53,0
SP500,19740305,95.98,98.17,95.98,97.32,0
SP500,19740306,97.32,98.57,96.54,97.98,0
SP500,19740307,97.98,98.20,96.37,96.94,0
SP500,19740308,96.94,98.28,95.77,97.78,0
SP500,19740311,97.78,99.40,96.38,98.88,0
SP500,19740312,98.88,100.02,97.97,99.15,0
SP500,19740313,99.15,100.73,98.72,99.74,0
SP500,19740314,99.74,101.05,98.80,99.65,0
SP500,19740315,99.65,99.99,98.22,99.28,0
SP500,19740318,99.28,99.71,97.62,98.05,0
SP500,19740319,98.05,98.20,96.63,97.23,0
SP500,19740320,97.23,98.22,96.67,97.57,0
SP500,19740321,97.57,98.59,96.82,97.34,0
SP500,19740322,97.34,98.04,96.35,97.27,0
SP500,19740325,97.27,98.02,95.69,97.64,0
SP500,19740326,97.64,98.66,97.11,97.95,0
SP500,19740327,97.95,98.26,96.32,96.59,0
SP500,19740328,96.20,96.20,94.36,94.82,0
SP500,19740329,94.82,95.12,93.44,93.98,0
SP500,19740401,93.98,94.68,92.82,93.25,0
SP500,19740402,93.25,94.15,92.59,93.35,0
SP500,19740403,93.35,94.70,92.94,94.33,0
SP500,19740404,94.33,95.14,93.55,94.33,0
SP500,19740405,94.24,94.24,92.55,93.01,0
SP500,19740408,93.00,93.00,91.50,92.03,0
SP500,19740409,92.03,93.28,91.61,92.61,0
SP500,19740410,92.61,93.52,91.89,92.40,0
SP500,19740411,92.40,92.92,91.55,92.12,0
SP500,19740415,92.12,92.94,91.49,92.05,0
SP500,19740416,92.05,94.06,92.05,93.66,0
SP500,19740417,93.66,95.04,93.12,94.36,0
SP500,19740418,94.36,95.42,93.75,94.78,0
SP500,19740419,94.77,94.77,93.20,93.75,0
SP500,19740422,93.75,94.12,92.71,93.38,0
SP500,19740423,93.38,93.51,91.53,91.81,0
SP500,19740424,91.81,91.82,89.91,90.30,0
SP500,19740425,90.30,90.53,88.62,89.57,0
SP500,19740426,89.57,91.10,89.06,90.18,0
SP500,19740429,90.18,90.78,89.02,90.00,0
SP500,19740430,90.00,91.09,89.38,90.31,0
SP500,19740501,90.31,93.03,89.82,92.22,0
SP500,19740502,92.22,93.59,91.46,92.09,0
SP500,19740503,92.09,92.27,90.59,91.29,0
SP500,19740506,91.29,91.60,90.13,91.12,0
SP500,19740507,91.12,92.36,90.69,91.46,0
SP500,19740508,91.46,92.34,90.71,91.64,0
SP500,19740509,91.64,93.49,91.27,92.96,0
SP500,19740510,92.96,93.57,91.03,91.47,0
SP500,19740513,91.47,91.72,89.91,90.66,0
SP500,19740514,90.66,91.68,90.05,90.69,0
SP500,19740515,90.69,91.22,89.65,90.45,0
SP500,19740516,90.45,91.31,89.36,89.72,0
SP500,19740517,89.53,89.53,87.67,88.21,0
SP500,19740520,88.21,89.09,87.19,87.86,0
SP500,19740521,87.86,88.98,87.19,87.91,0
SP500,19740522,87.91,88.79,86.72,87.09,0
SP500,19740523,87.09,87.98,86.12,87.29,0
SP500,19740524,87.29,89.27,87.20,88.58,0
SP500,19740528,88.58,89.37,87.69,88.37,0
SP500,19740529,88.37,88.84,86.52,86.89,0
SP500,19740530,86.89,88.09,85.87,87.43,0
SP500,19740531,87.43,88.02,86.19,87.28,0
SP500,19740603,87.28,89.40,86.78,89.10,0
SP500,19740604,89.10,91.13,89.09,90.14,0
SP500,19740605,90.14,91.42,89.04,90.31,0
SP500,19740606,90.31,92.31,89.71,91.96,0
SP500,19740607,91.96,93.76,91.74,92.55,0
SP500,19740610,92.55,93.64,91.53,93.10,0
SP500,19740611,93.10,93.57,91.76,92.28,0
SP500,19740612,92.28,92.61,90.89,92.06,0
SP500,19740613,92.06,93.33,91.48,92.34,0
SP500,19740614,92.23,92.23,90.73,91.30,0
SP500,19740617,91.30,91.34,89.63,90.04,0
SP500,19740618,90.04,90.53,88.92,89.45,0
SP500,19740619,89.45,89.80,88.39,88.84,0
SP500,19740620,88.84,89.35,87.80,88.21,0
SP500,19740621,88.21,88.31,86.77,87.46,0
SP500,19740624,87.46,88.38,86.70,87.69,0
SP500,19740625,87.69,89.48,87.67,88.98,0
SP500,19740626,88.98,89.12,87.30,87.61,0
SP500,19740627,87.61,87.61,85.88,86.31,0
SP500,19740628,86.31,86.78,85.13,86.00,0
SP500,19740701,86.00,86.89,85.32,86.02,0
SP500,19740702,86.02,86.26,83.98,84.30,0
SP500,19740703,84.30,85.15,83.46,84.25,0
SP500,19740705,84.25,84.45,83.17,83.66,0
SP500,19740708,83.13,83.13,80.48,81.09,0
SP500,19740709,81.09,82.50,80.35,81.48,0
SP500,19740710,81.48,82.22,79.74,79.99,0
SP500,19740711,79.99,81.08,79.08,79.89,0
SP500,19740712,80.97,83.65,80.97,83.15,0
SP500,19740715,83.15,84.89,82.65,83.78,0
SP500,19740716,83.78,83.85,82.14,82.81,0
SP500,19740717,82.81,84.13,81.70,83.70,0
SP500,19740718,83.70,85.39,83.13,83.78,0
SP500,19740719,83.78,84.67,82.87,83.54,0
SP500,19740722,83.54,84.44,82.59,83.81,0
SP500,19740723,83.81,85.63,83.67,84.65,0
SP500,19740724,84.65,85.64,83.61,84.99,0
SP500,19740725,84.99,85.67,83.13,83.98,0
SP500,19740726,83.98,84.17,82.00,82.40,0
SP500,19740729,82.02,82.02,80.22,80.94,0
SP500,19740730,80.94,81.52,79.58,80.50,0
SP500,19740731,80.50,80.82,78.96,79.31,0
SP500,19740801,79.31,80.02,77.97,78.75,0
SP500,19740802,78.75,79.39,77.84,78.59,0
SP500,19740805,78.59,80.31,78.03,79.29,0
SP500,19740806,79.78,82.65,79.78,80.52,0
SP500,19740807,80.52,82.93,80.13,82.65,0
SP500,19740808,82.65,83.53,80.86,81.57,0
SP500,19740809,81.57,81.88,80.11,80.86,0
SP500,19740812,80.86,81.26,79.30,79.75,0
SP500,19740813,79.75,79.95,77.83,78.49,0
SP500,19740814,76.73,76.73,76.73,76.73,0
SP500,19740815,76.73,77.52,75.19,76.30,0
SP500,19740816,76.30,77.02,75.29,75.67,0
SP500,19740819,75.65,75.65,73.78,74.57,0
SP500,19740820,74.57,76.11,73.82,74.95,0
SP500,19740821,74.95,75.50,73.16,73.51,0
SP500,19740822,73.51,74.05,71.61,72.80,0
SP500,19740823,72.80,73.71,70.75,71.55,0
SP500,19740826,71.55,73.17,70.42,72.16,0
SP500,19740827,72.16,72.50,70.50,70.94,0
SP500,19740828,70.94,72.17,70.13,70.76,0
SP500,19740829,70.76,71.22,69.37,69.99,0
SP500,19740830,70.22,72.68,70.22,72.15,0
SP500,19740903,72.15,73.01,70.28,70.52,0
SP500,19740904,69.85,69.85,67.64,68.69,0
SP500,19740905,68.69,71.30,68.65,70.87,0
SP500,19740906,70.87,72.42,70.08,71.42,0
SP500,19740909,71.35,71.35,69.38,69.72,0
SP500,19740910,69.72,70.47,68.55,69.24,0
SP500,19740911,69.24,70.00,68.22,68.55,0
SP500,19740912,68.54,68.54,66.22,66.71,0
SP500,19740913,66.71,66.91,64.74,65.20,0
SP500,19740916,65.20,66.92,64.15,66.26,0
SP500,19740917,66.45,68.84,66.45,67.38,0
SP500,19740918,67.38,68.14,65.92,67.72,0
SP500,19740919,68.36,70.76,68.36,70.09,0
SP500,19740920,70.09,71.12,68.62,70.14,0
SP500,19740923,70.14,71.02,68.79,69.42,0
SP500,19740924,69.03,69.03,67.42,68.02,0
SP500,19740925,68.02,69.77,66.86,67.57,0
SP500,19740926,67.40,67.40,65.79,66.46,0
SP500,19740927,66.46,67.09,64.58,64.94,0
SP500,19740930,64.85,64.85,62.52,63.54,0
SP500,19741001,63.54,64.37,61.75,63.39,0
SP500,19741002,63.39,64.62,62.74,63.38,0
SP500,19741003,63.38,63.48,61.66,62.28,0
SP500,19741004,62.28,63.23,60.96,62.34,0
SP500,19741007,62.78,65.40,62.78,64.95,0
SP500,19741008,64.95,66.07,63.95,64.84,0
SP500,19741009,64.84,68.15,63.74,67.82,0
SP500,19741010,68.30,71.48,68.30,69.79,0
SP500,19741011,69.79,71.99,68.80,71.14,0
SP500,19741014,71.17,74.43,71.17,72.74,0
SP500,19741015,72.74,73.35,70.61,71.44,0
SP500,19741016,71.44,71.98,69.54,70.33,0
SP500,19741017,70.33,72.00,69.41,71.17,0
SP500,19741018,71.20,73.34,71.20,72.28,0
SP500,19741021,72.28,73.92,71.24,73.50,0
SP500,19741022,73.50,75.09,72.55,73.13,0
SP500,19741023,72.81,72.81,70.40,71.03,0
SP500,19741024,70.98,70.98,68.80,70.22,0
SP500,19741025,70.22,71.59,69.46,70.12,0
SP500,19741028,70.12,70.67,68.89,70.09,0
SP500,19741029,70.49,73.19,70.49,72.83,0
SP500,19741030,72.83,75.45,72.40,74.31,0
SP500,19741031,74.31,75.90,73.15,73.90,0
SP500,19741101,73.90,74.85,72.68,73.88,0
SP500,19741104,73.80,73.80,71.93,73.08,0
SP500,19741105,73.08,75.36,72.49,75.11,0
SP500,19741106,75.11,77.41,74.23,74.75,0
SP500,19741107,74.75,76.30,73.85,75.21,0
SP500,19741108,75.21,76.00,74.01,74.91,0
SP500,19741111,74.91,75.70,74.04,75.15,0
SP500,19741112,75.15,75.59,73.34,73.67,0
SP500,19741113,73.67,74.25,72.32,73.35,0
SP500,19741114,73.35,74.54,72.53,73.06,0
SP500,19741115,73.06,73.27,71.41,71.91,0
SP500,19741118,71.10,71.10,68.95,69.27,0
SP500,19741119,69.27,69.71,67.66,68.20,0
SP500,19741120,68.20,69.25,67.36,67.90,0
SP500,19741121,67.90,68.94,66.85,68.18,0
SP500,19741122,68.24,70.00,68.24,68.90,0
SP500,19741125,68.90,69.68,67.79,68.83,0
SP500,19741126,68.83,70.36,68.19,69.47,0
SP500,19741127,69.47,71.31,69.17,69.94,0
SP500,19741129,69.94,70.49,69.18,69.97,0
SP500,19741202,69.80,69.80,67.81,68.11,0
SP500,19741203,68.11,68.13,66.62,67.17,0
SP500,19741204,67.17,68.32,66.61,67.41,0
SP500,19741205,67.41,68.00,65.90,66.13,0
SP500,19741206,66.13,66.20,64.40,65.01,0
SP500,19741209,65.01,66.29,64.13,65.60,0
SP500,19741210,65.88,68.17,65.88,67.28,0
SP500,19741211,67.28,69.03,66.83,67.67,0
SP500,19741212,67.67,68.61,66.56,67.45,0
SP500,19741213,67.45,68.15,66.32,67.07,0
SP500,19741216,67.07,67.74,66.02,66.46,0
SP500,19741217,66.46,67.92,65.86,67.58,0
SP500,19741218,67.58,69.01,67.30,67.90,0
SP500,19741219,67.90,68.62,66.93,67.65,0
SP500,19741220,67.65,67.93,66.36,66.91,0
SP500,19741223,66.91,67.18,65.34,65.96,0
SP500,19741224,65.96,67.25,65.86,66.88,0
SP500,19741226,66.88,68.19,66.62,67.44,0
SP500,19741227,67.44,67.99,66.49,67.14,0
SP500,19741230,67.14,67.65,66.23,67.16,0
SP500,19741231,67.16,69.04,67.15,68.56,0
SP500,19750102,68.65,70.92,68.65,70.23,0
SP500,19750103,70.23,71.64,69.29,70.71,0
SP500,19750106,70.71,72.24,70.33,71.07,0
SP500,19750107,71.07,71.75,69.92,71.02,0
SP500,19750108,71.02,71.53,69.65,70.04,0
SP500,19750109,70.04,71.42,69.04,71.17,0
SP500,19750110,71.60,73.75,71.60,72.61,0
SP500,19750113,72.61,73.81,71.83,72.31,0
SP500,19750114,72.31,72.70,71.02,71.68,0
SP500,19750115,71.68,72.77,70.45,72.14,0
SP500,19750116,72.14,72.93,71.26,72.05,0
SP500,19750117,72.05,72.36,70.56,70.96,0
SP500,19750120,70.96,71.46,69.80,71.08,0
SP500,19750121,71.08,72.04,70.25,70.70,0
SP500,19750122,70.70,71.97,69.86,71.74,0
SP500,19750123,71.74,73.11,71.09,72.07,0
SP500,19750124,72.07,73.57,71.55,72.98,0
SP500,19750127,73.76,76.03,73.76,75.37,0
SP500,19750128,75.37,77.59,75.36,76.03,0
SP500,19750129,76.03,78.03,75.23,77.26,0
SP500,19750130,77.26,78.69,75.82,76.21,0
SP500,19750131,76.21,77.72,75.41,76.98,0
SP500,19750203,76.98,78.55,76.36,77.82,0
SP500,19750204,77.82,78.37,76.00,77.61,0
SP500,19750205,77.61,79.40,76.81,78.95,0
SP500,19750206,78.95,80.72,78.09,78.56,0
SP500,19750207,78.56,79.12,77.00,78.63,0
SP500,19750210,78.63,79.40,77.77,78.36,0
SP500,19750211,78.36,79.07,77.38,78.58,0
SP500,19750212,78.58,80.21,77.94,79.92,0
SP500,19750213,79.98,82.53,79.98,81.01,0
SP500,19750214,81.01,82.33,80.13,81.50,0
SP500,19750218,81.50,82.45,80.16,80.93,0
SP500,19750219,80.93,81.94,79.83,81.44,0
SP500,19750220,81.44,82.78,80.82,82.21,0
SP500,19750221,82.21,83.56,81.72,82.62,0
SP500,19750224,82.62,82.71,80.87,81.44,0
SP500,19750225,81.09,81.09,79.05,79.53,0
SP500,19750226,79.53,80.89,78.91,80.37,0
SP500,19750227,80.37,81.64,80.06,80.77,0
SP500,19750228,80.77,82.02,80.07,81.59,0
SP500,19750303,81.59,83.46,81.32,83.03,0
SP500,19750304,83.03,85.43,82.85,83.56,0
SP500,19750305,83.56,84.71,82.16,83.90,0
SP500,19750306,83.90,84.17,81.94,83.69,0
SP500,19750307,83.69,85.14,83.25,84.30,0
SP500,19750310,84.30,85.47,83.43,84.95,0
SP500,19750311,84.95,85.89,83.80,84.36,0
SP500,19750312,84.36,84.73,82.87,83.59,0
SP500,19750313,83.59,84.26,82.52,83.74,0
SP500,19750314,83.74,85.43,83.50,84.76,0
SP500,19750317,84.76,86.52,84.39,86.01,0
SP500,19750318,86.01,87.08,84.75,85.13,0
SP500,19750319,85.13,85.17,83.43,84.34,0
SP500,19750320,84.34,85.30,83.02,83.61,0
SP500,19750321,83.61,84.11,82.52,83.39,0
SP500,19750324,82.39,82.39,80.60,81.42,0
SP500,19750325,81.42,82.67,80.08,82.06,0
SP500,19750326,82.16,84.24,82.16,83.59,0
SP500,19750327,83.59,84.88,83.04,83.85,0
SP500,19750331,83.85,84.62,82.84,83.36,0
SP500,19750401,83.36,83.59,81.98,82.64,0
SP500,19750402,82.64,83.57,81.80,82.43,0
SP500,19750403,82.43,82.84,80.88,81.51,0
SP500,19750404,81.51,81.90,80.29,80.88,0
SP500,19750407,80.88,81.11,79.66,80.35,0
SP500,19750408,80.35,81.65,80.13,80.99,0
SP500,19750409,80.99,83.22,80.91,82.84,0
SP500,19750410,82.84,84.70,82.68,83.77,0
SP500,19750411,83.77,84.68,82.93,84.18,0
SP500,19750414,84.18,86.12,83.98,85.60,0
SP500,19750415,85.60,87.24,85.03,86.30,0
SP500,19750416,86.30,87.10,84.93,86.60,0
SP500,19750417,86.60,88.79,86.43,87.25,0
SP500,19750418,87.25,87.59,85.53,86.30,0
SP500,19750421,86.30,87.99,85.92,87.23,0
SP500,19750422,87.23,88.64,86.58,87.09,0
SP500,19750423,87.09,87.42,85.65,86.12,0
SP500,19750424,86.12,86.92,85.00,86.04,0
SP500,19750425,86.04,87.50,85.62,86.62,0
SP500,19750428,86.62,87.33,85.54,86.23,0
SP500,19750429,86.23,86.79,85.04,85.64,0
SP500,19750430,85.64,87.61,85.00,87.30,0
SP500,19750501,87.30,89.10,86.94,88.10,0
SP500,19750502,88.10,89.98,87.91,89.22,0
SP500,19750505,89.22,90.82,88.26,90.08,0
SP500,19750506,90.08,90.86,88.15,88.64,0
SP500,19750507,88.64,89.75,87.60,89.08,0
SP500,19750508,89.08,90.13,88.23,89.56,0
SP500,19750509,89.56,91.24,89.33,90.53,0
SP500,19750512,90.53,91.67,89.91,90.61,0
SP500,19750513,90.61,92.26,89.99,91.58,0
SP500,19750514,91.58,93.23,91.17,92.27,0
SP500,19750515,92.27,93.51,90.94,91.41,0
SP500,19750516,91.41,91.59,89.74,90.43,0
SP500,19750519,90.43,91.07,88.98,90.53,0
SP500,19750520,90.53,91.45,89.58,90.07,0
SP500,19750521,90.07,90.25,88.47,89.06,0
SP500,19750522,89.06,90.30,88.35,89.39,0
SP500,19750523,89.39,91.02,89.30,90.58,0
SP500,19750527,90.58,91.29,89.60,90.34,0
SP500,19750528,90.34,91.14,89.07,89.71,0
SP500,19750529,89.71,90.59,88.83,89.68,0
SP500,19750530,89.87,91.62,89.87,91.15,0
SP500,19750602,91.32,93.41,91.32,92.58,0
SP500,19750603,92.58,93.76,91.88,92.89,0
SP500,19750604,92.89,93.61,91.82,92.60,0
SP500,19750605,92.60,93.16,91.41,92.69,0
SP500,19750606,92.69,93.60,91.75,92.48,0
SP500,19750609,92.48,92.87,90.91,91.21,0
SP500,19750610,91.21,91.21,89.46,90.44,0
SP500,19750611,90.44,91.67,90.00,90.55,0
SP500,19750612,90.55,91.36,89.64,90.08,0
SP500,19750613,90.08,91.06,89.30,90.52,0
SP500,19750616,90.52,91.85,90.12,91.46,0
SP500,19750617,91.46,92.22,90.17,90.58,0
SP500,19750618,90.58,91.07,89.60,90.39,0
SP500,19750619,90.39,92.37,90.12,92.02,0
SP500,19750620,92.02,93.75,91.83,92.61,0
SP500,19750623,92.61,93.98,91.81,93.62,0
SP500,19750624,93.62,95.23,93.31,94.19,0
SP500,19750625,94.19,95.29,93.53,94.62,0
SP500,19750626,94.62,95.72,93.88,94.81,0
SP500,19750627,94.81,95.66,94.10,94.81,0
SP500,19750630,94.81,95.85,94.30,95.19,0
SP500,19750701,95.19,95.73,94.13,94.85,0
SP500,19750702,94.85,94.91,93.37,94.18,0
SP500,19750703,94.18,95.04,93.49,94.36,0
SP500,19750707,94.36,94.82,93.16,93.54,0
SP500,19750708,93.54,94.03,92.51,93.39,0
SP500,19750709,93.39,95.22,93.38,94.80,0
SP500,19750710,94.80,96.19,94.25,94.81,0
SP500,19750711,94.81,95.69,93.83,94.66,0
SP500,19750714,94.66,95.76,94.04,95.19,0
SP500,19750715,95.19,96.58,94.71,95.61,0
SP500,19750716,95.61,96.37,94.20,94.61,0
SP500,19750717,94.61,95.03,92.99,93.63,0
SP500,19750718,93.63,93.96,92.39,93.20,0
SP500,19750721,93.20,93.93,92.03,92.44,0
SP500,19750722,92.44,92.49,90.63,91.45,0
SP500,19750723,91.45,92.15,89.83,90.18,0
SP500,19750724,90.18,90.95,88.90,90.07,0
SP500,19750725,90.07,90.72,88.72,89.29,0
SP500,19750728,89.29,89.68,88.02,88.69,0
SP500,19750729,88.69,89.91,87.71,88.19,0
SP500,19750730,88.19,89.49,87.68,88.83,0
SP500,19750731,88.83,90.07,88.31,88.75,0
SP500,19750801,88.75,89.04,87.46,87.99,0
SP500,19750804,87.99,88.17,86.68,87.15,0
SP500,19750805,87.15,87.81,85.89,86.23,0
SP500,19750806,86.23,87.04,85.34,86.25,0
SP500,19750807,86.25,87.24,85.69,86.30,0
SP500,19750808,86.30,87.00,85.52,86.02,0
SP500,19750811,86.02,86.89,85.34,86.55,0
SP500,19750812,86.55,88.17,86.49,87.12,0
SP500,19750813,87.12,87.41,85.61,85.97,0
SP500,19750814,85.97,86.34,85.02,85.60,0
SP500,19750815,85.60,86.76,85.33,86.36,0
SP500,19750818,86.36,87.21,85.76,86.20,0
SP500,19750819,86.20,86.47,84.66,84.95,0
SP500,19750820,84.78,84.78,82.76,83.22,0
SP500,19750821,83.22,84.15,82.21,83.07,0
SP500,19750822,83.07,84.61,82.79,84.28,0
SP500,19750825,84.28,85.58,84.06,85.06,0
SP500,19750826,85.06,85.40,83.65,83.96,0
SP500,19750827,83.96,84.79,83.35,84.43,0
SP500,19750828,84.68,86.64,84.68,86.40,0
SP500,19750829,86.40,87.73,86.10,86.88,0
SP500,19750902,86.88,87.42,85.21,85.48,0
SP500,19750903,85.48,86.38,84.62,86.03,0
SP500,19750904,86.03,86.91,85.29,86.20,0
SP500,19750905,86.20,86.49,85.19,85.62,0
SP500,19750908,85.62,86.31,84.89,85.89,0
SP500,19750909,85.89,86.73,84.37,84.60,0
SP500,19750910,84.59,84.59,83.00,83.79,0
SP500,19750911,83.79,84.30,82.88,83.45,0
SP500,19750912,83.45,84.47,82.84,83.30,0
SP500,19750915,83.30,83.49,82.29,82.88,0
SP500,19750916,82.88,83.43,81.79,82.09,0
SP500,19750917,82.09,82.93,81.57,82.37,0
SP500,19750918,82.37,84.34,82.23,84.06,0
SP500,19750919,84.26,86.39,84.26,85.88,0
SP500,19750922,85.88,86.70,84.70,85.07,0
SP500,19750923,85.07,85.51,83.80,84.94,0
SP500,19750924,85.03,86.70,85.03,85.74,0
SP500,19750925,85.74,86.41,84.79,85.64,0
SP500,19750926,85.64,86.86,85.13,86.19,0
SP500,19750929,86.19,86.38,84.74,85.03,0
SP500,19750930,85.01,85.01,83.44,83.87,0
SP500,19751001,83.87,85.45,82.57,82.93,0
SP500,19751002,82.93,84.33,82.82,83.82,0
SP500,19751003,83.88,86.21,83.88,85.95,0
SP500,19751006,85.98,87.64,85.98,86.88,0
SP500,19751007,86.88,87.32,85.56,86.77,0
SP500,19751008,86.77,88.46,86.34,87.94,0
SP500,19751009,87.94,89.42,87.60,88.37,0
SP500,19751010,88.37,89.17,87.44,88.21,0
SP500,19751013,88.21,89.67,87.73,89.46,0
SP500,19751014,89.46,90.80,88.81,89.28,0
SP500,19751015,89.28,90.07,88.50,89.23,0
SP500,19751016,89.23,90.73,88.90,89.37,0
SP500,19751017,89.37,89.87,88.08,88.86,0
SP500,19751020,88.86,90.14,88.43,89.82,0
SP500,19751021,89.82,91.43,89.79,90.56,0
SP500,19751022,90.56,91.38,89.77,90.71,0
SP500,19751023,90.71,91.75,90.09,91.24,0
SP500,19751024,91.24,91.52,89.46,89.83,0
SP500,19751027,89.83,90.40,88.85,89.73,0
SP500,19751028,89.73,91.01,89.40,90.51,0
SP500,19751029,90.51,90.61,88.89,89.39,0
SP500,19751030,89.39,90.20,88.70,89.31,0
SP500,19751031,89.31,89.80,88.35,89.04,0
SP500,19751103,89.04,89.21,87.78,88.09,0
SP500,19751104,88.09,89.03,87.63,88.51,0
SP500,19751105,88.51,90.08,88.32,89.15,0
SP500,19751106,89.15,90.15,88.16,89.55,0
SP500,19751107,89.55,90.18,88.67,89.33,0
SP500,19751110,89.33,89.98,88.35,89.34,0
SP500,19751111,89.34,90.47,89.04,89.87,0
SP500,19751112,89.87,91.63,89.80,91.19,0
SP500,19751113,91.19,92.33,90.56,91.04,0
SP500,19751114,91.04,91.59,90.19,90.97,0
SP500,19751117,90.97,91.99,90.50,91.46,0
SP500,19751118,91.46,92.30,90.60,91.00,0
SP500,19751119,91.00,91.28,89.47,89.98,0
SP500,19751120,89.98,90.68,89.09,89.64,0
SP500,19751121,89.64,90.23,88.79,89.53,0
SP500,19751124,89.53,90.17,88.65,89.70,0
SP500,19751125,89.70,91.10,89.66,90.71,0
SP500,19751126,90.71,91.58,90.17,90.94,0
SP500,19751128,90.94,91.74,90.44,91.24,0
SP500,19751201,91.24,91.90,90.33,90.67,0
SP500,19751202,90.67,90.81,89.08,89.33,0
SP500,19751203,88.83,88.83,87.08,87.60,0
SP500,19751204,87.60,88.39,86.68,87.84,0
SP500,19751205,87.84,88.38,86.54,86.82,0
SP500,19751208,86.82,87.75,86.15,87.07,0
SP500,19751209,87.07,87.80,86.16,87.30,0
SP500,19751210,87.30,88.39,86.91,88.08,0
SP500,19751211,88.08,88.79,87.41,87.80,0
SP500,19751212,87.80,88.22,87.05,87.83,0
SP500,19751215,87.83,88.64,87.32,88.09,0
SP500,19751216,88.09,89.49,87.78,88.93,0
SP500,19751217,88.93,89.80,88.46,89.15,0
SP500,19751218,89.15,90.09,88.62,89.43,0
SP500,19751219,89.43,89.81,88.39,88.80,0
SP500,19751222,88.80,89.13,87.74,88.14,0
SP500,19751223,88.14,89.23,87.64,88.73,0
SP500,19751224,88.73,89.84,88.73,89.46,0
SP500,19751226,89.46,90.45,89.25,90.25,0
SP500,19751229,90.25,91.09,89.63,90.13,0
SP500,19751230,90.13,90.55,89.20,89.77,0
SP500,19751231,89.77,90.75,89.17,90.19,0
SP500,19760102,90.19,91.18,89.81,90.90,0
SP500,19760105,90.90,92.84,90.85,92.58,0
SP500,19760106,92.58,94.18,92.37,93.53,0
SP500,19760107,93.53,95.15,92.91,93.95,0
SP500,19760108,93.95,95.47,93.41,94.58,0
SP500,19760109,94.58,95.71,94.05,94.95,0
SP500,19760112,94.95,96.76,94.38,96.33,0
SP500,19760113,96.33,97.39,95.11,95.57,0
SP500,19760114,95.57,97.47,94.91,97.13,0
SP500,19760115,97.13,98.34,96.15,96.61,0
SP500,19760116,96.61,97.73,95.84,97.00,0
SP500,19760119,97.00,98.84,96.36,98.32,0
SP500,19760120,98.32,99.44,97.43,98.86,0
SP500,19760121,98.86,99.24,97.12,98.24,0
SP500,19760122,98.24,98.79,97.07,98.04,0
SP500,19760123,98.04,99.88,97.68,99.21,0
SP500,19760126,99.21,100.75,98.92,99.68,0
SP500,19760127,99.68,100.52,98.28,99.07,0
SP500,19760128,99.07,99.64,97.66,98.53,0
SP500,19760129,98.53,100.54,98.32,100.11,0
SP500,19760130,100.11,101.99,99.94,100.86,0
SP500,19760202,100.86,101.39,99.74,100.87,0
SP500,19760203,100.87,101.97,99.58,101.18,0
SP500,19760204,101.18,102.57,100.70,101.91,0
SP500,19760205,101.91,102.30,100.06,100.39,0
SP500,19760206,100.39,100.53,98.64,99.46,0
SP500,19760209,99.46,100.66,98.77,99.62,0
SP500,19760210,99.62,100.96,99.11,100.47,0
SP500,19760211,100.47,101.80,100.10,100.77,0
SP500,19760212,100.77,101.55,99.82,100.25,0
SP500,19760213,100.25,100.66,99.01,99.67,0
SP500,19760217,99.67,100.25,98.56,99.05,0
SP500,19760218,99.05,100.43,98.50,99.85,0
SP500,19760219,99.94,101.92,99.94,101.41,0
SP500,19760220,101.41,103.07,101.18,102.10,0
SP500,19760223,102.10,102.54,100.69,101.61,0
SP500,19760224,101.61,102.92,101.03,102.03,0
SP500,19760225,102.03,102.71,100.69,101.69,0
SP500,19760226,101.69,102.36,99.74,100.11,0
SP500,19760227,100.11,100.53,98.60,99.71,0
SP500,19760301,99.71,100.64,98.67,100.02,0
SP500,19760302,100.02,101.26,99.61,100.58,0
SP500,19760303,100.58,100.97,99.23,99.98,0
SP500,19760304,99.98,100.40,98.49,98.92,0
SP500,19760305,98.92,99.88,98.23,99.11,0
SP500,19760308,99.11,100.71,98.93,100.19,0
SP500,19760309,100.19,101.90,99.95,100.58,0
SP500,19760310,100.58,101.80,99.98,100.94,0
SP500,19760311,100.94,102.41,100.62,101.89,0
SP500,19760312,101.89,102.46,100.49,100.86,0
SP500,19760315,100.86,100.90,99.24,99.80,0
SP500,19760316,99.80,101.25,99.38,100.92,0
SP500,19760317,100.92,102.01,100.28,100.86,0
SP500,19760318,100.86,101.37,99.73,100.45,0
SP500,19760319,100.45,101.23,99.70,100.58,0
SP500,19760322,100.58,101.53,100.14,100.71,0
SP500,19760323,100.71,102.54,100.32,102.24,0
SP500,19760324,102.51,104.39,102.51,103.42,0
SP500,19760325,103.42,104.00,102.19,102.85,0
SP500,19760326,102.85,103.65,102.20,102.85,0
SP500,19760329,102.85,103.36,101.99,102.41,0
SP500,19760330,102.41,103.36,101.25,102.01,0
SP500,19760331,102.01,103.08,101.60,102.77,0
SP500,19760401,102.77,103.24,101.50,102.24,0
SP500,19760402,102.24,102.76,101.23,102.25,0
SP500,19760405,102.32,104.13,102.32,103.51,0
SP500,19760406,103.51,104.63,102.93,103.36,0
SP500,19760407,103.36,103.85,101.92,102.21,0
SP500,19760408,102.21,102.38,100.53,101.28,0
SP500,19760409,101.28,101.74,99.87,100.35,0
SP500,19760412,100.35,101.30,99.57,100.20,0
SP500,19760413,100.20,101.39,99.64,101.05,0
SP500,19760414,101.05,101.77,99.98,100.31,0
SP500,19760415,100.31,101.18,99.73,100.67,0
SP500,19760419,100.67,101.83,100.32,101.44,0
SP500,19760420,101.44,103.32,101.42,102.87,0
SP500,19760421,102.87,104.03,102.30,103.32,0
SP500,19760422,103.32,104.04,102.52,102.98,0
SP500,19760423,102.98,103.21,101.70,102.29,0
SP500,19760426,102.29,102.80,101.36,102.43,0
SP500,19760427,102.43,103.18,101.51,101.86,0
SP500,19760428,101.86,102.46,100.91,102.13,0
SP500,19760429,102.13,102.97,101.45,102.13,0
SP500,19760430,102.13,102.65,101.16,101.64,0
SP500,19760503,101.64,101.73,100.14,100.92,0
SP500,19760504,100.92,101.93,100.29,101.46,0
SP500,19760505,101.46,101.92,100.45,100.88,0
SP500,19760506,100.88,101.70,100.31,101.16,0
SP500,19760507,101.16,102.27,100.77,101.88,0
SP500,19760510,101.88,103.51,101.76,103.10,0
SP500,19760511,103.10,103.99,102.39,102.95,0
SP500,19760512,102.95,103.55,102.14,102.77,0
SP500,19760513,102.77,103.03,101.73,102.16,0
SP500,19760514,102.16,102.23,100.82,101.34,0
SP500,19760517,101.34,101.71,100.41,101.09,0
SP500,19760518,101.09,102.00,100.72,101.26,0
SP500,19760519,101.26,102.01,100.55,101.18,0
SP500,19760520,101.18,102.53,100.69,102.00,0
SP500,19760521,102.00,102.34,100.81,101.26,0
SP500,19760524,101.07,101.07,99.11,99.44,0
SP500,19760525,99.44,100.02,98.48,99.49,0
SP500,19760526,99.49,100.14,98.65,99.34,0
SP500,19760527,99.34,99.77,98.26,99.38,0
SP500,19760528,99.38,100.64,99.00,100.18,0
SP500,19760601,100.18,100.74,99.36,99.85,0
SP500,19760602,99.85,100.69,99.26,100.22,0
SP500,19760603,100.22,101.10,99.68,100.13,0
SP500,19760604,100.13,100.27,98.79,99.15,0
SP500,19760607,99.15,99.39,97.97,98.63,0
SP500,19760608,98.63,99.71,98.32,98.80,0
SP500,19760609,98.80,99.49,98.23,98.74,0
SP500,19760610,98.74,99.98,98.55,99.56,0
SP500,19760611,99.56,101.22,99.38,100.92,0
SP500,19760614,101.00,102.51,101.00,101.95,0
SP500,19760615,101.95,102.39,100.84,101.46,0
SP500,19760616,101.46,102.65,100.96,102.01,0
SP500,19760617,102.01,104.12,101.97,103.61,0
SP500,19760618,103.61,104.80,103.06,103.76,0
SP500,19760621,103.76,104.73,103.18,104.28,0
SP500,19760622,104.28,104.82,103.16,103.47,0
SP500,19760623,103.47,103.90,102.40,103.25,0
SP500,19760624,103.25,104.37,102.90,103.79,0
SP500,19760625,103.79,104.54,103.17,103.72,0
SP500,19760628,103.72,104.35,102.97,103.43,0
SP500,19760629,103.43,104.33,102.95,103.86,0
SP500,19760630,103.86,105.07,103.52,104.28,0
SP500,19760701,104.28,104.98,103.14,103.59,0
SP500,19760702,103.59,104.53,103.13,104.11,0
SP500,19760706,104.11,104.67,103.19,103.54,0
SP500,19760707,103.54,104.23,102.80,103.83,0
SP500,19760708,103.83,104.75,103.44,103.98,0
SP500,19760709,103.98,105.41,103.80,104.98,0
SP500,19760712,104.98,106.30,104.74,105.90,0
SP500,19760713,105.90,106.78,105.15,105.67,0
SP500,19760714,105.67,106.61,105.05,105.95,0
SP500,19760715,105.95,106.25,104.76,105.20,0
SP500,19760716,105.20,105.27,103.87,104.68,0
SP500,19760719,104.68,105.32,103.84,104.29,0
SP500,19760720,104.29,104.57,103.05,103.72,0
SP500,19760721,103.72,104.56,103.21,103.82,0
SP500,19760722,103.82,104.42,103.15,103.93,0
SP500,19760723,103.93,104.71,103.49,104.06,0
SP500,19760726,104.06,104.69,103.46,104.07,0
SP500,19760727,104.07,104.51,103.13,103.48,0
SP500,19760728,103.48,103.58,102.31,103.05,0
SP500,19760729,103.05,103.59,102.36,102.93,0
SP500,19760730,102.93,103.88,102.47,103.44,0
SP500,19760802,103.44,103.98,102.64,103.19,0
SP500,19760803,103.19,104.49,102.79,104.14,0
SP500,19760804,104.14,105.18,103.72,104.43,0
SP500,19760805,104.43,104.76,103.48,103.85,0
SP500,19760806,103.85,104.25,103.10,103.79,0
SP500,19760809,103.79,104.02,103.01,103.49,0
SP500,19760810,103.49,104.71,103.21,104.41,0
SP500,19760811,104.41,105.24,103.73,104.06,0
SP500,19760812,104.06,104.64,103.38,104.22,0
SP500,19760813,104.22,104.79,103.61,104.25,0
SP500,19760816,104.25,104.99,103.74,104.43,0
SP500,19760817,104.43,105.25,103.98,104.80,0
SP500,19760818,104.80,105.41,104.12,104.56,0
SP500,19760819,104.56,104.74,103.01,103.39,0
SP500,19760820,103.31,103.31,101.96,102.37,0
SP500,19760823,102.37,102.49,101.04,101.96,0
SP500,19760824,101.96,102.65,100.98,101.27,0
SP500,19760825,101.27,102.41,100.43,102.03,0
SP500,19760826,102.03,102.59,101.01,101.32,0
SP500,19760827,101.32,101.90,100.55,101.48,0
SP500,19760830,101.48,102.51,101.22,102.07,0
SP500,19760831,102.07,103.38,101.94,102.91,0
SP500,19760901,102.91,104.30,102.60,104.06,0
SP500,19760902,104.06,104.84,103.47,103.92,0
SP500,19760903,103.92,104.63,103.36,104.30,0
SP500,19760907,104.30,105.31,103.93,105.03,0
SP500,19760908,105.03,105.73,104.34,104.94,0
SP500,19760909,104.94,105.12,103.91,104.40,0
SP500,19760910,104.40,105.03,103.79,104.65,0
SP500,19760913,104.65,105.29,103.88,104.29,0
SP500,19760914,104.29,104.50,103.31,103.94,0
SP500,19760915,103.94,104.70,103.28,104.25,0
SP500,19760916,104.25,105.59,103.84,105.34,0
SP500,19760917,105.34,106.81,105.14,106.27,0
SP500,19760920,106.27,107.20,105.74,106.32,0
SP500,19760921,106.32,108.13,106.09,107.83,0
SP500,19760922,107.83,108.72,106.92,107.46,0
SP500,19760923,107.46,107.96,106.40,106.92,0
SP500,19760924,106.92,107.36,106.03,106.80,0
SP500,19760927,106.80,107.70,106.35,107.27,0
SP500,19760928,107.27,107.54,105.61,105.92,0
SP500,19760929,105.92,106.45,104.83,105.37,0
SP500,19760930,105.37,105.84,104.57,105.24,0
SP500,19761001,105.24,105.75,103.60,104.17,0
SP500,19761004,104.17,104.62,103.42,104.03,0
SP500,19761005,104.03,104.25,102.51,103.23,0
SP500,19761006,103.23,103.72,102.05,102.97,0
SP500,19761007,102.97,103.90,102.16,103.54,0
SP500,19761008,103.54,104.00,102.24,102.56,0
SP500,19761011,102.48,102.48,100.98,101.64,0
SP500,19761012,101.64,102.19,100.38,100.81,0
SP500,19761013,100.81,102.44,100.54,102.12,0
SP500,19761014,102.12,102.14,100.28,100.85,0
SP500,19761015,100.85,101.50,100.02,100.88,0
SP500,19761018,100.88,101.99,100.62,101.47,0
SP500,19761019,101.47,102.04,100.42,101.45,0
SP500,19761020,101.45,102.23,100.81,101.74,0
SP500,19761021,101.74,102.32,100.49,100.77,0
SP500,19761022,100.77,100.93,99.24,99.96,0
SP500,19761025,99.96,100.60,99.21,100.07,0
SP500,19761026,100.07,101.50,99.91,101.06,0
SP500,19761027,101.06,102.12,100.61,101.76,0
SP500,19761028,101.76,102.50,101.12,101.61,0
SP500,19761029,101.61,103.10,101.15,102.90,0
SP500,19761101,102.90,103.78,102.19,103.10,0
SP500,19761103,102.49,102.49,100.73,101.92,0
SP500,19761104,101.92,103.16,101.40,102.41,0
SP500,19761105,102.41,102.70,100.48,100.82,0
SP500,19761108,100.62,100.62,99.10,99.60,0
SP500,19761109,99.60,100.21,98.38,99.32,0
SP500,19761110,99.32,99.98,98.18,98.81,0
SP500,19761111,98.81,99.89,98.35,99.64,0
SP500,19761112,99.64,99.95,98.51,99.24,0
SP500,19761115,99.24,100.16,98.53,99.90,0
SP500,19761116,99.90,101.12,99.44,100.04,0
SP500,19761117,100.04,101.32,99.64,100.61,0
SP500,19761118,100.61,102.22,100.49,101.89,0
SP500,19761119,101.89,102.77,101.17,101.92,0
SP500,19761122,101.92,103.15,101.63,102.59,0
SP500,19761123,102.59,102.90,101.50,101.96,0
SP500,19761124,101.96,102.85,101.41,102.41,0
SP500,19761126,102.41,103.51,102.13,103.15,0
SP500,19761129,103.15,103.46,102.07,102.44,0
SP500,19761130,102.44,102.72,101.46,102.10,0
SP500,19761201,102.10,103.03,101.62,102.49,0
SP500,19761202,102.49,103.30,101.70,102.12,0
SP500,19761203,102.12,103.31,101.75,102.76,0
SP500,19761206,102.76,104.15,102.53,103.56,0
SP500,19761207,103.56,104.40,102.96,103.49,0
SP500,19761208,103.49,104.40,102.94,104.08,0
SP500,19761209,104.08,105.27,103.71,104.51,0
SP500,19761210,104.51,105.36,103.90,104.70,0
SP500,19761213,104.70,105.33,103.94,104.63,0
SP500,19761214,104.63,105.44,103.80,105.07,0
SP500,19761215,105.07,105.89,104.33,105.14,0
SP500,19761216,105.14,105.53,104.07,104.80,0
SP500,19761217,104.80,105.60,103.89,104.26,0
SP500,19761220,104.26,104.63,103.21,103.65,0
SP500,19761221,103.65,104.66,102.99,104.22,0
SP500,19761222,104.22,105.59,104.03,104.71,0
SP500,19761223,104.71,105.49,104.09,104.84,0
SP500,19761227,104.84,106.31,104.58,106.06,0
SP500,19761228,106.06,107.36,105.90,106.77,0
SP500,19761229,106.77,107.17,105.83,106.34,0
SP500,19761230,106.34,107.41,105.97,106.88,0
SP500,19761231,106.88,107.82,106.55,107.46,0
SP500,19770103,107.46,107.97,106.42,107.00,0
SP500,19770104,107.00,107.31,105.40,105.70,0
SP500,19770105,105.70,106.07,104.33,104.76,0
SP500,19770106,104.76,105.86,104.40,105.02,0
SP500,19770107,105.02,105.59,104.30,105.01,0
SP500,19770110,105.01,105.75,104.46,105.20,0
SP500,19770111,105.20,105.60,103.76,104.12,0
SP500,19770112,104.12,104.18,102.75,103.40,0
SP500,19770113,103.40,104.60,103.21,104.20,0
SP500,19770114,104.20,104.71,103.37,104.01,0
SP500,19770117,104.01,104.37,103.04,103.73,0
SP500,19770118,103.73,104.29,102.71,103.32,0
SP500,19770119,103.32,104.38,102.83,103.85,0
SP500,19770120,103.85,104.45,102.50,102.97,0
SP500,19770121,102.97,103.91,102.35,103.32,0
SP500,19770124,103.32,104.06,102.50,103.25,0
SP500,19770125,103.25,104.08,102.42,103.13,0
SP500,19770126,103.13,103.48,101.84,102.34,0
SP500,19770127,102.34,102.81,101.27,101.79,0
SP500,19770128,101.79,102.61,101.08,101.93,0
SP500,19770131,101.93,102.44,100.91,102.03,0
SP500,19770201,102.03,103.06,101.57,102.54,0
SP500,19770202,102.54,103.32,101.89,102.36,0
SP500,19770203,102.36,102.57,101.28,101.85,0
SP500,19770204,101.85,102.71,101.30,101.88,0
SP500,19770207,101.88,102.43,101.25,101.89,0
SP500,19770208,101.89,102.65,101.16,101.60,0
SP500,19770209,101.60,101.88,100.12,100.73,0
SP500,19770210,100.73,101.51,100.16,100.82,0
SP500,19770211,100.82,101.18,99.74,100.22,0
SP500,19770214,100.22,101.06,99.51,100.74,0
SP500,19770215,100.74,101.67,100.35,101.04,0
SP500,19770216,101.04,102.22,100.68,101.50,0
SP500,19770217,101.50,101.76,100.43,100.92,0
SP500,19770218,100.92,101.13,99.95,100.49,0
SP500,19770222,100.49,101.22,99.94,100.49,0
SP500,19770223,100.49,100.95,99.78,100.19,0
SP500,19770224,100.19,100.42,99.18,99.60,0
SP500,19770225,99.60,100.02,98.82,99.48,0
SP500,19770228,99.48,100.06,98.91,99.82,0
SP500,19770301,99.82,101.03,99.65,100.66,0
SP500,19770302,100.66,101.24,99.97,100.39,0
SP500,19770303,100.39,101.28,100.01,100.88,0
SP500,19770304,100.88,101.67,100.52,101.20,0
SP500,19770307,101.20,101.77,100.64,101.25,0
SP500,19770308,101.25,101.85,100.48,100.87,0
SP500,19770309,100.87,100.89,99.63,100.10,0
SP500,19770310,100.10,100.96,99.49,100.67,0
SP500,19770311,100.67,101.37,100.14,100.65,0
SP500,19770314,100.65,101.75,100.24,101.42,0
SP500,19770315,101.42,102.61,101.34,101.98,0
SP500,19770316,101.98,102.70,101.52,102.17,0
SP500,19770317,102.17,102.58,101.28,102.08,0
SP500,19770318,102.08,102.61,101.39,101.86,0
SP500,19770321,101.86,102.13,100.92,101.31,0
SP500,19770322,101.31,101.58,100.35,101.00,0
SP500,19770323,101.00,101.42,99.88,100.20,0
SP500,19770324,100.20,100.60,99.26,99.70,0
SP500,19770325,99.70,100.05,98.71,99.06,0
SP500,19770328,99.06,99.54,98.35,99.00,0
SP500,19770329,99.00,100.12,98.95,99.69,0
SP500,19770330,99.69,99.99,98.18,98.54,0
SP500,19770331,98.54,99.14,97.80,98.42,0
SP500,19770401,98.42,99.57,98.38,99.21,0
SP500,19770404,99.21,99.50,97.98,98.23,0
SP500,19770405,98.23,98.60,97.43,98.01,0
SP500,19770406,98.01,98.61,97.45,97.91,0
SP500,19770407,97.91,98.65,97.48,98.35,0
SP500,19770411,98.35,99.37,98.08,98.88,0
SP500,19770412,98.97,100.58,98.97,100.15,0
SP500,19770413,100.15,100.72,99.02,100.16,0
SP500,19770414,100.42,102.07,100.42,101.00,0
SP500,19770415,101.00,101.63,100.35,101.04,0
SP500,19770418,101.04,101.36,100.09,100.54,0
SP500,19770419,100.54,100.81,99.58,100.07,0
SP500,19770420,100.07,100.98,99.49,100.40,0
SP500,19770421,100.40,101.20,99.35,99.75,0
SP500,19770422,99.67,99.67,98.08,98.44,0
SP500,19770425,98.32,98.32,96.54,97.15,0
SP500,19770426,97.15,97.94,96.53,97.11,0
SP500,19770427,97.11,98.47,96.90,97.96,0
SP500,19770428,97.96,98.77,97.47,98.20,0
SP500,19770429,98.20,98.87,97.58,98.44,0
SP500,19770502,98.44,99.26,97.97,98.93,0
SP500,19770503,98.93,99.96,98.72,99.43,0
SP500,19770504,99.43,100.56,98.90,99.96,0
SP500,19770505,99.96,100.79,99.28,100.11,0
SP500,19770506,100.11,100.20,98.95,99.49,0
SP500,19770509,99.49,99.78,98.66,99.18,0
SP500,19770510,99.18,100.09,98.82,99.47,0
SP500,19770511,99.47,99.77,98.40,98.78,0
SP500,19770512,98.78,99.25,97.91,98.73,0
SP500,19770513,98.73,99.52,98.37,99.03,0
SP500,19770516,99.03,99.98,98.79,99.47,0
SP500,19770517,99.47,100.11,98.76,99.77,0
SP500,19770518,99.77,100.93,99.58,100.30,0
SP500,19770519,100.30,100.74,99.49,99.88,0
SP500,19770520,99.88,100.12,98.91,99.45,0
SP500,19770523,99.35,99.35,97.88,98.15,0
SP500,19770524,98.15,98.25,97.00,97.67,0
SP500,19770525,97.67,98.14,96.50,96.77,0
SP500,19770526,96.77,97.47,96.20,97.01,0
SP500,19770527,97.01,97.26,95.92,96.27,0
SP500,19770531,96.27,96.75,95.52,96.12,0
SP500,19770601,96.12,97.27,95.89,96.93,0
SP500,19770602,96.93,97.53,96.23,96.74,0
SP500,19770603,96.74,98.12,96.55,97.69,0
SP500,19770606,97.69,98.26,96.89,97.23,0
SP500,19770607,97.23,98.01,96.60,97.73,0
SP500,19770608,97.73,98.75,97.49,98.20,0
SP500,19770609,98.20,98.62,97.51,98.14,0
SP500,19770610,98.14,98.86,97.68,98.46,0
SP500,19770613,98.46,99.21,98.06,98.74,0
SP500,19770614,98.76,100.12,98.76,99.86,0
SP500,19770615,99.86,100.31,99.12,99.61,0
SP500,19770616,99.61,100.33,98.91,99.85,0
SP500,19770617,99.85,100.47,99.34,99.97,0
SP500,19770620,99.97,100.76,99.56,100.42,0
SP500,19770621,100.42,101.41,100.16,100.74,0
SP500,19770622,100.74,101.07,99.90,100.46,0
SP500,19770623,100.46,101.10,99.88,100.62,0
SP500,19770624,100.62,101.65,100.41,101.19,0
SP500,19770627,101.19,101.63,100.47,100.98,0
SP500,19770628,100.98,101.36,99.87,100.14,0
SP500,19770629,100.14,100.49,99.30,100.11,0
SP500,19770630,100.11,100.88,99.68,100.48,0
SP500,19770701,100.48,100.76,99.63,100.10,0
SP500,19770705,100.10,100.72,99.62,100.09,0
SP500,19770706,100.09,100.41,99.20,99.58,0
SP500,19770707,99.58,100.30,99.12,99.93,0
SP500,19770708,99.93,100.62,99.37,99.79,0
SP500,19770711,99.79,100.16,98.90,99.55,0
SP500,19770712,99.55,100.01,98.81,99.45,0
SP500,19770713,99.45,99.99,98.83,99.59,0
SP500,19770715,99.59,100.68,99.28,100.18,0
SP500,19770718,100.18,101.40,99.94,100.95,0
SP500,19770719,100.95,102.17,100.68,101.79,0
SP500,19770720,101.79,102.57,101.14,101.73,0
SP500,19770721,101.73,102.19,100.85,101.59,0
SP500,19770722,101.59,102.28,101.02,101.67,0
SP500,19770725,101.67,101.85,100.46,100.85,0
SP500,19770726,100.85,100.92,99.72,100.27,0
SP500,19770727,100.27,100.29,98.31,98.64,0
SP500,19770728,98.64,99.36,97.78,98.79,0
SP500,19770729,98.79,99.21,97.71,98.85,0
SP500,19770801,98.85,99.84,98.46,99.12,0
SP500,19770802,99.12,99.27,98.14,98.50,0
SP500,19770803,98.50,98.86,97.53,98.37,0
SP500,19770804,98.37,99.19,97.79,98.74,0
SP500,19770805,98.74,99.44,98.31,98.76,0
SP500,19770808,98.76,98.86,97.68,97.99,0
SP500,19770809,97.99,98.63,97.48,98.05,0
SP500,19770810,98.05,99.06,97.67,98.92,0
SP500,19770811,98.92,99.45,97.90,98.16,0
SP500,19770812,98.16,98.51,97.31,97.88,0
SP500,19770815,97.88,98.56,97.14,98.18,0
SP500,19770816,98.18,98.60,97.35,97.73,0
SP500,19770817,97.73,98.40,97.12,97.74,0
SP500,19770818,97.74,98.69,97.21,97.68,0
SP500,19770819,97.68,98.29,96.78,97.51,0
SP500,19770822,97.51,98.29,96.84,97.79,0
SP500,19770823,97.79,98.52,97.18,97.62,0
SP500,19770824,97.62,97.99,96.77,97.23,0
SP500,19770825,97.18,97.18,95.81,96.15,0
SP500,19770826,96.15,96.42,95.04,96.06,0
SP500,19770829,96.06,97.25,95.93,96.92,0
SP500,19770830,96.92,97.55,96.04,96.38,0
SP500,19770831,96.38,97.00,95.59,96.77,0
SP500,19770901,96.77,97.54,96.35,96.83,0
SP500,19770902,96.83,97.76,96.51,97.45,0
SP500,19770906,97.45,98.13,96.93,97.71,0
SP500,19770907,97.71,98.38,97.33,98.01,0
SP500,19770908,98.01,98.43,97.01,97.28,0
SP500,19770909,97.10,97.10,95.97,96.37,0
SP500,19770912,96.37,96.64,95.37,96.03,0
SP500,19770913,96.03,96.56,95.48,96.09,0
SP500,19770914,96.09,96.88,95.66,96.55,0
SP500,19770915,96.55,97.31,96.15,96.80,0
SP500,19770916,96.80,97.30,96.05,96.48,0
SP500,19770919,96.48,96.59,95.46,95.85,0
SP500,19770920,95.85,96.29,95.23,95.89,0
SP500,19770921,95.89,96.52,94.83,95.10,0
SP500,19770922,95.10,95.61,94.51,95.09,0
SP500,19770923,95.09,95.69,94.60,95.04,0
SP500,19770926,95.04,95.68,94.44,95.38,0
SP500,19770927,95.38,96.01,94.76,95.24,0
SP500,19770928,95.24,95.91,94.73,95.31,0
SP500,19770929,95.31,96.28,95.09,95.85,0
SP500,19770930,95.85,96.85,95.66,96.53,0
SP500,19771003,96.53,97.11,95.86,96.74,0
SP500,19771004,96.74,97.27,95.73,96.03,0
SP500,19771005,96.03,96.36,95.20,95.68,0
SP500,19771006,95.68,96.45,95.30,96.05,0
SP500,19771007,96.05,96.51,95.48,95.97,0
SP500,19771010,95.97,96.15,95.32,95.75,0
SP500,19771011,95.75,95.97,94.73,94.93,0
SP500,19771012,94.82,94.82,93.40,94.04,0
SP500,19771013,94.04,94.32,92.89,93.46,0
SP500,19771014,93.46,94.19,92.88,93.56,0
SP500,19771017,93.56,94.03,92.87,93.47,0
SP500,19771018,93.47,94.19,93.01,93.46,0
SP500,19771019,93.46,93.71,92.07,92.38,0
SP500,19771020,92.38,93.12,91.60,92.67,0
SP500,19771021,92.67,92.99,91.80,92.32,0
SP500,19771024,92.32,92.62,91.36,91.63,0
SP500,19771025,91.63,91.71,90.20,91.00,0
SP500,19771026,91.00,92.46,90.44,92.10,0
SP500,19771027,92.10,93.15,91.54,92.34,0
SP500,19771028,92.34,93.13,91.88,92.61,0
SP500,19771031,92.61,93.03,91.85,92.34,0
SP500,19771101,92.19,92.19,91.00,91.35,0
SP500,19771102,91.35,91.59,90.29,90.71,0
SP500,19771103,90.71,91.18,90.01,90.76,0
SP500,19771104,90.76,91.97,90.72,91.58,0
SP500,19771107,91.58,92.70,91.32,92.29,0
SP500,19771108,92.29,92.97,91.82,92.46,0
SP500,19771109,92.46,93.27,92.01,92.98,0
SP500,19771110,92.98,95.10,92.69,94.71,0
SP500,19771111,95.10,96.49,95.10,95.98,0
SP500,19771114,95.98,96.38,94.91,95.32,0
SP500,19771115,95.32,96.47,94.73,95.93,0
SP500,19771116,95.93,96.47,95.06,95.45,0
SP500,19771117,95.45,95.88,94.59,95.16,0
SP500,19771118,95.16,95.88,94.70,95.33,0
SP500,19771121,95.33,95.77,94.59,95.25,0
SP500,19771122,95.25,96.52,95.05,96.09,0
SP500,19771123,96.09,96.94,95.60,96.49,0
SP500,19771125,96.49,97.11,95.86,96.69,0
SP500,19771128,96.69,96.98,95.67,96.04,0
SP500,19771129,96.04,96.09,94.28,94.55,0
SP500,19771130,94.55,95.17,93.78,94.83,0
SP500,19771201,94.83,95.45,94.23,94.69,0
SP500,19771202,94.69,95.25,94.08,94.67,0
SP500,19771205,94.67,95.01,93.91,94.27,0
SP500,19771206,94.09,94.09,92.44,92.83,0
SP500,19771207,92.83,93.39,92.15,92.78,0
SP500,19771208,92.78,93.76,92.51,92.96,0
SP500,19771209,92.96,94.11,92.77,93.65,0
SP500,19771212,93.65,94.29,93.18,93.63,0
SP500,19771213,93.63,94.04,92.90,93.56,0
SP500,19771214,93.56,94.26,92.94,94.03,0
SP500,19771215,94.03,94.42,93.23,93.55,0
SP500,19771216,93.55,94.04,92.93,93.40,0
SP500,19771219,93.40,93.71,92.42,92.69,0
SP500,19771220,92.69,93.00,91.76,92.50,0
SP500,19771221,92.50,93.58,92.20,93.05,0
SP500,19771222,93.05,94.37,93.05,93.80,0
SP500,19771223,93.80,94.99,93.75,94.69,0
SP500,19771227,94.69,95.21,94.09,94.69,0
SP500,19771228,94.69,95.20,93.99,94.75,0
SP500,19771229,94.75,95.43,94.10,94.94,0
SP500,19771230,94.94,95.67,94.44,95.10,0
SP500,19780103,95.10,95.15,93.49,93.82,0
SP500,19780104,93.82,94.10,92.57,93.52,0
SP500,19780105,93.52,94.53,92.51,92.74,0
SP500,19780106,92.66,92.66,91.05,91.62,0
SP500,19780109,91.48,91.48,89.97,90.64,0
SP500,19780110,90.64,91.29,89.72,90.17,0
SP500,19780111,90.17,90.70,89.23,89.74,0
SP500,19780112,89.74,90.60,89.25,89.82,0
SP500,19780113,89.82,90.47,89.26,89.69,0
SP500,19780116,89.69,90.11,88.88,89.43,0
SP500,19780117,89.43,90.31,89.05,89.88,0
SP500,19780118,89.88,90.86,89.59,90.56,0
SP500,19780119,90.56,91.04,89.74,90.09,0
SP500,19780120,90.09,90.27,89.41,89.89,0
SP500,19780123,89.89,90.08,88.81,89.24,0
SP500,19780124,89.24,89.80,88.67,89.25,0
SP500,19780125,89.25,89.94,88.83,89.39,0
SP500,19780126,89.39,89.79,88.31,88.58,0
SP500,19780127,88.58,89.10,88.02,88.58,0
SP500,19780130,88.58,89.67,88.26,89.34,0
SP500,19780131,89.34,89.92,88.61,89.25,0
SP500,19780201,89.25,90.24,88.82,89.93,0
SP500,19780202,89.93,90.91,89.54,90.13,0
SP500,19780203,90.13,90.32,89.19,89.62,0
SP500,19780206,89.62,89.85,88.95,89.50,0
SP500,19780207,89.50,90.53,89.38,90.33,0
SP500,19780208,90.33,91.32,90.09,90.83,0
SP500,19780209,90.83,90.96,89.84,90.30,0
SP500,19780210,90.30,90.69,89.56,90.08,0
SP500,19780213,90.08,90.30,89.38,89.86,0
SP500,19780214,89.86,89.89,88.70,89.04,0
SP500,19780215,89.04,89.40,88.30,88.83,0
SP500,19780216,88.77,88.77,87.64,88.08,0
SP500,19780217,88.08,88.70,87.55,87.96,0
SP500,19780221,87.96,88.19,87.09,87.59,0
SP500,19780222,87.59,88.15,87.19,87.56,0
SP500,19780223,87.56,87.92,86.83,87.64,0
SP500,19780224,87.66,88.87,87.66,88.49,0
SP500,19780227,88.49,88.97,87.49,87.72,0
SP500,19780228,87.72,87.76,86.58,87.04,0
SP500,19780301,87.04,87.63,86.45,87.19,0
SP500,19780302,87.19,87.81,86.69,87.32,0
SP500,19780303,87.32,87.98,86.83,87.45,0
SP500,19780306,87.45,87.52,86.48,86.90,0
SP500,19780307,86.90,87.63,86.55,87.36,0
SP500,19780308,87.36,88.08,86.97,87.84,0
SP500,19780309,87.84,88.49,87.34,87.89,0
SP500,19780310,87.89,89.25,87.82,88.88,0
SP500,19780313,88.88,89.77,88.48,88.95,0
SP500,19780314,88.95,89.62,88.21,89.35,0
SP500,19780315,89.35,89.73,88.52,89.12,0
SP500,19780316,89.12,89.77,88.58,89.51,0
SP500,19780317,89.51,90.52,89.17,90.20,0
SP500,19780320,90.20,91.35,90.10,90.82,0
SP500,19780321,90.82,91.06,89.50,89.79,0
SP500,19780322,89.79,90.07,88.99,89.47,0
SP500,19780323,89.47,89.90,88.83,89.36,0
SP500,19780327,89.36,89.50,88.51,88.87,0
SP500,19780328,88.87,89.76,88.47,89.50,0
SP500,19780329,89.50,90.17,89.14,89.64,0
SP500,19780330,89.64,89.89,88.97,89.41,0
SP500,19780331,89.41,89.64,88.68,89.21,0
SP500,19780403,89.20,89.20,88.07,88.46,0
SP500,19780404,88.46,89.18,88.16,88.86,0
SP500,19780405,88.86,89.91,88.62,89.64,0
SP500,19780406,89.64,90.46,89.31,89.79,0
SP500,19780407,89.79,90.59,89.39,90.17,0
SP500,19780410,90.17,90.88,89.73,90.49,0
SP500,19780411,90.49,90.79,89.77,90.25,0
SP500,19780412,90.25,90.78,89.65,90.11,0
SP500,19780413,90.11,91.27,89.82,90.98,0
SP500,19780414,91.40,93.31,91.40,92.92,0
SP500,19780417,93.60,95.89,93.60,94.45,0
SP500,19780418,94.45,94.72,92.87,93.43,0
SP500,19780419,93.43,94.48,92.75,93.86,0
SP500,19780420,93.97,95.71,93.97,94.54,0
SP500,19780421,94.54,95.09,93.71,94.34,0
SP500,19780424,94.34,96.00,94.08,95.77,0
SP500,19780425,96.05,97.91,96.05,96.64,0
SP500,19780426,96.64,97.75,95.96,96.82,0
SP500,19780427,96.82,96.93,95.30,95.86,0
SP500,19780428,95.86,97.10,95.24,96.83,0
SP500,19780501,96.83,98.30,96.41,97.67,0
SP500,19780502,97.67,98.11,96.44,97.25,0
SP500,19780503,97.25,97.61,95.84,96.26,0
SP500,19780504,96.26,96.43,94.57,95.93,0
SP500,19780505,95.93,97.44,95.56,96.53,0
SP500,19780508,96.53,97.50,95.82,96.19,0
SP500,19780509,96.19,96.68,95.33,95.90,0
SP500,19780510,95.90,96.69,95.35,95.92,0
SP500,19780511,95.92,97.47,95.60,97.20,0
SP500,19780512,97.20,98.89,97.14,98.07,0
SP500,19780515,98.07,99.11,97.40,98.76,0
SP500,19780516,98.76,100.16,98.61,99.35,0
SP500,19780517,99.35,100.32,98.63,99.60,0
SP500,19780518,99.60,100.04,98.19,98.62,0
SP500,19780519,98.62,99.06,97.42,98.12,0
SP500,19780522,98.12,99.43,97.65,99.09,0
SP500,19780523,99.09,99.17,97.53,98.05,0
SP500,19780524,97.74,97.74,96.27,97.08,0
SP500,19780525,97.08,97.80,96.30,96.80,0
SP500,19780526,96.80,97.14,96.01,96.58,0
SP500,19780530,96.58,97.23,95.95,96.86,0
SP500,19780531,96.86,97.97,96.50,97.24,0
SP500,19780601,97.24,97.95,96.63,97.35,0
SP500,19780602,97.35,98.52,97.01,98.14,0
SP500,19780605,98.14,100.27,97.97,99.95,0
SP500,19780606,99.95,101.84,99.90,100.32,0
SP500,19780607,100.32,100.81,99.36,100.12,0
SP500,19780608,100.12,101.21,99.55,100.21,0
SP500,19780609,100.21,100.71,99.30,99.93,0
SP500,19780612,99.93,100.60,99.16,99.55,0
SP500,19780613,99.55,99.98,98.43,99.57,0
SP500,19780614,99.57,100.68,98.89,99.48,0
SP500,19780615,99.48,99.54,97.97,98.34,0
SP500,19780616,98.34,98.59,97.10,97.42,0
SP500,19780619,97.42,97.94,96.53,97.49,0
SP500,19780620,97.49,97.78,96.15,96.51,0
SP500,19780621,96.51,96.74,95.42,96.01,0
SP500,19780622,96.01,96.76,95.52,96.24,0
SP500,19780623,96.24,96.98,95.49,95.85,0
SP500,19780626,95.85,96.06,94.31,94.60,0
SP500,19780627,94.60,95.48,93.99,94.98,0
SP500,19780628,94.98,95.79,94.44,95.40,0
SP500,19780629,95.40,96.26,95.00,95.57,0
SP500,19780630,95.57,95.96,94.87,95.53,0
SP500,19780703,95.53,95.65,94.62,95.09,0
SP500,19780705,95.09,95.20,93.78,94.27,0
SP500,19780706,94.27,94.83,93.59,94.32,0
SP500,19780707,94.32,95.32,94.02,94.89,0
SP500,19780710,94.89,95.67,94.28,95.27,0
SP500,19780711,95.27,96.49,94.92,95.93,0
SP500,19780712,95.93,96.83,95.50,96.24,0
SP500,19780713,96.24,96.66,95.42,96.25,0
SP500,19780714,96.25,97.88,95.89,97.58,0
SP500,19780717,97.58,98.84,97.24,97.78,0
SP500,19780718,97.78,97.98,96.52,96.87,0
SP500,19780719,96.87,98.41,96.71,98.12,0
SP500,19780720,98.12,99.18,97.49,98.03,0
SP500,19780721,98.03,98.57,97.02,97.75,0
SP500,19780724,97.75,98.13,96.72,97.72,0
SP500,19780725,97.72,98.73,97.20,98.44,0
SP500,19780726,99.08,99.08,99.08,99.08,0
SP500,19780727,99.08,100.17,98.60,99.54,0
SP500,19780728,99.54,100.51,98.90,100.00,0
SP500,19780731,100.00,101.18,99.37,100.68,0
SP500,19780801,100.68,101.46,99.95,100.66,0
SP500,19780802,100.66,103.21,100.18,102.92,0
SP500,19780803,102.92,105.41,102.82,103.51,0
SP500,19780804,103.51,104.67,102.75,103.92,0
SP500,19780807,103.92,104.84,103.03,103.55,0
SP500,19780808,103.55,104.35,102.60,104.01,0
SP500,19780809,104.01,105.72,103.70,104.50,0
SP500,19780810,104.50,105.11,103.10,103.66,0
SP500,19780811,103.66,104.67,102.85,103.96,0
SP500,19780814,103.96,104.98,103.40,103.97,0
SP500,19780815,103.97,104.38,102.86,103.85,0
SP500,19780816,103.85,105.15,103.41,104.65,0
SP500,19780817,104.65,106.27,104.34,105.08,0
SP500,19780818,105.08,105.98,104.23,104.73,0
SP500,19780821,104.73,105.20,103.44,103.89,0
SP500,19780822,103.89,104.79,103.14,104.31,0
SP500,19780823,104.31,105.68,104.12,104.91,0
SP500,19780824,104.91,105.86,104.29,105.08,0
SP500,19780825,105.08,105.68,104.24,104.90,0
SP500,19780828,104.90,105.14,103.61,103.96,0
SP500,19780829,103.96,104.34,102.92,103.39,0
SP500,19780830,103.39,104.26,102.70,103.50,0
SP500,19780831,103.50,104.05,102.63,103.29,0
SP500,19780901,103.29,104.27,102.73,103.68,0
SP500,19780905,103.68,104.83,103.31,104.49,0
SP500,19780906,104.51,106.19,104.51,105.38,0
SP500,19780907,105.38,106.49,104.76,105.42,0
SP500,19780908,105.50,107.19,105.50,106.79,0
SP500,19780911,106.79,108.05,106.42,106.98,0
SP500,19780912,106.98,107.48,106.02,106.99,0
SP500,19780913,106.99,107.85,105.87,106.34,0
SP500,19780914,106.34,106.62,104.77,105.10,0
SP500,19780915,105.10,105.12,103.56,104.12,0
SP500,19780918,104.12,105.03,102.75,103.21,0
SP500,19780919,103.21,103.82,102.12,102.53,0
SP500,19780920,102.53,103.29,101.28,101.73,0
SP500,19780921,101.73,102.54,100.66,101.90,0
SP500,19780922,101.90,102.69,101.13,101.84,0
SP500,19780925,101.84,102.36,101.05,101.86,0
SP500,19780926,101.86,103.15,101.58,102.62,0
SP500,19780927,102.62,103.44,101.33,101.66,0
SP500,19780928,101.66,102.38,100.94,101.96,0
SP500,19780929,101.96,103.08,101.65,102.54,0
SP500,19781002,102.54,103.42,102.13,102.96,0
SP500,19781003,102.96,103.56,102.18,102.60,0
SP500,19781004,102.60,103.36,101.76,103.06,0
SP500,19781005,103.06,104.10,102.54,103.27,0
SP500,19781006,103.27,104.23,102.82,103.52,0
SP500,19781009,103.52,104.89,103.31,104.59,0
SP500,19781010,104.59,105.36,103.90,104.46,0
SP500,19781011,104.46,105.64,103.80,105.39,0
SP500,19781012,105.39,106.23,104.42,104.88,0
SP500,19781013,104.88,105.34,104.07,104.66,0
SP500,19781016,104.63,104.63,102.43,102.61,0
SP500,19781017,102.35,102.35,100.47,101.26,0
SP500,19781018,101.26,101.76,99.89,100.49,0
SP500,19781019,100.49,101.03,99.04,99.33,0
SP500,19781020,99.26,99.26,97.12,97.95,0
SP500,19781023,97.95,98.84,96.63,98.18,0
SP500,19781024,98.18,98.95,97.13,97.49,0
SP500,19781025,97.49,98.56,96.33,97.31,0
SP500,19781026,97.31,97.71,95.59,96.03,0
SP500,19781027,96.03,96.62,94.30,94.59,0
SP500,19781030,94.59,95.49,91.65,95.06,0
SP500,19781031,95.06,95.80,92.72,93.15,0
SP500,19781101,94.13,97.41,94.13,96.85,0
SP500,19781102,96.85,97.31,94.84,95.61,0
SP500,19781103,95.61,96.98,94.78,96.18,0
SP500,19781106,96.18,96.49,94.84,95.19,0
SP500,19781107,94.75,94.75,93.14,93.85,0
SP500,19781108,93.85,94.74,92.89,94.45,0
SP500,19781109,94.45,95.50,93.81,94.42,0
SP500,19781110,94.42,95.39,93.94,94.77,0
SP500,19781113,94.77,94.90,92.96,93.13,0
SP500,19781114,93.13,93.53,91.77,92.49,0
SP500,19781115,92.49,94.00,92.29,92.71,0
SP500,19781116,92.71,94.08,92.59,93.71,0
SP500,19781117,93.71,95.03,93.59,94.42,0
SP500,19781120,94.42,95.86,94.29,95.25,0
SP500,19781121,95.25,95.83,94.49,95.01,0
SP500,19781122,95.01,95.91,94.54,95.48,0
SP500,19781124,95.48,96.17,94.98,95.79,0
SP500,19781127,95.79,96.52,95.17,95.99,0
SP500,19781128,95.99,96.51,94.88,95.15,0
SP500,19781129,94.92,94.92,93.48,93.75,0
SP500,19781130,93.75,94.94,93.29,94.70,0
SP500,19781201,95.01,96.69,95.01,96.28,0
SP500,19781204,96.28,96.96,95.37,96.15,0
SP500,19781205,96.15,97.70,95.88,97.44,0
SP500,19781206,97.44,98.58,96.83,97.49,0
SP500,19781207,97.49,98.10,96.58,97.08,0
SP500,19781208,97.08,97.48,96.14,96.63,0
SP500,19781211,96.63,97.56,96.07,97.11,0
SP500,19781212,97.11,97.58,96.27,96.59,0
SP500,19781213,96.59,97.07,95.59,96.06,0
SP500,19781214,96.06,96.44,95.20,96.04,0
SP500,19781215,96.04,96.28,94.88,95.33,0
SP500,19781218,94.33,94.33,92.64,93.44,0
SP500,19781219,93.44,94.85,93.05,94.24,0
SP500,19781220,94.24,95.20,93.70,94.68,0
SP500,19781221,94.68,95.66,94.11,94.71,0
SP500,19781222,94.77,96.62,94.77,96.31,0
SP500,19781226,96.31,97.89,95.99,97.52,0
SP500,19781227,97.51,97.51,96.15,96.66,0
SP500,19781228,96.66,97.19,95.82,96.28,0
SP500,19781229,96.28,97.03,95.48,96.11,0
SP500,19790102,96.11,96.96,95.22,96.73,0
SP500,19790103,96.81,98.54,96.81,97.80,0
SP500,19790104,97.80,99.42,97.52,98.58,0
SP500,19790105,98.58,99.79,98.25,99.13,0
SP500,19790108,99.13,99.30,97.83,98.80,0
SP500,19790109,98.80,99.96,98.62,99.33,0
SP500,19790110,99.33,99.75,98.28,98.77,0
SP500,19790111,98.77,99.41,97.95,99.10,0
SP500,19790112,99.32,100.91,99.32,99.93,0
SP500,19790115,99.93,101.13,99.58,100.69,0
SP500,19790116,100.69,100.88,99.11,99.46,0
SP500,19790117,99.46,100.00,98.33,99.48,0
SP500,19790118,99.48,100.35,98.91,99.72,0
SP500,19790119,99.72,100.57,99.22,99.75,0
SP500,19790122,99.75,100.35,98.90,99.90,0
SP500,19790123,99.90,101.05,99.35,100.60,0
SP500,19790124,100.60,101.31,99.67,100.16,0
SP500,19790125,100.16,101.66,99.99,101.19,0
SP500,19790126,101.19,102.59,101.03,101.86,0
SP500,19790129,101.86,102.33,100.99,101.55,0
SP500,19790130,101.55,102.07,100.68,101.05,0
SP500,19790131,101.05,101.41,99.47,99.93,0
SP500,19790201,99.93,100.38,99.01,99.96,0
SP500,19790202,99.96,100.52,99.10,99.50,0
SP500,19790205,99.07,99.07,97.57,98.09,0
SP500,19790206,98.09,98.74,97.48,98.05,0
SP500,19790207,98.05,98.07,96.51,97.16,0
SP500,19790208,97.16,98.11,96.82,97.65,0
SP500,19790209,97.65,98.50,97.28,97.87,0
SP500,19790212,97.87,98.55,97.05,98.20,0
SP500,19790213,98.25,99.58,98.25,98.93,0
SP500,19790214,98.93,99.64,98.21,98.87,0
SP500,19790215,98.87,99.13,97.96,98.73,0
SP500,19790216,98.73,99.23,98.11,98.67,0
SP500,19790220,98.67,99.67,98.26,99.42,0
SP500,19790221,99.42,100.07,98.69,99.07,0
SP500,19790222,99.07,99.21,97.88,98.33,0
SP500,19790223,98.33,98.50,97.29,97.78,0
SP500,19790226,97.78,98.28,97.20,97.67,0
SP500,19790227,97.65,97.65,95.69,96.13,0
SP500,19790228,96.13,96.69,95.38,96.28,0
SP500,19790301,96.28,97.28,95.98,96.90,0
SP500,19790302,96.90,97.55,96.44,96.97,0
SP500,19790305,97.03,98.64,97.03,98.06,0
SP500,19790306,98.06,98.53,97.36,97.87,0
SP500,19790307,97.87,99.23,97.67,98.44,0
SP500,19790308,98.44,99.82,98.10,99.58,0
SP500,19790309,99.58,100.58,99.12,99.54,0
SP500,19790312,99.54,100.04,98.56,99.67,0
SP500,19790313,99.67,100.66,99.13,99.84,0
SP500,19790314,99.84,100.43,99.23,99.71,0
SP500,19790315,99.71,100.57,99.11,99.86,0
SP500,19790316,99.86,101.16,99.53,100.69,0
SP500,19790319,100.69,101.94,100.35,101.06,0
SP500,19790320,101.06,101.34,100.01,100.50,0
SP500,19790321,100.50,101.48,99.87,101.25,0
SP500,19790322,101.25,102.41,101.04,101.67,0
SP500,19790323,101.67,102.37,101.02,101.60,0
SP500,19790326,101.60,101.77,100.60,101.04,0
SP500,19790327,101.04,102.71,100.81,102.48,0
SP500,19790328,102.48,103.31,101.74,102.12,0
SP500,19790329,102.12,102.78,101.43,102.03,0
SP500,19790330,102.03,102.51,101.03,101.59,0
SP500,19790402,101.56,101.56,100.14,100.90,0
SP500,19790403,100.90,102.67,100.81,102.40,0
SP500,19790404,102.40,103.73,102.16,102.65,0
SP500,19790405,102.65,103.60,102.16,103.26,0
SP500,19790406,103.26,103.95,102.58,103.18,0
SP500,19790409,103.18,103.56,102.28,102.87,0
SP500,19790410,102.87,103.83,102.42,103.34,0
SP500,19790411,103.34,103.77,101.92,102.31,0
SP500,19790412,102.31,102.77,101.51,102.00,0
SP500,19790416,102.00,102.02,100.67,101.12,0
SP500,19790417,101.12,101.94,100.65,101.24,0
SP500,19790418,101.24,102.23,100.96,101.70,0
SP500,19790419,101.70,102.40,100.88,101.28,0
SP500,19790420,101.28,101.81,100.46,101.23,0
SP500,19790423,101.23,102.00,100.68,101.57,0
SP500,19790424,101.57,103.02,101.39,102.20,0
SP500,19790425,102.20,103.07,101.79,102.50,0
SP500,19790426,102.50,102.91,101.58,102.01,0
SP500,19790427,102.01,102.32,101.04,101.80,0
SP500,19790430,101.80,102.24,100.91,101.76,0
SP500,19790501,101.76,102.50,101.22,101.68,0
SP500,19790502,101.68,102.28,101.00,101.72,0
SP500,19790503,101.72,102.57,101.25,101.81,0
SP500,19790504,101.81,102.08,100.42,100.69,0
SP500,19790507,100.37,100.37,98.78,99.02,0
SP500,19790508,99.02,99.56,97.98,99.17,0
SP500,19790509,99.17,100.01,98.50,99.46,0
SP500,19790510,99.46,99.63,98.22,98.52,0
SP500,19790511,98.52,99.03,97.92,98.52,0
SP500,19790514,98.52,98.95,97.71,98.06,0
SP500,19790515,98.06,98.90,97.60,98.14,0
SP500,19790516,98.14,98.80,97.49,98.42,0
SP500,19790517,98.42,100.22,98.29,99.94,0
SP500,19790518,99.94,100.73,99.33,99.93,0
SP500,19790521,99.93,100.75,99.37,100.14,0
SP500,19790522,100.14,100.93,99.45,100.51,0
SP500,19790523,100.51,101.31,99.63,99.89,0
SP500,19790524,99.89,100.44,99.14,99.93,0
SP500,19790525,99.93,100.68,99.52,100.22,0
SP500,19790529,100.22,100.76,99.56,100.05,0
SP500,19790530,100.05,100.25,98.79,99.11,0
SP500,19790531,99.11,99.61,98.29,99.08,0
SP500,19790601,99.08,99.70,98.57,99.17,0
SP500,19790604,99.17,99.76,98.61,99.32,0
SP500,19790605,99.32,101.07,99.17,100.62,0
SP500,19790606,100.62,101.96,100.38,101.30,0
SP500,19790607,101.30,102.54,101.15,101.79,0
SP500,19790608,101.79,102.23,100.91,101.49,0
SP500,19790611,101.49,102.24,100.91,101.91,0
SP500,19790612,101.91,103.64,101.81,102.85,0
SP500,19790613,102.85,103.58,101.83,102.31,0
SP500,19790614,102.31,102.63,101.04,102.20,0
SP500,19790615,102.20,102.78,101.38,102.09,0
SP500,19790618,102.09,102.48,101.05,101.56,0
SP500,19790619,101.56,102.28,100.91,101.58,0
SP500,19790620,101.58,102.19,100.93,101.63,0
SP500,19790621,101.63,102.74,101.20,102.09,0
SP500,19790622,102.09,103.16,101.91,102.64,0
SP500,19790625,102.64,102.91,101.45,102.09,0
SP500,19790626,102.09,102.09,101.22,101.66,0
SP500,19790627,101.66,102.95,101.29,102.27,0
SP500,19790628,102.27,103.46,101.91,102.80,0
SP500,19790629,102.80,103.67,102.04,102.91,0
SP500,19790702,102.91,103.00,101.45,101.99,0
SP500,19790703,101.99,102.57,101.31,102.09,0
SP500,19790705,102.09,102.88,101.59,102.43,0
SP500,19790706,102.43,103.91,102.12,103.62,0
SP500,19790709,103.62,105.07,103.36,104.47,0
SP500,19790710,104.47,105.17,103.52,104.20,0
SP500,19790711,104.20,104.34,102.87,103.64,0
SP500,19790712,103.64,103.72,102.22,102.69,0
SP500,19790713,102.69,102.99,101.49,102.32,0
SP500,19790716,102.32,103.20,101.81,102.74,0
SP500,19790717,102.74,103.06,101.27,101.83,0
SP500,19790718,101.83,102.06,100.35,101.69,0
SP500,19790719,101.69,102.42,101.04,101.61,0
SP500,19790720,101.61,102.32,101.06,101.82,0
SP500,19790723,101.82,102.13,100.84,101.59,0
SP500,19790724,101.59,102.50,101.14,101.97,0
SP500,19790725,101.97,103.44,101.85,103.08,0
SP500,19790726,103.08,103.63,102.34,103.10,0
SP500,19790727,103.10,103.50,102.29,103.10,0
SP500,19790730,103.10,103.63,102.42,103.15,0
SP500,19790731,103.15,104.26,102.89,103.81,0
SP500,19790801,103.81,104.57,103.14,104.17,0
SP500,19790802,104.17,105.02,103.59,104.10,0
SP500,19790803,104.10,104.56,103.36,104.04,0
SP500,19790806,104.04,104.66,103.27,104.30,0
SP500,19790807,104.30,106.23,104.12,105.65,0
SP500,19790808,105.65,106.84,105.20,105.98,0
SP500,19790809,105.98,106.25,104.89,105.49,0
SP500,19790810,105.49,106.79,104.81,106.40,0
SP500,19790813,106.40,107.90,106.28,107.42,0
SP500,19790814,107.42,108.03,106.60,107.52,0
SP500,19790815,107.52,108.64,106.75,108.25,0
SP500,19790816,108.25,109.18,107.38,108.09,0
SP500,19790817,108.09,108.94,107.25,108.30,0
SP500,19790820,108.30,109.32,107.69,108.83,0
SP500,19790821,108.83,109.68,108.17,108.91,0
SP500,19790822,108.91,109.56,108.09,108.99,0
SP500,19790823,108.99,109.59,108.12,108.63,0
SP500,19790824,108.63,109.11,107.65,108.60,0
SP500,19790827,108.60,109.84,108.12,109.14,0
SP500,19790828,109.14,109.65,108.47,109.02,0
SP500,19790829,109.02,109.59,108.36,109.02,0
SP500,19790830,109.02,109.59,108.40,109.02,0
SP500,19790831,109.02,109.80,108.58,109.32,0
SP500,19790904,109.32,109.41,107.22,107.44,0
SP500,19790905,107.19,107.19,105.38,106.40,0
SP500,19790906,106.40,107.61,105.97,106.85,0
SP500,19790907,106.85,108.09,106.30,107.66,0
SP500,19790910,107.66,108.71,107.21,108.17,0
SP500,19790911,108.17,108.83,106.80,107.51,0
SP500,19790912,107.51,108.41,106.72,107.82,0
SP500,19790913,107.82,108.53,107.06,107.85,0
SP500,19790914,107.85,109.48,107.42,108.76,0
SP500,19790917,108.76,110.06,108.40,108.84,0
SP500,19790918,108.84,109.00,107.32,108.00,0
SP500,19790919,108.00,109.02,107.52,108.28,0
SP500,19790920,108.28,110.69,107.59,110.51,0
SP500,19790921,110.51,111.58,109.46,110.47,0
SP500,19790924,110.47,110.90,109.16,109.61,0
SP500,19790925,109.61,110.19,108.27,109.68,0
SP500,19790926,109.68,111.25,109.37,109.96,0
SP500,19790927,109.96,110.75,109.19,110.21,0
SP500,19790928,110.21,110.67,108.70,109.32,0
SP500,19791001,109.19,109.19,107.70,108.56,0
SP500,19791002,108.56,110.08,108.03,109.59,0
SP500,19791003,109.59,110.43,108.88,109.59,0
SP500,19791004,109.59,110.81,109.14,110.17,0
SP500,19791005,110.17,112.16,110.16,111.27,0
SP500,19791008,111.27,111.83,109.65,109.88,0
SP500,19791009,109.43,109.43,106.04,106.63,0
SP500,19791010,106.23,106.23,102.31,105.30,0
SP500,19791011,105.30,106.33,103.70,105.05,0
SP500,19791012,105.05,106.20,104.01,104.49,0
SP500,19791015,104.49,104.74,102.69,103.36,0
SP500,19791016,103.36,104.37,102.52,103.19,0
SP500,19791017,103.19,104.54,102.74,103.39,0
SP500,19791018,103.39,104.62,102.92,103.61,0
SP500,19791019,103.58,103.58,101.24,101.60,0
SP500,19791022,101.38,101.38,99.06,100.71,0
SP500,19791023,100.71,101.44,99.61,100.28,0
SP500,19791024,100.28,101.45,99.66,100.44,0
SP500,19791025,100.44,101.39,99.56,100.00,0
SP500,19791026,100.00,101.31,99.59,100.57,0
SP500,19791029,100.57,101.56,100.13,100.71,0
SP500,19791030,100.71,102.83,100.41,102.67,0
SP500,19791031,102.67,103.16,101.38,101.82,0
SP500,19791101,101.82,103.07,101.10,102.57,0
SP500,19791102,102.57,103.21,101.92,102.51,0
SP500,19791105,102.51,102.66,101.24,101.82,0
SP500,19791106,101.82,102.01,100.77,101.20,0
SP500,19791107,100.97,100.97,99.42,99.87,0
SP500,19791108,99.87,101.00,99.49,100.30,0
SP500,19791109,100.58,102.18,100.58,101.51,0
SP500,19791112,101.51,103.72,101.27,103.51,0
SP500,19791113,103.51,104.21,102.42,102.94,0
SP500,19791114,102.94,104.13,101.91,103.39,0
SP500,19791115,103.39,104.94,103.10,104.13,0
SP500,19791116,104.13,104.72,103.07,103.79,0
SP500,19791119,103.79,105.08,103.17,104.23,0
SP500,19791120,104.23,105.11,103.14,103.69,0
SP500,19791121,103.69,104.23,102.04,103.89,0
SP500,19791123,103.89,105.13,103.56,104.67,0
SP500,19791126,104.83,107.44,104.83,106.80,0
SP500,19791127,106.80,107.89,105.64,106.38,0
SP500,19791128,106.38,107.55,105.29,106.77,0
SP500,19791129,106.77,107.84,106.17,106.81,0
SP500,19791130,106.81,107.16,105.56,106.16,0
SP500,19791203,106.16,106.65,105.07,105.83,0
SP500,19791204,105.83,107.25,105.66,106.79,0
SP500,19791205,106.79,108.36,106.60,107.25,0
SP500,19791206,107.25,108.47,106.71,108.00,0
SP500,19791207,108.00,109.24,106.55,107.52,0
SP500,19791210,107.52,108.27,106.65,107.67,0
SP500,19791211,107.67,108.58,106.79,107.49,0
SP500,19791212,107.49,108.32,106.78,107.52,0
SP500,19791213,107.52,108.29,106.68,107.67,0
SP500,19791214,107.67,109.49,107.37,108.92,0
SP500,19791217,108.92,110.33,108.36,109.33,0
SP500,19791218,109.33,109.83,107.83,108.30,0
SP500,19791219,108.30,108.79,107.02,108.20,0
SP500,19791220,108.20,109.24,107.40,108.26,0
SP500,19791221,108.26,108.76,106.99,107.59,0
SP500,19791224,107.59,108.08,106.80,107.66,0
SP500,19791226,107.66,108.37,107.06,107.78,0
SP500,19791227,107.78,108.50,107.14,107.96,0
SP500,19791228,107.96,108.61,107.16,107.84,0
SP500,19791231,107.84,108.53,107.26,107.94,0
SP500,19800102,107.94,108.43,105.29,105.76,0
SP500,19800103,105.76,106.08,103.26,105.22,0
SP500,19800104,105.22,107.08,105.09,106.52,0
SP500,19800107,106.52,107.80,105.80,106.81,0
SP500,19800108,106.81,109.29,106.29,108.95,0
SP500,19800109,108.95,111.09,108.41,109.05,0
SP500,19800110,109.05,110.86,108.47,109.89,0
SP500,19800111,109.89,111.16,108.89,109.92,0
SP500,19800114,109.92,111.44,109.34,110.38,0
SP500,19800115,110.38,111.93,109.45,111.14,0
SP500,19800116,111.14,112.90,110.38,111.05,0
SP500,19800117,111.05,112.01,109.81,110.70,0
SP500,19800118,110.70,111.74,109.88,111.07,0
SP500,19800121,111.07,112.90,110.66,112.10,0
SP500,19800122,112.10,113.10,110.92,111.51,0
SP500,19800123,111.51,113.93,110.93,113.44,0
SP500,19800124,113.44,115.27,112.95,113.70,0
SP500,19800125,113.70,114.45,112.36,113.61,0
SP500,19800128,113.61,115.65,112.93,114.85,0
SP500,19800129,114.85,115.77,113.03,114.07,0
SP500,19800130,114.07,115.85,113.37,115.20,0
SP500,19800131,115.20,117.17,113.78,114.16,0
SP500,19800201,114.16,115.54,113.13,115.12,0
SP500,19800204,115.12,116.01,113.83,114.37,0
SP500,19800205,114.37,115.25,112.15,114.66,0
SP500,19800206,114.66,116.57,113.65,115.72,0
SP500,19800207,115.72,117.87,115.22,116.28,0
SP500,19800208,116.28,118.66,115.72,117.95,0
SP500,19800211,117.95,119.05,116.31,117.12,0
SP500,19800212,117.12,118.41,115.75,117.90,0
SP500,19800213,117.90,120.22,117.57,118.44,0
SP500,19800214,118.44,119.30,116.04,116.72,0
SP500,19800215,116.70,116.70,114.12,115.41,0
SP500,19800219,115.41,115.67,113.35,114.60,0
SP500,19800220,114.60,117.18,114.06,116.47,0
SP500,19800221,116.47,117.90,114.44,115.28,0
SP500,19800222,115.28,116.46,113.43,115.04,0
SP500,19800225,114.93,114.93,112.62,113.33,0
SP500,19800226,113.33,114.76,112.30,113.98,0
SP500,19800227,113.98,115.12,111.91,112.38,0
SP500,19800228,112.38,113.70,111.33,112.35,0
SP500,19800229,112.35,114.12,111.77,113.66,0
SP500,19800303,113.66,114.34,112.01,112.50,0
SP500,19800304,112.50,113.41,110.83,112.78,0
SP500,19800305,112.78,113.94,110.58,111.13,0
SP500,19800306,111.13,111.29,107.85,108.65,0
SP500,19800307,108.65,108.96,105.99,106.90,0
SP500,19800310,106.90,107.86,104.92,106.51,0
SP500,19800311,106.51,108.54,106.18,107.78,0
SP500,19800312,107.78,108.40,105.42,106.87,0
SP500,19800313,106.87,107.55,105.10,105.62,0
SP500,19800314,105.62,106.49,104.01,105.43,0
SP500,19800317,105.23,105.23,101.82,102.26,0
SP500,19800318,102.26,104.71,101.14,104.10,0
SP500,19800319,104.10,105.72,103.35,104.31,0
SP500,19800320,104.31,105.17,102.52,103.12,0
SP500,19800321,103.12,103.73,101.55,102.31,0
SP500,19800324,102.18,102.18,98.88,99.28,0
SP500,19800325,99.28,100.58,97.89,99.19,0
SP500,19800326,99.19,101.22,98.10,98.68,0
SP500,19800327,98.68,99.58,94.23,98.22,0
SP500,19800328,98.22,101.43,97.72,100.68,0
SP500,19800331,100.68,102.65,100.02,102.09,0
SP500,19800401,102.09,103.28,100.85,102.18,0
SP500,19800402,102.18,103.87,101.45,102.68,0
SP500,19800403,102.68,103.34,101.31,102.15,0
SP500,19800407,102.15,102.27,99.73,100.19,0
SP500,19800408,100.19,101.88,99.23,101.20,0
SP500,19800409,101.20,103.60,101.01,103.11,0
SP500,19800410,103.11,105.00,102.81,104.08,0
SP500,19800411,104.08,105.15,103.20,103.79,0
SP500,19800414,103.79,103.92,102.08,102.84,0
SP500,19800415,102.84,103.94,101.85,102.63,0
SP500,19800416,102.63,104.42,101.13,101.54,0
SP500,19800417,101.54,102.21,100.12,101.05,0
SP500,19800418,101.05,102.07,99.97,100.55,0
SP500,19800421,100.55,101.26,98.95,99.80,0
SP500,19800422,100.81,104.02,100.81,103.43,0
SP500,19800423,103.43,105.11,102.81,103.73,0
SP500,19800424,103.73,105.43,102.93,104.40,0
SP500,19800425,104.40,105.57,103.02,105.16,0
SP500,19800428,105.16,106.79,104.64,105.64,0
SP500,19800429,105.64,106.70,104.86,105.86,0
SP500,19800430,105.86,106.72,104.50,106.29,0
SP500,19800501,106.29,106.86,104.72,105.46,0
SP500,19800502,105.46,106.25,104.61,105.58,0
SP500,19800505,105.58,106.83,104.64,106.38,0
SP500,19800506,106.38,107.83,105.36,106.25,0
SP500,19800507,106.25,108.12,105.83,107.18,0
SP500,19800508,107.18,108.02,105.50,106.13,0
SP500,19800509,106.13,106.20,104.18,104.72,0
SP500,19800512,104.72,105.48,103.50,104.78,0
SP500,19800513,104.78,106.76,104.44,106.30,0
SP500,19800514,106.30,107.89,106.00,106.85,0
SP500,19800515,106.85,107.99,106.07,106.99,0
SP500,19800516,106.99,107.89,106.25,107.35,0
SP500,19800519,107.35,108.43,106.51,107.67,0
SP500,19800520,107.67,108.39,106.75,107.62,0
SP500,19800521,107.62,108.31,106.54,107.72,0
SP500,19800522,107.72,109.73,107.34,109.01,0
SP500,19800523,109.01,111.37,109.01,110.62,0
SP500,19800527,110.62,112.30,110.35,111.40,0
SP500,19800528,111.40,112.72,110.42,112.06,0
SP500,19800529,112.06,112.64,109.86,110.27,0
SP500,19800530,110.27,111.55,108.87,111.24,0
SP500,19800602,111.24,112.15,110.06,110.76,0
SP500,19800603,110.76,111.63,109.77,110.51,0
SP500,19800604,110.51,113.45,110.22,112.61,0
SP500,19800605,112.61,114.38,111.89,112.78,0
SP500,19800606,112.78,114.01,112.11,113.20,0
SP500,19800609,113.20,114.51,112.68,113.71,0
SP500,19800610,113.71,115.50,113.17,114.66,0
SP500,19800611,114.66,116.64,114.22,116.02,0
SP500,19800612,116.02,117.01,114.28,115.52,0
SP500,19800613,115.52,116.94,114.67,115.81,0
SP500,19800616,115.81,116.80,114.78,116.09,0
SP500,19800617,116.09,117.16,115.13,116.03,0
SP500,19800618,116.03,116.84,114.77,116.26,0
SP500,19800619,116.26,116.81,114.36,114.66,0
SP500,19800620,114.66,114.90,113.12,114.06,0
SP500,19800623,114.06,115.28,113.35,114.51,0
SP500,19800624,114.51,115.75,113.76,115.14,0
SP500,19800625,115.14,117.37,115.07,116.72,0
SP500,19800626,116.72,117.98,115.58,116.19,0
SP500,19800627,116.19,116.93,115.06,116.00,0
SP500,19800630,116.00,116.04,113.55,114.24,0
SP500,19800701,114.24,115.45,113.54,114.93,0
SP500,19800702,114.93,116.44,114.36,115.68,0
SP500,19800703,115.68,117.80,115.49,117.46,0
SP500,19800707,117.46,118.85,116.96,118.29,0
SP500,19800708,118.29,119.11,117.07,117.84,0
SP500,19800709,117.84,119.52,117.10,117.98,0
SP500,19800710,117.98,118.57,116.38,116.95,0
SP500,19800711,116.95,118.38,116.29,117.84,0
SP500,19800714,117.84,120.37,117.45,120.01,0
SP500,19800715,120.01,121.56,118.85,119.30,0
SP500,19800716,119.30,120.87,118.54,119.63,0
SP500,19800717,119.63,121.84,119.43,121.44,0
SP500,19800718,121.44,123.19,120.88,122.04,0
SP500,19800721,122.04,123.15,120.85,122.51,0
SP500,19800722,122.51,123.90,121.38,122.19,0
SP500,19800723,122.19,123.26,120.93,121.93,0
SP500,19800724,121.93,122.98,120.83,121.79,0
SP500,19800725,121.79,121.96,119.94,120.78,0
SP500,19800728,120.78,122.02,119.78,121.43,0
SP500,19800729,121.43,122.99,120.76,122.40,0
SP500,19800730,122.40,123.93,121.16,122.23,0
SP500,19800731,122.23,122.34,119.40,121.67,0
SP500,19800801,121.67,122.38,120.08,121.21,0
SP500,19800804,121.21,121.63,119.42,120.98,0
SP500,19800805,120.98,122.09,119.96,120.74,0
SP500,19800806,120.74,122.01,119.94,121.55,0
SP500,19800807,121.66,123.84,121.66,123.30,0
SP500,19800808,123.30,125.23,122.82,123.61,0
SP500,19800811,123.61,125.31,122.85,124.78,0
SP500,19800812,124.78,125.78,123.29,123.79,0
SP500,19800813,123.79,124.67,122.49,123.28,0
SP500,19800814,123.28,125.62,122.68,125.25,0
SP500,19800815,125.25,126.61,124.57,125.72,0
SP500,19800818,125.28,125.28,122.82,123.39,0
SP500,19800819,123.39,124.00,121.97,122.60,0
SP500,19800820,122.60,124.27,121.91,123.77,0
SP500,19800821,123.77,125.99,123.61,125.46,0
SP500,19800822,125.46,127.78,125.18,126.02,0
SP500,19800825,126.02,126.28,124.65,125.16,0
SP500,19800826,125.16,126.29,124.01,124.84,0
SP500,19800827,124.84,124.98,122.93,123.52,0
SP500,19800828,123.52,123.91,121.61,122.08,0
SP500,19800829,122.08,123.01,121.06,122.38,0
SP500,19800902,122.38,124.36,121.79,123.74,0
SP500,19800903,123.87,126.43,123.87,126.12,0
SP500,19800904,126.12,127.70,124.42,125.42,0
SP500,19800905,125.42,126.12,124.08,124.88,0
SP500,19800908,124.88,125.67,122.78,123.31,0
SP500,19800909,123.31,124.52,121.94,124.07,0
SP500,19800910,124.07,125.95,123.60,124.81,0
SP500,19800911,124.81,126.48,124.19,125.66,0
SP500,19800912,125.66,126.75,124.72,125.54,0
SP500,19800915,125.54,126.35,124.09,125.67,0
SP500,19800916,125.67,127.78,125.15,126.74,0
SP500,19800917,126.74,129.68,126.37,128.87,0
SP500,19800918,128.87,130.38,127.63,128.40,0
SP500,19800919,128.40,130.33,127.57,129.25,0
SP500,19800922,129.25,130.99,127.89,130.40,0
SP500,19800923,130.40,132.17,128.55,129.43,0
SP500,19800924,129.43,131.34,128.45,130.37,0
SP500,19800925,130.37,131.53,128.13,128.72,0
SP500,19800926,128.17,128.17,125.29,126.35,0
SP500,19800929,125.41,125.41,122.87,123.54,0
SP500,19800930,123.54,126.09,123.54,125.46,0
SP500,19801001,125.46,127.88,124.66,127.13,0
SP500,19801002,127.13,128.82,126.04,128.09,0
SP500,19801003,128.09,130.44,127.65,129.33,0
SP500,19801006,129.35,132.38,129.35,131.73,0
SP500,19801007,131.73,132.88,130.10,131.00,0
SP500,19801008,131.00,132.78,130.28,131.65,0
SP500,19801009,131.65,132.65,130.25,131.04,0
SP500,19801010,131.04,132.15,129.58,130.29,0
SP500,19801013,130.29,132.46,129.37,132.03,0
SP500,19801014,132.03,133.57,131.16,132.02,0
SP500,19801015,132.02,134.35,131.59,133.70,0
SP500,19801016,133.70,135.88,131.64,132.22,0
SP500,19801017,132.22,133.07,130.22,131.52,0
SP500,19801020,131.52,133.21,130.04,132.61,0
SP500,19801021,132.61,134.01,130.78,131.84,0
SP500,19801022,131.84,132.97,130.62,131.92,0
SP500,19801023,131.92,132.54,128.87,129.53,0
SP500,19801024,129.53,130.55,128.04,129.85,0
SP500,19801027,129.85,129.94,127.34,127.88,0
SP500,19801028,127.88,128.86,126.36,128.05,0
SP500,19801029,128.05,129.91,127.07,127.91,0
SP500,19801030,127.91,128.71,125.78,126.29,0
SP500,19801031,126.29,128.24,125.29,127.47,0
SP500,19801103,127.47,129.85,127.23,129.04,0
SP500,19801105,130.77,135.65,130.77,131.33,0
SP500,19801106,131.30,131.30,128.23,128.91,0
SP500,19801107,128.91,130.08,127.74,129.18,0
SP500,19801110,129.18,130.51,128.19,129.48,0
SP500,19801111,129.48,132.30,129.48,131.26,0
SP500,19801112,131.33,135.12,131.33,134.59,0
SP500,19801113,134.59,137.21,134.12,136.49,0
SP500,19801114,136.49,138.96,135.12,137.15,0
SP500,19801117,137.15,138.46,134.90,137.75,0
SP500,19801118,137.91,140.92,137.91,139.70,0
SP500,19801119,139.70,141.76,138.06,139.06,0
SP500,19801120,139.06,141.24,137.79,140.40,0
SP500,19801121,140.40,141.24,138.10,139.11,0
SP500,19801124,139.11,139.36,136.36,138.31,0
SP500,19801125,138.31,140.83,137.42,139.33,0
SP500,19801126,139.33,141.96,138.60,140.17,0
SP500,19801128,140.17,141.54,139.00,140.52,0
SP500,19801201,140.52,140.66,136.75,137.21,0
SP500,19801202,137.21,138.11,134.37,136.97,0
SP500,19801203,136.97,138.09,135.43,136.71,0
SP500,19801204,136.71,138.40,135.09,136.48,0
SP500,19801205,136.37,136.37,132.91,134.03,0
SP500,19801208,133.19,133.19,129.71,130.61,0
SP500,19801209,130.61,131.92,128.77,130.48,0
SP500,19801210,130.48,131.99,127.94,128.26,0
SP500,19801211,128.26,128.73,125.32,127.36,0
SP500,19801212,127.36,129.98,127.15,129.23,0
SP500,19801215,129.23,131.33,128.64,129.45,0
SP500,19801216,129.45,131.22,128.33,130.60,0
SP500,19801217,130.60,133.59,130.22,132.89,0
SP500,19801218,132.89,135.90,131.89,133.00,0
SP500,19801219,133.00,134.00,131.80,133.70,0
SP500,19801222,133.70,136.68,132.88,135.78,0
SP500,19801223,135.78,137.48,134.01,135.30,0
SP500,19801224,135.30,136.55,134.15,135.88,0
SP500,19801226,135.88,137.02,135.20,136.57,0
SP500,19801229,136.57,137.51,134.36,135.03,0
SP500,19801230,135.03,136.51,134.04,135.33,0
SP500,19801231,135.33,136.76,134.29,135.76,0
SP500,19810102,135.76,137.10,134.61,136.34,0
SP500,19810105,136.34,139.24,135.86,137.97,0
SP500,19810106,137.97,140.32,135.78,138.12,0
SP500,19810107,136.02,136.02,132.30,135.08,0
SP500,19810108,135.08,136.10,131.96,133.06,0
SP500,19810109,133.06,134.76,131.71,133.48,0
SP500,19810112,133.48,135.88,132.79,133.52,0
SP500,19810113,133.52,134.27,131.69,133.29,0
SP500,19810114,133.29,135.25,132.65,133.47,0
SP500,19810115,133.47,135.15,132.44,134.22,0
SP500,19810116,134.22,135.91,133.35,134.77,0
SP500,19810119,134.77,135.86,133.51,134.37,0
SP500,19810120,134.37,135.30,131.26,131.65,0
SP500,19810121,131.65,132.48,129.93,131.36,0
SP500,19810122,131.36,132.08,129.23,130.26,0
SP500,19810123,130.26,131.34,129.00,130.23,0
SP500,19810126,130.23,131.18,128.57,129.84,0
SP500,19810127,129.84,131.95,129.32,131.12,0
SP500,19810128,131.12,132.41,129.82,130.34,0
SP500,19810129,130.34,131.78,128.97,130.24,0
SP500,19810130,130.24,131.65,128.61,129.55,0
SP500,19810202,129.48,129.48,125.82,126.91,0
SP500,19810203,126.91,128.92,125.89,128.46,0
SP500,19810204,128.46,129.71,127.29,128.59,0
SP500,19810205,128.59,130.49,127.99,129.63,0
SP500,19810206,129.63,131.81,129.03,130.60,0
SP500,19810209,130.60,131.39,128.61,129.27,0
SP500,19810210,129.27,130.19,128.05,129.24,0
SP500,19810211,129.24,129.92,127.60,128.24,0
SP500,19810212,128.24,128.95,126.78,127.48,0
SP500,19810213,127.48,128.34,126.04,126.98,0
SP500,19810217,126.98,128.75,126.43,127.81,0
SP500,19810218,127.81,129.25,127.09,128.48,0
SP500,19810219,128.48,129.07,125.98,126.61,0
SP500,19810220,126.61,127.65,124.66,126.58,0
SP500,19810223,126.58,128.28,125.69,127.35,0
SP500,19810224,127.35,128.76,126.49,127.39,0
SP500,19810225,127.39,129.21,125.77,128.52,0
SP500,19810226,128.52,130.93,128.02,130.10,0
SP500,19810227,130.10,132.02,129.35,131.27,0
SP500,19810302,131.27,132.96,130.15,132.01,0
SP500,19810303,132.01,132.72,129.66,130.56,0
SP500,19810304,130.56,132.07,129.57,130.86,0
SP500,19810305,130.86,131.82,129.25,129.93,0
SP500,19810306,129.93,131.18,128.56,129.85,0
SP500,19810309,129.85,131.94,129.39,131.12,0
SP500,19810310,131.12,132.64,129.72,130.46,0
SP500,19810311,130.46,131.20,128.72,129.95,0
SP500,19810312,129.95,133.56,129.76,133.19,0
SP500,19810313,133.19,135.53,132.39,133.11,0
SP500,19810316,133.11,135.35,132.10,134.68,0
SP500,19810317,134.68,136.09,132.80,133.92,0
SP500,19810318,133.92,135.66,132.80,134.22,0
SP500,19810319,134.22,135.37,132.37,133.46,0
SP500,19810320,133.46,135.29,132.50,134.08,0
SP500,19810323,134.08,136.50,133.41,135.69,0
SP500,19810324,135.69,137.40,134.10,134.67,0
SP500,19810325,134.67,137.32,133.92,137.11,0
SP500,19810326,137.11,138.38,135.29,136.27,0
SP500,19810327,136.27,136.89,133.91,134.65,0
SP500,19810330,134.65,135.87,133.51,134.28,0
SP500,19810331,134.68,137.15,134.68,136.00,0
SP500,19810401,136.00,137.56,135.04,136.57,0
SP500,19810402,136.57,137.72,135.16,136.32,0
SP500,19810403,136.32,137.04,134.67,135.49,0
SP500,19810406,135.49,135.61,132.91,133.93,0
SP500,19810407,133.93,135.27,132.96,133.91,0
SP500,19810408,133.91,135.34,133.26,134.31,0
SP500,19810409,134.31,135.80,132.59,134.67,0
SP500,19810410,134.67,136.23,133.18,134.51,0
SP500,19810413,134.51,134.91,132.24,133.15,0
SP500,19810414,133.15,134.03,131.58,132.68,0
SP500,19810415,132.68,134.79,132.20,134.17,0
SP500,19810416,134.17,135.82,133.43,134.70,0
SP500,19810420,134.70,136.25,133.19,135.45,0
SP500,19810421,135.45,136.38,133.49,134.23,0
SP500,19810422,134.23,135.54,132.72,134.14,0
SP500,19810423,134.14,135.90,132.90,133.94,0
SP500,19810424,133.94,136.00,132.88,135.14,0
SP500,19810427,135.14,136.56,134.13,135.48,0
SP500,19810428,135.48,136.09,133.10,134.33,0
SP500,19810429,134.33,134.69,131.82,133.05,0
SP500,19810430,133.05,134.44,131.85,132.81,0
SP500,19810501,132.81,134.17,131.43,132.72,0
SP500,19810504,131.78,131.78,129.61,130.67,0
SP500,19810505,130.67,131.33,128.93,130.32,0
SP500,19810506,130.32,132.38,130.09,130.78,0
SP500,19810507,130.78,132.41,130.21,131.67,0
SP500,19810508,131.67,132.69,130.84,131.66,0
SP500,19810511,131.66,132.23,129.11,129.71,0
SP500,19810512,129.71,131.17,128.78,130.72,0
SP500,19810513,130.72,131.96,129.53,130.55,0
SP500,19810514,130.55,132.15,129.91,131.28,0
SP500,19810515,131.28,133.21,130.75,132.17,0
SP500,19810518,132.17,133.65,131.49,132.54,0
SP500,19810519,132.54,133.22,130.78,132.09,0
SP500,19810520,132.09,133.03,130.59,132.00,0
SP500,19810521,132.00,133.03,130.70,131.75,0
SP500,19810522,131.75,132.65,130.42,131.33,0
SP500,19810526,131.33,133.30,130.64,132.77,0
SP500,19810527,132.77,134.65,131.85,133.77,0
SP500,19810528,133.77,134.92,132.00,133.45,0
SP500,19810529,133.45,134.36,131.52,132.59,0
SP500,19810601,132.59,134.62,131.49,132.41,0
SP500,19810602,132.41,132.96,129.84,130.62,0
SP500,19810603,130.62,131.37,128.77,130.71,0
SP500,19810604,130.71,132.21,129.72,130.96,0
SP500,19810605,130.96,132.98,130.17,132.22,0
SP500,19810608,132.22,133.68,131.29,132.24,0
SP500,19810609,132.24,133.30,130.94,131.97,0
SP500,19810610,131.97,133.49,131.04,132.32,0
SP500,19810611,132.32,134.31,131.58,133.75,0
SP500,19810612,133.75,135.09,132.40,133.49,0
SP500,19810615,133.49,135.67,132.78,133.61,0
SP500,19810616,133.61,134.00,131.29,132.15,0
SP500,19810617,132.15,133.98,130.81,133.32,0
SP500,19810618,133.32,133.98,130.94,131.64,0
SP500,19810619,131.64,133.27,130.49,132.27,0
SP500,19810622,132.27,133.54,131.10,131.95,0
SP500,19810623,131.95,133.98,131.16,133.35,0
SP500,19810624,133.35,133.90,131.65,132.66,0
SP500,19810625,132.66,134.30,131.78,132.81,0
SP500,19810626,132.81,133.75,131.71,132.56,0
SP500,19810629,132.56,133.50,131.20,131.89,0
SP500,19810630,131.89,132.67,130.31,131.21,0
SP500,19810701,131.21,131.69,129.04,129.77,0
SP500,19810702,129.77,130.48,127.84,128.64,0
SP500,19810706,128.64,128.99,126.44,127.37,0
SP500,19810707,127.37,129.60,126.39,128.24,0
SP500,19810708,128.24,129.57,126.95,128.32,0
SP500,19810709,128.32,130.08,127.57,129.30,0
SP500,19810710,129.30,130.43,128.38,129.37,0
SP500,19810713,129.37,130.82,128.79,129.64,0
SP500,19810714,129.64,130.78,128.14,129.65,0
SP500,19810715,129.65,131.59,128.89,130.23,0
SP500,19810716,130.23,131.41,129.30,130.34,0
SP500,19810717,130.34,131.60,129.49,130.76,0
SP500,19810720,130.60,130.60,127.98,128.72,0
SP500,19810721,128.72,129.60,127.08,128.34,0
SP500,19810722,128.34,129.72,126.70,127.13,0
SP500,19810723,127.13,128.26,125.96,127.40,0
SP500,19810724,127.40,129.31,127.11,128.46,0
SP500,19810727,128.46,130.61,128.43,129.90,0
SP500,19810728,129.90,130.44,128.28,129.14,0
SP500,19810729,129.14,130.09,128.37,129.16,0
SP500,19810730,129.16,130.68,128.56,130.01,0
SP500,19810731,130.01,131.78,129.60,130.92,0
SP500,19810803,130.92,131.74,129.42,130.48,0
SP500,19810804,130.48,131.66,129.43,131.18,0
SP500,19810805,131.18,133.39,130.76,132.67,0
SP500,19810806,132.67,134.04,131.74,132.64,0
SP500,19810807,132.64,133.04,130.96,131.75,0
SP500,19810810,131.75,133.32,130.83,132.54,0
SP500,19810811,132.54,134.63,132.09,133.85,0
SP500,19810812,133.85,135.18,132.73,133.40,0
SP500,19810813,133.40,134.58,132.53,133.51,0
SP500,19810814,133.51,134.33,131.91,132.49,0
SP500,19810817,132.49,133.02,130.75,131.22,0
SP500,19810818,131.22,131.73,129.10,130.11,0
SP500,19810819,130.11,131.20,128.99,130.49,0
SP500,19810820,130.49,131.74,129.84,130.69,0
SP500,19810821,130.69,131.06,128.70,129.23,0
SP500,19810824,128.59,128.59,125.02,125.50,0
SP500,19810825,125.50,125.77,123.00,125.13,0
SP500,19810826,125.13,126.17,123.99,124.96,0
SP500,19810827,124.96,125.31,122.90,123.51,0
SP500,19810828,123.51,125.09,122.85,124.08,0
SP500,19810831,124.08,125.58,122.29,122.79,0
SP500,19810901,122.79,123.92,121.59,123.02,0
SP500,19810902,123.02,124.58,122.54,123.49,0
SP500,19810903,123.49,124.16,120.82,121.24,0
SP500,19810904,121.24,121.54,119.24,120.07,0
SP500,19810908,120.07,120.12,116.85,117.98,0
SP500,19810909,117.98,119.49,116.87,118.40,0
SP500,19810910,118.40,122.18,118.33,120.14,0
SP500,19810911,120.14,122.13,119.29,121.61,0
SP500,19810914,121.61,122.00,119.67,120.66,0
SP500,19810915,120.66,121.77,119.27,119.77,0
SP500,19810916,119.77,120.00,117.89,118.87,0
SP500,19810917,118.87,119.87,116.63,117.15,0
SP500,19810918,117.15,117.69,115.18,116.26,0
SP500,19810921,116.26,118.07,115.04,117.24,0
SP500,19810922,117.24,118.19,115.93,116.68,0
SP500,19810923,116.68,116.68,113.60,115.65,0
SP500,19810924,115.65,117.47,114.32,115.01,0
SP500,19810925,114.69,114.69,111.64,112.77,0
SP500,19810928,112.77,115.83,110.19,115.53,0
SP500,19810929,115.53,117.75,114.75,115.94,0
SP500,19810930,115.94,117.05,114.60,116.18,0
SP500,19811001,116.18,117.66,115.00,117.08,0
SP500,19811002,117.08,120.16,117.07,119.36,0
SP500,19811005,119.36,121.54,118.61,119.51,0
SP500,19811006,119.51,121.39,118.08,119.39,0
SP500,19811007,119.39,121.87,119.09,121.31,0
SP500,19811008,121.31,123.08,120.23,122.31,0
SP500,19811009,122.31,123.28,120.63,121.45,0
SP500,19811012,121.45,122.37,120.17,121.21,0
SP500,19811013,121.21,122.37,119.96,120.78,0
SP500,19811014,120.78,120.97,118.38,118.80,0
SP500,19811015,118.80,120.58,118.01,119.71,0
SP500,19811016,119.71,120.46,118.38,119.19,0
SP500,19811019,119.19,119.85,117.58,118.98,0
SP500,19811020,118.98,121.29,118.78,120.28,0
SP500,19811021,120.28,121.94,119.35,120.10,0
SP500,19811022,120.10,120.78,118.48,119.64,0
SP500,19811023,119.64,119.92,117.78,118.60,0
SP500,19811026,118.60,119.00,116.81,118.16,0
SP500,19811027,118.16,120.43,117.80,119.29,0
SP500,19811028,119.29,120.96,118.39,119.45,0
SP500,19811029,119.45,120.37,118.14,119.06,0
SP500,19811030,119.06,122.53,118.43,121.89,0
SP500,19811102,122.35,125.14,122.35,124.20,0
SP500,19811103,124.20,125.52,123.14,124.80,0
SP500,19811104,124.80,126.00,123.64,124.74,0
SP500,19811105,124.74,125.80,122.98,123.54,0
SP500,19811106,123.54,124.03,121.85,122.67,0
SP500,19811109,122.67,124.13,121.59,123.29,0
SP500,19811110,123.29,124.69,122.01,122.70,0
SP500,19811111,122.70,123.82,121.51,122.92,0
SP500,19811112,122.92,124.71,122.19,123.19,0
SP500,19811113,123.19,123.61,121.06,121.67,0
SP500,19811116,121.64,121.64,119.13,120.24,0
SP500,19811117,120.24,121.78,119.50,121.15,0
SP500,19811118,121.15,121.66,119.61,120.26,0
SP500,19811119,120.26,121.67,119.42,120.71,0
SP500,19811120,120.71,122.59,120.13,121.71,0
SP500,19811123,121.71,123.09,120.76,121.60,0
SP500,19811124,121.60,124.04,121.22,123.51,0
SP500,19811125,123.51,125.29,123.07,124.05,0
SP500,19811127,124.05,125.71,123.63,125.09,0
SP500,19811130,125.09,126.97,124.18,126.35,0
SP500,19811201,126.35,127.30,124.84,126.10,0
SP500,19811202,126.10,126.45,124.18,124.69,0
SP500,19811203,124.69,125.84,123.63,125.12,0
SP500,19811204,125.12,127.32,125.12,126.26,0
SP500,19811207,126.26,126.91,124.67,125.19,0
SP500,19811208,125.19,125.75,123.52,124.82,0
SP500,19811209,124.82,126.08,124.09,125.48,0
SP500,19811210,125.48,126.54,124.60,125.71,0
SP500,19811211,125.71,126.26,124.32,124.93,0
SP500,19811214,124.37,124.37,122.17,122.78,0
SP500,19811215,122.78,123.78,121.83,122.99,0
SP500,19811216,122.99,123.66,121.73,122.42,0
SP500,19811217,122.42,123.79,121.82,123.12,0
SP500,19811218,123.12,124.87,122.56,124.00,0
SP500,19811221,124.00,124.71,122.67,123.34,0
SP500,19811222,123.34,124.17,122.19,122.88,0
SP500,19811223,122.88,123.59,121.58,122.31,0
SP500,19811224,122.31,123.06,121.57,122.54,0
SP500,19811228,122.54,123.36,121.73,122.27,0
SP500,19811229,122.27,122.90,121.12,121.67,0
SP500,19811230,121.67,123.11,121.04,122.30,0
SP500,19811231,122.30,123.42,121.57,122.55,0
SP500,19820104,122.55,123.72,121.48,122.74,0
SP500,19820105,122.61,122.61,119.57,120.05,0
SP500,19820106,120.05,120.45,117.99,119.18,0
SP500,19820107,119.18,119.88,117.70,118.93,0
SP500,19820108,118.93,120.59,118.55,119.55,0
SP500,19820111,119.55,120.34,116.47,116.78,0
SP500,19820112,116.78,117.49,115.18,116.30,0
SP500,19820113,116.30,117.46,114.24,114.88,0
SP500,19820114,114.88,116.30,114.07,115.54,0
SP500,19820115,115.54,117.14,115.10,116.33,0
SP500,19820118,116.33,117.69,114.85,117.22,0
SP500,19820119,117.22,118.15,115.52,115.97,0
SP500,19820120,115.97,116.64,114.29,115.27,0
SP500,19820121,115.27,116.92,114.60,115.75,0
SP500,19820122,115.75,116.53,114.58,115.38,0
SP500,19820125,115.38,115.93,113.63,115.41,0
SP500,19820126,115.41,116.60,114.49,115.19,0
SP500,19820127,115.19,116.60,114.38,115.74,0
SP500,19820128,116.10,119.35,116.10,118.92,0
SP500,19820129,118.92,121.38,118.64,120.40,0
SP500,19820201,119.81,119.81,117.14,117.78,0
SP500,19820202,117.78,119.15,116.91,118.01,0
SP500,19820203,118.01,118.67,116.04,116.48,0
SP500,19820204,116.48,117.49,114.88,116.42,0
SP500,19820205,116.42,118.26,115.74,117.26,0
SP500,19820208,117.04,117.04,114.20,114.63,0
SP500,19820209,114.63,115.15,112.82,113.68,0
SP500,19820210,113.68,115.62,113.45,114.66,0
SP500,19820211,114.66,115.59,113.41,114.43,0
SP500,19820212,114.43,115.39,113.70,114.38,0
SP500,19820216,114.38,114.63,112.06,114.06,0
SP500,19820217,114.06,115.09,112.97,113.69,0
SP500,19820218,113.69,115.04,112.97,113.82,0
SP500,19820219,113.82,114.58,112.33,113.22,0
SP500,19820222,113.22,114.90,111.20,111.59,0
SP500,19820223,111.59,112.46,110.03,111.51,0
SP500,19820224,111.51,113.88,110.71,113.47,0
SP500,19820225,113.47,114.86,112.44,113.21,0
SP500,19820226,113.21,114.01,112.04,113.11,0
SP500,19820301,113.11,114.32,111.86,113.31,0
SP500,19820302,113.31,114.80,112.03,112.68,0
SP500,19820303,112.51,112.51,109.98,110.92,0
SP500,19820304,110.92,111.78,108.77,109.88,0
SP500,19820305,109.88,110.90,108.31,109.34,0
SP500,19820308,109.34,111.06,107.03,107.34,0
SP500,19820309,107.34,109.88,106.17,108.83,0
SP500,19820310,108.83,110.98,108.09,109.41,0
SP500,19820311,109.41,110.87,108.38,109.36,0
SP500,19820312,109.36,109.72,104.46,108.61,0
SP500,19820315,108.61,109.99,107.47,109.45,0
SP500,19820316,109.45,110.92,108.57,109.28,0
SP500,19820317,109.28,110.10,108.11,109.08,0
SP500,19820318,109.08,111.02,108.85,110.30,0
SP500,19820319,110.30,111.59,109.64,110.61,0
SP500,19820322,110.71,113.35,110.71,112.77,0
SP500,19820323,112.77,114.51,112.29,113.55,0
SP500,19820324,113.55,114.31,112.23,112.97,0
SP500,19820325,112.97,114.26,112.02,113.21,0
SP500,19820326,113.21,113.43,111.26,111.94,0
SP500,19820329,111.94,112.82,110.90,112.30,0
SP500,19820330,112.30,113.09,111.30,112.27,0
SP500,19820331,112.27,113.17,111.32,111.96,0
SP500,19820401,111.96,114.22,111.48,113.79,0
SP500,19820402,113.79,115.79,113.65,115.12,0
SP500,19820405,115.12,115.90,113.94,114.73,0
SP500,19820406,114.73,115.92,113.70,115.36,0
SP500,19820407,115.36,116.45,114.58,115.46,0
SP500,19820408,115.46,116.94,114.94,116.22,0
SP500,19820412,116.22,117.02,115.16,116.00,0
SP500,19820413,116.00,117.12,115.16,115.99,0
SP500,19820414,115.99,116.69,114.80,115.83,0
SP500,19820415,115.83,116.86,115.02,116.35,0
SP500,19820416,116.35,117.70,115.68,116.81,0
SP500,19820419,116.81,118.16,115.83,116.70,0
SP500,19820420,115.80,117.14,114.83,115.44,0
SP500,19820421,115.48,115.87,115.30,115.72,0
SP500,19820422,115.72,117.25,115.72,117.19,0
SP500,19820423,118.02,118.64,117.19,118.64,0
SP500,19820426,118.94,119.33,118.25,119.26,0
SP500,19820427,119.07,119.26,117.73,118.00,0
SP500,19820428,117.83,118.05,116.94,117.26,0
SP500,19820429,116.40,117.24,116.11,116.14,0
SP500,19820430,116.21,116.78,116.07,116.44,0
SP500,19820503,115.96,116.82,115.91,116.82,0
SP500,19820504,117.41,117.64,116.85,117.46,0
SP500,19820505,117.85,118.05,117.31,117.67,0
SP500,19820506,118.82,118.83,117.68,118.68,0
SP500,19820507,119.08,119.89,118.71,119.47,0
SP500,19820510,119.08,119.49,118.37,118.38,0
SP500,19820511,118.54,119.59,118.32,119.42,0
SP500,19820512,119.89,119.92,118.76,119.17,0
SP500,19820513,119.08,119.20,118.13,118.22,0
SP500,19820514,118.20,118.40,118.01,118.01,0
SP500,19820517,117.62,118.02,116.66,116.71,0
SP500,19820518,116.35,116.70,115.71,115.84,0
SP500,19820519,115.61,115.96,114.82,114.89,0
SP500,19820520,114.85,115.07,114.37,114.59,0
SP500,19820521,115.03,115.13,114.60,114.89,0
SP500,19820524,114.46,114.86,114.24,114.79,0
SP500,19820525,115.50,115.51,114.40,114.40,0
SP500,19820526,113.68,114.40,112.88,113.11,0
SP500,19820527,113.11,113.12,112.58,112.66,0
SP500,19820528,112.79,112.80,111.66,111.88,0
SP500,19820601,111.97,112.07,111.66,111.68,0
SP500,19820602,111.74,112.19,111.55,112.04,0
SP500,19820603,112.04,112.48,111.45,111.86,0
SP500,19820604,111.66,111.85,110.02,110.09,0
SP500,19820607,109.59,110.59,109.42,110.12,0
SP500,19820608,110.33,110.33,109.60,109.63,0
SP500,19820609,109.46,109.63,108.53,108.99,0
SP500,19820610,109.35,109.70,108.96,109.61,0
SP500,19820611,111.11,111.48,109.65,111.24,0
SP500,19820614,110.50,111.22,109.90,109.96,0
SP500,19820615,109.63,109.96,108.98,109.69,0
SP500,19820616,110.10,110.13,108.82,108.87,0
SP500,19820617,108.01,108.85,107.48,107.60,0
SP500,19820618,107.60,107.60,107.07,107.28,0
SP500,19820621,107.28,107.88,107.01,107.20,0
SP500,19820622,107.25,108.30,107.17,108.30,0
SP500,19820623,108.59,110.14,108.09,110.14,0
SP500,19820624,110.25,110.92,109.79,109.83,0
SP500,19820625,109.56,109.83,109.09,109.14,0
SP500,19820628,109.30,110.45,109.17,110.26,0
SP500,19820629,110.26,110.57,109.68,110.21,0
SP500,19820630,110.95,111.00,109.50,109.61,0
SP500,19820701,109.52,109.63,108.62,108.71,0
SP500,19820702,108.10,108.71,107.60,107.65,0
SP500,19820706,107.27,107.67,106.74,107.29,0
SP500,19820707,107.08,107.61,106.99,107.22,0
SP500,19820708,106.85,107.53,105.57,107.53,0
SP500,19820709,108.23,108.97,107.56,108.83,0
SP500,19820712,109.48,109.62,108.89,109.57,0
SP500,19820713,109.19,110.07,109.19,109.45,0
SP500,19820714,109.68,110.44,109.08,110.44,0
SP500,19820715,110.83,110.95,110.27,110.47,0
SP500,19820716,110.16,111.48,110.16,111.07,0
SP500,19820719,111.75,111.78,110.66,110.73,0
SP500,19820720,111.11,111.56,110.35,111.54,0
SP500,19820721,112.15,112.39,111.38,111.42,0
SP500,19820722,110.95,112.02,110.94,111.48,0
SP500,19820723,111.46,111.58,111.05,111.17,0
SP500,19820726,110.66,111.16,110.29,110.36,0
SP500,19820727,110.26,110.35,109.36,109.43,0
SP500,19820728,109.42,109.42,107.53,107.74,0
SP500,19820729,107.42,107.92,106.62,107.72,0
SP500,19820730,107.35,107.95,107.01,107.09,0
SP500,19820802,107.71,109.09,107.11,108.98,0
SP500,19820803,108.98,109.43,107.81,107.83,0
SP500,19820804,107.83,107.83,106.11,106.14,0
SP500,19820805,106.10,106.10,104.76,105.16,0
SP500,19820806,105.16,105.16,103.67,103.71,0
SP500,19820809,103.69,103.69,102.20,103.08,0
SP500,19820810,103.11,103.84,102.82,102.84,0
SP500,19820811,102.83,103.01,102.48,102.60,0
SP500,19820812,102.60,103.22,102.39,102.42,0
SP500,19820813,102.42,103.85,102.40,103.85,0
SP500,19820816,103.86,105.52,103.86,104.09,0
SP500,19820817,105.40,109.04,104.09,109.04,0
SP500,19820818,109.04,111.58,108.46,108.54,0
SP500,19820819,108.53,109.86,108.34,109.16,0
SP500,19820820,109.19,113.02,109.19,113.02,0
SP500,19820823,113.02,116.11,112.65,116.11,0
SP500,19820824,116.11,116.39,115.08,115.35,0
SP500,19820825,115.35,118.12,115.11,117.58,0
SP500,19820826,117.57,120.26,117.57,118.55,0
SP500,19820827,117.38,118.56,116.63,117.11,0
SP500,19820830,117.05,117.66,115.79,117.66,0
SP500,19820831,117.65,119.60,117.65,119.51,0
SP500,19820901,119.52,120.05,117.98,118.25,0
SP500,19820902,118.24,120.32,117.84,120.29,0
SP500,19820903,120.31,123.64,120.31,122.68,0
SP500,19820907,122.68,122.68,121.19,121.37,0
SP500,19820908,121.33,123.11,121.19,122.20,0
SP500,19820909,122.19,123.22,121.90,121.97,0
SP500,19820910,121.97,121.98,120.27,120.97,0
SP500,19820913,120.94,122.24,120.25,122.24,0
SP500,19820914,122.27,123.69,122.27,123.10,0
SP500,19820915,123.09,124.81,122.72,124.29,0
SP500,19820916,124.28,124.88,123.65,123.77,0
SP500,19820917,123.76,123.76,122.34,122.55,0
SP500,19820920,122.54,122.54,121.48,122.51,0
SP500,19820921,122.51,124.91,122.51,124.88,0
SP500,19820922,124.90,126.43,123.99,123.99,0
SP500,19820923,123.99,124.19,122.96,123.81,0
SP500,19820924,123.79,123.80,123.11,123.32,0
SP500,19820927,123.32,123.62,122.75,123.62,0
SP500,19820928,123.62,124.16,123.21,123.24,0
SP500,19820929,123.24,123.24,121.28,121.63,0
SP500,19820930,121.62,121.62,120.14,120.42,0
SP500,19821001,120.40,121.97,120.15,121.97,0
SP500,19821004,121.97,121.97,120.56,121.51,0
SP500,19821005,121.60,122.73,121.60,121.98,0
SP500,19821006,122.00,125.97,122.00,125.97,0
SP500,19821007,125.99,128.96,125.99,128.80,0
SP500,19821008,128.79,131.11,128.79,131.05,0
SP500,19821011,131.06,135.53,131.06,134.47,0
SP500,19821012,134.48,135.85,133.59,134.44,0
SP500,19821013,134.42,137.97,134.14,136.71,0
SP500,19821014,136.71,136.89,134.55,134.57,0
SP500,19821015,134.55,134.61,133.28,133.57,0
SP500,19821018,133.59,136.73,133.59,136.73,0
SP500,19821019,136.73,137.96,135.72,136.58,0
SP500,19821020,136.58,139.23,136.37,139.23,0
SP500,19821021,139.23,140.27,137.63,139.06,0
SP500,19821022,139.06,140.40,138.75,138.83,0
SP500,19821025,138.81,138.81,133.32,133.32,0
SP500,19821026,133.29,134.48,131.50,134.48,0
SP500,19821027,134.48,135.92,134.48,135.29,0
SP500,19821028,135.28,135.42,133.59,133.59,0
SP500,19821029,133.54,134.02,132.64,133.72,0
SP500,19821101,133.72,136.03,133.22,135.47,0
SP500,19821102,135.48,138.51,135.48,137.49,0
SP500,19821103,137.53,142.88,137.53,142.87,0
SP500,19821104,142.85,143.99,141.65,141.85,0
SP500,19821105,141.85,142.43,141.32,142.16,0
SP500,19821108,142.12,142.12,139.98,140.44,0
SP500,19821109,140.48,143.16,140.46,143.02,0
SP500,19821110,143.04,144.36,140.80,141.16,0
SP500,19821111,141.15,141.75,139.88,141.75,0
SP500,19821112,141.75,141.85,139.53,139.53,0
SP500,19821115,139.54,139.54,137.00,137.03,0
SP500,19821116,136.97,136.97,134.05,135.42,0
SP500,19821117,135.47,137.93,135.47,137.93,0
SP500,19821118,137.93,138.78,137.47,138.34,0
SP500,19821119,138.35,138.93,137.00,137.02,0
SP500,19821122,137.03,137.10,134.21,134.22,0
SP500,19821123,134.21,134.28,132.89,132.93,0
SP500,19821124,132.92,133.88,132.92,133.88,0
SP500,19821126,133.89,134.88,133.89,134.88,0
SP500,19821129,134.89,135.29,133.69,134.20,0
SP500,19821130,134.20,138.53,134.19,138.53,0
SP500,19821201,138.56,140.37,138.35,138.72,0
SP500,19821202,138.72,139.63,138.66,138.82,0
SP500,19821203,138.87,139.59,138.59,138.69,0
SP500,19821206,138.70,141.77,138.01,141.77,0
SP500,19821207,141.79,143.68,141.79,142.72,0
SP500,19821208,142.71,143.58,141.82,141.82,0
SP500,19821209,141.80,141.80,139.92,140.00,0
SP500,19821210,139.99,141.15,139.35,139.57,0
SP500,19821213,139.57,140.12,139.50,139.95,0
SP500,19821214,139.99,142.50,137.34,137.40,0
SP500,19821215,137.40,137.40,135.12,135.24,0
SP500,19821216,135.22,135.78,134.79,135.30,0
SP500,19821217,135.35,137.71,135.35,137.49,0
SP500,19821220,137.49,137.84,136.19,136.25,0
SP500,19821221,136.24,139.27,136.07,138.61,0
SP500,19821222,138.63,139.69,138.60,138.83,0
SP500,19821223,138.84,139.94,138.84,139.72,0
SP500,19821227,139.73,142.32,139.72,142.17,0
SP500,19821228,142.18,142.34,140.75,140.77,0
SP500,19821229,140.77,141.73,140.68,141.24,0
SP500,19821230,141.24,141.68,140.22,140.33,0
SP500,19821231,140.34,140.78,140.27,140.64,0
SP500,19830103,140.65,141.33,138.20,138.34,0
SP500,19830104,138.33,141.36,138.08,141.36,0
SP500,19830105,141.35,142.60,141.15,141.96,0
SP500,19830106,142.01,145.77,142.01,145.27,0
SP500,19830107,145.27,146.46,145.15,145.18,0
SP500,19830110,145.19,147.25,144.58,146.78,0
SP500,19830111,146.79,146.83,145.38,145.78,0
SP500,19830112,145.76,148.36,145.76,146.69,0
SP500,19830113,146.67,146.94,145.67,145.73,0
SP500,19830114,145.72,147.12,145.72,146.65,0
SP500,19830117,146.65,147.90,146.64,146.72,0
SP500,19830118,146.71,146.74,145.52,146.40,0
SP500,19830119,146.40,146.45,144.51,145.27,0
SP500,19830120,145.29,146.62,145.29,146.29,0
SP500,19830121,146.30,146.30,143.25,143.85,0
SP500,19830124,143.84,143.84,139.10,139.97,0
SP500,19830125,139.98,141.75,139.98,141.75,0
SP500,19830126,141.77,142.16,141.16,141.54,0
SP500,19830127,141.54,144.30,141.54,144.27,0
SP500,19830128,144.31,145.47,144.25,144.51,0
SP500,19830131,144.51,145.30,143.93,145.30,0
SP500,19830201,145.29,145.29,142.96,142.96,0
SP500,19830202,142.95,143.52,141.90,143.23,0
SP500,19830203,143.25,144.43,143.25,144.26,0
SP500,19830204,144.26,146.14,144.14,146.14,0
SP500,19830207,146.14,147.42,146.14,146.93,0
SP500,19830208,146.93,147.21,145.52,145.70,0
SP500,19830209,145.70,145.83,144.09,145.00,0
SP500,19830210,145.04,147.75,145.04,147.50,0
SP500,19830211,147.51,148.81,147.18,147.65,0
SP500,19830214,147.71,149.14,147.40,148.93,0
SP500,19830215,148.94,149.41,148.13,148.30,0
SP500,19830216,148.31,148.66,147.41,147.43,0
SP500,19830217,147.43,147.57,143.84,147.44,0
SP500,19830218,147.44,148.29,147.21,148.00,0
SP500,19830222,148.01,148.11,145.42,145.48,0
SP500,19830223,145.47,146.79,145.40,146.79,0
SP500,19830224,146.80,149.67,146.80,149.60,0
SP500,19830225,149.60,150.88,149.60,149.74,0
SP500,19830228,149.74,149.74,147.81,148.06,0
SP500,19830301,148.07,150.88,148.07,150.88,0
SP500,19830302,150.91,152.63,150.91,152.30,0
SP500,19830303,152.31,154.16,152.31,153.48,0
SP500,19830304,153.47,153.67,152.53,153.67,0
SP500,19830307,153.67,154.00,152.65,153.67,0
SP500,19830308,153.63,153.63,151.26,151.26,0
SP500,19830309,151.25,152.87,150.84,152.87,0
SP500,19830310,152.87,154.01,151.75,151.80,0
SP500,19830311,151.75,151.75,150.65,151.24,0
SP500,19830314,151.28,151.30,150.24,150.83,0
SP500,19830315,150.83,151.37,150.40,151.37,0
SP500,19830316,151.36,151.62,149.78,149.81,0
SP500,19830317,149.80,149.80,149.12,149.59,0
SP500,19830318,149.59,150.29,149.56,149.90,0
SP500,19830321,149.82,151.20,149.32,151.19,0
SP500,19830322,151.21,151.59,150.60,150.66,0
SP500,19830323,150.65,152.98,150.65,152.81,0
SP500,19830324,152.82,153.78,152.82,153.37,0
SP500,19830325,153.37,153.71,152.30,152.67,0
SP500,19830328,152.67,152.67,151.56,151.85,0
SP500,19830329,151.85,152.46,151.42,151.59,0
SP500,19830330,151.60,153.39,151.60,153.39,0
SP500,19830331,153.41,155.02,152.86,152.96,0
SP500,19830404,152.92,153.02,152.23,153.02,0
SP500,19830405,153.04,153.92,151.81,151.90,0
SP500,19830406,151.90,151.90,150.17,151.04,0
SP500,19830407,151.04,151.76,150.81,151.76,0
SP500,19830408,151.77,152.85,151.39,152.85,0
SP500,19830411,152.87,155.14,152.87,155.14,0
SP500,19830412,155.15,155.82,154.78,155.82,0
SP500,19830413,155.82,157.22,155.82,156.77,0
SP500,19830414,156.80,158.12,156.55,158.12,0
SP500,19830415,158.11,158.75,158.11,158.75,0
SP500,19830418,158.75,159.75,158.41,159.74,0
SP500,19830419,159.74,159.74,158.54,158.71,0
SP500,19830420,158.71,160.83,158.71,160.71,0
SP500,19830421,160.73,161.08,159.96,160.05,0
SP500,19830422,160.04,160.76,160.02,160.42,0
SP500,19830425,160.43,160.83,158.72,158.81,0
SP500,19830426,158.81,161.81,158.07,161.81,0
SP500,19830427,161.85,162.77,160.76,161.44,0
SP500,19830428,161.44,162.96,161.44,162.95,0
SP500,19830429,162.97,164.43,162.72,164.43,0
SP500,19830502,164.41,164.42,161.99,162.11,0
SP500,19830503,162.10,162.35,160.80,162.34,0
SP500,19830504,162.38,163.64,162.38,163.31,0
SP500,19830505,163.35,164.30,163.35,164.28,0
SP500,19830506,164.30,166.99,164.30,166.10,0
SP500,19830509,166.10,166.46,164.90,165.81,0
SP500,19830510,165.82,166.40,165.74,165.95,0
SP500,19830511,165.95,166.30,164.53,164.96,0
SP500,19830512,164.98,165.35,163.82,164.25,0
SP500,19830513,164.26,165.23,164.26,164.91,0
SP500,19830516,164.90,164.90,162.33,163.40,0
SP500,19830517,163.40,163.71,162.55,163.71,0
SP500,19830518,163.73,165.18,163.16,163.27,0
SP500,19830519,163.27,163.61,161.98,161.99,0
SP500,19830520,161.97,162.14,161.25,162.14,0
SP500,19830523,162.06,163.50,160.29,163.43,0
SP500,19830524,163.45,165.59,163.45,165.54,0
SP500,19830525,165.54,166.21,164.79,166.21,0
SP500,19830526,166.22,166.39,165.27,165.48,0
SP500,19830527,165.49,165.49,164.33,164.46,0
SP500,19830531,164.44,164.44,162.12,162.39,0
SP500,19830601,162.38,162.64,161.33,162.55,0
SP500,19830602,162.56,164.00,162.56,163.98,0
SP500,19830603,163.96,164.79,163.96,164.42,0
SP500,19830606,164.43,165.09,163.75,164.83,0
SP500,19830607,164.84,164.93,162.77,162.77,0
SP500,19830608,162.78,162.78,161.35,161.36,0
SP500,19830609,161.37,161.92,160.80,161.83,0
SP500,19830610,161.86,162.76,161.86,162.68,0
SP500,19830613,162.70,164.84,162.70,164.84,0
SP500,19830614,164.87,165.93,164.87,165.53,0
SP500,19830615,165.52,167.12,165.07,167.12,0
SP500,19830616,167.11,169.38,167.11,169.14,0
SP500,19830617,169.11,169.64,168.60,169.13,0
SP500,19830620,169.13,170.10,168.59,169.02,0
SP500,19830621,169.03,170.60,168.25,170.53,0
SP500,19830622,170.53,171.60,170.42,170.99,0
SP500,19830623,170.99,171.00,170.13,170.57,0
SP500,19830624,170.57,170.69,170.03,170.41,0
SP500,19830627,170.40,170.46,168.32,168.46,0
SP500,19830628,168.45,168.81,165.67,165.68,0
SP500,19830629,165.78,166.64,165.43,166.64,0
SP500,19830630,167.64,167.64,167.64,167.64,0
SP500,19830701,168.11,168.64,167.77,168.64,0
SP500,19830705,166.55,168.80,165.80,166.60,0
SP500,19830706,166.71,168.88,166.49,168.48,0
SP500,19830707,168.48,169.15,167.08,167.56,0
SP500,19830708,167.56,167.98,166.95,167.08,0
SP500,19830711,167.09,168.11,167.09,168.11,0
SP500,19830712,168.05,168.05,165.51,165.53,0
SP500,19830713,165.00,165.68,164.77,165.46,0
SP500,19830714,165.61,166.96,165.61,166.01,0
SP500,19830715,166.01,166.04,164.03,164.29,0
SP500,19830718,164.28,164.29,163.30,163.95,0
SP500,19830719,163.95,165.18,163.95,164.82,0
SP500,19830720,164.89,169.29,164.89,169.29,0
SP500,19830721,169.29,169.80,168.33,169.06,0
SP500,19830722,168.51,169.08,168.40,168.89,0
SP500,19830725,167.67,169.74,167.63,169.53,0
SP500,19830726,169.62,170.63,169.26,170.53,0
SP500,19830727,170.68,170.72,167.49,167.59,0
SP500,19830728,167.32,167.79,164.99,165.04,0
SP500,19830729,165.03,165.03,161.50,162.56,0
SP500,19830801,162.34,162.78,161.55,162.04,0
SP500,19830802,162.06,163.04,161.97,162.01,0
SP500,19830803,162.01,163.44,161.52,163.44,0
SP500,19830804,163.28,163.42,159.63,161.33,0
SP500,19830805,161.33,161.88,160.89,161.74,0
SP500,19830808,161.73,161.73,159.18,159.18,0
SP500,19830809,159.20,160.14,158.50,160.13,0
SP500,19830810,160.11,161.77,159.47,161.54,0
SP500,19830811,161.55,162.14,161.41,161.54,0
SP500,19830812,161.55,162.60,161.55,162.16,0
SP500,19830815,162.22,164.76,162.22,163.70,0
SP500,19830816,163.74,163.84,162.72,163.41,0
SP500,19830817,163.58,165.40,163.43,165.29,0
SP500,19830818,165.29,165.91,163.55,163.55,0
SP500,19830819,163.58,164.27,163.22,163.98,0
SP500,19830822,164.18,165.64,163.77,164.34,0
SP500,19830823,164.33,164.33,162.54,162.77,0
SP500,19830824,162.77,162.77,161.20,161.25,0
SP500,19830825,161.27,161.28,159.96,160.84,0
SP500,19830826,160.85,162.16,160.25,162.14,0
SP500,19830829,162.14,162.32,160.97,162.25,0
SP500,19830830,162.25,163.13,162.11,162.58,0
SP500,19830831,162.55,164.40,162.32,164.40,0
SP500,19830901,164.40,164.66,163.95,164.23,0
SP500,19830902,164.25,165.07,164.21,165.00,0
SP500,19830906,165.20,167.90,165.03,167.89,0
SP500,19830907,167.90,168.48,167.46,167.96,0
SP500,19830908,167.96,168.14,167.12,167.77,0
SP500,19830909,167.77,167.77,166.91,166.92,0
SP500,19830912,166.95,169.20,165.27,165.48,0
SP500,19830913,165.48,165.48,164.17,164.80,0
SP500,19830914,164.80,165.42,164.63,165.35,0
SP500,19830915,165.39,165.58,164.38,164.38,0
SP500,19830916,164.42,166.57,164.39,166.25,0
SP500,19830919,166.27,168.09,166.26,167.62,0
SP500,19830920,167.64,169.38,167.64,169.24,0
SP500,19830921,169.27,169.30,168.21,168.41,0
SP500,19830922,168.40,169.78,168.22,169.76,0
SP500,19830923,169.76,170.17,168.88,169.51,0
SP500,19830926,169.53,170.41,169.16,170.07,0
SP500,19830927,170.02,170.02,167.95,168.43,0
SP500,19830928,168.42,168.53,167.52,168.00,0
SP500,19830929,168.02,168.35,167.23,167.23,0
SP500,19830930,167.23,167.23,165.63,166.07,0
SP500,19831003,165.99,166.07,164.93,165.81,0
SP500,19831004,165.81,166.80,165.81,166.27,0
SP500,19831005,166.29,167.74,165.92,167.74,0
SP500,19831006,167.76,170.28,167.76,170.28,0
SP500,19831007,170.32,171.10,170.31,170.80,0
SP500,19831010,170.77,172.65,170.05,172.65,0
SP500,19831011,172.59,172.59,170.34,170.34,0
SP500,19831012,170.34,170.84,169.34,169.62,0
SP500,19831013,169.63,170.12,169.13,169.87,0
SP500,19831014,169.88,169.99,169.18,169.86,0
SP500,19831017,169.85,171.18,169.63,170.43,0
SP500,19831018,170.41,170.41,167.67,167.81,0
SP500,19831019,167.81,167.81,165.67,166.73,0
SP500,19831020,166.77,167.35,166.44,166.98,0
SP500,19831021,166.97,167.23,164.98,165.95,0
SP500,19831024,165.85,165.99,163.85,165.99,0
SP500,19831025,166.00,167.15,166.00,166.47,0
SP500,19831026,166.49,166.65,165.36,165.38,0
SP500,19831027,165.31,165.38,164.41,164.84,0
SP500,19831028,164.89,165.19,163.23,163.37,0
SP500,19831031,163.37,164.58,162.86,163.55,0
SP500,19831101,163.55,163.66,162.37,163.66,0
SP500,19831102,165.21,165.21,163.55,164.84,0
SP500,19831103,164.84,164.85,163.42,163.45,0
SP500,19831104,162.68,163.45,162.22,162.44,0
SP500,19831107,162.42,162.56,161.84,161.91,0
SP500,19831108,161.91,162.15,161.63,161.76,0
SP500,19831109,161.74,163.97,161.74,163.97,0
SP500,19831110,163.99,164.71,163.97,164.41,0
SP500,19831111,164.41,166.30,164.34,166.29,0
SP500,19831114,166.29,167.58,166.27,166.58,0
SP500,19831115,166.58,166.59,165.28,165.36,0
SP500,19831116,165.36,166.41,165.34,166.08,0
SP500,19831117,166.08,166.49,165.51,166.13,0
SP500,19831118,166.08,166.13,164.50,165.09,0
SP500,19831121,165.04,166.05,165.00,166.05,0
SP500,19831122,166.05,167.26,166.05,166.84,0
SP500,19831123,166.88,167.21,166.26,166.96,0
SP500,19831125,167.02,167.20,166.73,167.18,0
SP500,19831128,167.20,167.22,166.21,166.54,0
SP500,19831129,166.54,167.92,166.17,167.91,0
SP500,19831130,167.91,168.07,166.33,166.40,0
SP500,19831201,166.37,166.77,166.08,166.49,0
SP500,19831202,166.49,166.70,165.25,165.44,0
SP500,19831205,165.44,165.79,164.71,165.76,0
SP500,19831206,165.77,165.93,165.34,165.47,0
SP500,19831207,165.47,166.34,165.35,165.91,0
SP500,19831208,165.91,166.01,164.86,165.20,0
SP500,19831209,165.20,165.29,164.50,165.08,0
SP500,19831212,165.13,165.62,164.99,165.62,0
SP500,19831213,165.62,165.63,164.85,164.93,0
SP500,19831214,164.93,164.93,163.25,163.33,0
SP500,19831215,163.33,163.33,161.66,161.66,0
SP500,19831216,161.69,162.39,161.58,162.39,0
SP500,19831219,162.34,162.88,162.27,162.32,0
SP500,19831220,162.33,162.80,161.64,162.00,0
SP500,19831221,162.00,163.57,161.99,163.56,0
SP500,19831222,163.56,164.18,163.17,163.53,0
SP500,19831223,163.27,163.31,162.90,163.22,0
SP500,19831227,163.22,164.76,163.22,164.76,0
SP500,19831228,164.69,165.34,164.30,165.34,0
SP500,19831229,165.33,165.84,164.83,164.86,0
SP500,19831230,164.86,165.05,164.58,164.93,0
SP500,19840103,164.93,164.93,163.98,164.04,0
SP500,19840104,164.09,166.78,164.04,166.78,0
SP500,19840105,166.78,169.10,166.78,168.81,0
SP500,19840106,168.81,169.31,168.49,169.28,0
SP500,19840109,169.18,169.46,168.48,168.90,0
SP500,19840110,168.90,169.54,167.87,167.95,0
SP500,19840111,167.95,168.07,167.27,167.80,0
SP500,19840112,167.79,168.40,167.68,167.75,0
SP500,19840113,167.75,168.59,166.64,167.02,0
SP500,19840116,167.02,167.55,166.77,167.18,0
SP500,19840117,167.18,167.84,167.01,167.83,0
SP500,19840118,167.83,168.34,167.02,167.55,0
SP500,19840119,167.55,167.65,166.67,167.04,0
SP500,19840120,167.04,167.06,165.87,166.21,0
SP500,19840123,166.21,166.21,164.83,164.87,0
SP500,19840124,164.87,166.35,164.84,165.94,0
SP500,19840125,165.94,167.12,164.74,164.84,0
SP500,19840126,164.84,165.55,164.12,164.24,0
SP500,19840127,164.24,164.33,163.07,163.94,0
SP500,19840130,164.40,164.67,162.40,162.87,0
SP500,19840131,162.87,163.60,162.03,163.41,0
SP500,19840201,163.41,164.00,162.27,162.74,0
SP500,19840202,162.74,163.36,162.24,163.36,0
SP500,19840203,163.44,163.98,160.82,160.91,0
SP500,19840206,160.91,160.91,158.02,158.08,0
SP500,19840207,157.91,158.81,157.01,158.74,0
SP500,19840208,158.74,159.07,155.67,155.85,0
SP500,19840209,155.85,156.17,154.30,155.42,0
SP500,19840210,155.42,156.52,155.42,156.30,0
SP500,19840213,156.30,156.32,154.13,154.95,0
SP500,19840214,154.95,156.61,154.95,156.61,0
SP500,19840215,156.61,157.48,156.10,156.25,0
SP500,19840216,155.94,156.44,155.44,156.13,0
SP500,19840217,156.13,156.80,155.51,155.74,0
SP500,19840221,155.71,155.74,154.47,154.64,0
SP500,19840222,154.52,155.10,153.94,154.31,0
SP500,19840223,154.02,154.45,152.13,154.29,0
SP500,19840224,154.31,157.51,154.29,157.51,0
SP500,19840227,157.51,159.58,157.08,159.30,0
SP500,19840228,159.30,159.30,156.59,156.82,0
SP500,19840229,156.82,158.27,156.41,157.06,0
SP500,19840301,157.06,158.19,156.77,158.19,0
SP500,19840302,158.19,159.90,158.19,159.24,0
SP500,19840305,159.24,159.24,157.59,157.89,0
SP500,19840306,157.89,158.37,156.21,156.25,0
SP500,19840307,156.25,156.25,153.81,154.57,0
SP500,19840308,154.57,155.80,154.35,155.19,0
SP500,19840309,155.12,155.19,153.77,154.35,0
SP500,19840312,154.35,156.35,154.35,156.34,0
SP500,19840313,156.34,157.93,156.34,156.78,0
SP500,19840314,156.78,157.17,156.22,156.77,0
SP500,19840315,156.78,158.05,156.73,157.41,0
SP500,19840316,157.41,160.45,157.41,159.27,0
SP500,19840319,159.27,159.27,157.28,157.78,0
SP500,19840320,157.78,159.17,157.78,158.86,0
SP500,19840321,158.86,159.26,158.59,158.66,0
SP500,19840322,158.66,158.67,156.61,156.69,0
SP500,19840323,156.69,156.92,156.02,156.86,0
SP500,19840326,156.86,157.18,156.31,156.67,0
SP500,19840327,156.67,157.30,156.61,157.30,0
SP500,19840328,157.30,159.90,157.30,159.88,0
SP500,19840329,159.88,160.46,159.52,159.52,0
SP500,19840330,159.52,159.52,158.92,159.18,0
SP500,19840402,159.18,159.87,157.63,157.98,0
SP500,19840403,157.99,158.27,157.17,157.66,0
SP500,19840404,157.66,158.11,157.29,157.54,0
SP500,19840405,157.54,158.10,154.96,155.04,0
SP500,19840406,155.04,155.48,154.12,155.48,0
SP500,19840409,155.48,155.86,154.71,155.45,0
SP500,19840410,155.45,156.57,155.45,155.87,0
SP500,19840411,155.93,156.31,154.90,155.00,0
SP500,19840412,155.00,157.74,154.17,157.73,0
SP500,19840413,157.73,158.87,157.13,157.31,0
SP500,19840416,157.31,158.35,156.49,158.32,0
SP500,19840417,158.32,159.59,158.32,158.97,0
SP500,19840418,158.97,158.97,157.64,157.90,0
SP500,19840419,157.90,158.02,157.10,158.02,0
SP500,19840423,158.02,158.05,156.79,156.80,0
SP500,19840424,156.80,158.38,156.61,158.07,0
SP500,19840425,158.07,158.77,157.80,158.65,0
SP500,19840426,158.65,160.50,158.65,160.30,0
SP500,19840427,160.30,160.69,159.77,159.89,0
SP500,19840430,159.89,160.43,159.30,160.05,0
SP500,19840501,160.05,161.69,160.05,161.68,0
SP500,19840502,161.68,162.11,161.41,161.90,0
SP500,19840503,161.90,161.90,160.95,161.20,0
SP500,19840504,161.20,161.20,158.93,159.11,0
SP500,19840507,159.11,159.48,158.63,159.47,0
SP500,19840508,159.47,160.52,159.14,160.52,0
SP500,19840509,160.52,161.31,159.39,160.11,0
SP500,19840510,160.11,160.45,159.61,160.00,0
SP500,19840511,160.00,160.00,157.42,158.49,0
SP500,19840514,158.49,158.49,157.20,157.50,0
SP500,19840515,157.50,158.27,157.29,158.00,0
SP500,19840516,158.00,158.41,157.83,157.99,0
SP500,19840517,157.99,157.99,156.15,156.57,0
SP500,19840518,156.57,156.77,155.24,155.78,0
SP500,19840521,155.78,156.11,154.63,154.73,0
SP500,19840522,154.73,154.73,152.99,153.88,0
SP500,19840523,153.88,154.02,153.10,153.15,0
SP500,19840524,153.15,153.15,150.80,151.23,0
SP500,19840525,151.23,152.02,150.85,151.62,0
SP500,19840529,151.62,151.86,149.95,150.29,0
SP500,19840530,150.29,151.43,148.68,150.35,0
SP500,19840531,150.35,150.69,149.76,150.55,0
SP500,19840601,150.55,153.24,150.55,153.24,0
SP500,19840604,153.24,155.10,153.24,154.34,0
SP500,19840605,154.34,154.34,153.28,153.65,0
SP500,19840606,153.65,155.03,153.38,155.01,0
SP500,19840607,155.01,155.11,154.36,154.92,0
SP500,19840608,154.92,155.40,154.57,155.17,0
SP500,19840611,155.17,155.17,153.00,153.06,0
SP500,19840612,153.06,153.07,151.61,152.19,0
SP500,19840613,152.19,152.85,151.86,152.13,0
SP500,19840614,152.12,152.14,150.31,150.39,0
SP500,19840615,150.49,150.71,149.02,149.03,0
SP500,19840618,149.03,151.92,148.53,151.73,0
SP500,19840619,151.73,153.00,151.73,152.61,0
SP500,19840620,151.89,154.84,150.96,154.84,0
SP500,19840621,154.84,155.64,154.05,154.51,0
SP500,19840622,154.51,154.92,153.89,154.46,0
SP500,19840625,154.46,154.67,153.86,153.97,0
SP500,19840626,153.97,153.97,152.47,152.71,0
SP500,19840627,152.71,152.88,151.30,151.64,0
SP500,19840628,151.64,153.07,151.62,152.84,0
SP500,19840629,152.84,154.08,152.82,153.18,0
SP500,19840702,153.16,153.22,152.44,153.20,0
SP500,19840703,153.20,153.86,153.10,153.70,0
SP500,19840705,153.70,153.87,152.71,152.76,0
SP500,19840706,152.76,152.76,151.63,152.24,0
SP500,19840709,152.24,153.53,151.44,153.36,0
SP500,19840710,153.36,153.53,152.57,152.89,0
SP500,19840711,152.89,152.89,150.55,150.56,0
SP500,19840712,150.56,151.06,149.63,150.03,0
SP500,19840713,150.03,151.16,150.03,150.88,0
SP500,19840716,150.88,151.60,150.01,151.60,0
SP500,19840717,151.60,152.60,151.26,152.38,0
SP500,19840718,152.38,152.38,151.11,151.40,0
SP500,19840719,151.40,151.40,150.27,150.37,0
SP500,19840720,150.37,150.58,149.07,149.55,0
SP500,19840723,149.55,149.55,147.85,148.95,0
SP500,19840724,148.95,149.28,147.78,147.82,0
SP500,19840725,147.82,149.30,147.26,148.83,0
SP500,19840726,148.83,150.16,148.83,150.08,0
SP500,19840727,150.08,151.38,149.99,151.19,0
SP500,19840730,151.19,151.19,150.14,150.19,0
SP500,19840731,150.19,150.77,149.65,150.66,0
SP500,19840801,150.66,154.08,150.66,154.08,0
SP500,19840802,154.08,157.99,154.08,157.99,0
SP500,19840803,160.28,162.56,158.00,162.35,0
SP500,19840806,162.35,165.27,162.09,162.60,0
SP500,19840807,162.60,163.58,160.81,162.72,0
SP500,19840808,162.71,163.87,161.75,161.75,0
SP500,19840809,161.75,165.88,161.47,165.54,0
SP500,19840810,165.54,168.59,165.24,165.42,0
SP500,19840813,164.84,165.49,163.98,165.43,0
SP500,19840814,165.43,166.09,164.28,164.42,0
SP500,19840815,164.42,164.42,162.75,162.80,0
SP500,19840816,162.80,164.42,162.75,163.77,0
SP500,19840817,164.30,164.61,163.78,164.14,0
SP500,19840820,164.14,164.94,163.76,164.94,0
SP500,19840821,164.94,168.22,164.93,167.83,0
SP500,19840822,167.83,168.80,166.92,167.06,0
SP500,19840823,167.06,167.78,166.61,167.12,0
SP500,19840824,167.12,167.52,167.12,167.51,0
SP500,19840827,167.51,167.51,165.81,166.44,0
SP500,19840828,166.44,167.43,166.21,167.40,0
SP500,19840829,167.40,168.21,167.03,167.09,0
SP500,19840830,167.10,167.19,166.55,166.60,0
SP500,19840831,166.60,166.68,165.78,166.68,0
SP500,19840904,166.68,166.68,164.73,164.88,0
SP500,19840905,164.88,164.88,163.84,164.29,0
SP500,19840906,164.29,165.95,164.29,165.65,0
SP500,19840907,165.65,166.31,164.22,164.37,0
SP500,19840910,164.37,165.05,163.06,164.26,0
SP500,19840911,165.22,166.17,164.28,164.45,0
SP500,19840912,164.45,164.81,164.14,164.68,0
SP500,19840913,164.68,167.94,164.68,167.94,0
SP500,19840914,167.94,169.65,167.94,168.78,0
SP500,19840917,168.78,169.37,167.99,168.87,0
SP500,19840918,168.87,168.87,167.64,167.65,0
SP500,19840919,167.65,168.76,166.89,166.94,0
SP500,19840920,166.94,167.47,166.70,167.47,0
SP500,19840921,167.47,168.67,165.66,165.67,0
SP500,19840924,165.67,166.12,164.98,165.28,0
SP500,19840925,165.28,165.97,164.45,165.62,0
SP500,19840926,165.62,167.20,165.61,166.28,0
SP500,19840927,166.75,167.18,166.33,166.96,0
SP500,19840928,166.96,166.96,165.77,166.10,0
SP500,19841001,166.10,166.10,164.48,164.62,0
SP500,19841002,164.62,165.24,163.55,163.59,0
SP500,19841003,163.59,163.59,162.20,162.44,0
SP500,19841004,162.44,163.22,162.44,162.92,0
SP500,19841005,162.92,163.32,162.51,162.68,0
SP500,19841008,162.68,162.68,161.80,162.13,0
SP500,19841009,162.13,162.84,161.62,161.67,0
SP500,19841010,161.67,162.12,160.02,162.11,0
SP500,19841011,162.11,162.87,162.00,162.78,0
SP500,19841012,162.78,164.47,162.78,164.18,0
SP500,19841015,164.18,166.15,164.09,165.77,0
SP500,19841016,165.78,165.78,164.66,164.78,0
SP500,19841017,164.78,165.04,163.71,164.14,0
SP500,19841018,164.14,168.10,163.80,168.10,0
SP500,19841019,168.08,169.62,167.31,167.96,0
SP500,19841022,167.96,168.36,167.26,167.36,0
SP500,19841023,167.36,168.27,166.83,167.09,0
SP500,19841024,167.09,167.54,166.82,167.20,0
SP500,19841025,167.20,167.62,166.17,166.31,0
SP500,19841026,166.31,166.31,164.93,165.29,0
SP500,19841029,165.29,165.29,164.67,164.78,0
SP500,19841030,164.78,167.33,164.78,166.84,0
SP500,19841031,166.74,166.95,165.99,166.09,0
SP500,19841101,166.09,167.83,166.09,167.49,0
SP500,19841102,167.49,167.95,167.24,167.42,0
SP500,19841105,167.42,168.65,167.33,168.58,0
SP500,19841106,168.58,170.41,168.58,170.41,0
SP500,19841107,170.41,170.41,168.44,169.17,0
SP500,19841108,169.19,169.27,168.27,168.68,0
SP500,19841109,168.68,169.46,167.44,167.60,0
SP500,19841112,167.65,167.65,166.67,167.36,0
SP500,19841113,167.36,167.38,165.79,165.97,0
SP500,19841114,165.97,166.43,165.39,165.99,0
SP500,19841115,165.99,166.49,165.61,165.89,0
SP500,19841116,165.89,166.24,164.09,164.10,0
SP500,19841119,164.10,164.34,163.03,163.09,0
SP500,19841120,163.10,164.47,163.10,164.18,0
SP500,19841121,164.18,164.68,163.29,164.51,0
SP500,19841123,164.52,166.92,164.52,166.92,0
SP500,19841126,166.92,166.92,165.37,165.55,0
SP500,19841127,165.55,166.85,165.07,166.29,0
SP500,19841128,166.29,166.90,164.97,165.02,0
SP500,19841129,165.02,165.02,163.78,163.91,0
SP500,19841130,163.91,163.91,162.99,163.58,0
SP500,19841203,163.58,163.58,162.29,162.82,0
SP500,19841204,162.82,163.91,162.82,163.38,0
SP500,19841205,163.38,163.40,161.93,162.10,0
SP500,19841206,162.10,163.11,161.76,162.76,0
SP500,19841207,162.76,163.31,162.26,162.26,0
SP500,19841210,162.26,163.32,161.54,162.83,0
SP500,19841211,162.83,163.18,162.56,163.07,0
SP500,19841212,163.07,163.18,162.55,162.63,0
SP500,19841213,162.63,162.92,161.54,161.81,0
SP500,19841214,161.81,163.53,161.63,162.69,0
SP500,19841217,162.69,163.63,162.44,163.61,0
SP500,19841218,163.61,168.11,163.61,168.11,0
SP500,19841219,168.11,169.03,166.84,167.16,0
SP500,19841220,167.16,167.58,166.29,166.38,0
SP500,19841221,166.34,166.38,164.62,165.51,0
SP500,19841224,165.51,166.93,165.50,166.76,0
SP500,19841226,166.76,166.76,166.29,166.47,0
SP500,19841227,166.47,166.50,165.62,165.75,0
SP500,19841228,165.75,166.32,165.67,166.26,0
SP500,19841231,166.26,167.34,166.06,167.24,0
SP500,19850102,167.20,167.20,165.19,165.37,0
SP500,19850103,165.37,166.11,164.38,164.57,0
SP500,19850104,164.55,164.55,163.36,163.68,0
SP500,19850107,163.68,164.71,163.68,164.24,0
SP500,19850108,164.24,164.59,163.91,163.99,0
SP500,19850109,163.99,165.57,163.99,165.18,0
SP500,19850110,165.18,168.31,164.99,168.31,0
SP500,19850111,168.31,168.72,167.58,167.91,0
SP500,19850114,167.91,170.55,167.58,170.51,0
SP500,19850115,170.51,171.82,170.40,170.81,0
SP500,19850116,170.81,171.94,170.41,171.19,0
SP500,19850117,171.19,171.34,170.22,170.73,0
SP500,19850118,170.73,171.42,170.66,171.32,0
SP500,19850121,171.32,175.45,171.31,175.23,0
SP500,19850122,175.23,176.63,175.14,175.48,0
SP500,19850123,175.48,177.30,175.15,177.30,0
SP500,19850124,177.30,178.16,176.56,176.71,0
SP500,19850125,176.71,177.75,176.54,177.35,0
SP500,19850128,177.35,178.19,176.56,177.40,0
SP500,19850129,177.40,179.19,176.58,179.18,0
SP500,19850130,179.18,180.27,179.05,179.39,0
SP500,19850131,179.39,179.83,178.56,179.63,0
SP500,19850201,179.63,179.63,178.44,178.63,0
SP500,19850204,178.63,180.35,177.75,180.35,0
SP500,19850205,180.35,181.53,180.07,180.61,0
SP500,19850206,180.61,181.50,180.32,180.43,0
SP500,19850207,180.43,181.96,180.43,181.82,0
SP500,19850208,181.82,182.39,181.67,182.19,0
SP500,19850211,182.19,182.19,180.11,180.51,0
SP500,19850212,180.51,180.75,179.45,180.56,0
SP500,19850213,180.56,183.86,180.50,183.35,0
SP500,19850214,183.35,183.95,182.39,182.41,0
SP500,19850215,182.41,182.65,181.23,181.60,0
SP500,19850219,181.60,181.61,180.95,181.33,0
SP500,19850220,181.33,182.10,180.64,181.18,0
SP500,19850221,181.18,181.18,180.02,180.19,0
SP500,19850222,180.19,180.41,179.23,179.36,0
SP500,19850225,179.36,179.36,178.13,179.23,0
SP500,19850226,179.23,181.58,179.16,181.17,0
SP500,19850227,181.17,181.87,180.50,180.71,0
SP500,19850228,180.71,181.21,180.33,181.18,0
SP500,19850301,181.18,183.89,181.16,183.23,0
SP500,19850304,183.23,183.41,181.40,182.06,0
SP500,19850305,182.06,182.65,181.42,182.23,0
SP500,19850306,182.23,182.25,180.59,180.65,0
SP500,19850307,180.65,180.65,179.44,179.51,0
SP500,19850308,179.51,179.97,179.07,179.10,0
SP500,19850311,179.10,179.46,178.15,178.79,0
SP500,19850312,178.79,180.14,178.70,179.66,0
SP500,19850313,179.66,179.96,178.02,178.19,0
SP500,19850314,178.19,178.53,177.61,177.84,0
SP500,19850315,177.84,178.41,176.53,176.53,0
SP500,19850318,176.53,177.66,176.53,176.88,0
SP500,19850319,176.88,179.56,176.87,179.54,0
SP500,19850320,179.54,179.78,178.79,179.08,0
SP500,19850321,179.08,180.22,178.89,179.35,0
SP500,19850322,179.35,179.92,178.86,179.04,0
SP500,19850325,179.04,179.04,177.85,177.97,0
SP500,19850326,177.97,178.86,177.88,178.43,0
SP500,19850327,178.43,179.80,178.43,179.54,0
SP500,19850328,179.54,180.60,179.43,179.54,0
SP500,19850329,179.54,180.66,179.54,180.66,0
SP500,19850401,180.66,181.27,180.43,181.27,0
SP500,19850402,181.27,181.86,180.28,180.53,0
SP500,19850403,180.53,180.53,178.64,179.11,0
SP500,19850404,179.11,179.13,178.29,179.03,0
SP500,19850408,179.03,179.46,177.86,178.03,0
SP500,19850409,178.03,178.67,177.97,178.21,0
SP500,19850410,178.21,179.90,178.21,179.42,0
SP500,19850411,179.42,180.91,179.42,180.19,0
SP500,19850412,180.19,180.55,180.06,180.54,0
SP500,19850415,180.54,181.15,180.45,180.92,0
SP500,19850416,180.92,181.78,180.19,181.20,0
SP500,19850417,181.20,181.91,181.14,181.68,0
SP500,19850418,181.68,182.56,180.75,180.84,0
SP500,19850419,180.84,181.25,180.42,181.11,0
SP500,19850422,181.11,181.23,180.25,180.70,0
SP500,19850423,180.70,181.97,180.34,181.88,0
SP500,19850424,181.88,182.27,181.74,182.26,0
SP500,19850425,182.26,183.43,182.12,183.43,0
SP500,19850426,183.43,183.61,182.11,182.18,0
SP500,19850429,182.18,182.34,180.62,180.63,0
SP500,19850430,180.63,180.63,178.86,179.83,0
SP500,19850501,179.83,180.04,178.35,178.37,0
SP500,19850502,178.37,179.01,178.37,179.01,0
SP500,19850503,179.01,180.30,179.01,180.08,0
SP500,19850506,180.08,180.56,179.82,179.99,0
SP500,19850507,179.99,181.09,179.87,180.76,0
SP500,19850508,180.76,180.76,179.96,180.62,0
SP500,19850509,180.62,181.97,180.62,181.92,0
SP500,19850510,181.92,184.74,181.92,184.28,0
SP500,19850513,184.28,184.61,184.19,184.61,0
SP500,19850514,184.61,185.17,183.65,183.87,0
SP500,19850515,183.87,185.43,183.86,184.54,0
SP500,19850516,184.54,185.74,184.54,185.66,0
SP500,19850517,185.66,187.94,185.47,187.42,0
SP500,19850520,187.42,189.98,187.42,189.72,0
SP500,19850521,189.72,189.81,188.78,189.64,0
SP500,19850522,189.64,189.64,187.71,188.56,0
SP500,19850523,188.56,188.56,187.45,187.60,0
SP500,19850524,187.60,188.29,187.29,188.29,0
SP500,19850528,188.29,188.94,187.38,187.86,0
SP500,19850529,187.86,187.86,187.11,187.68,0
SP500,19850530,187.68,188.04,187.09,187.75,0
SP500,19850531,187.75,189.59,187.45,189.55,0
SP500,19850603,189.55,190.36,188.93,189.32,0
SP500,19850604,189.32,190.27,188.88,190.04,0
SP500,19850605,190.04,191.02,190.04,190.16,0
SP500,19850606,189.75,191.06,189.13,191.06,0
SP500,19850607,191.06,191.29,189.55,189.68,0
SP500,19850610,189.68,189.68,188.82,189.51,0
SP500,19850611,189.51,189.61,188.78,189.04,0
SP500,19850612,189.04,189.04,187.59,187.61,0
SP500,19850613,187.61,187.61,185.03,185.33,0
SP500,19850614,185.33,187.10,185.33,187.10,0
SP500,19850617,187.10,187.10,185.98,186.53,0
SP500,19850618,186.53,187.65,186.51,187.34,0
SP500,19850619,187.34,187.98,186.63,186.63,0
SP500,19850620,186.63,186.74,185.97,186.73,0
SP500,19850621,186.73,189.66,186.43,189.61,0
SP500,19850624,188.77,189.61,187.84,189.15,0
SP500,19850625,189.15,190.96,189.15,189.74,0
SP500,19850626,189.74,190.26,189.44,190.06,0
SP500,19850627,190.06,191.36,190.06,191.23,0
SP500,19850628,191.23,191.85,191.04,191.85,0
SP500,19850701,191.85,192.43,191.17,192.43,0
SP500,19850702,192.43,192.63,191.84,192.01,0
SP500,19850703,192.01,192.08,191.37,191.45,0
SP500,19850705,191.45,192.67,191.45,192.52,0
SP500,19850708,192.47,192.52,191.26,191.93,0
SP500,19850709,191.93,191.93,190.81,191.05,0
SP500,19850710,191.05,192.37,190.99,192.37,0
SP500,19850711,192.37,192.95,192.28,192.94,0
SP500,19850712,192.94,193.32,192.64,193.29,0
SP500,19850715,193.29,193.84,192.55,192.72,0
SP500,19850716,192.72,194.72,192.72,194.72,0
SP500,19850717,194.86,196.07,194.72,195.65,0
SP500,19850718,195.65,195.65,194.34,194.38,0
SP500,19850719,194.38,195.13,194.28,195.13,0
SP500,19850722,195.13,195.13,193.58,194.35,0
SP500,19850723,194.35,194.98,192.28,192.55,0
SP500,19850724,192.55,192.55,190.66,191.58,0
SP500,19850725,191.58,192.23,191.17,192.06,0
SP500,19850726,192.06,192.78,191.58,192.40,0
SP500,19850729,192.40,192.42,189.53,189.60,0
SP500,19850730,189.62,190.05,189.30,189.93,0
SP500,19850731,189.93,191.33,189.93,190.92,0
SP500,19850801,190.92,192.17,190.91,192.11,0
SP500,19850802,192.11,192.11,191.27,191.48,0
SP500,19850805,191.48,191.48,189.95,190.62,0
SP500,19850806,190.62,190.72,187.87,187.93,0
SP500,19850807,187.93,187.93,187.39,187.68,0
SP500,19850808,187.68,188.96,187.68,188.95,0
SP500,19850809,188.95,189.05,188.11,188.32,0
SP500,19850812,188.32,188.32,187.43,187.63,0
SP500,19850813,187.63,188.15,186.51,187.30,0
SP500,19850814,187.30,187.87,187.30,187.41,0
SP500,19850815,187.41,187.74,186.62,187.26,0
SP500,19850816,187.26,187.26,186.10,186.10,0
SP500,19850819,186.10,186.82,186.10,186.38,0
SP500,19850820,186.38,188.27,186.38,188.08,0
SP500,19850821,188.08,189.16,188.08,189.16,0
SP500,19850822,189.11,189.23,187.20,187.36,0
SP500,19850823,187.22,187.35,186.59,187.17,0
SP500,19850826,187.17,187.44,186.46,187.31,0
SP500,19850827,187.31,188.10,187.31,188.10,0
SP500,19850828,188.10,188.83,187.90,188.83,0
SP500,19850829,188.73,188.94,188.38,188.93,0
SP500,19850830,188.93,189.13,188.00,188.63,0
SP500,19850903,188.63,188.63,187.38,187.91,0
SP500,19850904,187.91,187.92,186.97,187.37,0
SP500,19850905,187.37,187.52,186.89,187.27,0
SP500,19850906,187.27,188.43,187.27,188.24,0
SP500,19850909,188.24,188.80,187.90,188.25,0
SP500,19850910,188.25,188.26,186.50,186.90,0
SP500,19850911,186.90,186.90,184.79,185.03,0
SP500,19850912,185.03,185.21,183.49,183.69,0
SP500,19850913,183.69,184.19,182.05,182.91,0
SP500,19850916,182.91,182.91,182.45,182.88,0
SP500,19850917,182.88,182.88,180.78,181.36,0
SP500,19850918,181.36,181.83,180.81,181.71,0
SP500,19850919,181.71,183.40,181.71,183.39,0
SP500,19850920,183.39,183.99,182.04,182.05,0
SP500,19850923,182.05,184.65,182.05,184.30,0
SP500,19850924,184.30,184.30,182.42,182.62,0
SP500,19850925,182.62,182.62,180.62,180.66,0
SP500,19850926,180.66,181.29,179.45,181.29,0
SP500,19850930,181.30,182.08,181.22,182.08,0
SP500,19851001,182.06,185.08,182.02,185.07,0
SP500,19851002,185.07,185.94,184.06,184.06,0
SP500,19851003,184.06,185.17,183.59,184.36,0
SP500,19851004,184.36,184.36,182.65,183.22,0
SP500,19851007,183.22,183.22,181.30,181.87,0
SP500,19851008,181.87,182.30,181.16,181.87,0
SP500,19851009,181.87,183.27,181.87,182.52,0
SP500,19851010,182.52,182.79,182.05,182.78,0
SP500,19851011,182.78,184.28,182.61,184.28,0
SP500,19851014,184.31,186.37,184.28,186.37,0
SP500,19851015,186.37,187.16,185.66,186.08,0
SP500,19851016,186.08,187.98,186.08,187.98,0
SP500,19851017,187.98,188.52,187.42,187.66,0
SP500,19851018,187.66,188.11,186.89,187.04,0
SP500,19851021,187.04,187.30,186.79,186.96,0
SP500,19851022,186.96,188.56,186.96,188.04,0
SP500,19851023,188.04,189.09,188.04,189.09,0
SP500,19851024,189.09,189.45,188.41,188.50,0
SP500,19851025,188.50,188.51,187.32,187.52,0
SP500,19851028,187.52,187.76,186.93,187.76,0
SP500,19851029,187.76,189.78,187.76,189.23,0
SP500,19851030,189.23,190.09,189.14,190.07,0
SP500,19851031,190.07,190.15,189.35,189.82,0
SP500,19851101,189.82,191.53,189.37,191.53,0
SP500,19851104,191.45,191.96,190.66,191.25,0
SP500,19851105,191.25,192.43,190.99,192.37,0
SP500,19851106,192.37,193.01,191.83,192.76,0
SP500,19851107,192.78,192.96,192.16,192.62,0
SP500,19851108,192.62,193.97,192.53,193.72,0
SP500,19851111,193.72,197.29,193.70,197.28,0
SP500,19851112,197.28,198.66,196.97,198.08,0
SP500,19851113,198.08,198.11,196.91,197.10,0
SP500,19851114,197.10,199.19,196.88,199.06,0
SP500,19851115,199.06,199.58,197.90,198.11,0
SP500,19851118,198.11,198.71,197.51,198.71,0
SP500,19851119,198.71,199.52,198.01,198.67,0
SP500,19851120,198.67,199.20,198.52,198.99,0
SP500,19851121,198.99,201.43,198.99,201.41,0
SP500,19851122,201.41,202.01,201.05,201.52,0
SP500,19851125,201.52,201.52,200.08,200.35,0
SP500,19851126,200.35,201.16,200.11,200.67,0
SP500,19851127,200.67,202.65,200.67,202.54,0
SP500,19851129,202.54,203.40,201.92,202.17,0
SP500,19851202,202.17,202.19,200.20,200.46,0
SP500,19851203,200.46,200.98,200.10,200.86,0
SP500,19851204,200.86,204.23,200.86,204.23,0
SP500,19851205,204.23,205.86,203.79,203.88,0
SP500,19851206,203.88,203.88,202.45,202.99,0
SP500,19851209,202.99,204.65,202.98,204.25,0
SP500,19851210,204.25,205.16,203.68,204.39,0
SP500,19851211,204.39,206.68,204.17,206.31,0
SP500,19851212,206.31,207.65,205.83,206.73,0
SP500,19851213,206.73,210.31,206.73,209.94,0
SP500,19851216,209.94,213.08,209.91,212.02,0
SP500,19851217,212.02,212.45,210.58,210.65,0
SP500,19851218,210.65,211.23,209.24,209.81,0
SP500,19851219,209.81,210.13,209.25,210.02,0
SP500,19851220,210.02,211.77,210.02,210.94,0
SP500,19851223,210.57,210.94,208.44,208.57,0
SP500,19851224,208.57,208.57,206.44,207.14,0
SP500,19851226,207.14,207.76,207.05,207.65,0
SP500,19851227,207.65,209.62,207.65,209.61,0
SP500,19851230,209.61,210.70,209.17,210.68,0
SP500,19851231,210.68,211.61,210.68,211.28,0
SP500,19860102,211.28,211.28,208.93,209.59,0
SP500,19860103,209.59,210.88,209.51,210.88,0
SP500,19860106,210.88,210.98,209.93,210.65,0
SP500,19860107,210.65,213.80,210.65,213.80,0
SP500,19860108,213.80,214.57,207.49,207.97,0
SP500,19860109,207.97,207.97,204.51,206.11,0
SP500,19860110,206.11,207.33,205.52,205.96,0
SP500,19860113,205.96,206.83,205.52,206.72,0
SP500,19860114,206.72,207.37,206.06,206.64,0
SP500,19860115,206.64,208.27,206.64,208.26,0
SP500,19860116,208.26,209.18,207.61,209.17,0
SP500,19860117,209.17,209.40,207.59,208.43,0
SP500,19860120,208.43,208.43,206.62,207.53,0
SP500,19860121,207.53,207.78,205.05,205.79,0
SP500,19860122,205.79,206.03,203.41,203.49,0
SP500,19860123,203.49,204.43,202.60,204.25,0
SP500,19860124,204.25,206.43,204.25,206.43,0
SP500,19860127,206.43,207.69,206.43,207.39,0
SP500,19860128,207.42,209.82,207.40,209.81,0
SP500,19860129,209.81,212.36,209.81,210.29,0
SP500,19860130,210.29,211.54,209.15,209.33,0
SP500,19860131,209.33,212.42,209.19,211.78,0
SP500,19860203,211.78,214.18,211.60,213.96,0
SP500,19860204,213.96,214.57,210.82,212.79,0
SP500,19860205,212.84,213.03,211.21,212.96,0
SP500,19860206,212.96,214.51,212.60,213.47,0
SP500,19860207,213.47,215.27,211.13,214.56,0
SP500,19860210,214.56,216.24,214.47,216.24,0
SP500,19860211,216.24,216.67,215.54,215.92,0
SP500,19860212,215.92,216.28,215.13,215.97,0
SP500,19860213,215.97,217.41,215.38,217.40,0
SP500,19860214,217.40,219.76,217.22,219.76,0
SP500,19860218,219.76,222.45,219.26,222.45,0
SP500,19860219,222.45,222.96,219.73,219.76,0
SP500,19860220,219.76,222.22,219.22,222.22,0
SP500,19860221,222.22,224.62,222.22,224.62,0
SP500,19860224,224.58,225.29,223.31,224.34,0
SP500,19860225,224.34,224.40,222.63,223.79,0
SP500,19860226,223.72,224.59,223.15,224.04,0
SP500,19860227,224.04,226.88,223.41,226.77,0
SP500,19860228,226.77,227.92,225.42,226.92,0
SP500,19860303,226.92,226.92,224.41,225.42,0
SP500,19860304,225.42,227.33,223.94,224.38,0
SP500,19860305,224.14,224.37,222.18,224.34,0
SP500,19860306,224.39,225.50,224.13,225.13,0
SP500,19860307,225.13,226.33,224.44,225.57,0
SP500,19860310,225.57,226.98,225.36,226.58,0
SP500,19860311,226.58,231.81,226.58,231.69,0
SP500,19860312,231.69,234.70,231.68,232.54,0
SP500,19860313,232.54,233.89,231.27,233.19,0
SP500,19860314,233.19,236.55,232.58,236.55,0
SP500,19860317,236.55,236.55,233.69,234.67,0
SP500,19860318,234.67,236.52,234.14,235.78,0
SP500,19860319,235.78,236.52,235.13,235.60,0
SP500,19860320,235.60,237.09,235.60,236.54,0
SP500,19860321,236.54,237.35,233.29,233.34,0
SP500,19860324,233.34,235.33,232.92,235.33,0
SP500,19860325,235.33,235.33,233.62,234.72,0
SP500,19860326,234.72,237.79,234.71,237.30,0
SP500,19860327,237.30,240.11,237.30,238.97,0
SP500,19860331,238.97,239.86,238.08,238.90,0
SP500,19860401,238.90,239.10,234.57,235.14,0
SP500,19860402,235.14,235.71,233.40,235.71,0
SP500,19860403,235.71,236.42,232.07,232.47,0
SP500,19860404,232.47,232.56,228.32,228.69,0
SP500,19860407,228.69,228.83,226.30,228.63,0
SP500,19860408,228.63,233.70,228.63,233.52,0
SP500,19860409,233.52,235.57,232.13,233.75,0
SP500,19860410,233.75,236.54,233.75,236.44,0
SP500,19860411,236.44,237.85,235.13,235.97,0
SP500,19860414,235.97,237.48,235.43,237.28,0
SP500,19860415,237.28,238.09,236.64,237.73,0
SP500,19860416,237.73,242.57,237.73,242.22,0
SP500,19860417,242.22,243.36,241.89,243.03,0
SP500,19860418,243.03,243.47,241.74,242.38,0
SP500,19860421,242.38,244.78,241.88,244.74,0
SP500,19860422,244.74,245.47,241.30,242.42,0
SP500,19860423,242.42,242.42,240.08,241.75,0
SP500,19860424,241.75,243.13,241.65,242.02,0
SP500,19860425,242.02,242.80,240.91,242.29,0
SP500,19860428,242.29,243.08,241.23,243.08,0
SP500,19860429,243.08,243.57,239.23,240.51,0
SP500,19860430,240.52,240.52,235.26,235.52,0
SP500,19860501,235.52,236.01,234.21,235.16,0
SP500,19860502,235.16,236.52,234.15,234.79,0
SP500,19860505,234.79,237.73,234.79,237.73,0
SP500,19860506,237.73,238.28,236.26,237.24,0
SP500,19860507,236.56,237.24,233.98,236.08,0
SP500,19860508,236.08,237.96,236.08,237.13,0
SP500,19860509,237.13,238.01,235.85,237.85,0
SP500,19860512,237.85,238.53,237.02,237.58,0
SP500,19860513,237.58,237.87,236.02,236.41,0
SP500,19860514,236.41,237.54,235.85,237.54,0
SP500,19860515,237.54,237.54,233.93,234.43,0
SP500,19860516,234.43,234.43,232.26,232.76,0
SP500,19860519,232.76,233.54,232.41,233.20,0
SP500,19860520,233.20,236.12,232.58,236.11,0
SP500,19860521,236.11,236.83,235.45,235.45,0
SP500,19860522,235.45,240.25,235.45,240.12,0
SP500,19860523,240.12,242.16,240.12,241.35,0
SP500,19860527,241.35,244.76,241.35,244.75,0
SP500,19860528,244.75,247.40,244.75,246.63,0
SP500,19860529,246.63,248.32,245.29,247.98,0
SP500,19860530,247.98,249.19,246.43,247.35,0
SP500,19860602,246.04,247.74,243.83,245.04,0
SP500,19860603,245.04,245.51,243.67,245.51,0
SP500,19860604,245.51,246.30,242.59,243.94,0
SP500,19860605,243.94,245.66,243.41,245.65,0
SP500,19860606,245.65,246.07,244.43,245.67,0
SP500,19860609,245.67,245.67,239.68,239.96,0
SP500,19860610,239.96,240.08,238.23,239.58,0
SP500,19860611,239.58,241.13,239.21,241.13,0
SP500,19860612,241.24,241.64,240.70,241.49,0
SP500,19860613,241.71,245.91,241.71,245.73,0
SP500,19860616,245.73,246.50,245.17,246.13,0
SP500,19860617,246.13,246.26,243.60,244.35,0
SP500,19860618,244.35,245.25,242.57,244.99,0
SP500,19860619,244.99,245.80,244.05,244.06,0
SP500,19860620,244.06,247.60,243.98,247.58,0
SP500,19860623,247.58,247.58,244.45,245.26,0
SP500,19860624,245.26,248.26,244.53,247.03,0
SP500,19860625,247.03,250.13,247.03,248.93,0
SP500,19860626,248.93,249.43,247.72,248.74,0
SP500,19860627,248.74,249.74,248.74,249.60,0
SP500,19860630,249.60,251.81,249.60,250.84,0
SP500,19860701,250.67,252.04,250.53,252.04,0
SP500,19860702,252.04,253.20,251.79,252.70,0
SP500,19860703,252.70,252.94,251.23,251.79,0
SP500,19860707,251.79,251.81,243.63,244.05,0
SP500,19860708,244.05,244.06,239.07,241.59,0
SP500,19860709,241.59,243.07,241.46,242.82,0
SP500,19860710,242.82,243.44,239.66,243.01,0
SP500,19860711,243.01,243.48,241.68,242.22,0
SP500,19860714,242.22,242.22,238.04,238.11,0
SP500,19860715,238.09,238.12,233.60,233.66,0
SP500,19860716,233.66,236.19,233.66,235.01,0
SP500,19860717,235.01,236.65,235.01,236.07,0
SP500,19860718,236.07,238.22,233.94,236.36,0
SP500,19860721,236.36,236.45,235.53,236.24,0
SP500,19860722,236.24,238.42,235.92,238.18,0
SP500,19860723,238.19,239.25,238.17,238.67,0
SP500,19860724,238.69,239.05,237.32,237.95,0
SP500,19860725,237.99,240.36,237.95,240.22,0
SP500,19860728,240.20,240.25,235.23,236.01,0
SP500,19860729,235.72,236.01,234.40,234.55,0
SP500,19860730,234.57,237.38,233.07,236.59,0
SP500,19860731,236.59,236.92,235.89,236.12,0
SP500,19860801,236.12,236.89,234.59,234.91,0
SP500,19860804,234.91,236.86,231.92,235.99,0
SP500,19860805,235.99,238.31,235.97,237.03,0
SP500,19860806,237.03,237.35,235.48,236.84,0
SP500,19860807,236.84,238.02,236.31,237.04,0
SP500,19860808,237.04,238.06,236.37,236.88,0
SP500,19860811,236.88,241.20,236.87,240.68,0
SP500,19860812,240.68,243.37,240.35,243.34,0
SP500,19860813,243.34,246.51,243.06,245.67,0
SP500,19860814,245.67,246.79,245.53,246.25,0
SP500,19860815,246.25,247.15,245.70,247.15,0
SP500,19860818,247.15,247.83,245.48,247.38,0
SP500,19860819,247.38,247.42,245.82,246.51,0
SP500,19860820,246.53,249.77,246.51,249.77,0
SP500,19860821,249.77,250.45,249.11,249.67,0
SP500,19860822,249.67,250.61,249.27,250.19,0
SP500,19860825,250.19,250.26,247.76,247.81,0
SP500,19860826,247.81,252.91,247.81,252.84,0
SP500,19860827,252.84,254.24,252.66,253.30,0
SP500,19860828,253.30,253.67,251.91,252.84,0
SP500,19860829,252.84,254.07,251.73,252.93,0
SP500,19860902,252.93,253.30,248.14,248.52,0
SP500,19860903,248.52,250.08,247.59,250.08,0
SP500,19860904,250.08,254.01,250.03,253.83,0
SP500,19860905,253.83,254.13,250.33,250.47,0
SP500,19860908,250.47,250.47,247.02,248.14,0
SP500,19860909,248.14,250.21,246.94,247.67,0
SP500,19860910,247.67,247.76,246.11,247.06,0
SP500,19860911,247.06,247.06,234.67,235.18,0
SP500,19860912,235.18,235.45,228.74,230.67,0
SP500,19860915,230.67,232.82,229.44,231.94,0
SP500,19860916,231.93,231.94,228.32,231.72,0
SP500,19860917,231.73,233.81,231.38,231.68,0
SP500,19860918,231.67,232.87,230.57,232.31,0
SP500,19860919,232.30,232.31,230.69,232.21,0
SP500,19860922,232.20,234.93,232.20,234.93,0
SP500,19860923,234.96,235.88,234.50,235.67,0
SP500,19860924,235.66,237.06,235.53,236.28,0
SP500,19860925,231.83,236.28,230.67,231.83,0
SP500,19860926,231.83,233.68,230.64,232.23,0
SP500,19860929,232.23,232.23,228.08,229.91,0
SP500,19860930,229.91,233.01,229.91,231.32,0
SP500,19861001,231.32,234.62,231.32,233.60,0
SP500,19861002,233.60,234.33,232.77,233.92,0
SP500,19861003,233.92,236.16,232.79,233.71,0
SP500,19861006,233.71,235.34,233.17,234.78,0
SP500,19861007,234.74,235.18,233.46,234.41,0
SP500,19861008,234.41,236.84,233.68,236.68,0
SP500,19861009,236.67,238.20,235.72,235.85,0
SP500,19861010,235.84,236.27,235.31,235.48,0
SP500,19861013,235.52,235.91,235.02,235.91,0
SP500,19861014,235.90,236.37,234.37,235.37,0
SP500,19861015,235.36,239.03,235.27,238.80,0
SP500,19861016,238.83,240.18,238.80,239.53,0
SP500,19861017,239.50,239.53,237.71,238.84,0
SP500,19861020,238.84,238.84,234.78,235.97,0
SP500,19861021,236.03,236.49,234.95,235.88,0
SP500,19861022,235.89,236.64,235.82,236.26,0
SP500,19861023,236.28,239.76,236.26,239.28,0
SP500,19861024,239.30,239.65,238.25,238.26,0
SP500,19861027,238.22,238.77,236.72,238.77,0
SP500,19861028,238.81,240.58,238.77,239.26,0
SP500,19861029,239.23,241.00,238.98,240.94,0
SP500,19861030,240.97,244.08,240.94,243.71,0
SP500,19861031,243.70,244.51,242.95,243.98,0
SP500,19861103,243.97,245.80,243.93,245.80,0
SP500,19861104,245.80,246.43,244.42,246.20,0
SP500,19861105,246.09,247.05,245.21,246.58,0
SP500,19861106,246.54,246.90,244.30,245.87,0
SP500,19861107,245.85,246.13,244.92,245.77,0
SP500,19861110,245.75,246.22,244.68,246.13,0
SP500,19861111,246.15,247.10,246.12,247.08,0
SP500,19861112,247.06,247.67,245.68,246.64,0
SP500,19861113,246.63,246.66,242.98,243.02,0
SP500,19861114,243.01,244.51,241.96,244.50,0
SP500,19861117,244.50,244.80,242.29,243.21,0
SP500,19861118,243.20,243.23,236.65,236.78,0
SP500,19861119,236.77,237.94,235.51,237.66,0
SP500,19861120,237.66,242.05,237.66,242.05,0
SP500,19861121,242.03,246.38,241.97,245.86,0
SP500,19861124,245.86,248.00,245.21,247.45,0
SP500,19861125,247.44,248.18,246.30,248.17,0
SP500,19861126,248.14,248.90,247.73,248.77,0
SP500,19861128,248.82,249.22,248.07,249.22,0
SP500,19861201,249.22,249.22,245.72,249.05,0
SP500,19861202,249.06,254.00,249.05,254.00,0
SP500,19861203,254.00,254.87,253.24,253.85,0
SP500,19861204,253.85,254.42,252.88,253.04,0
SP500,19861205,253.05,253.89,250.71,251.17,0
SP500,19861208,251.16,252.36,248.82,251.16,0
SP500,19861209,251.16,251.27,249.25,249.28,0
SP500,19861210,249.28,251.53,248.94,250.96,0
SP500,19861211,250.97,250.98,247.15,248.17,0
SP500,19861212,248.17,248.31,247.02,247.35,0
SP500,19861215,247.31,248.23,244.92,248.21,0
SP500,19861216,248.21,250.04,247.40,250.04,0
SP500,19861217,250.01,250.04,247.19,247.56,0
SP500,19861218,247.56,247.81,246.45,246.78,0
SP500,19861219,246.79,249.96,245.89,249.73,0
SP500,19861222,249.73,249.73,247.45,248.75,0
SP500,19861223,248.75,248.75,245.85,246.34,0
SP500,19861224,246.34,247.22,246.02,246.75,0
SP500,19861226,246.75,247.09,246.73,246.92,0
SP500,19861229,246.90,246.92,244.31,244.67,0
SP500,19861230,244.66,244.67,243.04,243.37,0
SP500,19861231,243.37,244.03,241.28,242.17,0
SP500,19870102,242.17,246.45,242.17,246.45,0
SP500,19870105,246.45,252.57,246.45,252.19,0
SP500,19870106,252.20,253.99,252.14,252.78,0
SP500,19870107,252.78,255.72,252.65,255.33,0
SP500,19870108,255.36,257.28,254.97,257.28,0
SP500,19870109,257.26,259.20,256.11,258.73,0
SP500,19870112,258.72,261.36,257.92,260.30,0
SP500,19870113,260.30,260.45,259.21,259.95,0
SP500,19870114,259.95,262.72,259.62,262.64,0
SP500,19870115,262.65,266.68,262.64,265.49,0
SP500,19870116,265.46,267.24,264.31,266.28,0
SP500,19870119,266.26,269.34,264.00,269.34,0
SP500,19870120,269.34,271.03,267.65,269.04,0
SP500,19870121,269.04,270.87,267.35,267.84,0
SP500,19870122,267.84,274.05,267.32,273.91,0
SP500,19870123,273.91,280.96,268.41,270.10,0
SP500,19870126,270.10,270.40,267.73,269.61,0
SP500,19870127,269.61,274.31,269.61,273.75,0
SP500,19870128,273.75,275.71,273.03,275.40,0
SP500,19870129,275.40,276.85,272.54,274.24,0
SP500,19870130,274.24,274.24,271.38,274.08,0
SP500,19870202,274.08,277.35,273.16,276.45,0
SP500,19870203,276.45,277.83,275.84,275.99,0
SP500,19870204,275.99,279.65,275.35,279.64,0
SP500,19870205,279.64,282.26,278.66,281.16,0
SP500,19870206,281.16,281.79,279.87,280.04,0
SP500,19870209,280.04,280.04,277.24,278.16,0
SP500,19870210,278.16,278.16,273.49,275.07,0
SP500,19870211,275.07,277.71,274.71,277.54,0
SP500,19870212,277.54,278.04,273.89,275.62,0
SP500,19870213,275.62,280.91,275.01,279.70,0
SP500,19870217,279.70,285.49,279.70,285.49,0
SP500,19870218,285.49,287.55,282.97,285.42,0
SP500,19870219,285.42,286.24,283.84,285.57,0
SP500,19870220,285.57,285.98,284.31,285.48,0
SP500,19870223,285.48,285.50,279.37,282.38,0
SP500,19870224,282.38,283.33,281.45,282.88,0
SP500,19870225,282.88,285.35,282.14,284.00,0
SP500,19870226,284.00,284.40,280.73,282.96,0
SP500,19870227,282.96,284.55,282.77,284.20,0
SP500,19870302,284.17,284.83,282.30,283.00,0
SP500,19870303,283.00,284.19,282.92,284.12,0
SP500,19870304,284.12,288.62,284.12,288.62,0
SP500,19870305,288.62,291.24,288.60,290.52,0
SP500,19870306,290.52,290.67,288.77,290.66,0
SP500,19870309,290.66,290.66,287.12,288.30,0
SP500,19870310,288.30,290.87,287.89,290.86,0
SP500,19870311,290.87,292.51,289.33,290.31,0
SP500,19870312,290.33,291.91,289.66,291.22,0
SP500,19870313,291.22,291.79,289.88,289.89,0
SP500,19870316,289.88,289.89,286.64,288.23,0
SP500,19870317,288.09,292.47,287.96,292.47,0
SP500,19870318,292.49,294.58,290.87,292.78,0
SP500,19870319,292.73,294.46,292.26,294.08,0
SP500,19870320,294.08,298.17,294.08,298.17,0
SP500,19870323,298.16,301.17,297.50,301.16,0
SP500,19870324,301.17,301.92,300.14,301.64,0
SP500,19870325,301.52,301.85,299.36,300.38,0
SP500,19870326,300.39,302.72,300.38,300.93,0
SP500,19870327,300.96,301.41,296.06,296.13,0
SP500,19870330,296.10,296.13,286.69,289.20,0
SP500,19870331,289.21,291.87,289.07,291.70,0
SP500,19870401,291.59,292.38,288.34,292.38,0
SP500,19870402,292.41,294.47,292.02,293.63,0
SP500,19870403,293.64,301.30,292.30,300.41,0
SP500,19870406,300.46,302.21,300.41,301.95,0
SP500,19870407,301.94,303.65,296.67,296.69,0
SP500,19870408,296.72,299.20,295.18,297.26,0
SP500,19870409,297.25,297.71,291.50,292.86,0
SP500,19870410,292.82,293.74,290.94,292.49,0
SP500,19870413,292.48,293.36,285.62,285.62,0
SP500,19870414,285.61,285.62,275.67,279.16,0
SP500,19870415,279.17,285.14,279.16,284.44,0
SP500,19870416,284.45,289.57,284.44,286.91,0
SP500,19870420,286.91,288.36,284.55,286.09,0
SP500,19870421,285.88,293.07,282.89,293.07,0
SP500,19870422,293.05,293.46,286.98,287.19,0
SP500,19870423,287.19,289.12,284.28,286.82,0
SP500,19870424,286.81,286.82,281.18,281.52,0
SP500,19870427,281.52,284.45,276.22,281.83,0
SP500,19870428,281.83,285.95,281.83,282.51,0
SP500,19870429,282.58,286.42,282.58,284.57,0
SP500,19870430,284.58,290.08,284.57,288.36,0
SP500,19870501,286.99,289.71,286.52,288.03,0
SP500,19870504,288.02,289.99,286.39,289.36,0
SP500,19870505,289.36,295.40,289.34,295.34,0
SP500,19870506,295.35,296.19,293.60,295.47,0
SP500,19870507,295.45,296.80,294.07,294.71,0
SP500,19870508,294.73,296.18,291.73,293.37,0
SP500,19870511,293.37,298.69,291.55,291.57,0
SP500,19870512,291.57,293.30,290.18,293.30,0
SP500,19870513,293.31,294.54,290.74,293.98,0
SP500,19870514,293.98,295.10,292.95,294.24,0
SP500,19870515,294.23,294.24,287.11,287.43,0
SP500,19870518,287.43,287.43,282.57,286.65,0
SP500,19870519,286.66,287.39,278.83,279.62,0
SP500,19870520,279.62,280.89,277.01,278.21,0
SP500,19870521,278.23,282.31,278.21,280.17,0
SP500,19870522,280.17,283.33,280.17,282.16,0
SP500,19870526,282.16,289.11,282.16,289.11,0
SP500,19870527,289.07,290.78,288.19,288.73,0
SP500,19870528,288.73,291.50,286.33,290.76,0
SP500,19870529,290.77,292.87,289.70,290.10,0
SP500,19870601,290.12,291.96,289.23,289.83,0
SP500,19870602,289.82,290.94,286.93,288.46,0
SP500,19870603,288.56,293.47,288.56,293.47,0
SP500,19870604,293.46,295.09,292.76,295.09,0
SP500,19870605,295.11,295.11,292.80,293.45,0
SP500,19870608,293.46,297.03,291.55,296.72,0
SP500,19870609,296.72,297.59,295.90,297.28,0
SP500,19870610,297.28,300.81,295.66,297.47,0
SP500,19870611,297.50,298.94,297.47,298.73,0
SP500,19870612,298.77,302.26,298.73,301.62,0
SP500,19870615,301.62,304.11,301.62,303.14,0
SP500,19870616,303.12,304.86,302.60,304.76,0
SP500,19870617,304.77,305.74,304.03,304.81,0
SP500,19870618,304.78,306.13,303.38,305.69,0
SP500,19870619,305.71,306.97,305.55,306.97,0
SP500,19870622,306.98,310.20,306.97,309.65,0
SP500,19870623,309.66,310.27,307.48,308.43,0
SP500,19870624,308.44,308.91,306.32,306.86,0
SP500,19870625,306.87,309.44,306.86,308.96,0
SP500,19870626,308.94,308.96,306.36,307.16,0
SP500,19870629,307.15,308.15,306.75,307.90,0
SP500,19870630,307.89,308.00,303.01,304.00,0
SP500,19870701,303.99,304.00,302.53,302.94,0
SP500,19870702,302.96,306.34,302.94,305.63,0
SP500,19870706,305.64,306.75,304.23,304.92,0
SP500,19870707,304.91,308.63,304.73,307.40,0
SP500,19870708,307.41,308.48,306.01,308.29,0
SP500,19870709,308.30,309.56,307.42,307.52,0
SP500,19870710,307.55,308.40,306.96,308.37,0
SP500,19870713,308.41,308.41,305.49,307.63,0
SP500,19870714,307.67,310.69,307.46,310.68,0
SP500,19870715,310.67,312.08,309.07,310.42,0
SP500,19870716,311.00,312.83,310.42,312.70,0
SP500,19870717,312.71,314.59,312.38,314.59,0
SP500,19870720,314.56,314.59,311.24,311.39,0
SP500,19870721,311.36,312.41,307.51,308.55,0
SP500,19870722,308.56,309.12,307.22,308.47,0
SP500,19870723,308.50,309.63,306.10,307.81,0
SP500,19870724,307.82,309.28,307.78,309.27,0
SP500,19870727,309.30,310.70,308.61,310.65,0
SP500,19870728,310.65,312.33,310.28,312.33,0
SP500,19870729,312.34,315.65,311.73,315.65,0
SP500,19870730,315.69,318.53,315.65,318.05,0
SP500,19870731,318.05,318.85,317.56,318.66,0
SP500,19870803,318.62,320.26,316.52,317.57,0
SP500,19870804,317.59,318.25,314.51,316.23,0
SP500,19870805,316.25,319.74,316.23,318.45,0
SP500,19870806,318.49,322.09,317.50,322.09,0
SP500,19870807,322.10,324.15,321.82,323.00,0
SP500,19870810,322.98,328.00,322.95,328.00,0
SP500,19870811,328.02,333.40,328.00,333.33,0
SP500,19870812,333.32,334.57,331.06,332.39,0
SP500,19870813,332.38,335.52,332.38,334.65,0
SP500,19870814,334.63,336.08,332.63,333.99,0
SP500,19870817,333.98,335.43,332.88,334.11,0
SP500,19870818,334.10,334.11,326.43,329.25,0
SP500,19870819,329.26,329.89,326.54,329.83,0
SP500,19870820,331.49,335.19,329.83,334.84,0
SP500,19870821,334.85,336.37,334.30,335.90,0
SP500,19870824,335.89,335.90,331.92,333.33,0
SP500,19870825,333.37,337.89,333.33,336.77,0
SP500,19870826,336.77,337.39,334.46,334.57,0
SP500,19870827,334.56,334.57,331.10,331.38,0
SP500,19870828,331.37,331.38,327.03,327.04,0
SP500,19870831,327.03,330.09,326.99,329.80,0
SP500,19870901,329.81,332.18,322.83,323.40,0
SP500,19870902,323.40,324.53,318.76,321.68,0
SP500,19870903,321.47,324.29,317.39,320.21,0
SP500,19870904,320.21,322.03,316.53,316.70,0
SP500,19870908,316.68,316.70,308.56,313.56,0
SP500,19870909,313.60,315.41,312.29,313.92,0
SP500,19870910,313.92,317.59,313.92,317.13,0
SP500,19870911,317.14,322.45,317.13,321.98,0
SP500,19870914,322.02,323.81,320.40,323.08,0
SP500,19870915,323.07,323.08,317.63,317.74,0
SP500,19870916,317.75,319.50,314.61,314.86,0
SP500,19870917,314.94,316.08,313.45,314.93,0
SP500,19870918,314.98,316.99,314.86,314.86,0
SP500,19870921,314.92,317.66,310.12,310.54,0
SP500,19870922,310.54,319.51,308.69,319.50,0
SP500,19870923,319.49,321.83,319.12,321.19,0
SP500,19870924,321.09,322.01,319.12,319.72,0
SP500,19870925,319.72,320.55,318.10,320.16,0
SP500,19870928,320.16,325.33,320.16,323.20,0
SP500,19870929,323.20,324.63,320.27,321.69,0
SP500,19870930,321.69,322.53,320.16,321.83,0
SP500,19871001,321.83,327.34,321.83,327.33,0
SP500,19871002,327.33,328.94,327.22,328.07,0
SP500,19871005,328.07,328.57,326.09,328.08,0
SP500,19871006,328.08,328.08,319.17,319.22,0
SP500,19871007,319.22,319.39,315.78,318.54,0
SP500,19871008,318.54,319.34,312.02,314.16,0
SP500,19871009,314.16,315.04,310.97,311.07,0
SP500,19871012,311.07,311.07,306.76,309.39,0
SP500,19871013,309.39,314.53,309.39,314.52,0
SP500,19871014,314.52,314.52,304.78,305.23,0
SP500,19871015,305.21,305.23,298.07,298.08,0
SP500,19871016,298.08,298.92,281.52,282.70,0
SP500,19871019,282.70,282.70,224.83,224.84,0
SP500,19871020,225.06,245.62,216.46,236.83,0
SP500,19871021,236.83,259.27,236.83,258.38,0
SP500,19871022,258.24,258.38,242.99,248.25,0
SP500,19871023,248.29,250.70,242.76,248.22,0
SP500,19871026,248.20,248.22,227.26,227.67,0
SP500,19871027,227.67,237.81,227.67,233.19,0
SP500,19871028,233.19,238.58,226.26,233.28,0
SP500,19871029,233.31,246.69,233.28,244.77,0
SP500,19871030,244.77,254.04,244.77,251.79,0
SP500,19871102,251.73,255.75,249.15,255.75,0
SP500,19871103,255.75,255.75,242.78,250.82,0
SP500,19871104,250.81,251.00,246.34,248.96,0
SP500,19871105,248.93,256.09,247.72,254.48,0
SP500,19871106,254.49,257.21,249.68,250.41,0
SP500,19871109,250.41,250.41,243.01,243.17,0
SP500,19871110,243.14,243.17,237.64,239.00,0
SP500,19871111,239.01,243.86,239.00,241.90,0
SP500,19871112,241.93,249.90,241.90,248.52,0
SP500,19871113,248.54,249.42,245.64,245.64,0
SP500,19871116,245.69,249.54,244.98,246.76,0
SP500,19871117,246.73,246.76,240.81,243.04,0
SP500,19871118,243.09,245.55,240.67,245.55,0
SP500,19871119,245.54,245.55,239.70,240.05,0
SP500,19871120,240.04,242.01,235.89,242.00,0
SP500,19871123,242.00,242.99,240.50,242.99,0
SP500,19871124,242.98,247.90,242.98,246.39,0
SP500,19871125,246.42,246.54,244.08,244.10,0
SP500,19871127,244.11,244.12,240.34,240.34,0
SP500,19871130,240.27,240.34,225.75,230.30,0
SP500,19871201,230.32,234.02,230.30,232.00,0
SP500,19871202,232.01,234.56,230.31,233.45,0
SP500,19871203,233.46,233.90,225.21,225.21,0
SP500,19871204,225.20,225.77,221.24,223.92,0
SP500,19871207,223.98,228.77,223.92,228.76,0
SP500,19871208,228.77,234.92,228.69,234.91,0
SP500,19871209,234.91,240.09,233.83,238.89,0
SP500,19871210,238.89,240.05,233.40,233.57,0
SP500,19871211,233.60,235.48,233.35,235.32,0
SP500,19871214,235.30,242.34,235.04,242.19,0
SP500,19871215,242.19,245.59,241.31,242.81,0
SP500,19871216,242.81,248.11,242.80,248.08,0
SP500,19871217,248.08,248.60,242.96,242.98,0
SP500,19871218,243.01,249.18,243.01,249.16,0
SP500,19871221,249.14,250.25,248.30,249.54,0
SP500,19871222,249.56,249.97,247.01,249.95,0
SP500,19871223,249.96,253.35,249.95,253.16,0
SP500,19871224,253.13,253.16,251.68,252.03,0
SP500,19871228,252.01,252.02,244.19,245.57,0
SP500,19871229,245.58,245.88,244.28,244.59,0
SP500,19871230,244.63,248.06,244.59,247.86,0
SP500,19871231,247.84,247.86,245.22,247.08,0
SP500,19880104,247.10,256.44,247.08,255.94,0
SP500,19880105,255.95,261.78,255.95,258.63,0
SP500,19880106,258.64,259.79,257.18,258.89,0
SP500,19880107,258.87,261.32,256.18,261.07,0
SP500,19880108,261.05,261.07,242.95,243.40,0
SP500,19880111,243.38,247.51,241.07,247.49,0
SP500,19880112,247.44,247.49,240.46,245.42,0
SP500,19880113,245.41,249.25,241.41,245.81,0
SP500,19880114,245.83,247.00,243.97,245.88,0
SP500,19880115,246.02,253.65,245.88,252.05,0
SP500,19880118,252.05,252.86,249.98,251.88,0
SP500,19880119,251.84,253.33,248.75,249.32,0
SP500,19880120,249.31,249.32,241.14,242.63,0
SP500,19880121,242.65,244.25,240.17,243.14,0
SP500,19880122,243.14,246.50,243.14,246.50,0
SP500,19880125,246.53,252.87,246.50,252.17,0
SP500,19880126,252.13,252.17,249.10,249.57,0
SP500,19880127,249.58,253.02,248.50,249.38,0
SP500,19880128,249.39,253.66,249.38,253.29,0
SP500,19880129,253.31,257.07,252.70,257.07,0
SP500,19880201,257.05,258.27,254.93,255.04,0
SP500,19880202,255.05,256.08,252.80,255.57,0
SP500,19880203,255.56,256.98,250.56,252.21,0
SP500,19880204,252.20,253.03,250.34,252.21,0
SP500,19880205,252.22,253.85,250.90,250.96,0
SP500,19880208,250.95,250.96,247.82,249.10,0
SP500,19880209,249.11,251.72,248.66,251.72,0
SP500,19880210,251.74,256.92,251.72,256.66,0
SP500,19880211,256.63,257.77,255.12,255.95,0
SP500,19880212,255.95,258.86,255.85,257.63,0
SP500,19880216,257.61,259.84,256.57,259.83,0
SP500,19880217,259.94,261.47,257.83,259.21,0
SP500,19880218,258.82,259.60,256.90,257.91,0
SP500,19880219,257.90,261.61,257.62,261.61,0
SP500,19880222,261.60,266.06,260.88,265.64,0
SP500,19880223,265.62,266.12,263.11,265.02,0
SP500,19880224,265.01,266.25,263.87,264.43,0
SP500,19880225,264.39,267.75,261.05,261.58,0
SP500,19880226,261.56,263.00,261.38,262.46,0
SP500,19880229,262.46,267.82,262.46,267.82,0
SP500,19880301,267.82,267.95,265.39,267.22,0
SP500,19880302,267.23,268.75,267.00,267.98,0
SP500,19880303,267.98,268.40,266.82,267.88,0
SP500,19880304,267.87,268.40,264.72,267.30,0
SP500,19880307,267.28,267.69,265.94,267.38,0
SP500,19880308,267.38,270.06,267.38,269.43,0
SP500,19880309,269.46,270.76,268.65,269.06,0
SP500,19880310,269.07,269.35,263.80,263.84,0
SP500,19880311,263.85,264.94,261.27,264.94,0
SP500,19880314,264.93,266.55,264.52,266.37,0
SP500,19880315,266.34,266.41,264.92,266.13,0
SP500,19880316,266.11,268.68,264.81,268.65,0
SP500,19880317,268.66,271.22,268.65,271.22,0
SP500,19880318,271.22,272.64,269.76,271.12,0
SP500,19880321,271.10,271.12,267.42,268.74,0
SP500,19880322,268.73,269.61,267.90,268.84,0
SP500,19880323,268.81,269.79,268.01,268.91,0
SP500,19880324,268.91,268.91,262.48,263.35,0
SP500,19880325,263.34,263.44,258.12,258.51,0
SP500,19880328,258.50,258.51,256.07,258.06,0
SP500,19880329,258.11,260.86,258.06,260.07,0
SP500,19880330,260.06,261.59,257.92,258.07,0
SP500,19880331,258.03,259.03,256.16,258.89,0
SP500,19880404,258.89,259.06,255.68,256.09,0
SP500,19880405,256.10,258.52,256.03,258.51,0
SP500,19880406,258.52,265.50,258.22,265.49,0
SP500,19880407,265.51,267.32,265.22,266.16,0
SP500,19880408,266.15,270.22,266.11,269.43,0
SP500,19880411,269.43,270.41,268.61,270.16,0
SP500,19880412,269.88,272.05,269.66,271.37,0
SP500,19880413,271.33,271.70,269.23,271.58,0
SP500,19880414,271.55,271.57,259.37,259.75,0
SP500,19880415,259.74,260.39,255.97,259.77,0
SP500,19880418,259.75,259.81,258.03,259.21,0
SP500,19880419,259.24,262.38,257.91,257.92,0
SP500,19880420,257.91,258.54,256.12,256.13,0
SP500,19880421,256.15,260.44,254.71,256.42,0
SP500,19880422,256.45,261.16,256.42,260.14,0
SP500,19880425,260.15,263.29,260.14,262.51,0
SP500,19880426,262.45,265.06,262.18,263.93,0
SP500,19880427,263.94,265.09,263.45,263.80,0
SP500,19880428,263.79,263.80,262.22,262.61,0
SP500,19880429,262.59,262.61,259.97,261.33,0
SP500,19880502,261.36,261.56,259.99,261.56,0
SP500,19880503,261.55,263.70,261.55,263.00,0
SP500,19880504,263.05,263.23,260.31,260.32,0
SP500,19880505,260.30,260.32,258.13,258.79,0
SP500,19880506,258.80,260.31,257.03,257.48,0
SP500,19880509,257.47,258.22,255.45,256.54,0
SP500,19880510,256.53,258.30,255.93,257.62,0
SP500,19880511,257.60,257.62,252.32,253.31,0
SP500,19880512,253.32,254.87,253.31,253.85,0
SP500,19880513,253.88,256.83,253.85,256.78,0
SP500,19880516,256.75,258.71,256.28,258.71,0
SP500,19880517,258.72,260.20,255.35,255.39,0
SP500,19880518,255.40,255.67,250.73,251.35,0
SP500,19880519,251.36,252.57,248.85,252.57,0
SP500,19880520,252.61,253.70,251.79,253.02,0
SP500,19880523,253.00,253.02,249.82,250.83,0
SP500,19880524,250.84,253.51,250.83,253.51,0
SP500,19880525,253.52,255.34,253.51,253.76,0
SP500,19880526,253.75,254.98,253.52,254.63,0
SP500,19880527,254.62,254.63,252.74,253.42,0
SP500,19880531,253.44,262.16,253.42,262.16,0
SP500,19880601,262.16,267.43,262.10,266.69,0
SP500,19880602,266.65,266.71,264.12,265.33,0
SP500,19880603,265.34,267.11,264.42,266.45,0
SP500,19880606,266.46,267.05,264.97,267.05,0
SP500,19880607,267.02,267.28,264.50,265.17,0
SP500,19880608,265.32,272.01,265.17,271.52,0
SP500,19880609,271.50,272.29,270.19,270.20,0
SP500,19880610,270.22,273.21,270.20,271.26,0
SP500,19880613,271.28,271.94,270.53,271.43,0
SP500,19880614,271.58,276.14,271.44,274.30,0
SP500,19880615,274.29,274.45,272.75,274.45,0
SP500,19880616,274.44,274.45,268.76,269.77,0
SP500,19880617,269.79,270.77,268.09,270.68,0
SP500,19880620,270.67,270.68,268.59,268.94,0
SP500,19880621,268.95,271.67,267.52,271.67,0
SP500,19880622,271.69,276.88,271.67,275.66,0
SP500,19880623,275.62,275.89,274.26,274.82,0
SP500,19880624,274.81,275.19,273.53,273.78,0
SP500,19880627,273.78,273.79,268.85,269.06,0
SP500,19880628,269.07,272.80,269.06,272.31,0
SP500,19880629,272.32,273.01,269.49,270.98,0
SP500,19880630,271.00,273.51,270.97,273.50,0
SP500,19880701,273.50,273.80,270.78,271.78,0
SP500,19880705,271.78,275.81,270.51,275.81,0
SP500,19880706,275.80,276.36,269.92,272.02,0
SP500,19880707,272.00,272.05,269.31,271.78,0
SP500,19880708,271.76,272.31,269.86,270.02,0
SP500,19880711,270.03,271.64,270.02,270.55,0
SP500,19880712,270.54,270.70,266.96,267.85,0
SP500,19880713,267.87,269.46,266.12,269.32,0
SP500,19880714,269.33,270.69,268.58,270.26,0
SP500,19880715,270.23,272.06,269.53,272.05,0
SP500,19880718,271.99,272.05,268.66,270.51,0
SP500,19880719,270.49,271.21,267.01,268.47,0
SP500,19880720,268.52,270.24,268.47,270.00,0
SP500,19880721,269.99,270.00,266.66,266.66,0
SP500,19880722,266.65,266.66,263.29,263.50,0
SP500,19880725,263.49,265.17,263.03,264.68,0
SP500,19880726,264.70,266.09,264.32,265.19,0
SP500,19880727,265.18,265.83,262.48,262.50,0
SP500,19880728,262.52,266.55,262.50,266.02,0
SP500,19880729,266.04,272.02,266.02,272.02,0
SP500,19880801,272.03,272.80,271.21,272.21,0
SP500,19880802,272.19,273.68,270.37,272.06,0
SP500,19880803,272.03,273.42,271.15,272.98,0
SP500,19880804,273.00,274.20,271.77,271.93,0
SP500,19880805,271.70,271.93,270.08,271.15,0
SP500,19880808,271.13,272.47,269.93,269.98,0
SP500,19880809,270.00,270.20,265.06,266.49,0
SP500,19880810,266.43,266.49,261.03,261.90,0
SP500,19880811,261.92,262.77,260.34,262.75,0
SP500,19880812,262.70,262.94,261.37,262.55,0
SP500,19880815,262.49,262.55,258.68,258.69,0
SP500,19880816,258.68,262.61,257.50,260.56,0
SP500,19880817,260.57,261.84,259.33,260.77,0
SP500,19880818,260.76,262.76,260.75,261.03,0
SP500,19880819,261.05,262.27,260.23,260.24,0
SP500,19880822,260.24,260.71,256.94,256.98,0
SP500,19880823,256.99,257.86,256.53,257.09,0
SP500,19880824,257.16,261.13,257.09,261.13,0
SP500,19880825,261.10,261.13,257.56,259.18,0
SP500,19880826,259.18,260.15,258.87,259.68,0
SP500,19880829,259.68,262.56,259.68,262.33,0
SP500,19880830,262.33,263.18,261.53,262.51,0
SP500,19880831,262.51,263.80,261.21,261.52,0
SP500,19880901,261.52,261.52,256.98,258.35,0
SP500,19880902,258.35,264.90,258.35,264.48,0
SP500,19880906,264.42,265.94,264.40,265.59,0
SP500,19880907,265.62,266.98,264.93,265.87,0
SP500,19880908,265.87,266.54,264.88,265.88,0
SP500,19880909,265.88,268.26,263.66,266.84,0
SP500,19880912,266.85,267.64,266.22,266.47,0
SP500,19880913,266.45,267.43,265.22,267.43,0
SP500,19880914,267.50,269.47,267.41,269.31,0
SP500,19880915,269.30,269.78,268.03,268.13,0
SP500,19880916,268.13,270.81,267.33,270.65,0
SP500,19880919,270.64,270.65,267.41,268.82,0
SP500,19880920,268.83,270.07,268.50,269.73,0
SP500,19880921,269.76,270.64,269.48,270.16,0
SP500,19880922,270.19,270.58,268.26,269.18,0
SP500,19880923,269.16,270.31,268.28,269.76,0
SP500,19880926,269.77,269.80,268.61,268.88,0
SP500,19880927,268.89,269.36,268.01,268.26,0
SP500,19880928,268.22,269.08,267.77,269.08,0
SP500,19880929,269.09,273.02,269.08,272.59,0
SP500,19880930,272.55,274.87,271.66,271.91,0
SP500,19881003,271.89,271.91,268.84,271.38,0
SP500,19881004,271.37,271.79,270.34,270.62,0
SP500,19881005,270.63,272.45,270.08,271.86,0
SP500,19881006,271.87,272.39,271.30,272.39,0
SP500,19881007,272.38,278.07,272.37,278.07,0
SP500,19881010,278.06,278.69,277.10,278.24,0
SP500,19881011,278.15,278.24,276.33,277.93,0
SP500,19881012,277.91,277.93,273.05,273.98,0
SP500,19881013,273.95,275.83,273.39,275.22,0
SP500,19881014,275.27,277.01,274.08,275.50,0
SP500,19881017,275.48,276.65,275.01,276.41,0
SP500,19881018,276.43,279.39,276.41,279.38,0
SP500,19881019,279.40,280.53,274.41,276.97,0
SP500,19881020,276.97,282.88,276.93,282.88,0
SP500,19881021,282.88,283.66,281.16,283.66,0
SP500,19881024,283.63,283.95,282.28,282.28,0
SP500,19881025,282.28,282.84,281.87,282.38,0
SP500,19881026,282.37,282.52,280.54,281.38,0
SP500,19881027,281.35,281.38,276.00,277.28,0
SP500,19881028,277.29,279.48,277.28,278.53,0
SP500,19881031,278.54,279.39,277.14,278.97,0
SP500,19881101,278.97,279.57,278.01,279.06,0
SP500,19881102,279.07,279.45,277.08,279.06,0
SP500,19881103,279.04,280.37,279.04,279.20,0
SP500,19881104,279.11,279.20,276.31,276.31,0
SP500,19881107,276.30,276.31,273.62,273.93,0
SP500,19881108,273.95,275.80,273.93,275.15,0
SP500,19881109,275.14,275.15,272.15,273.33,0
SP500,19881110,273.32,274.37,272.98,273.69,0
SP500,19881111,273.65,273.69,267.92,267.92,0
SP500,19881114,267.93,269.25,266.79,267.72,0
SP500,19881115,267.73,268.75,267.72,268.34,0
SP500,19881116,268.41,268.41,262.85,263.82,0
SP500,19881117,264.61,265.63,263.45,264.60,0
SP500,19881118,264.60,266.62,264.60,266.47,0
SP500,19881121,266.35,266.47,263.41,266.22,0
SP500,19881122,266.19,267.85,265.42,267.21,0
SP500,19881123,267.22,269.56,267.21,269.00,0
SP500,19881125,268.99,269.00,266.47,267.23,0
SP500,19881128,267.22,268.98,266.97,268.64,0
SP500,19881129,268.60,271.31,268.13,270.91,0
SP500,19881130,270.91,274.36,270.90,273.70,0
SP500,19881201,273.68,273.70,272.27,272.49,0
SP500,19881202,272.49,272.49,270.47,271.81,0
SP500,19881205,274.93,275.62,271.81,274.93,0
SP500,19881206,274.93,277.89,274.62,277.59,0
SP500,19881207,277.59,279.01,277.34,278.13,0
SP500,19881208,278.13,278.13,276.55,276.59,0
SP500,19881209,276.57,277.82,276.34,277.03,0
SP500,19881212,277.03,278.82,276.52,276.52,0
SP500,19881213,276.52,276.52,274.58,276.31,0
SP500,19881214,276.31,276.31,274.58,275.31,0
SP500,19881215,275.32,275.62,274.01,274.28,0
SP500,19881216,274.28,276.29,274.28,276.29,0
SP500,19881219,276.29,279.31,275.61,278.91,0
SP500,19881220,278.91,280.45,277.47,277.47,0
SP500,19881221,277.47,277.83,276.30,277.38,0
SP500,19881222,277.38,277.89,276.86,276.87,0
SP500,19881223,276.87,277.99,276.87,277.87,0
SP500,19881227,277.87,278.09,276.74,276.83,0
SP500,19881228,276.83,277.55,276.17,277.08,0
SP500,19881229,277.08,279.42,277.08,279.40,0
SP500,19881230,279.39,279.78,277.72,277.72,0
SP500,19890103,277.72,277.72,273.81,275.31,0
SP500,19890104,275.31,279.75,275.31,279.43,0
SP500,19890105,279.43,281.51,279.43,280.01,0
SP500,19890106,280.01,282.06,280.01,280.67,0
SP500,19890109,280.67,281.89,280.32,280.98,0
SP500,19890110,280.98,281.58,279.44,280.38,0
SP500,19890111,280.38,282.01,280.21,282.01,0
SP500,19890112,282.01,284.63,282.01,283.17,0
SP500,19890113,283.17,284.12,282.71,283.87,0
SP500,19890116,283.87,284.88,283.63,284.14,0
SP500,19890117,284.14,284.14,283.06,283.55,0
SP500,19890118,283.55,286.87,282.65,286.53,0
SP500,19890119,286.53,287.90,286.14,286.91,0
SP500,19890120,286.90,287.04,285.75,286.63,0
SP500,19890123,287.85,287.98,284.50,284.50,0
SP500,19890124,284.50,288.49,284.50,288.49,0
SP500,19890125,288.49,289.15,287.97,289.14,0
SP500,19890126,289.14,292.62,288.13,291.69,0
SP500,19890127,291.69,296.08,291.69,293.82,0
SP500,19890130,293.82,295.13,293.54,294.99,0
SP500,19890131,294.99,297.51,293.57,297.47,0
SP500,19890201,297.47,298.33,296.22,297.09,0
SP500,19890202,297.09,297.92,295.81,296.84,0
SP500,19890203,296.84,297.66,296.15,296.97,0
SP500,19890206,296.97,296.99,294.96,296.04,0
SP500,19890207,296.04,300.34,295.78,299.63,0
SP500,19890208,299.62,300.57,298.41,298.65,0
SP500,19890209,298.65,298.79,295.16,296.06,0
SP500,19890210,296.06,296.06,291.96,292.02,0
SP500,19890213,292.02,293.07,290.88,292.54,0
SP500,19890214,292.54,294.37,291.41,291.81,0
SP500,19890215,291.81,294.42,291.49,294.24,0
SP500,19890216,294.24,295.15,294.22,294.81,0
SP500,19890217,294.81,297.12,294.69,296.76,0
SP500,19890221,296.76,297.04,295.16,295.98,0
SP500,19890222,295.98,295.98,290.76,290.91,0
SP500,19890223,290.91,292.05,289.83,292.05,0
SP500,19890224,292.05,292.05,287.13,287.13,0
SP500,19890227,287.13,288.12,286.26,287.82,0
SP500,19890228,287.82,289.42,287.63,288.86,0
SP500,19890301,288.86,290.28,286.46,287.11,0
SP500,19890302,287.11,290.32,287.11,289.95,0
SP500,19890303,289.94,291.18,289.44,291.18,0
SP500,19890306,291.20,294.81,291.18,294.81,0
SP500,19890307,294.81,295.16,293.50,293.87,0
SP500,19890308,293.87,295.62,293.51,294.08,0
SP500,19890309,294.08,294.69,293.85,293.93,0
SP500,19890310,293.93,293.93,291.60,292.88,0
SP500,19890313,292.88,296.18,292.88,295.32,0
SP500,19890314,295.32,296.29,294.63,295.14,0
SP500,19890315,295.14,296.78,295.14,296.67,0
SP500,19890316,296.67,299.99,296.66,299.44,0
SP500,19890317,299.44,299.44,291.08,292.69,0
SP500,19890320,292.69,292.69,288.56,289.92,0
SP500,19890321,289.92,292.38,289.92,291.33,0
SP500,19890322,291.33,291.46,289.90,290.49,0
SP500,19890323,290.49,291.51,288.56,288.98,0
SP500,19890327,288.98,290.57,288.07,290.57,0
SP500,19890328,290.57,292.32,290.57,291.59,0
SP500,19890329,291.59,292.75,291.42,292.35,0
SP500,19890330,292.35,293.80,291.50,292.52,0
SP500,19890331,292.52,294.96,292.52,294.87,0
SP500,19890403,294.87,297.04,294.62,296.39,0
SP500,19890404,296.40,296.40,294.72,295.31,0
SP500,19890405,295.31,296.43,295.28,296.24,0
SP500,19890406,296.22,296.24,294.52,295.29,0
SP500,19890407,295.29,297.62,294.35,297.16,0
SP500,19890410,297.16,297.94,296.85,297.11,0
SP500,19890411,297.11,298.87,297.11,298.49,0
SP500,19890412,298.49,299.81,298.49,298.99,0
SP500,19890413,298.99,299.00,296.27,296.40,0
SP500,19890414,296.40,301.38,296.40,301.36,0
SP500,19890417,301.36,302.01,300.71,301.72,0
SP500,19890418,301.72,306.25,301.72,306.02,0
SP500,19890419,306.02,307.68,305.36,307.15,0
SP500,19890420,307.15,307.96,304.53,306.19,0
SP500,19890421,306.19,309.61,306.19,309.61,0
SP500,19890424,309.61,309.61,307.83,308.69,0
SP500,19890425,308.69,309.65,306.74,306.75,0
SP500,19890426,306.78,307.30,306.07,306.93,0
SP500,19890427,306.93,310.45,306.93,309.58,0
SP500,19890428,309.58,309.65,308.48,309.64,0
SP500,19890501,309.64,309.64,307.40,309.12,0
SP500,19890502,309.13,310.45,308.12,308.12,0
SP500,19890503,308.12,308.52,307.11,308.16,0
SP500,19890504,308.16,308.40,307.32,307.77,0
SP500,19890505,307.77,310.69,306.98,307.61,0
SP500,19890508,307.61,307.61,304.74,306.00,0
SP500,19890509,306.00,306.99,304.06,305.19,0
SP500,19890510,305.19,306.25,304.85,305.80,0
SP500,19890511,305.80,307.34,305.80,306.95,0
SP500,19890512,306.95,313.84,306.95,313.84,0
SP500,19890515,313.84,316.16,313.84,316.16,0
SP500,19890516,316.16,316.16,314.99,315.28,0
SP500,19890517,315.28,317.94,315.11,317.48,0
SP500,19890518,317.48,318.52,316.54,317.97,0
SP500,19890519,317.97,321.38,317.97,321.24,0
SP500,19890522,321.24,323.06,320.45,321.98,0
SP500,19890523,321.98,321.98,318.20,318.32,0
SP500,19890524,318.32,319.14,317.58,319.14,0
SP500,19890525,319.14,319.60,318.42,319.17,0
SP500,19890526,319.17,321.59,319.14,321.59,0
SP500,19890530,321.59,322.53,317.83,319.05,0
SP500,19890531,319.05,321.30,318.68,320.52,0
SP500,19890601,320.51,322.57,320.01,321.97,0
SP500,19890602,321.97,325.63,321.97,325.52,0
SP500,19890605,325.52,325.93,322.02,322.03,0
SP500,19890606,322.03,324.48,321.27,324.24,0
SP500,19890607,324.24,327.39,324.24,326.95,0
SP500,19890608,326.95,327.37,325.92,326.75,0
SP500,19890609,326.75,327.32,325.16,326.69,0
SP500,19890612,326.69,326.69,323.73,326.24,0
SP500,19890613,326.24,326.24,322.96,323.91,0
SP500,19890614,323.91,324.89,322.80,323.83,0
SP500,19890615,323.83,323.83,319.21,320.08,0
SP500,19890616,319.96,321.36,318.69,321.35,0
SP500,19890619,321.35,321.89,320.40,321.89,0
SP500,19890620,321.89,322.78,321.03,321.25,0
SP500,19890621,321.25,321.87,319.25,320.48,0
SP500,19890622,320.48,322.34,320.20,322.32,0
SP500,19890623,322.32,328.00,322.32,328.00,0
SP500,19890626,328.00,328.15,326.31,326.60,0
SP500,19890627,326.60,329.19,326.59,328.44,0
SP500,19890628,328.44,328.44,324.30,325.81,0
SP500,19890629,325.81,325.81,319.54,319.68,0
SP500,19890630,319.67,319.97,314.38,317.98,0
SP500,19890703,317.98,319.27,317.27,319.23,0
SP500,19890705,319.23,321.22,317.26,320.64,0
SP500,19890706,320.64,321.55,320.45,321.55,0
SP500,19890707,321.55,325.87,321.08,324.91,0
SP500,19890710,324.93,327.07,324.91,327.07,0
SP500,19890711,327.07,330.42,327.07,328.78,0
SP500,19890712,328.78,330.39,327.92,329.81,0
SP500,19890713,329.81,330.37,329.08,329.95,0
SP500,19890714,329.96,331.89,327.13,331.84,0
SP500,19890717,331.78,333.02,331.02,332.44,0
SP500,19890718,332.42,332.44,330.75,331.35,0
SP500,19890719,331.37,335.73,331.35,335.73,0
SP500,19890720,335.74,337.40,333.22,333.51,0
SP500,19890721,333.50,335.91,332.46,335.90,0
SP500,19890724,335.90,335.90,333.44,333.67,0
SP500,19890725,333.67,336.29,332.60,333.88,0
SP500,19890726,333.88,338.05,333.19,338.05,0
SP500,19890727,338.05,342.00,338.05,341.99,0
SP500,19890728,341.94,342.96,341.30,342.15,0
SP500,19890731,342.13,346.08,342.02,346.08,0
SP500,19890801,346.08,347.99,342.93,343.75,0
SP500,19890802,343.75,344.34,342.47,344.34,0
SP500,19890803,344.34,345.22,343.81,344.74,0
SP500,19890804,344.74,345.42,342.60,343.92,0
SP500,19890807,343.92,349.42,343.91,349.41,0
SP500,19890808,349.41,349.84,348.28,349.35,0
SP500,19890809,349.30,351.00,346.86,346.94,0
SP500,19890810,346.94,349.78,345.31,348.25,0
SP500,19890811,348.28,351.18,344.01,344.74,0
SP500,19890814,344.71,345.44,341.96,343.06,0
SP500,19890815,343.06,345.03,343.05,344.71,0
SP500,19890816,344.71,346.37,344.71,345.66,0
SP500,19890817,345.66,346.39,342.97,344.45,0
SP500,19890818,344.45,346.03,343.89,346.03,0
SP500,19890821,346.03,346.25,340.55,340.67,0
SP500,19890822,340.67,341.25,339.00,341.19,0
SP500,19890823,341.19,344.80,341.19,344.70,0
SP500,19890824,344.70,351.52,344.70,351.52,0
SP500,19890825,351.52,352.73,350.09,350.52,0
SP500,19890828,350.52,352.09,349.08,352.09,0
SP500,19890829,352.09,352.12,348.86,349.84,0
SP500,19890830,349.84,352.27,348.66,350.65,0
SP500,19890831,350.65,351.45,350.21,351.45,0
SP500,19890901,351.45,353.90,350.88,353.73,0
SP500,19890905,353.73,354.13,351.82,352.56,0
SP500,19890906,352.56,352.56,347.98,349.24,0
SP500,19890907,349.24,350.31,348.15,348.35,0
SP500,19890908,348.35,349.18,345.74,348.76,0
SP500,19890911,348.76,348.76,345.91,347.66,0
SP500,19890912,347.66,349.46,347.50,348.70,0
SP500,19890913,348.70,350.10,345.46,345.46,0
SP500,19890914,345.46,345.61,342.55,343.16,0
SP500,19890915,343.16,345.06,341.37,345.06,0
SP500,19890918,345.06,346.84,344.60,346.73,0
SP500,19890919,346.73,348.17,346.44,346.55,0
SP500,19890920,346.55,347.27,346.18,346.47,0
SP500,19890921,346.47,348.46,344.96,345.70,0
SP500,19890922,345.70,347.57,345.69,347.05,0
SP500,19890925,347.05,347.05,343.70,344.23,0
SP500,19890926,344.23,347.02,344.13,344.33,0
SP500,19890927,344.33,345.47,342.85,345.10,0
SP500,19890928,345.10,348.61,345.10,348.60,0
SP500,19890929,348.60,350.31,348.12,349.15,0
SP500,19891002,349.15,350.99,348.35,350.87,0
SP500,19891003,350.87,354.73,350.85,354.71,0
SP500,19891004,354.71,357.49,354.71,356.94,0
SP500,19891005,356.94,357.63,356.28,356.97,0
SP500,19891006,356.97,359.05,356.97,358.78,0
SP500,19891009,358.76,359.86,358.06,359.80,0
SP500,19891010,359.80,360.44,358.11,359.13,0
SP500,19891011,359.13,359.13,356.08,356.99,0
SP500,19891012,356.99,356.99,354.91,355.39,0
SP500,19891013,355.39,355.53,332.81,333.65,0
SP500,19891016,333.65,342.87,327.12,342.85,0
SP500,19891017,342.84,342.85,335.69,341.16,0
SP500,19891018,341.16,343.39,339.03,341.76,0
SP500,19891019,341.76,348.82,341.76,347.13,0
SP500,19891020,347.04,347.57,344.47,347.16,0
SP500,19891023,347.11,348.19,344.22,344.83,0
SP500,19891024,344.83,344.83,335.13,343.70,0
SP500,19891025,343.70,344.51,341.96,342.50,0
SP500,19891026,342.50,342.50,337.20,337.93,0
SP500,19891027,337.93,337.97,333.26,335.06,0
SP500,19891030,335.06,337.04,334.48,335.07,0
SP500,19891031,335.08,340.86,335.07,340.36,0
SP500,19891101,340.36,341.74,339.79,341.20,0
SP500,19891102,341.20,341.20,336.61,338.48,0
SP500,19891103,338.48,339.67,337.37,337.62,0
SP500,19891106,337.61,337.62,332.33,332.61,0
SP500,19891107,332.61,334.82,330.91,334.81,0
SP500,19891108,334.81,339.41,334.81,338.15,0
SP500,19891109,338.15,338.73,336.21,336.57,0
SP500,19891110,336.57,339.10,336.57,339.10,0
SP500,19891113,339.08,340.51,337.93,339.55,0
SP500,19891114,339.55,340.41,337.06,337.99,0
SP500,19891115,338.00,340.54,337.14,340.54,0
SP500,19891116,340.54,341.02,338.93,340.58,0
SP500,19891117,340.58,342.24,339.85,341.61,0
SP500,19891120,341.61,341.90,338.29,339.35,0
SP500,19891121,339.35,340.21,337.53,339.59,0
SP500,19891122,339.59,341.92,339.59,341.91,0
SP500,19891124,341.92,344.24,341.91,343.97,0
SP500,19891127,343.98,346.24,343.97,345.61,0
SP500,19891128,345.61,346.33,344.41,345.77,0
SP500,19891129,345.77,345.77,343.36,343.60,0
SP500,19891130,343.60,346.50,343.57,345.99,0
SP500,19891201,346.01,351.88,345.99,350.63,0
SP500,19891204,350.63,351.51,350.32,351.41,0
SP500,19891205,351.41,352.24,349.58,349.58,0
SP500,19891206,349.58,349.94,347.91,348.55,0
SP500,19891207,348.55,349.84,346.00,347.59,0
SP500,19891208,347.60,349.60,347.59,348.69,0
SP500,19891211,348.68,348.74,346.39,348.56,0
SP500,19891212,348.56,352.21,348.41,351.73,0
SP500,19891213,351.70,354.10,351.65,352.75,0
SP500,19891214,352.74,352.75,350.08,350.93,0
SP500,19891215,350.97,351.86,346.08,350.14,0
SP500,19891218,350.14,350.88,342.19,343.69,0
SP500,19891219,343.69,343.74,339.63,342.46,0
SP500,19891220,342.50,343.70,341.79,342.84,0
SP500,19891221,342.84,345.03,342.84,344.78,0
SP500,19891222,344.78,347.53,344.76,347.42,0
SP500,19891226,347.42,347.87,346.53,346.81,0
SP500,19891227,346.84,349.12,346.81,348.81,0
SP500,19891228,348.80,350.68,348.76,350.67,0
SP500,19891229,350.68,353.41,350.67,353.40,0
SP500,19900102,353.40,359.69,351.98,359.69,0
SP500,19900103,359.69,360.59,357.89,358.76,0
SP500,19900104,358.76,358.76,352.89,355.67,0
SP500,19900105,355.67,355.67,351.35,352.20,0
SP500,19900108,352.20,354.24,350.54,353.79,0
SP500,19900109,353.83,354.17,349.61,349.62,0
SP500,19900110,349.62,349.62,344.32,347.31,0
SP500,19900111,347.31,350.14,347.31,348.53,0
SP500,19900112,348.53,348.53,339.49,339.93,0
SP500,19900115,339.93,339.94,336.57,337.00,0
SP500,19900116,337.00,340.75,333.37,340.75,0
SP500,19900117,340.77,342.01,336.26,337.40,0
SP500,19900118,337.40,338.38,333.98,338.19,0
SP500,19900119,338.19,340.48,338.19,339.15,0
SP500,19900122,339.14,339.96,330.28,330.38,0
SP500,19900123,330.38,332.76,328.67,331.61,0
SP500,19900124,331.61,331.71,324.17,330.26,0
SP500,19900125,330.26,332.33,325.33,326.08,0
SP500,19900126,326.09,328.58,321.44,325.80,0
SP500,19900129,325.80,327.31,321.79,325.20,0
SP500,19900130,325.20,325.73,319.83,322.98,0
SP500,19900131,322.98,329.08,322.98,329.08,0
SP500,19900201,329.08,329.86,327.76,328.79,0
SP500,19900202,328.79,332.10,328.09,330.92,0
SP500,19900205,330.92,332.16,330.45,331.85,0
SP500,19900206,331.85,331.86,328.20,329.66,0
SP500,19900207,329.66,333.76,326.55,333.75,0
SP500,19900208,333.75,336.09,332.00,332.96,0
SP500,19900209,333.02,334.60,332.41,333.62,0
SP500,19900212,333.62,333.62,329.97,330.08,0
SP500,19900213,330.08,331.61,327.92,331.02,0
SP500,19900214,331.02,333.20,330.64,332.01,0
SP500,19900215,332.01,335.21,331.61,334.89,0
SP500,19900216,334.89,335.64,332.42,332.72,0
SP500,19900220,332.72,332.72,326.26,327.99,0
SP500,19900221,327.91,328.17,324.47,327.67,0
SP500,19900222,327.67,330.98,325.70,325.70,0
SP500,19900223,325.70,326.15,322.10,324.15,0
SP500,19900226,324.16,328.67,323.98,328.67,0
SP500,19900227,328.68,331.94,328.47,330.26,0
SP500,19900228,330.26,333.48,330.16,331.89,0
SP500,19900301,331.89,334.40,331.08,332.74,0
SP500,19900302,332.74,335.54,332.72,335.54,0
SP500,19900305,335.54,336.38,333.49,333.74,0
SP500,19900306,333.74,337.93,333.57,337.93,0
SP500,19900307,337.93,338.84,336.33,336.95,0
SP500,19900308,336.95,340.66,336.95,340.27,0
SP500,19900309,340.12,340.27,336.84,337.93,0
SP500,19900312,337.93,339.08,336.14,338.67,0
SP500,19900313,338.67,338.67,335.36,336.00,0
SP500,19900314,336.00,337.63,334.93,336.87,0
SP500,19900315,336.87,338.91,336.87,338.07,0
SP500,19900316,338.07,341.91,338.07,341.91,0
SP500,19900319,341.91,343.76,339.12,343.53,0
SP500,19900320,343.53,344.49,340.87,341.57,0
SP500,19900321,341.57,342.34,339.56,339.74,0
SP500,19900322,339.74,339.77,333.62,335.69,0
SP500,19900323,335.69,337.58,335.69,337.22,0
SP500,19900326,337.22,339.74,337.22,337.63,0
SP500,19900327,337.63,341.50,337.03,341.50,0
SP500,19900328,341.50,342.58,340.60,342.00,0
SP500,19900329,342.00,342.07,339.77,340.79,0
SP500,19900330,340.79,341.41,338.21,339.94,0
SP500,19900402,339.94,339.94,336.33,338.70,0
SP500,19900403,338.70,343.76,338.70,343.64,0
SP500,19900404,343.64,344.12,340.40,341.09,0
SP500,19900405,341.09,342.85,340.63,340.73,0
SP500,19900406,340.73,341.73,338.94,340.08,0
SP500,19900409,340.08,341.83,339.88,341.37,0
SP500,19900410,341.37,342.41,340.62,342.07,0
SP500,19900411,342.07,343.00,341.26,341.92,0
SP500,19900412,341.92,344.79,341.91,344.34,0
SP500,19900416,344.34,347.30,344.10,344.74,0
SP500,19900417,344.74,345.19,342.06,344.68,0
SP500,19900418,344.68,345.33,340.11,340.72,0
SP500,19900419,340.72,340.72,337.59,338.09,0
SP500,19900420,338.09,338.52,333.41,335.12,0
SP500,19900423,335.12,335.12,330.09,331.05,0
SP500,19900424,331.05,332.97,329.71,330.36,0
SP500,19900425,330.36,332.74,330.36,332.03,0
SP500,19900426,332.03,333.76,330.67,332.92,0
SP500,19900427,332.92,333.57,328.71,329.11,0
SP500,19900430,329.11,331.31,327.76,330.80,0
SP500,19900501,330.80,332.83,330.80,332.25,0
SP500,19900502,332.25,334.48,332.15,334.48,0
SP500,19900503,334.48,337.02,334.47,335.57,0
SP500,19900504,335.58,338.46,335.17,338.39,0
SP500,19900507,338.39,341.07,338.11,340.53,0
SP500,19900508,340.53,342.03,340.17,342.01,0
SP500,19900509,342.01,343.08,340.90,342.86,0
SP500,19900510,342.87,344.98,342.77,343.82,0
SP500,19900511,343.82,352.31,343.82,352.00,0
SP500,19900514,352.00,358.41,351.95,354.75,0
SP500,19900515,354.75,355.09,352.84,354.28,0
SP500,19900516,354.27,354.68,351.95,354.00,0
SP500,19900517,354.00,356.92,354.00,354.47,0
SP500,19900518,354.47,354.64,352.52,354.64,0
SP500,19900521,354.64,359.07,353.78,358.00,0
SP500,19900522,358.00,360.50,356.09,358.43,0
SP500,19900523,358.43,359.29,356.99,359.29,0
SP500,19900524,359.29,359.56,357.87,358.41,0
SP500,19900525,358.41,358.41,354.32,354.58,0
SP500,19900529,354.58,360.65,354.55,360.65,0
SP500,19900530,360.65,362.26,360.00,360.86,0
SP500,19900531,360.86,361.84,360.23,361.23,0
SP500,19900601,361.26,363.52,361.21,363.16,0
SP500,19900604,363.16,367.85,362.43,367.40,0
SP500,19900605,367.40,368.78,365.49,366.64,0
SP500,19900606,366.64,366.64,364.42,364.96,0
SP500,19900607,365.92,365.92,361.60,363.15,0
SP500,19900608,363.15,363.49,357.68,358.71,0
SP500,19900611,358.71,361.63,357.70,361.63,0
SP500,19900612,361.63,367.27,361.15,366.25,0
SP500,19900613,366.25,367.09,364.51,364.90,0
SP500,19900614,364.90,364.90,361.64,362.90,0
SP500,19900615,362.89,363.14,360.71,362.91,0
SP500,19900618,362.91,362.91,356.88,356.88,0
SP500,19900619,356.88,358.90,356.18,358.47,0
SP500,19900620,358.47,359.91,357.00,359.10,0
SP500,19900621,359.10,360.88,357.63,360.47,0
SP500,19900622,360.52,363.20,355.31,355.43,0
SP500,19900625,355.42,356.41,351.91,352.31,0
SP500,19900626,352.32,356.09,351.85,352.06,0
SP500,19900627,352.06,355.89,351.23,355.14,0
SP500,19900628,355.16,357.63,355.16,357.63,0
SP500,19900629,357.64,359.09,357.30,358.02,0
SP500,19900702,358.02,359.58,357.54,359.54,0
SP500,19900703,359.54,360.73,359.44,360.16,0
SP500,19900705,360.16,360.16,354.86,355.68,0
SP500,19900706,355.69,359.02,354.64,358.42,0
SP500,19900709,358.42,360.05,358.11,359.52,0
SP500,19900710,359.52,359.74,356.41,356.49,0
SP500,19900711,356.49,361.23,356.49,361.23,0
SP500,19900712,361.23,365.46,360.57,365.44,0
SP500,19900713,365.45,369.68,365.45,367.31,0
SP500,19900716,367.31,369.78,367.31,368.95,0
SP500,19900717,368.95,369.40,364.99,367.52,0
SP500,19900718,367.52,367.52,362.95,364.22,0
SP500,19900719,364.22,365.32,361.29,365.32,0
SP500,19900720,365.32,366.64,361.58,361.61,0
SP500,19900723,361.61,361.61,350.09,355.31,0
SP500,19900724,355.31,356.09,351.46,355.79,0
SP500,19900725,355.79,357.52,354.80,357.09,0
SP500,19900726,357.09,357.47,353.95,355.91,0
SP500,19900727,355.90,355.94,352.14,353.44,0
SP500,19900730,353.44,355.55,351.15,355.55,0
SP500,19900731,355.55,357.54,353.91,356.15,0
SP500,19900801,356.15,357.35,353.82,355.52,0
SP500,19900802,355.52,355.52,349.73,351.48,0
SP500,19900803,351.48,351.48,338.20,344.86,0
SP500,19900806,344.86,344.86,333.27,334.43,0
SP500,19900807,334.43,338.63,332.22,334.83,0
SP500,19900808,334.83,339.21,334.83,338.35,0
SP500,19900809,338.35,340.56,337.56,339.94,0
SP500,19900810,339.90,339.90,334.22,335.52,0
SP500,19900813,335.39,338.88,332.02,338.84,0
SP500,19900814,338.84,340.96,337.19,339.39,0
SP500,19900815,339.39,341.92,339.38,340.06,0
SP500,19900816,340.06,340.06,332.39,332.39,0
SP500,19900817,332.36,332.36,324.63,327.83,0
SP500,19900820,327.83,329.90,327.07,328.51,0
SP500,19900821,328.51,328.51,318.78,321.86,0
SP500,19900822,321.86,324.15,316.55,316.55,0
SP500,19900823,316.55,316.55,306.56,307.06,0
SP500,19900824,307.06,311.65,306.18,311.51,0
SP500,19900827,311.55,323.11,311.55,321.44,0
SP500,19900828,321.44,322.20,320.25,321.34,0
SP500,19900829,321.34,325.83,320.87,324.19,0
SP500,19900830,324.19,324.57,317.82,318.71,0
SP500,19900831,318.71,322.57,316.59,322.56,0
SP500,19900904,322.56,323.09,319.11,323.09,0
SP500,19900905,323.09,324.52,320.99,324.39,0
SP500,19900906,324.39,324.39,319.37,320.46,0
SP500,19900907,320.46,324.18,319.71,323.40,0
SP500,19900910,323.42,326.53,320.31,321.63,0
SP500,19900911,321.63,322.18,319.60,321.04,0
SP500,19900912,321.04,322.55,319.60,322.54,0
SP500,19900913,322.51,322.51,318.02,318.65,0
SP500,19900914,318.65,318.65,314.76,316.83,0
SP500,19900917,316.83,318.05,315.21,317.77,0
SP500,19900918,317.77,318.85,314.27,318.60,0
SP500,19900919,318.60,319.35,316.25,316.60,0
SP500,19900920,316.60,316.60,310.55,311.48,0
SP500,19900921,311.53,312.17,307.98,311.32,0
SP500,19900924,311.30,311.30,303.58,304.59,0
SP500,19900925,305.46,308.27,304.23,308.26,0
SP500,19900926,308.26,308.28,303.05,305.06,0
SP500,19900927,305.06,307.47,299.10,300.97,0
SP500,19900928,300.97,306.05,295.98,306.05,0
SP500,19901001,306.10,314.94,306.10,314.94,0
SP500,19901002,314.94,319.69,314.94,315.21,0
SP500,19901003,315.21,316.26,310.70,311.40,0
SP500,19901004,311.40,313.40,308.59,312.69,0
SP500,19901005,312.69,314.79,305.76,311.50,0
SP500,19901008,311.50,315.03,311.50,313.48,0
SP500,19901009,313.46,313.46,305.09,305.10,0
SP500,19901010,305.09,306.43,299.21,300.39,0
SP500,19901011,300.39,301.45,294.51,295.46,0
SP500,19901012,295.45,301.68,295.22,300.03,0
SP500,19901015,300.03,304.79,296.41,303.23,0
SP500,19901016,303.23,304.34,298.12,298.92,0
SP500,19901017,298.92,301.50,297.79,298.76,0
SP500,19901018,298.75,305.74,298.75,305.74,0
SP500,19901019,305.74,312.48,305.74,312.48,0
SP500,19901022,312.48,315.83,310.47,314.76,0
SP500,19901023,314.76,315.06,312.06,312.36,0
SP500,19901024,312.36,313.51,310.74,312.60,0
SP500,19901025,312.60,313.71,309.70,310.17,0
SP500,19901026,310.17,310.17,304.71,304.71,0
SP500,19901029,304.74,307.41,300.69,301.88,0
SP500,19901030,301.88,304.36,299.44,304.06,0
SP500,19901031,304.06,305.70,302.33,304.00,0
SP500,19901101,303.99,307.27,301.61,307.02,0
SP500,19901102,307.02,311.94,306.88,311.85,0
SP500,19901105,311.85,314.61,311.41,314.59,0
SP500,19901106,314.59,314.76,311.43,311.62,0
SP500,19901107,311.62,311.62,305.79,306.01,0
SP500,19901108,306.01,309.77,305.03,307.61,0
SP500,19901109,307.61,313.78,307.61,313.74,0
SP500,19901112,313.74,319.77,313.73,319.48,0
SP500,19901113,319.48,319.48,317.26,317.67,0
SP500,19901114,317.66,321.70,317.23,320.40,0
SP500,19901115,320.40,320.40,316.13,317.02,0
SP500,19901116,317.02,318.80,314.99,317.12,0
SP500,19901119,317.15,319.39,317.15,319.34,0
SP500,19901120,319.34,319.34,315.31,315.31,0
SP500,19901121,315.31,316.15,312.42,316.03,0
SP500,19901123,316.03,317.30,315.06,315.10,0
SP500,19901126,315.08,316.51,311.48,316.51,0
SP500,19901127,316.51,318.69,315.80,318.10,0
SP500,19901128,318.11,319.96,317.62,317.95,0
SP500,19901129,317.95,317.95,315.03,316.42,0
SP500,19901130,316.42,323.02,315.42,322.22,0
SP500,19901203,322.23,324.90,322.23,324.10,0
SP500,19901204,324.11,326.77,321.97,326.35,0
SP500,19901205,326.36,329.92,325.66,329.92,0
SP500,19901206,329.94,333.98,328.37,329.07,0
SP500,19901207,329.09,329.39,326.39,327.75,0
SP500,19901210,327.75,328.97,326.15,328.89,0
SP500,19901211,328.88,328.88,325.65,326.44,0
SP500,19901212,326.44,330.36,326.44,330.19,0
SP500,19901213,330.14,330.58,328.77,329.34,0
SP500,19901214,329.34,329.34,325.16,326.82,0
SP500,19901217,326.82,326.82,324.46,326.02,0
SP500,19901218,326.02,330.43,325.75,330.05,0
SP500,19901219,330.04,330.80,329.39,330.20,0
SP500,19901220,330.20,330.74,326.94,330.12,0
SP500,19901221,330.12,332.47,330.12,331.75,0
SP500,19901224,331.74,331.74,329.16,329.90,0
SP500,19901226,329.89,331.69,329.89,330.85,0
SP500,19901227,330.85,331.04,328.23,328.29,0
SP500,19901228,328.29,328.72,327.24,328.72,0
SP500,19901231,328.71,330.23,327.50,330.22,0
SP500,19910102,330.20,330.75,326.45,326.45,0
SP500,19910103,326.46,326.53,321.90,321.91,0
SP500,19910104,321.91,322.35,318.87,321.00,0
SP500,19910107,320.97,320.97,315.44,315.44,0
SP500,19910108,315.44,316.97,313.79,314.90,0
SP500,19910109,314.90,320.73,310.93,311.49,0
SP500,19910110,311.51,314.77,311.51,314.53,0
SP500,19910111,314.53,315.24,313.59,315.23,0
SP500,19910114,315.23,315.23,309.35,312.49,0
SP500,19910115,312.49,313.73,311.84,313.73,0
SP500,19910116,313.73,316.94,312.94,316.17,0
SP500,19910117,316.25,327.97,316.25,327.97,0
SP500,19910118,327.93,332.23,327.08,332.23,0
SP500,19910121,332.23,332.23,328.87,331.06,0
SP500,19910122,331.06,331.26,327.83,328.31,0
SP500,19910123,328.30,331.04,327.93,330.21,0
SP500,19910124,330.21,335.83,330.19,334.78,0
SP500,19910125,334.78,336.92,334.20,336.07,0
SP500,19910128,336.06,337.41,335.81,336.03,0
SP500,19910129,336.03,336.03,334.26,335.84,0
SP500,19910130,335.80,340.91,335.71,340.91,0
SP500,19910131,340.92,343.93,340.47,343.93,0
SP500,19910201,343.91,344.90,340.37,343.05,0
SP500,19910204,343.05,348.71,342.96,348.34,0
SP500,19910205,348.34,351.84,347.21,351.26,0
SP500,19910206,351.26,358.07,349.58,358.07,0
SP500,19910207,358.07,363.43,355.53,356.52,0
SP500,19910208,356.52,359.35,356.02,359.35,0
SP500,19910211,359.36,368.58,359.32,368.58,0
SP500,19910212,368.58,370.54,365.50,365.50,0
SP500,19910213,365.50,369.49,364.64,369.02,0
SP500,19910214,369.02,370.26,362.77,364.22,0
SP500,19910215,364.23,369.49,364.23,369.06,0
SP500,19910219,369.06,370.11,367.05,369.39,0
SP500,19910220,369.37,369.37,364.38,365.14,0
SP500,19910221,365.14,366.79,364.50,364.97,0
SP500,19910222,364.97,370.96,364.23,365.65,0
SP500,19910225,365.65,370.19,365.16,367.26,0
SP500,19910226,367.26,367.26,362.19,362.81,0
SP500,19910227,362.81,368.38,362.81,367.74,0
SP500,19910228,367.73,369.91,365.95,367.07,0
SP500,19910301,367.07,370.47,363.73,370.47,0
SP500,19910304,370.47,371.99,369.07,369.33,0
SP500,19910305,369.33,377.89,369.33,376.72,0
SP500,19910306,376.72,379.66,375.02,376.17,0
SP500,19910307,376.16,377.49,375.58,375.91,0
SP500,19910308,375.91,378.69,374.43,374.95,0
SP500,19910311,374.94,375.10,372.52,372.96,0
SP500,19910312,372.96,374.35,369.55,370.03,0
SP500,19910313,370.03,374.65,370.03,374.57,0
SP500,19910314,374.59,378.28,371.76,373.50,0
SP500,19910315,373.50,374.58,370.21,373.59,0
SP500,19910318,373.59,374.09,369.46,372.11,0
SP500,19910319,372.11,372.11,366.54,366.59,0
SP500,19910320,366.59,368.85,365.80,367.92,0
SP500,19910321,367.94,371.01,366.51,366.58,0
SP500,19910322,366.58,368.22,365.58,367.48,0
SP500,19910325,367.48,371.31,367.46,369.83,0
SP500,19910326,369.83,376.30,369.37,376.30,0
SP500,19910327,376.28,378.48,374.73,375.35,0
SP500,19910328,375.35,376.60,374.40,375.22,0
SP500,19910401,375.22,375.22,370.27,371.30,0
SP500,19910402,371.30,379.50,371.30,379.50,0
SP500,19910403,379.50,381.56,378.49,378.94,0
SP500,19910404,378.94,381.88,377.05,379.77,0
SP500,19910405,379.78,381.12,374.15,375.36,0
SP500,19910408,375.35,378.76,374.69,378.66,0
SP500,19910409,378.65,379.02,373.11,373.56,0
SP500,19910410,373.57,374.83,371.21,373.15,0
SP500,19910411,373.15,379.53,373.15,377.63,0
SP500,19910412,377.65,381.07,376.89,380.40,0
SP500,19910415,380.40,382.32,378.78,381.19,0
SP500,19910416,381.19,387.62,379.64,387.62,0
SP500,19910417,387.62,391.26,387.30,390.45,0
SP500,19910418,390.45,390.97,388.13,388.46,0
SP500,19910419,388.46,388.46,383.90,384.20,0
SP500,19910422,384.19,384.19,380.16,380.95,0
SP500,19910423,380.95,383.55,379.67,381.76,0
SP500,19910424,381.76,383.02,379.99,382.76,0
SP500,19910425,382.89,382.89,378.43,379.25,0
SP500,19910426,379.25,380.11,376.77,379.02,0
SP500,19910429,379.01,380.96,373.66,373.66,0
SP500,19910430,373.66,377.86,373.01,375.34,0
SP500,19910501,375.35,380.46,375.27,380.29,0
SP500,19910502,380.29,382.14,379.82,380.52,0
SP500,19910503,380.52,381.00,378.82,380.80,0
SP500,19910506,380.78,380.78,377.86,380.08,0
SP500,19910507,380.08,380.91,377.31,377.32,0
SP500,19910508,377.33,379.26,376.21,378.51,0
SP500,19910509,378.51,383.56,378.51,383.25,0
SP500,19910510,383.26,383.91,375.61,375.74,0
SP500,19910513,375.74,377.02,374.62,376.76,0
SP500,19910514,375.51,375.53,370.82,371.62,0
SP500,19910515,371.55,372.47,365.83,368.57,0
SP500,19910516,368.57,372.51,368.57,372.19,0
SP500,19910517,372.19,373.01,369.44,372.39,0
SP500,19910520,372.39,373.65,371.26,372.28,0
SP500,19910521,372.28,376.66,372.28,375.35,0
SP500,19910522,375.35,376.50,374.40,376.19,0
SP500,19910523,376.19,378.07,373.55,374.96,0
SP500,19910524,374.97,378.08,374.97,377.49,0
SP500,19910528,377.49,382.10,377.12,381.94,0
SP500,19910529,381.94,383.66,381.37,382.79,0
SP500,19910530,382.79,388.17,382.50,386.96,0
SP500,19910531,386.96,389.85,385.01,389.83,0
SP500,19910603,389.81,389.81,386.97,388.06,0
SP500,19910604,388.06,388.06,385.14,387.74,0
SP500,19910605,387.74,388.23,384.45,385.09,0
SP500,19910606,385.10,385.85,383.13,383.63,0
SP500,19910607,383.63,383.63,378.76,379.43,0
SP500,19910610,379.43,379.75,377.95,378.57,0
SP500,19910611,378.57,381.63,378.57,381.05,0
SP500,19910612,381.05,381.05,374.46,376.65,0
SP500,19910613,376.65,377.90,376.08,377.63,0
SP500,19910614,377.63,382.30,377.63,382.29,0
SP500,19910617,382.30,382.31,380.13,380.13,0
SP500,19910618,380.13,381.83,377.99,378.59,0
SP500,19910619,378.57,378.57,374.36,375.09,0
SP500,19910620,375.09,376.29,373.87,375.42,0
SP500,19910621,375.42,377.75,375.33,377.75,0
SP500,19910624,377.74,377.74,370.73,370.94,0
SP500,19910625,370.94,372.62,369.56,370.65,0
SP500,19910626,370.65,372.73,368.34,371.59,0
SP500,19910627,371.59,374.40,371.59,374.40,0
SP500,19910628,374.40,374.40,367.98,371.16,0
SP500,19910701,371.18,377.92,371.18,377.92,0
SP500,19910702,377.92,377.93,376.62,377.47,0
SP500,19910703,377.47,377.47,372.08,373.33,0
SP500,19910705,373.34,375.51,372.17,374.08,0
SP500,19910708,374.09,377.94,370.92,377.94,0
SP500,19910709,377.94,378.58,375.37,376.11,0
SP500,19910710,376.11,380.35,375.20,375.74,0
SP500,19910711,375.73,377.68,375.51,376.97,0
SP500,19910712,376.97,381.41,375.79,380.25,0
SP500,19910715,380.28,383.00,380.24,382.39,0
SP500,19910716,382.39,382.94,380.80,381.54,0
SP500,19910717,381.50,382.86,381.13,381.18,0
SP500,19910718,381.18,385.37,381.18,385.37,0
SP500,19910719,385.38,385.83,383.65,384.22,0
SP500,19910722,384.21,384.55,381.84,382.88,0
SP500,19910723,382.88,384.86,379.39,379.42,0
SP500,19910724,379.42,380.46,378.29,378.64,0
SP500,19910725,378.64,381.13,378.15,380.96,0
SP500,19910726,380.96,381.76,379.81,380.93,0
SP500,19910729,380.93,383.15,380.45,383.15,0
SP500,19910730,383.15,386.92,383.15,386.69,0
SP500,19910731,386.69,387.81,386.19,387.81,0
SP500,19910801,387.81,387.95,386.48,387.12,0
SP500,19910802,387.12,389.56,386.05,387.18,0
SP500,19910805,387.17,387.17,384.48,385.06,0
SP500,19910806,385.06,390.80,384.29,390.62,0
SP500,19910807,390.62,391.59,389.86,390.56,0
SP500,19910808,390.56,391.80,388.15,389.32,0
SP500,19910809,389.32,389.89,387.04,387.12,0
SP500,19910812,387.11,388.17,385.90,388.02,0
SP500,19910813,388.02,392.12,388.02,389.62,0
SP500,19910814,389.62,391.85,389.13,389.90,0
SP500,19910815,389.91,391.92,389.29,389.33,0
SP500,19910816,389.33,390.41,383.16,385.58,0
SP500,19910819,385.58,385.58,374.09,376.47,0
SP500,19910820,376.47,380.35,376.47,379.43,0
SP500,19910821,379.55,390.59,379.55,390.59,0
SP500,19910822,390.59,391.98,390.21,391.33,0
SP500,19910823,391.33,395.34,390.69,394.17,0
SP500,19910826,394.17,394.39,392.75,393.85,0
SP500,19910827,393.85,393.87,391.77,393.06,0
SP500,19910828,393.06,396.64,393.05,396.64,0
SP500,19910829,396.65,396.82,395.14,396.47,0
SP500,19910830,396.47,396.47,393.60,395.43,0
SP500,19910903,395.43,397.62,392.10,392.15,0
SP500,19910904,392.15,392.62,388.68,389.97,0
SP500,19910905,389.97,390.97,388.49,389.14,0
SP500,19910906,389.14,390.71,387.36,389.10,0
SP500,19910909,389.11,389.34,387.88,388.57,0
SP500,19910910,388.57,388.63,383.78,384.56,0
SP500,19910911,384.56,385.60,383.59,385.09,0
SP500,19910912,385.09,387.34,385.09,387.34,0
SP500,19910913,387.16,387.95,382.85,383.59,0
SP500,19910916,383.59,385.79,382.77,385.78,0
SP500,19910917,385.78,387.13,384.97,385.50,0
SP500,19910918,385.49,386.94,384.28,386.94,0
SP500,19910919,386.94,389.42,386.27,387.56,0
SP500,19910920,387.56,388.82,386.49,387.92,0
SP500,19910923,387.90,388.55,385.76,385.92,0
SP500,19910924,385.92,388.13,384.46,387.71,0
SP500,19910925,387.72,388.25,385.99,386.88,0
SP500,19910926,386.87,388.39,385.30,386.49,0
SP500,19910927,386.49,389.09,384.87,385.90,0
SP500,19910930,385.91,388.29,384.32,387.86,0
SP500,19911001,387.86,389.56,387.86,389.20,0
SP500,19911002,389.20,390.03,387.62,388.26,0
SP500,19911003,388.23,388.23,384.47,384.47,0
SP500,19911004,384.47,385.19,381.24,381.25,0
SP500,19911007,381.22,381.27,379.07,379.50,0
SP500,19911008,379.50,381.23,379.18,380.67,0
SP500,19911009,380.57,380.57,376.35,376.80,0
SP500,19911010,376.80,380.55,376.11,380.55,0
SP500,19911011,380.55,381.46,379.90,381.45,0
SP500,19911014,381.45,386.47,381.45,386.47,0
SP500,19911015,386.47,391.50,385.95,391.01,0
SP500,19911016,391.01,393.29,390.14,392.80,0
SP500,19911017,392.79,393.81,390.32,391.92,0
SP500,19911018,391.92,392.80,391.77,392.50,0
SP500,19911021,392.49,392.49,388.96,390.02,0
SP500,19911022,390.02,391.20,387.40,387.83,0
SP500,19911023,387.83,389.08,386.52,387.94,0
SP500,19911024,387.94,388.32,383.45,385.07,0
SP500,19911025,385.07,386.13,382.97,384.20,0
SP500,19911028,384.20,389.52,384.20,389.52,0
SP500,19911029,389.52,391.70,386.88,391.48,0
SP500,19911030,391.48,393.11,390.78,392.96,0
SP500,19911031,392.96,392.96,391.58,392.45,0
SP500,19911101,392.46,395.10,389.67,391.32,0
SP500,19911104,391.29,391.29,388.09,390.28,0
SP500,19911105,390.28,392.17,388.19,388.71,0
SP500,19911106,388.71,389.97,387.58,389.97,0
SP500,19911107,389.97,393.72,389.97,393.72,0
SP500,19911108,393.72,396.43,392.42,392.89,0
SP500,19911111,392.90,393.57,392.32,393.12,0
SP500,19911112,393.12,397.13,393.12,396.74,0
SP500,19911113,396.74,397.42,394.01,397.41,0
SP500,19911114,397.41,398.22,395.85,397.15,0
SP500,19911115,397.15,397.16,382.62,382.62,0
SP500,19911118,382.62,385.40,379.70,385.24,0
SP500,19911119,385.24,385.24,374.90,379.42,0
SP500,19911120,379.42,381.51,377.84,378.53,0
SP500,19911121,378.53,381.12,377.41,380.06,0
SP500,19911122,380.05,380.05,374.52,376.14,0
SP500,19911125,376.14,377.07,374.00,375.34,0
SP500,19911126,375.34,378.29,371.63,377.96,0
SP500,19911127,377.96,378.11,375.98,376.55,0
SP500,19911129,376.55,376.55,374.65,375.22,0
SP500,19911202,375.11,381.40,371.36,381.40,0
SP500,19911203,381.40,381.48,379.92,380.96,0
SP500,19911204,380.96,381.51,378.07,380.07,0
SP500,19911205,380.07,380.07,376.58,377.39,0
SP500,19911206,377.39,382.39,375.41,379.10,0
SP500,19911209,379.09,381.42,377.67,378.26,0
SP500,19911210,378.26,379.57,376.64,377.90,0
SP500,19911211,377.90,379.42,374.78,377.70,0
SP500,19911212,377.70,381.62,377.70,381.55,0
SP500,19911213,381.55,385.04,381.55,384.47,0
SP500,19911216,384.48,385.84,384.37,384.46,0
SP500,19911217,384.46,385.05,382.60,382.74,0
SP500,19911218,382.74,383.51,380.88,383.48,0
SP500,19911219,383.46,383.46,380.64,382.52,0
SP500,19911220,382.52,388.24,382.52,387.04,0
SP500,19911223,387.05,397.44,386.96,396.82,0
SP500,19911224,396.82,401.79,396.82,399.33,0
SP500,19911226,399.33,404.92,399.31,404.84,0
SP500,19911227,404.84,406.58,404.59,406.46,0
SP500,19911230,406.49,415.14,406.49,415.14,0
SP500,19911231,415.14,418.32,412.73,417.09,0
SP500,19920102,417.03,417.27,411.04,417.26,0
SP500,19920103,417.27,419.79,416.16,419.34,0
SP500,19920106,419.31,419.44,416.92,417.96,0
SP500,19920107,417.96,417.96,415.20,417.40,0
SP500,19920108,417.36,420.23,415.02,418.10,0
SP500,19920109,418.09,420.50,415.85,417.61,0
SP500,19920110,417.62,417.62,413.31,415.10,0
SP500,19920113,415.05,415.36,413.54,414.34,0
SP500,19920114,414.34,420.44,414.32,420.44,0
SP500,19920115,420.45,421.18,418.79,420.77,0
SP500,19920116,420.77,420.85,415.37,418.21,0
SP500,19920117,418.20,419.45,416.00,418.86,0
SP500,19920120,418.86,418.86,415.80,416.36,0
SP500,19920121,416.36,416.39,411.32,412.64,0
SP500,19920122,412.65,418.13,412.49,418.13,0
SP500,19920123,418.13,419.78,414.36,414.96,0
SP500,19920124,414.96,417.27,414.29,415.48,0
SP500,19920127,415.44,416.84,414.48,414.99,0
SP500,19920128,414.98,416.41,414.54,414.96,0
SP500,19920129,414.96,417.83,409.17,410.34,0
SP500,19920130,410.34,412.17,409.26,411.62,0
SP500,19920131,411.65,412.63,408.64,408.78,0
SP500,19920203,408.79,409.95,407.45,409.53,0
SP500,19920204,409.60,413.85,409.28,413.85,0
SP500,19920205,413.88,416.17,413.18,413.84,0
SP500,19920206,413.87,414.55,411.93,413.82,0
SP500,19920207,413.82,415.29,408.04,411.09,0
SP500,19920210,411.07,413.77,411.07,413.77,0
SP500,19920211,413.77,414.38,412.24,413.76,0
SP500,19920212,413.77,418.08,413.36,417.13,0
SP500,19920213,417.13,417.77,412.07,413.69,0
SP500,19920214,413.69,413.84,411.20,412.48,0
SP500,19920218,412.48,413.27,406.34,407.38,0
SP500,19920219,407.38,408.70,406.54,408.26,0
SP500,19920220,408.26,413.90,408.26,413.90,0
SP500,19920221,413.90,414.26,409.72,411.43,0
SP500,19920224,411.46,412.94,410.34,412.27,0
SP500,19920225,412.27,412.27,408.02,410.45,0
SP500,19920226,410.48,415.35,410.48,415.35,0
SP500,19920227,415.35,415.99,413.47,413.86,0
SP500,19920228,413.86,416.07,411.80,412.70,0
SP500,19920302,412.68,413.74,411.52,412.45,0
SP500,19920303,412.45,413.78,411.88,412.85,0
SP500,19920304,412.86,413.27,409.33,409.33,0
SP500,19920305,409.33,409.33,405.42,406.51,0
SP500,19920306,406.51,407.51,403.65,404.44,0
SP500,19920309,404.45,405.64,404.25,405.21,0
SP500,19920310,405.21,409.16,405.21,406.89,0
SP500,19920311,406.88,407.02,402.64,404.03,0
SP500,19920312,404.03,404.72,401.94,403.89,0
SP500,19920313,403.92,406.69,403.92,405.84,0
SP500,19920316,405.85,406.40,403.55,406.39,0
SP500,19920317,406.39,409.72,406.39,409.58,0
SP500,19920318,409.58,410.84,408.23,409.15,0
SP500,19920319,409.15,410.57,409.12,409.80,0
SP500,19920320,409.80,411.30,408.53,411.30,0
SP500,19920323,411.29,411.29,408.87,409.91,0
SP500,19920324,409.91,411.43,407.99,408.88,0
SP500,19920325,408.88,409.87,407.52,407.52,0
SP500,19920326,407.52,409.44,406.75,407.86,0
SP500,19920327,407.86,407.86,402.87,403.50,0
SP500,19920330,403.50,404.30,402.97,403.00,0
SP500,19920331,403.00,405.21,402.22,403.69,0
SP500,19920401,403.67,404.50,400.75,404.23,0
SP500,19920402,404.17,404.63,399.28,400.50,0
SP500,19920403,400.50,401.59,398.21,401.55,0
SP500,19920406,401.54,405.93,401.52,405.59,0
SP500,19920407,405.59,405.75,397.97,398.06,0
SP500,19920408,398.05,398.05,392.41,394.50,0
SP500,19920409,394.50,401.04,394.50,400.64,0
SP500,19920410,400.59,405.12,400.59,404.29,0
SP500,19920413,404.28,406.08,403.90,406.08,0
SP500,19920414,406.08,413.86,406.08,412.39,0
SP500,19920415,412.39,416.28,412.39,416.28,0
SP500,19920416,416.28,416.28,413.40,416.04,0
SP500,19920420,416.05,416.05,407.93,410.18,0
SP500,19920421,410.16,411.09,408.20,410.26,0
SP500,19920422,410.26,411.30,409.23,409.81,0
SP500,19920423,409.81,411.60,406.86,411.60,0
SP500,19920424,411.60,412.48,408.74,409.02,0
SP500,19920427,409.03,409.60,407.64,408.45,0
SP500,19920428,408.45,409.69,406.33,409.11,0
SP500,19920429,409.11,412.31,409.11,412.02,0
SP500,19920430,412.02,414.95,412.02,414.95,0
SP500,19920501,414.95,415.21,409.87,412.53,0
SP500,19920504,412.54,417.84,412.54,416.91,0
SP500,19920505,416.91,418.53,415.77,416.84,0
SP500,19920506,416.84,418.48,416.40,416.79,0
SP500,19920507,416.79,416.84,415.38,415.85,0
SP500,19920508,415.87,416.85,414.41,416.05,0
SP500,19920511,416.05,418.75,416.05,418.49,0
SP500,19920512,418.49,418.68,414.69,416.29,0
SP500,19920513,416.29,417.04,415.86,416.45,0
SP500,19920514,416.45,416.52,411.82,413.14,0
SP500,19920515,413.14,413.14,409.85,410.09,0
SP500,19920518,410.13,413.34,410.13,412.81,0
SP500,19920519,412.82,416.51,412.26,416.37,0
SP500,19920520,416.37,416.83,415.37,415.39,0
SP500,19920521,415.40,415.41,411.57,412.60,0
SP500,19920522,412.61,414.82,412.60,414.02,0
SP500,19920526,414.02,414.02,410.23,411.41,0
SP500,19920527,411.41,412.68,411.06,412.17,0
SP500,19920528,412.17,416.77,411.81,416.74,0
SP500,19920529,416.74,418.36,415.35,415.35,0
SP500,19920601,415.35,417.30,412.44,417.30,0
SP500,19920602,417.30,417.30,413.50,413.50,0
SP500,19920603,413.50,416.54,413.04,414.59,0
SP500,19920604,414.60,414.98,412.97,413.26,0
SP500,19920605,413.26,413.85,410.97,413.48,0
SP500,19920608,413.48,413.95,412.03,413.36,0
SP500,19920609,413.40,413.56,409.30,410.06,0
SP500,19920610,410.06,410.10,406.81,407.25,0
SP500,19920611,407.25,409.05,406.11,409.05,0
SP500,19920612,409.08,411.86,409.08,409.76,0
SP500,19920615,409.76,411.68,408.13,410.29,0
SP500,19920616,410.29,411.40,408.32,408.32,0
SP500,19920617,408.33,408.33,401.98,402.26,0
SP500,19920618,402.26,402.68,400.51,400.96,0
SP500,19920619,400.96,404.23,400.96,403.67,0
SP500,19920622,403.64,403.64,399.92,403.40,0
SP500,19920623,403.40,405.41,403.40,404.04,0
SP500,19920624,404.05,404.76,403.26,403.84,0
SP500,19920625,403.83,405.53,402.01,403.12,0
SP500,19920626,403.12,403.51,401.94,403.45,0
SP500,19920629,403.47,408.96,403.47,408.94,0
SP500,19920630,408.94,409.63,407.85,408.14,0
SP500,19920701,408.20,412.88,408.20,412.88,0
SP500,19920702,412.88,415.71,410.07,411.77,0
SP500,19920706,411.77,413.84,410.46,413.84,0
SP500,19920707,413.83,415.33,408.58,409.16,0
SP500,19920708,409.15,410.28,407.20,410.28,0
SP500,19920709,410.28,414.69,410.26,414.23,0
SP500,19920710,414.23,415.88,413.34,414.62,0
SP500,19920713,414.62,415.86,413.93,414.87,0
SP500,19920714,414.86,417.69,414.33,417.68,0
SP500,19920715,417.68,417.81,416.29,417.10,0
SP500,19920716,417.04,417.93,414.79,417.54,0
SP500,19920717,417.54,417.54,412.96,415.62,0
SP500,19920720,415.62,415.62,410.72,413.75,0
SP500,19920721,413.75,414.92,413.10,413.76,0
SP500,19920722,413.74,413.74,409.95,410.93,0
SP500,19920723,410.93,412.08,409.81,412.08,0
SP500,19920724,412.07,412.07,409.93,411.60,0
SP500,19920727,411.60,412.67,411.27,411.54,0
SP500,19920728,411.55,417.55,411.55,417.52,0
SP500,19920729,417.52,423.02,417.52,422.23,0
SP500,19920730,422.20,423.94,421.57,423.92,0
SP500,19920731,423.92,424.80,422.46,424.21,0
SP500,19920803,424.19,425.09,422.84,425.09,0
SP500,19920804,425.09,425.14,423.10,424.36,0
SP500,19920805,424.35,424.35,421.92,422.19,0
SP500,19920806,422.19,422.36,420.26,420.59,0
SP500,19920807,420.59,423.45,418.51,418.88,0
SP500,19920810,418.87,419.42,417.04,419.42,0
SP500,19920811,419.45,419.72,416.53,418.90,0
SP500,19920812,418.89,419.75,416.43,417.78,0
SP500,19920813,417.78,419.88,416.40,417.73,0
SP500,19920814,417.74,420.40,417.74,419.91,0
SP500,19920817,419.89,421.89,419.44,420.74,0
SP500,19920818,420.74,421.40,419.78,421.34,0
SP500,19920819,421.34,421.62,418.19,418.19,0
SP500,19920820,418.19,418.85,416.93,418.26,0
SP500,19920821,418.27,420.35,413.58,414.85,0
SP500,19920824,414.80,414.80,410.07,410.72,0
SP500,19920825,410.73,411.64,408.30,411.61,0
SP500,19920826,411.65,413.61,410.53,413.51,0
SP500,19920827,413.51,415.83,413.51,413.53,0
SP500,19920828,413.54,414.95,413.38,414.84,0
SP500,19920831,414.87,415.29,413.76,414.03,0
SP500,19920901,414.03,416.07,413.35,416.07,0
SP500,19920902,416.07,418.28,415.31,417.98,0
SP500,19920903,417.98,420.31,417.49,417.98,0
SP500,19920904,417.98,418.62,416.76,417.08,0
SP500,19920908,417.08,417.18,414.30,414.44,0
SP500,19920909,414.44,416.44,414.44,416.36,0
SP500,19920910,416.34,420.52,416.34,419.95,0
SP500,19920911,419.95,420.58,419.13,419.58,0
SP500,19920914,419.65,425.27,419.65,425.27,0
SP500,19920915,425.22,425.22,419.54,419.77,0
SP500,19920916,419.71,422.44,417.77,419.92,0
SP500,19920917,419.92,421.43,419.62,419.93,0
SP500,19920918,419.92,422.93,419.92,422.93,0
SP500,19920921,422.90,422.90,421.18,422.14,0
SP500,19920922,422.14,422.14,417.13,417.14,0
SP500,19920923,417.14,417.88,416.00,417.44,0
SP500,19920924,417.46,419.01,417.46,418.47,0
SP500,19920925,418.47,418.63,412.71,414.35,0
SP500,19920928,414.35,416.62,413.00,416.62,0
SP500,19920929,416.62,417.38,415.34,416.80,0
SP500,19920930,416.79,418.58,416.67,417.80,0
SP500,19921001,417.80,418.67,415.46,416.29,0
SP500,19921002,416.29,416.35,410.45,410.47,0
SP500,19921005,410.47,410.47,396.80,407.57,0
SP500,19921006,407.57,408.56,404.84,407.18,0
SP500,19921007,407.17,408.60,403.91,404.25,0
SP500,19921008,404.29,408.04,404.29,407.75,0
SP500,19921009,407.75,407.75,402.42,402.66,0
SP500,19921012,402.66,407.44,402.66,407.44,0
SP500,19921013,407.44,410.64,406.83,409.30,0
SP500,19921014,409.30,411.52,407.86,409.37,0
SP500,19921015,409.34,411.03,407.92,409.60,0
SP500,19921016,409.60,411.73,407.43,411.73,0
SP500,19921019,411.73,414.98,410.66,414.98,0
SP500,19921020,414.98,417.98,414.49,415.48,0
SP500,19921021,415.53,416.15,414.54,415.67,0
SP500,19921022,415.67,416.81,413.10,414.90,0
SP500,19921023,414.90,416.23,413.68,414.10,0
SP500,19921026,414.09,418.17,413.71,418.16,0
SP500,19921027,418.18,419.20,416.97,418.49,0
SP500,19921028,418.49,420.13,417.56,420.13,0
SP500,19921029,420.15,421.16,419.83,420.86,0
SP500,19921030,420.86,421.13,418.54,418.68,0
SP500,19921102,418.66,422.75,418.12,422.75,0
SP500,19921103,422.75,422.81,418.59,419.92,0
SP500,19921104,419.91,421.07,416.61,417.11,0
SP500,19921105,417.08,418.40,415.58,418.34,0
SP500,19921106,418.35,418.35,417.01,417.58,0
SP500,19921109,417.58,420.13,416.79,418.59,0
SP500,19921110,418.59,419.71,417.98,418.62,0
SP500,19921111,418.62,422.33,418.40,422.20,0
SP500,19921112,422.20,423.10,421.70,422.87,0
SP500,19921113,422.89,422.91,421.04,422.43,0
SP500,19921116,422.44,422.44,420.35,420.68,0
SP500,19921117,420.63,420.97,418.31,419.27,0
SP500,19921118,419.27,423.49,419.24,422.85,0
SP500,19921119,422.86,423.61,422.50,423.61,0
SP500,19921120,423.61,426.98,423.61,426.65,0
SP500,19921123,426.65,426.65,424.95,425.12,0
SP500,19921124,425.14,429.31,424.83,427.59,0
SP500,19921125,427.59,429.41,427.58,429.19,0
SP500,19921127,429.19,431.93,429.17,430.16,0
SP500,19921130,430.19,431.53,429.36,431.35,0
SP500,19921201,431.35,431.47,429.20,430.78,0
SP500,19921202,430.78,430.87,428.61,429.89,0
SP500,19921203,429.98,430.99,428.80,429.91,0
SP500,19921204,429.93,432.89,429.74,432.06,0
SP500,19921207,432.06,435.31,432.06,435.31,0
SP500,19921208,435.31,436.99,434.68,436.99,0
SP500,19921209,436.99,436.99,433.98,435.65,0
SP500,19921210,435.66,435.66,432.65,434.64,0
SP500,19921211,434.64,434.64,433.34,433.73,0
SP500,19921214,433.73,435.26,432.83,432.84,0
SP500,19921215,432.82,433.66,431.92,432.57,0
SP500,19921216,432.58,434.22,430.88,431.52,0
SP500,19921217,431.52,435.44,431.46,435.43,0
SP500,19921218,435.46,441.29,435.46,441.28,0
SP500,19921221,441.26,441.26,439.65,440.70,0
SP500,19921222,440.70,441.64,438.25,440.31,0
SP500,19921223,440.29,441.11,439.03,439.03,0
SP500,19921224,439.03,439.81,439.03,439.77,0
SP500,19921228,439.77,439.77,437.26,439.15,0
SP500,19921229,439.15,442.65,437.60,437.98,0
SP500,19921230,437.98,439.37,437.12,438.82,0
SP500,19921231,438.82,439.59,435.71,435.71,0
SP500,19930104,435.70,437.32,434.48,435.38,0
SP500,19930105,435.38,435.40,433.55,434.34,0
SP500,19930106,434.34,435.17,432.52,434.52,0
SP500,19930107,434.52,435.46,429.76,430.73,0
SP500,19930108,430.73,430.73,426.88,429.05,0
SP500,19930111,429.04,431.04,429.01,430.95,0
SP500,19930112,430.95,431.39,428.19,431.04,0
SP500,19930113,431.03,433.44,429.99,433.03,0
SP500,19930114,433.08,435.96,433.08,435.94,0
SP500,19930115,435.87,439.49,435.84,437.15,0
SP500,19930118,437.13,437.13,435.92,436.84,0
SP500,19930119,436.84,437.70,434.59,435.13,0
SP500,19930120,435.14,436.23,433.37,433.37,0
SP500,19930121,433.37,435.75,432.48,435.49,0
SP500,19930122,435.49,437.81,435.49,436.11,0
SP500,19930125,436.11,440.53,436.11,440.01,0
SP500,19930126,440.05,442.66,439.54,439.95,0
SP500,19930127,439.95,440.04,436.82,438.11,0
SP500,19930128,438.13,439.14,437.30,438.66,0
SP500,19930129,438.67,438.93,436.91,438.78,0
SP500,19930201,438.78,442.52,438.78,442.52,0
SP500,19930202,442.52,442.87,440.76,442.55,0
SP500,19930203,442.56,447.35,442.56,447.20,0
SP500,19930204,447.20,449.86,447.20,449.56,0
SP500,19930205,449.56,449.56,446.95,448.93,0
SP500,19930208,448.94,450.04,447.70,447.85,0
SP500,19930209,448.04,448.04,444.52,445.33,0
SP500,19930210,445.33,446.37,444.24,446.23,0
SP500,19930211,446.21,449.36,446.21,447.66,0
SP500,19930212,447.66,447.70,444.58,444.58,0
SP500,19930216,444.53,444.53,433.47,433.91,0
SP500,19930217,433.93,433.97,430.92,433.30,0
SP500,19930218,433.30,437.79,428.25,431.90,0
SP500,19930219,431.93,434.26,431.68,434.22,0
SP500,19930222,434.21,436.49,433.53,435.24,0
SP500,19930223,435.34,436.84,432.41,434.80,0
SP500,19930224,434.76,440.87,434.68,440.87,0
SP500,19930225,440.70,442.34,439.67,442.34,0
SP500,19930226,442.34,443.77,440.98,443.38,0
SP500,19930301,443.38,444.18,441.34,442.01,0
SP500,19930302,442.00,447.91,441.07,447.90,0
SP500,19930303,447.90,450.00,447.73,449.26,0
SP500,19930304,449.26,449.52,446.72,447.34,0
SP500,19930305,447.34,449.59,445.56,446.11,0
SP500,19930308,446.12,454.71,446.12,454.71,0
SP500,19930309,454.67,455.52,453.68,454.40,0
SP500,19930310,454.40,456.34,452.70,456.33,0
SP500,19930311,456.35,456.76,453.48,453.72,0
SP500,19930312,453.70,453.70,447.04,449.83,0
SP500,19930315,449.83,451.43,449.40,451.43,0
SP500,19930316,451.43,452.36,451.01,451.37,0
SP500,19930317,451.36,451.36,447.99,448.31,0
SP500,19930318,448.36,452.39,448.36,451.89,0
SP500,19930319,451.90,453.32,449.91,450.18,0
SP500,19930322,450.17,450.17,446.08,448.88,0
SP500,19930323,448.88,449.80,448.30,448.76,0
SP500,19930324,448.71,450.90,446.10,448.07,0
SP500,19930325,448.09,451.75,447.93,450.88,0
SP500,19930326,450.91,452.09,447.69,447.78,0
SP500,19930329,447.76,452.81,447.75,450.77,0
SP500,19930330,450.79,452.06,449.63,451.97,0
SP500,19930331,451.97,454.88,451.67,451.67,0
SP500,19930401,451.67,452.63,449.60,450.30,0
SP500,19930402,450.28,450.28,440.71,441.39,0
SP500,19930405,441.42,442.43,440.53,442.29,0
SP500,19930406,442.29,443.38,439.48,441.16,0
SP500,19930407,441.16,442.73,440.50,442.73,0
SP500,19930408,442.71,443.77,440.02,441.84,0
SP500,19930412,441.84,448.37,441.84,448.37,0
SP500,19930413,448.41,450.40,447.66,449.22,0
SP500,19930414,449.22,450.00,448.02,448.66,0
SP500,19930415,448.60,449.11,446.39,448.40,0
SP500,19930416,448.41,449.39,447.67,448.94,0
SP500,19930419,448.94,449.14,445.85,447.46,0
SP500,19930420,447.46,447.46,441.81,445.10,0
SP500,19930421,445.09,445.77,443.08,443.63,0
SP500,19930422,443.55,445.73,439.46,439.46,0
SP500,19930423,439.49,439.49,436.82,437.03,0
SP500,19930426,437.03,438.35,432.30,433.54,0
SP500,19930427,433.52,438.02,433.14,438.01,0
SP500,19930428,438.01,438.80,436.68,438.02,0
SP500,19930429,438.02,438.96,435.59,438.89,0
SP500,19930430,438.89,442.29,438.89,440.19,0
SP500,19930503,440.19,442.59,438.25,442.46,0
SP500,19930504,442.58,445.19,442.45,444.05,0
SP500,19930505,443.98,446.09,443.76,444.52,0
SP500,19930506,444.60,444.81,442.90,443.26,0
SP500,19930507,443.28,443.70,441.69,442.31,0
SP500,19930510,442.34,445.42,442.05,442.80,0
SP500,19930511,442.80,444.57,441.52,444.36,0
SP500,19930512,444.32,445.16,442.87,444.80,0
SP500,19930513,444.75,444.75,439.23,439.23,0
SP500,19930514,439.22,439.82,438.10,439.56,0
SP500,19930517,439.56,440.38,437.83,440.37,0
SP500,19930518,440.39,441.26,437.95,440.32,0
SP500,19930519,440.32,447.86,436.86,447.57,0
SP500,19930520,447.57,450.59,447.36,450.59,0
SP500,19930521,450.59,450.59,444.89,445.84,0
SP500,19930524,445.84,448.44,445.26,448.00,0
SP500,19930525,448.00,449.04,447.70,448.85,0
SP500,19930526,448.85,453.51,448.82,453.44,0
SP500,19930527,453.44,454.55,451.14,452.41,0
SP500,19930528,452.41,452.41,447.67,450.19,0
SP500,19930601,450.23,455.63,450.23,453.83,0
SP500,19930602,453.83,454.53,452.68,453.85,0
SP500,19930603,453.84,453.85,451.12,452.49,0
SP500,19930604,452.43,452.43,448.92,450.06,0
SP500,19930607,450.07,450.75,447.32,447.69,0
SP500,19930608,447.65,447.65,444.31,444.71,0
SP500,19930609,444.71,447.39,444.66,445.78,0
SP500,19930610,445.78,446.22,444.09,445.38,0
SP500,19930611,445.38,448.19,445.38,447.26,0
SP500,19930614,447.26,448.64,447.23,447.71,0
SP500,19930615,447.73,448.28,446.18,446.27,0
SP500,19930616,446.27,447.43,443.61,447.43,0
SP500,19930617,447.43,448.98,446.91,448.54,0
SP500,19930618,448.54,448.59,443.68,443.68,0
SP500,19930621,443.68,446.22,443.68,446.22,0
SP500,19930622,446.25,446.29,444.94,445.93,0
SP500,19930623,445.96,445.96,443.19,443.19,0
SP500,19930624,443.04,447.21,442.50,446.62,0
SP500,19930625,446.62,448.64,446.62,447.60,0
SP500,19930628,447.60,451.90,447.60,451.85,0
SP500,19930629,451.89,451.90,449.67,450.69,0
SP500,19930630,450.69,451.47,450.15,450.53,0
SP500,19930701,450.54,451.15,448.71,449.02,0
SP500,19930702,449.02,449.02,445.20,445.84,0
SP500,19930706,445.86,446.87,441.42,441.43,0
SP500,19930707,441.40,443.63,441.40,442.83,0
SP500,19930708,442.84,448.64,442.84,448.64,0
SP500,19930709,448.64,448.94,446.74,448.11,0
SP500,19930712,448.13,449.11,447.71,448.98,0
SP500,19930713,449.00,450.70,448.07,448.09,0
SP500,19930714,448.08,451.12,448.08,450.08,0
SP500,19930715,450.09,450.12,447.26,449.22,0
SP500,19930716,449.07,449.08,445.66,445.75,0
SP500,19930719,445.75,446.78,444.83,446.03,0
SP500,19930720,446.03,447.63,443.71,447.31,0
SP500,19930721,447.28,447.50,445.84,447.18,0
SP500,19930722,447.18,447.23,443.72,444.51,0
SP500,19930723,444.54,447.10,444.54,447.10,0
SP500,19930726,447.06,449.50,447.04,449.09,0
SP500,19930727,449.00,449.44,446.76,448.24,0
SP500,19930728,448.25,448.61,446.59,447.19,0
SP500,19930729,447.19,450.77,447.19,450.24,0
SP500,19930730,450.19,450.22,446.98,448.13,0
SP500,19930802,448.13,450.15,448.03,450.15,0
SP500,19930803,450.15,450.43,447.59,449.27,0
SP500,19930804,449.27,449.72,447.93,448.54,0
SP500,19930805,448.55,449.61,446.94,448.13,0
SP500,19930806,448.13,449.26,447.87,448.68,0
SP500,19930809,448.68,451.51,448.31,450.72,0
SP500,19930810,450.71,450.71,449.10,449.45,0
SP500,19930811,449.60,451.00,449.60,450.46,0
SP500,19930812,450.47,451.63,447.53,448.96,0
SP500,19930813,448.97,450.25,448.97,450.14,0
SP500,19930816,450.25,453.41,450.25,452.38,0
SP500,19930817,452.38,453.70,451.96,453.13,0
SP500,19930818,453.21,456.99,453.21,456.04,0
SP500,19930819,456.01,456.76,455.20,456.43,0
SP500,19930820,456.51,456.68,454.60,456.16,0
SP500,19930823,456.12,456.12,454.29,455.23,0
SP500,19930824,455.23,459.77,455.04,459.77,0
SP500,19930825,459.75,462.04,459.30,460.13,0
SP500,19930826,460.04,462.87,458.82,461.04,0
SP500,19930827,461.05,461.05,459.19,460.54,0
SP500,19930830,460.54,462.58,460.28,461.90,0
SP500,19930831,461.90,463.56,461.29,463.56,0
SP500,19930901,463.55,463.80,461.77,463.15,0
SP500,19930902,463.13,463.54,461.07,461.30,0
SP500,19930903,461.30,462.05,459.91,461.34,0
SP500,19930907,461.34,462.07,457.95,458.52,0
SP500,19930908,458.52,458.53,453.75,456.65,0
SP500,19930909,456.65,458.11,455.17,457.50,0
SP500,19930910,457.49,461.86,457.49,461.72,0
SP500,19930913,461.70,463.38,461.41,462.06,0
SP500,19930914,461.93,461.93,458.15,459.90,0
SP500,19930915,459.90,461.96,456.31,461.60,0
SP500,19930916,461.54,461.54,459.00,459.43,0
SP500,19930917,459.43,459.43,457.09,458.83,0
SP500,19930920,458.84,459.91,455.00,455.05,0
SP500,19930921,455.05,455.80,449.64,452.95,0
SP500,19930922,452.94,456.92,452.94,456.20,0
SP500,19930923,456.25,458.69,456.25,457.74,0
SP500,19930924,457.74,458.56,456.92,457.63,0
SP500,19930927,457.63,461.81,457.63,461.80,0
SP500,19930928,461.84,462.08,460.91,461.53,0
SP500,19930929,461.60,462.17,459.51,460.11,0
SP500,19930930,460.11,460.56,458.28,458.93,0
SP500,19931001,458.93,461.48,458.35,461.28,0
SP500,19931004,461.28,461.80,460.02,461.34,0
SP500,19931005,461.34,463.15,459.45,461.20,0
SP500,19931006,461.24,462.60,460.26,460.74,0
SP500,19931007,460.71,461.13,459.08,459.18,0
SP500,19931008,459.18,460.99,456.40,460.31,0
SP500,19931011,460.31,461.87,460.31,460.88,0
SP500,19931012,461.04,462.47,460.73,461.12,0
SP500,19931013,461.12,461.98,460.76,461.49,0
SP500,19931014,461.55,466.83,461.55,466.83,0
SP500,19931015,466.83,471.10,466.83,469.50,0
SP500,19931018,469.50,470.04,468.02,468.45,0
SP500,19931019,468.41,468.64,464.80,466.21,0
SP500,19931020,466.21,466.87,464.54,466.07,0
SP500,19931021,466.06,466.64,464.38,465.36,0
SP500,19931022,465.36,467.82,463.27,463.27,0
SP500,19931025,463.27,464.49,462.05,464.20,0
SP500,19931026,464.20,464.32,462.65,464.30,0
SP500,19931027,464.30,464.61,463.36,464.61,0
SP500,19931028,464.52,468.76,464.52,467.73,0
SP500,19931029,467.72,468.20,467.37,467.83,0
SP500,19931101,467.83,469.11,467.33,469.10,0
SP500,19931102,469.10,469.10,466.20,468.44,0
SP500,19931103,468.44,468.61,460.95,463.02,0
SP500,19931104,463.02,463.16,457.26,457.49,0
SP500,19931105,457.49,459.63,454.36,459.57,0
SP500,19931108,459.57,461.54,458.78,460.21,0
SP500,19931109,460.21,463.42,460.21,460.33,0
SP500,19931110,460.40,463.72,459.57,463.72,0
SP500,19931111,463.72,464.96,462.49,462.64,0
SP500,19931112,462.64,465.84,462.64,465.39,0
SP500,19931115,465.39,466.13,463.01,463.75,0
SP500,19931116,463.75,466.74,462.97,466.74,0
SP500,19931117,466.74,467.24,462.73,464.81,0
SP500,19931118,464.83,464.88,461.73,463.62,0
SP500,19931119,463.59,463.60,460.03,462.60,0
SP500,19931122,462.60,462.60,457.08,459.13,0
SP500,19931123,459.13,461.77,458.47,461.03,0
SP500,19931124,461.03,462.90,461.03,462.36,0
SP500,19931126,462.36,463.63,462.36,463.06,0
SP500,19931129,463.06,464.83,461.83,461.90,0
SP500,19931130,461.90,463.62,460.45,461.79,0
SP500,19931201,461.93,464.47,461.63,461.89,0
SP500,19931202,461.89,463.22,461.45,463.11,0
SP500,19931203,463.13,464.89,462.67,464.89,0
SP500,19931206,464.89,466.89,464.40,466.43,0
SP500,19931207,466.43,466.77,465.44,466.76,0
SP500,19931208,465.88,466.73,465.42,466.29,0
SP500,19931209,466.29,466.54,463.87,464.18,0
SP500,19931210,464.18,464.87,462.66,463.93,0
SP500,19931213,463.93,465.71,462.71,465.70,0
SP500,19931214,465.73,466.12,462.46,463.06,0
SP500,19931215,463.06,463.69,461.84,461.84,0
SP500,19931216,461.86,463.98,461.86,463.34,0
SP500,19931217,463.34,466.38,463.34,466.38,0
SP500,19931220,466.38,466.90,465.53,465.85,0
SP500,19931221,465.84,465.92,464.03,465.30,0
SP500,19931222,465.08,467.38,465.08,467.32,0
SP500,19931223,467.30,468.97,467.30,467.38,0
SP500,19931227,467.40,470.55,467.35,470.54,0
SP500,19931228,470.61,471.05,469.43,470.94,0
SP500,19931229,470.88,471.29,469.87,470.58,0
SP500,19931230,470.58,470.58,468.09,468.64,0
SP500,19931231,468.66,470.75,466.45,466.45,0
SP500,19940103,466.51,466.94,464.36,465.44,0
SP500,19940104,465.44,466.89,464.44,466.89,0
SP500,19940105,466.89,467.82,465.92,467.55,0
SP500,19940106,467.55,469.00,467.02,467.12,0
SP500,19940107,467.09,470.26,467.03,469.90,0
SP500,19940110,469.90,475.27,469.55,475.27,0
SP500,19940111,475.27,475.28,473.27,474.13,0
SP500,19940112,474.13,475.06,472.14,474.17,0
SP500,19940113,474.17,474.17,471.80,472.47,0
SP500,19940114,472.50,475.32,472.50,474.91,0
SP500,19940117,474.91,474.91,472.84,473.30,0
SP500,19940118,473.30,475.19,473.29,474.25,0
SP500,19940119,474.25,474.70,472.21,474.30,0
SP500,19940120,474.30,475.00,473.42,474.98,0
SP500,19940121,474.98,475.56,473.72,474.72,0
SP500,19940124,474.72,475.20,471.49,471.97,0
SP500,19940125,471.97,472.56,470.27,470.92,0
SP500,19940126,470.92,473.44,470.72,473.20,0
SP500,19940127,473.20,477.52,473.20,477.05,0
SP500,19940128,477.05,479.75,477.05,478.70,0
SP500,19940131,478.70,482.85,478.70,481.61,0
SP500,19940201,481.60,481.64,479.18,479.62,0
SP500,19940202,479.62,482.23,479.57,482.00,0
SP500,19940203,481.96,481.96,478.71,480.71,0
SP500,19940204,480.68,481.02,469.28,469.81,0
SP500,19940207,469.81,472.09,467.57,471.76,0
SP500,19940208,471.76,472.33,469.50,471.05,0
SP500,19940209,471.05,473.41,471.05,472.77,0
SP500,19940210,472.81,473.13,468.91,468.93,0
SP500,19940211,468.93,471.13,466.89,470.18,0
SP500,19940214,470.18,471.99,469.05,470.23,0
SP500,19940215,470.23,473.41,470.23,472.52,0
SP500,19940216,472.53,474.16,471.94,472.79,0
SP500,19940217,472.79,475.12,468.44,470.34,0
SP500,19940218,470.29,471.09,466.07,467.69,0
SP500,19940222,467.69,471.65,467.58,471.46,0
SP500,19940223,471.48,472.41,469.47,470.69,0
SP500,19940224,470.65,470.65,464.26,464.26,0
SP500,19940225,464.33,466.48,464.33,466.07,0
SP500,19940228,466.07,469.16,466.07,467.14,0
SP500,19940301,467.19,467.43,462.02,464.44,0
SP500,19940302,464.40,464.87,457.49,464.81,0
SP500,19940303,464.81,464.83,462.50,463.01,0
SP500,19940304,463.03,466.16,462.41,464.74,0
SP500,19940307,464.74,468.07,464.74,466.91,0
SP500,19940308,466.92,467.79,465.02,465.88,0
SP500,19940309,465.94,467.42,463.40,467.06,0
SP500,19940310,467.08,467.29,462.46,463.90,0
SP500,19940311,463.86,466.61,462.54,466.44,0
SP500,19940314,466.44,467.60,466.08,467.39,0
SP500,19940315,467.39,468.99,466.04,467.01,0
SP500,19940316,467.04,469.85,465.48,469.42,0
SP500,19940317,469.42,471.05,468.62,470.90,0
SP500,19940318,470.89,471.09,467.83,471.06,0
SP500,19940321,471.06,471.06,467.23,468.54,0
SP500,19940322,468.40,470.47,467.88,468.80,0
SP500,19940323,468.89,470.38,468.52,468.54,0
SP500,19940324,468.57,468.57,462.41,464.35,0
SP500,19940325,464.35,465.29,460.58,460.58,0
SP500,19940328,460.58,461.12,456.10,460.00,0
SP500,19940329,460.00,460.32,452.43,452.48,0
SP500,19940330,452.48,452.49,445.55,445.55,0
SP500,19940331,445.55,447.16,436.16,445.77,0
SP500,19940404,445.66,445.66,435.86,438.92,0
SP500,19940405,439.14,448.29,439.14,448.29,0
SP500,19940406,448.29,449.63,444.98,448.05,0
SP500,19940407,448.11,451.10,446.38,450.88,0
SP500,19940408,450.89,450.89,445.51,447.10,0
SP500,19940411,447.12,450.34,447.10,449.87,0
SP500,19940412,449.83,450.80,447.33,447.57,0
SP500,19940413,447.63,448.57,442.62,446.26,0
SP500,19940414,446.26,447.55,443.57,446.38,0
SP500,19940415,446.38,447.85,445.81,446.18,0
SP500,19940418,446.27,447.87,441.48,442.46,0
SP500,19940419,442.54,444.82,438.83,442.54,0
SP500,19940420,442.54,445.01,439.40,441.96,0
SP500,19940421,441.96,449.14,441.96,448.73,0
SP500,19940422,448.73,449.96,447.16,447.63,0
SP500,19940425,447.64,452.71,447.58,452.71,0
SP500,19940426,452.71,452.79,450.66,451.87,0
SP500,19940428,451.84,452.23,447.97,449.10,0
SP500,19940429,449.07,451.35,447.91,450.91,0
SP500,19940502,450.91,453.57,449.05,453.02,0
SP500,19940503,453.06,453.98,450.51,453.03,0
SP500,19940504,453.04,453.11,449.87,451.72,0
SP500,19940505,451.72,452.82,450.72,451.38,0
SP500,19940506,451.37,451.37,445.64,447.82,0
SP500,19940509,447.82,447.82,441.84,442.32,0
SP500,19940510,442.37,446.84,442.37,446.01,0
SP500,19940511,446.03,446.03,440.78,441.49,0
SP500,19940512,441.50,444.80,441.50,443.75,0
SP500,19940513,443.62,444.72,441.21,444.14,0
SP500,19940516,444.15,445.82,443.62,444.49,0
SP500,19940517,444.49,449.37,443.70,449.37,0
SP500,19940518,449.39,454.45,448.87,453.69,0
SP500,19940519,453.69,456.88,453.00,456.48,0
SP500,19940520,456.48,456.48,454.22,454.92,0
SP500,19940523,454.92,454.92,451.79,453.20,0
SP500,19940524,453.21,456.77,453.21,454.81,0
SP500,19940525,454.84,456.34,452.20,456.34,0
SP500,19940526,456.33,457.77,455.79,457.06,0
SP500,19940527,457.03,457.33,454.67,457.33,0
SP500,19940531,457.32,457.61,455.16,456.50,0
SP500,19940601,456.50,458.29,453.99,457.63,0
SP500,19940602,457.62,458.50,457.26,457.65,0
SP500,19940603,457.65,460.86,456.27,460.13,0
SP500,19940606,460.13,461.87,458.85,458.88,0
SP500,19940607,458.88,459.46,457.65,458.21,0
SP500,19940608,458.21,459.74,455.43,457.06,0
SP500,19940609,457.06,457.87,455.86,457.86,0
SP500,19940610,457.86,459.48,457.36,458.67,0
SP500,19940613,458.67,459.36,457.18,459.10,0
SP500,19940614,459.10,462.52,459.10,462.37,0
SP500,19940615,462.38,463.23,459.95,460.61,0
SP500,19940616,460.61,461.93,459.80,461.93,0
SP500,19940617,461.93,462.16,458.44,458.45,0
SP500,19940620,458.45,458.45,454.46,455.48,0
SP500,19940621,455.48,455.48,449.45,451.34,0
SP500,19940622,451.40,453.91,451.40,453.09,0
SP500,19940623,453.09,454.16,449.43,449.63,0
SP500,19940624,449.63,449.63,442.51,442.80,0
SP500,19940627,442.78,447.76,439.83,447.31,0
SP500,19940628,447.36,448.47,443.08,446.07,0
SP500,19940629,446.05,449.83,446.04,447.63,0
SP500,19940630,447.63,448.61,443.66,444.27,0
SP500,19940701,444.27,446.45,443.58,446.20,0
SP500,19940705,446.20,447.62,445.14,446.37,0
SP500,19940706,446.29,447.28,444.18,446.13,0
SP500,19940707,446.15,448.64,446.15,448.38,0
SP500,19940708,448.38,449.75,446.53,449.55,0
SP500,19940711,449.56,450.24,445.27,448.06,0
SP500,19940712,448.02,448.16,444.65,447.95,0
SP500,19940713,448.03,450.06,447.97,448.73,0
SP500,19940714,448.73,454.33,448.73,453.41,0
SP500,19940715,453.28,454.33,452.80,454.16,0
SP500,19940718,454.41,455.71,453.26,455.22,0
SP500,19940719,455.22,455.30,453.86,453.86,0
SP500,19940720,453.89,454.16,450.69,451.60,0
SP500,19940721,451.60,453.22,451.00,452.61,0
SP500,19940722,452.61,454.03,452.33,453.11,0
SP500,19940725,453.10,454.32,452.76,454.25,0
SP500,19940726,454.25,454.25,452.78,453.36,0
SP500,19940727,453.36,453.38,451.36,452.57,0
SP500,19940728,452.57,454.93,452.30,454.24,0
SP500,19940729,454.25,459.33,454.25,458.26,0
SP500,19940801,458.28,461.01,458.08,461.01,0
SP500,19940802,461.01,462.77,459.70,460.56,0
SP500,19940803,460.65,461.46,459.51,461.45,0
SP500,19940804,461.45,461.49,458.40,458.40,0
SP500,19940805,458.34,458.34,456.08,457.09,0
SP500,19940808,457.08,458.30,457.01,457.89,0
SP500,19940809,457.89,458.16,456.66,457.92,0
SP500,19940810,457.98,460.48,457.98,460.30,0
SP500,19940811,460.31,461.41,456.88,458.88,0
SP500,19940812,458.88,462.27,458.88,461.94,0
SP500,19940815,461.97,463.34,461.21,461.23,0
SP500,19940816,461.22,465.20,459.89,465.01,0
SP500,19940817,465.11,465.91,464.57,465.17,0
SP500,19940818,465.10,465.10,462.30,463.17,0
SP500,19940819,463.25,464.37,461.81,463.68,0
SP500,19940822,463.61,463.61,461.46,462.32,0
SP500,19940823,462.39,466.58,462.39,464.51,0
SP500,19940824,464.51,469.05,464.51,469.03,0
SP500,19940825,469.07,470.12,467.64,468.08,0
SP500,19940826,468.08,474.65,468.08,473.80,0
SP500,19940829,473.89,477.14,473.89,474.59,0
SP500,19940830,474.59,476.61,473.56,476.07,0
SP500,19940831,476.07,477.59,474.43,475.49,0
SP500,19940901,475.49,475.49,471.74,473.17,0
SP500,19940902,473.20,474.89,470.67,470.99,0
SP500,19940906,471.00,471.92,469.64,471.86,0
SP500,19940907,471.86,472.41,470.20,470.99,0
SP500,19940908,470.96,473.40,470.86,473.14,0
SP500,19940909,473.13,473.13,466.55,468.18,0
SP500,19940912,468.18,468.42,466.15,466.21,0
SP500,19940913,466.27,468.76,466.27,467.51,0
SP500,19940914,467.55,468.86,466.82,468.80,0
SP500,19940915,468.80,474.81,468.79,474.81,0
SP500,19940916,474.81,474.81,470.06,471.19,0
SP500,19940919,471.21,473.15,470.68,470.85,0
SP500,19940920,470.83,470.83,463.36,463.36,0
SP500,19940921,463.42,464.01,458.47,461.46,0
SP500,19940922,461.45,463.22,460.96,461.27,0
SP500,19940923,461.27,462.14,459.01,459.67,0
SP500,19940926,459.65,460.87,459.31,460.82,0
SP500,19940927,460.82,462.75,459.83,462.05,0
SP500,19940928,462.10,465.55,462.10,464.84,0
SP500,19940929,464.84,464.84,461.51,462.24,0
SP500,19940930,462.27,465.30,461.91,462.71,0
SP500,19941003,462.69,463.31,460.33,461.74,0
SP500,19941004,461.77,462.46,454.03,454.59,0
SP500,19941005,454.59,454.59,449.27,453.52,0
SP500,19941006,453.52,454.49,452.13,452.36,0
SP500,19941007,452.37,455.67,452.13,455.10,0
SP500,19941010,455.12,459.29,455.12,459.04,0
SP500,19941011,459.04,466.34,459.04,465.79,0
SP500,19941012,465.78,466.70,464.79,465.47,0
SP500,19941013,465.56,471.30,465.56,467.79,0
SP500,19941014,467.78,469.53,466.11,469.10,0
SP500,19941017,469.11,469.88,468.16,468.96,0
SP500,19941018,469.02,469.19,466.54,467.66,0
SP500,19941019,467.69,471.43,465.96,470.28,0
SP500,19941020,470.37,470.37,465.39,466.85,0
SP500,19941021,466.69,466.69,463.83,464.89,0
SP500,19941024,464.89,466.37,460.80,460.83,0
SP500,19941025,460.83,461.95,458.26,461.53,0
SP500,19941026,461.55,463.77,461.22,462.62,0
SP500,19941027,462.68,465.85,462.62,465.85,0
SP500,19941028,465.84,473.78,465.80,473.77,0
SP500,19941031,473.76,474.74,472.33,472.35,0
SP500,19941101,472.26,472.26,467.64,468.42,0
SP500,19941102,468.41,470.92,466.36,466.51,0
SP500,19941103,466.50,468.64,466.40,467.91,0
SP500,19941104,467.96,469.28,462.28,462.28,0
SP500,19941107,462.31,463.56,461.25,463.07,0
SP500,19941108,463.08,467.54,463.07,465.65,0
SP500,19941109,465.65,469.95,463.46,465.40,0
SP500,19941110,465.40,467.79,463.73,464.37,0
SP500,19941111,464.17,464.17,461.45,462.35,0
SP500,19941114,462.44,466.29,462.35,466.04,0
SP500,19941115,466.04,468.51,462.95,465.03,0
SP500,19941116,465.06,466.25,464.28,465.62,0
SP500,19941117,465.71,465.83,461.47,463.57,0
SP500,19941118,463.60,463.84,460.25,461.47,0
SP500,19941121,461.69,463.41,457.55,458.30,0
SP500,19941122,457.95,458.03,450.08,450.09,0
SP500,19941123,450.01,450.61,444.18,449.93,0
SP500,19941125,449.94,452.87,449.94,452.29,0
SP500,19941128,452.26,454.19,451.04,454.16,0
SP500,19941129,454.23,455.17,452.14,455.17,0
SP500,19941130,455.17,457.13,453.27,453.69,0
SP500,19941201,453.55,453.91,447.97,448.92,0
SP500,19941202,448.92,453.31,448.00,453.30,0
SP500,19941205,453.30,455.04,452.06,453.32,0
SP500,19941206,453.29,453.93,450.35,453.11,0
SP500,19941207,453.11,453.11,450.01,451.23,0
SP500,19941208,451.23,452.06,444.59,445.45,0
SP500,19941209,445.45,446.98,442.88,446.96,0
SP500,19941212,446.95,449.48,445.62,449.47,0
SP500,19941213,449.52,451.69,449.43,450.15,0
SP500,19941214,450.05,456.16,450.05,454.97,0
SP500,19941215,454.97,456.84,454.50,455.34,0
SP500,19941216,455.35,458.80,455.35,458.80,0
SP500,19941219,458.78,458.78,456.64,457.91,0
SP500,19941220,458.08,458.45,456.37,457.10,0
SP500,19941221,457.24,461.70,457.17,459.61,0
SP500,19941222,459.62,461.21,459.33,459.68,0
SP500,19941223,459.70,461.32,459.39,459.83,0
SP500,19941227,459.85,462.73,459.85,462.47,0
SP500,19941228,462.47,462.49,459.00,460.86,0
SP500,19941229,460.92,461.81,460.36,461.17,0
SP500,19941230,461.17,462.12,459.24,459.27,0
SP500,19950103,459.21,459.27,457.20,459.11,0
SP500,19950104,459.13,460.72,457.56,460.71,0
SP500,19950105,460.73,461.30,459.75,460.34,0
SP500,19950106,460.38,462.49,459.47,460.68,0
SP500,19950109,460.67,461.77,459.74,460.83,0
SP500,19950110,460.90,464.59,460.90,461.68,0
SP500,19950111,461.68,463.61,458.65,461.66,0
SP500,19950112,461.64,461.93,460.63,461.64,0
SP500,19950113,461.64,466.43,461.64,465.97,0
SP500,19950116,465.97,470.39,465.97,469.38,0
SP500,19950117,469.38,470.15,468.19,470.05,0
SP500,19950118,470.05,470.43,468.03,469.71,0
SP500,19950119,469.72,469.72,466.40,466.95,0
SP500,19950120,466.95,466.99,463.99,464.78,0
SP500,19950123,464.78,466.23,461.14,465.82,0
SP500,19950124,465.81,466.88,465.47,465.86,0
SP500,19950125,465.86,469.51,464.40,467.44,0
SP500,19950126,467.44,468.62,466.90,468.32,0
SP500,19950127,468.32,471.36,468.32,470.39,0
SP500,19950130,470.39,470.52,467.49,468.51,0
SP500,19950131,468.51,471.03,468.18,470.42,0
SP500,19950201,470.42,472.75,469.29,470.40,0
SP500,19950202,470.40,472.79,469.95,472.79,0
SP500,19950203,472.78,479.91,472.78,478.65,0
SP500,19950206,478.64,481.95,478.36,481.14,0
SP500,19950207,481.14,481.32,479.69,480.81,0
SP500,19950208,480.81,482.60,480.40,481.19,0
SP500,19950209,481.19,482.00,479.91,480.19,0
SP500,19950210,480.19,481.96,479.53,481.46,0
SP500,19950213,481.46,482.86,481.07,481.65,0
SP500,19950214,481.65,482.94,480.89,482.55,0
SP500,19950215,482.55,485.54,481.77,484.54,0
SP500,19950216,484.56,485.22,483.05,485.22,0
SP500,19950217,485.15,485.22,481.97,481.97,0
SP500,19950221,481.95,483.26,481.94,482.72,0
SP500,19950222,482.74,486.15,482.45,485.07,0
SP500,19950223,485.07,489.19,485.07,486.91,0
SP500,19950224,486.82,488.28,485.70,488.11,0
SP500,19950227,488.26,488.26,483.18,483.81,0
SP500,19950228,483.81,487.44,483.77,487.39,0
SP500,19950301,487.39,487.83,484.92,485.65,0
SP500,19950302,485.65,485.71,483.19,485.13,0
SP500,19950303,485.13,485.42,483.07,485.42,0
SP500,19950306,485.42,485.70,481.52,485.63,0
SP500,19950307,485.63,485.63,479.70,482.12,0
SP500,19950308,482.12,484.08,481.57,483.14,0
SP500,19950309,483.14,483.74,482.05,483.16,0
SP500,19950310,483.16,490.37,483.16,489.57,0
SP500,19950313,489.57,491.28,489.35,490.05,0
SP500,19950314,490.05,493.69,490.05,492.89,0
SP500,19950315,492.89,492.89,490.83,491.88,0
SP500,19950316,491.87,495.74,491.78,495.41,0
SP500,19950317,495.43,496.67,494.95,495.52,0
SP500,19950320,495.52,496.61,495.27,496.14,0
SP500,19950321,496.15,499.19,494.04,495.07,0
SP500,19950322,495.07,495.67,493.67,495.67,0
SP500,19950323,495.67,496.77,494.19,495.95,0
SP500,19950324,496.07,500.97,496.07,500.97,0
SP500,19950327,500.97,503.20,500.93,503.20,0
SP500,19950328,503.19,503.91,501.83,503.90,0
SP500,19950329,503.92,508.15,500.96,503.12,0
SP500,19950330,503.17,504.66,501.00,502.22,0
SP500,19950331,501.94,502.22,495.70,500.71,0
SP500,19950403,500.70,501.91,500.20,501.85,0
SP500,19950404,501.85,505.26,501.85,505.24,0
SP500,19950405,505.27,505.57,503.17,505.57,0
SP500,19950406,505.63,507.10,505.00,506.08,0
SP500,19950407,506.13,507.19,503.59,506.42,0
SP500,19950410,506.30,507.01,504.61,507.01,0
SP500,19950411,507.24,508.85,505.29,505.53,0
SP500,19950412,505.59,507.17,505.07,507.17,0
SP500,19950413,507.19,509.83,507.17,509.23,0
SP500,19950417,509.23,512.03,505.43,506.13,0
SP500,19950418,506.43,507.65,504.12,505.37,0
SP500,19950419,505.37,505.89,501.19,504.92,0
SP500,19950420,504.92,506.50,503.44,505.29,0
SP500,19950421,505.63,508.49,505.63,508.49,0
SP500,19950424,508.49,513.02,507.44,512.89,0
SP500,19950425,512.80,513.54,511.32,512.10,0
SP500,19950426,511.99,513.04,510.47,512.66,0
SP500,19950427,512.70,513.62,511.63,513.55,0
SP500,19950428,513.64,515.29,510.90,514.71,0
SP500,19950501,514.76,515.60,513.42,514.26,0
SP500,19950502,514.23,515.18,513.03,514.86,0
SP500,19950503,514.93,520.54,514.86,520.48,0
SP500,19950504,520.48,525.40,519.44,520.54,0
SP500,19950505,520.75,522.35,518.28,520.12,0
SP500,19950508,520.09,525.15,519.14,523.96,0
SP500,19950509,523.96,525.99,521.79,523.56,0
SP500,19950510,523.74,524.40,521.53,524.36,0
SP500,19950511,524.33,524.89,522.70,524.37,0
SP500,19950512,524.37,527.05,523.30,525.55,0
SP500,19950515,525.55,527.74,525.00,527.74,0
SP500,19950516,527.74,529.08,526.45,528.19,0
SP500,19950517,528.19,528.42,525.38,527.07,0
SP500,19950518,526.88,526.88,519.58,519.58,0
SP500,19950519,519.58,519.58,517.07,519.19,0
SP500,19950522,519.19,524.34,519.19,523.65,0
SP500,19950523,523.65,528.59,523.65,528.59,0
SP500,19950524,528.59,531.91,525.57,528.61,0
SP500,19950525,528.37,529.04,524.89,528.59,0
SP500,19950526,528.59,528.59,522.51,523.65,0
SP500,19950530,523.65,525.58,521.38,523.58,0
SP500,19950531,523.70,533.41,522.17,533.40,0
SP500,19950601,533.40,534.21,530.05,533.49,0
SP500,19950602,533.49,536.91,529.55,532.51,0
SP500,19950605,532.51,537.73,532.47,535.60,0
SP500,19950606,535.60,537.09,535.14,535.55,0
SP500,19950607,535.55,535.55,531.66,533.13,0
SP500,19950608,533.13,533.56,531.65,532.35,0
SP500,19950609,532.35,532.35,526.00,527.94,0
SP500,19950612,527.94,532.54,527.94,530.88,0
SP500,19950613,530.88,536.23,530.88,536.05,0
SP500,19950614,536.05,536.48,533.83,536.47,0
SP500,19950615,536.48,539.07,535.56,537.12,0
SP500,19950616,537.51,539.98,537.12,539.83,0
SP500,19950619,539.83,545.22,539.83,545.22,0
SP500,19950620,545.22,545.44,543.43,544.98,0
SP500,19950621,544.98,545.93,543.90,543.98,0
SP500,19950622,543.98,551.07,543.98,551.07,0
SP500,19950623,551.07,551.07,548.23,549.71,0
SP500,19950626,549.71,549.79,544.06,544.13,0
SP500,19950627,544.11,547.07,542.19,542.43,0
SP500,19950628,542.43,546.33,540.72,544.73,0
SP500,19950629,544.73,546.25,540.79,543.87,0
SP500,19950630,543.87,546.82,543.51,544.75,0
SP500,19950703,544.75,547.10,544.43,547.09,0
SP500,19950705,547.09,549.98,546.28,547.26,0
SP500,19950706,547.26,553.99,546.59,553.99,0
SP500,19950707,553.90,556.57,553.05,556.37,0
SP500,19950710,556.37,558.48,555.77,557.19,0
SP500,19950711,556.78,557.19,553.80,554.78,0
SP500,19950712,555.27,561.56,554.27,560.89,0
SP500,19950713,560.89,562.00,559.07,561.00,0
SP500,19950714,561.00,561.00,556.41,559.89,0
SP500,19950717,560.34,562.94,559.45,562.72,0
SP500,19950718,562.55,562.72,556.86,558.46,0
SP500,19950719,556.58,558.46,542.51,550.98,0
SP500,19950720,550.98,554.43,549.10,553.54,0
SP500,19950721,553.34,554.73,550.91,553.62,0
SP500,19950724,553.62,557.21,553.62,556.63,0
SP500,19950725,556.63,561.75,556.34,561.10,0
SP500,19950726,561.10,563.78,560.85,561.61,0
SP500,19950727,561.61,565.33,561.61,565.22,0
SP500,19950728,565.22,565.40,562.04,562.93,0
SP500,19950731,562.93,563.49,560.06,562.06,0
SP500,19950801,562.06,562.11,556.67,559.64,0
SP500,19950802,559.64,565.62,557.87,558.80,0
SP500,19950803,558.80,558.80,554.10,558.75,0
SP500,19950804,558.75,559.57,557.91,558.94,0
SP500,19950807,558.94,561.24,558.94,560.03,0
SP500,19950808,560.03,561.53,558.32,560.39,0
SP500,19950809,560.39,561.59,559.29,559.71,0
SP500,19950810,559.71,560.63,556.05,557.45,0
SP500,19950811,557.45,558.50,553.04,555.11,0
SP500,19950814,555.11,559.74,554.76,559.74,0
SP500,19950815,559.74,559.98,555.22,558.57,0
SP500,19950816,558.57,559.98,557.37,559.97,0
SP500,19950817,559.97,559.97,557.42,559.04,0
SP500,19950818,559.04,561.24,558.34,559.21,0
SP500,19950821,559.21,563.34,557.89,558.11,0
SP500,19950822,558.11,559.52,555.87,559.52,0
SP500,19950823,559.52,560.00,557.08,557.14,0
SP500,19950824,557.14,558.63,555.20,557.46,0
SP500,19950825,557.46,561.31,557.46,560.10,0
SP500,19950828,560.10,562.22,557.99,559.05,0
SP500,19950829,559.05,560.01,555.71,560.00,0
SP500,19950830,560.00,561.52,559.49,560.92,0
SP500,19950831,561.09,562.36,560.49,561.88,0
SP500,19950901,561.88,564.62,561.01,563.84,0
SP500,19950905,563.86,569.20,563.84,569.17,0
SP500,19950906,569.17,570.53,569.00,570.17,0
SP500,19950907,570.17,571.11,569.23,570.29,0
SP500,19950908,570.29,572.68,569.27,572.68,0
SP500,19950911,572.68,575.15,572.68,573.91,0
SP500,19950912,573.91,576.51,573.11,576.51,0
SP500,19950913,576.51,579.72,575.47,578.77,0
SP500,19950914,578.77,583.99,578.77,583.61,0
SP500,19950915,583.61,585.07,581.79,583.35,0
SP500,19950918,583.35,583.37,579.36,582.77,0
SP500,19950919,582.78,584.24,580.75,584.20,0
SP500,19950920,584.20,586.77,584.18,586.77,0
SP500,19950921,586.77,586.79,580.91,583.00,0
SP500,19950922,583.00,583.00,578.25,581.73,0
SP500,19950925,581.73,582.14,579.50,581.81,0
SP500,19950926,581.81,584.66,580.65,581.41,0
SP500,19950927,581.41,581.42,574.68,581.04,0
SP500,19950928,581.04,585.88,580.69,585.87,0
SP500,19950929,585.87,587.61,584.00,584.41,0
SP500,19951002,584.41,585.05,580.54,581.72,0
SP500,19951003,581.72,582.34,578.48,582.34,0
SP500,19951004,582.34,582.34,579.91,581.47,0
SP500,19951005,581.47,582.63,579.58,582.63,0
SP500,19951006,582.63,584.54,582.10,582.49,0
SP500,19951009,582.49,582.49,576.35,578.37,0
SP500,19951010,578.37,578.37,571.55,577.52,0
SP500,19951011,577.52,579.52,577.08,579.46,0
SP500,19951012,579.46,583.12,579.46,583.10,0
SP500,19951013,583.10,587.39,583.10,584.50,0
SP500,19951016,584.50,584.86,582.63,583.03,0
SP500,19951017,583.03,586.78,581.90,586.78,0
SP500,19951018,586.78,589.77,586.27,587.44,0
SP500,19951019,587.44,590.66,586.34,590.65,0
SP500,19951020,590.65,590.66,586.78,587.46,0
SP500,19951023,587.46,587.46,583.73,585.06,0
SP500,19951024,585.06,587.31,584.75,586.54,0
SP500,19951025,586.54,587.19,581.41,582.47,0
SP500,19951026,582.47,582.63,572.53,576.72,0
SP500,19951027,576.72,579.71,573.21,579.70,0
SP500,19951030,579.70,583.79,579.70,583.25,0
SP500,19951031,583.25,586.71,581.50,581.50,0
SP500,19951101,581.50,584.24,581.04,584.22,0
SP500,19951102,584.22,589.72,584.22,589.72,0
SP500,19951103,589.72,590.57,588.65,590.57,0
SP500,19951106,590.57,590.64,588.31,588.46,0
SP500,19951107,588.46,588.46,584.24,586.32,0
SP500,19951108,586.32,591.71,586.32,591.71,0
SP500,19951109,591.71,593.90,590.89,593.26,0
SP500,19951110,593.26,593.26,590.39,592.72,0
SP500,19951113,592.72,593.72,590.58,592.30,0
SP500,19951114,592.30,592.30,588.98,589.29,0
SP500,19951115,589.29,593.97,588.36,593.96,0
SP500,19951116,593.96,597.91,593.52,597.34,0
SP500,19951117,597.34,600.14,597.30,600.07,0
SP500,19951120,600.07,600.40,596.17,596.85,0
SP500,19951121,596.85,600.28,595.42,600.24,0
SP500,19951122,600.24,600.71,598.40,598.40,0
SP500,19951124,598.40,600.24,598.40,599.97,0
SP500,19951127,599.97,603.35,599.97,601.32,0
SP500,19951128,601.32,606.45,599.02,606.45,0
SP500,19951129,606.45,607.66,605.47,607.64,0
SP500,19951130,607.64,608.69,605.37,605.37,0
SP500,19951201,605.37,608.11,605.37,606.98,0
SP500,19951204,606.98,613.83,606.84,613.68,0
SP500,19951205,613.68,618.48,613.14,617.68,0
SP500,19951206,617.68,621.11,616.69,620.18,0
SP500,19951207,620.18,620.19,615.21,616.17,0
SP500,19951208,616.17,617.82,614.32,617.48,0
SP500,19951211,617.48,620.90,617.14,619.52,0
SP500,19951212,619.52,619.55,617.68,618.78,0
SP500,19951213,618.78,622.02,618.27,621.69,0
SP500,19951214,621.69,622.88,616.13,616.92,0
SP500,19951215,616.92,617.72,614.46,616.34,0
SP500,19951218,616.34,616.34,606.13,606.81,0
SP500,19951219,606.81,611.94,605.05,611.93,0
SP500,19951220,611.93,614.27,605.93,605.94,0
SP500,19951221,605.94,610.52,605.94,610.49,0
SP500,19951222,610.49,613.50,610.45,611.95,0
SP500,19951226,611.96,614.50,611.96,614.30,0
SP500,19951227,614.30,615.73,613.75,614.53,0
SP500,19951228,614.53,615.50,612.40,614.12,0
SP500,19951229,614.12,615.93,612.36,615.93,0
SP500,19960102,615.93,620.74,613.17,620.73,0
SP500,19960103,620.73,623.25,619.56,621.32,0
SP500,19960104,621.32,624.49,613.96,617.70,0
SP500,19960105,617.70,617.70,612.02,616.71,0
SP500,19960108,616.71,618.46,616.49,618.46,0
SP500,19960109,618.46,619.15,608.21,609.45,0
SP500,19960110,609.45,609.45,597.29,598.48,0
SP500,19960111,598.48,602.71,597.54,602.69,0
SP500,19960112,602.69,604.80,597.46,601.81,0
SP500,19960115,601.81,603.43,598.47,599.82,0
SP500,19960116,599.82,608.44,599.05,608.44,0
SP500,19960117,608.44,609.93,604.70,606.37,0
SP500,19960118,606.37,608.27,604.12,608.24,0
SP500,19960119,608.24,612.92,606.76,611.83,0
SP500,19960122,611.83,613.45,610.95,613.40,0
SP500,19960123,613.40,613.40,610.65,612.79,0
SP500,19960124,612.79,619.96,612.79,619.96,0
SP500,19960125,619.96,620.15,616.62,617.03,0
SP500,19960126,617.03,621.70,615.26,621.62,0
SP500,19960129,621.62,624.22,621.42,624.22,0
SP500,19960130,624.22,630.29,624.22,630.15,0
SP500,19960131,630.15,636.18,629.48,636.02,0
SP500,19960201,636.02,638.46,634.54,638.46,0
SP500,19960202,638.46,639.26,634.29,635.84,0
SP500,19960205,635.84,641.43,633.71,641.43,0
SP500,19960206,641.43,646.67,639.68,646.33,0
SP500,19960207,646.33,649.93,645.59,649.93,0
SP500,19960208,649.93,656.54,647.93,656.07,0
SP500,19960209,656.07,661.08,653.64,656.37,0
SP500,19960212,656.37,662.95,656.34,661.45,0
SP500,19960213,661.45,664.23,657.92,660.51,0
SP500,19960214,660.51,661.53,654.36,655.58,0
SP500,19960215,655.58,656.84,651.15,651.32,0
SP500,19960216,651.32,651.42,646.99,647.98,0
SP500,19960220,647.98,647.98,638.79,640.65,0
SP500,19960221,640.65,648.11,640.65,648.10,0
SP500,19960222,648.10,659.75,648.10,658.86,0
SP500,19960223,658.86,663.00,652.25,659.08,0
SP500,19960226,659.08,659.08,650.16,650.46,0
SP500,19960227,650.46,650.62,643.87,647.24,0
SP500,19960228,647.24,654.39,643.99,644.75,0
SP500,19960229,644.75,646.95,639.01,640.43,0
SP500,19960301,640.43,644.38,635.00,644.37,0
SP500,19960304,644.37,653.54,644.37,650.81,0
SP500,19960305,650.81,655.80,648.77,655.79,0
SP500,19960306,655.79,656.97,651.61,652.00,0
SP500,19960307,652.00,653.65,649.54,653.65,0
SP500,19960308,653.65,653.65,627.63,633.50,0
SP500,19960311,633.50,640.41,629.95,640.02,0
SP500,19960312,640.02,640.02,628.82,637.09,0
SP500,19960313,637.09,640.52,635.19,638.55,0
SP500,19960314,638.55,644.17,638.55,640.87,0
SP500,19960315,640.87,642.87,638.35,641.43,0
SP500,19960318,641.43,652.65,641.43,652.65,0
SP500,19960319,652.65,656.18,649.80,651.69,0
SP500,19960320,651.69,653.13,645.57,649.98,0
SP500,19960321,649.98,651.54,648.10,649.19,0
SP500,19960322,649.19,652.08,649.19,650.62,0
SP500,19960325,650.62,655.50,648.82,650.04,0
SP500,19960326,650.04,654.31,648.15,652.97,0
SP500,19960327,652.97,653.94,647.60,648.91,0
SP500,19960328,648.91,649.58,646.36,648.94,0
SP500,19960329,648.94,650.96,644.89,645.50,0
SP500,19960401,645.50,653.87,645.50,653.73,0
SP500,19960402,653.73,655.27,652.81,655.26,0
SP500,19960403,655.26,655.89,651.81,655.88,0
SP500,19960404,655.88,656.68,654.89,655.86,0
SP500,19960408,655.86,655.86,638.04,644.24,0
SP500,19960409,644.24,646.33,640.84,642.19,0
SP500,19960410,642.19,642.78,631.76,633.50,0
SP500,19960411,633.50,635.26,624.14,631.18,0
SP500,19960412,631.18,637.14,631.18,636.71,0
SP500,19960415,636.71,642.49,636.71,642.49,0
SP500,19960416,642.49,645.57,642.15,645.00,0
SP500,19960417,645.00,645.00,638.71,641.61,0
SP500,19960418,641.61,644.66,640.76,643.61,0
SP500,19960419,643.61,647.32,643.61,645.07,0
SP500,19960422,645.07,650.91,645.07,647.89,0
SP500,19960423,647.89,651.59,647.70,651.58,0
SP500,19960424,651.58,653.37,648.25,650.17,0
SP500,19960425,650.17,654.18,647.06,652.87,0
SP500,19960426,652.87,656.43,651.96,653.46,0
SP500,19960429,653.46,654.71,651.60,654.16,0
SP500,19960430,654.16,654.59,651.05,654.17,0
SP500,19960501,654.17,656.44,652.26,654.58,0
SP500,19960502,654.58,654.58,642.13,643.38,0
SP500,19960503,643.38,648.45,640.23,641.63,0
SP500,19960506,641.63,644.64,636.19,640.81,0
SP500,19960507,640.81,641.40,636.96,638.26,0
SP500,19960508,638.26,644.79,630.07,644.77,0
SP500,19960509,644.77,647.95,643.18,645.44,0
SP500,19960510,645.44,653.00,645.44,652.09,0
SP500,19960513,652.09,662.16,652.09,661.51,0
SP500,19960514,661.51,666.96,661.51,665.60,0
SP500,19960515,665.60,669.82,664.46,665.42,0
SP500,19960516,665.42,667.11,662.79,664.85,0
SP500,19960517,664.85,669.84,664.85,668.91,0
SP500,19960520,668.91,673.66,667.64,673.15,0
SP500,19960521,673.15,675.56,672.26,672.76,0
SP500,19960522,672.76,678.42,671.23,678.42,0
SP500,19960523,678.42,681.10,673.45,676.00,0
SP500,19960524,676.00,679.72,676.00,678.51,0
SP500,19960528,678.51,679.98,671.52,672.23,0
SP500,19960529,672.23,673.73,666.09,667.93,0
SP500,19960530,667.93,673.51,664.56,671.70,0
SP500,19960531,671.70,673.46,667.00,669.12,0
SP500,19960603,669.12,669.12,665.19,667.68,0
SP500,19960604,667.68,672.60,667.68,672.56,0
SP500,19960605,672.56,678.45,672.09,678.44,0
SP500,19960606,678.44,680.32,673.02,673.03,0
SP500,19960607,673.03,673.31,662.48,673.31,0
SP500,19960610,673.31,673.61,670.15,672.16,0
SP500,19960611,672.16,676.72,669.94,670.97,0
SP500,19960612,670.97,673.67,668.77,669.04,0
SP500,19960613,669.04,670.54,665.49,667.92,0
SP500,19960614,667.92,668.40,664.35,665.85,0
SP500,19960617,665.85,668.27,664.09,665.16,0
SP500,19960618,665.16,666.36,661.34,662.06,0
SP500,19960619,662.06,665.62,661.21,661.96,0
SP500,19960620,661.96,664.96,658.75,662.10,0
SP500,19960621,662.10,666.84,662.10,666.84,0
SP500,19960624,666.84,671.07,666.84,668.85,0
SP500,19960625,668.85,670.65,667.29,668.48,0
SP500,19960626,668.48,668.49,663.67,664.39,0
SP500,19960627,664.39,668.90,661.56,668.55,0
SP500,19960628,668.55,672.68,668.55,670.63,0
SP500,19960701,670.63,675.88,670.63,675.88,0
SP500,19960702,675.88,675.88,672.55,673.61,0
SP500,19960703,673.61,673.64,670.21,672.40,0
SP500,19960705,672.40,672.40,657.41,657.44,0
SP500,19960708,657.44,657.65,651.13,652.54,0
SP500,19960709,652.54,656.60,652.54,654.75,0
SP500,19960710,654.75,656.27,648.39,656.06,0
SP500,19960711,656.06,656.06,639.52,645.67,0
SP500,19960712,645.67,647.64,640.21,646.19,0
SP500,19960715,646.19,646.19,629.69,629.80,0
SP500,19960716,629.80,631.99,605.88,628.37,0
SP500,19960717,628.37,636.61,628.37,634.07,0
SP500,19960718,634.07,644.44,633.29,643.56,0
SP500,19960719,643.51,643.51,635.50,638.73,0
SP500,19960722,638.73,638.73,630.38,633.77,0
SP500,19960723,633.79,637.70,625.65,626.87,0
SP500,19960724,626.19,629.10,616.43,626.65,0
SP500,19960725,626.65,633.57,626.65,631.17,0
SP500,19960726,631.17,636.23,631.17,635.90,0
SP500,19960729,635.90,635.90,630.90,630.91,0
SP500,19960730,630.91,635.26,629.22,635.26,0
SP500,19960731,635.26,640.54,633.74,639.95,0
SP500,19960801,639.95,650.66,639.49,650.02,0
SP500,19960802,650.02,662.49,650.02,662.49,0
SP500,19960805,662.49,663.64,659.03,660.23,0
SP500,19960806,660.23,662.75,656.83,662.38,0
SP500,19960807,662.38,664.61,660.00,664.16,0
SP500,19960808,664.16,664.17,661.28,662.59,0
SP500,19960809,662.59,665.37,660.31,662.10,0
SP500,19960812,662.10,665.77,658.95,665.77,0
SP500,19960813,665.77,665.77,659.13,660.20,0
SP500,19960814,660.20,662.42,658.47,662.05,0
SP500,19960815,662.05,664.18,660.64,662.28,0
SP500,19960816,662.28,666.34,662.26,665.21,0
SP500,19960819,665.21,667.12,665.00,666.58,0
SP500,19960820,666.58,666.99,665.15,665.69,0
SP500,19960821,665.69,665.69,662.16,665.07,0
SP500,19960822,665.07,670.68,664.88,670.68,0
SP500,19960823,670.68,670.68,664.93,667.03,0
SP500,19960826,667.03,667.03,662.36,663.88,0
SP500,19960827,663.88,666.40,663.50,666.40,0
SP500,19960828,666.40,667.41,664.39,664.81,0
SP500,19960829,664.81,664.81,655.35,657.40,0
SP500,19960830,657.40,657.71,650.52,651.99,0
SP500,19960903,651.99,655.13,643.97,654.72,0
SP500,19960904,654.72,655.82,652.93,655.61,0
SP500,19960905,655.61,655.61,648.89,649.44,0
SP500,19960906,649.44,658.21,649.44,655.68,0
SP500,19960909,655.68,663.77,655.68,663.76,0
SP500,19960910,663.76,665.57,661.55,663.81,0
SP500,19960911,663.81,667.73,661.79,667.28,0
SP500,19960912,667.28,673.07,667.28,671.15,0
SP500,19960913,671.15,681.39,671.15,680.54,0
SP500,19960916,680.54,686.48,680.53,683.98,0
SP500,19960917,683.98,685.80,679.96,682.94,0
SP500,19960918,682.94,683.77,679.75,681.47,0
SP500,19960919,681.47,684.07,679.06,683.00,0
SP500,19960920,683.00,687.07,683.00,687.03,0
SP500,19960923,687.03,687.03,681.01,686.48,0
SP500,19960924,686.48,690.88,683.54,685.61,0
SP500,19960925,685.61,688.26,684.92,685.83,0
SP500,19960926,685.83,690.15,683.77,685.86,0
SP500,19960927,685.86,687.11,683.73,686.19,0
SP500,19960930,686.19,690.11,686.03,687.33,0
SP500,19961001,687.31,689.54,684.44,689.08,0
SP500,19961002,689.08,694.82,689.08,694.01,0
SP500,19961003,694.01,694.81,691.78,692.78,0
SP500,19961004,692.78,701.74,692.78,701.46,0
SP500,19961007,701.46,704.17,701.39,703.34,0
SP500,19961008,703.34,705.76,699.88,700.64,0
SP500,19961009,700.64,702.36,694.42,696.74,0
SP500,19961010,696.74,696.82,693.34,694.61,0
SP500,19961011,694.61,700.67,694.61,700.66,0
SP500,19961014,700.66,705.16,700.66,703.54,0
SP500,19961015,703.54,708.07,699.07,702.57,0
SP500,19961016,702.57,704.42,699.15,704.41,0
SP500,19961017,705.00,708.52,704.76,706.99,0
SP500,19961018,706.99,711.04,706.11,710.82,0
SP500,19961021,710.82,714.10,707.71,709.85,0
SP500,19961022,709.85,709.85,704.55,706.57,0
SP500,19961023,706.57,707.31,700.98,707.27,0
SP500,19961024,707.27,708.25,702.11,702.29,0
SP500,19961025,702.29,704.11,700.53,700.92,0
SP500,19961028,700.92,705.40,697.25,697.26,0
SP500,19961029,697.26,703.25,696.22,701.50,0
SP500,19961030,701.50,703.44,700.05,700.90,0
SP500,19961031,700.90,706.61,700.35,705.27,0
SP500,19961101,705.27,708.60,701.30,703.77,0
SP500,19961104,703.77,707.02,702.84,706.73,0
SP500,19961105,706.73,714.56,706.73,714.14,0
SP500,19961106,714.14,724.60,712.83,724.59,0
SP500,19961107,724.59,729.49,722.23,727.65,0
SP500,19961108,727.65,730.82,725.22,730.82,0
SP500,19961111,730.82,732.60,729.94,731.87,0
SP500,19961112,731.87,733.04,728.20,729.56,0
SP500,19961113,729.56,732.11,728.03,731.13,0
SP500,19961114,731.13,735.99,729.20,735.88,0
SP500,19961115,735.88,741.92,735.15,737.62,0
SP500,19961118,737.62,739.24,734.39,737.02,0
SP500,19961119,737.02,742.18,736.87,742.16,0
SP500,19961120,742.16,746.99,740.40,743.95,0
SP500,19961121,743.95,745.20,741.08,742.75,0
SP500,19961122,742.75,748.73,742.75,748.73,0
SP500,19961125,748.73,757.05,747.99,757.03,0
SP500,19961126,757.03,762.12,752.83,755.96,0
SP500,19961127,755.96,757.30,753.18,755.00,0
SP500,19961129,755.00,758.27,755.00,757.02,0
SP500,19961202,757.02,757.03,751.49,756.56,0
SP500,19961203,756.56,761.75,747.58,748.28,0
SP500,19961204,748.28,748.40,738.46,745.10,0
SP500,19961205,745.10,747.65,742.61,744.38,0
SP500,19961206,744.38,744.38,726.89,739.60,0
SP500,19961209,739.60,749.76,739.60,749.76,0
SP500,19961210,749.76,753.43,747.02,747.54,0
SP500,19961211,747.54,747.54,732.75,740.73,0
SP500,19961212,740.73,744.86,729.30,729.30,0
SP500,19961213,729.33,731.40,721.97,728.64,0
SP500,19961216,728.64,732.68,719.40,720.98,0
SP500,19961217,720.98,727.67,716.69,726.04,0
SP500,19961218,726.04,732.76,726.04,731.54,0
SP500,19961219,731.54,746.06,731.54,745.76,0
SP500,19961220,745.76,755.41,745.76,748.87,0
SP500,19961223,748.87,750.40,743.28,746.92,0
SP500,19961224,746.92,751.03,746.92,751.03,0
SP500,19961226,751.03,757.07,751.02,755.82,0
SP500,19961227,755.82,758.75,754.82,756.79,0
SP500,19961230,756.79,759.20,752.73,753.85,0
SP500,19961231,753.85,753.95,740.74,740.74,0
SP500,19970102,740.74,742.81,729.55,737.01,0
SP500,19970103,737.01,748.24,737.01,748.03,0
SP500,19970106,748.03,753.31,743.82,747.65,0
SP500,19970107,747.65,753.26,742.18,753.23,0
SP500,19970108,753.23,755.72,747.71,748.41,0
SP500,19970109,748.41,757.68,748.41,754.85,0
SP500,19970110,754.85,759.65,746.92,759.50,0
SP500,19970113,759.50,762.85,756.69,759.51,0
SP500,19970114,759.51,772.04,759.51,768.86,0
SP500,19970115,768.86,770.95,763.72,767.20,0
SP500,19970116,767.20,772.05,765.25,769.75,0
SP500,19970117,769.75,776.37,769.72,776.17,0
SP500,19970120,776.17,780.08,774.19,776.70,0
SP500,19970121,776.70,783.72,772.00,782.72,0
SP500,19970122,782.72,786.23,779.56,786.23,0
SP500,19970123,786.23,794.67,776.64,777.56,0
SP500,19970124,777.56,778.21,768.17,770.52,0
SP500,19970127,770.52,771.43,764.18,765.02,0
SP500,19970128,765.02,776.32,761.75,765.02,0
SP500,19970129,765.02,772.70,765.02,772.50,0
SP500,19970130,772.50,784.17,772.50,784.17,0
SP500,19970131,784.17,791.86,784.17,786.16,0
SP500,19970203,786.16,787.14,783.12,786.73,0
SP500,19970204,786.73,789.28,783.68,789.26,0
SP500,19970205,789.26,792.71,773.43,778.28,0
SP500,19970206,778.28,780.35,774.45,780.15,0
SP500,19970207,780.15,789.72,778.19,789.56,0
SP500,19970210,789.56,793.46,784.69,785.43,0
SP500,19970211,785.43,789.60,780.95,789.59,0
SP500,19970212,789.59,802.77,789.59,802.77,0
SP500,19970213,802.77,812.93,802.77,811.82,0
SP500,19970214,811.82,812.20,808.15,808.48,0
SP500,19970218,808.48,816.29,806.34,816.29,0
SP500,19970219,816.29,817.68,811.20,812.49,0
SP500,19970220,812.49,812.49,800.35,802.80,0
SP500,19970221,802.80,804.94,799.99,801.77,0
SP500,19970224,801.77,810.64,798.42,810.28,0
SP500,19970225,810.28,812.85,807.65,812.03,0
SP500,19970226,812.10,812.70,798.13,805.68,0
SP500,19970227,805.68,805.68,795.06,795.07,0
SP500,19970228,795.07,795.70,788.50,790.82,0
SP500,19970303,790.82,795.31,785.66,795.31,0
SP500,19970304,795.31,798.93,789.98,790.95,0
SP500,19970305,790.95,801.99,790.95,801.99,0
SP500,19970306,801.99,804.11,797.50,798.56,0
SP500,19970307,798.56,808.19,798.56,804.97,0
SP500,19970310,804.97,813.66,803.66,813.65,0
SP500,19970311,813.65,814.90,810.77,811.34,0
SP500,19970312,811.34,811.34,801.07,804.26,0
SP500,19970313,804.26,804.26,789.44,789.56,0
SP500,19970314,789.56,796.88,789.56,793.17,0
SP500,19970317,793.17,796.28,782.98,795.71,0
SP500,19970318,795.71,797.18,785.47,789.66,0
SP500,19970319,789.66,791.59,780.03,785.77,0
SP500,19970320,785.77,786.29,778.04,782.65,0
SP500,19970321,782.65,786.44,782.65,784.10,0
SP500,19970324,784.10,791.01,780.79,790.89,0
SP500,19970325,790.89,798.11,788.39,789.07,0
SP500,19970326,789.07,794.89,786.77,790.50,0
SP500,19970327,790.50,792.58,767.32,773.88,0
SP500,19970331,773.88,773.88,756.13,757.12,0
SP500,19970401,757.12,761.49,751.26,759.64,0
SP500,19970402,759.64,759.65,747.59,750.11,0
SP500,19970403,750.11,751.04,744.40,750.32,0
SP500,19970404,750.32,757.90,744.04,757.90,0
SP500,19970407,757.90,764.82,757.90,762.13,0
SP500,19970408,762.13,766.25,758.36,766.12,0
SP500,19970409,766.12,769.53,759.15,760.60,0
SP500,19970410,760.60,763.73,757.65,758.34,0
SP500,19970411,758.34,758.34,737.64,737.65,0
SP500,19970414,737.65,743.73,733.54,743.73,0
SP500,19970415,743.73,754.72,743.73,754.72,0
SP500,19970416,754.72,763.53,751.99,763.53,0
SP500,19970417,763.53,768.55,760.49,761.77,0
SP500,19970418,761.77,767.93,761.77,766.34,0
SP500,19970421,766.34,767.39,756.38,760.37,0
SP500,19970422,760.37,774.64,759.90,774.61,0
SP500,19970423,774.61,778.19,771.90,773.64,0
SP500,19970424,773.64,779.89,769.72,771.18,0
SP500,19970425,771.18,771.18,764.63,765.37,0
SP500,19970428,765.37,773.89,763.30,772.96,0
SP500,19970429,772.96,794.44,772.96,794.05,0
SP500,19970430,794.05,804.13,791.21,801.34,0
SP500,19970501,801.34,802.95,793.21,798.53,0
SP500,19970502,798.53,812.99,798.53,812.97,0
SP500,19970505,812.97,830.29,811.80,830.29,0
SP500,19970506,830.24,832.29,824.70,827.76,0
SP500,19970507,827.76,827.76,814.70,815.62,0
SP500,19970508,815.62,829.09,811.84,820.26,0
SP500,19970509,820.26,827.69,815.78,824.78,0
SP500,19970512,824.78,838.56,824.78,837.66,0
SP500,19970513,837.66,838.49,829.12,833.13,0
SP500,19970514,833.13,841.29,833.13,836.04,0
SP500,19970515,836.04,842.45,833.34,841.88,0
SP500,19970516,841.88,841.88,829.15,829.75,0
SP500,19970519,829.75,835.92,828.87,833.27,0
SP500,19970520,833.27,841.96,826.41,841.66,0
SP500,19970521,841.66,846.87,835.22,839.35,0
SP500,19970522,839.35,841.91,833.86,835.66,0
SP500,19970523,835.66,848.49,835.66,847.03,0
SP500,19970527,847.03,851.53,840.96,849.71,0
SP500,19970528,849.71,850.95,843.21,847.21,0
SP500,19970529,847.21,848.96,842.61,844.08,0
SP500,19970530,844.08,851.87,831.87,848.28,0
SP500,19970602,848.28,851.34,844.61,846.36,0
SP500,19970603,846.36,850.56,841.51,845.48,0
SP500,19970604,845.48,845.55,838.82,840.11,0
SP500,19970605,840.11,848.89,840.11,843.43,0
SP500,19970606,843.43,859.24,843.36,858.01,0
SP500,19970609,858.01,865.14,858.01,862.91,0
SP500,19970610,862.91,870.05,862.18,865.27,0
SP500,19970611,865.27,870.66,865.15,869.57,0
SP500,19970612,869.57,884.34,869.01,883.46,0
SP500,19970613,883.48,894.69,883.48,893.27,0
SP500,19970616,893.27,895.17,891.21,893.90,0
SP500,19970617,893.90,897.60,886.19,894.42,0
SP500,19970618,894.42,894.42,887.03,889.06,0
SP500,19970619,889.06,900.09,888.99,897.99,0
SP500,19970620,897.99,901.77,897.77,898.70,0
SP500,19970623,898.70,898.70,878.43,878.62,0
SP500,19970624,878.62,896.75,878.62,896.34,0
SP500,19970625,896.34,902.09,882.24,888.99,0
SP500,19970626,888.99,893.21,879.32,883.68,0
SP500,19970627,883.68,894.70,883.68,887.30,0
SP500,19970630,887.30,892.62,879.82,885.14,0
SP500,19970701,885.14,893.88,884.54,891.03,0
SP500,19970702,891.03,904.05,891.03,904.03,0
SP500,19970703,904.03,917.82,904.03,916.92,0
SP500,19970707,916.92,923.26,909.69,912.20,0
SP500,19970708,912.20,918.76,911.56,918.75,0
SP500,19970709,918.75,922.03,902.48,907.54,0
SP500,19970710,907.54,916.54,904.31,913.78,0
SP500,19970711,913.78,919.74,913.11,916.68,0
SP500,19970714,916.68,921.78,912.02,918.38,0
SP500,19970715,918.38,926.15,914.52,925.76,0
SP500,19970716,925.76,939.32,925.76,936.59,0
SP500,19970717,936.59,936.96,927.90,931.61,0
SP500,19970718,931.61,931.61,912.90,915.30,0
SP500,19970721,915.30,915.38,907.12,912.94,0
SP500,19970722,912.94,934.38,912.94,933.98,0
SP500,19970723,933.98,941.80,933.98,936.56,0
SP500,19970724,936.56,941.51,926.91,940.30,0
SP500,19970725,940.30,945.65,936.09,938.79,0
SP500,19970728,938.79,942.97,935.19,936.45,0
SP500,19970729,936.45,942.96,932.56,942.29,0
SP500,19970730,942.29,953.98,941.98,952.29,0
SP500,19970731,952.29,957.73,948.89,954.31,0
SP500,19970801,954.29,955.35,939.04,947.14,0
SP500,19970804,947.14,953.18,943.60,950.30,0
SP500,19970805,950.30,954.21,948.92,952.37,0
SP500,19970806,952.37,962.43,949.45,960.32,0
SP500,19970807,960.32,964.17,950.87,951.19,0
SP500,19970808,951.19,951.19,925.74,933.54,0
SP500,19970811,933.54,938.50,925.39,937.00,0
SP500,19970812,937.00,942.99,925.66,926.53,0
SP500,19970813,926.53,935.77,916.54,922.02,0
SP500,19970814,922.02,930.07,916.92,924.77,0
SP500,19970815,924.77,924.77,900.81,900.81,0
SP500,19970818,900.81,912.57,893.34,912.49,0
SP500,19970819,912.49,926.01,912.49,926.01,0
SP500,19970820,926.01,939.35,924.58,939.35,0
SP500,19970821,939.35,939.47,921.35,925.05,0
SP500,19970822,925.05,925.05,905.42,923.54,0
SP500,19970825,923.55,930.93,917.29,920.16,0
SP500,19970826,920.16,922.47,911.72,913.02,0
SP500,19970827,913.02,916.23,903.83,913.70,0
SP500,19970828,913.70,915.90,898.65,903.67,0
SP500,19970829,903.67,907.28,896.82,899.47,0
SP500,19970902,899.47,927.58,899.47,927.58,0
SP500,19970903,927.58,935.90,926.87,927.86,0
SP500,19970904,927.86,933.36,925.59,930.87,0
SP500,19970905,930.87,940.37,924.05,929.05,0
SP500,19970908,929.05,936.50,929.05,931.20,0
SP500,19970909,931.20,938.90,927.28,933.62,0
SP500,19970910,933.62,933.62,918.76,919.03,0
SP500,19970911,919.03,919.03,902.56,912.59,0
SP500,19970912,912.59,925.05,906.70,923.91,0
SP500,19970915,923.91,928.90,919.41,919.77,0
SP500,19970916,919.77,947.66,919.77,945.64,0
SP500,19970917,945.64,950.29,941.99,943.00,0
SP500,19970918,943.00,958.19,943.00,947.29,0
SP500,19970919,947.29,952.35,943.90,950.51,0
SP500,19970922,950.51,960.59,950.51,955.43,0
SP500,19970923,955.43,955.78,948.07,951.93,0
SP500,19970924,951.93,959.78,944.07,944.48,0
SP500,19970925,944.48,947.00,937.38,937.91,0
SP500,19970926,937.91,946.44,937.91,945.22,0
SP500,19970929,945.22,953.96,941.94,953.34,0
SP500,19970930,953.34,955.17,947.28,947.28,0
SP500,19971001,947.28,956.71,947.28,955.41,0
SP500,19971002,955.41,960.46,952.94,960.46,0
SP500,19971003,960.46,975.47,955.13,965.03,0
SP500,19971006,965.03,974.16,965.03,972.69,0
SP500,19971007,972.69,983.12,971.95,983.12,0
SP500,19971008,983.12,983.12,968.65,973.84,0
SP500,19971009,973.84,974.72,963.34,970.62,0
SP500,19971010,970.62,970.62,963.42,966.98,0
SP500,19971013,966.98,973.46,966.95,968.10,0
SP500,19971014,968.10,972.86,961.87,970.28,0
SP500,19971015,970.28,970.28,962.75,965.72,0
SP500,19971016,965.72,973.38,950.77,955.25,0
SP500,19971017,955.23,955.23,931.58,944.16,0
SP500,19971020,944.16,955.72,941.43,955.61,0
SP500,19971021,955.61,972.56,955.61,972.28,0
SP500,19971022,972.28,972.61,965.66,968.49,0
SP500,19971023,968.49,968.49,944.16,950.69,0
SP500,19971024,950.69,960.04,937.55,941.64,0
SP500,19971027,941.64,941.64,876.73,876.99,0
SP500,19971028,876.99,923.09,855.27,921.85,0
SP500,19971029,921.85,935.24,913.88,919.16,0
SP500,19971030,919.16,923.28,903.68,903.68,0
SP500,19971031,903.68,919.93,903.68,914.62,0
SP500,19971103,914.62,939.02,914.62,938.99,0
SP500,19971104,938.99,941.40,932.66,940.76,0
SP500,19971105,940.76,949.62,938.16,942.76,0
SP500,19971106,942.76,942.85,934.16,938.03,0
SP500,19971107,938.03,938.03,915.39,927.51,0
SP500,19971110,927.51,935.90,920.26,921.13,0
SP500,19971111,921.13,928.29,919.63,923.78,0
SP500,19971112,923.78,923.88,905.34,905.96,0
SP500,19971113,905.96,917.79,900.61,916.66,0
SP500,19971114,916.66,930.44,915.34,928.35,0
SP500,19971117,928.35,949.66,928.35,946.20,0
SP500,19971118,946.20,947.65,937.43,938.23,0
SP500,19971119,938.23,947.28,934.83,944.59,0
SP500,19971120,944.59,961.83,944.59,958.98,0
SP500,19971121,958.98,964.55,954.60,963.09,0
SP500,19971124,963.09,963.09,945.22,946.67,0
SP500,19971125,946.67,954.47,944.71,950.82,0
SP500,19971126,950.82,956.47,950.82,951.64,0
SP500,19971128,951.64,959.13,951.64,955.40,0
SP500,19971201,955.40,974.77,955.40,974.77,0
SP500,19971202,974.78,976.20,969.83,971.68,0
SP500,19971203,971.68,980.81,966.16,976.77,0
SP500,19971204,976.77,983.36,971.37,973.10,0
SP500,19971205,973.10,986.25,969.10,983.79,0
SP500,19971208,983.79,985.67,979.57,982.37,0
SP500,19971209,982.37,982.37,973.81,975.78,0
SP500,19971210,975.78,975.78,962.68,969.79,0
SP500,19971211,969.79,969.79,951.89,954.94,0
SP500,19971212,954.94,961.32,947.00,953.39,0
SP500,19971215,953.39,965.96,953.39,963.39,0
SP500,19971216,963.39,973.00,963.39,968.04,0
SP500,19971217,968.04,974.30,964.25,965.54,0
SP500,19971218,965.54,965.54,950.55,955.30,0
SP500,19971219,955.30,955.30,924.92,946.78,0
SP500,19971222,946.78,956.73,946.25,953.70,0
SP500,19971223,953.70,954.51,938.91,939.13,0
SP500,19971224,939.13,942.88,932.70,932.70,0
SP500,19971226,932.70,939.99,932.70,936.46,0
SP500,19971229,936.46,953.95,936.46,953.35,0
SP500,19971230,953.35,970.84,953.35,970.84,0
SP500,19971231,970.84,975.02,967.41,970.43,0
SP500,19980102,970.43,975.04,965.73,975.04,0
SP500,19980105,975.04,982.63,969.00,977.07,0
SP500,19980106,977.07,977.07,962.68,966.58,0
SP500,19980107,966.58,966.58,952.67,964.00,0
SP500,19980108,964.00,964.00,955.04,956.05,0
SP500,19980109,956.05,956.05,921.72,927.69,0
SP500,19980112,927.69,939.25,912.83,939.21,0
SP500,19980113,939.21,952.14,939.21,952.12,0
SP500,19980114,952.12,958.12,948.00,957.94,0
SP500,19980115,957.94,957.94,950.27,950.73,0
SP500,19980116,950.73,965.12,950.73,961.51,0
SP500,19980120,961.51,978.60,961.48,978.60,0
SP500,19980121,978.60,978.60,963.29,970.81,0
SP500,19980122,970.81,970.81,959.49,963.04,0
SP500,19980123,963.04,966.44,950.86,957.59,0
SP500,19980126,957.59,963.04,954.24,956.95,0
SP500,19980127,956.95,973.23,956.26,969.02,0
SP500,19980128,969.02,978.63,969.02,977.46,0
SP500,19980129,977.46,992.65,975.21,985.49,0
SP500,19980130,985.49,987.41,979.63,980.28,0
SP500,19980202,980.28,1002.48,980.28,1001.27,0
SP500,19980203,1001.27,1006.13,996.90,1006.00,0
SP500,19980204,1006.00,1009.52,999.43,1006.90,0
SP500,19980205,1006.90,1013.51,1000.27,1003.54,0
SP500,19980206,1003.54,1013.07,1003.36,1012.46,0
SP500,19980209,1012.46,1015.33,1006.28,1010.74,0
SP500,19980210,1010.74,1022.15,1010.71,1019.01,0
SP500,19980211,1019.01,1020.71,1016.38,1020.01,0
SP500,19980212,1020.01,1026.30,1008.55,1024.14,0
SP500,19980213,1024.14,1024.14,1017.71,1020.09,0
SP500,19980217,1020.09,1028.02,1020.09,1022.76,0
SP500,19980218,1022.76,1032.08,1021.70,1032.08,0
SP500,19980219,1032.08,1032.93,1026.62,1028.28,0
SP500,19980220,1028.28,1034.21,1022.69,1034.21,0
SP500,19980223,1034.21,1038.68,1031.76,1038.14,0
SP500,19980224,1038.14,1038.73,1028.89,1030.56,0
SP500,19980225,1030.56,1045.79,1030.56,1042.90,0
SP500,19980226,1042.90,1048.68,1039.85,1048.67,0
SP500,19980227,1048.67,1051.66,1044.40,1049.34,0
SP500,19980302,1049.34,1053.98,1044.70,1047.70,0
SP500,19980303,1047.70,1052.02,1043.41,1052.02,0
SP500,19980304,1052.02,1052.02,1042.74,1047.33,0
SP500,19980305,1047.33,1047.33,1030.87,1035.05,0
SP500,19980306,1035.05,1055.69,1035.05,1055.69,0
SP500,19980309,1055.69,1058.55,1050.02,1052.31,0
SP500,19980310,1052.31,1064.59,1052.31,1064.25,0
SP500,19980311,1064.25,1069.18,1064.22,1068.47,0
SP500,19980312,1068.47,1071.87,1063.54,1069.92,0
SP500,19980313,1069.92,1075.86,1066.57,1068.61,0
SP500,19980316,1068.61,1079.46,1068.61,1079.27,0
SP500,19980317,1079.27,1080.52,1073.29,1080.45,0
SP500,19980318,1080.45,1085.52,1077.77,1085.52,0
SP500,19980319,1085.52,1089.74,1084.30,1089.74,0
SP500,19980320,1089.74,1101.04,1089.39,1099.16,0
SP500,19980323,1099.16,1101.16,1094.25,1095.55,0
SP500,19980324,1095.55,1106.75,1095.55,1105.65,0
SP500,19980325,1105.65,1113.07,1092.84,1101.93,0
SP500,19980326,1101.93,1106.28,1097.00,1100.80,0
SP500,19980327,1100.80,1107.18,1091.14,1095.44,0
SP500,19980330,1095.44,1099.10,1090.02,1093.60,0
SP500,19980331,1093.55,1110.13,1093.55,1101.75,0
SP500,19980401,1101.75,1109.19,1095.29,1108.15,0
SP500,19980402,1108.15,1121.01,1107.89,1120.01,0
SP500,19980403,1120.01,1126.36,1118.12,1122.70,0
SP500,19980406,1122.70,1131.99,1121.37,1121.38,0
SP500,19980407,1121.38,1121.38,1102.44,1109.55,0
SP500,19980408,1109.55,1111.60,1098.21,1101.65,0
SP500,19980409,1101.65,1111.45,1101.65,1110.67,0
SP500,19980413,1110.67,1110.75,1100.60,1109.69,0
SP500,19980414,1109.69,1115.95,1109.48,1115.75,0
SP500,19980415,1115.75,1119.90,1112.24,1119.32,0
SP500,19980416,1119.32,1119.32,1105.27,1108.17,0
SP500,19980417,1108.17,1122.72,1104.95,1122.72,0
SP500,19980420,1122.72,1124.88,1118.43,1123.65,0
SP500,19980421,1123.65,1129.65,1119.54,1126.67,0
SP500,19980422,1126.67,1132.98,1126.29,1130.54,0
SP500,19980423,1130.54,1130.54,1117.49,1119.58,0
SP500,19980424,1119.58,1122.81,1104.77,1107.90,0
SP500,19980427,1107.90,1107.90,1076.70,1086.54,0
SP500,19980428,1086.54,1095.94,1081.49,1085.11,0
SP500,19980429,1085.11,1098.24,1084.65,1094.62,0
SP500,19980430,1094.63,1116.97,1094.63,1111.75,0
SP500,19980501,1111.75,1121.02,1111.75,1121.00,0
SP500,19980504,1121.00,1130.52,1121.00,1122.07,0
SP500,19980505,1122.07,1122.07,1111.16,1115.50,0
SP500,19980506,1115.50,1118.39,1104.64,1104.92,0
SP500,19980507,1104.92,1105.58,1094.59,1095.14,0
SP500,19980508,1095.14,1111.42,1094.53,1108.14,0
SP500,19980511,1108.14,1119.13,1103.72,1106.64,0
SP500,19980512,1106.64,1115.96,1102.78,1115.79,0
SP500,19980513,1115.79,1122.22,1114.93,1118.86,0
SP500,19980514,1118.86,1124.03,1112.43,1117.37,0
SP500,19980515,1117.37,1118.66,1107.11,1108.73,0
SP500,19980518,1108.73,1112.44,1097.99,1105.82,0
SP500,19980519,1105.82,1113.50,1105.82,1109.52,0
SP500,19980520,1109.52,1119.08,1107.51,1119.06,0
SP500,19980521,1119.06,1124.45,1111.94,1114.64,0
SP500,19980522,1114.64,1116.89,1107.99,1110.47,0
SP500,19980526,1110.47,1116.79,1094.01,1094.02,0
SP500,19980527,1094.02,1094.44,1074.39,1092.23,0
SP500,19980528,1092.23,1099.73,1089.06,1097.60,0
SP500,19980529,1097.60,1104.16,1090.82,1090.82,0
SP500,19980601,1090.82,1097.85,1084.22,1090.98,0
SP500,19980602,1090.98,1098.71,1089.67,1093.22,0
SP500,19980603,1093.22,1097.43,1081.09,1082.73,0
SP500,19980604,1082.73,1095.93,1078.10,1094.83,0
SP500,19980605,1095.10,1113.88,1094.83,1113.86,0
SP500,19980608,1113.86,1119.70,1113.31,1115.72,0
SP500,19980609,1115.72,1119.92,1111.31,1118.41,0
SP500,19980610,1118.41,1126.00,1110.27,1112.28,0
SP500,19980611,1112.28,1114.20,1094.28,1094.58,0
SP500,19980612,1094.58,1098.84,1080.83,1098.84,0
SP500,19980615,1098.84,1098.84,1077.01,1077.01,0
SP500,19980616,1077.01,1087.59,1074.67,1087.59,0
SP500,19980617,1087.59,1112.87,1087.58,1107.11,0
SP500,19980618,1107.11,1109.36,1103.71,1106.37,0
SP500,19980619,1106.37,1111.25,1097.10,1100.65,0
SP500,19980622,1100.65,1109.01,1099.42,1103.21,0
SP500,19980623,1103.21,1119.49,1103.21,1119.49,0
SP500,19980624,1119.49,1134.40,1115.10,1132.88,0
SP500,19980625,1132.88,1142.04,1127.60,1129.28,0
SP500,19980626,1129.28,1136.83,1129.28,1133.20,0
SP500,19980629,1133.20,1145.15,1133.20,1138.49,0
SP500,19980630,1138.49,1140.80,1131.98,1133.84,0
SP500,19980701,1133.84,1148.56,1133.84,1148.56,0
SP500,19980702,1148.56,1148.56,1142.99,1146.42,0
SP500,19980706,1146.42,1157.33,1145.03,1157.33,0
SP500,19980707,1157.33,1159.81,1152.85,1154.66,0
SP500,19980708,1154.66,1166.89,1154.66,1166.38,0
SP500,19980709,1166.38,1166.38,1156.03,1158.56,0
SP500,19980710,1158.57,1166.93,1150.88,1164.33,0
SP500,19980713,1164.33,1166.98,1160.21,1165.19,0
SP500,19980714,1165.19,1179.76,1165.19,1177.58,0
SP500,19980715,1177.58,1181.48,1174.73,1174.81,0
SP500,19980716,1174.81,1184.02,1170.40,1183.99,0
SP500,19980717,1183.99,1188.10,1182.42,1186.75,0
SP500,19980720,1186.75,1190.58,1179.19,1184.10,0
SP500,19980721,1184.10,1187.37,1163.05,1165.07,0
SP500,19980722,1165.07,1167.67,1155.20,1164.08,0
SP500,19980723,1164.08,1164.35,1139.75,1139.75,0
SP500,19980724,1139.75,1150.14,1129.11,1140.80,0
SP500,19980727,1140.80,1147.27,1128.19,1147.27,0
SP500,19980728,1147.27,1147.27,1119.44,1130.24,0
SP500,19980729,1130.24,1138.56,1121.98,1125.21,0
SP500,19980730,1125.21,1143.07,1125.21,1142.95,0
SP500,19980731,1142.95,1142.97,1114.30,1120.67,0
SP500,19980803,1120.67,1121.79,1110.39,1112.44,0
SP500,19980804,1112.44,1119.73,1071.82,1072.12,0
SP500,19980805,1072.12,1084.80,1057.35,1081.43,0
SP500,19980806,1081.43,1090.95,1074.94,1089.63,0
SP500,19980807,1089.63,1102.54,1084.72,1089.45,0
SP500,19980810,1089.45,1092.82,1081.76,1083.14,0
SP500,19980811,1083.14,1083.14,1054.00,1068.98,0
SP500,19980812,1068.98,1084.70,1068.98,1084.22,0
SP500,19980813,1084.22,1091.50,1074.91,1074.91,0
SP500,19980814,1074.91,1083.92,1057.22,1062.75,0
SP500,19980817,1062.75,1083.67,1055.08,1083.67,0
SP500,19980818,1083.67,1101.72,1083.67,1101.20,0
SP500,19980819,1101.20,1106.32,1094.93,1098.06,0
SP500,19980820,1098.06,1098.79,1089.55,1091.60,0
SP500,19980821,1091.60,1091.60,1054.92,1081.24,0
SP500,19980824,1081.24,1093.82,1081.24,1088.14,0
SP500,19980825,1088.14,1106.64,1085.53,1092.85,0
SP500,19980826,1092.85,1092.85,1075.91,1084.19,0
SP500,19980827,1084.19,1084.19,1037.61,1042.59,0
SP500,19980828,1042.59,1051.80,1021.04,1027.14,0
SP500,19980831,1027.14,1033.47,957.28,957.28,0
SP500,19980901,957.28,1000.71,939.98,994.26,0
SP500,19980902,994.26,1013.19,988.40,990.48,0
SP500,19980903,990.47,990.47,969.32,982.26,0
SP500,19980904,982.26,991.41,956.51,973.89,0
SP500,19980908,973.89,1023.46,973.89,1023.46,0
SP500,19980909,1023.46,1027.72,1004.56,1006.20,0
SP500,19980910,1006.20,1006.20,968.64,980.19,0
SP500,19980911,980.19,1009.06,969.71,1009.06,0
SP500,19980914,1009.06,1038.38,1009.06,1029.72,0
SP500,19980915,1029.72,1037.90,1021.42,1037.68,0
SP500,19980916,1037.68,1046.07,1029.31,1045.48,0
SP500,19980917,1045.48,1045.48,1016.05,1018.87,0
SP500,19980918,1018.87,1022.01,1011.86,1020.09,0
SP500,19980921,1020.09,1026.02,993.82,1023.89,0
SP500,19980922,1023.89,1033.89,1021.96,1029.63,0
SP500,19980923,1029.63,1066.09,1029.63,1066.09,0
SP500,19980924,1066.09,1066.11,1033.04,1042.72,0
SP500,19980925,1042.72,1051.89,1028.49,1044.75,0
SP500,19980928,1044.75,1061.46,1042.23,1048.69,0
SP500,19980929,1048.69,1056.31,1039.88,1049.02,0
SP500,19980930,1049.02,1049.02,1015.73,1017.01,0
SP500,19981001,1017.01,1017.01,981.29,986.39,0
SP500,19981002,986.39,1005.45,971.69,1002.60,0
SP500,19981005,1002.60,1002.60,964.72,988.56,0
SP500,19981006,988.56,1008.77,974.81,984.59,0
SP500,19981007,984.59,995.66,957.15,970.68,0
SP500,19981008,970.68,970.68,923.32,959.44,0
SP500,19981009,959.44,984.42,953.04,984.39,0
SP500,19981012,984.39,1010.71,984.39,997.71,0
SP500,19981013,997.71,1000.78,987.55,994.80,0
SP500,19981014,994.80,1014.42,987.80,1005.53,0
SP500,19981015,1005.53,1053.09,1000.12,1047.49,0
SP500,19981016,1047.49,1062.65,1047.49,1056.42,0
SP500,19981019,1056.42,1065.21,1054.23,1062.39,0
SP500,19981020,1062.39,1084.06,1060.61,1063.93,0
SP500,19981021,1063.93,1073.61,1058.08,1069.92,0
SP500,19981022,1069.92,1080.43,1061.47,1078.48,0
SP500,19981023,1078.48,1078.48,1067.43,1070.67,0
SP500,19981026,1070.67,1081.23,1068.17,1072.32,0
SP500,19981027,1072.32,1087.08,1063.06,1065.34,0
SP500,19981028,1065.34,1072.79,1059.65,1068.09,0
SP500,19981029,1068.09,1086.11,1065.95,1085.93,0
SP500,19981030,1085.93,1103.78,1085.93,1098.67,0
SP500,19981102,1098.67,1114.44,1098.67,1111.60,0
SP500,19981103,1111.60,1115.02,1106.42,1110.84,0
SP500,19981104,1110.84,1127.18,1110.59,1118.67,0
SP500,19981105,1118.67,1133.88,1109.55,1133.85,0
SP500,19981106,1133.85,1141.30,1131.18,1141.01,0
SP500,19981109,1141.01,1141.01,1123.17,1130.20,0
SP500,19981110,1130.20,1135.37,1122.80,1128.26,0
SP500,19981111,1128.26,1136.25,1117.40,1120.97,0
SP500,19981112,1120.97,1126.57,1115.55,1117.69,0
SP500,19981113,1117.69,1126.34,1116.76,1125.72,0
SP500,19981116,1125.72,1138.72,1125.72,1135.87,0
SP500,19981117,1135.87,1151.71,1129.67,1139.32,0
SP500,19981118,1139.32,1144.52,1133.07,1144.48,0
SP500,19981119,1144.48,1155.10,1144.42,1152.61,0
SP500,19981120,1152.61,1163.55,1152.61,1163.55,0
SP500,19981123,1163.55,1188.21,1163.55,1188.21,0
SP500,19981124,1188.21,1191.30,1181.81,1182.99,0
SP500,19981125,1182.99,1187.16,1179.37,1186.87,0
SP500,19981127,1186.87,1192.97,1186.83,1192.33,0
SP500,19981130,1192.33,1192.72,1163.63,1163.63,0
SP500,19981201,1163.63,1175.89,1150.31,1175.28,0
SP500,19981202,1175.28,1175.28,1157.76,1171.25,0
SP500,19981203,1171.25,1176.99,1149.61,1150.14,0
SP500,19981204,1150.14,1176.74,1150.14,1176.74,0
SP500,19981207,1176.74,1188.96,1176.71,1187.70,0
SP500,19981208,1187.70,1193.53,1172.78,1181.38,0
SP500,19981209,1181.38,1185.22,1175.89,1183.49,0
SP500,19981210,1183.49,1183.77,1163.75,1165.02,0
SP500,19981211,1165.02,1167.89,1153.19,1166.46,0
SP500,19981214,1166.46,1166.46,1136.89,1141.20,0
SP500,19981215,1141.20,1162.83,1141.20,1162.83,0
SP500,19981216,1162.83,1166.29,1154.69,1161.94,0
SP500,19981217,1161.94,1180.03,1161.94,1179.98,0
SP500,19981218,1179.98,1188.89,1178.27,1188.03,0
SP500,19981221,1188.03,1210.88,1188.03,1202.84,0
SP500,19981222,1202.84,1209.22,1192.72,1203.57,0
SP500,19981223,1203.57,1229.89,1203.57,1228.54,0
SP500,19981224,1228.54,1229.72,1224.85,1226.27,0
SP500,19981228,1226.27,1231.52,1221.17,1225.49,0
SP500,19981229,1225.49,1241.86,1220.78,1241.81,0
SP500,19981230,1241.81,1244.93,1231.20,1231.93,0
SP500,19981231,1231.93,1237.18,1224.96,1229.23,0
SP500,19990104,1229.23,1248.81,1219.10,1228.10,0
SP500,19990105,1228.10,1246.11,1228.10,1244.78,0
SP500,19990106,1244.78,1272.50,1244.78,1272.34,0
SP500,19990107,1272.34,1272.34,1257.68,1269.73,0
SP500,19990108,1269.73,1278.24,1261.82,1275.09,0
SP500,19990111,1275.09,1276.22,1253.34,1263.88,0
SP500,19990112,1263.88,1264.45,1238.29,1239.51,0
SP500,19990113,1239.51,1247.75,1205.46,1234.40,0
SP500,19990114,1234.40,1236.81,1209.54,1212.19,0
SP500,19990115,1212.19,1243.26,1212.19,1243.26,0
SP500,19990119,1243.26,1253.27,1234.91,1252.00,0
SP500,19990120,1252.00,1274.07,1251.54,1256.62,0
SP500,19990121,1256.62,1256.94,1232.19,1235.16,0
SP500,19990122,1235.16,1236.41,1217.97,1225.19,0
SP500,19990125,1225.19,1233.98,1219.46,1233.98,0
SP500,19990126,1233.98,1253.25,1233.98,1252.31,0
SP500,19990127,1252.31,1262.61,1242.82,1243.17,0
SP500,19990128,1243.17,1266.40,1243.17,1265.37,0
SP500,19990129,1265.37,1280.37,1255.18,1279.64,0
SP500,19990201,1279.64,1283.75,1271.31,1273.00,0
SP500,19990202,1273.00,1273.49,1247.56,1261.99,0
SP500,19990203,1261.99,1276.04,1255.27,1272.07,0
SP500,19990204,1272.07,1272.23,1248.36,1248.49,0
SP500,19990205,1248.49,1251.86,1232.28,1239.40,0
SP500,19990208,1239.40,1246.93,1231.98,1243.77,0
SP500,19990209,1243.77,1243.97,1215.63,1216.14,0
SP500,19990210,1216.14,1226.78,1211.89,1223.55,0
SP500,19990211,1223.55,1254.05,1223.19,1254.04,0
SP500,19990212,1254.04,1254.04,1225.53,1230.13,0
SP500,19990216,1230.13,1252.17,1230.13,1241.87,0
SP500,19990217,1241.87,1249.31,1220.92,1224.03,0
SP500,19990218,1224.03,1239.13,1220.70,1237.28,0
SP500,19990219,1237.28,1247.91,1232.03,1239.22,0
SP500,19990222,1239.22,1272.22,1239.22,1272.14,0
SP500,19990223,1272.14,1280.38,1263.36,1271.18,0
SP500,19990224,1271.18,1283.84,1251.94,1253.41,0
SP500,19990225,1253.41,1253.41,1225.01,1245.02,0
SP500,19990226,1245.02,1246.73,1226.24,1238.33,0
SP500,19990301,1238.33,1238.70,1221.88,1236.16,0
SP500,19990302,1236.16,1248.31,1221.87,1225.50,0
SP500,19990303,1225.50,1231.63,1216.03,1227.70,0
SP500,19990304,1227.70,1247.74,1227.70,1246.64,0
SP500,19990305,1246.64,1275.73,1246.64,1275.47,0
SP500,19990308,1275.47,1282.74,1271.58,1282.73,0
SP500,19990309,1282.73,1293.74,1275.11,1279.84,0
SP500,19990310,1279.84,1287.02,1275.16,1286.84,0
SP500,19990311,1286.84,1306.43,1286.84,1297.68,0
SP500,19990312,1297.68,1304.42,1289.17,1294.59,0
SP500,19990315,1294.59,1307.47,1291.03,1307.26,0
SP500,19990316,1307.26,1311.11,1302.29,1306.38,0
SP500,19990317,1306.38,1306.55,1292.63,1297.82,0
SP500,19990318,1297.82,1317.62,1294.75,1316.55,0
SP500,19990319,1316.55,1323.82,1298.92,1299.29,0
SP500,19990322,1299.29,1303.84,1294.26,1297.01,0
SP500,19990323,1297.01,1297.01,1257.46,1262.14,0
SP500,19990324,1262.14,1269.02,1256.43,1268.59,0
SP500,19990325,1268.59,1289.99,1268.59,1289.99,0
SP500,19990326,1289.99,1289.99,1277.25,1282.80,0
SP500,19990329,1282.80,1311.76,1282.80,1310.17,0
SP500,19990330,1310.17,1310.17,1295.47,1300.75,0
SP500,19990331,1300.75,1313.60,1285.87,1286.37,0
SP500,19990401,1286.37,1294.54,1282.56,1293.72,0
SP500,19990405,1293.72,1321.12,1293.72,1321.12,0
SP500,19990406,1321.12,1326.76,1311.07,1317.89,0
SP500,19990407,1317.89,1329.58,1312.59,1326.89,0
SP500,19990408,1326.89,1344.08,1321.60,1343.98,0
SP500,19990409,1343.98,1351.22,1335.24,1348.35,0
SP500,19990412,1348.35,1358.69,1333.48,1358.63,0
SP500,19990413,1358.64,1362.38,1344.03,1349.82,0
SP500,19990414,1349.82,1357.24,1326.41,1328.44,0
SP500,19990415,1328.44,1332.41,1308.38,1322.85,0
SP500,19990416,1322.86,1325.03,1311.40,1319.00,0
SP500,19990419,1319.00,1340.10,1284.48,1289.48,0
SP500,19990420,1289.48,1306.30,1284.21,1306.17,0
SP500,19990421,1306.17,1336.12,1301.84,1336.12,0
SP500,19990422,1336.12,1358.84,1336.12,1358.82,0
SP500,19990423,1358.83,1363.65,1348.45,1356.85,0
SP500,19990426,1356.85,1363.56,1353.72,1360.04,0
SP500,19990427,1360.04,1371.56,1356.55,1362.80,0
SP500,19990428,1362.80,1368.62,1348.29,1350.91,0
SP500,19990429,1350.91,1356.75,1336.81,1342.83,0
SP500,19990430,1342.83,1351.83,1314.58,1335.18,0
SP500,19990503,1335.18,1354.63,1329.01,1354.63,0
SP500,19990504,1354.63,1354.64,1330.64,1332.00,0
SP500,19990505,1332.00,1347.32,1317.44,1347.31,0
SP500,19990506,1347.31,1348.36,1322.56,1332.05,0
SP500,19990507,1332.05,1345.99,1332.05,1345.00,0
SP500,19990510,1345.00,1352.01,1334.00,1340.30,0
SP500,19990511,1340.30,1360.00,1340.30,1355.61,0
SP500,19990512,1355.61,1367.36,1333.10,1364.00,0
SP500,19990513,1364.00,1375.98,1364.00,1367.56,0
SP500,19990514,1367.56,1367.56,1332.63,1337.80,0
SP500,19990517,1337.80,1339.95,1321.19,1339.49,0
SP500,19990518,1339.49,1345.44,1323.46,1333.32,0
SP500,19990519,1333.32,1344.23,1327.05,1344.23,0
SP500,19990520,1344.23,1350.49,1338.83,1338.83,0
SP500,19990521,1338.83,1340.88,1326.19,1330.29,0
SP500,19990524,1330.29,1333.02,1303.53,1306.65,0
SP500,19990525,1306.65,1317.52,1284.38,1284.40,0
SP500,19990526,1284.40,1304.85,1278.43,1304.76,0
SP500,19990527,1304.76,1304.76,1277.31,1281.41,0
SP500,19990528,1281.41,1304.00,1281.41,1301.84,0
SP500,19990601,1301.84,1301.84,1281.44,1294.26,0
SP500,19990602,1294.26,1297.10,1277.47,1294.81,0
SP500,19990603,1294.81,1304.15,1294.20,1299.54,0
SP500,19990604,1299.54,1327.75,1299.54,1327.75,0
SP500,19990607,1327.75,1336.42,1325.89,1334.52,0
SP500,19990608,1334.52,1334.52,1312.83,1317.33,0
SP500,19990609,1317.33,1326.01,1314.73,1318.64,0
SP500,19990610,1318.64,1318.64,1293.28,1302.82,0
SP500,19990611,1302.82,1311.97,1287.88,1293.64,0
SP500,19990614,1293.64,1301.99,1292.20,1294.00,0
SP500,19990615,1294.00,1310.76,1294.00,1301.16,0
SP500,19990616,1301.16,1332.83,1301.16,1330.41,0
SP500,19990617,1330.41,1343.54,1322.75,1339.90,0
SP500,19990618,1339.90,1344.48,1333.52,1342.84,0
SP500,19990621,1342.84,1349.06,1337.63,1349.00,0
SP500,19990622,1349.00,1351.12,1335.52,1335.88,0
SP500,19990623,1335.87,1335.88,1322.55,1333.06,0
SP500,19990624,1333.06,1333.06,1308.47,1315.78,0
SP500,19990625,1315.78,1329.13,1312.64,1315.31,0
SP500,19990628,1315.31,1333.68,1315.31,1331.35,0
SP500,19990629,1331.35,1351.51,1328.40,1351.45,0
SP500,19990630,1351.45,1372.93,1338.78,1372.71,0
SP500,19990701,1372.71,1382.80,1360.80,1380.96,0
SP500,19990702,1380.96,1391.22,1379.57,1391.22,0
SP500,19990706,1391.22,1405.29,1387.08,1388.12,0
SP500,19990707,1388.12,1395.88,1384.95,1395.86,0
SP500,19990708,1395.86,1403.25,1386.69,1394.42,0
SP500,19990709,1394.42,1403.28,1394.42,1403.28,0
SP500,19990712,1403.28,1406.82,1394.70,1399.10,0
SP500,19990713,1399.10,1399.10,1386.84,1393.56,0
SP500,19990714,1393.56,1400.05,1386.51,1398.17,0
SP500,19990715,1398.17,1409.84,1398.17,1409.62,0
SP500,19990716,1409.62,1418.78,1407.07,1418.78,0
SP500,19990719,1418.78,1420.33,1404.56,1407.65,0
SP500,19990720,1407.65,1407.65,1375.15,1377.10,0
SP500,19990721,1377.10,1386.66,1372.63,1379.29,0
SP500,19990722,1379.29,1379.29,1353.98,1360.97,0
SP500,19990723,1360.97,1367.41,1349.91,1356.94,0
SP500,19990726,1356.94,1358.61,1346.20,1347.76,0
SP500,19990727,1347.75,1368.70,1347.75,1362.84,0
SP500,19990728,1362.84,1370.53,1355.54,1365.40,0
SP500,19990729,1365.40,1365.40,1332.82,1341.03,0
SP500,19990730,1341.03,1350.92,1328.49,1328.72,0
SP500,19990802,1328.72,1344.69,1325.21,1328.05,0
SP500,19990803,1328.05,1336.13,1314.91,1322.18,0
SP500,19990804,1322.18,1330.16,1304.50,1305.33,0
SP500,19990805,1305.33,1313.71,1287.23,1313.71,0
SP500,19990806,1313.71,1316.74,1293.19,1300.29,0
SP500,19990809,1300.29,1306.68,1295.99,1297.80,0
SP500,19990810,1297.80,1298.62,1267.73,1281.43,0
SP500,19990811,1281.43,1301.93,1281.43,1301.93,0
SP500,19990812,1301.93,1313.61,1298.06,1298.16,0
SP500,19990813,1298.16,1327.72,1298.16,1327.68,0
SP500,19990816,1327.68,1331.05,1320.51,1330.77,0
SP500,19990817,1330.77,1344.16,1328.76,1344.16,0
SP500,19990818,1344.16,1344.16,1332.13,1332.84,0
SP500,19990819,1332.84,1332.84,1315.35,1323.59,0
SP500,19990820,1323.59,1336.61,1323.59,1336.61,0
SP500,19990823,1336.61,1360.24,1336.61,1360.22,0
SP500,19990824,1360.22,1373.32,1353.63,1363.50,0
SP500,19990825,1363.50,1382.84,1359.20,1381.79,0
SP500,19990826,1381.79,1381.79,1361.53,1362.01,0
SP500,19990827,1362.01,1365.63,1347.35,1348.27,0
SP500,19990830,1348.27,1350.70,1322.80,1324.02,0
SP500,19990831,1324.02,1333.27,1306.96,1320.41,0
SP500,19990901,1320.41,1331.18,1320.39,1331.07,0
SP500,19990902,1331.07,1331.07,1304.88,1319.11,0
SP500,19990903,1319.11,1357.74,1319.11,1357.24,0
SP500,19990907,1357.24,1361.39,1349.59,1350.45,0
SP500,19990908,1350.45,1355.18,1337.36,1344.15,0
SP500,19990909,1344.15,1347.66,1333.91,1347.66,0
SP500,19990910,1347.66,1357.62,1346.20,1351.66,0
SP500,19990913,1351.66,1351.66,1341.70,1344.13,0
SP500,19990914,1344.13,1344.18,1330.61,1336.29,0
SP500,19990915,1336.29,1347.21,1317.97,1317.97,0
SP500,19990916,1317.97,1322.51,1299.97,1318.48,0
SP500,19990917,1318.48,1337.59,1318.48,1335.42,0
SP500,19990920,1335.42,1338.38,1330.61,1335.53,0
SP500,19990921,1335.52,1335.53,1301.97,1307.58,0
SP500,19990922,1307.58,1316.18,1297.81,1310.51,0
SP500,19990923,1310.51,1315.25,1277.30,1280.41,0
SP500,19990924,1280.41,1281.17,1263.84,1277.36,0
SP500,19990927,1277.36,1295.03,1277.36,1283.31,0
SP500,19990928,1283.31,1285.55,1256.26,1282.20,0
SP500,19990929,1282.20,1288.83,1268.16,1268.37,0
SP500,19990930,1268.37,1291.31,1268.37,1282.71,0
SP500,19991001,1282.71,1283.17,1265.78,1282.81,0
SP500,19991004,1282.81,1304.60,1282.81,1304.60,0
SP500,19991005,1304.60,1316.41,1286.44,1301.35,0
SP500,19991006,1301.35,1325.46,1301.35,1325.40,0
SP500,19991007,1325.40,1328.05,1314.13,1317.64,0
SP500,19991008,1317.64,1336.61,1311.88,1336.02,0
SP500,19991011,1336.02,1339.23,1332.96,1335.21,0
SP500,19991012,1335.21,1335.21,1311.80,1313.04,0
SP500,19991013,1313.04,1313.04,1282.80,1285.55,0
SP500,19991014,1285.55,1289.63,1267.62,1283.42,0
SP500,19991015,1283.42,1283.42,1245.39,1247.41,0
SP500,19991018,1247.41,1254.13,1233.70,1254.13,0
SP500,19991019,1254.13,1279.32,1254.13,1261.32,0
SP500,19991020,1261.32,1289.44,1261.32,1289.43,0
SP500,19991021,1289.43,1289.43,1265.61,1283.61,0
SP500,19991022,1283.61,1308.81,1283.61,1301.65,0
SP500,19991025,1301.65,1301.68,1286.07,1293.63,0
SP500,19991026,1293.63,1303.46,1281.86,1281.91,0
SP500,19991027,1281.91,1299.39,1280.48,1296.71,0
SP500,19991028,1296.71,1342.47,1296.71,1342.44,0
SP500,19991029,1342.44,1373.17,1342.44,1362.93,0
SP500,19991101,1362.93,1367.30,1354.05,1354.12,0
SP500,19991102,1354.12,1369.32,1346.41,1347.74,0
SP500,19991103,1347.74,1360.33,1347.74,1354.93,0
SP500,19991104,1354.93,1369.41,1354.93,1362.64,0
SP500,19991105,1362.64,1387.48,1362.64,1370.23,0
SP500,19991108,1370.23,1380.78,1365.87,1377.01,0
SP500,19991109,1377.01,1383.81,1361.45,1365.28,0
SP500,19991110,1365.28,1379.18,1359.98,1373.46,0
SP500,19991111,1373.46,1382.12,1372.19,1381.46,0
SP500,19991112,1381.46,1396.12,1368.54,1396.06,0
SP500,19991115,1396.06,1398.58,1392.28,1394.39,0
SP500,19991116,1394.39,1420.36,1394.39,1420.07,0
SP500,19991117,1420.07,1423.44,1410.69,1410.71,0
SP500,19991118,1410.71,1425.31,1410.71,1424.94,0
SP500,19991119,1424.94,1424.94,1417.54,1422.00,0
SP500,19991122,1422.00,1425.00,1412.40,1420.94,0
SP500,19991123,1420.94,1423.91,1402.20,1404.64,0
SP500,19991124,1404.64,1419.71,1399.17,1417.08,0
SP500,19991126,1417.08,1425.24,1416.14,1416.62,0
SP500,19991129,1416.62,1416.62,1404.15,1407.83,0
SP500,19991130,1407.83,1410.59,1386.95,1388.91,0
SP500,19991201,1388.91,1400.12,1387.38,1397.72,0
SP500,19991202,1397.72,1409.04,1397.72,1409.04,0
SP500,19991203,1409.04,1447.42,1409.04,1433.30,0
SP500,19991206,1433.30,1434.15,1418.25,1423.33,0
SP500,19991207,1423.33,1426.81,1409.17,1409.17,0
SP500,19991208,1409.17,1415.66,1403.88,1403.88,0
SP500,19991209,1403.88,1418.43,1391.47,1408.11,0
SP500,19991210,1408.11,1421.58,1405.65,1417.04,0
SP500,19991213,1417.04,1421.58,1410.10,1415.22,0
SP500,19991214,1415.22,1418.30,1401.59,1403.17,0
SP500,19991215,1403.17,1417.40,1396.20,1413.33,0
SP500,19991216,1413.32,1423.11,1408.35,1418.78,0
SP500,19991217,1418.78,1431.77,1418.78,1421.03,0
SP500,19991220,1421.03,1429.16,1411.10,1418.09,0
SP500,19991221,1418.09,1436.47,1414.80,1433.43,0
SP500,19991222,1433.43,1440.02,1429.13,1436.13,0
SP500,19991223,1436.13,1461.44,1436.13,1458.34,0
SP500,19991227,1458.34,1463.19,1450.83,1457.10,0
SP500,19991228,1457.09,1462.68,1452.78,1457.66,0
SP500,19991229,1457.66,1467.47,1457.66,1463.46,0
SP500,19991230,1463.46,1473.10,1462.60,1464.47,0
SP500,19991231,1464.47,1472.42,1458.19,1469.25,0
SP500,20000103,1469.25,1478.00,1438.36,1455.22,0
SP500,20000104,1455.22,1455.22,1397.43,1399.42,0
SP500,20000105,1399.42,1413.27,1377.68,1402.11,0
SP500,20000106,1402.11,1411.90,1392.10,1403.45,0
SP500,20000107,1403.45,1441.47,1400.73,1441.47,0
SP500,20000110,1441.47,1464.36,1441.47,1457.60,0
SP500,20000111,1457.60,1458.66,1434.42,1438.56,0
SP500,20000112,1438.56,1442.60,1427.08,1432.25,0
SP500,20000113,1432.25,1454.20,1432.25,1449.68,0
SP500,20000114,1449.68,1473.00,1449.68,1465.15,0
SP500,20000118,1465.15,1465.15,1451.30,1455.14,0
SP500,20000119,1455.14,1461.39,1448.68,1455.90,0
SP500,20000120,1455.90,1465.71,1438.54,1445.57,0
SP500,20000121,1445.57,1453.18,1439.60,1441.36,0
SP500,20000124,1441.36,1454.09,1395.42,1401.53,0
SP500,20000125,1401.53,1414.26,1388.49,1410.03,0
SP500,20000126,1410.03,1412.73,1400.16,1404.09,0
SP500,20000127,1404.09,1418.86,1370.99,1398.56,0
SP500,20000128,1398.56,1398.56,1356.20,1360.16,0
SP500,20000131,1360.16,1394.48,1350.14,1394.46,0
SP500,20000201,1394.46,1412.49,1384.79,1409.28,0
SP500,20000202,1409.28,1420.61,1403.49,1409.12,0
SP500,20000203,1409.12,1425.78,1398.52,1424.97,0
SP500,20000204,1424.97,1435.91,1420.63,1424.37,0
SP500,20000207,1424.37,1427.15,1413.33,1424.24,0
SP500,20000208,1424.24,1441.83,1424.24,1441.72,0
SP500,20000209,1441.72,1444.55,1411.65,1411.71,0
SP500,20000210,1411.70,1422.10,1406.43,1416.83,0
SP500,20000211,1416.83,1416.83,1378.89,1387.12,0
SP500,20000214,1387.12,1394.93,1380.53,1389.94,0
SP500,20000215,1389.94,1407.72,1376.25,1402.05,0
SP500,20000216,1402.05,1404.55,1385.58,1387.67,0
SP500,20000217,1387.67,1399.88,1380.07,1388.26,0
SP500,20000218,1388.26,1388.59,1345.32,1346.09,0
SP500,20000222,1346.09,1358.11,1331.88,1352.17,0
SP500,20000223,1352.17,1370.11,1342.44,1360.69,0
SP500,20000224,1360.69,1364.80,1329.88,1353.43,0
SP500,20000225,1353.43,1362.14,1329.15,1333.36,0
SP500,20000228,1333.36,1360.82,1325.07,1348.05,0
SP500,20000229,1348.05,1369.63,1348.05,1366.42,0
SP500,20000301,1366.42,1383.46,1366.42,1379.19,0
SP500,20000302,1379.19,1386.56,1370.35,1381.76,0
SP500,20000303,1381.76,1410.88,1381.76,1409.17,0
SP500,20000306,1409.17,1409.74,1384.75,1391.28,0
SP500,20000307,1391.28,1399.21,1349.99,1355.62,0
SP500,20000308,1355.62,1373.79,1346.62,1366.70,0
SP500,20000309,1366.70,1401.82,1357.88,1401.69,0
SP500,20000310,1401.69,1413.46,1392.07,1395.07,0
SP500,20000313,1395.07,1398.39,1364.84,1383.62,0
SP500,20000314,1383.62,1395.15,1359.15,1359.15,0
SP500,20000315,1359.15,1397.99,1356.99,1392.14,0
SP500,20000316,1392.15,1458.47,1392.15,1458.47,0
SP500,20000317,1458.47,1477.33,1453.32,1464.47,0
SP500,20000320,1464.47,1470.30,1448.49,1456.63,0
SP500,20000321,1456.63,1493.92,1446.06,1493.87,0
SP500,20000322,1493.87,1505.08,1487.33,1500.64,0
SP500,20000323,1500.64,1532.50,1492.39,1527.35,0
SP500,20000324,1527.35,1552.87,1516.83,1527.46,0
SP500,20000327,1527.46,1534.63,1518.46,1523.86,0
SP500,20000328,1523.86,1527.36,1507.09,1507.73,0
SP500,20000329,1507.73,1521.45,1497.45,1508.52,0
SP500,20000330,1508.52,1517.38,1474.63,1487.92,0
SP500,20000331,1487.92,1519.81,1484.38,1498.58,0
SP500,20000403,1498.58,1507.19,1486.96,1505.97,0
SP500,20000404,1505.98,1526.45,1416.41,1494.73,0
SP500,20000405,1494.73,1506.55,1478.05,1487.37,0
SP500,20000406,1487.37,1511.76,1487.37,1501.34,0
SP500,20000407,1501.34,1518.68,1501.34,1516.35,0
SP500,20000410,1516.35,1527.19,1503.35,1504.46,0
SP500,20000411,1504.46,1512.80,1486.78,1500.59,0
SP500,20000412,1500.59,1509.08,1466.15,1467.17,0
SP500,20000413,1467.17,1477.52,1439.34,1440.51,0
SP500,20000414,1440.51,1440.51,1339.40,1356.56,0
SP500,20000417,1356.56,1401.53,1346.50,1401.44,0
SP500,20000418,1401.44,1441.61,1397.81,1441.61,0
SP500,20000419,1441.61,1447.69,1424.26,1427.47,0
SP500,20000420,1427.47,1435.49,1422.08,1434.54,0
SP500,20000424,1434.54,1434.54,1407.13,1429.86,0
SP500,20000425,1429.86,1477.67,1429.86,1477.44,0
SP500,20000426,1477.44,1482.94,1456.98,1460.99,0
SP500,20000427,1460.99,1469.21,1434.81,1464.92,0
SP500,20000428,1464.92,1473.62,1448.15,1452.43,0
SP500,20000501,1452.43,1481.51,1452.43,1468.25,0
SP500,20000502,1468.25,1468.25,1445.22,1446.29,0
SP500,20000503,1446.29,1446.29,1398.36,1415.10,0
SP500,20000504,1415.10,1420.99,1404.94,1409.57,0
SP500,20000505,1409.57,1436.03,1405.08,1432.63,0
SP500,20000508,1432.63,1432.63,1417.05,1424.17,0
SP500,20000509,1424.17,1430.28,1401.85,1412.14,0
SP500,20000510,1412.14,1412.14,1375.14,1383.05,0
SP500,20000511,1383.05,1410.26,1383.05,1407.81,0
SP500,20000512,1407.81,1430.13,1407.81,1420.96,0
SP500,20000515,1420.96,1452.39,1416.54,1452.36,0
SP500,20000516,1452.36,1470.40,1450.76,1466.04,0
SP500,20000517,1466.04,1466.04,1441.67,1447.80,0
SP500,20000518,1447.80,1458.04,1436.59,1437.21,0
SP500,20000519,1437.21,1437.21,1401.74,1406.95,0
SP500,20000522,1406.95,1410.55,1368.73,1400.72,0
SP500,20000523,1400.72,1403.77,1373.43,1373.86,0
SP500,20000524,1373.86,1401.75,1361.09,1399.05,0
SP500,20000525,1399.05,1411.65,1373.93,1381.52,0
SP500,20000526,1381.52,1391.42,1369.75,1378.02,0
SP500,20000530,1378.02,1422.45,1378.02,1422.45,0
SP500,20000531,1422.44,1434.49,1415.50,1420.60,0
SP500,20000601,1420.60,1448.81,1420.60,1448.81,0
SP500,20000602,1448.81,1483.23,1448.81,1477.26,0
SP500,20000605,1477.26,1477.28,1464.68,1467.63,0
SP500,20000606,1467.63,1471.36,1454.74,1457.84,0
SP500,20000607,1457.84,1474.64,1455.06,1471.36,0
SP500,20000608,1471.36,1475.65,1456.49,1461.67,0
SP500,20000609,1461.67,1472.67,1454.96,1456.95,0
SP500,20000612,1456.95,1462.93,1445.99,1446.00,0
SP500,20000613,1446.00,1470.42,1442.38,1469.44,0
SP500,20000614,1469.44,1483.62,1467.71,1470.54,0
SP500,20000615,1470.54,1482.04,1464.62,1478.73,0
SP500,20000616,1478.73,1480.77,1460.42,1464.46,0
SP500,20000619,1464.46,1488.93,1459.05,1486.00,0
SP500,20000620,1486.00,1487.32,1470.18,1475.95,0
SP500,20000621,1475.95,1482.19,1468.00,1479.13,0
SP500,20000622,1479.13,1479.13,1448.03,1452.18,0
SP500,20000623,1452.18,1459.94,1438.31,1441.48,0
SP500,20000626,1441.48,1459.66,1441.48,1455.31,0
SP500,20000627,1455.31,1463.35,1450.55,1450.55,0
SP500,20000628,1450.55,1467.63,1450.55,1454.82,0
SP500,20000629,1454.82,1455.14,1434.63,1442.39,0
SP500,20000630,1442.39,1454.68,1438.71,1454.60,0
SP500,20000703,1454.60,1469.58,1450.85,1469.54,0
SP500,20000705,1469.54,1469.54,1442.45,1446.23,0
SP500,20000706,1446.23,1461.65,1439.56,1456.67,0
SP500,20000707,1456.67,1484.12,1456.67,1478.90,0
SP500,20000710,1478.90,1486.56,1474.76,1475.62,0
SP500,20000711,1475.62,1488.77,1470.48,1480.88,0
SP500,20000712,1480.88,1497.69,1480.88,1492.92,0
SP500,20000713,1492.92,1501.39,1489.65,1495.84,0
SP500,20000714,1495.84,1509.99,1494.56,1509.98,0
SP500,20000717,1509.98,1517.32,1505.26,1510.49,0
SP500,20000718,1510.49,1510.49,1491.35,1493.74,0
SP500,20000719,1493.74,1495.63,1479.92,1481.96,0
SP500,20000720,1481.96,1501.92,1481.96,1495.57,0
SP500,20000721,1495.57,1495.57,1477.91,1480.19,0
SP500,20000724,1480.19,1485.88,1463.80,1464.29,0
SP500,20000725,1464.29,1476.23,1464.29,1474.47,0
SP500,20000726,1474.47,1474.47,1452.42,1452.42,0
SP500,20000727,1452.42,1464.91,1445.33,1449.62,0
SP500,20000728,1449.62,1456.68,1413.89,1419.89,0
SP500,20000731,1419.89,1437.65,1418.71,1430.83,0
SP500,20000801,1430.83,1443.54,1428.96,1438.10,0
SP500,20000802,1438.10,1451.59,1433.49,1438.70,0
SP500,20000803,1438.70,1454.19,1425.43,1452.56,0
SP500,20000804,1452.56,1462.93,1451.31,1462.93,0
SP500,20000807,1462.93,1480.80,1460.72,1479.32,0
SP500,20000808,1479.32,1484.52,1472.61,1482.80,0
SP500,20000809,1482.80,1490.33,1471.16,1472.87,0
SP500,20000810,1472.87,1475.15,1459.89,1460.25,0
SP500,20000811,1460.25,1475.72,1453.06,1471.84,0
SP500,20000814,1471.84,1491.64,1468.56,1491.56,0
SP500,20000815,1491.56,1493.12,1482.74,1484.43,0
SP500,20000816,1484.43,1496.09,1475.74,1479.85,0
SP500,20000817,1479.85,1499.32,1479.85,1496.07,0
SP500,20000818,1496.07,1499.47,1488.99,1491.72,0
SP500,20000821,1491.72,1502.84,1491.13,1499.48,0
SP500,20000822,1499.48,1508.45,1497.42,1498.13,0
SP500,20000823,1498.13,1507.20,1489.52,1505.97,0
SP500,20000824,1505.97,1511.16,1501.25,1508.31,0
SP500,20000825,1508.31,1513.47,1505.09,1506.45,0
SP500,20000828,1506.45,1523.95,1506.45,1514.09,0
SP500,20000829,1514.09,1514.81,1505.46,1509.84,0
SP500,20000830,1509.84,1510.49,1500.09,1502.59,0
SP500,20000831,1502.59,1525.21,1502.59,1517.68,0
SP500,20000901,1517.68,1530.09,1515.53,1520.77,0
SP500,20000905,1520.77,1520.77,1504.21,1507.08,0
SP500,20000906,1507.08,1512.61,1492.12,1492.25,0
SP500,20000907,1492.25,1505.34,1492.25,1502.51,0
SP500,20000908,1502.51,1502.51,1489.88,1494.50,0
SP500,20000911,1494.50,1506.76,1483.01,1489.26,0
SP500,20000912,1489.26,1496.93,1479.67,1481.99,0
SP500,20000913,1481.99,1487.45,1473.61,1484.91,0
SP500,20000914,1484.91,1494.16,1476.73,1480.87,0
SP500,20000915,1480.87,1480.96,1460.22,1465.81,0
SP500,20000918,1465.81,1467.77,1441.92,1444.51,0
SP500,20000919,1444.51,1461.16,1444.51,1459.90,0
SP500,20000920,1459.90,1460.49,1430.95,1451.34,0
SP500,20000921,1451.34,1452.77,1436.30,1449.05,0
SP500,20000922,1449.05,1449.05,1421.88,1448.72,0
SP500,20000925,1448.72,1457.42,1435.93,1439.03,0
SP500,20000926,1439.03,1448.04,1425.25,1427.21,0
SP500,20000927,1427.21,1437.22,1419.44,1426.57,0
SP500,20000928,1426.57,1461.69,1425.78,1458.29,0
SP500,20000929,1458.29,1458.29,1436.29,1436.51,0
SP500,20001002,1436.52,1445.60,1429.83,1436.23,0
SP500,20001003,1436.23,1454.82,1425.28,1426.46,0
SP500,20001004,1426.46,1439.99,1416.31,1434.32,0
SP500,20001005,1434.32,1444.17,1431.80,1436.28,0
SP500,20001006,1436.28,1443.30,1397.06,1408.99,0
SP500,20001009,1408.99,1409.69,1392.48,1402.03,0
SP500,20001010,1402.03,1408.83,1383.85,1387.02,0
SP500,20001011,1387.02,1387.02,1349.67,1364.59,0
SP500,20001012,1364.59,1374.93,1328.06,1329.78,0
SP500,20001013,1329.78,1374.17,1327.08,1374.17,0
SP500,20001016,1374.17,1379.48,1365.06,1374.62,0
SP500,20001017,1374.62,1380.99,1342.34,1349.97,0
SP500,20001018,1349.97,1356.65,1305.79,1342.13,0
SP500,20001019,1342.13,1389.93,1342.13,1388.76,0
SP500,20001020,1388.76,1408.47,1382.19,1396.93,0
SP500,20001023,1396.93,1406.96,1387.75,1395.78,0
SP500,20001024,1395.78,1415.64,1388.13,1398.13,0
SP500,20001025,1398.13,1398.13,1362.21,1364.90,0
SP500,20001026,1364.90,1372.72,1337.81,1364.44,0
SP500,20001027,1364.44,1384.57,1364.13,1379.58,0
SP500,20001030,1379.58,1406.36,1376.86,1398.66,0
SP500,20001031,1398.66,1432.22,1398.66,1429.40,0
SP500,20001101,1429.40,1429.60,1410.45,1421.22,0
SP500,20001102,1421.22,1433.40,1421.22,1428.32,0
SP500,20001103,1428.32,1433.21,1420.92,1426.69,0
SP500,20001106,1428.76,1438.46,1427.72,1432.19,0
SP500,20001107,1432.19,1436.22,1423.26,1431.87,0
SP500,20001108,1431.87,1437.28,1408.78,1409.28,0
SP500,20001109,1409.28,1409.28,1369.68,1400.14,0
SP500,20001110,1400.14,1400.14,1365.97,1365.98,0
SP500,20001113,1365.98,1365.98,1328.62,1351.26,0
SP500,20001114,1351.26,1390.06,1351.26,1382.95,0
SP500,20001115,1382.95,1395.96,1374.75,1389.81,0
SP500,20001116,1389.81,1394.76,1370.39,1372.32,0
SP500,20001117,1372.32,1384.85,1355.55,1367.72,0
SP500,20001120,1367.72,1367.72,1341.67,1342.62,0
SP500,20001121,1342.62,1355.87,1333.62,1347.35,0
SP500,20001122,1347.35,1347.35,1321.89,1322.36,0
SP500,20001124,1322.36,1343.83,1322.36,1341.77,0
SP500,20001127,1341.77,1362.50,1341.77,1348.97,0
SP500,20001128,1348.97,1358.81,1334.97,1336.09,0
SP500,20001129,1336.09,1352.38,1329.28,1341.93,0
SP500,20001130,1341.91,1341.91,1294.90,1314.95,0
SP500,20001201,1314.95,1334.67,1307.02,1315.23,0
SP500,20001204,1315.18,1332.06,1310.23,1324.97,0
SP500,20001205,1324.97,1376.56,1324.97,1376.54,0
SP500,20001206,1376.54,1376.54,1346.15,1351.46,0
SP500,20001207,1351.46,1353.50,1339.26,1343.55,0
SP500,20001208,1343.55,1380.33,1343.55,1369.89,0
SP500,20001211,1369.89,1389.05,1364.14,1380.20,0
SP500,20001212,1380.20,1380.27,1370.27,1371.18,0
SP500,20001213,1371.18,1385.82,1358.48,1359.99,0
SP500,20001214,1359.99,1359.99,1340.48,1340.93,0
SP500,20001215,1340.93,1340.93,1305.38,1312.15,0
SP500,20001218,1312.15,1332.32,1312.15,1322.74,0
SP500,20001219,1322.96,1346.44,1305.20,1305.60,0
SP500,20001220,1305.60,1305.60,1261.16,1264.74,0
SP500,20001221,1264.74,1285.31,1254.07,1274.86,0
SP500,20001222,1274.86,1305.97,1274.86,1305.95,0
SP500,20001226,1305.97,1315.94,1301.64,1315.19,0
SP500,20001227,1315.19,1332.03,1310.96,1328.92,0
SP500,20001228,1328.92,1335.93,1325.78,1334.22,0
SP500,20001229,1334.22,1340.10,1317.51,1320.28,0
SP500,20010102,1320.28,1320.28,1276.05,1283.27,0
SP500,20010103,1283.27,1347.76,1274.62,1347.56,0
SP500,20010104,1347.56,1350.24,1329.14,1333.34,0
SP500,20010105,1333.34,1334.77,1294.95,1298.35,0
SP500,20010108,1298.35,1298.35,1276.29,1295.86,0
SP500,20010109,1295.86,1311.72,1295.14,1300.80,0
SP500,20010110,1300.80,1313.76,1287.28,1313.27,0
SP500,20010111,1313.27,1332.19,1309.72,1326.82,0
SP500,20010112,1326.82,1333.21,1311.59,1318.55,0
SP500,20010116,1318.32,1327.81,1313.33,1326.65,0
SP500,20010117,1326.65,1346.92,1325.41,1329.47,0
SP500,20010118,1329.89,1352.71,1327.41,1347.97,0
SP500,20010119,1347.97,1354.55,1336.74,1342.54,0
SP500,20010122,1342.54,1353.62,1333.84,1342.90,0
SP500,20010123,1342.90,1362.90,1339.63,1360.40,0
SP500,20010124,1360.40,1369.75,1357.28,1364.30,0
SP500,20010125,1364.30,1367.35,1354.63,1357.51,0
SP500,20010126,1357.51,1357.51,1342.75,1354.95,0
SP500,20010129,1354.92,1365.54,1350.36,1364.17,0
SP500,20010130,1364.17,1375.68,1356.20,1373.73,0
SP500,20010131,1373.73,1383.37,1364.66,1366.01,0
SP500,20010201,1366.01,1373.50,1359.34,1373.47,0
SP500,20010202,1373.47,1376.38,1348.72,1349.47,0
SP500,20010205,1349.47,1354.56,1344.48,1354.31,0
SP500,20010206,1354.31,1363.55,1350.04,1352.26,0
SP500,20010207,1352.26,1352.26,1334.26,1340.89,0
SP500,20010208,1341.10,1350.32,1332.42,1332.53,0
SP500,20010209,1332.53,1332.53,1309.98,1314.76,0
SP500,20010212,1314.76,1330.96,1313.64,1330.31,0
SP500,20010213,1330.31,1336.62,1317.51,1318.80,0
SP500,20010214,1318.80,1320.73,1304.72,1315.92,0
SP500,20010215,1315.92,1331.29,1315.92,1326.61,0
SP500,20010216,1326.61,1326.61,1293.18,1301.53,0
SP500,20010220,1301.53,1307.16,1278.44,1278.94,0
SP500,20010221,1278.94,1282.97,1253.16,1255.27,0
SP500,20010222,1255.27,1259.94,1228.33,1252.82,0
SP500,20010223,1252.82,1252.82,1215.44,1245.86,0
SP500,20010226,1245.86,1267.69,1241.71,1267.65,0
SP500,20010227,1267.65,1272.76,1252.26,1257.94,0
SP500,20010228,1257.94,1263.47,1229.65,1239.94,0
SP500,20010301,1239.94,1241.36,1214.50,1241.23,0
SP500,20010302,1241.23,1251.01,1219.74,1234.18,0
SP500,20010305,1234.18,1242.55,1234.04,1241.41,0
SP500,20010306,1241.41,1267.42,1241.41,1253.80,0
SP500,20010307,1253.80,1263.86,1253.80,1261.89,0
SP500,20010308,1261.89,1266.50,1257.60,1264.74,0
SP500,20010309,1264.74,1264.74,1228.42,1233.42,0
SP500,20010312,1233.42,1233.42,1176.78,1180.16,0
SP500,20010313,1180.16,1197.83,1171.50,1197.66,0
SP500,20010314,1197.66,1197.66,1155.35,1166.71,0
SP500,20010315,1166.71,1182.04,1166.71,1173.56,0
SP500,20010316,1173.56,1173.56,1148.64,1150.53,0
SP500,20010319,1150.53,1173.50,1147.18,1170.81,0
SP500,20010320,1170.81,1180.56,1142.19,1142.62,0
SP500,20010321,1142.62,1149.39,1118.74,1122.14,0
SP500,20010322,1122.14,1124.27,1081.19,1117.58,0
SP500,20010323,1117.58,1141.83,1117.58,1139.83,0
SP500,20010326,1139.83,1160.02,1139.83,1152.69,0
SP500,20010327,1152.69,1183.35,1150.96,1182.17,0
SP500,20010328,1182.17,1182.17,1147.83,1153.29,0
SP500,20010329,1153.29,1161.69,1136.26,1147.95,0
SP500,20010330,1147.95,1162.80,1143.83,1160.33,0
SP500,20010402,1160.33,1169.51,1137.51,1145.87,0
SP500,20010403,1145.87,1145.87,1100.19,1106.46,0
SP500,20010404,1106.46,1117.50,1091.99,1103.25,0
SP500,20010405,1103.25,1151.47,1103.25,1151.44,0
SP500,20010406,1151.44,1151.44,1119.29,1128.43,0
SP500,20010409,1128.43,1146.13,1126.38,1137.59,0
SP500,20010410,1137.59,1173.92,1137.59,1168.38,0
SP500,20010411,1168.38,1182.24,1160.26,1165.89,0
SP500,20010412,1165.89,1183.51,1157.73,1183.50,0
SP500,20010416,1183.50,1184.64,1167.38,1179.68,0
SP500,20010417,1179.68,1192.25,1168.90,1191.81,0
SP500,20010418,1191.81,1248.42,1191.81,1238.16,0
SP500,20010419,1238.16,1253.71,1233.39,1253.69,0
SP500,20010420,1253.70,1253.70,1234.41,1242.98,0
SP500,20010423,1242.98,1242.98,1217.47,1224.36,0
SP500,20010424,1224.36,1233.54,1208.89,1209.47,0
SP500,20010425,1209.47,1232.36,1207.38,1228.75,0
SP500,20010426,1228.75,1248.30,1228.75,1234.52,0
SP500,20010427,1234.52,1253.07,1234.52,1253.05,0
SP500,20010430,1253.05,1269.30,1243.99,1249.46,0
SP500,20010501,1249.46,1266.47,1243.55,1266.44,0
SP500,20010502,1266.44,1272.93,1257.70,1267.43,0
SP500,20010503,1267.43,1267.43,1239.88,1248.58,0
SP500,20010504,1248.58,1267.51,1232.00,1266.61,0
SP500,20010507,1266.61,1270.00,1259.19,1263.51,0
SP500,20010508,1266.71,1267.01,1253.00,1261.20,0
SP500,20010509,1261.20,1261.65,1247.83,1255.54,0
SP500,20010510,1255.54,1268.14,1254.56,1255.18,0
SP500,20010511,1255.18,1259.84,1240.79,1245.67,0
SP500,20010514,1245.67,1249.68,1241.02,1248.92,0
SP500,20010515,1248.92,1257.45,1245.36,1249.44,0
SP500,20010516,1249.44,1286.39,1243.02,1284.99,0
SP500,20010517,1284.99,1296.48,1282.65,1288.49,0
SP500,20010518,1288.49,1292.06,1281.15,1291.96,0
SP500,20010521,1291.96,1312.95,1287.87,1312.83,0
SP500,20010522,1312.83,1315.93,1306.89,1309.38,0
SP500,20010523,1309.38,1309.38,1288.70,1289.05,0
SP500,20010524,1289.05,1295.04,1281.22,1293.17,0
SP500,20010525,1293.17,1293.17,1276.42,1277.89,0
SP500,20010529,1277.89,1278.42,1265.41,1267.93,0
SP500,20010530,1267.93,1267.93,1245.96,1248.08,0
SP500,20010531,1248.08,1261.91,1248.07,1255.82,0
SP500,20010601,1255.82,1265.34,1246.88,1260.67,0
SP500,20010604,1260.67,1267.17,1256.36,1267.11,0
SP500,20010605,1267.11,1286.62,1267.11,1283.57,0
SP500,20010606,1283.57,1283.85,1269.01,1270.03,0
SP500,20010607,1270.03,1277.08,1265.08,1276.96,0
SP500,20010608,1276.96,1277.11,1259.99,1264.96,0
SP500,20010611,1264.96,1264.96,1249.23,1254.39,0
SP500,20010612,1254.39,1261.00,1235.75,1255.85,0
SP500,20010613,1255.85,1259.75,1241.59,1241.60,0
SP500,20010614,1241.60,1241.60,1218.90,1219.87,0
SP500,20010615,1219.87,1221.50,1203.03,1214.36,0
SP500,20010618,1214.36,1221.23,1208.33,1208.43,0
SP500,20010619,1208.43,1226.11,1207.71,1212.58,0
SP500,20010620,1212.58,1225.61,1210.07,1223.14,0
SP500,20010621,1223.14,1240.24,1220.25,1237.04,0
SP500,20010622,1237.04,1237.73,1221.41,1225.35,0
SP500,20010625,1225.35,1231.50,1213.60,1218.60,0
SP500,20010626,1218.60,1220.70,1204.64,1216.76,0
SP500,20010627,1216.76,1219.92,1207.29,1211.07,0
SP500,20010628,1211.07,1234.44,1211.07,1226.20,0
SP500,20010629,1226.20,1237.29,1221.14,1224.38,0
SP500,20010702,1224.42,1239.78,1224.03,1236.72,0
SP500,20010703,1236.71,1236.71,1229.43,1234.45,0
SP500,20010705,1234.45,1234.45,1219.15,1219.24,0
SP500,20010706,1219.24,1219.24,1188.74,1190.59,0
SP500,20010709,1190.59,1201.76,1189.75,1198.78,0
SP500,20010710,1198.78,1203.43,1179.93,1181.52,0
SP500,20010711,1181.52,1184.93,1168.46,1180.18,0
SP500,20010712,1180.18,1210.25,1180.18,1208.14,0
SP500,20010713,1208.14,1218.54,1203.61,1215.68,0
SP500,20010716,1215.68,1219.63,1200.05,1202.45,0
SP500,20010717,1202.45,1215.36,1196.14,1214.44,0
SP500,20010718,1214.44,1214.44,1198.33,1207.71,0
SP500,20010719,1207.71,1225.04,1205.80,1215.02,0
SP500,20010720,1215.02,1215.69,1207.04,1210.85,0
SP500,20010723,1210.85,1215.22,1190.50,1191.03,0
SP500,20010724,1191.03,1191.03,1165.54,1171.65,0
SP500,20010725,1171.65,1190.52,1171.28,1190.49,0
SP500,20010726,1190.49,1204.18,1182.65,1202.93,0
SP500,20010727,1202.93,1209.26,1195.99,1205.82,0
SP500,20010730,1205.82,1209.05,1200.41,1204.52,0
SP500,20010731,1204.52,1222.74,1204.52,1211.23,0
SP500,20010801,1211.23,1223.04,1211.23,1215.93,0
SP500,20010802,1215.93,1226.27,1215.31,1220.75,0
SP500,20010803,1220.75,1220.75,1205.31,1214.35,0
SP500,20010806,1214.35,1214.35,1197.35,1200.48,0
SP500,20010807,1200.47,1207.56,1195.64,1204.40,0
SP500,20010808,1204.40,1206.79,1181.27,1183.53,0
SP500,20010809,1183.53,1184.71,1174.68,1183.43,0
SP500,20010810,1183.43,1193.33,1169.55,1190.16,0
SP500,20010813,1190.16,1193.82,1185.12,1191.29,0
SP500,20010814,1191.29,1198.79,1184.26,1186.73,0
SP500,20010815,1186.73,1191.21,1177.61,1178.02,0
SP500,20010816,1178.02,1181.80,1166.08,1181.66,0
SP500,20010817,1181.66,1181.66,1156.07,1161.97,0
SP500,20010820,1161.97,1171.41,1160.94,1171.41,0
SP500,20010821,1171.41,1179.85,1156.56,1157.26,0
SP500,20010822,1157.26,1168.56,1153.34,1165.31,0
SP500,20010823,1165.31,1169.86,1160.96,1162.09,0
SP500,20010824,1162.09,1185.15,1162.09,1184.93,0
SP500,20010827,1184.93,1186.85,1178.07,1179.21,0
SP500,20010828,1179.21,1179.66,1161.17,1161.51,0
SP500,20010829,1161.51,1166.97,1147.38,1148.56,0
SP500,20010830,1148.60,1151.75,1124.87,1129.03,0
SP500,20010831,1129.03,1141.83,1126.38,1133.58,0
SP500,20010904,1133.58,1155.40,1129.06,1132.94,0
SP500,20010905,1132.94,1135.52,1114.86,1131.74,0
SP500,20010906,1131.74,1131.74,1105.83,1106.40,0
SP500,20010907,1106.40,1106.40,1082.12,1085.78,0
SP500,20010910,1085.78,1096.94,1073.15,1092.54,0
SP500,20010917,1092.54,1092.54,1037.46,1038.77,0
SP500,20010918,1038.77,1046.42,1029.25,1032.74,0
SP500,20010919,1032.74,1038.91,984.62,1016.10,0
SP500,20010920,1016.10,1016.10,984.49,984.54,0
SP500,20010921,984.54,984.54,944.75,965.80,0
SP500,20010924,965.80,1008.44,965.80,1003.45,0
SP500,20010925,1003.45,1017.14,998.33,1012.27,0
SP500,20010926,1012.27,1020.29,1002.62,1007.04,0
SP500,20010927,1007.04,1018.92,998.24,1018.61,0
SP500,20010928,1018.61,1040.94,1018.61,1040.94,0
SP500,20011001,1040.94,1040.94,1026.76,1038.55,0
SP500,20011002,1038.55,1051.33,1034.47,1051.33,0
SP500,20011003,1051.33,1075.38,1041.48,1072.28,0
SP500,20011004,1072.28,1084.12,1067.82,1069.63,0
SP500,20011005,1069.62,1072.35,1053.50,1071.38,0
SP500,20011008,1071.37,1071.37,1056.88,1062.44,0
SP500,20011009,1062.44,1063.37,1053.83,1056.75,0
SP500,20011010,1056.75,1081.62,1052.76,1080.99,0
SP500,20011011,1080.99,1099.16,1080.99,1097.43,0
SP500,20011012,1097.43,1097.43,1072.15,1091.65,0
SP500,20011015,1091.65,1091.65,1078.19,1089.98,0
SP500,20011016,1089.98,1101.66,1087.13,1097.54,0
SP500,20011017,1097.54,1107.12,1076.57,1077.09,0
SP500,20011018,1077.09,1077.94,1064.54,1068.61,0
SP500,20011019,1068.61,1075.52,1057.24,1073.48,0
SP500,20011022,1073.48,1090.57,1070.79,1089.90,0
SP500,20011023,1089.90,1098.99,1081.53,1084.78,0
SP500,20011024,1084.78,1090.26,1079.98,1085.20,0
SP500,20011025,1085.20,1100.09,1065.64,1100.09,0
SP500,20011026,1100.09,1110.61,1094.24,1104.61,0
SP500,20011029,1104.61,1104.61,1078.30,1078.30,0
SP500,20011030,1078.30,1078.30,1053.61,1059.79,0
SP500,20011031,1059.79,1074.79,1057.55,1059.78,0
SP500,20011101,1059.78,1085.61,1054.31,1084.10,0
SP500,20011102,1084.10,1089.63,1075.58,1087.20,0
SP500,20011105,1087.20,1106.72,1087.20,1102.84,0
SP500,20011106,1102.84,1119.73,1095.36,1118.86,0
SP500,20011107,1118.86,1126.62,1112.98,1115.80,0
SP500,20011108,1115.80,1135.75,1115.42,1118.54,0
SP500,20011109,1118.54,1123.02,1111.13,1120.31,0
SP500,20011112,1120.31,1121.71,1098.32,1118.33,0
SP500,20011113,1118.33,1139.14,1118.33,1139.09,0
SP500,20011114,1139.09,1148.28,1132.87,1141.21,0
SP500,20011115,1141.21,1146.46,1135.06,1142.24,0
SP500,20011116,1142.24,1143.52,1129.92,1138.65,0
SP500,20011119,1138.65,1151.06,1138.65,1151.06,0
SP500,20011120,1151.06,1152.45,1142.17,1142.66,0
SP500,20011121,1142.66,1142.66,1129.78,1137.03,0
SP500,20011123,1137.03,1151.05,1135.90,1150.34,0
SP500,20011126,1150.34,1157.88,1146.17,1157.42,0
SP500,20011127,1157.42,1163.38,1140.81,1149.50,0
SP500,20011128,1149.50,1149.50,1128.29,1128.52,0
SP500,20011129,1128.52,1140.40,1125.51,1140.20,0
SP500,20011130,1140.20,1143.57,1135.89,1139.45,0
SP500,20011203,1139.45,1139.45,1125.78,1129.90,0
SP500,20011204,1129.90,1144.80,1128.86,1144.80,0
SP500,20011205,1143.77,1173.62,1143.77,1170.35,0
SP500,20011206,1170.35,1173.35,1164.43,1167.10,0
SP500,20011207,1167.10,1167.10,1152.66,1158.31,0
SP500,20011210,1158.31,1158.31,1139.66,1139.93,0
SP500,20011211,1139.93,1150.89,1134.32,1136.76,0
SP500,20011212,1136.76,1141.58,1126.01,1137.07,0
SP500,20011213,1137.07,1137.07,1117.85,1119.38,0
SP500,20011214,1119.38,1128.28,1114.53,1123.09,0
SP500,20011217,1123.09,1137.30,1122.66,1134.36,0
SP500,20011218,1134.36,1145.10,1134.36,1142.92,0
SP500,20011219,1142.92,1152.44,1134.75,1149.56,0
SP500,20011220,1149.56,1151.42,1139.93,1139.93,0
SP500,20011221,1139.93,1147.46,1139.93,1144.89,0
SP500,20011224,1144.89,1147.83,1144.62,1144.65,0
SP500,20011226,1144.65,1159.18,1144.65,1149.37,0
SP500,20011227,1149.37,1157.13,1149.37,1157.13,0
SP500,20011228,1157.13,1164.64,1157.13,1161.02,0
SP500,20011231,1161.02,1161.16,1148.04,1148.08,0
SP500,20020102,1148.08,1154.67,1136.23,1154.67,0
SP500,20020103,1154.67,1165.27,1154.01,1165.27,0
SP500,20020104,1165.27,1176.55,1163.42,1172.51,0
SP500,20020107,1172.51,1176.97,1163.55,1164.89,0
SP500,20020108,1164.89,1167.60,1157.46,1160.71,0
SP500,20020109,1160.71,1174.26,1151.89,1155.14,0
SP500,20020110,1155.14,1159.93,1150.85,1156.55,0
SP500,20020111,1156.55,1159.41,1145.45,1145.60,0
SP500,20020114,1145.60,1145.60,1138.15,1138.41,0
SP500,20020115,1138.41,1148.81,1136.88,1146.19,0
SP500,20020116,1146.19,1146.19,1127.49,1127.57,0
SP500,20020117,1127.57,1139.27,1127.57,1138.88,0
SP500,20020118,1138.88,1138.88,1124.45,1127.58,0
SP500,20020122,1127.58,1135.26,1117.91,1119.31,0
SP500,20020123,1119.31,1131.94,1117.43,1128.18,0
SP500,20020124,1128.18,1139.50,1128.18,1132.15,0
SP500,20020125,1132.15,1138.31,1127.82,1133.28,0
SP500,20020128,1133.28,1138.63,1126.66,1133.06,0
SP500,20020129,1133.06,1137.47,1098.74,1100.64,0
SP500,20020130,1100.64,1113.79,1081.66,1113.57,0
SP500,20020131,1113.57,1130.21,1113.30,1130.20,0
SP500,20020201,1130.20,1130.20,1118.51,1122.20,0
SP500,20020204,1122.20,1122.20,1092.25,1094.44,0
SP500,20020205,1094.44,1100.96,1082.58,1090.02,0
SP500,20020206,1090.02,1093.58,1077.78,1083.51,0
SP500,20020207,1083.51,1094.03,1078.44,1080.17,0
SP500,20020208,1080.17,1096.30,1079.91,1096.22,0
SP500,20020211,1096.22,1112.01,1094.68,1111.94,0
SP500,20020212,1111.94,1112.68,1102.98,1107.50,0
SP500,20020213,1107.50,1120.56,1107.50,1118.51,0
SP500,20020214,1118.51,1124.72,1112.30,1116.48,0
SP500,20020215,1116.48,1117.09,1103.23,1104.18,0
SP500,20020219,1104.18,1104.18,1082.24,1083.34,0
SP500,20020220,1083.34,1098.32,1074.36,1097.98,0
SP500,20020221,1097.98,1101.50,1080.24,1080.95,0
SP500,20020222,1080.95,1093.93,1074.39,1089.84,0
SP500,20020225,1089.84,1112.71,1089.84,1109.43,0
SP500,20020226,1109.43,1115.05,1101.72,1109.38,0
SP500,20020227,1109.38,1123.06,1102.26,1109.89,0
SP500,20020228,1109.89,1121.57,1106.73,1106.73,0
SP500,20020301,1106.73,1131.79,1106.73,1131.78,0
SP500,20020304,1131.78,1153.84,1130.93,1153.84,0
SP500,20020305,1153.84,1157.74,1144.78,1146.14,0
SP500,20020306,1146.14,1165.29,1145.11,1162.77,0
SP500,20020307,1162.77,1167.94,1150.69,1157.54,0
SP500,20020308,1157.54,1172.76,1157.54,1164.31,0
SP500,20020311,1164.31,1173.03,1159.58,1168.26,0
SP500,20020312,1168.26,1168.26,1154.34,1165.58,0
SP500,20020313,1165.58,1165.58,1151.01,1154.09,0
SP500,20020314,1154.09,1157.83,1151.08,1153.04,0
SP500,20020315,1153.04,1166.48,1153.04,1166.16,0
SP500,20020318,1166.16,1172.73,1159.14,1165.55,0
SP500,20020319,1165.55,1173.94,1165.55,1170.29,0
SP500,20020320,1170.29,1170.29,1151.61,1151.85,0
SP500,20020321,1151.85,1155.10,1139.48,1153.59,0
SP500,20020322,1153.59,1156.49,1144.60,1148.70,0
SP500,20020325,1148.70,1151.04,1131.87,1131.87,0
SP500,20020326,1131.87,1147.00,1131.61,1138.49,0
SP500,20020327,1138.49,1146.95,1135.33,1144.58,0
SP500,20020328,1144.58,1154.45,1144.58,1147.39,0
SP500,20020401,1147.39,1147.84,1132.87,1146.54,0
SP500,20020402,1146.54,1146.54,1135.71,1136.76,0
SP500,20020403,1136.76,1138.85,1119.68,1125.40,0
SP500,20020404,1125.40,1130.45,1120.06,1126.34,0
SP500,20020405,1126.34,1133.31,1119.49,1122.73,0
SP500,20020408,1122.73,1125.41,1111.79,1125.29,0
SP500,20020409,1125.29,1128.29,1116.73,1117.80,0
SP500,20020410,1117.80,1131.76,1117.80,1130.47,0
SP500,20020411,1130.47,1130.47,1102.42,1103.69,0
SP500,20020412,1103.69,1112.77,1102.74,1111.01,0
SP500,20020415,1111.01,1114.86,1099.41,1102.55,0
SP500,20020416,1102.55,1129.40,1102.55,1128.37,0
SP500,20020417,1128.37,1133.00,1123.37,1126.07,0
SP500,20020418,1126.07,1130.49,1109.29,1124.47,0
SP500,20020419,1124.47,1128.82,1122.59,1125.17,0
SP500,20020422,1125.17,1125.17,1105.62,1107.83,0
SP500,20020423,1107.83,1111.17,1098.94,1100.96,0
SP500,20020424,1100.96,1108.46,1092.51,1093.14,0
SP500,20020425,1093.14,1094.36,1084.81,1091.48,0
SP500,20020426,1091.48,1096.77,1076.31,1076.32,0
SP500,20020429,1076.32,1078.95,1063.62,1065.45,0
SP500,20020430,1065.45,1082.62,1063.46,1076.92,0
SP500,20020501,1076.92,1088.32,1065.29,1086.46,0
SP500,20020502,1086.46,1091.42,1079.46,1084.56,0
SP500,20020503,1084.56,1084.56,1068.89,1073.43,0
SP500,20020506,1073.43,1075.96,1052.65,1052.67,0
SP500,20020507,1052.67,1058.67,1048.96,1049.49,0
SP500,20020508,1049.49,1088.92,1049.49,1088.85,0
SP500,20020509,1088.85,1088.85,1072.23,1073.01,0
SP500,20020510,1073.01,1075.43,1053.93,1054.99,0
SP500,20020513,1054.99,1074.84,1053.90,1074.56,0
SP500,20020514,1074.56,1097.71,1074.56,1097.28,0
SP500,20020515,1097.28,1104.23,1088.94,1091.07,0
SP500,20020516,1091.07,1099.29,1089.17,1098.23,0
SP500,20020517,1098.23,1106.59,1096.77,1106.59,0
SP500,20020520,1106.59,1106.59,1090.61,1091.88,0
SP500,20020521,1091.88,1099.55,1079.08,1079.88,0
SP500,20020522,1079.88,1086.02,1075.64,1086.02,0
SP500,20020523,1086.02,1097.10,1080.55,1097.08,0
SP500,20020524,1097.08,1097.08,1082.19,1083.82,0
SP500,20020528,1083.82,1085.98,1070.31,1074.55,0
SP500,20020529,1074.55,1074.83,1067.66,1067.66,0
SP500,20020530,1067.66,1069.50,1054.26,1060.11,0
SP500,20020531,1064.66,1079.93,1064.66,1067.14,0
SP500,20020603,1067.14,1070.74,1039.90,1040.68,0
SP500,20020604,1040.68,1046.06,1030.52,1040.69,0
SP500,20020605,1040.69,1050.11,1038.84,1049.90,0
SP500,20020606,1049.90,1049.90,1026.91,1029.15,0
SP500,20020607,1029.15,1033.02,1012.49,1027.53,0
SP500,20020610,1027.53,1038.18,1025.45,1030.74,0
SP500,20020611,1030.74,1039.04,1012.94,1013.60,0
SP500,20020612,1013.26,1021.85,1002.58,1020.26,0
SP500,20020613,1020.26,1023.47,1008.12,1009.56,0
SP500,20020614,1009.56,1009.56,981.63,1007.27,0
SP500,20020617,1007.27,1036.17,1007.27,1036.17,0
SP500,20020618,1036.17,1040.83,1030.92,1037.14,0
SP500,20020619,1037.14,1037.61,1017.88,1019.99,0
SP500,20020620,1019.99,1023.33,1004.59,1006.29,0
SP500,20020621,1006.29,1006.29,985.65,989.14,0
SP500,20020624,989.14,1002.11,970.85,992.72,0
SP500,20020625,992.72,1005.88,974.21,976.14,0
SP500,20020626,976.14,977.43,952.92,973.53,0
SP500,20020627,975.64,990.64,964.02,990.64,0
SP500,20020628,990.64,1001.79,988.31,989.82,0
SP500,20020701,989.82,994.46,967.43,968.65,0
SP500,20020702,968.65,968.65,945.54,948.09,0
SP500,20020703,948.09,954.30,934.87,953.99,0
SP500,20020705,953.99,989.07,953.99,989.03,0
SP500,20020708,989.03,993.56,972.91,976.98,0
SP500,20020709,976.98,979.63,951.71,952.83,0
SP500,20020710,955.40,956.00,920.30,920.50,0
SP500,20020711,920.47,929.16,900.94,927.37,0
SP500,20020712,927.37,933.15,914.53,921.39,0
SP500,20020715,921.39,921.39,876.46,917.93,0
SP500,20020716,917.93,918.65,897.13,900.94,0
SP500,20020717,901.05,924.85,895.77,906.04,0
SP500,20020718,905.25,907.76,880.86,881.56,0
SP500,20020719,875.10,875.10,844.00,847.80,0
SP500,20020722,846.28,854.07,813.24,819.85,0
SP500,20020723,819.90,827.47,796.29,797.70,0
SP500,20020724,797.71,844.20,776.00,843.43,0
SP500,20020725,843.42,853.83,816.39,838.68,0
SP500,20020726,841.07,852.84,835.92,852.84,0
SP500,20020729,855.20,898.96,855.20,898.96,0
SP500,20020730,895.90,909.67,884.91,902.78,0
SP500,20020731,901.09,911.63,889.90,911.62,0
SP500,20020801,910.70,910.70,882.48,884.66,0
SP500,20020802,883.59,884.72,853.95,864.24,0
SP500,20020805,854.55,857.59,819.85,834.60,0
SP500,20020806,836.80,874.50,836.80,859.60,0
SP500,20020807,864.10,878.80,854.20,876.80,0
SP500,20020808,876.49,905.84,875.20,905.46,0
SP500,20020809,902.00,914.00,890.70,908.60,0
SP500,20020812,904.37,908.64,892.38,903.80,0
SP500,20020813,902.97,911.75,883.59,884.21,0
SP500,20020814,884.71,920.00,876.25,919.62,0
SP500,20020815,920.54,933.28,918.15,930.25,0
SP500,20020816,928.13,935.38,916.22,928.77,0
SP500,20020819,928.65,951.17,927.21,950.70,0
SP500,20020820,947.88,947.94,931.86,937.43,0
SP500,20020821,942.33,951.98,931.80,949.36,0
SP500,20020822,949.52,964.95,946.43,962.70,0
SP500,20020823,960.13,960.13,937.52,940.86,0
SP500,20020826,941.59,950.79,930.42,947.95,0
SP500,20020827,948.62,955.84,930.35,934.82,0
SP500,20020828,932.93,932.93,913.21,917.87,0
SP500,20020829,916.46,924.67,903.30,917.80,0
SP500,20020830,915.43,928.15,910.19,916.07,0
SP500,20020903,911.91,911.91,877.55,878.02,0
SP500,20020904,878.37,896.08,875.73,893.40,0
SP500,20020905,890.53,890.53,870.53,879.15,0
SP500,20020906,884.28,899.08,884.28,893.92,0
SP500,20020909,891.51,907.39,882.88,902.96,0
SP500,20020910,903.50,909.91,900.51,909.58,0
SP500,20020911,910.63,923.82,908.46,909.45,0
SP500,20020912,907.02,907.02,884.84,886.91,0
SP500,20020913,885.46,892.76,877.07,889.81,0
SP500,20020916,888.64,891.83,878.88,891.10,0
SP500,20020917,894.23,902.47,872.37,873.52,0
SP500,20020918,869.01,878.42,857.39,869.46,0
SP500,20020919,865.83,865.83,843.11,843.32,0
SP500,20020920,844.53,849.33,839.08,845.39,0
SP500,20020923,842.57,842.57,825.74,833.70,0
SP500,20020924,830.22,833.40,817.39,819.29,0
SP500,20020925,822.57,844.24,818.46,839.66,0
SP500,20020926,842.03,856.63,842.03,854.95,0
SP500,20020927,852.57,852.57,826.86,827.37,0
SP500,20020930,824.11,824.58,800.29,815.28,0
SP500,20021001,815.28,847.92,812.69,847.91,0
SP500,20021002,846.34,851.91,826.51,827.91,0
SP500,20021003,830.10,840.03,817.27,818.95,0
SP500,20021004,818.95,825.86,794.03,800.58,0
SP500,20021007,800.01,808.24,782.94,785.28,0
SP500,20021008,788.06,808.83,779.48,798.55,0
SP500,20021009,794.13,794.13,775.80,776.76,0
SP500,20021010,776.68,806.48,768.73,803.92,0
SP500,20021011,806.00,843.28,806.00,835.32,0
SP500,20021014,833.04,844.47,828.38,841.44,0
SP500,20021015,848.94,881.27,848.94,881.27,0
SP500,20021016,874.45,874.45,856.24,860.03,0
SP500,20021017,864.80,885.41,864.80,879.80,0
SP500,20021018,878.94,886.48,866.60,884.38,0
SP500,20021021,882.05,900.73,873.06,899.72,0
SP500,20021022,899.72,899.72,882.38,890.16,0
SP500,20021023,889.63,896.14,873.82,896.14,0
SP500,20021024,897.19,902.95,878.99,882.50,0
SP500,20021025,882.12,897.70,877.00,897.65,0
SP500,20021028,901.02,907.49,886.12,890.22,0
SP500,20021029,889.51,890.69,867.90,882.15,0
SP500,20021030,883.29,895.25,879.21,890.71,0
SP500,20021031,891.19,898.88,879.77,885.76,0
SP500,20021101,915.17,915.17,915.17,915.17,0
SP500,20021104,905.90,924.62,905.48,908.35,0
SP500,20021105,906.72,915.85,904.99,915.39,0
SP500,20021106,917.04,925.62,905.00,923.76,0
SP500,20021107,913.74,914.25,898.69,902.65,0
SP500,20021108,902.10,910.15,891.61,894.74,0
SP500,20021111,894.10,894.10,874.65,876.19,0
SP500,20021112,876.19,894.32,876.19,882.95,0
SP500,20021113,881.62,892.52,872.02,882.53,0
SP500,20021114,894.90,904.27,893.18,904.27,0
SP500,20021115,901.41,910.25,895.33,909.83,0
SP500,20021118,912.14,915.87,899.49,900.36,0
SP500,20021119,899.01,905.49,893.06,896.74,0
SP500,20021120,896.87,915.02,894.93,914.14,0
SP500,20021121,915.71,935.15,915.71,933.76,0
SP500,20021122,931.30,937.28,928.35,930.55,0
SP500,20021125,930.61,937.18,923.30,932.87,0
SP500,20021126,931.09,931.09,912.05,913.31,0
SP500,20021127,917.22,940.42,917.22,938.87,0
SP500,20021129,940.01,941.85,935.51,936.31,0
SP500,20021202,941.55,954.40,927.69,934.53,0
SP500,20021203,932.02,932.02,918.72,920.75,0
SP500,20021204,917.11,925.30,909.49,917.57,0
SP500,20021205,920.09,921.54,905.90,906.55,0
SP500,20021206,903.80,915.50,895.91,912.23,0
SP500,20021209,910.64,910.64,891.97,892.00,0
SP500,20021210,893.78,904.96,892.66,904.45,0
SP500,20021211,903.03,909.97,896.90,904.96,0
SP500,20021212,906.37,908.38,896.83,901.58,0
SP500,20021213,897.44,898.30,888.46,889.48,0
SP500,20021216,890.43,910.43,890.43,910.40,0
SP500,20021217,909.03,911.22,901.72,902.99,0
SP500,20021218,901.11,901.11,887.85,891.12,0
SP500,20021219,890.32,899.18,880.30,884.25,0
SP500,20021220,885.59,897.78,885.59,895.76,0
SP500,20021223,894.27,902.42,892.20,897.38,0
SP500,20021224,895.14,896.60,892.39,892.47,0
SP500,20021226,893.50,903.90,887.47,889.66,0
SP500,20021227,888.73,890.46,873.59,875.40,0
SP500,20021230,875.75,882.14,870.22,879.39,0
SP500,20021231,878.89,881.90,869.54,879.82,0
SP500,20030102,881.69,909.03,881.69,909.03,0
SP500,20030103,907.92,911.22,903.03,908.59,0
SP500,20030106,909.40,931.77,909.22,929.01,0
SP500,20030107,928.75,930.79,919.88,922.92,0
SP500,20030108,921.51,921.51,908.33,909.93,0
SP500,20030109,911.54,928.31,911.54,927.58,0
SP500,20030110,924.99,932.92,917.72,927.55,0
SP500,20030113,929.63,935.11,922.05,926.26,0
SP500,20030114,925.65,931.66,921.69,931.66,0
SP500,20030115,931.66,932.70,916.66,918.22,0
SP500,20030116,919.87,926.05,911.98,914.60,0
SP500,20030117,911.45,911.45,899.02,901.78,0
SP500,20030121,902.68,906.09,887.62,887.62,0
SP500,20030122,887.16,889.72,877.65,878.36,0
SP500,20030123,881.39,890.26,876.91,887.34,0
SP500,20030124,885.57,885.57,859.70,861.40,0
SP500,20030127,859.57,862.25,844.23,847.48,0
SP500,20030128,848.88,860.80,848.55,858.54,0
SP500,20030129,856.68,868.73,845.82,864.36,0
SP500,20030130,864.37,865.47,843.74,844.62,0
SP500,20030131,844.61,858.33,840.31,855.70,0
SP500,20030203,856.53,864.66,856.28,860.32,0
SP500,20030204,857.20,857.20,840.22,848.20,0
SP500,20030205,850.25,861.66,842.15,843.59,0
SP500,20030206,842.50,844.26,833.26,838.15,0
SP500,20030207,840.09,845.79,826.68,829.69,0
SP500,20030210,830.24,837.18,823.52,835.97,0
SP500,20030211,836.54,843.05,825.06,829.20,0
SP500,20030212,828.64,832.13,818.48,818.68,0
SP500,20030213,818.66,821.38,806.31,817.37,0
SP500,20030214,818.24,834.89,814.98,834.89,0
SP500,20030218,836.25,852.90,836.25,851.17,0
SP500,20030219,850.71,850.71,838.81,845.13,0
SP500,20030220,846.24,849.34,836.55,837.10,0
SP500,20030221,837.89,852.28,831.38,848.17,0
SP500,20030224,846.55,846.57,832.14,832.58,0
SP500,20030225,829.94,839.58,818.53,838.57,0
SP500,20030226,837.37,840.12,826.66,827.55,0
SP500,20030227,828.65,842.21,827.63,837.28,0
SP500,20030228,837.88,847.04,837.29,841.15,0
SP500,20030303,843.82,852.38,832.73,834.81,0
SP500,20030304,834.79,835.45,821.96,821.99,0
SP500,20030305,821.41,829.87,818.99,829.85,0
SP500,20030306,827.98,829.55,819.86,822.10,0
SP500,20030307,818.33,829.57,811.23,828.89,0
SP500,20030310,825.68,825.68,806.57,807.48,0
SP500,20030311,808.23,814.23,800.32,800.73,0
SP500,20030312,799.61,804.19,788.90,804.19,0
SP500,20030313,809.52,832.02,809.52,831.89,0
SP500,20030314,832.30,841.39,828.23,833.27,0
SP500,20030317,830.89,862.79,827.15,862.79,0
SP500,20030318,862.78,866.93,857.35,866.45,0
SP500,20030319,865.96,875.01,861.22,874.02,0
SP500,20030320,872.78,879.62,859.03,875.84,0
SP500,20030321,879.93,895.79,877.63,895.79,0
SP500,20030324,888.05,888.05,862.05,864.23,0
SP500,20030325,864.95,879.86,862.58,874.74,0
SP500,20030326,874.45,875.83,866.46,869.95,0
SP500,20030327,868.48,874.12,858.40,868.52,0
SP500,20030328,865.96,869.90,860.76,863.50,0
SP500,20030331,863.50,863.50,847.88,848.18,0
SP500,20030401,849.52,861.30,847.81,858.47,0
SP500,20030402,863.64,884.55,863.64,880.90,0
SP500,20030403,881.91,885.91,875.81,876.45,0
SP500,20030404,877.42,882.77,874.19,878.85,0
SP500,20030407,884.00,904.85,879.76,879.93,0
SP500,20030408,880.13,883.12,874.68,878.29,0
SP500,20030409,878.85,886.01,865.69,865.99,0
SP500,20030410,866.61,871.80,862.77,871.58,0
SP500,20030411,875.26,883.30,865.92,868.30,0
SP500,20030414,868.95,885.26,868.93,885.23,0
SP500,20030415,884.67,891.26,881.86,890.81,0
SP500,20030416,900.32,903.10,877.92,879.91,0
SP500,20030417,879.20,893.83,879.20,893.58,0
SP500,20030421,893.62,898.01,888.16,892.01,0
SP500,20030422,890.28,911.76,886.68,911.37,0
SP500,20030423,911.18,919.75,909.89,919.02,0
SP500,20030424,917.17,917.17,906.68,911.43,0
SP500,20030425,910.54,911.12,897.52,898.81,0
SP500,20030428,899.61,918.15,899.61,914.84,0
SP500,20030429,916.44,924.14,911.14,917.84,0
SP500,20030430,917.04,922.03,911.76,916.92,0
SP500,20030501,915.78,916.30,902.82,916.30,0
SP500,20030502,914.98,930.57,912.36,930.08,0
SP500,20030505,930.65,933.91,924.56,926.55,0
SP500,20030506,926.55,939.64,926.35,934.39,0
SP500,20030507,932.70,937.23,926.43,929.62,0
SP500,20030508,927.84,929.38,919.73,920.27,0
SP500,20030509,921.84,933.77,921.84,933.41,0
SP500,20030512,932.59,946.84,929.27,945.11,0
SP500,20030513,943.89,947.51,938.91,942.30,0
SP500,20030514,942.94,947.26,935.24,939.28,0
SP500,20030515,940.56,948.25,938.76,946.67,0
SP500,20030516,945.58,948.70,938.58,944.30,0
SP500,20030519,942.17,942.17,920.24,920.77,0
SP500,20030520,921.39,925.35,912.06,919.73,0
SP500,20030521,918.99,923.88,914.89,923.42,0
SP500,20030522,923.53,935.29,922.59,931.87,0
SP500,20030523,931.68,935.20,927.42,933.22,0
SP500,20030527,932.32,952.77,927.33,951.48,0
SP500,20030528,951.67,959.40,950.11,953.22,0
SP500,20030529,953.22,962.09,946.28,949.64,0
SP500,20030530,950.63,965.39,950.63,963.59,0
SP500,20030602,965.88,979.14,965.47,967.00,0
SP500,20030603,967.21,973.05,964.46,971.56,0
SP500,20030604,971.42,987.83,970.74,986.24,0
SP500,20030605,984.24,990.15,978.17,990.14,0
SP500,20030606,993.19,1007.72,986.03,987.76,0
SP500,20030609,987.02,987.02,972.52,975.93,0
SP500,20030610,977.31,984.84,976.79,984.84,0
SP500,20030611,984.09,997.48,981.59,997.48,0
SP500,20030612,998.65,1002.78,991.27,998.51,0
SP500,20030613,999.08,1000.90,984.25,988.61,0
SP500,20030616,989.22,1010.86,989.22,1010.74,0
SP500,20030617,1011.73,1015.37,1007.03,1011.66,0
SP500,20030618,1011.05,1015.13,1004.60,1010.09,0
SP500,20030619,1010.27,1011.26,993.03,994.70,0
SP500,20030620,996.32,1002.07,993.40,995.69,0
SP500,20030623,995.43,995.43,977.37,981.64,0
SP500,20030624,980.78,987.85,979.09,983.45,0
SP500,20030625,983.64,991.67,974.90,975.33,0
SP500,20030626,976.42,986.47,974.12,985.82,0
SP500,20030627,985.82,988.87,974.30,976.23,0
SP500,20030630,978.09,983.67,973.61,974.51,0
SP500,20030701,973.83,982.31,962.10,982.31,0
SP500,20030702,982.32,993.79,982.32,993.76,0
SP500,20030703,992.55,995.00,983.34,995.00,0
SP500,20030707,989.64,1005.56,989.64,1004.42,0
SP500,20030708,1003.33,1008.92,998.73,1007.84,0
SP500,20030709,1007.25,1010.46,998.14,1002.21,0
SP500,20030710,1000.24,1010.43,983.64,988.70,0
SP500,20030711,988.70,1000.88,988.70,998.61,0
SP500,20030714,1001.16,1015.06,1001.16,1003.86,0
SP500,20030715,1006.49,1009.61,998.67,1000.42,0
SP500,20030716,1002.64,1003.44,989.36,994.09,0
SP500,20030717,991.49,994.00,978.60,981.73,0
SP500,20030718,981.73,994.21,978.60,993.32,0
SP500,20030721,992.91,994.25,975.73,978.80,0
SP500,20030722,980.45,990.31,976.09,988.11,0
SP500,20030723,988.59,989.87,979.77,988.61,0
SP500,20030724,990.47,998.92,981.04,981.60,0
SP500,20030725,981.91,998.73,977.40,998.68,0
SP500,20030728,998.99,1000.69,993.60,996.52,0
SP500,20030729,996.99,998.67,984.18,989.28,0
SP500,20030730,990.21,992.57,986.98,987.65,0
SP500,20030731,987.49,1004.59,987.49,990.31,0
SP500,20030801,989.88,989.88,978.84,980.15,0
SP500,20030804,979.84,985.76,966.78,982.82,0
SP500,20030805,982.41,982.62,965.10,965.46,0
SP500,20030806,964.07,975.73,960.82,967.08,0
SP500,20030807,966.93,974.89,960.84,974.12,0
SP500,20030808,974.97,980.54,973.81,977.59,0
SP500,20030811,977.95,985.49,974.20,980.59,0
SP500,20030812,981.38,990.41,979.91,990.35,0
SP500,20030813,990.81,992.32,980.84,984.03,0
SP500,20030814,984.28,991.93,980.37,990.51,0
SP500,20030815,989.84,992.38,987.09,990.67,0
SP500,20030818,991.47,1000.39,991.47,999.74,0
SP500,20030819,1001.08,1003.29,995.34,1002.35,0
SP500,20030820,1000.62,1003.53,996.53,1000.30,0
SP500,20030821,1001.66,1009.56,999.25,1003.27,0
SP500,20030822,1006.83,1011.04,992.71,993.06,0
SP500,20030825,992.59,993.71,987.91,993.71,0
SP500,20030826,992.65,996.76,983.57,996.73,0
SP500,20030827,996.06,998.05,993.33,996.79,0
SP500,20030828,997.57,1004.12,991.43,1002.84,0
SP500,20030829,1002.11,1008.84,999.51,1008.01,0
SP500,20030901,1008.01,1008.01,1008.01,1008.01,0
SP500,20030902,1009.14,1022.63,1005.65,1021.99,0
SP500,20030903,1023.37,1029.36,1022.39,1026.27,0
SP500,20030904,1025.97,1029.15,1022.17,1027.97,0
SP500,20030905,1027.02,1029.24,1018.20,1021.39,0
SP500,20030908,1021.84,1032.42,1021.84,1031.64,0
SP500,20030909,1030.51,1030.51,1021.13,1023.17,0
SP500,20030910,1021.27,1021.28,1009.82,1010.92,0
SP500,20030911,1011.34,1020.84,1011.34,1016.42,0
SP500,20030912,1014.54,1019.68,1007.70,1018.63,0
SP500,20030915,1018.68,1019.80,1013.59,1014.81,0
SP500,20030916,1015.07,1029.68,1015.07,1029.32,0
SP500,20030917,1028.91,1031.37,1024.23,1025.97,0
SP500,20030918,1025.80,1040.18,1025.66,1039.58,0
SP500,20030919,1039.64,1039.64,1031.85,1036.30,0
SP500,20030922,1035.91,1035.91,1018.27,1022.82,0
SP500,20030923,1023.26,1030.06,1021.50,1029.03,0
SP500,20030924,1029.09,1029.83,1008.93,1009.38,0
SP500,20030925,1010.24,1015.97,1003.26,1003.27,0
SP500,20030926,1003.31,1003.32,996.03,996.85,0
SP500,20030929,998.12,1006.91,995.31,1006.58,0
SP500,20030930,1004.72,1004.72,990.34,995.97,0
SP500,20031001,997.15,1018.22,997.15,1018.22,0
SP500,20031002,1017.25,1021.90,1013.38,1020.24,0
SP500,20031003,1025.00,1039.32,1025.00,1029.85,0
SP500,20031006,1030.23,1036.48,1029.15,1034.35,0
SP500,20031007,1032.64,1039.25,1026.15,1039.25,0
SP500,20031008,1039.74,1040.06,1030.93,1033.78,0
SP500,20031009,1036.61,1048.26,1034.90,1038.73,0
SP500,20031010,1039.13,1040.82,1035.75,1038.06,0
SP500,20031013,1039.60,1048.93,1039.60,1045.35,0
SP500,20031014,1044.69,1049.49,1040.84,1049.48,0
SP500,20031015,1052.95,1053.72,1043.10,1046.76,0
SP500,20031016,1045.14,1052.98,1043.99,1050.07,0
SP500,20031017,1050.02,1051.92,1036.56,1039.32,0
SP500,20031020,1039.39,1044.69,1036.13,1044.68,0
SP500,20031021,1045.20,1049.40,1042.53,1046.03,0
SP500,20031022,1043.93,1043.93,1028.39,1030.36,0
SP500,20031023,1027.98,1035.45,1025.83,1033.77,0
SP500,20031024,1030.75,1030.75,1018.27,1028.91,0
SP500,20031027,1030.50,1037.78,1029.17,1031.13,0
SP500,20031028,1032.94,1046.79,1032.94,1046.79,0
SP500,20031029,1045.91,1049.85,1043.34,1048.11,0
SP500,20031030,1050.13,1052.89,1043.83,1046.94,0
SP500,20031031,1047.79,1053.10,1047.79,1050.71,0
SP500,20031103,1051.75,1061.44,1051.75,1059.02,0
SP500,20031104,1058.01,1058.12,1051.64,1053.25,0
SP500,20031105,1052.99,1054.58,1044.89,1051.81,0
SP500,20031106,1053.14,1058.97,1046.89,1058.05,0
SP500,20031107,1059.01,1062.39,1052.19,1053.21,0
SP500,20031110,1053.16,1053.58,1046.50,1048.35,0
SP500,20031111,1046.93,1048.25,1043.46,1046.57,0
SP500,20031112,1046.64,1059.14,1046.64,1058.53,0
SP500,20031113,1055.98,1059.65,1052.97,1058.41,0
SP500,20031114,1057.86,1063.65,1048.11,1050.35,0
SP500,20031117,1048.68,1048.68,1035.23,1043.63,0
SP500,20031118,1045.19,1048.73,1034.09,1034.15,0
SP500,20031119,1034.74,1043.79,1034.19,1042.44,0
SP500,20031120,1040.56,1046.46,1033.39,1033.65,0
SP500,20031121,1035.77,1037.52,1031.24,1035.28,0
SP500,20031124,1038.54,1052.08,1038.54,1052.08,0
SP500,20031125,1051.73,1058.00,1049.29,1053.89,0
SP500,20031126,1055.76,1058.48,1048.52,1058.45,0
SP500,20031128,1057.92,1060.64,1056.79,1058.20,0
SP500,20031201,1061.89,1070.43,1061.89,1070.12,0
SP500,20031202,1069.01,1071.20,1065.31,1066.62,0
SP500,20031203,1067.73,1074.21,1064.64,1064.73,0
SP500,20031204,1065.28,1070.32,1063.15,1069.72,0
SP500,20031205,1066.88,1068.26,1060.06,1061.50,0
SP500,20031208,1061.12,1069.53,1061.02,1069.30,0
SP500,20031209,1070.74,1071.77,1059.26,1060.18,0
SP500,20031210,1061.06,1063.01,1053.52,1059.05,0
SP500,20031211,1059.55,1073.62,1059.55,1071.21,0
SP500,20031212,1072.14,1074.77,1067.83,1074.14,0
SP500,20031215,1080.11,1082.82,1068.04,1068.04,0
SP500,20031216,1068.37,1075.91,1068.34,1075.13,0
SP500,20031217,1074.16,1076.52,1071.16,1076.48,0
SP500,20031218,1076.92,1089.45,1076.92,1089.18,0
SP500,20031219,1090.02,1091.03,1084.24,1088.67,0
SP500,20031222,1086.58,1092.94,1085.82,1092.94,0
SP500,20031223,1091.88,1096.79,1091.77,1096.02,0
SP500,20031224,1094.56,1096.38,1092.75,1094.04,0
SP500,20031226,1094.75,1098.46,1094.75,1095.89,0
SP500,20031229,1100.03,1109.48,1099.02,1109.48,0
SP500,20031230,1108.65,1109.75,1106.40,1109.64,0
SP500,20031231,1109.54,1112.52,1106.26,1111.92,0
SP500,20040102,1112.61,1118.70,1105.02,1108.48,0
SP500,20040105,1112.35,1122.22,1112.35,1122.22,0
SP500,20040106,1120.74,1124.44,1118.52,1123.67,0
SP500,20040107,1122.32,1126.33,1116.45,1126.33,0
SP500,20040108,1127.63,1131.92,1124.94,1131.92,0
SP500,20040109,1128.92,1131.30,1120.97,1121.86,0
SP500,20040112,1123.10,1127.85,1121.06,1127.23,0
SP500,20040113,1127.11,1129.04,1115.24,1121.22,0
SP500,20040114,1122.68,1130.74,1122.68,1130.52,0
SP500,20040115,1128.67,1136.35,1123.76,1132.05,0
SP500,20040116,1134.57,1139.83,1133.52,1139.83,0
SP500,20040119,1139.83,1139.83,1139.83,1139.83,0
SP500,20040120,1140.80,1142.80,1135.41,1138.77,0
SP500,20040121,1137.85,1148.91,1134.65,1147.62,0
SP500,20040122,1147.99,1150.43,1143.04,1143.94,0
SP500,20040123,1145.98,1150.21,1136.84,1141.55,0
SP500,20040126,1141.15,1155.37,1141.15,1155.37,0
SP500,20040127,1154.38,1155.14,1144.05,1144.05,0
SP500,20040128,1146.31,1149.08,1126.61,1128.48,0
SP500,20040129,1130.06,1134.19,1122.41,1134.11,0
SP500,20040130,1132.15,1133.06,1127.81,1131.13,0
SP500,20040202,1132.02,1142.47,1127.88,1135.26,0
SP500,20040203,1134.79,1137.31,1131.45,1136.03,0
SP500,20040204,1136.03,1136.03,1124.84,1126.52,0
SP500,20040205,1126.52,1131.10,1124.45,1128.59,0
SP500,20040206,1128.59,1142.77,1128.58,1142.76,0
SP500,20040209,1142.76,1144.45,1139.21,1139.81,0
SP500,20040210,1139.81,1146.87,1138.91,1145.54,0
SP500,20040211,1145.54,1158.76,1142.38,1157.76,0
SP500,20040212,1157.76,1157.76,1151.43,1152.11,0
SP500,20040213,1153.28,1156.75,1143.76,1145.81,0
SP500,20040217,1145.81,1158.99,1145.81,1156.99,0
SP500,20040218,1156.99,1157.32,1149.85,1151.82,0
SP500,20040219,1151.82,1158.54,1146.83,1147.06,0
SP500,20040220,1147.06,1149.68,1139.07,1144.11,0
SP500,20040223,1144.11,1146.66,1137.35,1140.99,0
SP500,20040224,1140.99,1144.52,1134.61,1139.09,0
SP500,20040225,1139.09,1145.18,1138.76,1143.67,0
SP500,20040226,1143.67,1146.99,1138.67,1144.91,0
SP500,20040227,1144.91,1151.67,1141.93,1144.94,0
SP500,20040301,1148.93,1157.46,1144.94,1155.97,0
SP500,20040302,1153.96,1156.52,1147.40,1149.10,0
SP500,20040303,1149.10,1152.22,1143.79,1151.03,0
SP500,20040304,1151.03,1154.87,1149.93,1154.87,0
SP500,20040305,1154.87,1163.09,1148.78,1156.86,0
SP500,20040308,1156.86,1159.96,1146.98,1147.20,0
SP500,20040309,1147.20,1147.20,1137.01,1140.58,0
SP500,20040310,1140.58,1141.48,1122.55,1123.89,0
SP500,20040311,1123.89,1125.89,1105.89,1106.78,0
SP500,20040312,1106.78,1120.60,1106.78,1120.57,0
SP500,20040315,1120.57,1120.57,1103.45,1104.49,0
SP500,20040316,1104.49,1113.74,1102.66,1110.70,0
SP500,20040317,1110.70,1125.69,1110.70,1123.75,0
SP500,20040318,1123.75,1125.40,1113.37,1122.32,0
SP500,20040319,1122.32,1122.49,1109.74,1109.74,0
SP500,20040322,1109.74,1109.78,1089.73,1095.40,0
SP500,20040323,1098.35,1101.44,1091.66,1093.95,0
SP500,20040324,1093.95,1098.30,1087.48,1091.32,0
SP500,20040325,1091.33,1110.32,1091.33,1109.19,0
SP500,20040326,1109.19,1115.20,1106.20,1108.06,0
SP500,20040329,1108.06,1124.33,1108.06,1122.47,0
SP500,20040330,1122.47,1127.53,1119.74,1127.00,0
SP500,20040331,1127.00,1130.83,1121.46,1128.96,0
SP500,20040401,1126.21,1135.53,1126.21,1132.17,0
SP500,20040402,1132.17,1144.73,1132.17,1141.81,0
SP500,20040405,1141.81,1150.57,1141.63,1150.57,0
SP500,20040406,1150.57,1150.57,1143.35,1148.16,0
SP500,20040407,1148.16,1148.16,1138.48,1140.53,0
SP500,20040408,1140.53,1148.91,1134.54,1139.33,0
SP500,20040412,1139.32,1147.24,1139.32,1145.20,0
SP500,20040413,1148.39,1148.39,1127.72,1129.44,0
SP500,20040414,1122.44,1132.47,1122.33,1128.17,0
SP500,20040415,1128.17,1133.72,1120.85,1128.84,0
SP500,20040416,1128.84,1136.75,1126.92,1134.61,0
SP500,20040419,1134.61,1136.17,1129.87,1135.82,0
SP500,20040420,1135.82,1139.27,1118.09,1118.15,0
SP500,20040421,1118.15,1125.66,1116.07,1124.09,0
SP500,20040422,1124.09,1142.53,1121.98,1139.93,0
SP500,20040423,1139.93,1141.75,1134.89,1140.60,0
SP500,20040426,1140.60,1144.96,1132.97,1135.53,0
SP500,20040427,1135.53,1146.86,1135.53,1138.15,0
SP500,20040428,1138.15,1138.15,1121.73,1122.41,0
SP500,20040429,1122.41,1128.03,1108.03,1113.89,0
SP500,20040430,1113.89,1119.20,1107.24,1107.30,0
SP500,20040503,1107.30,1118.62,1107.30,1117.49,0
SP500,20040504,1117.49,1127.65,1112.94,1119.55,0
SP500,20040505,1119.55,1125.07,1117.87,1121.53,0
SP500,20040506,1121.53,1121.53,1106.34,1113.99,0
SP500,20040507,1108.54,1117.40,1098.66,1098.70,0
SP500,20040510,1089.51,1098.70,1079.67,1087.12,0
SP500,20040511,1087.12,1095.66,1087.12,1095.45,0
SP500,20040512,1095.45,1097.54,1076.39,1097.28,0
SP500,20040513,1097.28,1102.77,1091.77,1096.44,0
SP500,20040514,1096.44,1102.36,1088.49,1095.70,0
SP500,20040517,1095.70,1095.70,1079.36,1084.10,0
SP500,20040518,1084.10,1094.12,1084.10,1091.49,0
SP500,20040519,1091.49,1105.91,1088.67,1088.68,0
SP500,20040520,1088.68,1092.59,1085.48,1089.19,0
SP500,20040521,1089.19,1099.48,1089.19,1093.56,0
SP500,20040524,1093.56,1101.28,1091.76,1095.41,0
SP500,20040525,1095.41,1113.78,1090.75,1113.05,0
SP500,20040526,1113.05,1116.71,1109.98,1114.94,0
SP500,20040527,1114.94,1123.91,1114.94,1121.28,0
SP500,20040528,1121.68,1122.40,1118.24,1120.68,0
SP500,20040601,1120.68,1122.56,1113.40,1121.20,0
SP500,20040602,1121.20,1127.98,1118.65,1124.99,0
SP500,20040603,1124.99,1125.30,1116.60,1116.64,0
SP500,20040604,1116.64,1129.19,1116.64,1122.50,0
SP500,20040607,1122.50,1140.54,1122.50,1140.42,0
SP500,20040608,1140.42,1142.18,1135.96,1142.18,0
SP500,20040609,1142.18,1142.18,1114.76,1131.29,0
SP500,20040610,1134.52,1136.47,1131.33,1136.47,0
SP500,20040614,1136.47,1136.47,1122.16,1125.29,0
SP500,20040615,1125.29,1137.26,1125.29,1132.01,0
SP500,20040616,1132.01,1135.27,1130.56,1133.56,0
SP500,20040617,1133.56,1133.56,1126.89,1132.05,0
SP500,20040618,1132.05,1139.11,1129.80,1135.02,0
SP500,20040621,1135.02,1138.05,1129.66,1130.30,0
SP500,20040622,1130.30,1134.87,1124.38,1134.41,0
SP500,20040623,1134.41,1145.11,1131.78,1144.06,0
SP500,20040624,1144.06,1146.33,1140.16,1140.65,0
SP500,20040625,1140.65,1145.94,1134.31,1134.43,0
SP500,20040628,1134.43,1142.82,1131.73,1133.35,0
SP500,20040629,1133.35,1138.21,1131.79,1136.20,0
SP500,20040630,1136.20,1144.11,1133.74,1140.84,0
SP500,20040701,1140.84,1140.84,1123.06,1128.94,0
SP500,20040702,1128.51,1129.17,1123.29,1125.38,0
SP500,20040706,1125.38,1125.38,1113.21,1116.21,0
SP500,20040707,1116.21,1122.23,1115.14,1118.33,0
SP500,20040708,1116.86,1119.10,1108.74,1109.11,0
SP500,20040709,1109.11,1115.46,1109.11,1112.81,0
SP500,20040712,1112.81,1115.86,1106.96,1114.35,0
SP500,20040713,1114.35,1116.27,1112.99,1115.14,0
SP500,20040714,1115.14,1119.44,1107.86,1111.47,0
SP500,20040715,1111.47,1114.58,1106.64,1106.69,0
SP500,20040716,1106.69,1112.00,1101.06,1101.39,0
SP500,20040719,1101.39,1105.56,1096.58,1100.90,0
SP500,20040720,1100.90,1108.77,1099.14,1108.67,0
SP500,20040721,1108.67,1116.24,1093.88,1093.88,0
SP500,20040722,1093.88,1099.64,1084.13,1096.84,0
SP500,20040723,1096.84,1096.84,1083.85,1086.20,0
SP500,20040726,1086.20,1089.82,1078.85,1084.07,0
SP500,20040727,1084.07,1096.61,1084.07,1094.83,0
SP500,20040728,1094.83,1098.85,1082.22,1095.42,0
SP500,20040729,1095.42,1103.72,1095.42,1100.43,0
SP500,20040730,1100.43,1103.72,1097.22,1101.72,0
SP500,20040802,1101.72,1108.58,1097.23,1106.62,0
SP500,20040803,1106.62,1106.62,1099.27,1099.69,0
SP500,20040804,1099.69,1102.44,1092.47,1098.63,0
SP500,20040805,1098.63,1098.73,1080.70,1080.70,0
SP500,20040806,1080.70,1080.70,1062.19,1063.97,0
SP500,20040809,1063.97,1069.41,1063.97,1065.22,0
SP500,20040810,1065.22,1079.04,1065.22,1079.04,0
SP500,20040811,1079.04,1079.04,1066.03,1075.79,0
SP500,20040812,1075.79,1075.79,1062.92,1064.69,0
SP500,20040813,1063.23,1067.58,1060.74,1064.80,0
SP500,20040816,1064.80,1079.81,1064.80,1079.34,0
SP500,20040817,1079.34,1086.66,1079.34,1081.71,0
SP500,20040818,1081.71,1095.17,1078.97,1095.17,0
SP500,20040819,1095.17,1095.17,1086.39,1091.23,0
SP500,20040820,1091.23,1095.32,1089.65,1094.95,0
SP500,20040823,1098.35,1101.17,1094.95,1095.68,0
SP500,20040824,1095.68,1100.91,1092.84,1096.19,0
SP500,20040825,1096.19,1106.28,1093.37,1104.96,0
SP500,20040826,1104.96,1106.78,1102.46,1105.09,0
SP500,20040827,1105.09,1109.66,1104.64,1107.77,0
SP500,20040830,1107.77,1107.77,1099.15,1099.15,0
SP500,20040831,1099.15,1104.24,1094.82,1104.24,0
SP500,20040901,1104.24,1109.25,1099.31,1105.91,0
SP500,20040902,1105.91,1119.01,1105.64,1118.31,0
SP500,20040903,1113.63,1120.47,1113.62,1113.63,0
SP500,20040907,1113.63,1124.05,1113.63,1121.30,0
SP500,20040908,1121.30,1123.04,1116.27,1116.27,0
SP500,20040909,1116.27,1121.26,1113.62,1118.38,0
SP500,20040910,1118.38,1125.16,1114.50,1123.92,0
SP500,20040913,1123.92,1129.79,1123.35,1125.82,0
SP500,20040914,1125.82,1129.35,1124.74,1128.33,0
SP500,20040915,1128.33,1128.33,1119.75,1120.37,0
SP500,20040916,1120.37,1126.04,1120.37,1123.50,0
SP500,20040917,1127.02,1130.44,1123.50,1128.55,0
SP500,20040920,1128.55,1128.55,1120.30,1122.20,0
SP500,20040921,1122.20,1131.52,1122.20,1129.30,0
SP500,20040922,1129.30,1129.30,1112.72,1113.56,0
SP500,20040923,1113.56,1113.72,1108.04,1108.36,0
SP500,20040924,1108.36,1113.79,1108.36,1110.11,0
SP500,20040927,1110.11,1110.11,1103.32,1103.52,0
SP500,20040928,1103.52,1111.76,1101.67,1110.06,0
SP500,20040929,1110.06,1114.80,1107.58,1114.80,0
SP500,20040930,1114.80,1116.19,1109.64,1114.58,0
SP500,20041001,1114.58,1131.66,1114.58,1131.50,0
SP500,20041004,1131.50,1139.84,1131.50,1135.17,0
SP500,20041005,1135.17,1137.82,1132.07,1134.48,0
SP500,20041006,1134.48,1142.05,1133.76,1142.05,0
SP500,20041007,1142.05,1142.05,1130.45,1130.65,0
SP500,20041008,1130.65,1132.87,1120.23,1122.14,0
SP500,20041011,1122.14,1126.19,1122.14,1124.39,0
SP500,20041012,1124.39,1124.39,1115.79,1121.84,0
SP500,20041013,1121.84,1127.02,1109.70,1113.65,0
SP500,20041014,1113.65,1114.98,1102.08,1103.29,0
SP500,20041015,1103.29,1113.11,1102.30,1108.20,0
SP500,20041018,1108.20,1114.39,1103.40,1114.02,0
SP500,20041019,1114.02,1118.08,1103.16,1103.23,0
SP500,20041020,1103.23,1104.06,1094.45,1103.66,0
SP500,20041021,1103.66,1108.84,1098.48,1106.49,0
SP500,20041022,1106.49,1108.24,1095.45,1095.74,0
SP500,20041025,1095.74,1096.78,1090.23,1094.80,0
SP500,20041026,1094.80,1111.10,1094.80,1111.09,0
SP500,20041027,1109.15,1126.27,1107.55,1125.40,0
SP500,20041028,1125.40,1130.66,1120.61,1127.44,0
SP500,20041029,1127.44,1131.26,1124.65,1130.20,0
SP500,20041101,1130.20,1133.29,1127.63,1130.51,0
SP500,20041102,1130.51,1140.50,1129.37,1130.58,0
SP500,20041103,1148.47,1148.47,1130.54,1143.20,0
SP500,20041104,1143.20,1161.67,1142.39,1161.67,0
SP500,20041105,1161.67,1170.55,1160.62,1166.17,0
SP500,20041108,1166.17,1166.68,1162.66,1164.89,0
SP500,20041109,1164.89,1168.97,1162.49,1164.08,0
SP500,20041110,1164.08,1169.35,1162.51,1162.91,0
SP500,20041111,1162.91,1174.82,1162.91,1173.48,0
SP500,20041112,1173.48,1184.17,1171.48,1184.17,0
SP500,20041115,1184.17,1184.31,1179.84,1183.81,0
SP500,20041116,1183.81,1183.81,1175.35,1175.43,0
SP500,20041117,1175.43,1188.35,1175.43,1181.94,0
SP500,20041118,1181.94,1184.75,1180.09,1183.55,0
SP500,20041119,1183.55,1183.92,1169.20,1170.34,0
SP500,20041122,1170.34,1178.21,1167.94,1177.24,0
SP500,20041123,1177.24,1179.42,1171.57,1176.94,0
SP500,20041124,1178.07,1182.46,1178.07,1181.76,0
SP500,20041126,1181.76,1186.60,1180.95,1182.65,0
SP500,20041129,1182.65,1186.93,1172.59,1178.57,0
SP500,20041130,1178.57,1178.62,1173.81,1173.82,0
SP500,20041201,1173.82,1191.37,1173.78,1191.37,0
SP500,20041202,1191.37,1194.66,1186.73,1190.33,0
SP500,20041203,1190.33,1196.99,1188.01,1191.17,0
SP500,20041206,1191.17,1192.41,1185.14,1190.25,0
SP500,20041207,1190.25,1192.17,1177.07,1177.07,0
SP500,20041208,1177.07,1184.04,1176.91,1182.81,0
SP500,20041209,1182.81,1190.39,1173.75,1189.24,0
SP500,20041210,1189.24,1191.45,1185.31,1188.00,0
SP500,20041213,1188.00,1198.74,1188.00,1198.68,0
SP500,20041214,1198.68,1205.30,1197.99,1203.38,0
SP500,20041215,1203.38,1206.55,1199.52,1205.72,0
SP500,20041216,1205.72,1207.81,1198.59,1203.21,0
SP500,20041217,1203.21,1203.21,1193.44,1194.22,0
SP500,20041220,1194.22,1203.41,1193.49,1194.65,0
SP500,20041221,1194.65,1205.90,1194.65,1205.45,0
SP500,20041222,1205.45,1211.27,1203.88,1209.57,0
SP500,20041223,1209.16,1213.66,1208.71,1210.13,0
SP500,20041227,1210.13,1214.15,1204.92,1204.92,0
SP500,20041228,1204.92,1213.54,1204.92,1213.54,0
SP500,20041229,1213.54,1213.82,1210.96,1213.45,0
SP500,20041230,1213.45,1216.47,1213.42,1213.55,0
SP500,20041231,1213.55,1217.25,1211.80,1211.92,0
SP500,20050103,1211.92,1217.84,1200.29,1202.08,0
SP500,20050104,1202.08,1205.89,1185.42,1188.05,0
SP500,20050105,1188.05,1192.73,1183.72,1183.74,0
SP500,20050106,1183.74,1191.58,1183.24,1187.89,0
SP500,20050107,1187.89,1192.17,1182.11,1186.19,0
SP500,20050110,1186.19,1194.77,1185.02,1190.25,0
SP500,20050111,1190.25,1190.25,1180.41,1182.99,0
SP500,20050112,1182.99,1187.93,1175.93,1187.70,0
SP500,20050113,1187.70,1187.70,1175.73,1177.45,0
SP500,20050114,1177.45,1185.21,1177.45,1184.52,0
SP500,20050118,1184.52,1195.98,1180.13,1195.98,0
SP500,20050119,1195.98,1195.98,1184.36,1184.63,0
SP500,20050120,1184.63,1184.63,1173.39,1175.41,0
SP500,20050121,1175.41,1179.30,1167.82,1167.87,0
SP500,20050124,1167.87,1173.15,1163.75,1163.75,0
SP500,20050125,1163.75,1174.31,1163.75,1168.41,0
SP500,20050126,1168.41,1175.73,1168.41,1174.07,0
SP500,20050127,1174.07,1177.42,1170.17,1174.55,0
SP500,20050128,1174.55,1175.61,1166.25,1171.36,0
SP500,20050131,1171.36,1182.04,1171.36,1181.27,0
SP500,20050201,1181.27,1190.36,1181.06,1189.41,0
SP500,20050202,1189.41,1194.95,1188.98,1193.19,0
SP500,20050203,1193.19,1193.19,1185.64,1189.89,0
SP500,20050204,1189.89,1203.31,1189.85,1203.03,0
SP500,20050207,1203.03,1204.08,1199.26,1201.72,0
SP500,20050208,1201.72,1205.07,1200.30,1202.30,0
SP500,20050209,1202.30,1203.79,1191.62,1191.99,0
SP500,20050210,1191.99,1198.57,1191.54,1197.01,0
SP500,20050211,1197.01,1208.32,1193.31,1205.30,0
SP500,20050214,1205.30,1206.89,1203.59,1206.14,0
SP500,20050215,1206.14,1212.01,1205.62,1210.12,0
SP500,20050216,1210.12,1212.46,1205.17,1210.34,0
SP500,20050217,1210.34,1211.25,1200.74,1200.75,0
SP500,20050218,1200.75,1202.92,1197.35,1201.59,0
SP500,20050222,1201.59,1202.46,1184.16,1184.16,0
SP500,20050223,1184.16,1193.46,1184.16,1190.80,0
SP500,20050224,1190.80,1200.48,1187.91,1200.20,0
SP500,20050225,1200.20,1211.97,1199.65,1211.37,0
SP500,20050228,1211.37,1211.37,1198.18,1203.60,0
SP500,20050301,1203.60,1212.19,1203.60,1210.41,0
SP500,20050302,1210.41,1215.86,1204.22,1210.08,0
SP500,20050303,1210.08,1215.69,1204.45,1210.47,0
SP500,20050304,1210.47,1224.78,1210.47,1222.12,0
SP500,20050307,1222.12,1229.06,1222.12,1225.31,0
SP500,20050308,1225.31,1225.70,1218.65,1219.43,0
SP500,20050309,1219.43,1219.43,1206.71,1207.01,0
SP500,20050310,1207.01,1211.22,1201.52,1209.25,0
SP500,20050311,1209.25,1212.82,1198.28,1200.08,0
SP500,20050314,1200.08,1206.83,1199.46,1206.83,0
SP500,20050315,1206.83,1210.54,1197.75,1197.75,0
SP500,20050316,1197.75,1197.75,1185.74,1188.07,0
SP500,20050317,1188.07,1193.27,1186.34,1190.21,0
SP500,20050318,1190.21,1191.92,1182.85,1189.65,0
SP500,20050321,1189.65,1189.65,1179.03,1183.78,0
SP500,20050322,1183.78,1189.24,1171.71,1171.71,0
SP500,20050323,1171.71,1176.25,1168.71,1172.53,0
SP500,20050324,1172.53,1180.10,1171.42,1171.42,0
SP500,20050328,1173.21,1179.78,1173.21,1174.28,0
SP500,20050329,1174.28,1179.39,1163.69,1165.36,0
SP500,20050330,1165.36,1181.51,1165.36,1181.41,0
SP500,20050331,1181.41,1184.53,1180.59,1180.59,0
SP500,20050401,1180.59,1189.78,1169.94,1172.44,0
SP500,20050404,1172.92,1178.59,1167.77,1176.12,0
SP500,20050405,1176.12,1183.49,1176.12,1181.39,0
SP500,20050406,1181.39,1189.22,1181.39,1184.07,0
SP500,20050407,1184.11,1191.75,1183.96,1191.14,0
SP500,20050408,1191.14,1191.74,1181.14,1181.20,0
SP500,20050411,1181.20,1184.04,1178.81,1181.21,0
SP500,20050412,1181.21,1190.15,1171.37,1187.76,0
SP500,20050413,1187.76,1187.76,1171.45,1173.79,0
SP500,20050414,1173.79,1174.47,1161.79,1162.05,0
SP500,20050415,1162.05,1162.05,1142.18,1142.62,0
SP500,20050418,1142.62,1148.85,1140.08,1145.98,0
SP500,20050419,1145.98,1154.64,1145.98,1152.78,0
SP500,20050420,1152.78,1155.34,1136.37,1137.50,0
SP500,20050421,1137.50,1159.95,1137.50,1159.95,0
SP500,20050422,1159.95,1159.95,1142.92,1152.12,0
SP500,20050425,1152.12,1163.90,1152.12,1162.10,0
SP500,20050426,1159.33,1164.73,1151.74,1151.74,0
SP500,20050427,1151.74,1159.84,1144.55,1156.38,0
SP500,20050428,1156.38,1156.38,1143.22,1143.22,0
SP500,20050429,1143.22,1156.97,1139.14,1156.85,0
SP500,20050502,1156.85,1162.55,1154.71,1162.16,0
SP500,20050503,1161.74,1166.75,1156.76,1161.17,0
SP500,20050504,1161.17,1175.97,1161.17,1175.65,0
SP500,20050505,1175.65,1178.50,1166.85,1172.63,0
SP500,20050506,1172.63,1177.65,1170.52,1171.35,0
SP500,20050509,1171.35,1178.87,1169.49,1178.84,0
SP500,20050510,1178.84,1178.84,1162.98,1166.22,0
SP500,20050511,1166.22,1171.83,1157.78,1171.11,0
SP500,20050512,1171.11,1173.37,1157.75,1159.36,0
SP500,20050513,1159.36,1163.63,1146.19,1154.05,0
SP500,20050516,1154.67,1165.75,1153.77,1165.69,0
SP500,20050517,1165.69,1174.35,1159.95,1173.80,0
SP500,20050518,1173.80,1187.84,1173.80,1185.56,0
SP500,20050519,1185.56,1191.12,1184.99,1191.08,0
SP500,20050520,1191.08,1191.14,1185.19,1189.28,0
SP500,20050523,1189.28,1197.44,1189.25,1193.86,0
SP500,20050524,1193.86,1195.10,1189.88,1194.07,0
SP500,20050525,1194.07,1194.07,1185.98,1190.01,0
SP500,20050526,1190.01,1198.80,1190.01,1197.62,0
SP500,20050527,1197.62,1199.56,1195.28,1198.78,0
SP500,20050531,1198.78,1198.78,1191.50,1191.50,0
SP500,20050601,1191.50,1205.64,1191.03,1202.22,0
SP500,20050602,1200.19,1204.63,1198.52,1204.29,0
SP500,20050603,1204.29,1204.97,1194.55,1196.02,0
SP500,20050606,1196.02,1198.71,1192.82,1197.51,0
SP500,20050607,1197.51,1208.80,1197.26,1197.26,0
SP500,20050608,1197.26,1201.92,1193.51,1194.67,0
SP500,20050609,1194.67,1201.84,1191.18,1200.93,0
SP500,20050610,1200.93,1202.85,1192.64,1198.11,0
SP500,20050613,1198.11,1206.03,1194.50,1200.82,0
SP500,20050614,1200.82,1207.24,1200.17,1203.91,0
SP500,20050615,1208.10,1208.10,1198.69,1206.58,0
SP500,20050616,1206.58,1212.00,1205.59,1210.96,0
SP500,20050617,1210.96,1219.51,1210.93,1216.96,0
SP500,20050620,1216.96,1218.83,1210.71,1216.10,0
SP500,20050621,1216.10,1216.88,1211.86,1213.61,0
SP500,20050622,1213.61,1219.62,1211.71,1213.88,0
SP500,20050623,1213.46,1216.42,1200.72,1200.73,0
SP500,20050624,1200.73,1200.73,1191.47,1191.57,0
SP500,20050627,1191.57,1194.32,1188.29,1190.69,0
SP500,20050628,1190.69,1202.49,1190.69,1201.57,0
SP500,20050629,1201.57,1204.01,1198.69,1199.85,0
SP500,20050630,1199.85,1203.25,1190.58,1191.33,0
SP500,20050701,1191.33,1197.88,1191.33,1195.13,0
SP500,20050704,1194.44,1194.44,1194.44,1194.44,0
SP500,20050705,1194.44,1206.35,1192.58,1204.99,0
SP500,20050706,1204.99,1206.20,1194.80,1194.94,0
SP500,20050707,1194.94,1198.24,1183.73,1197.87,0
SP500,20050708,1197.87,1212.75,1197.39,1211.86,0
SP500,20050711,1211.86,1220.02,1211.86,1219.44,0
SP500,20050712,1219.44,1225.57,1216.59,1222.21,0
SP500,20050713,1222.21,1224.37,1219.70,1223.29,0
SP500,20050714,1223.29,1233.04,1223.29,1226.50,0
SP500,20050715,1226.50,1229.53,1223.54,1227.92,0
SP500,20050718,1227.92,1227.92,1221.13,1221.13,0
SP500,20050719,1221.13,1230.32,1221.13,1229.35,0
SP500,20050720,1229.35,1236.43,1223.07,1235.20,0
SP500,20050721,1235.20,1235.92,1224.75,1227.04,0
SP500,20050722,1227.04,1234.12,1226.29,1233.68,0
SP500,20050725,1234.70,1238.18,1228.19,1229.03,0
SP500,20050726,1229.03,1234.29,1229.03,1231.16,0
SP500,20050727,1231.16,1237.64,1230.17,1236.79,0
SP500,20050728,1236.79,1245.14,1235.83,1243.72,0
SP500,20050729,1243.72,1245.00,1239.27,1239.63,0
SP500,20050801,1234.18,1239.10,1233.80,1235.35,0
SP500,20050802,1235.35,1244.68,1235.35,1244.12,0
SP500,20050803,1244.12,1245.84,1240.61,1245.04,0
SP500,20050804,1245.04,1245.04,1235.23,1235.86,0
SP500,20050805,1235.86,1235.86,1225.65,1226.42,0
SP500,20050808,1226.42,1232.21,1222.72,1223.13,0
SP500,20050809,1228.30,1234.00,1223.13,1231.38,0
SP500,20050810,1231.38,1242.58,1226.65,1229.13,0
SP500,20050811,1229.13,1237.81,1228.41,1237.81,0
SP500,20050812,1237.81,1237.81,1225.87,1230.39,0
SP500,20050815,1230.39,1236.18,1226.36,1233.87,0
SP500,20050816,1233.87,1233.87,1219.11,1219.34,0
SP500,20050817,1219.34,1225.64,1218.32,1220.24,0
SP500,20050818,1220.24,1222.64,1216.04,1219.02,0
SP500,20050819,1219.02,1224.96,1219.02,1219.71,0
SP500,20050822,1219.71,1228.90,1216.53,1221.73,0
SP500,20050823,1221.73,1223.01,1214.59,1217.57,0
SP500,20050824,1217.57,1224.12,1209.53,1209.59,0
SP500,20050825,1209.59,1213.71,1209.59,1212.40,0
SP500,20050826,1212.40,1212.40,1204.25,1205.10,0
SP500,20050829,1205.10,1214.25,1201.69,1212.28,0
SP500,20050830,1212.28,1212.28,1201.11,1208.41,0
SP500,20050831,1208.41,1220.33,1204.37,1220.33,0
SP500,20050901,1220.33,1227.17,1216.15,1221.59,0
SP500,20050902,1221.59,1224.45,1217.75,1218.02,0
SP500,20050906,1218.02,1233.51,1218.02,1233.39,0
SP500,20050907,1233.39,1236.97,1230.90,1236.36,0
SP500,20050908,1236.36,1236.36,1229.62,1231.67,0
SP500,20050909,1231.67,1242.99,1231.67,1241.48,0
SP500,20050912,1241.48,1242.52,1239.32,1240.56,0
SP500,20050913,1240.56,1240.57,1231.20,1231.20,0
SP500,20050914,1231.20,1234.57,1226.20,1227.16,0
SP500,20050915,1227.16,1231.80,1224.92,1227.73,0
SP500,20050916,1227.73,1237.93,1227.73,1237.91,0
SP500,20050919,1237.91,1237.91,1227.82,1231.02,0
SP500,20050920,1231.02,1236.41,1220.30,1221.34,0
SP500,20050921,1212.97,1215.65,1210.00,1210.20,0
SP500,20050922,1210.20,1216.48,1205.40,1214.62,0
SP500,20050923,1214.62,1218.82,1209.91,1215.29,0
SP500,20050926,1215.29,1222.52,1211.86,1215.63,0
SP500,20050927,1216.41,1220.05,1211.10,1215.66,0
SP500,20050928,1215.66,1220.95,1212.85,1216.89,0
SP500,20050929,1216.89,1228.61,1211.58,1227.68,0
SP500,20050930,1227.68,1229.57,1225.34,1228.81,0
SP500,20051003,1228.81,1233.24,1225.39,1226.70,0
SP500,20051004,1226.70,1229.88,1214.17,1214.47,0
SP500,20051005,1214.47,1214.47,1196.26,1196.39,0
SP500,20051006,1196.39,1201.91,1182.33,1191.49,0
SP500,20051007,1191.49,1199.54,1191.49,1195.90,0
SP500,20051010,1195.90,1196.41,1186.17,1187.33,0
SP500,20051011,1187.33,1193.08,1183.21,1184.87,0
SP500,20051012,1184.87,1190.07,1173.81,1177.68,0
SP500,20051013,1177.68,1179.55,1168.46,1176.84,0
SP500,20051014,1176.84,1187.14,1175.54,1186.57,0
SP500,20051017,1186.57,1191.02,1184.55,1190.10,0
SP500,20051018,1190.10,1190.10,1178.14,1178.14,0
SP500,20051019,1178.14,1195.76,1170.89,1195.76,0
SP500,20051020,1195.76,1197.18,1173.31,1177.80,0
SP500,20051021,1177.80,1186.36,1174.96,1179.59,0
SP500,20051024,1179.59,1199.39,1179.59,1199.38,0
SP500,20051025,1199.38,1201.26,1189.35,1196.54,0
SP500,20051026,1196.54,1203.77,1191.38,1191.38,0
SP500,20051027,1191.38,1192.52,1178.89,1178.90,0
SP500,20051028,1178.90,1198.41,1178.90,1198.41,0
SP500,20051031,1198.41,1211.42,1198.41,1207.01,0
SP500,20051101,1207.01,1207.21,1201.69,1202.76,0
SP500,20051102,1202.76,1214.99,1201.19,1214.76,0
SP500,20051103,1220.45,1224.70,1214.76,1219.94,0
SP500,20051104,1219.94,1222.50,1214.46,1220.14,0
SP500,20051107,1220.14,1224.16,1217.29,1222.81,0
SP500,20051108,1222.81,1222.81,1216.15,1218.59,0
SP500,20051109,1218.59,1226.50,1216.56,1220.65,0
SP500,20051110,1220.65,1232.37,1215.08,1230.96,0
SP500,20051111,1232.42,1235.66,1231.48,1234.72,0
SP500,20051114,1234.72,1237.13,1231.83,1233.71,0
SP500,20051115,1233.71,1237.87,1226.49,1229.01,0
SP500,20051116,1229.01,1232.11,1227.19,1231.21,0
SP500,20051117,1231.21,1242.95,1231.21,1242.80,0
SP500,20051118,1242.80,1249.39,1240.89,1248.27,0
SP500,20051121,1248.27,1255.65,1246.90,1254.85,0
SP500,20051122,1254.85,1261.88,1251.43,1261.23,0
SP500,20051123,1261.23,1270.64,1259.51,1265.61,0
SP500,20051125,1265.61,1268.75,1265.56,1268.25,0
SP500,20051128,1268.25,1268.30,1257.23,1257.46,0
SP500,20051129,1257.46,1266.13,1257.46,1257.48,0
SP500,20051130,1257.48,1260.86,1249.48,1249.48,0
SP500,20051201,1249.48,1265.86,1249.48,1264.67,0
SP500,20051202,1264.67,1266.61,1261.41,1265.08,0
SP500,20051205,1265.08,1265.08,1258.26,1262.09,0
SP500,20051206,1262.09,1272.89,1262.09,1263.70,0
SP500,20051207,1263.70,1264.85,1253.02,1257.37,0
SP500,20051208,1257.37,1263.35,1250.89,1255.84,0
SP500,20051209,1255.84,1263.10,1254.22,1259.37,0
SP500,20051212,1259.37,1263.86,1255.55,1260.43,0
SP500,20051213,1260.43,1272.02,1258.69,1267.43,0
SP500,20051214,1267.43,1275.75,1266.83,1272.74,0
SP500,20051215,1272.74,1275.19,1267.77,1270.94,0
SP500,20051216,1270.94,1275.14,1267.32,1267.32,0
SP500,20051219,1267.32,1270.35,1259.35,1259.92,0
SP500,20051220,1259.92,1263.80,1257.24,1259.62,0
SP500,20051221,1259.62,1269.44,1259.62,1262.79,0
SP500,20051222,1262.79,1268.19,1262.50,1268.12,0
SP500,20051223,1268.12,1269.55,1265.92,1268.66,0
SP500,20051227,1270.60,1271.71,1256.54,1256.54,0
SP500,20051228,1257.95,1261.05,1256.72,1258.17,0
SP500,20051229,1258.07,1260.53,1254.22,1254.42,0
SP500,20051230,1254.42,1254.42,1246.59,1248.29,0
SP500,20060103,1248.29,1270.20,1245.73,1268.80,0
SP500,20060104,1268.80,1275.37,1268.01,1273.46,0
SP500,20060105,1273.46,1276.84,1270.26,1273.48,0
SP500,20060106,1273.48,1285.88,1273.48,1285.45,0
SP500,20060109,1285.45,1290.59,1284.93,1290.15,0
SP500,20060110,1290.15,1290.15,1283.96,1289.69,0
SP500,20060111,1289.69,1294.90,1288.25,1294.18,0
SP500,20060112,1294.18,1294.18,1285.08,1286.06,0
SP500,20060113,1286.06,1288.96,1282.78,1287.61,0
SP500,20060117,1287.61,1287.61,1278.64,1282.93,0
SP500,20060118,1282.93,1282.93,1272.15,1277.93,0
SP500,20060119,1277.93,1287.79,1277.93,1285.04,0
SP500,20060120,1285.04,1285.04,1260.92,1261.49,0
SP500,20060123,1261.49,1268.18,1261.49,1263.82,0
SP500,20060124,1263.82,1271.41,1263.82,1266.86,0
SP500,20060125,1266.86,1271.87,1259.42,1264.68,0
SP500,20060126,1264.68,1276.39,1264.68,1273.83,0
SP500,20060127,1273.83,1286.26,1273.83,1283.72,0
SP500,20060130,1283.72,1287.94,1283.51,1285.20,0
SP500,20060131,1285.20,1285.20,1277.19,1280.08,0
SP500,20060201,1280.08,1283.33,1277.57,1282.46,0
SP500,20060202,1282.46,1282.46,1268.22,1270.84,0
SP500,20060203,1270.84,1270.84,1261.03,1264.03,0
SP500,20060206,1264.03,1267.00,1261.97,1265.02,0
SP500,20060207,1262.14,1265.69,1253.64,1254.78,0
SP500,20060208,1254.78,1266.47,1254.78,1265.65,0
SP500,20060209,1265.65,1274.63,1262.82,1263.78,0
SP500,20060210,1263.78,1269.51,1255.13,1266.99,0
SP500,20060213,1266.99,1266.99,1258.39,1262.86,0
SP500,20060214,1262.86,1278.23,1260.88,1275.53,0
SP500,20060215,1275.53,1280.91,1271.05,1280.00,0
SP500,20060216,1280.00,1289.39,1280.00,1289.38,0
SP500,20060217,1289.38,1289.47,1284.07,1287.24,0
SP500,20060221,1287.24,1291.74,1281.45,1283.04,0
SP500,20060222,1283.04,1294.08,1283.03,1292.67,0
SP500,20060223,1292.67,1293.81,1285.41,1287.79,0
SP500,20060224,1287.79,1292.00,1285.88,1289.43,0
SP500,20060227,1289.43,1297.22,1289.43,1294.12,0
SP500,20060228,1294.12,1294.12,1278.72,1280.66,0
SP500,20060301,1280.66,1291.79,1280.66,1291.24,0
SP500,20060302,1291.24,1291.24,1283.23,1289.14,0
SP500,20060303,1289.14,1297.30,1284.13,1287.23,0
SP500,20060306,1287.23,1288.25,1275.84,1278.26,0
SP500,20060307,1278.26,1278.26,1271.33,1275.88,0
SP500,20060308,1275.88,1280.33,1268.85,1278.47,0
SP500,20060309,1278.47,1282.74,1272.23,1272.23,0
SP500,20060310,1272.23,1284.33,1271.22,1281.58,0
SP500,20060313,1281.58,1287.33,1281.58,1284.13,0
SP500,20060314,1284.13,1297.96,1282.69,1297.48,0
SP500,20060315,1297.48,1304.36,1295.00,1303.02,0
SP500,20060316,1303.02,1310.44,1303.02,1305.33,0
SP500,20060317,1305.33,1309.70,1305.33,1307.25,0
SP500,20060320,1307.25,1309.89,1303.78,1305.08,0
SP500,20060321,1305.08,1310.69,1295.92,1297.23,0
SP500,20060322,1297.23,1305.96,1296.14,1305.04,0
SP500,20060323,1305.04,1305.04,1298.32,1301.67,0
SP500,20060324,1301.67,1306.27,1298.93,1302.95,0
SP500,20060327,1302.95,1303.71,1299.12,1301.61,0
SP500,20060328,1301.61,1306.09,1291.89,1293.23,0
SP500,20060329,1293.23,1305.49,1293.23,1302.89,0
SP500,20060330,1302.89,1310.15,1296.97,1300.25,0
SP500,20060331,1300.25,1302.94,1294.96,1296.84,0
SP500,20060403,1302.12,1309.07,1296.85,1297.81,0
SP500,20060404,1297.81,1307.55,1294.71,1305.93,0
SP500,20060405,1305.93,1312.62,1304.96,1311.56,0
SP500,20060406,1311.56,1311.94,1302.60,1309.04,0
SP500,20060407,1309.04,1313.88,1294.27,1295.50,0
SP500,20060410,1295.50,1300.71,1293.15,1296.62,0
SP500,20060411,1296.60,1300.66,1282.91,1286.57,0
SP500,20060412,1286.57,1290.73,1286.50,1288.12,0
SP500,20060413,1288.12,1292.09,1283.37,1289.12,0
SP500,20060417,1289.12,1292.44,1280.74,1285.32,0
SP500,20060418,1292.90,1293.72,1292.90,1292.90,0
SP500,20060419,1307.65,1310.36,1302.88,1309.93,0
SP500,20060420,1309.93,1318.12,1306.40,1311.46,0
SP500,20060421,1311.46,1317.66,1306.62,1311.28,0
SP500,20060424,1308.30,1311.28,1303.91,1308.11,0
SP500,20060425,1308.11,1310.63,1299.20,1301.74,0
SP500,20060426,1301.74,1310.87,1301.74,1305.41,0
SP500,20060427,1305.41,1314.74,1295.69,1309.72,0
SP500,20060428,1309.72,1315.82,1306.41,1310.61,0
SP500,20060501,1310.61,1317.06,1304.09,1305.19,0
SP500,20060502,1305.19,1313.34,1305.19,1313.21,0
SP500,20060503,1313.21,1313.21,1303.94,1307.85,0
SP500,20060504,1307.85,1314.86,1307.85,1312.25,0
SP500,20060509,1324.66,1326.56,1322.47,1325.14,0
SP500,20060510,1325.14,1325.30,1317.54,1322.85,0
SP500,20060511,1322.85,1322.85,1303.53,1305.92,0
SP500,20060512,1305.92,1305.92,1290.41,1291.24,0
SP500,20060515,1291.24,1294.55,1284.61,1294.50,0
SP500,20060516,1294.50,1297.87,1288.45,1292.08,0
SP500,20060517,1292.08,1292.08,1267.49,1270.32,0
SP500,20060518,1270.32,1274.79,1261.77,1261.81,0
SP500,20060519,1261.81,1272.01,1256.54,1267.03,0
SP500,20060522,1267.03,1268.71,1252.97,1262.07,0
SP500,20060523,1262.07,1273.56,1256.19,1256.58,0
SP500,20060524,1256.58,1264.53,1245.52,1258.57,0
SP500,20060525,1258.57,1273.25,1258.41,1272.88,0
SP500,20060526,1272.88,1280.54,1272.50,1280.16,0
SP500,20060530,1280.16,1280.16,1259.84,1259.84,0
SP500,20060531,1259.84,1270.09,1259.38,1270.09,0
SP500,20060601,1270.09,1285.71,1269.25,1285.71,0
SP500,20060602,1285.71,1290.54,1280.31,1288.22,0
SP500,20060605,1288.22,1288.22,1264.75,1265.29,0
SP500,20060606,1265.29,1269.77,1254.74,1263.85,0
SP500,20060607,1263.85,1272.43,1255.79,1256.15,0
SP500,20060608,1256.15,1259.92,1235.11,1257.93,0
SP500,20060609,1257.93,1262.63,1250.05,1251.99,0
SP500,20060612,1252.30,1254.86,1236.24,1236.40,0
SP500,20060613,1236.40,1243.36,1222.84,1223.69,0
SP500,20060614,1223.69,1231.40,1219.32,1230.04,0
SP500,20060615,1230.04,1258.66,1230.01,1256.16,0
SP500,20060616,1256.16,1256.21,1246.49,1251.54,0
SP500,20060619,1251.54,1255.89,1237.18,1240.14,0
SP500,20060620,1241.87,1249.02,1239.00,1240.12,0
SP500,20060621,1240.12,1257.95,1240.09,1252.20,0
SP500,20060622,1252.20,1252.20,1241.60,1245.60,0
SP500,20060623,1245.60,1252.85,1241.49,1244.50,0
SP500,20060626,1244.50,1250.93,1243.68,1250.56,0
SP500,20060627,1250.56,1253.34,1238.95,1239.20,0
SP500,20060628,1239.20,1246.82,1237.77,1246.00,0
SP500,20060629,1246.00,1272.87,1245.94,1272.87,0
SP500,20060630,1272.87,1276.25,1270.20,1270.20,0
SP500,20060703,1270.20,1280.38,1270.20,1280.19,0
SP500,20060705,1280.19,1280.19,1266.19,1270.91,0
SP500,20060706,1270.91,1278.36,1270.58,1274.08,0
SP500,20060707,1274.08,1275.35,1263.39,1265.48,0
SP500,20060710,1265.48,1274.06,1264.46,1267.34,0
SP500,20060711,1267.34,1273.61,1259.84,1272.52,0
SP500,20060712,1272.52,1273.31,1257.29,1258.60,0
SP500,20060713,1258.60,1258.60,1241.39,1242.29,0
SP500,20060714,1242.29,1242.69,1228.44,1236.20,0
SP500,20060717,1236.20,1240.03,1231.71,1234.49,0
SP500,20060718,1234.49,1239.62,1224.77,1236.86,0
SP500,20060719,1236.86,1261.81,1236.74,1259.81,0
SP500,20060720,1259.81,1262.56,1249.13,1249.13,0
SP500,20060721,1249.13,1250.78,1238.92,1240.29,0
SP500,20060724,1240.29,1262.52,1240.25,1260.84,0
SP500,20060725,1260.91,1272.39,1257.19,1268.88,0
SP500,20060726,1268.88,1273.51,1262.02,1268.40,0
SP500,20060727,1268.40,1275.85,1261.94,1263.20,0
SP500,20060728,1263.20,1280.40,1263.15,1278.55,0
SP500,20060731,1278.55,1278.55,1274.47,1276.66,0
SP500,20060801,1276.66,1276.66,1265.83,1270.92,0
SP500,20060802,1270.92,1283.39,1270.73,1278.55,0
SP500,20060803,1278.55,1283.70,1271.29,1280.27,0
SP500,20060804,1280.27,1292.86,1273.80,1279.36,0
SP500,20060807,1279.36,1279.36,1273.02,1275.77,0
SP500,20060808,1275.67,1281.68,1268.39,1271.48,0
SP500,20060809,1271.48,1283.52,1264.75,1265.95,0
SP500,20060810,1265.95,1272.55,1261.30,1271.81,0
SP500,20060811,1271.85,1271.85,1262.07,1266.74,0
SP500,20060814,1266.74,1278.90,1266.67,1268.21,0
SP500,20060815,1268.21,1286.23,1268.19,1285.58,0
SP500,20060816,1285.58,1296.21,1285.27,1295.43,0
SP500,20060817,1295.43,1300.79,1292.71,1297.48,0
SP500,20060818,1297.48,1302.30,1292.71,1302.30,0
SP500,20060821,1302.30,1302.30,1295.51,1297.52,0
SP500,20060822,1297.52,1302.49,1294.43,1298.82,0
SP500,20060823,1298.82,1301.50,1289.81,1292.99,0
SP500,20060824,1292.99,1297.23,1291.40,1296.06,0
SP500,20060825,1296.06,1298.88,1292.39,1295.09,0
SP500,20060828,1295.09,1305.02,1293.97,1301.78,0
SP500,20060829,1301.78,1305.02,1295.29,1304.28,0
SP500,20060830,1304.28,1306.74,1302.15,1304.27,0
SP500,20060831,1304.27,1306.11,1302.44,1303.81,0
SP500,20060901,1303.82,1312.03,1303.80,1311.01,0
SP500,20060905,1311.01,1314.67,1308.81,1313.25,0
SP500,20060906,1313.25,1313.25,1299.28,1300.26,0
SP500,20060907,1300.26,1301.25,1292.13,1294.02,0
SP500,20060908,1294.02,1300.14,1294.02,1298.92,0
SP500,20060911,1298.92,1302.36,1290.92,1299.54,0
SP500,20060912,1299.54,1314.28,1299.53,1313.11,0
SP500,20060913,1313.11,1319.92,1311.12,1318.07,0
SP500,20060914,1318.07,1318.07,1313.24,1316.28,0
SP500,20060915,1316.28,1324.65,1316.28,1319.87,0
SP500,20060918,1319.87,1324.87,1318.16,1321.18,0
SP500,20060919,1321.18,1322.04,1312.17,1318.31,0
SP500,20060920,1318.31,1328.53,1318.28,1325.18,0
SP500,20060921,1325.18,1328.19,1315.45,1318.03,0
SP500,20060922,1317.74,1318.03,1310.94,1314.78,0
SP500,20060925,1314.78,1329.35,1310.94,1326.37,0
SP500,20060926,1326.37,1336.60,1325.30,1336.34,0
SP500,20060927,1336.34,1340.08,1333.54,1336.59,0
SP500,20060928,1336.59,1340.28,1333.75,1339.15,0
SP500,20060929,1339.15,1339.90,1335.64,1335.85,0
SP500,20061002,1335.85,1338.54,1330.28,1331.32,0
SP500,20061003,1331.32,1338.31,1327.09,1334.11,0
SP500,20061004,1334.11,1350.22,1331.48,1350.22,0
SP500,20061005,1350.22,1353.79,1347.75,1353.22,0
SP500,20061006,1353.22,1353.22,1344.21,1349.58,0
SP500,20061009,1349.58,1352.69,1346.55,1350.66,0
SP500,20061010,1350.66,1354.23,1348.60,1353.42,0
SP500,20061011,1353.42,1353.97,1344.01,1349.95,0
SP500,20061012,1349.95,1363.76,1344.23,1362.83,0
SP500,20061013,1362.83,1366.63,1360.50,1365.62,0
SP500,20061016,1365.62,1370.20,1364.53,1369.05,0
SP500,20061017,1369.05,1370.20,1356.87,1364.05,0
SP500,20061018,1364.05,1372.87,1360.95,1365.96,0
SP500,20061019,1365.96,1368.09,1362.06,1366.96,0
SP500,20061020,1366.96,1368.66,1362.10,1368.60,0
SP500,20061023,1368.60,1377.40,1363.94,1377.02,0
SP500,20061024,1377.02,1377.78,1372.42,1377.38,0
SP500,20061025,1377.38,1383.61,1376.00,1382.22,0
SP500,20061026,1382.22,1389.45,1376.00,1389.08,0
SP500,20061027,1389.08,1389.08,1375.85,1377.34,0
SP500,20061030,1377.34,1381.22,1373.46,1377.93,0
SP500,20061031,1377.93,1381.21,1372.19,1377.94,0
SP500,20061101,1377.94,1381.95,1366.26,1367.81,0
SP500,20061102,1367.81,1381.95,1362.21,1367.34,0
SP500,20061103,1367.34,1371.69,1360.98,1364.30,0
SP500,20061106,1364.30,1381.40,1360.98,1379.78,0
SP500,20061107,1379.78,1388.19,1379.19,1382.84,0
SP500,20061108,1382.84,1388.61,1376.29,1385.72,0
SP500,20061109,1385.72,1388.92,1377.31,1378.33,0
SP500,20061110,1378.33,1381.04,1375.60,1380.90,0
SP500,20061113,1380.90,1387.61,1378.80,1384.42,0
SP500,20061114,1384.42,1394.49,1379.07,1393.22,0
SP500,20061115,1393.22,1401.35,1392.13,1396.57,0
SP500,20061116,1396.57,1403.76,1396.53,1399.76,0
SP500,20061117,1399.76,1401.21,1394.55,1401.20,0
SP500,20061120,1401.20,1404.37,1397.85,1400.50,0
SP500,20061121,1400.50,1403.49,1397.85,1402.81,0
SP500,20061122,1402.81,1407.89,1402.26,1406.09,0
SP500,20061124,1406.09,1406.09,1399.25,1400.95,0
SP500,20061127,1400.95,1400.95,1381.44,1381.90,0
SP500,20061128,1381.90,1387.91,1377.83,1386.72,0
SP500,20061129,1386.72,1401.14,1386.11,1399.48,0
SP500,20061130,1399.48,1406.30,1393.83,1400.63,0
SP500,20061201,1400.63,1402.46,1385.93,1396.71,0
SP500,20061204,1396.71,1411.23,1396.67,1409.12,0
SP500,20061205,1409.12,1415.27,1408.78,1414.76,0
SP500,20061206,1414.76,1415.93,1411.03,1412.90,0
SP500,20061207,1412.90,1418.27,1406.80,1407.29,0
SP500,20061208,1407.27,1414.09,1403.67,1409.84,0
SP500,20061211,1409.84,1415.60,1408.56,1413.04,0
SP500,20061212,1413.04,1413.78,1404.75,1411.56,0
SP500,20061213,1411.56,1416.64,1411.05,1413.21,0
SP500,20061214,1413.21,1427.23,1413.16,1425.49,0
SP500,20061215,1425.49,1431.63,1425.48,1427.09,0
SP500,20061218,1427.09,1431.81,1420.65,1422.48,0
SP500,20061219,1422.48,1428.30,1414.88,1425.55,0
SP500,20061220,1425.55,1429.05,1423.50,1423.53,0
SP500,20061221,1423.53,1426.51,1415.88,1418.30,0
SP500,20061222,1418.30,1418.82,1410.28,1410.76,0
SP500,20061226,1410.76,1417.91,1410.45,1416.90,0
SP500,20061227,1416.90,1427.72,1416.63,1426.84,0
SP500,20061228,1426.84,1427.26,1422.04,1424.73,0
SP500,20061229,1424.73,1427.00,1416.72,1418.30,0
SP500,20070103,1418.30,1429.42,1407.70,1416.60,0
SP500,20070104,1416.63,1421.84,1408.22,1418.34,0
SP500,20070105,1418.34,1418.34,1405.75,1409.71,0
SP500,20070108,1409.71,1414.99,1403.97,1412.84,0
SP500,20070109,1412.84,1415.61,1405.42,1412.11,0
SP500,20070110,1412.11,1415.99,1404.33,1414.85,0
SP500,20070111,1414.85,1427.12,1414.84,1423.82,0
SP500,20070112,1423.82,1431.23,1422.58,1430.73,0
SP500,20070116,1430.73,1433.93,1428.62,1431.90,0
SP500,20070117,1431.90,1435.27,1428.57,1430.62,0
SP500,20070118,1430.62,1433.30,1424.21,1426.37,0
SP500,20070119,1426.37,1431.57,1425.19,1430.50,0
SP500,20070122,1430.50,1431.43,1420.40,1422.95,0
SP500,20070123,1422.95,1431.33,1421.65,1427.99,0
SP500,20070124,1427.99,1440.14,1427.96,1440.13,0
SP500,20070125,1440.13,1440.31,1422.34,1423.90,0
SP500,20070126,1423.90,1427.27,1416.96,1422.18,0
SP500,20070129,1422.18,1426.94,1418.46,1420.62,0
SP500,20070130,1420.62,1428.82,1420.61,1428.82,0
SP500,20070131,1428.82,1441.61,1424.78,1438.24,0
SP500,20070201,1438.24,1446.64,1437.90,1445.94,0
SP500,20070202,1445.94,1449.33,1444.49,1448.39,0
SP500,20070205,1448.39,1449.38,1443.85,1446.99,0
SP500,20070206,1446.99,1450.19,1443.40,1448.00,0
SP500,20070207,1448.00,1452.99,1446.44,1450.02,0
SP500,20070208,1450.02,1450.45,1442.81,1448.31,0
SP500,20070209,1448.31,1452.45,1433.44,1438.06,0
SP500,20070212,1438.06,1439.11,1431.44,1433.37,0
SP500,20070213,1433.37,1444.41,1433.22,1444.26,0
SP500,20070214,1444.26,1457.65,1443.91,1455.30,0
SP500,20070215,1455.30,1457.97,1453.19,1456.81,0
SP500,20070216,1456.81,1456.81,1451.57,1455.54,0
SP500,20070220,1455.54,1460.53,1449.20,1459.68,0
SP500,20070221,1459.68,1459.68,1452.02,1457.63,0
SP500,20070222,1457.63,1461.57,1450.51,1456.38,0
SP500,20070223,1456.38,1456.38,1448.36,1451.19,0
SP500,20070226,1451.19,1456.95,1445.48,1449.37,0
SP500,20070227,1449.37,1449.37,1389.42,1399.04,0
SP500,20070228,1399.04,1415.89,1396.65,1406.82,0
SP500,20070301,1406.82,1409.46,1380.87,1403.17,0
SP500,20070302,1403.17,1403.40,1386.87,1387.17,0
SP500,20070305,1387.17,1391.86,1373.97,1374.12,0
SP500,20070306,1374.12,1397.90,1374.06,1395.41,0
SP500,20070307,1395.41,1401.16,1390.64,1391.97,0
SP500,20070308,1391.97,1407.93,1391.88,1401.89,0
SP500,20070309,1401.89,1410.15,1397.30,1402.85,0
SP500,20070312,1402.85,1409.34,1398.40,1406.60,0
SP500,20070313,1406.60,1406.60,1377.71,1377.95,0
SP500,20070314,1377.95,1388.09,1363.98,1387.17,0
SP500,20070315,1387.17,1395.73,1363.98,1392.28,0
SP500,20070316,1392.28,1397.51,1383.63,1386.95,0
SP500,20070319,1386.95,1403.20,1383.63,1402.06,0
SP500,20070320,1402.06,1411.53,1400.70,1410.94,0
SP500,20070321,1410.94,1437.32,1409.75,1435.04,0
SP500,20070322,1435.04,1437.66,1429.88,1434.54,0
SP500,20070323,1434.54,1439.35,1433.21,1436.11,0
SP500,20070326,1436.11,1437.65,1423.28,1437.50,0
SP500,20070327,1437.50,1437.50,1425.53,1428.61,0
SP500,20070328,1429.61,1429.61,1414.07,1417.23,0
SP500,20070329,1417.23,1426.24,1413.27,1422.53,0
SP500,20070330,1422.53,1429.22,1408.90,1420.86,0
SP500,20070402,1420.86,1425.49,1416.37,1424.55,0
SP500,20070403,1424.55,1440.57,1424.27,1437.77,0
SP500,20070404,1437.77,1440.16,1435.08,1439.37,0
SP500,20070405,1439.37,1444.88,1436.67,1443.76,0
SP500,20070409,1443.76,1448.10,1443.28,1444.61,0
SP500,20070410,1444.61,1448.73,1443.99,1448.39,0
SP500,20070411,1448.39,1448.40,1436.16,1438.87,0
SP500,20070412,1438.87,1448.03,1433.91,1447.80,0
SP500,20070413,1447.80,1453.11,1444.15,1452.85,0
SP500,20070416,1452.85,1468.62,1452.84,1468.47,0
SP500,20070417,1468.47,1474.35,1467.14,1471.48,0
SP500,20070418,1471.48,1476.57,1466.40,1472.50,0
SP500,20070419,1472.50,1474.23,1464.47,1470.73,0
SP500,20070420,1470.73,1484.74,1470.69,1484.35,0
SP500,20070423,1484.35,1487.32,1480.19,1480.93,0
SP500,20070424,1480.93,1483.82,1473.74,1480.41,0
SP500,20070425,1480.41,1496.59,1480.28,1495.42,0
SP500,20070426,1495.42,1498.03,1491.17,1494.25,0
SP500,20070427,1494.25,1497.32,1488.67,1494.07,0
SP500,20070430,1494.07,1497.18,1482.29,1482.37,0
SP500,20070501,1482.37,1487.27,1476.70,1486.30,0
SP500,20070502,1486.30,1499.10,1486.13,1495.92,0
SP500,20070503,1495.92,1503.34,1495.56,1502.39,0
SP500,20070504,1502.39,1510.34,1501.80,1505.62,0
SP500,20070507,1505.62,1511.00,1505.54,1509.48,0
SP500,20070508,1509.48,1509.48,1500.66,1507.72,0
SP500,20070509,1507.72,1513.80,1503.77,1512.58,0
SP500,20070510,1512.58,1512.58,1491.38,1491.47,0
SP500,20070511,1491.47,1506.24,1491.47,1505.85,0
SP500,20070514,1505.85,1510.90,1498.34,1503.15,0
SP500,20070515,1503.15,1514.83,1500.43,1501.19,0
SP500,20070516,1501.19,1514.15,1500.75,1514.14,0
SP500,20070517,1514.14,1517.14,1509.29,1512.75,0
SP500,20070518,1512.75,1522.75,1512.74,1522.75,0
SP500,20070521,1522.75,1529.87,1522.71,1525.10,0
SP500,20070522,1525.10,1529.87,1522.05,1524.12,0
SP500,20070523,1524.12,1532.43,1521.90,1522.28,0
SP500,20070524,1522.10,1529.31,1505.18,1507.51,0
SP500,20070525,1507.50,1517.41,1507.50,1515.73,0
SP500,20070529,1515.55,1521.80,1512.02,1518.11,0
SP500,20070530,1517.60,1530.23,1510.06,1530.23,0
SP500,20070531,1530.19,1535.56,1528.26,1530.62,0
SP500,20070601,1530.62,1540.56,1530.62,1536.34,0
SP500,20070604,1536.28,1540.53,1532.31,1539.18,0
SP500,20070605,1539.12,1539.12,1525.62,1530.95,0
SP500,20070606,1530.57,1530.57,1514.13,1517.38,0
SP500,20070607,1517.36,1517.36,1490.37,1490.72,0
SP500,20070608,1490.71,1507.76,1487.41,1507.67,0
SP500,20070611,1507.64,1515.63,1503.35,1509.12,0
SP500,20070612,1509.12,1511.33,1492.97,1493.00,0
SP500,20070613,1492.65,1515.70,1492.65,1515.67,0
SP500,20070614,1515.58,1526.45,1515.58,1522.97,0
SP500,20070615,1522.97,1538.71,1522.97,1532.91,0
SP500,20070618,1532.90,1535.44,1529.31,1531.05,0
SP500,20070619,1531.02,1535.85,1525.67,1533.70,0
SP500,20070620,1533.68,1537.32,1512.36,1512.84,0
SP500,20070621,1512.50,1522.90,1504.75,1522.19,0
SP500,20070622,1522.19,1522.19,1500.74,1502.56,0
SP500,20070625,1502.56,1514.29,1492.55,1497.74,0
SP500,20070626,1497.68,1506.12,1490.54,1492.89,0
SP500,20070627,1492.62,1506.80,1484.18,1506.34,0
SP500,20070628,1506.32,1514.84,1503.41,1505.71,0
SP500,20070629,1505.70,1517.53,1493.61,1503.35,0
SP500,20070702,1504.66,1519.45,1504.66,1519.43,0
SP500,20070703,1519.12,1526.01,1519.12,1524.87,0
SP500,20070705,1524.86,1526.57,1517.72,1525.40,0
SP500,20070706,1524.96,1532.40,1520.47,1530.44,0
SP500,20070709,1530.43,1534.26,1527.45,1531.85,0
SP500,20070710,1531.85,1531.85,1510.01,1510.12,0
SP500,20070711,1509.93,1519.34,1506.10,1518.76,0
SP500,20070712,1518.74,1547.92,1518.74,1547.70,0
SP500,20070713,1547.68,1555.10,1544.85,1552.50,0
SP500,20070716,1552.50,1555.90,1546.69,1549.52,0
SP500,20070717,1549.52,1555.32,1547.74,1549.37,0
SP500,20070718,1549.20,1549.20,1533.67,1546.17,0
SP500,20070719,1546.13,1555.20,1546.13,1553.08,0
SP500,20070720,1553.19,1553.19,1529.20,1534.10,0
SP500,20070723,1534.06,1547.23,1534.06,1541.57,0
SP500,20070724,1541.57,1541.57,1508.62,1511.04,0
SP500,20070725,1511.03,1524.31,1503.73,1518.09,0
SP500,20070726,1518.09,1518.09,1465.30,1482.66,0
SP500,20070727,1482.44,1488.53,1458.95,1458.95,0
SP500,20070730,1458.93,1477.88,1454.24,1473.91,0
SP500,20070731,1473.90,1488.30,1454.25,1455.27,0
SP500,20070801,1455.18,1468.38,1439.59,1465.81,0
SP500,20070802,1465.46,1476.43,1460.58,1472.20,0
SP500,20070803,1472.18,1473.23,1432.80,1433.06,0
SP500,20070806,1433.04,1467.67,1427.39,1467.67,0
SP500,20070807,1467.62,1488.30,1455.80,1476.71,0
SP500,20070808,1476.22,1503.89,1476.22,1497.49,0
SP500,20070809,1497.21,1497.21,1453.09,1453.09,0
SP500,20070810,1453.09,1462.02,1429.74,1453.64,0
SP500,20070813,1453.42,1466.29,1451.54,1452.92,0
SP500,20070814,1452.87,1456.79,1426.20,1426.54,0
SP500,20070815,1426.15,1440.78,1404.36,1406.70,0
SP500,20070816,1406.64,1415.97,1370.60,1411.27,0
SP500,20070817,1411.26,1450.33,1411.26,1445.94,0
SP500,20070820,1445.94,1451.75,1430.54,1445.55,0
SP500,20070821,1445.55,1455.32,1439.76,1447.12,0
SP500,20070822,1447.03,1464.86,1447.03,1464.07,0
SP500,20070823,1464.05,1472.06,1453.88,1462.50,0
SP500,20070824,1462.34,1479.40,1460.54,1479.37,0
SP500,20070827,1479.36,1479.36,1465.98,1466.79,0
SP500,20070828,1466.72,1466.72,1432.01,1432.36,0
SP500,20070829,1432.01,1463.76,1432.01,1463.76,0
SP500,20070830,1463.67,1468.43,1451.25,1457.64,0
SP500,20070831,1457.61,1481.47,1457.61,1473.99,0
SP500,20070904,1473.96,1496.40,1472.15,1489.42,0
SP500,20070905,1488.76,1488.76,1466.34,1472.29,0
SP500,20070906,1472.03,1481.49,1467.41,1478.55,0
SP500,20070907,1478.55,1478.55,1449.07,1453.55,0
SP500,20070910,1453.50,1462.25,1439.29,1451.70,0
SP500,20070911,1451.69,1472.48,1451.69,1471.49,0
SP500,20070912,1471.10,1479.50,1465.75,1471.56,0
SP500,20070913,1471.47,1489.58,1471.47,1483.95,0
SP500,20070914,1483.95,1485.99,1473.18,1484.25,0
SP500,20070917,1484.24,1484.24,1471.82,1476.65,0
SP500,20070918,1476.63,1519.89,1476.63,1519.78,0
SP500,20070919,1519.75,1538.74,1519.75,1529.03,0
SP500,20070920,1528.69,1529.14,1516.42,1518.75,0
SP500,20070921,1518.75,1530.89,1518.75,1525.75,0
SP500,20070924,1525.75,1530.18,1516.15,1517.73,0
SP500,20070925,1516.34,1518.27,1507.13,1517.21,0
SP500,20070926,1518.62,1529.39,1518.62,1525.42,0
SP500,20070927,1527.32,1532.46,1525.81,1531.38,0
SP500,20070928,1531.24,1533.74,1521.99,1526.75,0
SP500,20071001,1527.29,1549.02,1526.73,1547.04,0
SP500,20071002,1546.96,1548.01,1540.37,1546.63,0
SP500,20071003,1545.80,1545.84,1536.34,1539.59,0
SP500,20071004,1539.91,1544.02,1537.63,1542.84,0
SP500,20071005,1543.84,1561.91,1542.39,1557.59,0
SP500,20071008,1556.51,1556.51,1549.00,1552.58,0
SP500,20071009,1553.18,1565.26,1551.82,1565.15,0
SP500,20071010,1564.98,1565.42,1555.46,1562.47,0
SP500,20071011,1564.72,1576.09,1546.72,1554.41,0
SP500,20071012,1555.41,1563.03,1554.09,1561.80,0
SP500,20071015,1562.25,1564.74,1540.81,1548.71,0
SP500,20071016,1547.81,1547.81,1536.29,1538.53,0
SP500,20071017,1544.44,1550.66,1526.01,1541.24,0
SP500,20071018,1539.29,1542.79,1531.76,1540.08,0
SP500,20071019,1540.00,1540.00,1500.26,1500.63,0
SP500,20071022,1497.79,1508.06,1490.40,1506.33,0
SP500,20071023,1509.30,1520.01,1503.61,1519.59,0
SP500,20071024,1516.61,1517.23,1489.56,1515.88,0
SP500,20071025,1516.15,1523.24,1500.46,1514.40,0
SP500,20071026,1522.17,1535.53,1520.18,1535.28,0
SP500,20071029,1536.92,1544.67,1536.43,1540.98,0
SP500,20071030,1539.42,1540.95,1529.55,1531.02,0
SP500,20071031,1532.15,1552.76,1529.40,1549.38,0
SP500,20071101,1545.79,1545.79,1506.66,1508.44,0
SP500,20071102,1511.07,1513.15,1492.53,1509.65,0
SP500,20071105,1505.61,1510.84,1489.95,1502.17,0
SP500,20071106,1505.33,1520.77,1499.07,1520.27,0
SP500,20071107,1515.46,1515.46,1475.04,1475.62,0
SP500,20071108,1475.27,1482.50,1450.31,1474.77,0
SP500,20071109,1467.59,1474.09,1448.51,1453.70,0
SP500,20071112,1453.66,1464.94,1438.53,1439.18,0
SP500,20071113,1441.35,1481.37,1441.35,1481.05,0
SP500,20071114,1483.40,1492.14,1466.47,1470.58,0
SP500,20071115,1468.04,1472.67,1443.49,1451.15,0
SP500,20071116,1453.09,1462.18,1443.99,1458.74,0
SP500,20071119,1456.70,1456.70,1430.42,1433.27,0
SP500,20071120,1434.51,1452.64,1419.28,1439.70,0
SP500,20071121,1434.71,1436.40,1415.64,1416.77,0
SP500,20071123,1417.62,1440.86,1417.62,1440.70,0
SP500,20071126,1440.74,1446.09,1406.10,1407.22,0
SP500,20071127,1409.59,1429.49,1407.43,1428.23,0
SP500,20071128,1432.95,1471.62,1432.95,1469.02,0
SP500,20071129,1467.41,1473.81,1458.36,1469.72,0
SP500,20071130,1471.83,1488.94,1470.89,1481.14,0
SP500,20071203,1479.63,1481.16,1470.08,1472.42,0
SP500,20071204,1471.34,1471.34,1460.66,1462.79,0
SP500,20071205,1465.22,1486.09,1465.22,1485.01,0
SP500,20071206,1484.59,1508.02,1482.19,1507.34,0
SP500,20071207,1508.60,1510.63,1502.66,1504.66,0
SP500,20071210,1505.11,1518.27,1504.60,1515.96,0
SP500,20071211,1516.68,1523.57,1475.99,1477.65,0
SP500,20071212,1487.58,1511.96,1468.23,1486.59,0
SP500,20071213,1483.27,1489.40,1469.21,1488.41,0
SP500,20071214,1486.19,1486.67,1467.78,1467.95,0
SP500,20071217,1465.05,1465.05,1445.43,1445.90,0
SP500,20071218,1445.92,1460.16,1435.65,1454.98,0
SP500,20071219,1454.70,1464.42,1445.31,1453.00,0
SP500,20071220,1456.42,1461.53,1447.22,1460.12,0
SP500,20071221,1463.19,1485.40,1463.19,1484.46,0
SP500,20071224,1484.55,1497.63,1484.55,1496.45,0
SP500,20071226,1495.12,1498.85,1488.20,1497.66,0
SP500,20071227,1495.05,1495.05,1475.86,1476.27,0
SP500,20071228,1479.83,1488.01,1471.70,1478.49,0
SP500,20071231,1475.25,1475.83,1465.13,1468.36,0
SP500,20080102,1467.97,1471.77,1442.07,1447.16,0
SP500,20080103,1447.55,1456.80,1443.73,1447.16,0
SP500,20080104,1444.01,1444.01,1411.19,1411.63,0
SP500,20080107,1414.07,1423.87,1403.45,1416.18,0
SP500,20080108,1415.71,1430.28,1388.30,1390.19,0
SP500,20080109,1390.25,1409.19,1378.70,1409.13,0
SP500,20080110,1406.78,1429.09,1395.31,1420.33,0
SP500,20080111,1419.91,1419.91,1394.83,1401.02,0
SP500,20080114,1402.91,1417.89,1402.91,1416.25,0
SP500,20080115,1411.88,1411.88,1380.60,1380.95,0
SP500,20080116,1377.41,1391.99,1364.27,1373.20,0
SP500,20080117,1374.79,1377.72,1330.67,1333.25,0
SP500,20080118,1333.90,1350.28,1312.51,1325.19,0
SP500,20080122,1312.94,1322.09,1274.29,1310.50,0
SP500,20080123,1310.41,1339.09,1270.05,1338.60,0
SP500,20080124,1340.13,1355.15,1334.31,1352.07,0
SP500,20080125,1357.32,1368.56,1327.50,1330.61,0
SP500,20080128,1330.70,1353.97,1322.26,1353.96,0
SP500,20080129,1355.94,1364.93,1350.19,1362.30,0
SP500,20080130,1362.22,1385.86,1352.95,1355.81,0
SP500,20080131,1351.98,1385.62,1334.08,1378.55,0
SP500,20080201,1378.60,1396.02,1375.93,1395.42,0
SP500,20080204,1395.38,1395.38,1379.69,1380.82,0
SP500,20080205,1380.28,1380.28,1336.64,1336.64,0
SP500,20080206,1339.48,1351.96,1324.34,1326.45,0
SP500,20080207,1324.01,1347.16,1316.75,1336.91,0
SP500,20080208,1336.88,1341.22,1321.06,1331.29,0
SP500,20080211,1331.92,1341.40,1320.32,1339.13,0
SP500,20080212,1340.55,1362.10,1339.36,1348.86,0
SP500,20080213,1353.12,1369.23,1350.78,1367.21,0
SP500,20080214,1367.33,1368.16,1347.31,1348.86,0
SP500,20080215,1347.52,1350.00,1338.13,1349.99,0
SP500,20080219,1355.86,1367.28,1345.05,1348.78,0
SP500,20080220,1348.39,1363.71,1336.55,1360.03,0
SP500,20080221,1362.21,1367.94,1339.34,1342.53,0
SP500,20080222,1344.22,1354.30,1327.04,1353.11,0
SP500,20080225,1352.75,1374.36,1346.03,1371.80,0
SP500,20080226,1371.76,1387.34,1363.29,1381.29,0
SP500,20080227,1378.95,1388.34,1372.00,1380.02,0
SP500,20080228,1378.16,1378.16,1363.16,1367.68,0
SP500,20080229,1364.07,1364.07,1325.42,1330.63,0
SP500,20080303,1330.45,1335.13,1320.04,1331.34,0
SP500,20080304,1329.58,1331.03,1307.39,1326.75,0
SP500,20080305,1327.69,1344.19,1320.22,1333.70,0
SP500,20080306,1332.20,1332.20,1303.42,1304.34,0
SP500,20080307,1301.53,1313.24,1282.43,1293.37,0
SP500,20080310,1293.16,1295.01,1272.66,1273.37,0
SP500,20080311,1274.40,1320.65,1274.40,1320.65,0
SP500,20080312,1321.13,1333.26,1307.86,1308.77,0
SP500,20080313,1305.26,1321.68,1282.11,1315.48,0
SP500,20080314,1316.05,1321.47,1274.86,1288.14,0
SP500,20080317,1283.21,1287.50,1256.98,1276.60,0
SP500,20080318,1277.16,1330.74,1277.16,1330.74,0
SP500,20080319,1330.97,1341.51,1298.42,1298.42,0
SP500,20080320,1299.67,1330.67,1295.22,1329.51,0
SP500,20080324,1330.29,1359.68,1330.29,1349.88,0
SP500,20080325,1349.07,1357.47,1341.21,1352.99,0
SP500,20080326,1352.45,1352.45,1336.41,1341.13,0
SP500,20080327,1340.34,1345.62,1325.66,1325.76,0
SP500,20080328,1327.02,1334.87,1312.95,1315.22,0
SP500,20080331,1315.92,1328.52,1312.81,1322.70,0
SP500,20080401,1326.41,1370.18,1326.41,1370.18,0
SP500,20080402,1369.96,1377.95,1361.55,1367.53,0
SP500,20080403,1365.69,1375.66,1358.68,1369.31,0
SP500,20080404,1369.85,1380.91,1362.83,1370.40,0
SP500,20080407,1373.69,1386.74,1369.02,1372.54,0
SP500,20080408,1370.16,1370.16,1360.62,1365.54,0
SP500,20080409,1365.50,1368.39,1349.97,1354.49,0
SP500,20080410,1355.37,1367.24,1350.11,1360.55,0
SP500,20080411,1357.98,1357.98,1331.21,1332.83,0
SP500,20080414,1332.20,1335.64,1326.16,1328.32,0
SP500,20080415,1331.72,1337.72,1324.35,1334.43,0
SP500,20080416,1337.02,1365.49,1337.02,1364.71,0
SP500,20080417,1363.37,1368.60,1357.25,1365.56,0
SP500,20080418,1369.00,1395.90,1369.00,1390.33,0
SP500,20080421,1387.72,1390.23,1379.25,1388.17,0
SP500,20080422,1386.43,1386.43,1369.84,1375.94,0
SP500,20080423,1378.40,1387.87,1372.24,1379.93,0
SP500,20080424,1380.52,1397.72,1371.09,1388.82,0
SP500,20080425,1387.88,1399.11,1379.98,1397.84,0
SP500,20080428,1397.96,1402.90,1394.40,1396.40,0
SP500,20080429,1395.61,1397.00,1386.70,1390.94,0
SP500,20080430,1391.22,1404.57,1384.25,1385.59,0
SP500,20080501,1385.97,1410.07,1383.07,1409.34,0
SP500,20080502,1409.16,1422.72,1406.25,1413.90,0
SP500,20080505,1415.34,1415.34,1404.37,1407.49,0
SP500,20080506,1405.60,1421.57,1397.10,1418.26,0
SP500,20080507,1417.49,1419.54,1391.16,1392.57,0
SP500,20080508,1394.29,1402.35,1389.39,1397.68,0
SP500,20080509,1394.90,1394.90,1384.11,1388.28,0
SP500,20080512,1389.40,1404.06,1386.20,1403.58,0
SP500,20080513,1404.40,1406.30,1396.26,1403.04,0
SP500,20080514,1405.65,1420.19,1405.65,1408.66,0
SP500,20080515,1408.36,1424.40,1406.87,1423.57,0
SP500,20080516,1423.89,1425.82,1414.35,1425.35,0
SP500,20080519,1425.28,1440.24,1421.63,1426.63,0
SP500,20080520,1424.49,1424.49,1409.09,1413.40,0
SP500,20080521,1414.06,1419.12,1388.81,1390.71,0
SP500,20080522,1390.83,1399.07,1390.23,1394.35,0
SP500,20080523,1392.20,1392.20,1373.72,1375.93,0
SP500,20080527,1375.97,1387.40,1373.07,1385.35,0
SP500,20080528,1386.54,1391.25,1378.16,1390.84,0
SP500,20080529,1390.50,1406.32,1388.59,1398.26,0
SP500,20080530,1398.36,1404.46,1398.08,1400.38,0
SP500,20080602,1399.62,1399.62,1377.79,1385.67,0
SP500,20080603,1386.42,1393.12,1370.12,1377.65,0
SP500,20080604,1376.26,1388.18,1371.74,1377.20,0
SP500,20080605,1377.48,1404.05,1377.48,1404.05,0
SP500,20080606,1400.06,1400.06,1359.90,1360.68,0
SP500,20080609,1360.83,1370.63,1350.62,1361.76,0
SP500,20080610,1358.98,1366.84,1351.56,1358.44,0
SP500,20080611,1357.09,1357.09,1335.47,1335.49,0
SP500,20080612,1335.78,1353.03,1331.29,1339.87,0
SP500,20080613,1341.81,1360.03,1341.71,1360.03,0
SP500,20080616,1358.85,1364.70,1352.07,1360.14,0
SP500,20080617,1360.71,1366.59,1350.54,1350.93,0
SP500,20080618,1349.59,1349.59,1333.40,1337.81,0
SP500,20080619,1336.89,1347.66,1330.50,1342.83,0
SP500,20080620,1341.02,1341.02,1314.46,1317.93,0
SP500,20080623,1319.77,1323.78,1315.31,1318.00,0
SP500,20080624,1317.23,1326.02,1304.42,1314.29,0
SP500,20080625,1314.54,1335.63,1314.54,1321.97,0
SP500,20080626,1316.29,1316.29,1283.15,1283.15,0
SP500,20080627,1283.60,1289.45,1272.00,1278.38,0
SP500,20080630,1278.06,1290.31,1274.86,1280.00,0
SP500,20080701,1276.69,1285.31,1260.68,1284.91,0
SP500,20080702,1285.82,1292.17,1261.51,1261.52,0
SP500,20080703,1262.96,1271.48,1252.01,1262.90,0
SP500,20080707,1262.90,1273.95,1240.68,1252.31,0
SP500,20080708,1251.84,1274.17,1242.84,1273.70,0
SP500,20080709,1273.38,1277.36,1244.57,1244.69,0
SP500,20080710,1245.25,1257.65,1236.76,1253.39,0
SP500,20080711,1248.66,1257.27,1225.35,1239.49,0
SP500,20080714,1241.61,1253.50,1225.01,1228.30,0
SP500,20080715,1226.83,1234.35,1200.44,1214.91,0
SP500,20080716,1214.65,1245.52,1211.39,1245.36,0
SP500,20080717,1246.31,1262.31,1241.49,1260.32,0
SP500,20080718,1258.22,1262.23,1251.81,1260.68,0
SP500,20080721,1261.82,1267.74,1255.70,1260.00,0
SP500,20080722,1257.08,1277.42,1248.83,1277.00,0
SP500,20080723,1278.87,1291.17,1276.06,1282.19,0
SP500,20080724,1283.22,1283.22,1251.48,1252.54,0
SP500,20080725,1253.51,1263.23,1251.75,1257.76,0
SP500,20080728,1257.76,1260.09,1234.37,1234.37,0
SP500,20080729,1236.38,1263.20,1236.38,1263.20,0
SP500,20080730,1264.52,1284.33,1264.52,1284.26,0
SP500,20080731,1281.37,1284.93,1265.97,1267.38,0
SP500,20080801,1269.42,1270.52,1254.54,1260.31,0
SP500,20080804,1260.16,1260.49,1247.44,1249.01,0
SP500,20080805,1254.87,1284.88,1254.67,1284.88,0
SP500,20080806,1283.99,1291.67,1276.00,1289.19,0
SP500,20080807,1286.51,1286.51,1264.29,1266.07,0
SP500,20080808,1266.29,1297.85,1262.11,1296.32,0
SP500,20080811,1294.42,1313.15,1291.41,1305.32,0
SP500,20080812,1304.79,1304.79,1285.64,1289.59,0
SP500,20080813,1288.64,1294.03,1274.86,1285.83,0
SP500,20080814,1282.11,1300.11,1276.84,1292.93,0
SP500,20080815,1293.85,1302.05,1290.74,1298.20,0
SP500,20080818,1298.14,1300.22,1274.51,1278.60,0
SP500,20080819,1276.65,1276.65,1263.11,1266.69,0
SP500,20080820,1267.34,1276.01,1261.16,1274.54,0
SP500,20080821,1271.07,1281.40,1265.22,1277.72,0
SP500,20080822,1277.59,1293.09,1277.59,1292.20,0
SP500,20080825,1290.47,1290.47,1264.87,1266.84,0
SP500,20080826,1267.03,1275.65,1263.21,1271.51,0
SP500,20080827,1271.29,1285.05,1270.03,1281.66,0
SP500,20080828,1283.79,1300.68,1283.79,1300.68,0
SP500,20080829,1296.49,1297.59,1282.74,1282.83,0
SP500,20080902,1287.83,1303.04,1272.20,1277.58,0
SP500,20080903,1276.61,1280.60,1265.59,1274.98,0
SP500,20080904,1271.80,1271.80,1232.83,1236.83,0
SP500,20080905,1233.21,1244.94,1217.23,1242.31,0
SP500,20080908,1249.50,1274.42,1247.12,1267.79,0
SP500,20080909,1267.98,1268.66,1224.51,1224.51,0
SP500,20080910,1227.50,1243.90,1221.60,1232.04,0
SP500,20080911,1229.04,1249.98,1211.54,1249.05,0
SP500,20080912,1245.88,1255.09,1233.81,1251.70,0
SP500,20080915,1250.92,1250.92,1192.70,1192.70,0
SP500,20080916,1188.31,1214.84,1169.28,1213.60,0
SP500,20080917,1210.34,1210.34,1155.88,1156.39,0
SP500,20080918,1157.08,1211.14,1133.50,1206.51,0
SP500,20080919,1213.11,1265.12,1213.11,1255.08,0
SP500,20080922,1255.37,1255.37,1205.61,1207.09,0
SP500,20080923,1207.61,1221.15,1187.06,1188.22,0
SP500,20080924,1188.79,1197.41,1179.79,1185.87,0
SP500,20080925,1187.87,1220.03,1187.87,1209.18,0
SP500,20080926,1204.47,1215.77,1187.54,1213.27,0
SP500,20080929,1209.07,1209.07,1106.42,1106.42,0
SP500,20080930,1113.78,1168.03,1113.78,1164.74,0
SP500,20081001,1164.17,1167.03,1140.77,1161.06,0
SP500,20081002,1160.64,1160.64,1111.43,1114.28,0
SP500,20081003,1115.16,1153.82,1098.14,1099.23,0
SP500,20081006,1097.56,1097.56,1007.97,1056.89,0
SP500,20081007,1057.60,1072.91,996.23,996.23,0
SP500,20081008,988.91,1021.06,970.97,984.94,0
SP500,20081009,988.42,1005.25,909.19,909.92,0
SP500,20081010,902.31,936.36,839.80,899.22,0
SP500,20081013,912.75,1006.93,912.75,1003.35,0
SP500,20081014,1009.97,1044.31,972.07,998.01,0
SP500,20081015,994.60,994.60,903.99,907.84,0
SP500,20081016,909.53,947.71,865.83,946.43,0
SP500,20081017,942.29,984.64,918.74,940.55,0
SP500,20081020,943.51,985.40,943.51,985.40,0
SP500,20081021,980.40,985.44,952.47,955.05,0
SP500,20081022,951.67,951.67,875.81,896.78,0
SP500,20081023,899.08,922.83,858.44,908.11,0
SP500,20081024,895.22,896.30,852.85,876.77,0
SP500,20081027,874.28,893.78,846.75,848.92,0
SP500,20081028,848.92,940.51,845.27,940.51,0
SP500,20081029,939.51,969.97,922.26,930.09,0
SP500,20081030,939.38,963.23,928.50,954.09,0
SP500,20081031,953.11,984.38,944.59,968.75,0
SP500,20081103,968.67,975.57,958.82,966.30,0
SP500,20081104,971.31,1007.51,971.31,1005.75,0
SP500,20081105,1001.84,1001.84,949.86,952.77,0
SP500,20081106,952.40,952.40,899.73,904.88,0
SP500,20081107,907.44,931.46,906.90,930.99,0
SP500,20081110,936.75,951.95,907.47,919.21,0
SP500,20081111,917.15,917.15,884.90,898.95,0
SP500,20081112,893.39,893.39,850.48,852.30,0
SP500,20081113,853.13,913.01,818.69,911.29,0
SP500,20081114,904.36,916.88,869.88,873.29,0
SP500,20081117,873.23,882.29,848.98,850.75,0
SP500,20081118,852.34,865.90,826.84,859.12,0
SP500,20081119,859.03,864.57,806.18,806.58,0
SP500,20081120,805.87,820.52,747.78,752.44,0
SP500,20081121,755.84,801.20,741.02,800.03,0
SP500,20081124,801.20,865.60,801.20,851.81,0
SP500,20081125,853.40,868.94,834.99,857.39,0
SP500,20081126,852.90,887.68,841.37,887.68,0
SP500,20081128,886.89,896.25,881.21,896.24,0
SP500,20081201,888.61,888.61,815.69,816.21,0
SP500,20081202,817.94,850.54,817.94,848.81,0
SP500,20081203,843.60,873.12,827.60,870.74,0
SP500,20081204,869.75,875.60,833.60,845.22,0
SP500,20081205,844.43,879.42,818.41,876.07,0
SP500,20081208,882.71,918.57,882.71,909.70,0
SP500,20081209,906.48,916.26,885.38,888.67,0
SP500,20081210,892.17,908.27,885.45,899.24,0
SP500,20081211,898.35,904.63,868.73,873.59,0
SP500,20081212,871.79,883.24,851.35,879.73,0
SP500,20081215,881.07,884.63,857.72,868.57,0
SP500,20081216,871.53,914.66,871.53,913.18,0
SP500,20081217,908.16,918.85,895.94,904.42,0
SP500,20081218,905.98,911.02,877.44,885.28,0
SP500,20081219,886.96,905.47,883.02,887.88,0
SP500,20081222,887.20,887.37,857.09,871.63,0
SP500,20081223,874.31,880.44,860.10,863.16,0
SP500,20081224,863.87,869.79,861.44,868.15,0
SP500,20081226,869.51,873.74,866.52,872.80,0
SP500,20081229,872.37,873.70,857.07,869.42,0
SP500,20081230,870.58,891.12,870.58,890.64,0
SP500,20081231,890.59,910.32,889.67,903.25,0
SP500,20090102,902.99,934.73,899.35,931.80,0
SP500,20090105,929.17,936.63,919.53,927.45,0
SP500,20090106,931.17,943.85,927.28,934.70,0
SP500,20090107,927.45,927.45,902.37,906.65,0
SP500,20090108,905.73,910.00,896.81,909.73,0
SP500,20090109,909.91,911.93,888.31,890.35,0
SP500,20090112,890.40,890.40,864.32,870.26,0
SP500,20090113,869.79,877.02,862.02,871.79,0
SP500,20090114,867.28,867.28,836.93,842.62,0
SP500,20090115,841.99,851.59,817.04,843.74,0
SP500,20090116,844.45,858.13,830.66,850.12,0
SP500,20090120,849.64,849.64,804.47,805.22,0
SP500,20090121,806.77,841.72,804.30,840.24,0
SP500,20090122,839.74,839.74,811.29,827.50,0
SP500,20090123,822.16,838.61,806.07,831.95,0
SP500,20090126,832.50,852.53,827.69,836.57,0
SP500,20090127,837.30,850.45,835.40,845.71,0
SP500,20090128,845.73,877.86,845.73,874.09,0
SP500,20090129,868.89,868.89,844.15,845.14,0
SP500,20090130,845.69,851.66,821.67,825.88,0
SP500,20090202,823.09,830.78,812.87,825.44,0
SP500,20090203,825.69,842.60,821.98,838.51,0
SP500,20090204,837.77,851.85,829.18,832.23,0
SP500,20090205,831.75,850.55,819.91,845.85,0
SP500,20090206,846.09,870.75,845.42,868.60,0
SP500,20090209,868.24,875.01,861.65,869.89,0
SP500,20090210,866.87,868.05,822.99,827.16,0
SP500,20090211,827.41,838.22,822.30,833.74,0
SP500,20090212,829.91,835.48,808.06,835.19,0
SP500,20090213,833.95,839.43,825.21,826.84,0
SP500,20090217,818.61,818.61,789.17,789.17,0
SP500,20090218,791.06,796.17,780.43,788.42,0
SP500,20090219,787.91,797.58,777.03,778.94,0
SP500,20090220,775.87,778.69,754.25,770.05,0
SP500,20090223,773.25,777.85,742.37,743.33,0
SP500,20090224,744.69,775.49,744.69,773.14,0
SP500,20090225,770.64,780.12,752.89,764.90,0
SP500,20090226,765.76,779.42,751.75,752.83,0
SP500,20090227,749.93,751.27,734.52,735.09,0
SP500,20090302,729.57,729.57,699.70,700.82,0
SP500,20090303,704.44,711.67,692.30,696.33,0
SP500,20090304,698.60,724.12,698.60,712.87,0
SP500,20090305,708.27,708.27,677.93,682.55,0
SP500,20090306,684.04,699.09,666.79,683.38,0
SP500,20090309,680.76,695.27,672.88,676.53,0
SP500,20090310,679.28,719.60,679.28,719.60,0
SP500,20090311,719.60,731.90,713.90,721.40,0
SP500,20090312,720.90,752.60,714.80,750.70,0
SP500,20090313,751.97,758.29,742.46,756.55,0
SP500,20090316,758.84,774.53,753.37,753.89,0
SP500,20090317,753.88,778.12,749.93,778.12,0
SP500,20090318,776.01,803.04,765.64,794.35,0
SP500,20090319,797.92,803.24,781.82,784.04,0
SP500,20090320,784.58,788.91,766.20,768.54,0
SP500,20090323,772.31,823.37,772.31,822.92,0
SP500,20090324,820.60,823.65,805.48,806.25,0
SP500,20090325,806.81,826.78,791.37,813.88,0
SP500,20090326,814.06,832.98,814.06,832.86,0
SP500,20090327,828.68,828.68,815.57,815.94,0
SP500,20090330,809.07,809.07,779.81,787.53,0
SP500,20090331,790.88,810.48,790.88,797.87,0
SP500,20090401,793.59,813.62,783.32,811.08,0
SP500,20090402,814.53,845.61,814.53,834.38,0
SP500,20090403,835.13,842.50,826.70,842.50,0
SP500,20090406,839.75,839.75,822.79,835.48,0
SP500,20090407,828.13,834.12,814.53,815.55,0
SP500,20090408,816.76,828.42,814.84,825.16,0
SP500,20090409,829.29,856.91,829.29,856.56,0
SP500,20090413,855.33,864.31,845.35,858.73,0
SP500,20090414,856.88,856.88,840.25,841.50,0
SP500,20090415,839.44,852.93,835.58,852.06,0
SP500,20090416,854.54,870.35,847.04,865.30,0
SP500,20090417,865.18,875.63,860.87,869.60,0
SP500,20090420,868.27,868.27,832.39,832.39,0
SP500,20090421,831.25,850.09,826.83,850.08,0
SP500,20090422,847.26,861.78,840.57,843.55,0
SP500,20090423,844.62,852.87,835.45,851.92,0
SP500,20090424,853.91,871.80,853.91,866.23,0
SP500,20090427,862.82,868.83,854.65,857.51,0
SP500,20090428,854.48,864.48,847.12,855.16,0
SP500,20090429,856.85,882.06,856.85,873.64,0
SP500,20090430,876.59,888.70,868.51,872.81,0
SP500,20090501,872.74,880.48,866.10,877.52,0
SP500,20090504,879.21,907.85,879.21,907.24,0
SP500,20090505,906.10,907.70,897.34,903.80,0
SP500,20090506,903.95,920.28,903.95,919.53,0
SP500,20090507,919.58,929.58,901.36,907.39,0
SP500,20090508,909.03,930.17,909.03,929.23,0
SP500,20090511,922.99,922.99,908.68,909.24,0
SP500,20090512,910.52,915.57,896.46,908.35,0
SP500,20090513,905.40,905.40,882.80,883.92,0
SP500,20090514,884.24,898.36,882.52,893.07,0
SP500,20090515,892.76,896.97,878.94,882.88,0
SP500,20090518,886.07,910.00,886.07,909.71,0
SP500,20090519,909.67,916.39,905.22,908.13,0
SP500,20090520,908.62,924.60,901.37,903.47,0
SP500,20090521,900.42,900.42,879.61,888.33,0
SP500,20090522,888.68,896.65,883.75,887.00,0
SP500,20090526,887.00,911.76,881.46,910.33,0
SP500,20090527,909.95,913.84,891.87,893.06,0
SP500,20090528,892.96,909.45,887.60,906.83,0
SP500,20090529,907.02,920.02,903.56,919.14,0
SP500,20090601,923.26,947.77,923.26,942.87,0
SP500,20090602,942.87,949.38,938.46,944.74,0
SP500,20090603,942.51,942.51,923.85,931.76,0
SP500,20090604,932.49,942.47,929.32,942.46,0
SP500,20090605,945.67,951.69,934.13,940.09,0
SP500,20090608,938.12,946.33,926.44,939.14,0
SP500,20090609,940.35,946.92,936.15,942.43,0
SP500,20090610,942.73,949.77,927.97,939.15,0
SP500,20090611,939.04,956.23,939.04,944.89,0
SP500,20090612,943.44,946.30,935.66,946.21,0
SP500,20090615,942.45,942.45,919.65,923.72,0
SP500,20090616,925.60,928.00,911.60,911.97,0
SP500,20090617,911.89,918.44,903.78,910.71,0
SP500,20090618,910.86,921.93,907.94,918.37,0
SP500,20090619,919.96,927.09,915.80,921.23,0
SP500,20090622,918.13,918.13,893.04,893.04,0
SP500,20090623,893.46,898.69,888.86,895.10,0
SP500,20090624,896.31,910.85,896.31,900.94,0
SP500,20090625,899.45,921.42,896.27,920.26,0
SP500,20090626,918.84,922.00,913.03,918.90,0
SP500,20090629,919.86,927.99,916.18,927.23,0
SP500,20090630,927.15,930.01,912.86,919.32,0
SP500,20090701,920.82,931.92,920.82,923.33,0
SP500,20090702,921.24,921.24,896.42,896.42,0
SP500,20090706,894.27,898.72,886.36,898.72,0
SP500,20090707,898.60,898.60,879.93,881.03,0
SP500,20090708,881.90,886.80,869.32,879.56,0
SP500,20090709,881.28,887.86,878.45,882.68,0
SP500,20090710,880.03,883.57,872.81,879.13,0
SP500,20090713,879.57,901.05,875.32,901.05,0
SP500,20090714,900.77,905.84,896.50,905.84,0
SP500,20090715,910.15,933.95,910.15,932.68,0
SP500,20090716,930.17,943.96,927.45,940.74,0
SP500,20090717,940.56,941.89,934.65,940.38,0
SP500,20090720,942.07,951.62,940.99,951.13,0
SP500,20090721,951.97,956.53,943.22,954.58,0
SP500,20090722,953.40,959.83,947.75,954.07,0
SP500,20090723,954.07,979.42,953.27,976.29,0
SP500,20090724,972.16,979.79,965.95,979.26,0
SP500,20090727,978.63,982.49,972.29,982.18,0
SP500,20090728,981.48,982.35,969.35,979.62,0
SP500,20090729,977.66,977.76,968.65,975.15,0
SP500,20090730,976.01,996.68,976.01,986.75,0
SP500,20090731,986.80,993.18,982.85,987.48,0
SP500,20090803,990.22,1003.61,990.22,1002.63,0
SP500,20090804,1001.41,1007.12,996.68,1005.65,0
SP500,20090805,1005.41,1006.64,994.31,1002.72,0
SP500,20090806,1004.06,1008.00,992.49,997.08,0
SP500,20090807,999.83,1018.00,999.83,1010.48,0
SP500,20090810,1008.89,1010.12,1000.99,1007.10,0
SP500,20090811,1005.77,1005.77,992.40,994.35,0
SP500,20090812,994.00,1012.78,993.36,1005.81,0
SP500,20090813,1005.86,1013.14,1000.82,1012.73,0
SP500,20090814,1012.23,1012.60,994.60,1004.09,0
SP500,20090817,998.18,998.18,978.51,979.73,0
SP500,20090818,980.62,991.20,980.62,989.67,0
SP500,20090819,986.88,999.61,980.62,996.46,0
SP500,20090820,996.41,1008.92,996.39,1007.37,0
SP500,20090821,1009.06,1027.59,1009.06,1026.13,0
SP500,20090824,1026.59,1035.82,1022.48,1025.57,0
SP500,20090825,1026.63,1037.75,1026.21,1028.00,0
SP500,20090826,1027.35,1032.47,1021.57,1028.12,0
SP500,20090827,1027.81,1033.33,1016.20,1030.98,0
SP500,20090828,1031.62,1039.47,1023.13,1028.93,0
SP500,20090831,1025.21,1025.21,1014.62,1020.62,0
SP500,20090901,1019.52,1028.45,996.28,998.04,0
SP500,20090902,996.07,1000.34,991.97,994.75,0
SP500,20090903,996.12,1003.43,992.25,1003.24,0
SP500,20090904,1003.84,1016.48,1001.65,1016.40,0
SP500,20090908,1018.67,1026.07,1018.67,1025.39,0
SP500,20090909,1025.36,1036.34,1023.97,1033.37,0
SP500,20090910,1032.99,1044.14,1028.04,1044.14,0
SP500,20090911,1043.92,1048.18,1038.40,1042.73,0
SP500,20090914,1040.15,1049.74,1035.00,1049.34,0
SP500,20090915,1049.03,1056.04,1043.42,1052.63,0
SP500,20090916,1053.99,1068.76,1052.87,1068.76,0
SP500,20090917,1067.87,1074.77,1061.20,1065.49,0
SP500,20090918,1066.60,1071.52,1064.27,1068.30,0
SP500,20090921,1067.14,1067.28,1057.46,1064.66,0
SP500,20090922,1066.35,1073.81,1066.35,1071.66,0
SP500,20090923,1072.69,1080.15,1060.39,1060.87,0
SP500,20090924,1062.56,1066.29,1045.85,1050.78,0
SP500,20090925,1049.48,1053.47,1041.17,1044.38,0
SP500,20090928,1045.38,1065.13,1045.38,1062.98,0
SP500,20090929,1063.69,1069.62,1057.83,1060.61,0
SP500,20090930,1061.02,1063.40,1046.47,1057.08,0
SP500,20091001,1054.91,1054.91,1029.45,1029.85,0
SP500,20091002,1029.71,1030.60,1019.95,1025.21,0
SP500,20091005,1026.87,1042.58,1025.92,1040.46,0
SP500,20091006,1042.02,1060.55,1042.02,1054.72,0
SP500,20091007,1053.65,1058.02,1050.10,1057.58,0
SP500,20091008,1060.03,1070.67,1060.03,1065.48,0
SP500,20091009,1065.28,1071.51,1063.00,1071.49,0
SP500,20091012,1071.63,1079.46,1071.63,1076.19,0
SP500,20091013,1074.96,1075.30,1066.71,1073.19,0
SP500,20091014,1078.68,1093.17,1078.68,1092.02,0
SP500,20091015,1090.36,1096.56,1086.41,1096.56,0
SP500,20091016,1094.67,1094.67,1081.53,1087.68,0
SP500,20091019,1088.22,1100.17,1086.48,1097.91,0
SP500,20091020,1098.64,1098.64,1086.16,1091.06,0
SP500,20091021,1090.36,1101.36,1080.77,1081.40,0
SP500,20091022,1080.96,1095.21,1074.31,1092.91,0
SP500,20091023,1095.62,1095.83,1075.49,1079.60,0
SP500,20091026,1080.36,1091.75,1065.23,1066.95,0
SP500,20091027,1067.54,1072.48,1060.62,1063.41,0
SP500,20091028,1061.51,1063.26,1042.19,1042.63,0
SP500,20091029,1043.69,1066.83,1043.69,1066.11,0
SP500,20091030,1065.41,1065.41,1033.38,1036.19,0
SP500,20091102,1036.18,1052.18,1029.38,1042.88,0
SP500,20091103,1040.92,1046.36,1033.94,1045.41,0
SP500,20091104,1047.14,1061.00,1045.15,1046.50,0
SP500,20091105,1047.30,1066.65,1047.30,1066.63,0
SP500,20091106,1064.95,1071.48,1059.32,1069.30,0
SP500,20091109,1072.31,1093.19,1072.31,1093.08,0
SP500,20091110,1091.86,1096.42,1087.40,1093.01,0
SP500,20091111,1096.04,1105.37,1093.81,1098.51,0
SP500,20091112,1098.31,1101.97,1084.90,1087.24,0
SP500,20091113,1087.59,1097.79,1085.33,1093.48,0
SP500,20091116,1094.13,1113.69,1094.13,1109.30,0
SP500,20091117,1109.22,1110.52,1102.19,1110.32,0
SP500,20091118,1109.44,1111.10,1102.70,1109.80,0
SP500,20091119,1106.44,1106.44,1088.40,1094.90,0
SP500,20091120,1094.66,1094.66,1086.81,1091.38,0
SP500,20091123,1094.86,1112.38,1094.86,1106.24,0
SP500,20091124,1105.83,1107.56,1097.63,1105.65,0
SP500,20091125,1106.49,1111.18,1104.75,1110.63,0
SP500,20091127,1105.47,1105.47,1083.74,1091.49,0
SP500,20091130,1091.07,1097.24,1086.25,1095.63,0
SP500,20091201,1098.89,1112.28,1098.89,1108.86,0
SP500,20091202,1109.03,1115.58,1105.29,1109.24,0
SP500,20091203,1110.59,1117.28,1098.74,1099.92,0
SP500,20091204,1100.43,1119.13,1096.52,1105.98,0
SP500,20091207,1105.52,1110.72,1100.83,1103.25,0
SP500,20091208,1103.04,1103.04,1088.61,1091.94,0
SP500,20091209,1091.07,1097.04,1085.89,1095.95,0
SP500,20091210,1098.69,1106.25,1098.69,1102.35,0
SP500,20091211,1103.96,1108.50,1101.34,1106.41,0
SP500,20091214,1107.84,1114.76,1107.84,1114.11,0
SP500,20091215,1114.11,1114.11,1105.35,1107.93,0
SP500,20091216,1108.61,1116.21,1107.96,1109.18,0
SP500,20091217,1106.36,1106.36,1095.88,1096.08,0
SP500,20091218,1097.86,1103.74,1093.88,1102.47,0
SP500,20091221,1105.31,1117.68,1105.31,1114.05,0
SP500,20091222,1114.51,1120.27,1114.51,1118.02,0
SP500,20091223,1118.84,1121.58,1116.00,1120.59,0
SP500,20091224,1121.08,1126.48,1121.08,1126.48,0
SP500,20091228,1127.53,1130.38,1123.51,1127.78,0
SP500,20091229,1128.55,1130.38,1126.08,1126.20,0
SP500,20091230,1125.53,1126.42,1121.94,1126.42,0
SP500,20091231,1126.60,1127.64,1114.81,1115.10,0
SP500,20100104,1116.56,1133.87,1116.56,1132.99,0
SP500,20100105,1132.66,1136.63,1129.66,1136.52,0
SP500,20100106,1135.71,1139.19,1133.95,1137.14,0
SP500,20100107,1136.27,1142.46,1131.32,1141.69,0
SP500,20100108,1140.52,1145.39,1136.22,1144.98,0
SP500,20100111,1145.96,1149.74,1142.02,1146.98,0
SP500,20100112,1143.81,1143.81,1131.77,1136.22,0
SP500,20100113,1137.31,1148.40,1133.18,1145.68,0
SP500,20100114,1145.68,1150.41,1143.80,1148.46,0
SP500,20100115,1147.72,1147.77,1131.39,1136.03,0
SP500,20100119,1136.03,1150.45,1135.77,1150.23,0
SP500,20100120,1147.95,1147.95,1129.25,1138.04,0
SP500,20100121,1138.68,1141.58,1114.84,1116.48,0
SP500,20100122,1115.49,1115.49,1090.18,1091.76,0
SP500,20100125,1092.40,1102.97,1092.40,1096.78,0
SP500,20100126,1095.80,1103.69,1089.86,1092.17,0
SP500,20100127,1091.94,1099.51,1083.11,1097.50,0
SP500,20100128,1096.93,1100.22,1078.46,1084.53,0
SP500,20100129,1087.61,1096.45,1071.59,1073.87,0
SP500,20100201,1073.89,1089.38,1073.89,1089.19,0
SP500,20100202,1090.05,1104.73,1087.96,1103.32,0
SP500,20100203,1100.67,1102.72,1093.97,1097.28,0
SP500,20100204,1097.25,1097.25,1062.78,1063.11,0
SP500,20100205,1064.12,1067.13,1044.50,1066.19,0
SP500,20100208,1065.51,1071.20,1056.51,1056.74,0
SP500,20100209,1060.06,1079.28,1060.06,1070.52,0
SP500,20100210,1069.68,1073.67,1059.34,1068.13,0
SP500,20100211,1067.10,1080.04,1060.59,1078.47,0
SP500,20100212,1075.95,1077.81,1062.97,1075.51,0
SP500,20100216,1079.13,1095.67,1079.13,1094.87,0
SP500,20100217,1096.14,1101.03,1094.72,1099.51,0
SP500,20100218,1099.03,1108.24,1097.48,1106.75,0
SP500,20100219,1105.49,1112.42,1100.80,1109.17,0
SP500,20100222,1110.00,1112.29,1105.38,1108.01,0
SP500,20100223,1107.49,1108.58,1092.18,1094.60,0
SP500,20100224,1095.89,1106.42,1095.50,1105.24,0
SP500,20100225,1101.24,1103.50,1086.02,1102.94,0
SP500,20100226,1103.10,1107.24,1097.56,1104.49,0
SP500,20100301,1105.36,1116.11,1105.36,1115.71,0
SP500,20100302,1117.01,1123.46,1116.51,1118.31,0
SP500,20100303,1119.36,1125.64,1116.58,1118.79,0
SP500,20100304,1119.12,1123.73,1116.66,1122.97,0
SP500,20100305,1125.12,1139.38,1125.12,1138.70,0
SP500,20100308,1138.40,1141.05,1136.77,1138.50,0
SP500,20100309,1137.56,1145.37,1134.90,1140.45,0
SP500,20100310,1140.22,1148.26,1140.09,1145.61,0
SP500,20100311,1143.96,1150.24,1138.99,1150.24,0
SP500,20100312,1151.71,1153.41,1146.97,1149.99,0
SP500,20100315,1148.53,1150.98,1141.45,1150.51,0
SP500,20100316,1150.83,1160.28,1150.35,1159.46,0
SP500,20100317,1159.94,1169.84,1159.94,1166.21,0
SP500,20100318,1166.13,1167.77,1161.16,1165.83,0
SP500,20100319,1166.68,1169.20,1155.33,1159.90,0
SP500,20100322,1157.25,1167.82,1152.88,1165.81,0
SP500,20100323,1166.47,1174.72,1163.83,1174.17,0
SP500,20100324,1172.70,1173.04,1166.01,1167.72,0
SP500,20100325,1170.03,1180.69,1165.09,1165.73,0
SP500,20100326,1167.58,1173.93,1161.48,1166.59,0
SP500,20100329,1167.71,1174.85,1167.71,1173.22,0
SP500,20100330,1173.75,1177.83,1168.92,1173.27,0
SP500,20100331,1171.75,1174.56,1165.77,1169.43,0
SP500,20100401,1171.23,1181.43,1170.69,1178.10,0
SP500,20100405,1178.71,1187.73,1178.71,1187.44,0
SP500,20100406,1186.01,1191.80,1182.77,1189.44,0
SP500,20100407,1188.23,1189.60,1177.25,1182.45,0
SP500,20100408,1181.75,1188.55,1175.12,1186.44,0
SP500,20100409,1187.47,1194.66,1187.15,1194.37,0
SP500,20100412,1194.94,1199.20,1194.71,1196.48,0
SP500,20100413,1195.94,1199.04,1188.82,1197.30,0
SP500,20100414,1198.69,1210.65,1198.69,1210.65,0
SP500,20100415,1210.77,1213.92,1208.50,1211.67,0
SP500,20100416,1210.17,1210.17,1186.77,1192.13,0
SP500,20100419,1192.06,1197.87,1183.68,1197.52,0
SP500,20100420,1199.04,1208.58,1199.04,1207.17,0
SP500,20100421,1207.16,1210.99,1198.85,1205.94,0
SP500,20100422,1202.52,1210.27,1190.19,1208.67,0
SP500,20100423,1207.87,1217.28,1205.10,1217.28,0
SP500,20100426,1217.07,1219.80,1211.07,1212.05,0
SP500,20100427,1209.92,1211.38,1181.62,1183.71,0
SP500,20100428,1184.59,1195.05,1181.81,1191.36,0
SP500,20100429,1193.30,1209.36,1193.30,1206.78,0
SP500,20100430,1206.77,1207.99,1186.32,1186.69,0
SP500,20100503,1188.58,1205.13,1188.58,1202.26,0
SP500,20100504,1197.50,1197.50,1168.12,1173.60,0
SP500,20100505,1169.24,1175.95,1158.15,1165.87,0
SP500,20100506,1164.38,1167.58,1065.79,1128.15,0
SP500,20100507,1127.04,1135.13,1094.15,1110.88,0
SP500,20100510,1122.27,1163.85,1122.27,1159.73,0
SP500,20100511,1156.39,1170.48,1147.71,1155.79,0
SP500,20100512,1155.43,1172.87,1155.43,1171.67,0
SP500,20100513,1170.04,1173.57,1156.14,1157.44,0
SP500,20100514,1157.19,1157.19,1126.14,1135.68,0
SP500,20100517,1136.52,1141.88,1114.96,1136.94,0
SP500,20100518,1138.78,1148.66,1117.20,1120.80,0
SP500,20100519,1119.57,1124.27,1100.66,1115.05,0
SP500,20100520,1107.34,1107.34,1071.58,1071.59,0
SP500,20100521,1067.26,1090.16,1055.90,1087.69,0
SP500,20100524,1084.78,1089.95,1072.70,1073.65,0
SP500,20100525,1067.42,1074.75,1040.78,1074.03,0
SP500,20100526,1075.51,1090.75,1065.59,1067.95,0
SP500,20100527,1074.27,1103.52,1074.27,1103.06,0
SP500,20100528,1102.59,1102.59,1084.78,1089.41,0
SP500,20100601,1087.30,1094.77,1069.89,1070.71,0
SP500,20100602,1073.01,1098.56,1072.03,1098.38,0
SP500,20100603,1098.82,1105.67,1091.81,1102.83,0
SP500,20100604,1098.43,1098.43,1060.50,1064.88,0
SP500,20100607,1065.84,1071.36,1049.86,1050.47,0
SP500,20100608,1050.81,1063.15,1042.17,1062.00,0
SP500,20100609,1062.75,1077.74,1052.25,1055.69,0
SP500,20100610,1058.77,1087.85,1058.77,1086.84,0
SP500,20100611,1082.65,1092.25,1077.12,1091.60,0
SP500,20100614,1095.00,1105.91,1089.03,1089.63,0
SP500,20100615,1091.21,1115.59,1091.21,1115.23,0
SP500,20100616,1114.02,1118.74,1107.13,1114.61,0
SP500,20100617,1115.98,1117.72,1105.87,1116.04,0
SP500,20100618,1116.16,1121.01,1113.93,1117.51,0
SP500,20100621,1122.79,1131.23,1108.24,1113.20,0
SP500,20100622,1113.90,1118.50,1094.18,1095.31,0
SP500,20100623,1095.57,1099.64,1085.31,1092.04,0
SP500,20100624,1090.93,1090.93,1071.60,1073.69,0
SP500,20100625,1075.10,1083.56,1067.89,1076.76,0
SP500,20100628,1077.50,1082.60,1071.45,1074.57,0
SP500,20100629,1071.10,1071.10,1035.18,1041.24,0
SP500,20100630,1040.56,1048.08,1028.33,1030.71,0
SP500,20100701,1031.10,1033.58,1010.91,1027.37,0
SP500,20100702,1031.38,1032.95,1015.93,1022.58,0
SP500,20100706,1028.09,1042.50,1018.35,1028.06,0
SP500,20100707,1028.54,1060.89,1028.54,1060.27,0
SP500,20100708,1062.92,1071.25,1058.24,1070.25,0
SP500,20100709,1070.50,1078.16,1068.10,1077.96,0
SP500,20100712,1077.23,1080.78,1070.45,1078.75,0
SP500,20100713,1080.65,1099.46,1080.65,1095.34,0
SP500,20100714,1095.61,1099.08,1087.68,1095.17,0
SP500,20100715,1094.46,1098.66,1080.53,1096.48,0
SP500,20100716,1093.85,1093.85,1063.32,1064.88,0
SP500,20100719,1066.85,1074.70,1061.11,1071.25,0
SP500,20100720,1064.53,1083.94,1056.88,1083.48,0
SP500,20100721,1086.67,1088.96,1065.25,1069.59,0
SP500,20100722,1072.14,1097.50,1072.14,1093.67,0
SP500,20100723,1092.17,1103.73,1087.88,1102.66,0
SP500,20100726,1102.89,1115.01,1101.30,1115.01,0
SP500,20100727,1117.36,1120.95,1109.78,1113.84,0
SP500,20100728,1112.84,1114.66,1103.11,1106.13,0
SP500,20100729,1108.07,1115.90,1092.82,1101.53,0
SP500,20100730,1098.44,1106.44,1088.01,1101.60,0
SP500,20100802,1107.53,1127.30,1107.53,1125.86,0
SP500,20100803,1125.34,1125.44,1116.76,1120.46,0
SP500,20100804,1121.06,1128.75,1119.46,1127.24,0
SP500,20100805,1125.78,1126.56,1118.81,1125.81,0
SP500,20100806,1122.07,1123.06,1107.17,1121.64,0
SP500,20100809,1122.80,1129.24,1120.91,1127.79,0
SP500,20100810,1122.92,1127.16,1111.58,1121.06,0
SP500,20100811,1116.89,1116.89,1088.55,1089.47,0
SP500,20100812,1081.48,1086.72,1076.69,1083.61,0
SP500,20100813,1082.22,1086.25,1079.00,1079.25,0
SP500,20100816,1077.49,1082.62,1069.49,1079.38,0
SP500,20100817,1081.16,1100.14,1081.16,1092.54,0
SP500,20100818,1092.08,1099.77,1085.76,1094.16,0
SP500,20100819,1092.44,1092.44,1070.66,1075.63,0
SP500,20100820,1075.63,1075.63,1063.91,1071.69,0
SP500,20100823,1073.36,1081.58,1067.08,1067.36,0
SP500,20100824,1063.20,1063.20,1046.68,1051.87,0
SP500,20100825,1048.98,1059.38,1039.83,1055.33,0
SP500,20100826,1056.28,1061.45,1045.40,1047.22,0
SP500,20100827,1049.27,1065.21,1039.70,1064.59,0
SP500,20100830,1062.90,1064.40,1048.79,1048.92,0
SP500,20100831,1046.88,1055.14,1040.88,1049.33,0
SP500,20100901,1049.72,1081.30,1049.72,1080.29,0
SP500,20100902,1080.66,1090.10,1080.39,1090.10,0
SP500,20100903,1093.61,1105.10,1093.61,1104.51,0
SP500,20100907,1102.60,1102.60,1091.15,1091.84,0
SP500,20100908,1092.36,1103.26,1092.36,1098.87,0
SP500,20100909,1101.15,1110.27,1101.15,1104.18,0
SP500,20100910,1104.57,1110.88,1103.92,1109.55,0
SP500,20100913,1113.38,1123.87,1113.38,1121.90,0
SP500,20100914,1121.16,1127.36,1115.58,1121.10,0
SP500,20100915,1119.43,1126.46,1114.63,1125.07,0
SP500,20100916,1123.89,1125.44,1118.88,1124.66,0
SP500,20100917,1126.39,1131.47,1122.43,1125.59,0
SP500,20100920,1126.57,1144.86,1126.57,1142.71,0
SP500,20100921,1142.82,1148.59,1136.22,1139.78,0
SP500,20100922,1139.49,1144.38,1131.58,1134.28,0
SP500,20100923,1131.10,1136.77,1122.79,1124.83,0
SP500,20100924,1131.69,1148.90,1131.69,1148.67,0
SP500,20100927,1148.64,1149.92,1142.00,1142.16,0
SP500,20100928,1142.31,1150.00,1132.09,1147.70,0
SP500,20100929,1146.75,1148.63,1140.26,1144.73,0
SP500,20100930,1145.97,1157.16,1136.08,1141.20,0
SP500,20101001,1143.49,1150.30,1139.42,1146.24,0
SP500,20101004,1144.96,1148.16,1131.87,1137.03,0
SP500,20101005,1140.68,1162.76,1140.68,1160.75,0
SP500,20101006,1159.81,1162.33,1154.85,1159.97,0
SP500,20101007,1161.57,1163.87,1151.41,1158.06,0
SP500,20101008,1158.36,1167.73,1155.58,1165.15,0
SP500,20101011,1165.32,1168.68,1162.02,1165.32,0
SP500,20101012,1164.28,1172.58,1155.71,1169.77,0
SP500,20101013,1171.32,1184.38,1171.32,1178.10,0
SP500,20101014,1177.82,1178.89,1166.71,1173.81,0
SP500,20101015,1177.47,1181.20,1167.12,1176.19,0
SP500,20101018,1176.83,1185.53,1174.55,1184.71,0
SP500,20101019,1178.64,1178.64,1159.71,1165.90,0
SP500,20101020,1166.74,1182.94,1166.74,1178.17,0
SP500,20101021,1179.82,1189.43,1171.17,1180.26,0
SP500,20101022,1180.52,1183.93,1178.99,1183.08,0
SP500,20101025,1184.74,1196.14,1184.74,1185.62,0
SP500,20101026,1184.88,1187.11,1177.72,1185.64,0
SP500,20101027,1183.84,1183.84,1171.70,1182.45,0
SP500,20101028,1184.47,1189.53,1177.10,1183.78,0
SP500,20101029,1183.87,1185.46,1179.70,1183.26,0
SP500,20101101,1185.71,1195.81,1177.65,1184.38,0
SP500,20101102,1187.86,1195.88,1187.86,1193.57,0
SP500,20101103,1193.79,1198.30,1183.56,1197.96,0
SP500,20101104,1198.34,1221.25,1198.34,1221.06,0
SP500,20101105,1221.20,1227.08,1220.29,1225.85,0
SP500,20101108,1223.24,1224.57,1217.55,1223.25,0
SP500,20101109,1223.59,1226.84,1208.94,1213.40,0
SP500,20101110,1213.14,1218.75,1204.33,1218.71,0
SP500,20101111,1213.04,1215.45,1204.49,1213.54,0
SP500,20101112,1209.07,1210.50,1194.08,1199.21,0
SP500,20101115,1200.44,1207.43,1197.15,1197.75,0
SP500,20101116,1194.79,1194.79,1173.00,1178.34,0
SP500,20101117,1178.33,1183.56,1175.82,1178.59,0
SP500,20101118,1183.75,1200.29,1183.75,1196.69,0
SP500,20101119,1196.12,1199.97,1189.44,1199.73,0
SP500,20101122,1198.07,1198.94,1184.58,1197.84,0
SP500,20101123,1192.51,1192.51,1176.91,1180.73,0
SP500,20101124,1183.70,1198.62,1183.70,1198.35,0
SP500,20101126,1194.16,1194.16,1186.93,1189.40,0
SP500,20101129,1189.08,1190.34,1173.64,1187.76,0
SP500,20101130,1182.96,1187.40,1174.14,1180.55,0
SP500,20101201,1186.60,1207.61,1186.60,1206.07,0
SP500,20101202,1206.81,1221.89,1206.81,1221.53,0
SP500,20101203,1219.93,1225.57,1216.82,1224.71,0
SP500,20101206,1223.87,1225.80,1220.67,1223.12,0
SP500,20101207,1227.25,1235.05,1223.25,1223.75,0
SP500,20101208,1225.02,1228.93,1219.50,1228.28,0
SP500,20101209,1230.14,1234.71,1226.85,1233.00,0
SP500,20101210,1233.85,1240.40,1232.58,1240.40,0
SP500,20101213,1242.52,1246.73,1240.34,1240.46,0
SP500,20101214,1241.84,1246.59,1238.17,1241.59,0
SP500,20101215,1241.58,1244.25,1234.01,1235.23,0
SP500,20101216,1236.34,1243.75,1232.85,1242.87,0
SP500,20101217,1243.63,1245.81,1239.87,1243.91,0
SP500,20101220,1245.76,1250.20,1241.51,1247.08,0
SP500,20101221,1249.43,1255.82,1249.43,1254.60,0
SP500,20101222,1254.94,1259.39,1254.94,1258.84,0
SP500,20101223,1257.53,1258.59,1254.05,1256.77,0
SP500,20101227,1254.66,1258.43,1251.48,1257.54,0
SP500,20101228,1259.10,1259.90,1256.22,1258.51,0
SP500,20101229,1258.78,1262.60,1258.78,1259.78,0
SP500,20101230,1259.44,1261.09,1256.32,1257.88,0
SP500,20101231,1256.76,1259.34,1254.19,1257.64,0
SP500,20110103,1257.62,1276.17,1257.62,1271.89,0
SP500,20110104,1272.95,1274.12,1262.66,1270.20,0
SP500,20110105,1268.78,1277.63,1265.36,1276.56,0
SP500,20110106,1276.29,1278.17,1270.43,1273.85,0
SP500,20110107,1274.41,1276.83,1261.70,1271.50,0
SP500,20110110,1270.84,1271.52,1262.18,1269.75,0
SP500,20110111,1272.58,1277.25,1269.62,1274.48,0
SP500,20110112,1275.65,1286.87,1275.65,1285.96,0
SP500,20110113,1285.78,1286.70,1280.47,1283.76,0
SP500,20110114,1282.90,1293.24,1281.24,1293.24,0
SP500,20110118,1293.22,1296.06,1290.16,1295.02,0
SP500,20110119,1294.52,1294.60,1278.92,1281.92,0
SP500,20110120,1280.85,1283.35,1271.26,1280.26,0
SP500,20110121,1283.63,1291.21,1282.07,1283.35,0
SP500,20110124,1283.29,1291.93,1282.47,1290.84,0
SP500,20110125,1288.17,1291.26,1281.07,1291.18,0
SP500,20110126,1291.97,1299.74,1291.97,1296.63,0
SP500,20110127,1297.51,1301.29,1294.41,1299.54,0
SP500,20110128,1299.63,1302.67,1275.10,1276.34,0
SP500,20110131,1276.34,1287.17,1276.34,1286.12,0
SP500,20110201,1289.14,1308.86,1289.14,1307.59,0
SP500,20110202,1305.91,1307.61,1302.62,1304.03,0
SP500,20110203,1302.77,1308.60,1294.83,1307.10,0
SP500,20110204,1307.01,1311.00,1301.67,1310.87,0
SP500,20110207,1311.85,1322.85,1311.85,1319.05,0
SP500,20110208,1318.76,1324.87,1316.03,1324.57,0
SP500,20110209,1322.48,1324.54,1314.89,1320.88,0
SP500,20110210,1318.13,1322.78,1311.74,1321.87,0
SP500,20110211,1318.66,1330.79,1316.08,1329.15,0
SP500,20110214,1328.73,1332.96,1326.90,1332.32,0
SP500,20110215,1330.43,1330.43,1324.61,1328.01,0
SP500,20110216,1329.51,1337.61,1329.51,1336.32,0
SP500,20110217,1334.37,1341.50,1331.00,1340.43,0
SP500,20110218,1340.38,1344.07,1338.12,1343.01,0
SP500,20110222,1338.91,1338.91,1312.33,1315.44,0
SP500,20110223,1315.44,1317.91,1299.55,1307.40,0
SP500,20110224,1307.09,1310.91,1294.26,1306.10,0
SP500,20110225,1307.34,1320.61,1307.34,1319.88,0
SP500,20110228,1321.61,1329.38,1320.55,1327.22,0
SP500,20110301,1328.64,1332.09,1306.14,1306.33,0
SP500,20110302,1305.47,1314.19,1302.58,1308.44,0
SP500,20110303,1312.37,1332.28,1312.37,1330.97,0
SP500,20110304,1330.73,1331.08,1312.59,1321.15,0
SP500,20110307,1322.72,1327.68,1303.99,1310.13,0
SP500,20110308,1311.05,1325.74,1306.86,1321.82,0
SP500,20110309,1319.92,1323.21,1312.27,1320.02,0
SP500,20110310,1315.72,1315.72,1294.21,1295.11,0
SP500,20110311,1293.43,1308.35,1291.99,1304.28,0
SP500,20110314,1301.19,1301.19,1286.37,1296.39,0
SP500,20110315,1288.46,1288.46,1261.12,1281.87,0
SP500,20110316,1279.46,1280.91,1249.05,1256.88,0
SP500,20110317,1261.61,1278.88,1261.61,1273.72,0
SP500,20110318,1276.71,1288.88,1276.18,1279.20,0
SP500,20110321,1281.65,1300.58,1281.65,1298.38,0
SP500,20110322,1298.29,1299.35,1292.70,1293.77,0
SP500,20110323,1292.19,1300.51,1284.05,1297.54,0
SP500,20110324,1300.61,1311.34,1297.74,1309.66,0
SP500,20110325,1311.80,1319.18,1310.15,1313.80,0
SP500,20110328,1315.45,1319.74,1310.19,1310.19,0
SP500,20110329,1309.37,1319.45,1305.26,1319.44,0
SP500,20110330,1321.89,1331.74,1321.89,1328.26,0
SP500,20110331,1327.44,1329.77,1325.03,1325.83,0
SP500,20110401,1329.48,1337.85,1328.89,1332.41,0
SP500,20110404,1333.56,1336.74,1329.10,1332.87,0
SP500,20110405,1332.03,1338.21,1330.03,1332.63,0
SP500,20110406,1335.94,1339.38,1331.09,1335.54,0
SP500,20110407,1334.82,1338.80,1326.56,1333.51,0
SP500,20110408,1336.16,1339.46,1322.94,1328.17,0
SP500,20110411,1329.01,1333.77,1321.06,1324.46,0
SP500,20110412,1321.96,1321.96,1309.51,1314.16,0
SP500,20110413,1314.03,1321.35,1309.19,1314.41,0
SP500,20110414,1311.13,1316.79,1302.42,1314.52,0
SP500,20110415,1314.54,1322.88,1313.68,1319.68,0
SP500,20110418,1313.35,1313.35,1294.70,1305.14,0
SP500,20110419,1305.99,1312.70,1303.97,1312.62,0
SP500,20110420,1319.12,1332.66,1319.12,1330.36,0
SP500,20110421,1333.23,1337.49,1332.83,1337.38,0
SP500,20110425,1337.14,1337.55,1331.47,1335.25,0
SP500,20110426,1336.75,1349.55,1336.75,1347.24,0
SP500,20110427,1348.43,1357.49,1344.25,1355.66,0
SP500,20110428,1353.86,1361.71,1353.60,1360.48,0
SP500,20110429,1360.14,1364.56,1358.69,1363.61,0
SP500,20110502,1365.21,1370.58,1358.59,1361.22,0
SP500,20110503,1359.76,1360.84,1349.52,1356.62,0
SP500,20110504,1355.90,1355.90,1341.50,1347.32,0
SP500,20110505,1344.16,1348.00,1329.17,1335.10,0
SP500,20110506,1340.24,1354.36,1335.58,1340.20,0
SP500,20110509,1340.20,1349.44,1338.64,1346.29,0
SP500,20110510,1348.34,1359.44,1348.34,1357.16,0
SP500,20110511,1354.51,1354.51,1336.36,1342.08,0
SP500,20110512,1339.39,1351.05,1332.03,1348.65,0
SP500,20110513,1348.69,1350.47,1333.36,1337.77,0
SP500,20110516,1334.77,1343.33,1327.32,1329.47,0
SP500,20110517,1326.10,1330.42,1318.51,1328.98,0
SP500,20110518,1328.54,1341.82,1326.59,1340.68,0
SP500,20110519,1342.40,1346.82,1336.36,1343.60,0
SP500,20110520,1342.00,1342.00,1330.67,1333.27,0
SP500,20110523,1333.07,1333.07,1312.88,1317.37,0
SP500,20110524,1317.70,1323.72,1313.87,1316.28,0
SP500,20110525,1316.36,1325.86,1311.80,1320.47,0
SP500,20110526,1320.64,1328.51,1314.41,1325.69,0
SP500,20110527,1325.69,1334.62,1325.69,1331.10,0
SP500,20110531,1331.10,1345.20,1331.10,1345.20,0
SP500,20110601,1345.20,1345.20,1313.71,1314.55,0
SP500,20110602,1314.55,1318.03,1305.61,1312.94,0
SP500,20110603,1312.94,1312.94,1297.90,1300.16,0
SP500,20110606,1300.26,1300.26,1284.72,1286.17,0
SP500,20110607,1286.31,1296.22,1284.74,1284.94,0
SP500,20110608,1284.63,1287.04,1277.42,1279.56,0
SP500,20110609,1279.63,1294.54,1279.63,1289.00,0
SP500,20110610,1288.60,1288.60,1268.28,1270.98,0
SP500,20110613,1271.31,1277.04,1265.64,1271.83,0
SP500,20110614,1272.22,1292.50,1272.22,1287.87,0
SP500,20110615,1287.87,1287.87,1261.90,1265.42,0
SP500,20110616,1265.53,1274.11,1258.07,1267.64,0
SP500,20110617,1268.58,1279.82,1267.40,1271.50,0
SP500,20110620,1271.50,1280.42,1267.56,1278.36,0
SP500,20110621,1278.40,1297.62,1278.40,1295.52,0
SP500,20110622,1295.48,1298.61,1286.14,1287.14,0
SP500,20110623,1286.60,1286.60,1262.87,1283.50,0
SP500,20110624,1283.04,1283.93,1267.24,1268.45,0
SP500,20110627,1268.44,1284.91,1267.53,1280.10,0
SP500,20110628,1280.21,1296.80,1280.21,1296.67,0
SP500,20110629,1296.85,1317.41,1296.85,1307.41,0
SP500,20110630,1307.64,1321.97,1307.64,1320.64,0
SP500,20110701,1320.64,1341.01,1318.18,1339.67,0
SP500,20110705,1339.59,1340.89,1334.30,1337.88,0
SP500,20110706,1337.56,1340.94,1330.92,1339.22,0
SP500,20110707,1339.62,1356.48,1339.62,1353.22,0
SP500,20110708,1352.39,1352.39,1333.71,1343.80,0
SP500,20110711,1343.31,1343.31,1316.42,1319.49,0
SP500,20110712,1319.61,1327.17,1313.33,1313.64,0
SP500,20110713,1314.45,1331.48,1314.45,1317.72,0
SP500,20110714,1317.74,1326.88,1306.51,1308.87,0
SP500,20110715,1308.87,1317.70,1307.52,1316.14,0
SP500,20110718,1315.94,1315.94,1295.92,1305.44,0
SP500,20110719,1307.07,1328.14,1307.07,1326.73,0
SP500,20110720,1328.66,1330.43,1323.65,1325.84,0
SP500,20110721,1325.65,1347.00,1325.65,1343.80,0
SP500,20110722,1343.80,1346.10,1336.95,1345.02,0
SP500,20110725,1344.32,1344.32,1331.09,1337.43,0
SP500,20110726,1337.39,1338.51,1329.59,1331.94,0
SP500,20110727,1331.91,1331.91,1303.49,1304.89,0
SP500,20110728,1304.84,1316.32,1299.16,1300.67,0
SP500,20110729,1300.12,1304.16,1282.86,1292.28,0
SP500,20110801,1292.59,1307.38,1274.73,1286.94,0
SP500,20110802,1286.56,1286.56,1254.03,1254.05,0
SP500,20110803,1254.25,1261.20,1234.56,1260.34,0
SP500,20110804,1260.23,1260.23,1199.54,1200.07,0
SP500,20110805,1200.28,1218.11,1168.09,1199.38,0
SP500,20110808,1198.48,1198.48,1119.28,1119.46,0
SP500,20110809,1120.23,1172.88,1101.54,1172.53,0
SP500,20110810,1171.77,1171.77,1118.01,1120.76,0
SP500,20110811,1121.30,1186.29,1121.30,1172.64,0
SP500,20110812,1172.87,1189.04,1170.74,1178.81,0
SP500,20110815,1178.86,1204.49,1178.86,1204.49,0
SP500,20110816,1204.22,1204.22,1180.53,1192.76,0
SP500,20110817,1192.89,1208.47,1184.36,1193.89,0
SP500,20110818,1189.62,1189.62,1131.03,1140.65,0
SP500,20110819,1140.47,1154.54,1122.05,1123.53,0
SP500,20110822,1123.55,1145.49,1121.09,1123.82,0
SP500,20110823,1124.36,1162.35,1122.91,1162.35,0
SP500,20110824,1162.16,1178.56,1156.30,1177.60,0
SP500,20110825,1176.69,1190.68,1155.47,1159.27,0
SP500,20110826,1158.85,1181.23,1135.91,1176.80,0
SP500,20110829,1177.91,1210.28,1177.91,1210.08,0
SP500,20110830,1209.76,1220.10,1195.77,1212.92,0
SP500,20110831,1213.00,1230.71,1209.35,1218.89,0
SP500,20110901,1219.12,1229.29,1203.85,1204.42,0
SP500,20110902,1203.90,1203.90,1170.56,1173.97,0
SP500,20110906,1173.97,1173.97,1140.13,1165.24,0
SP500,20110907,1165.85,1198.62,1165.85,1198.62,0
SP500,20110908,1197.98,1204.40,1183.34,1185.90,0
SP500,20110909,1185.37,1185.37,1148.37,1154.23,0
SP500,20110912,1153.50,1162.52,1136.07,1162.27,0
SP500,20110913,1162.59,1176.41,1157.44,1172.87,0
SP500,20110914,1173.32,1202.38,1162.73,1188.68,0
SP500,20110915,1189.44,1209.11,1189.44,1209.11,0
SP500,20110916,1209.21,1220.06,1204.46,1216.01,0
SP500,20110919,1214.99,1214.99,1188.36,1204.09,0
SP500,20110920,1204.50,1220.39,1201.29,1202.09,0
SP500,20110921,1203.63,1206.30,1166.21,1166.76,0
SP500,20110922,1164.55,1164.55,1114.22,1129.56,0
SP500,20110923,1128.82,1141.72,1121.36,1136.43,0
SP500,20110926,1136.91,1164.19,1131.07,1162.95,0
SP500,20110927,1163.32,1195.86,1163.32,1175.38,0
SP500,20110928,1175.39,1184.71,1150.40,1151.06,0
SP500,20110929,1151.74,1175.87,1139.93,1160.40,0
SP500,20110930,1159.93,1159.93,1131.34,1131.42,0
SP500,20111003,1131.21,1138.99,1098.92,1099.23,0
SP500,20111004,1097.42,1125.12,1074.77,1123.95,0
SP500,20111005,1124.03,1146.07,1115.68,1144.03,0
SP500,20111006,1144.11,1165.55,1134.95,1164.97,0
SP500,20111007,1165.03,1171.40,1150.26,1155.46,0
SP500,20111010,1158.15,1194.91,1158.15,1194.89,0
SP500,20111011,1194.60,1199.24,1187.30,1195.54,0
SP500,20111012,1196.19,1220.25,1196.19,1207.25,0
SP500,20111013,1206.96,1207.46,1190.58,1203.66,0
SP500,20111014,1205.65,1224.61,1205.65,1224.58,0
SP500,20111017,1224.47,1224.47,1198.55,1200.86,0
SP500,20111018,1200.75,1233.10,1191.48,1225.38,0
SP500,20111019,1223.46,1229.64,1206.31,1209.88,0
SP500,20111020,1209.92,1219.53,1197.34,1215.39,0
SP500,20111021,1215.39,1239.03,1215.39,1238.25,0
SP500,20111024,1238.72,1256.55,1238.72,1254.19,0
SP500,20111025,1254.19,1254.19,1226.79,1229.05,0
SP500,20111026,1229.17,1246.28,1221.06,1242.00,0
SP500,20111027,1243.97,1292.66,1243.97,1284.59,0
SP500,20111028,1284.39,1287.08,1277.01,1285.09,0
SP500,20111031,1284.96,1284.96,1253.16,1253.30,0
SP500,20111101,1251.00,1251.00,1215.42,1218.28,0
SP500,20111102,1219.62,1242.48,1219.62,1237.90,0
SP500,20111103,1238.25,1263.21,1234.81,1261.15,0
SP500,20111104,1260.82,1260.82,1238.92,1253.23,0
SP500,20111107,1253.21,1261.70,1240.75,1261.12,0
SP500,20111108,1261.12,1277.55,1254.99,1275.92,0
SP500,20111109,1275.18,1275.18,1226.64,1229.10,0
SP500,20111110,1229.59,1246.22,1227.70,1239.70,0
SP500,20111111,1240.12,1266.98,1240.12,1263.85,0
SP500,20111114,1263.85,1263.85,1246.68,1251.78,0
SP500,20111115,1251.70,1264.25,1244.34,1257.81,0
SP500,20111116,1257.81,1259.61,1235.67,1236.91,0
SP500,20111117,1236.56,1237.73,1209.43,1216.13,0
SP500,20111118,1216.19,1223.51,1211.36,1215.65,0
SP500,20111121,1215.62,1215.62,1183.16,1192.98,0
SP500,20111122,1192.98,1196.81,1181.65,1188.04,0
SP500,20111123,1187.48,1187.48,1161.79,1161.79,0
SP500,20111125,1161.41,1172.66,1158.66,1158.67,0
SP500,20111128,1158.67,1197.35,1158.67,1192.55,0
SP500,20111129,1192.56,1203.67,1191.80,1195.19,0
SP500,20111130,1196.72,1247.11,1196.72,1246.96,0
SP500,20111201,1246.91,1251.09,1239.73,1244.58,0
SP500,20111202,1246.03,1260.08,1243.35,1244.28,0
SP500,20111205,1244.33,1266.73,1244.33,1257.08,0
SP500,20111206,1257.19,1266.03,1253.03,1258.47,0
SP500,20111207,1258.14,1267.06,1244.80,1261.01,0
SP500,20111208,1260.87,1260.87,1231.47,1234.35,0
SP500,20111209,1234.48,1258.25,1234.48,1255.19,0
SP500,20111212,1255.05,1255.05,1227.25,1236.47,0
SP500,20111213,1236.83,1249.86,1219.43,1225.73,0
SP500,20111214,1225.73,1225.73,1209.47,1211.82,0
SP500,20111215,1212.12,1225.60,1212.12,1215.75,0
SP500,20111216,1216.09,1231.04,1215.20,1219.66,0
SP500,20111219,1219.74,1224.57,1202.37,1205.35,0
SP500,20111220,1205.72,1242.82,1205.72,1241.30,0
SP500,20111221,1241.25,1245.09,1229.51,1243.72,0
SP500,20111222,1243.72,1255.22,1243.72,1254.00,0
SP500,20111223,1254.00,1265.42,1254.00,1265.33,0
SP500,20111227,1265.02,1269.37,1262.30,1265.43,0
SP500,20111228,1265.38,1265.85,1248.64,1249.64,0
SP500,20111229,1249.75,1263.54,1249.75,1263.02,0
SP500,20111230,1262.82,1264.12,1257.46,1257.60,0
SP500,20120103,1258.86,1284.62,1258.86,1277.06,0
SP500,20120104,1277.03,1278.73,1268.10,1277.30,0
SP500,20120105,1277.30,1283.05,1265.26,1281.06,0
SP500,20120106,1280.93,1281.84,1273.34,1277.81,0
SP500,20120109,1277.83,1281.99,1274.55,1280.70,0
SP500,20120110,1280.77,1296.46,1280.77,1292.08,0
SP500,20120111,1292.02,1293.80,1285.41,1292.48,0
SP500,20120112,1292.48,1296.82,1285.77,1295.50,0
SP500,20120113,1294.82,1294.82,1277.58,1289.09,0
SP500,20120117,1290.22,1303.00,1290.22,1293.67,0
SP500,20120118,1293.65,1308.11,1290.99,1308.04,0
SP500,20120119,1308.07,1315.49,1308.07,1314.50,0
SP500,20120120,1314.49,1315.38,1309.17,1315.38,0
SP500,20120123,1315.29,1322.28,1309.89,1316.00,0
SP500,20120124,1315.96,1315.96,1306.06,1314.65,0
SP500,20120125,1314.40,1328.30,1307.65,1326.06,0
SP500,20120126,1326.28,1333.47,1313.60,1318.45,0
SP500,20120127,1318.25,1320.06,1311.72,1316.33,0
SP500,20120130,1316.16,1316.16,1300.49,1313.01,0
SP500,20120131,1313.53,1321.41,1306.69,1312.41,0
SP500,20120201,1312.45,1330.52,1312.45,1324.08,0
SP500,20120202,1324.24,1329.19,1321.57,1325.54,0
SP500,20120203,1326.21,1345.34,1326.21,1344.90,0
SP500,20120206,1344.32,1344.36,1337.52,1344.33,0
SP500,20120207,1344.33,1349.24,1335.92,1347.05,0
SP500,20120208,1347.04,1351.00,1341.95,1349.96,0
SP500,20120209,1349.97,1354.32,1344.63,1351.95,0
SP500,20120210,1351.21,1351.21,1337.35,1342.64,0
SP500,20120213,1343.06,1353.35,1343.06,1351.77,0
SP500,20120214,1351.30,1351.30,1340.83,1350.50,0
SP500,20120215,1350.52,1355.87,1340.80,1343.23,0
SP500,20120216,1342.61,1359.02,1341.22,1358.04,0
SP500,20120217,1358.06,1363.40,1357.24,1361.23,0
SP500,20120221,1361.22,1367.76,1358.11,1362.21,0
SP500,20120222,1362.11,1362.70,1355.53,1357.66,0
SP500,20120223,1357.53,1364.24,1352.28,1363.46,0
SP500,20120224,1363.46,1368.92,1363.46,1365.74,0
SP500,20120227,1365.20,1371.94,1354.92,1367.59,0
SP500,20120228,1367.56,1373.09,1365.97,1372.18,0
SP500,20120229,1372.20,1378.04,1363.81,1365.68,0
SP500,20120301,1365.90,1376.17,1365.90,1374.09,0
SP500,20120302,1374.09,1374.53,1366.42,1369.63,0
SP500,20120305,1369.59,1369.59,1359.13,1364.33,0
SP500,20120306,1363.63,1363.63,1340.03,1343.36,0
SP500,20120307,1343.39,1354.85,1343.39,1352.63,0
SP500,20120308,1352.65,1368.72,1352.65,1365.91,0
SP500,20120309,1365.97,1374.76,1365.97,1370.87,0
SP500,20120312,1370.78,1373.04,1366.69,1371.09,0
SP500,20120313,1371.92,1396.13,1371.92,1395.95,0
SP500,20120314,1395.95,1399.42,1389.97,1394.28,0
SP500,20120315,1394.17,1402.63,1392.78,1402.60,0
SP500,20120316,1402.55,1405.88,1401.47,1404.17,0
SP500,20120319,1404.17,1414.00,1402.43,1409.75,0
SP500,20120320,1409.59,1409.59,1397.68,1405.52,0
SP500,20120321,1405.52,1407.75,1400.64,1402.89,0
SP500,20120322,1402.89,1402.89,1388.73,1392.78,0
SP500,20120323,1392.78,1399.18,1386.87,1397.11,0
SP500,20120326,1397.11,1416.58,1397.11,1416.51,0
SP500,20120327,1416.55,1419.15,1411.95,1412.52,0
SP500,20120328,1412.52,1413.65,1397.20,1405.54,0
SP500,20120329,1405.39,1405.39,1391.56,1403.28,0
SP500,20120330,1403.31,1410.89,1401.42,1408.47,0
SP500,20120402,1408.47,1422.38,1404.46,1419.04,0
SP500,20120403,1418.98,1419.00,1404.62,1413.38,0
SP500,20120404,1413.09,1413.09,1394.09,1398.96,0
SP500,20120405,1398.79,1401.60,1392.92,1398.08,0
SP500,20120409,1397.45,1397.45,1378.24,1382.20,0
SP500,20120410,1382.18,1383.01,1357.38,1358.59,0
SP500,20120411,1358.98,1374.71,1358.98,1368.71,0
SP500,20120412,1368.77,1388.13,1368.77,1387.57,0
SP500,20120413,1387.61,1387.61,1369.85,1370.26,0
SP500,20120416,1370.27,1379.66,1365.38,1369.57,0
SP500,20120417,1369.57,1392.76,1369.57,1390.78,0
SP500,20120418,1390.78,1390.78,1383.29,1385.14,0
SP500,20120419,1385.08,1390.46,1370.30,1376.92,0
SP500,20120420,1376.96,1387.40,1376.96,1378.53,0
SP500,20120423,1378.53,1378.53,1358.79,1366.94,0
SP500,20120424,1366.97,1375.57,1366.82,1371.97,0
SP500,20120425,1372.11,1391.37,1372.11,1390.69,0
SP500,20120426,1390.64,1402.09,1387.28,1399.98,0
SP500,20120427,1400.19,1406.64,1397.31,1403.36,0
SP500,20120430,1403.26,1403.26,1394.00,1397.91,0
SP500,20120501,1397.86,1415.32,1395.73,1405.82,0
SP500,20120502,1405.50,1405.50,1393.92,1402.31,0
SP500,20120503,1402.32,1403.07,1388.71,1391.57,0
SP500,20120504,1391.51,1391.51,1367.96,1369.10,0
SP500,20120507,1368.79,1373.91,1363.94,1369.58,0
SP500,20120508,1369.16,1369.16,1347.75,1363.72,0
SP500,20120509,1363.20,1363.73,1343.13,1354.58,0
SP500,20120510,1354.58,1365.88,1354.58,1357.99,0
SP500,20120511,1358.11,1365.66,1348.89,1353.39,0
SP500,20120514,1351.93,1351.93,1336.61,1338.35,0
SP500,20120515,1338.36,1344.94,1328.41,1330.66,0
SP500,20120516,1330.78,1341.78,1324.79,1324.80,0
SP500,20120517,1324.82,1326.36,1304.86,1304.86,0
SP500,20120518,1305.05,1312.24,1291.98,1295.22,0
SP500,20120521,1295.73,1316.39,1295.73,1315.99,0
SP500,20120522,1316.09,1328.49,1310.04,1316.63,0
SP500,20120523,1316.02,1320.71,1296.53,1318.86,0
SP500,20120524,1318.72,1324.14,1310.50,1320.68,0
SP500,20120525,1320.81,1324.20,1314.23,1317.82,0
SP500,20120529,1318.90,1334.93,1318.90,1332.42,0
SP500,20120530,1331.25,1331.25,1310.76,1313.32,0
SP500,20120531,1313.09,1319.74,1298.90,1310.33,0
SP500,20120601,1309.87,1309.87,1277.25,1278.04,0
SP500,20120604,1278.29,1282.55,1266.74,1278.18,0
SP500,20120605,1277.82,1287.62,1274.16,1285.50,0
SP500,20120606,1285.61,1315.13,1285.61,1315.13,0
SP500,20120607,1316.15,1329.05,1312.68,1314.99,0
SP500,20120608,1314.99,1325.81,1307.77,1325.66,0
SP500,20120611,1325.72,1335.52,1307.73,1308.93,0
SP500,20120612,1309.40,1324.31,1306.62,1324.18,0
SP500,20120613,1324.02,1327.28,1310.51,1314.88,0
SP500,20120614,1314.88,1333.68,1314.14,1329.10,0
SP500,20120615,1329.19,1343.32,1329.19,1342.84,0
SP500,20120618,1342.42,1348.22,1334.46,1344.78,0
SP500,20120619,1344.83,1363.46,1344.83,1357.98,0
SP500,20120620,1358.04,1361.57,1346.45,1355.69,0
SP500,20120621,1355.43,1358.27,1324.41,1325.51,0
SP500,20120622,1325.92,1337.82,1325.92,1335.02,0
SP500,20120625,1334.90,1334.90,1309.27,1313.72,0
SP500,20120626,1314.09,1324.24,1310.30,1319.99,0
SP500,20120627,1320.71,1334.40,1320.71,1331.85,0
SP500,20120628,1331.52,1331.52,1313.29,1329.04,0
SP500,20120629,1330.12,1362.17,1330.12,1362.16,0
SP500,20120702,1362.33,1366.35,1355.70,1365.51,0
SP500,20120703,1365.75,1374.81,1363.53,1374.02,0
SP500,20120705,1373.72,1373.85,1363.02,1367.58,0
SP500,20120706,1367.09,1367.09,1348.03,1354.68,0
SP500,20120709,1354.66,1354.87,1346.65,1352.46,0
SP500,20120710,1352.96,1361.54,1336.27,1341.47,0
SP500,20120711,1341.40,1345.00,1333.25,1341.45,0
SP500,20120712,1341.29,1341.29,1325.41,1334.76,0
SP500,20120713,1334.81,1357.70,1334.81,1356.78,0
SP500,20120716,1356.50,1357.26,1348.51,1353.64,0
SP500,20120717,1353.68,1365.36,1345.07,1363.67,0
SP500,20120718,1363.58,1375.26,1358.96,1372.78,0
SP500,20120719,1373.01,1380.39,1371.21,1376.51,0
SP500,20120720,1376.51,1376.51,1362.19,1362.66,0
SP500,20120723,1362.34,1362.34,1337.56,1350.52,0
SP500,20120724,1350.52,1351.53,1329.24,1338.31,0
SP500,20120725,1338.35,1343.98,1331.50,1337.89,0
SP500,20120726,1338.17,1363.13,1338.17,1360.02,0
SP500,20120727,1360.05,1389.19,1360.05,1385.97,0
SP500,20120730,1385.94,1391.74,1381.37,1385.30,0
SP500,20120731,1385.27,1387.16,1379.17,1379.32,0
SP500,20120801,1379.32,1385.03,1373.35,1375.32,0
SP500,20120802,1375.13,1375.13,1354.65,1365.00,0
SP500,20120803,1365.45,1394.16,1365.45,1390.99,0
SP500,20120806,1391.04,1399.63,1391.04,1394.23,0
SP500,20120807,1394.46,1407.14,1394.46,1401.35,0
SP500,20120808,1401.23,1404.14,1396.13,1402.22,0
SP500,20120809,1402.26,1405.95,1398.80,1402.80,0
SP500,20120810,1402.58,1405.98,1395.62,1405.87,0
SP500,20120813,1405.87,1405.87,1397.32,1404.11,0
SP500,20120814,1404.36,1410.03,1400.60,1403.93,0
SP500,20120815,1403.89,1407.73,1401.83,1405.53,0
SP500,20120816,1406.61,1417.44,1404.15,1415.51,0
SP500,20120817,1415.84,1418.71,1414.67,1418.16,0
SP500,20120820,1417.85,1418.13,1412.12,1418.13,0
SP500,20120821,1418.13,1426.68,1410.86,1413.17,0
SP500,20120822,1413.09,1416.12,1406.78,1413.49,0
SP500,20120823,1413.49,1413.49,1400.50,1402.08,0
SP500,20120824,1401.99,1413.46,1398.04,1411.13,0
SP500,20120827,1411.13,1416.17,1409.11,1410.44,0
SP500,20120828,1410.44,1413.63,1405.59,1409.30,0
SP500,20120829,1409.32,1413.95,1406.57,1410.49,0
SP500,20120830,1410.08,1410.08,1397.01,1399.48,0
SP500,20120831,1400.07,1413.09,1398.96,1406.58,0
SP500,20120904,1406.54,1409.31,1396.56,1404.94,0
SP500,20120905,1404.94,1408.81,1401.25,1403.44,0
SP500,20120906,1406.87,1432.12,1406.87,1432.12,0
SP500,20120907,1432.12,1437.92,1431.45,1437.92,0
SP500,20120910,1437.92,1438.74,1428.98,1429.08,0
SP500,20120911,1429.13,1437.76,1429.13,1433.56,0
SP500,20120912,1433.56,1439.15,1432.99,1436.56,0
SP500,20120913,1436.56,1463.76,1435.34,1459.99,0
SP500,20120914,1460.07,1474.51,1460.07,1465.77,0
SP500,20120917,1465.42,1465.63,1457.55,1461.19,0
SP500,20120918,1461.19,1461.47,1456.13,1459.32,0
SP500,20120919,1459.50,1465.15,1457.88,1461.05,0
SP500,20120920,1461.05,1461.23,1449.98,1460.26,0
SP500,20120921,1460.34,1467.07,1459.51,1460.15,0
SP500,20120924,1459.76,1460.72,1452.06,1456.89,0
SP500,20120925,1456.94,1463.24,1441.59,1441.59,0
SP500,20120926,1441.60,1441.60,1430.53,1433.32,0
SP500,20120927,1433.36,1450.20,1433.36,1447.15,0
SP500,20120928,1445.00,1446.09,1435.60,1440.67,0
SP500,20121001,1440.90,1457.14,1440.90,1444.49,0
SP500,20121002,1444.99,1451.52,1439.01,1445.75,0
SP500,20121003,1446.05,1454.30,1441.99,1450.99,0
SP500,20121004,1451.08,1463.14,1451.08,1461.40,0
SP500,20121005,1463.73,1470.96,1456.91,1460.93,0
SP500,20121008,1460.93,1460.93,1453.10,1455.88,0
SP500,20121009,1455.90,1455.90,1441.18,1441.48,0
SP500,20121010,1441.48,1442.52,1430.64,1432.56,0
SP500,20121011,1432.82,1443.90,1432.82,1432.84,0
SP500,20121012,1432.84,1438.43,1425.53,1428.59,0
SP500,20121015,1428.75,1441.31,1427.24,1440.13,0
SP500,20121016,1440.31,1455.51,1440.31,1454.92,0
SP500,20121017,1454.22,1462.20,1453.35,1460.91,0
SP500,20121018,1460.94,1464.02,1452.63,1457.34,0
SP500,20121019,1457.34,1457.34,1429.85,1433.19,0
SP500,20121022,1433.21,1435.46,1422.06,1433.81,0
SP500,20121023,1433.74,1433.74,1407.56,1413.11,0
SP500,20121024,1413.20,1420.04,1407.10,1408.75,0
SP500,20121025,1409.74,1421.12,1405.14,1412.97,0
SP500,20121026,1412.97,1417.09,1403.28,1411.94,0
SP500,20121031,1410.99,1418.76,1405.95,1412.16,0
SP500,20121101,1412.20,1428.35,1412.20,1427.59,0
SP500,20121102,1427.59,1434.27,1412.91,1414.20,0
SP500,20121105,1414.02,1419.90,1408.13,1417.26,0
SP500,20121106,1417.26,1433.38,1417.26,1428.39,0
SP500,20121107,1428.27,1428.27,1388.14,1394.53,0
SP500,20121108,1394.53,1401.23,1377.51,1377.51,0
SP500,20121109,1377.55,1391.39,1373.03,1379.85,0
SP500,20121112,1379.86,1384.87,1377.19,1380.03,0
SP500,20121113,1380.03,1388.81,1371.39,1374.53,0
SP500,20121114,1374.64,1380.13,1352.50,1355.49,0
SP500,20121115,1355.41,1360.62,1348.05,1353.33,0
SP500,20121116,1353.36,1362.03,1343.35,1359.88,0
SP500,20121119,1359.88,1386.89,1359.88,1386.89,0
SP500,20121120,1386.82,1389.77,1377.04,1387.82,0
SP500,20121121,1387.79,1391.25,1386.39,1391.03,0
SP500,20121123,1391.03,1409.16,1391.03,1409.15,0
SP500,20121126,1409.15,1409.15,1397.68,1406.29,0
SP500,20121127,1406.29,1409.01,1398.03,1398.94,0
SP500,20121128,1398.77,1410.31,1385.43,1409.93,0
SP500,20121129,1409.96,1419.70,1409.04,1415.95,0
SP500,20121130,1415.95,1418.86,1411.63,1416.18,0
SP500,20121203,1416.34,1423.73,1408.46,1409.46,0
SP500,20121204,1409.46,1413.14,1403.65,1407.05,0
SP500,20121205,1407.05,1415.56,1398.23,1409.28,0
SP500,20121206,1409.43,1413.95,1405.93,1413.94,0
SP500,20121207,1413.95,1420.34,1410.90,1418.07,0
SP500,20121210,1418.07,1421.64,1415.64,1418.55,0
SP500,20121211,1418.55,1434.27,1418.55,1427.84,0
SP500,20121212,1427.84,1438.59,1426.76,1428.48,0
SP500,20121213,1428.48,1431.36,1416.00,1419.45,0
SP500,20121214,1419.45,1419.45,1411.88,1413.58,0
SP500,20121217,1413.54,1430.67,1413.54,1430.36,0
SP500,20121218,1430.47,1448.00,1430.47,1446.79,0
SP500,20121219,1446.79,1447.75,1435.80,1435.81,0
SP500,20121220,1435.81,1443.70,1432.82,1443.69,0
SP500,20121221,1443.67,1443.67,1422.58,1430.15,0
SP500,20121224,1430.15,1430.15,1424.66,1426.66,0
SP500,20121226,1426.66,1429.42,1416.43,1419.83,0
SP500,20121227,1419.83,1422.80,1401.80,1418.10,0
SP500,20121228,1418.10,1418.10,1401.58,1402.43,0
SP500,20121231,1402.43,1426.74,1398.11,1426.19,0
SP500,20130102,1426.19,1462.43,1426.19,1462.42,0
SP500,20130103,1462.42,1465.47,1455.53,1459.37,0
SP500,20130104,1459.37,1467.94,1458.99,1466.47,0
SP500,20130107,1466.47,1466.47,1456.62,1461.89,0
SP500,20130108,1461.89,1461.89,1451.64,1457.15,0
SP500,20130109,1457.15,1464.73,1457.15,1461.02,0
SP500,20130110,1464.64,1472.30,1461.30,1472.12,0
SP500,20130111,1472.12,1472.75,1467.58,1472.05,0
SP500,20130114,1472.05,1472.05,1465.69,1470.68,0
SP500,20130115,1470.67,1473.31,1463.76,1472.34,0
SP500,20130116,1472.33,1473.96,1467.60,1472.63,0
SP500,20130117,1472.63,1485.16,1472.63,1480.94,0
SP500,20130118,1480.95,1485.98,1475.81,1485.98,0
SP500,20130122,1485.98,1492.56,1481.16,1492.56,0
SP500,20130123,1492.56,1496.13,1489.90,1494.81,0
SP500,20130124,1494.81,1502.27,1489.46,1494.82,0
SP500,20130125,1494.82,1503.26,1494.82,1502.96,0
SP500,20130128,1502.96,1503.23,1496.33,1500.18,0
SP500,20130129,1500.18,1509.35,1498.09,1507.84,0
SP500,20130130,1507.84,1509.94,1500.11,1501.96,0
SP500,20130131,1501.96,1504.19,1496.76,1498.11,0
SP500,20130201,1498.11,1514.41,1498.11,1513.17,0
SP500,20130204,1513.17,1513.17,1495.02,1495.71,0
SP500,20130205,1495.71,1514.96,1495.71,1511.29,0
SP500,20130206,1511.29,1512.53,1504.71,1512.12,0
SP500,20130207,1512.12,1512.90,1498.49,1509.39,0
SP500,20130208,1509.39,1518.31,1509.39,1517.93,0
SP500,20130211,1517.93,1518.31,1513.61,1517.01,0
SP500,20130212,1517.01,1522.29,1515.61,1519.43,0
SP500,20130213,1519.43,1524.69,1515.93,1520.33,0
SP500,20130214,1520.33,1523.14,1514.02,1521.38,0
SP500,20130215,1521.38,1524.24,1514.14,1519.79,0
SP500,20130219,1519.79,1530.94,1519.79,1530.94,0
SP500,20130220,1530.94,1530.94,1511.41,1511.95,0
SP500,20130221,1511.95,1511.95,1497.29,1502.42,0
SP500,20130222,1502.42,1515.64,1502.42,1515.60,0
SP500,20130225,1515.60,1525.84,1487.85,1487.85,0
SP500,20130226,1487.85,1498.99,1485.01,1496.94,0
SP500,20130227,1496.94,1520.08,1494.88,1515.99,0
SP500,20130228,1515.99,1525.34,1514.46,1514.68,0
SP500,20130301,1514.68,1519.99,1501.48,1518.20,0
SP500,20130304,1518.21,1525.27,1512.29,1525.20,0
SP500,20130305,1525.20,1543.47,1525.20,1539.79,0
SP500,20130306,1539.79,1545.25,1538.11,1541.46,0
SP500,20130307,1541.46,1545.78,1541.46,1544.26,0
SP500,20130308,1544.26,1552.48,1542.94,1551.18,0
SP500,20130311,1551.15,1556.27,1547.36,1556.22,0
SP500,20130312,1556.22,1556.77,1548.24,1552.48,0
SP500,20130313,1552.48,1556.39,1548.25,1554.52,0
SP500,20130314,1554.52,1563.32,1554.52,1563.23,0
SP500,20130315,1563.21,1563.62,1555.74,1560.70,0
SP500,20130318,1560.70,1560.70,1545.13,1552.10,0
SP500,20130319,1552.10,1557.25,1538.57,1548.34,0
SP500,20130320,1548.34,1561.56,1548.34,1558.71,0
SP500,20130321,1558.71,1558.71,1543.55,1545.80,0
SP500,20130322,1545.90,1557.74,1545.90,1556.89,0
SP500,20130325,1556.89,1564.91,1546.22,1551.69,0
SP500,20130326,1551.69,1563.95,1551.69,1563.77,0
SP500,20130327,1563.75,1564.07,1551.90,1562.85,0
SP500,20130328,1562.86,1570.28,1561.08,1569.19,0
SP500,20130401,1569.18,1570.57,1558.47,1562.17,0
SP500,20130402,1562.17,1573.66,1562.17,1570.25,0
SP500,20130403,1570.25,1571.47,1549.80,1553.69,0
SP500,20130404,1553.69,1562.60,1552.52,1559.98,0
SP500,20130405,1559.98,1559.98,1539.50,1553.28,0
SP500,20130408,1553.26,1563.07,1548.63,1563.07,0
SP500,20130409,1563.11,1573.89,1560.92,1568.61,0
SP500,20130410,1568.61,1589.07,1568.61,1587.73,0
SP500,20130411,1587.73,1597.35,1586.17,1593.37,0
SP500,20130412,1593.30,1593.30,1579.97,1588.85,0
SP500,20130415,1588.84,1588.84,1552.28,1552.36,0
SP500,20130416,1552.36,1575.35,1552.36,1574.57,0
SP500,20130417,1574.57,1574.57,1543.69,1552.01,0
SP500,20130418,1552.03,1554.38,1536.03,1541.61,0
SP500,20130419,1541.61,1555.89,1539.40,1555.25,0
SP500,20130422,1555.25,1565.55,1548.19,1562.50,0
SP500,20130423,1562.50,1579.58,1562.50,1578.78,0
SP500,20130424,1578.78,1583.00,1575.80,1578.79,0
SP500,20130425,1578.93,1592.64,1578.93,1585.16,0
SP500,20130426,1585.16,1585.78,1577.56,1582.24,0
SP500,20130429,1582.34,1596.65,1582.34,1593.61,0
SP500,20130430,1593.58,1597.57,1586.50,1597.57,0
SP500,20130501,1597.55,1597.55,1581.28,1582.70,0
SP500,20130502,1582.77,1598.60,1582.77,1597.59,0
SP500,20130503,1597.60,1618.46,1597.60,1614.42,0
SP500,20130506,1614.40,1619.77,1614.21,1617.50,0
SP500,20130507,1617.55,1626.03,1616.64,1625.96,0
SP500,20130508,1625.95,1632.78,1622.70,1632.69,0
SP500,20130509,1632.69,1635.01,1623.09,1626.67,0
SP500,20130510,1626.69,1633.70,1623.71,1633.70,0
SP500,20130513,1632.10,1636.00,1626.74,1633.77,0
SP500,20130514,1633.75,1651.10,1633.75,1650.34,0
SP500,20130515,1649.13,1661.49,1646.68,1658.78,0
SP500,20130516,1658.07,1660.51,1648.60,1650.47,0
SP500,20130517,1652.45,1667.47,1652.45,1667.47,0
SP500,20130520,1665.71,1672.84,1663.52,1666.29,0
SP500,20130521,1666.20,1674.93,1662.67,1669.16,0
SP500,20130522,1669.39,1687.18,1648.86,1655.35,0
SP500,20130523,1651.62,1655.50,1635.53,1650.51,0
SP500,20130524,1646.67,1649.78,1636.88,1649.60,0
SP500,20130528,1652.63,1674.21,1652.63,1660.06,0
SP500,20130529,1656.57,1656.57,1640.05,1648.36,0
SP500,20130530,1649.14,1661.91,1648.61,1654.41,0
SP500,20130531,1652.13,1658.99,1630.74,1630.74,0
SP500,20130603,1631.71,1640.42,1622.72,1640.42,0
SP500,20130604,1640.73,1646.53,1623.62,1631.38,0
SP500,20130605,1629.05,1629.31,1607.09,1608.90,0
SP500,20130606,1609.29,1622.56,1598.23,1622.56,0
SP500,20130607,1625.27,1644.40,1625.27,1643.38,0
SP500,20130610,1644.67,1648.69,1639.26,1642.81,0
SP500,20130611,1638.64,1640.13,1622.92,1626.13,0
SP500,20130612,1629.94,1637.71,1610.92,1612.52,0
SP500,20130613,1612.15,1639.25,1608.07,1636.36,0
SP500,20130614,1635.52,1640.80,1623.96,1626.73,0
SP500,20130617,1630.64,1646.50,1630.34,1639.04,0
SP500,20130618,1639.77,1654.19,1639.77,1651.81,0
SP500,20130619,1651.83,1652.45,1628.91,1628.93,0
SP500,20130620,1624.62,1624.62,1584.32,1588.19,0
SP500,20130621,1588.62,1599.19,1577.70,1592.43,0
SP500,20130624,1588.77,1588.77,1560.33,1573.09,0
SP500,20130625,1577.52,1593.79,1577.09,1588.03,0
SP500,20130626,1592.27,1606.83,1592.27,1603.26,0
SP500,20130627,1606.44,1620.07,1606.44,1613.20,0
SP500,20130628,1611.12,1615.94,1601.06,1606.28,0
SP500,20130701,1609.78,1626.61,1609.78,1614.96,0
SP500,20130702,1614.29,1624.26,1606.77,1614.08,0
SP500,20130703,1611.48,1618.97,1604.57,1615.41,0
SP500,20130705,1618.65,1632.07,1614.71,1631.89,0
SP500,20130708,1634.20,1644.68,1634.20,1640.46,0
SP500,20130709,1642.89,1654.18,1642.89,1652.32,0
SP500,20130710,1651.56,1657.92,1647.66,1652.62,0
SP500,20130711,1657.41,1676.63,1657.41,1675.02,0
SP500,20130712,1675.26,1680.19,1672.33,1680.19,0
SP500,20130715,1679.59,1684.51,1677.89,1682.50,0
SP500,20130716,1682.70,1683.73,1671.84,1676.26,0
SP500,20130717,1677.91,1684.75,1677.91,1680.91,0
SP500,20130718,1681.05,1693.12,1681.05,1689.37,0
SP500,20130719,1686.15,1692.09,1684.08,1692.09,0
SP500,20130722,1694.41,1697.61,1690.67,1695.53,0
SP500,20130723,1696.63,1698.78,1691.13,1692.39,0
SP500,20130724,1696.84,1698.38,1682.57,1685.94,0
SP500,20130725,1685.21,1690.94,1680.07,1690.25,0
SP500,20130726,1687.31,1691.85,1676.03,1691.65,0
SP500,20130729,1690.32,1690.92,1681.86,1685.33,0
SP500,20130730,1687.92,1693.19,1682.42,1685.96,0
SP500,20130731,1687.76,1698.43,1684.94,1685.73,0
SP500,20130801,1689.42,1707.85,1689.42,1706.87,0
SP500,20130802,1706.10,1709.67,1700.68,1709.67,0
SP500,20130805,1708.01,1709.24,1703.55,1707.14,0
SP500,20130806,1705.79,1705.79,1693.29,1697.37,0
SP500,20130807,1695.30,1695.30,1684.91,1690.91,0
SP500,20130808,1693.35,1700.18,1688.38,1697.48,0
SP500,20130809,1696.10,1699.42,1686.02,1691.42,0
SP500,20130812,1688.37,1691.49,1683.35,1689.47,0
SP500,20130813,1690.65,1696.81,1682.62,1694.16,0
SP500,20130814,1693.88,1695.52,1684.83,1685.39,0
SP500,20130815,1679.61,1679.61,1658.59,1661.32,0
SP500,20130816,1661.22,1663.60,1652.61,1655.83,0
SP500,20130819,1655.25,1659.18,1645.84,1646.06,0
SP500,20130820,1646.81,1658.92,1646.08,1652.35,0
SP500,20130821,1650.66,1656.99,1639.43,1642.80,0
SP500,20130822,1645.03,1659.55,1645.03,1656.96,0
SP500,20130823,1659.92,1664.85,1654.81,1663.50,0
SP500,20130826,1664.29,1669.51,1656.02,1656.78,0
SP500,20130827,1652.54,1652.54,1629.05,1630.48,0
SP500,20130828,1630.25,1641.18,1627.47,1634.96,0
SP500,20130829,1633.50,1646.41,1630.88,1638.17,0
SP500,20130830,1638.89,1640.08,1628.05,1632.97,0
SP500,20130903,1635.95,1651.35,1633.41,1639.77,0
SP500,20130904,1640.72,1655.72,1637.41,1653.08,0
SP500,20130905,1653.28,1659.17,1653.07,1655.08,0
SP500,20130906,1657.44,1664.83,1640.62,1655.17,0
SP500,20130909,1656.85,1672.40,1656.85,1671.71,0
SP500,20130910,1674.32,1684.09,1674.32,1683.99,0
SP500,20130911,1681.04,1689.13,1678.70,1689.13,0
SP500,20130912,1689.21,1689.97,1681.96,1683.42,0
SP500,20130913,1685.04,1688.73,1682.22,1687.99,0
SP500,20130916,1691.70,1704.95,1691.70,1697.60,0
SP500,20130917,1697.73,1705.52,1697.73,1704.76,0
SP500,20130918,1705.74,1729.44,1700.35,1725.52,0
SP500,20130919,1727.34,1729.86,1720.20,1722.34,0
SP500,20130920,1722.44,1725.23,1708.89,1709.91,0
SP500,20130923,1711.44,1711.44,1697.10,1701.84,0
SP500,20130924,1702.60,1707.63,1694.90,1697.42,0
SP500,20130925,1698.02,1701.71,1691.88,1692.77,0
SP500,20130926,1694.05,1703.85,1693.11,1698.67,0
SP500,20130927,1695.52,1695.52,1687.11,1691.75,0
SP500,20130930,1687.26,1687.26,1674.99,1681.55,0
SP500,20131001,1682.41,1696.55,1682.07,1695.00,0
SP500,20131002,1691.90,1693.87,1680.34,1693.87,0
SP500,20131003,1692.35,1692.35,1670.36,1678.66,0
SP500,20131004,1678.79,1691.94,1677.33,1690.50,0
SP500,20131007,1687.15,1687.15,1674.70,1676.12,0
SP500,20131008,1676.22,1676.79,1655.03,1655.45,0
SP500,20131009,1656.99,1662.47,1646.47,1656.40,0
SP500,20131010,1660.88,1692.56,1660.88,1692.56,0
SP500,20131011,1691.09,1703.44,1688.52,1703.20,0
SP500,20131014,1699.86,1711.03,1692.13,1710.14,0
SP500,20131015,1709.17,1711.57,1695.93,1698.06,0
SP500,20131016,1700.49,1721.76,1700.49,1721.54,0
SP500,20131017,1720.17,1733.45,1714.12,1733.15,0
SP500,20131018,1736.72,1745.31,1735.74,1744.50,0
SP500,20131021,1745.20,1747.79,1740.67,1744.66,0
SP500,20131022,1746.48,1759.33,1746.48,1754.67,0
SP500,20131023,1752.27,1752.27,1740.50,1746.38,0
SP500,20131024,1747.48,1753.94,1745.50,1752.07,0
SP500,20131025,1756.01,1759.82,1752.45,1759.77,0
SP500,20131028,1759.42,1764.99,1757.67,1762.11,0
SP500,20131029,1762.93,1772.09,1762.93,1771.95,0
SP500,20131030,1772.27,1775.22,1757.24,1763.31,0
SP500,20131031,1763.24,1768.53,1755.72,1756.54,0
SP500,20131101,1758.70,1765.67,1752.70,1761.64,0
SP500,20131104,1763.40,1768.78,1761.56,1767.93,0
SP500,20131105,1765.67,1767.03,1755.76,1762.97,0
SP500,20131106,1765.00,1773.74,1764.40,1770.49,0
SP500,20131107,1770.74,1774.54,1746.20,1747.15,0
SP500,20131108,1748.37,1770.78,1747.63,1770.61,0
SP500,20131111,1769.96,1773.44,1767.85,1771.89,0
SP500,20131112,1769.51,1771.78,1762.29,1767.69,0
SP500,20131113,1764.37,1782.00,1760.64,1782.00,0
SP500,20131114,1782.75,1791.53,1780.22,1790.62,0
SP500,20131115,1790.66,1798.22,1790.66,1798.18,0
SP500,20131118,1798.82,1802.33,1788.00,1791.53,0
SP500,20131119,1790.79,1795.51,1784.72,1787.87,0
SP500,20131120,1789.59,1795.73,1777.23,1781.37,0
SP500,20131121,1783.52,1797.16,1783.52,1795.85,0
SP500,20131122,1797.21,1804.84,1794.70,1804.76,0
SP500,20131125,1806.33,1808.10,1800.58,1802.48,0
SP500,20131126,1802.87,1808.42,1800.77,1802.75,0
SP500,20131127,1803.48,1808.27,1802.77,1807.23,0
SP500,20131129,1808.69,1813.55,1803.98,1805.81,0
SP500,20131202,1806.55,1810.02,1798.60,1800.90,0
SP500,20131203,1800.10,1800.10,1787.85,1795.15,0
SP500,20131204,1793.15,1799.80,1779.09,1792.81,0
SP500,20131205,1792.82,1792.82,1783.38,1785.03,0
SP500,20131206,1788.36,1806.04,1788.36,1805.09,0
SP500,20131209,1806.21,1811.52,1806.21,1808.37,0
SP500,20131210,1807.60,1808.52,1801.75,1802.62,0
SP500,20131211,1802.76,1802.97,1780.09,1782.22,0
SP500,20131212,1781.71,1782.99,1772.28,1775.50,0
SP500,20131213,1777.98,1780.92,1772.45,1775.32,0
SP500,20131216,1777.48,1792.22,1777.48,1786.54,0
SP500,20131217,1786.47,1786.77,1777.05,1781.00,0
SP500,20131218,1781.46,1811.08,1767.99,1810.65,0
SP500,20131219,1809.00,1810.88,1801.35,1809.60,0
SP500,20131220,1810.39,1823.75,1810.25,1818.32,0
SP500,20131223,1822.92,1829.75,1822.92,1827.99,0
SP500,20131226,1834.96,1842.84,1834.96,1842.02,0
SP500,20131227,1842.97,1844.89,1839.81,1841.40,0
SP500,20131230,1841.47,1842.47,1838.77,1841.07,0
SP500,20131231,1842.61,1849.44,1842.41,1848.36,0
SP500,20140102,1845.86,1845.86,1827.74,1831.98,0
SP500,20140103,1833.21,1838.24,1829.13,1831.37,0
SP500,20140106,1832.31,1837.16,1823.73,1826.77,0
SP500,20140107,1828.71,1840.10,1828.71,1837.88,0
SP500,20140108,1837.90,1840.02,1831.40,1837.49,0
SP500,20140109,1839.00,1843.23,1830.38,1838.13,0
SP500,20140110,1840.06,1843.15,1832.43,1842.37,0
SP500,20140113,1841.26,1843.45,1815.52,1819.20,0
SP500,20140114,1821.36,1839.17,1821.36,1838.88,0
SP500,20140115,1840.52,1850.84,1840.52,1848.38,0
SP500,20140116,1847.99,1847.99,1840.30,1845.89,0
SP500,20140117,1844.23,1846.04,1835.23,1838.70,0
SP500,20140121,1841.05,1849.31,1832.38,1843.80,0
SP500,20140122,1844.71,1846.87,1840.88,1844.86,0
SP500,20140123,1842.29,1842.29,1820.06,1828.46,0
SP500,20140124,1826.96,1826.96,1790.29,1790.29,0
SP500,20140127,1791.03,1795.98,1772.88,1781.56,0
SP500,20140128,1783.00,1793.87,1779.49,1792.50,0
SP500,20140129,1790.15,1790.15,1770.45,1774.20,0
SP500,20140130,1777.17,1798.77,1777.17,1794.19,0
SP500,20140131,1790.88,1793.88,1772.26,1782.59,0
SP500,20140203,1782.68,1784.83,1739.66,1741.89,0
SP500,20140204,1743.82,1758.73,1743.82,1755.20,0
SP500,20140205,1753.38,1755.79,1737.92,1751.64,0
SP500,20140206,1752.99,1774.06,1752.99,1773.43,0
SP500,20140207,1776.01,1798.03,1776.01,1797.02,0
SP500,20140210,1796.20,1799.94,1791.83,1799.84,0
SP500,20140211,1800.45,1823.54,1800.41,1819.75,0
SP500,20140212,1820.12,1826.55,1815.97,1819.26,0
SP500,20140213,1814.82,1830.25,1809.22,1829.83,0
SP500,20140214,1828.46,1841.65,1825.59,1838.63,0
SP500,20140218,1839.03,1842.87,1835.01,1840.76,0
SP500,20140219,1838.90,1847.50,1826.99,1828.75,0
SP500,20140220,1829.24,1842.79,1824.58,1839.78,0
SP500,20140221,1841.07,1846.13,1835.60,1836.25,0
SP500,20140224,1836.78,1858.71,1836.78,1847.61,0
SP500,20140225,1847.66,1852.91,1840.19,1845.12,0
SP500,20140226,1845.79,1852.65,1840.66,1845.16,0
SP500,20140227,1844.90,1854.53,1841.13,1854.29,0
SP500,20140228,1855.12,1867.92,1847.67,1859.45,0
SP500,20140303,1857.68,1857.68,1834.44,1845.73,0
SP500,20140304,1849.23,1876.23,1849.23,1873.91,0
SP500,20140305,1874.05,1876.53,1871.11,1873.81,0
SP500,20140306,1874.18,1881.94,1874.18,1877.03,0
SP500,20140307,1878.52,1883.57,1870.56,1878.04,0
SP500,20140310,1877.86,1877.87,1867.04,1877.17,0
SP500,20140311,1878.26,1882.35,1863.88,1867.63,0
SP500,20140312,1866.15,1868.38,1854.38,1868.20,0
SP500,20140313,1869.06,1874.40,1841.86,1846.34,0
SP500,20140314,1845.07,1852.44,1839.57,1841.13,0
SP500,20140317,1842.81,1862.30,1842.81,1858.83,0
SP500,20140318,1858.92,1873.76,1858.92,1872.25,0
SP500,20140319,1872.25,1874.14,1850.35,1860.77,0
SP500,20140320,1860.09,1873.49,1854.63,1872.01,0
SP500,20140321,1874.53,1883.97,1863.46,1866.52,0
SP500,20140324,1867.67,1873.34,1849.69,1857.44,0
SP500,20140325,1859.48,1871.87,1855.96,1865.62,0
SP500,20140326,1867.09,1875.92,1852.56,1852.56,0
SP500,20140327,1852.11,1855.55,1842.11,1849.04,0
SP500,20140328,1850.07,1866.63,1850.07,1857.62,0
SP500,20140331,1859.16,1875.18,1859.16,1872.34,0
SP500,20140401,1873.96,1885.84,1873.96,1885.52,0
SP500,20140402,1886.61,1893.17,1883.79,1890.90,0
SP500,20140403,1891.43,1893.80,1882.65,1888.77,0
SP500,20140404,1890.25,1897.28,1863.26,1865.09,0
SP500,20140407,1863.92,1864.04,1841.48,1845.04,0
SP500,20140408,1845.48,1854.95,1837.49,1851.96,0
SP500,20140409,1852.64,1872.43,1852.38,1872.18,0
SP500,20140410,1872.28,1872.53,1830.87,1833.08,0
SP500,20140411,1830.65,1835.07,1814.36,1815.69,0
SP500,20140414,1818.18,1834.19,1815.80,1830.61,0
SP500,20140415,1831.45,1844.02,1816.29,1842.98,0
SP500,20140416,1846.01,1862.31,1846.01,1862.31,0
SP500,20140417,1861.73,1869.63,1856.72,1864.85,0
SP500,20140421,1865.79,1871.89,1863.18,1871.89,0
SP500,20140422,1872.57,1884.89,1872.57,1879.55,0
SP500,20140423,1879.32,1879.75,1873.91,1875.39,0
SP500,20140424,1881.97,1884.06,1870.24,1878.61,0
SP500,20140425,1877.72,1877.72,1859.70,1863.40,0
SP500,20140428,1865.00,1877.01,1850.61,1869.43,0
SP500,20140429,1870.78,1880.60,1870.78,1878.33,0
SP500,20140430,1877.10,1885.20,1872.69,1883.95,0
SP500,20140501,1884.39,1888.59,1878.04,1883.68,0
SP500,20140502,1885.30,1891.33,1878.50,1881.14,0
SP500,20140505,1879.45,1885.51,1866.77,1884.66,0
SP500,20140506,1883.69,1883.69,1867.72,1867.72,0
SP500,20140507,1868.53,1878.83,1859.79,1878.21,0
SP500,20140508,1877.39,1889.07,1870.05,1875.63,0
SP500,20140509,1875.27,1878.57,1867.02,1878.48,0
SP500,20140512,1880.03,1897.13,1880.03,1896.65,0
SP500,20140513,1896.75,1902.17,1896.06,1897.45,0
SP500,20140514,1897.13,1897.13,1885.77,1888.53,0
SP500,20140515,1888.16,1888.16,1862.36,1870.85,0
SP500,20140516,1871.19,1878.28,1864.82,1877.86,0
SP500,20140519,1876.66,1886.00,1872.42,1885.08,0
SP500,20140520,1884.88,1884.88,1868.14,1872.83,0
SP500,20140521,1873.34,1888.80,1873.34,1888.03,0
SP500,20140522,1888.19,1896.33,1885.39,1892.49,0
SP500,20140523,1893.32,1901.26,1893.32,1900.53,0
SP500,20140527,1902.01,1912.28,1902.01,1911.91,0
SP500,20140528,1911.77,1914.46,1907.30,1909.78,0
SP500,20140529,1910.60,1920.03,1909.82,1920.03,0
SP500,20140530,1920.33,1924.03,1916.64,1923.57,0
SP500,20140602,1923.87,1925.88,1915.98,1924.97,0
SP500,20140603,1923.07,1925.07,1918.79,1924.24,0
SP500,20140604,1923.06,1928.63,1918.60,1927.88,0
SP500,20140605,1928.52,1941.74,1922.93,1940.46,0
SP500,20140606,1942.41,1949.44,1942.41,1949.44,0
SP500,20140609,1948.97,1955.55,1947.16,1951.27,0
SP500,20140610,1950.34,1950.86,1944.64,1950.79,0
SP500,20140611,1949.37,1949.37,1940.08,1943.89,0
SP500,20140612,1943.35,1943.35,1925.78,1930.11,0
SP500,20140613,1930.80,1937.30,1927.69,1936.16,0
SP500,20140616,1934.84,1941.15,1930.91,1937.78,0
SP500,20140617,1937.15,1943.69,1933.55,1941.99,0
SP500,20140618,1942.73,1957.74,1939.29,1956.98,0
SP500,20140619,1957.50,1959.87,1952.26,1959.48,0
SP500,20140620,1960.45,1963.91,1959.17,1962.87,0
SP500,20140623,1962.92,1963.74,1958.89,1962.61,0
SP500,20140624,1961.97,1968.17,1948.34,1949.98,0
SP500,20140625,1949.27,1960.83,1947.49,1959.53,0
SP500,20140626,1959.89,1959.89,1944.69,1957.22,0
SP500,20140627,1956.56,1961.47,1952.18,1960.96,0
SP500,20140630,1960.79,1964.24,1958.22,1960.23,0
SP500,20140701,1962.29,1978.58,1962.29,1973.32,0
SP500,20140702,1973.06,1976.67,1972.58,1974.62,0
SP500,20140703,1975.88,1985.59,1975.88,1985.44,0
SP500,20140707,1984.22,1984.22,1974.88,1977.65,0
SP500,20140708,1976.39,1976.39,1959.46,1963.71,0
SP500,20140709,1965.10,1974.15,1965.10,1972.83,0
SP500,20140710,1966.67,1969.84,1952.86,1964.68,0
SP500,20140711,1965.76,1968.67,1959.63,1967.57,0
SP500,20140714,1969.86,1979.85,1969.86,1977.10,0
SP500,20140715,1977.36,1982.52,1965.34,1973.28,0
SP500,20140716,1976.35,1983.94,1975.67,1981.57,0
SP500,20140717,1979.75,1981.80,1955.59,1958.12,0
SP500,20140718,1961.54,1979.91,1960.82,1978.22,0
SP500,20140721,1976.93,1976.93,1965.77,1973.63,0
SP500,20140722,1975.65,1986.24,1975.65,1983.53,0
SP500,20140723,1985.32,1989.23,1982.44,1987.01,0
SP500,20140724,1988.07,1991.39,1985.79,1987.98,0
SP500,20140725,1984.60,1984.60,1974.37,1978.34,0
SP500,20140728,1978.25,1981.52,1967.31,1978.91,0
SP500,20140729,1980.03,1984.85,1969.95,1969.95,0
SP500,20140730,1973.21,1978.90,1962.42,1970.07,0
SP500,20140731,1965.14,1965.14,1930.67,1930.67,0
SP500,20140801,1929.80,1937.35,1916.37,1925.15,0
SP500,20140804,1926.62,1942.92,1921.20,1938.99,0
SP500,20140805,1936.34,1936.34,1913.77,1920.21,0
SP500,20140806,1917.29,1927.91,1911.45,1920.24,0
SP500,20140807,1923.03,1928.89,1904.78,1909.57,0
SP500,20140808,1910.35,1932.38,1909.01,1931.59,0
SP500,20140811,1933.43,1944.90,1933.43,1936.92,0
SP500,20140812,1935.73,1939.65,1928.29,1933.75,0
SP500,20140813,1935.60,1948.41,1935.60,1946.72,0
SP500,20140814,1947.41,1955.23,1947.41,1955.18,0
SP500,20140815,1958.87,1964.04,1941.50,1955.06,0
SP500,20140818,1958.36,1971.99,1958.36,1971.74,0
SP500,20140819,1972.73,1982.57,1972.73,1981.60,0
SP500,20140820,1980.46,1988.57,1977.68,1986.51,0
SP500,20140821,1986.82,1994.76,1986.82,1992.37,0
SP500,20140822,1992.60,1993.54,1984.76,1988.40,0
SP500,20140825,1991.74,2001.95,1991.74,1997.92,0
SP500,20140826,1998.59,2005.04,1998.59,2000.02,0
SP500,20140827,2000.54,2002.14,1996.20,2000.12,0
SP500,20140828,1997.42,1998.55,1990.52,1996.74,0
SP500,20140829,1998.45,2003.38,1994.65,2003.37,0
SP500,20140902,2004.07,2006.12,1994.85,2002.28,0
SP500,20140903,2003.57,2009.28,1998.14,2000.72,0
SP500,20140904,2001.67,2011.17,1992.54,1997.65,0
SP500,20140905,1998.00,2007.71,1990.10,2007.71,0
SP500,20140908,2007.17,2007.17,1995.60,2001.54,0
SP500,20140909,2000.73,2001.01,1984.61,1988.44,0
SP500,20140910,1988.41,1996.66,1982.99,1995.69,0
SP500,20140911,1992.85,1997.65,1985.93,1997.45,0
SP500,20140912,1996.74,1996.74,1980.26,1985.54,0
SP500,20140915,1986.04,1987.18,1978.48,1984.13,0
SP500,20140916,1981.93,2002.28,1979.06,1998.98,0
SP500,20140917,1999.30,2010.74,1993.29,2001.57,0
SP500,20140918,2003.07,2012.34,2003.07,2011.36,0
SP500,20140919,2012.74,2019.26,2006.59,2010.40,0
SP500,20140922,2009.08,2009.08,1991.01,1994.29,0
SP500,20140923,1992.78,1995.41,1982.77,1982.77,0
SP500,20140924,1983.34,1999.79,1978.63,1998.30,0
SP500,20140925,1997.32,1997.32,1965.99,1965.99,0
SP500,20140926,1966.22,1986.37,1966.22,1982.85,0
SP500,20140929,1978.96,1981.28,1964.04,1977.80,0
SP500,20140930,1978.21,1985.17,1968.96,1972.29,0
SP500,20141001,1971.44,1971.44,1941.72,1946.16,0
SP500,20141002,1945.83,1952.32,1926.03,1946.17,0
SP500,20141003,1948.12,1971.19,1948.12,1967.90,0
SP500,20141006,1970.01,1977.84,1958.43,1964.82,0
SP500,20141007,1962.36,1962.36,1934.87,1935.10,0
SP500,20141008,1935.55,1970.36,1925.25,1968.89,0
SP500,20141009,1967.68,1967.68,1927.56,1928.21,0
SP500,20141010,1925.63,1936.98,1906.05,1906.13,0
SP500,20141013,1905.65,1912.09,1874.14,1874.74,0
SP500,20141014,1877.11,1898.71,1871.79,1877.70,0
SP500,20141015,1874.18,1874.18,1820.66,1862.49,0
SP500,20141016,1855.95,1876.01,1835.02,1862.76,0
SP500,20141017,1864.91,1898.16,1864.91,1886.76,0
SP500,20141020,1885.62,1905.03,1882.30,1904.01,0
SP500,20141021,1909.38,1942.45,1909.38,1941.28,0
SP500,20141022,1941.29,1949.31,1926.83,1927.11,0
SP500,20141023,1931.02,1961.95,1931.02,1950.82,0
SP500,20141024,1951.59,1965.27,1946.27,1964.58,0
SP500,20141027,1962.97,1964.64,1951.37,1961.63,0
SP500,20141028,1964.14,1985.05,1964.14,1985.05,0
SP500,20141029,1983.29,1991.40,1969.04,1982.30,0
SP500,20141030,1979.49,1999.40,1974.75,1994.65,0
SP500,20141031,2001.20,2018.19,2001.20,2018.05,0
SP500,20141103,2018.21,2024.46,2013.68,2017.81,0
SP500,20141104,2015.81,2015.98,2001.01,2012.10,0
SP500,20141105,2015.29,2023.77,2014.42,2023.57,0
SP500,20141106,2023.33,2031.61,2015.86,2031.21,0
SP500,20141107,2032.36,2034.26,2025.07,2031.92,0
SP500,20141110,2032.01,2038.70,2030.17,2038.26,0
SP500,20141111,2038.20,2041.28,2035.28,2039.68,0
SP500,20141112,2037.75,2040.33,2031.95,2038.25,0
SP500,20141113,2039.21,2046.18,2030.44,2039.33,0
SP500,20141114,2039.74,2042.22,2035.20,2039.82,0
SP500,20141117,2038.29,2043.07,2034.46,2041.32,0
SP500,20141118,2041.48,2056.08,2041.48,2051.80,0
SP500,20141119,2051.16,2052.14,2040.37,2048.72,0
SP500,20141120,2045.87,2053.84,2040.49,2052.75,0
SP500,20141121,2057.46,2071.46,2056.75,2063.50,0
SP500,20141124,2065.07,2070.17,2065.07,2069.41,0
SP500,20141125,2070.15,2074.21,2064.75,2067.03,0
SP500,20141126,2067.36,2073.29,2066.62,2072.83,0
SP500,20141128,2074.78,2075.76,2065.06,2067.56,0
SP500,20141201,2065.78,2065.78,2049.57,2053.44,0
SP500,20141202,2053.77,2068.77,2053.77,2066.55,0
SP500,20141203,2067.45,2076.28,2066.65,2074.33,0
SP500,20141204,2073.64,2077.34,2062.34,2071.92,0
SP500,20141205,2072.78,2079.47,2070.81,2075.37,0
SP500,20141208,2074.84,2075.78,2054.27,2060.31,0
SP500,20141209,2056.55,2060.60,2034.17,2059.82,0
SP500,20141210,2058.86,2058.86,2024.26,2026.14,0
SP500,20141211,2027.92,2055.53,2027.92,2035.33,0
SP500,20141212,2030.36,2032.25,2002.33,2002.33,0
SP500,20141215,2005.03,2018.69,1982.26,1989.63,0
SP500,20141216,1986.71,2016.89,1972.56,1972.74,0
SP500,20141217,1973.77,2016.75,1973.77,2012.89,0
SP500,20141218,2018.98,2061.23,2018.98,2061.23,0
SP500,20141219,2061.04,2077.85,2061.03,2070.65,0
SP500,20141222,2069.28,2078.76,2069.28,2078.54,0
SP500,20141223,2081.48,2086.73,2079.77,2082.17,0
SP500,20141224,2083.25,2087.56,2081.86,2081.88,0
SP500,20141226,2084.30,2092.70,2084.30,2088.77,0
SP500,20141229,2087.63,2093.55,2085.75,2090.57,0
SP500,20141230,2088.49,2088.49,2079.53,2080.35,0
SP500,20141231,2082.11,2085.58,2057.94,2058.90,0
SP500,20150102,2058.90,2072.36,2046.04,2058.20,0
SP500,20150105,2054.44,2054.44,2017.34,2020.58,0
SP500,20150106,2022.15,2030.25,1992.44,2002.61,0
SP500,20150107,2005.55,2029.61,2005.55,2025.90,0
SP500,20150108,2030.61,2064.08,2030.61,2062.14,0
SP500,20150109,2063.45,2064.43,2038.33,2044.81,0
SP500,20150112,2046.13,2049.30,2022.58,2028.26,0
SP500,20150113,2031.58,2056.93,2008.25,2023.03,0
SP500,20150114,2018.40,2018.40,1988.44,2011.27,0
SP500,20150115,2013.75,2021.35,1991.47,1992.67,0
SP500,20150116,1992.25,2020.46,1988.12,2019.42,0
SP500,20150120,2020.76,2028.94,2004.49,2022.55,0
SP500,20150121,2020.19,2038.29,2012.04,2032.12,0
SP500,20150122,2034.30,2064.62,2026.38,2063.15,0
SP500,20150123,2062.98,2062.98,2050.54,2051.82,0
SP500,20150126,2050.42,2057.62,2040.97,2057.09,0
SP500,20150127,2047.86,2047.86,2019.91,2029.55,0
SP500,20150128,2032.34,2042.49,2001.49,2002.16,0
SP500,20150129,2002.45,2024.64,1989.18,2021.25,0
SP500,20150130,2019.35,2023.32,1993.38,1994.99,0
SP500,20150202,1996.67,2021.66,1980.90,2020.85,0
SP500,20150203,2022.71,2050.30,2022.71,2050.03,0
SP500,20150204,2048.86,2054.74,2036.72,2041.51,0
SP500,20150205,2043.45,2063.55,2043.45,2062.52,0
SP500,20150206,2062.28,2072.40,2049.97,2055.47,0
SP500,20150209,2053.47,2056.16,2041.88,2046.74,0
SP500,20150210,2049.38,2070.86,2048.62,2068.59,0
SP500,20150211,2068.55,2073.48,2057.99,2068.53,0
SP500,20150212,2069.98,2088.53,2069.98,2088.48,0
SP500,20150213,2088.78,2097.03,2086.70,2096.99,0
SP500,20150217,2096.47,2101.30,2089.80,2100.34,0
SP500,20150218,2099.16,2100.23,2092.15,2099.68,0
SP500,20150219,2099.25,2102.13,2090.79,2097.45,0
SP500,20150220,2097.65,2110.61,2085.44,2110.30,0
SP500,20150223,2109.83,2110.05,2103.00,2109.66,0
SP500,20150224,2109.10,2117.94,2105.87,2115.48,0
SP500,20150225,2115.30,2119.59,2109.89,2113.86,0
SP500,20150226,2113.91,2113.91,2103.76,2110.74,0
SP500,20150227,2110.88,2112.74,2103.75,2104.50,0
SP500,20150302,2105.23,2117.52,2104.50,2117.39,0
SP500,20150303,2115.76,2115.76,2098.26,2107.78,0
SP500,20150304,2107.72,2107.72,2087.62,2098.53,0
SP500,20150305,2098.54,2104.25,2095.22,2101.04,0
SP500,20150306,2100.91,2100.91,2067.27,2071.26,0
SP500,20150309,2072.25,2083.49,2072.21,2079.43,0
SP500,20150310,2076.14,2076.14,2044.16,2044.16,0
SP500,20150311,2044.69,2050.08,2039.69,2040.24,0
SP500,20150312,2041.10,2066.41,2041.10,2065.95,0
SP500,20150313,2064.56,2064.56,2041.17,2053.40,0
SP500,20150316,2055.35,2081.41,2055.35,2081.19,0
SP500,20150317,2080.59,2080.59,2065.08,2074.28,0
SP500,20150318,2072.84,2106.85,2061.23,2099.42,0
SP500,20150319,2098.69,2098.69,2085.56,2089.27,0
SP500,20150320,2090.32,2113.92,2090.32,2108.10,0
SP500,20150323,2107.99,2114.86,2104.42,2104.42,0
SP500,20150324,2103.94,2107.63,2091.50,2091.50,0
SP500,20150325,2093.10,2097.43,2061.05,2061.05,0
SP500,20150326,2059.94,2067.15,2045.50,2056.15,0
SP500,20150327,2055.78,2062.83,2052.96,2061.02,0
SP500,20150330,2064.11,2088.97,2064.11,2086.24,0
SP500,20150331,2084.05,2084.05,2067.04,2067.89,0
SP500,20150401,2067.63,2067.63,2048.38,2059.69,0
SP500,20150402,2060.03,2072.17,2057.32,2066.96,0
SP500,20150406,2064.87,2086.99,2056.52,2080.62,0
SP500,20150407,2080.79,2089.81,2076.10,2076.33,0
SP500,20150408,2076.94,2086.69,2073.30,2081.90,0
SP500,20150409,2081.29,2093.31,2074.29,2091.18,0
SP500,20150410,2091.51,2102.61,2091.51,2102.06,0
SP500,20150413,2102.03,2107.65,2092.33,2092.43,0
SP500,20150414,2092.28,2098.62,2083.24,2095.84,0
SP500,20150415,2097.82,2111.91,2097.82,2106.63,0
SP500,20150416,2105.96,2111.30,2100.02,2104.99,0
SP500,20150417,2102.58,2102.58,2072.37,2081.18,0
SP500,20150420,2084.11,2103.94,2084.11,2100.40,0
SP500,20150421,2102.82,2109.64,2094.38,2097.29,0
SP500,20150422,2098.27,2109.98,2091.05,2107.96,0
SP500,20150423,2107.21,2120.49,2103.19,2112.93,0
SP500,20150424,2112.80,2120.92,2112.80,2117.69,0
SP500,20150427,2119.29,2125.92,2107.04,2108.92,0
SP500,20150428,2108.35,2116.09,2094.89,2114.76,0
SP500,20150429,2112.49,2113.65,2097.41,2106.85,0
SP500,20150430,2105.52,2105.52,2077.59,2085.51,0
SP500,20150501,2087.38,2108.41,2087.38,2108.29,0
SP500,20150504,2110.23,2120.95,2110.23,2114.49,0
SP500,20150505,2112.63,2115.24,2088.46,2089.46,0
SP500,20150506,2091.26,2098.42,2067.93,2080.15,0
SP500,20150507,2079.96,2092.90,2074.99,2088.00,0
SP500,20150508,2092.13,2117.66,2092.13,2116.10,0
SP500,20150511,2115.56,2117.69,2104.58,2105.33,0
SP500,20150512,2102.87,2105.06,2085.57,2099.12,0
SP500,20150513,2099.62,2110.19,2096.04,2098.48,0
SP500,20150514,2100.43,2121.45,2100.43,2121.10,0
SP500,20150515,2122.07,2123.89,2116.79,2122.73,0
SP500,20150518,2121.30,2131.78,2120.01,2129.20,0
SP500,20150519,2129.45,2133.02,2124.50,2127.83,0
SP500,20150520,2127.79,2134.72,2122.59,2125.85,0
SP500,20150521,2125.55,2134.28,2122.95,2130.82,0
SP500,20150522,2130.36,2132.15,2126.06,2126.06,0
SP500,20150526,2125.34,2125.34,2099.18,2104.20,0
SP500,20150527,2105.13,2126.22,2105.13,2123.48,0
SP500,20150528,2122.27,2122.27,2112.86,2120.79,0
SP500,20150529,2120.66,2120.66,2104.89,2107.39,0
SP500,20150601,2108.64,2119.15,2102.54,2111.73,0
SP500,20150602,2110.41,2117.59,2099.14,2109.60,0
SP500,20150603,2110.64,2121.92,2109.61,2114.07,0
SP500,20150604,2112.35,2112.89,2093.23,2095.84,0
SP500,20150605,2095.09,2100.99,2085.67,2092.83,0
SP500,20150608,2092.34,2093.01,2079.11,2079.28,0
SP500,20150609,2079.07,2085.62,2072.14,2080.15,0
SP500,20150610,2081.12,2108.50,2081.12,2105.20,0
SP500,20150611,2106.24,2115.02,2106.24,2108.86,0
SP500,20150612,2107.43,2107.43,2091.33,2094.11,0
SP500,20150615,2091.34,2091.34,2072.49,2084.43,0
SP500,20150616,2084.26,2097.40,2082.10,2096.29,0
SP500,20150617,2097.40,2106.79,2088.86,2100.44,0
SP500,20150618,2101.58,2126.65,2101.58,2121.24,0
SP500,20150619,2121.06,2121.64,2109.45,2109.99,0
SP500,20150622,2112.50,2129.87,2112.50,2122.85,0
SP500,20150623,2123.16,2128.03,2119.89,2124.20,0
SP500,20150624,2123.65,2125.10,2108.58,2108.58,0
SP500,20150625,2109.96,2116.04,2101.78,2102.31,0
SP500,20150626,2102.62,2108.92,2095.38,2101.49,0
SP500,20150629,2098.63,2098.63,2056.64,2057.64,0
SP500,20150630,2061.19,2074.28,2056.32,2063.12,0
SP500,20150701,2067.00,2082.78,2067.00,2077.42,0
SP500,20150702,2078.03,2085.06,2071.02,2076.78,0
SP500,20150706,2073.95,2078.61,2058.40,2068.76,0
SP500,20150707,2069.52,2083.74,2044.02,2081.34,0
SP500,20150708,2077.66,2077.66,2044.66,2046.68,0
SP500,20150709,2049.73,2074.28,2049.73,2051.31,0
SP500,20150710,2052.74,2081.31,2052.74,2076.62,0
SP500,20150713,2080.03,2100.67,2080.03,2099.60,0
SP500,20150714,2099.72,2111.98,2098.18,2108.95,0
SP500,20150715,2109.01,2114.14,2102.49,2107.40,0
SP500,20150716,2110.55,2124.42,2110.55,2124.29,0
SP500,20150717,2126.80,2128.91,2119.88,2126.64,0
SP500,20150720,2126.85,2132.82,2123.65,2128.28,0
SP500,20150721,2127.55,2128.49,2115.40,2119.21,0
SP500,20150722,2118.21,2118.51,2110.00,2114.15,0
SP500,20150723,2114.16,2116.87,2098.63,2102.15,0
SP500,20150724,2102.24,2106.01,2077.09,2079.65,0
SP500,20150727,2078.19,2078.19,2063.52,2067.64,0
SP500,20150728,2070.75,2095.60,2069.09,2093.25,0
SP500,20150729,2094.70,2110.60,2094.08,2108.57,0
SP500,20150730,2106.78,2110.48,2094.97,2108.63,0
SP500,20150731,2111.60,2114.24,2102.07,2103.92,0
SP500,20150803,2104.49,2105.70,2087.31,2098.04,0
SP500,20150804,2097.68,2102.51,2088.60,2093.32,0
SP500,20150805,2095.27,2112.66,2095.27,2099.84,0
SP500,20150806,2100.75,2103.32,2075.53,2083.56,0
SP500,20150807,2082.61,2082.61,2067.91,2077.57,0
SP500,20150810,2080.98,2105.35,2080.98,2104.18,0
SP500,20150811,2102.66,2102.66,2076.49,2084.07,0
SP500,20150812,2081.10,2089.06,2052.09,2086.05,0
SP500,20150813,2086.19,2092.93,2078.26,2083.39,0
SP500,20150814,2083.15,2092.45,2080.61,2091.54,0
SP500,20150817,2089.70,2102.87,2079.30,2102.44,0
SP500,20150818,2101.99,2103.47,2094.14,2096.92,0
SP500,20150819,2095.69,2096.17,2070.53,2079.61,0
SP500,20150820,2076.61,2076.61,2035.73,2035.73,0
SP500,20150821,2034.08,2034.08,1970.89,1970.89,0
SP500,20150824,1965.15,1965.15,1867.01,1893.21,0
SP500,20150825,1898.08,1948.04,1867.08,1867.62,0
SP500,20150826,1872.75,1943.09,1872.75,1940.51,0
SP500,20150827,1942.77,1989.60,1942.77,1987.66,0
SP500,20150828,1986.06,1993.48,1975.19,1988.87,0
SP500,20150831,1986.73,1986.73,1965.98,1972.18,0
SP500,20150901,1970.09,1970.09,1903.07,1913.85,0
SP500,20150902,1916.52,1948.91,1916.52,1948.86,0
SP500,20150903,1950.79,1975.01,1944.72,1951.13,0
SP500,20150904,1947.76,1947.76,1911.21,1921.22,0
SP500,20150908,1927.30,1970.42,1927.30,1969.41,0
SP500,20150909,1971.45,1988.63,1937.88,1942.04,0
SP500,20150910,1941.59,1965.29,1937.19,1952.29,0
SP500,20150911,1951.45,1961.05,1939.19,1961.05,0
SP500,20150914,1963.06,1963.06,1948.27,1953.03,0
SP500,20150915,1955.10,1983.19,1954.30,1978.09,0
SP500,20150916,1978.02,1997.26,1977.93,1995.31,0
SP500,20150917,1995.33,2020.86,1986.73,1990.20,0
SP500,20150918,1989.66,1989.66,1953.45,1958.08,0
SP500,20150921,1960.84,1979.64,1955.80,1966.97,0
SP500,20150922,1961.39,1961.39,1929.22,1942.74,0
SP500,20150923,1943.24,1949.52,1932.57,1938.76,0
SP500,20150924,1934.81,1937.17,1908.92,1932.24,0
SP500,20150925,1935.93,1952.89,1921.50,1931.34,0
SP500,20150928,1929.18,1929.18,1879.21,1881.77,0
SP500,20150929,1881.90,1899.48,1871.91,1884.09,0
SP500,20150930,1887.14,1920.53,1887.14,1920.03,0
SP500,20151001,1919.65,1927.21,1900.70,1923.82,0
SP500,20151002,1921.77,1951.36,1893.70,1951.36,0
SP500,20151005,1954.33,1989.17,1954.33,1987.05,0
SP500,20151006,1986.63,1991.62,1971.99,1979.92,0
SP500,20151007,1982.34,1999.31,1976.44,1995.83,0
SP500,20151008,1994.01,2016.50,1987.53,2013.43,0
SP500,20151009,2013.73,2020.13,2007.61,2014.89,0
SP500,20151012,2015.65,2018.66,2010.55,2017.46,0
SP500,20151013,2015.00,2022.34,2001.78,2003.69,0
SP500,20151014,2003.66,2009.56,1990.73,1994.24,0
SP500,20151015,1996.47,2024.15,1996.47,2023.86,0
SP500,20151016,2024.37,2033.54,2020.46,2033.11,0
SP500,20151019,2031.73,2034.45,2022.31,2033.66,0
SP500,20151020,2033.13,2039.12,2026.61,2030.77,0
SP500,20151021,2033.47,2037.97,2017.22,2018.94,0
SP500,20151022,2021.88,2055.20,2021.88,2052.51,0
SP500,20151023,2058.19,2079.74,2058.19,2075.15,0
SP500,20151026,2075.08,2075.14,2066.53,2071.18,0
SP500,20151027,2068.75,2070.37,2058.84,2065.89,0
SP500,20151028,2066.48,2090.35,2063.11,2090.35,0
SP500,20151029,2088.35,2092.52,2082.63,2089.41,0
SP500,20151030,2090.00,2094.32,2079.34,2079.36,0
SP500,20151102,2080.76,2106.20,2080.76,2104.05,0
SP500,20151103,2102.63,2116.48,2097.51,2109.79,0
SP500,20151104,2110.60,2114.59,2096.98,2102.31,0
SP500,20151105,2101.68,2108.78,2090.41,2099.93,0
SP500,20151106,2098.60,2101.91,2083.74,2099.20,0
SP500,20151109,2096.56,2096.56,2068.24,2078.58,0
SP500,20151110,2077.19,2083.67,2069.91,2081.72,0
SP500,20151111,2083.41,2086.94,2074.85,2075.00,0
SP500,20151112,2072.29,2072.29,2045.66,2045.97,0
SP500,20151113,2044.64,2044.64,2022.02,2023.04,0
SP500,20151116,2022.08,2053.22,2019.39,2053.19,0
SP500,20151117,2053.67,2066.69,2045.90,2050.44,0
SP500,20151118,2051.99,2085.31,2051.99,2083.58,0
SP500,20151119,2083.70,2086.74,2078.76,2081.24,0
SP500,20151120,2082.82,2097.06,2082.82,2089.17,0
SP500,20151123,2089.41,2095.61,2081.39,2086.59,0
SP500,20151124,2084.42,2094.12,2070.29,2089.14,0
SP500,20151125,2089.30,2093.00,2086.30,2088.87,0
SP500,20151127,2088.82,2093.29,2084.13,2090.11,0
SP500,20151130,2090.95,2093.81,2080.41,2080.41,0
SP500,20151201,2082.93,2103.37,2082.93,2102.63,0
SP500,20151202,2101.71,2104.27,2077.11,2079.51,0
SP500,20151203,2080.71,2085.00,2042.35,2049.62,0
SP500,20151204,2051.24,2093.84,2051.24,2091.69,0
SP500,20151207,2090.42,2090.42,2066.78,2077.07,0
SP500,20151208,2073.39,2073.85,2052.32,2063.59,0
SP500,20151209,2061.17,2080.33,2036.53,2047.62,0
SP500,20151210,2047.93,2067.65,2045.67,2052.23,0
SP500,20151211,2047.27,2047.27,2008.80,2012.37,0
SP500,20151214,2013.37,2022.92,1993.26,2021.94,0
SP500,20151215,2025.55,2053.87,2025.55,2043.41,0
SP500,20151216,2046.50,2076.72,2042.43,2073.07,0
SP500,20151217,2073.76,2076.37,2041.66,2041.89,0
SP500,20151218,2040.81,2040.81,2005.33,2005.52,0
SP500,20151221,2010.27,2022.90,2005.93,2021.15,0
SP500,20151222,2023.15,2042.74,2020.49,2038.97,0
SP500,20151223,2042.20,2064.73,2042.20,2064.29,0
SP500,20151224,2063.52,2067.36,2058.73,2060.99,0
SP500,20151228,2057.77,2057.77,2044.20,2056.50,0
SP500,20151229,2060.54,2081.56,2060.54,2078.36,0
SP500,20151230,2077.34,2077.34,2061.97,2063.36,0
SP500,20151231,2060.59,2062.54,2043.62,2043.94,0
SP500,20160104,2038.20,2038.20,1989.68,2012.66,0
SP500,20160105,2013.78,2021.94,2004.17,2016.71,0
SP500,20160106,2011.71,2011.71,1979.05,1990.26,0
SP500,20160107,1985.32,1985.32,1938.83,1943.09,0
SP500,20160108,1945.97,1960.40,1918.46,1922.03,0
SP500,20160111,1926.12,1935.65,1901.10,1923.67,0
SP500,20160112,1927.83,1947.38,1914.35,1938.68,0
SP500,20160113,1940.34,1950.33,1886.41,1890.28,0
SP500,20160114,1891.68,1934.47,1878.93,1921.84,0
SP500,20160115,1916.68,1916.68,1857.83,1880.29,0
SP500,20160119,1888.66,1901.44,1864.60,1881.33,0
SP500,20160120,1876.18,1876.18,1812.29,1859.33,0
SP500,20160121,1861.46,1889.85,1848.98,1868.99,0
SP500,20160122,1877.40,1908.85,1877.40,1906.90,0
SP500,20160125,1906.28,1906.28,1875.97,1877.08,0
SP500,20160126,1878.79,1906.73,1878.79,1903.63,0
SP500,20160127,1902.52,1916.99,1872.70,1882.95,0
SP500,20160128,1885.22,1902.96,1873.65,1893.36,0
SP500,20160129,1894.00,1940.24,1894.00,1940.24,0
SP500,20160201,1936.94,1947.20,1920.30,1939.38,0
SP500,20160202,1935.26,1935.26,1897.29,1903.03,0
SP500,20160203,1907.07,1918.01,1872.23,1912.53,0
SP500,20160204,1911.67,1927.35,1900.52,1915.45,0
SP500,20160205,1913.07,1913.07,1872.65,1880.05,0
SP500,20160208,1873.25,1873.25,1828.46,1853.44,0
SP500,20160209,1848.46,1868.25,1834.94,1852.21,0
SP500,20160210,1857.10,1881.60,1850.32,1851.86,0
SP500,20160211,1847.00,1847.00,1810.10,1829.08,0
SP500,20160212,1833.40,1864.78,1833.40,1864.78,0
SP500,20160216,1871.44,1895.77,1871.44,1895.58,0
SP500,20160217,1898.80,1930.68,1898.80,1926.82,0
SP500,20160218,1927.57,1930.00,1915.09,1917.83,0
SP500,20160219,1916.74,1918.78,1902.17,1917.78,0
SP500,20160222,1924.44,1946.70,1924.44,1945.50,0
SP500,20160223,1942.38,1942.38,1919.44,1921.27,0
SP500,20160224,1917.56,1932.08,1891.00,1929.80,0
SP500,20160225,1931.87,1951.83,1925.41,1951.70,0
SP500,20160226,1954.95,1962.96,1945.78,1948.05,0
SP500,20160229,1947.13,1958.27,1931.81,1932.23,0
SP500,20160301,1937.09,1978.35,1937.09,1978.35,0
SP500,20160302,1976.60,1986.51,1968.80,1986.45,0
SP500,20160303,1985.60,1993.69,1977.37,1993.40,0
SP500,20160304,1994.01,2009.13,1986.77,1999.99,0
SP500,20160307,1996.11,2006.12,1989.38,2001.76,0
SP500,20160308,1996.88,1996.88,1977.43,1979.26,0
SP500,20160309,1981.44,1992.69,1979.84,1989.26,0
SP500,20160310,1990.97,2005.08,1969.25,1989.57,0
SP500,20160311,1994.71,2022.37,1994.71,2022.19,0
SP500,20160314,2019.27,2024.57,2012.05,2019.64,0
SP500,20160315,2015.27,2015.94,2005.23,2015.93,0
SP500,20160316,2014.24,2032.02,2010.04,2027.22,0
SP500,20160317,2026.90,2046.24,2022.16,2040.59,0
SP500,20160318,2041.16,2052.36,2041.16,2049.58,0
SP500,20160321,2047.88,2053.91,2043.14,2051.60,0
SP500,20160322,2048.64,2056.60,2040.57,2049.80,0
SP500,20160323,2048.55,2048.55,2034.86,2036.71,0
SP500,20160324,2032.48,2036.04,2022.49,2035.94,0
SP500,20160328,2037.89,2042.67,2031.96,2037.05,0
SP500,20160329,2035.75,2055.91,2028.31,2055.01,0
SP500,20160330,2058.27,2072.21,2058.27,2063.95,0
SP500,20160331,2063.77,2067.92,2057.46,2059.74,0
SP500,20160401,2056.62,2075.07,2043.98,2072.78,0
SP500,20160404,2073.19,2074.02,2062.57,2066.13,0
SP500,20160405,2062.50,2062.50,2042.56,2045.17,0
SP500,20160406,2045.56,2067.33,2043.09,2066.66,0
SP500,20160407,2063.01,2063.01,2033.80,2041.91,0
SP500,20160408,2045.54,2060.63,2041.69,2047.60,0
SP500,20160411,2050.23,2062.93,2041.88,2041.99,0
SP500,20160412,2043.72,2065.05,2039.74,2061.72,0
SP500,20160413,2065.92,2083.18,2065.92,2082.42,0
SP500,20160414,2082.89,2087.84,2078.13,2082.78,0
SP500,20160415,2083.10,2083.22,2076.31,2080.73,0
SP500,20160418,2078.83,2094.66,2073.65,2094.34,0
SP500,20160419,2096.05,2104.05,2091.68,2100.80,0
SP500,20160420,2101.52,2111.05,2096.32,2102.40,0
SP500,20160421,2102.09,2103.78,2088.52,2091.48,0
SP500,20160422,2091.49,2094.32,2081.20,2091.58,0
SP500,20160425,2089.37,2089.37,2077.52,2087.79,0
SP500,20160426,2089.84,2096.87,2085.80,2091.70,0
SP500,20160427,2092.33,2099.89,2082.31,2095.15,0
SP500,20160428,2090.93,2099.30,2071.62,2075.81,0
SP500,20160429,2071.82,2073.85,2052.28,2065.30,0
SP500,20160502,2067.17,2083.42,2066.11,2081.43,0
SP500,20160503,2077.18,2077.18,2054.89,2063.37,0
SP500,20160504,2060.30,2060.30,2045.55,2051.12,0
SP500,20160505,2052.95,2060.23,2045.77,2050.63,0
SP500,20160506,2047.77,2057.72,2039.45,2057.14,0
SP500,20160509,2057.55,2064.15,2054.31,2058.69,0
SP500,20160510,2062.63,2084.87,2062.63,2084.39,0
SP500,20160511,2083.29,2083.29,2064.46,2064.46,0
SP500,20160512,2067.17,2073.99,2053.13,2064.11,0
SP500,20160513,2062.50,2066.79,2043.13,2046.61,0
SP500,20160516,2046.53,2071.88,2046.53,2066.66,0
SP500,20160517,2065.04,2065.69,2040.82,2047.21,0
SP500,20160518,2044.38,2060.61,2034.49,2047.63,0
SP500,20160519,2044.21,2044.21,2025.91,2040.04,0
SP500,20160520,2041.88,2058.35,2041.88,2052.32,0
SP500,20160523,2052.23,2055.58,2047.26,2048.04,0
SP500,20160524,2052.65,2079.67,2052.65,2076.06,0
SP500,20160525,2078.93,2094.73,2078.93,2090.54,0
SP500,20160526,2091.44,2094.30,2087.08,2090.10,0
SP500,20160527,2090.06,2099.06,2090.06,2099.06,0
SP500,20160531,2100.13,2103.48,2088.66,2096.96,0
SP500,20160601,2093.94,2100.97,2085.10,2099.33,0
SP500,20160602,2097.71,2105.26,2088.59,2105.26,0
SP500,20160603,2104.07,2104.07,2085.36,2099.13,0
SP500,20160606,2100.83,2113.36,2100.83,2109.41,0
SP500,20160607,2110.18,2119.22,2110.18,2112.13,0
SP500,20160608,2112.71,2120.55,2112.71,2119.12,0
SP500,20160609,2115.65,2117.64,2107.73,2115.48,0
SP500,20160610,2109.57,2109.57,2089.96,2096.07,0
SP500,20160613,2091.75,2098.12,2078.46,2079.06,0
SP500,20160614,2076.65,2081.30,2064.10,2075.32,0
SP500,20160615,2077.60,2085.65,2069.80,2071.50,0
SP500,20160616,2066.36,2079.62,2050.37,2077.99,0
SP500,20160617,2078.20,2078.20,2062.84,2071.22,0
SP500,20160620,2075.58,2100.66,2075.58,2083.25,0
SP500,20160621,2085.19,2093.66,2083.02,2088.90,0
SP500,20160622,2089.75,2099.71,2084.36,2085.45,0
SP500,20160623,2092.80,2113.32,2092.80,2113.32,0
SP500,20160624,2103.81,2103.81,2032.57,2037.41,0
SP500,20160627,2031.45,2031.45,1991.68,2000.54,0
SP500,20160628,2006.67,2036.09,2006.67,2036.09,0
SP500,20160629,2042.69,2073.13,2042.69,2070.77,0
SP500,20160630,2073.17,2098.94,2070.00,2098.86,0
SP500,20160701,2099.34,2108.71,2097.90,2102.95,0
SP500,20160705,2095.05,2095.05,2080.86,2088.55,0
SP500,20160706,2084.43,2100.72,2074.02,2099.73,0
SP500,20160707,2100.42,2109.08,2089.39,2097.90,0
SP500,20160708,2106.97,2131.71,2106.97,2129.90,0
SP500,20160711,2131.72,2143.16,2131.72,2137.16,0
SP500,20160712,2139.50,2155.40,2139.50,2152.14,0
SP500,20160713,2153.81,2156.45,2146.21,2152.43,0
SP500,20160714,2157.88,2168.99,2157.88,2163.75,0
SP500,20160715,2165.13,2169.05,2155.79,2161.74,0
SP500,20160718,2162.04,2168.35,2159.63,2166.89,0
SP500,20160719,2163.79,2164.63,2159.01,2163.78,0
SP500,20160720,2166.10,2175.63,2164.89,2173.02,0
SP500,20160721,2172.91,2174.56,2159.75,2165.17,0
SP500,20160722,2166.47,2175.11,2163.24,2175.03,0
SP500,20160725,2173.71,2173.71,2161.95,2168.48,0
SP500,20160726,2168.97,2173.54,2160.18,2169.18,0
SP500,20160727,2169.81,2174.98,2159.07,2166.58,0
SP500,20160728,2166.05,2172.85,2159.74,2170.06,0
SP500,20160729,2168.83,2177.09,2163.49,2173.60,0
SP500,20160801,2173.15,2178.29,2166.21,2170.84,0
SP500,20160802,2169.94,2170.20,2147.58,2157.03,0
SP500,20160803,2156.81,2163.79,2152.56,2163.79,0
SP500,20160804,2163.51,2168.19,2159.07,2164.25,0
SP500,20160805,2168.79,2182.87,2168.79,2182.87,0
SP500,20160808,2183.76,2185.44,2177.85,2180.89,0
SP500,20160809,2182.24,2187.66,2178.61,2181.74,0
SP500,20160810,2182.81,2183.41,2172.00,2175.49,0
SP500,20160811,2177.97,2188.45,2177.97,2185.79,0
SP500,20160812,2183.74,2186.28,2179.42,2184.05,0
SP500,20160815,2186.08,2193.81,2186.08,2190.15,0
SP500,20160816,2186.24,2186.24,2178.14,2178.15,0
SP500,20160817,2177.84,2183.08,2168.50,2182.22,0
SP500,20160818,2181.90,2187.03,2180.46,2187.02,0
SP500,20160819,2184.24,2185.00,2175.13,2183.87,0
SP500,20160822,2181.58,2185.15,2175.96,2182.64,0
SP500,20160823,2187.81,2193.42,2186.80,2186.90,0
SP500,20160824,2185.09,2186.66,2171.25,2175.44,0
SP500,20160825,2173.29,2179.00,2169.74,2172.47,0
SP500,20160826,2175.10,2187.94,2160.39,2169.04,0
SP500,20160829,2170.19,2183.48,2170.19,2180.38,0
SP500,20160830,2179.45,2182.27,2170.41,2176.12,0
SP500,20160831,2173.56,2173.79,2161.35,2170.95,0
SP500,20160901,2171.33,2173.56,2157.09,2170.86,0
SP500,20160902,2177.49,2184.87,2173.59,2179.98,0
SP500,20160906,2181.61,2186.57,2175.10,2186.48,0
SP500,20160907,2185.17,2187.87,2179.07,2186.15,0
SP500,20160908,2182.76,2184.94,2177.49,2181.30,0
SP500,20160909,2169.08,2169.08,2127.81,2127.81,0
SP500,20160912,2120.86,2163.30,2119.12,2159.04,0
SP500,20160913,2150.47,2150.47,2120.27,2127.02,0
SP500,20160914,2127.86,2141.33,2119.90,2125.77,0
SP500,20160915,2125.36,2151.31,2122.36,2147.26,0
SP500,20160916,2146.48,2146.48,2131.20,2139.16,0
SP500,20160919,2143.99,2153.61,2135.91,2139.12,0
SP500,20160920,2145.94,2150.80,2139.17,2139.76,0
SP500,20160921,2144.58,2165.11,2139.57,2163.12,0
SP500,20160922,2170.94,2179.99,2170.94,2177.18,0
SP500,20160923,2173.29,2173.75,2163.97,2164.69,0
SP500,20160926,2158.54,2158.54,2145.04,2146.10,0
SP500,20160927,2146.04,2161.13,2141.55,2159.93,0
SP500,20160928,2161.85,2172.40,2151.79,2171.37,0
SP500,20160929,2168.90,2172.67,2145.20,2151.13,0
SP500,20160930,2156.51,2175.30,2156.51,2168.27,0
SP500,20161003,2164.33,2164.41,2154.77,2161.20,0
SP500,20161004,2163.37,2165.46,2144.01,2150.49,0
SP500,20161005,2155.15,2163.95,2155.15,2159.73,0
SP500,20161006,2158.22,2162.93,2150.28,2160.77,0
SP500,20161007,2164.19,2165.86,2144.85,2153.74,0
SP500,20161010,2160.39,2169.60,2160.39,2163.66,0
SP500,20161011,2161.35,2161.56,2128.84,2136.73,0
SP500,20161012,2137.67,2145.36,2132.77,2139.18,0
SP500,20161013,2130.26,2138.19,2114.72,2132.55,0
SP500,20161014,2139.68,2149.19,2132.98,2132.98,0
SP500,20161017,2132.95,2135.61,2124.43,2126.50,0
SP500,20161018,2138.31,2144.38,2135.49,2139.60,0
SP500,20161019,2140.81,2148.44,2138.15,2144.29,0
SP500,20161020,2142.51,2147.18,2133.44,2141.34,0
SP500,20161021,2139.43,2142.63,2130.09,2141.16,0
SP500,20161024,2148.50,2154.79,2146.91,2151.33,0
SP500,20161025,2149.72,2151.44,2141.93,2143.16,0
SP500,20161026,2136.97,2145.73,2131.59,2139.43,0
SP500,20161027,2144.06,2147.13,2132.52,2133.04,0
SP500,20161028,2132.23,2140.72,2119.36,2126.41,0
SP500,20161031,2129.78,2133.25,2125.53,2126.15,0
SP500,20161101,2128.68,2131.45,2097.85,2111.72,0
SP500,20161102,2109.43,2111.76,2094.00,2097.94,0
SP500,20161103,2098.80,2102.56,2085.23,2088.66,0
SP500,20161104,2083.79,2099.07,2083.79,2085.18,0
SP500,20161107,2100.59,2132.00,2100.59,2131.52,0
SP500,20161108,2129.92,2146.87,2123.56,2139.53,0
SP500,20161109,2131.56,2170.10,2125.35,2163.26,0
SP500,20161110,2167.49,2182.30,2151.17,2167.48,0
SP500,20161111,2162.71,2165.92,2152.49,2164.45,0
SP500,20161114,2165.64,2171.36,2156.08,2164.20,0
SP500,20161115,2168.29,2180.84,2166.38,2180.39,0
SP500,20161116,2177.53,2179.22,2172.20,2176.94,0
SP500,20161117,2178.61,2188.06,2176.65,2187.12,0
SP500,20161118,2186.85,2189.89,2180.38,2181.90,0
SP500,20161121,2186.43,2198.70,2186.43,2198.18,0
SP500,20161122,2201.56,2204.80,2194.51,2202.94,0
SP500,20161123,2198.55,2204.72,2194.51,2204.72,0
SP500,20161125,2206.27,2213.35,2206.27,2213.35,0
SP500,20161128,2210.21,2211.14,2200.36,2201.72,0
SP500,20161129,2200.76,2210.46,2198.15,2204.66,0
SP500,20161130,2204.97,2214.10,2198.81,2198.81,0
SP500,20161201,2200.17,2202.60,2187.44,2191.08,0
SP500,20161202,2191.12,2197.95,2188.37,2191.95,0
SP500,20161205,2200.65,2209.42,2199.97,2204.71,0
SP500,20161206,2207.26,2212.78,2202.21,2212.23,0
SP500,20161207,2210.72,2241.63,2208.93,2241.35,0
SP500,20161208,2241.13,2251.69,2237.57,2246.19,0
SP500,20161209,2249.73,2259.80,2249.23,2259.53,0
SP500,20161212,2258.83,2264.03,2252.37,2256.96,0
SP500,20161213,2263.32,2277.53,2263.32,2271.72,0
SP500,20161214,2268.35,2276.20,2248.44,2253.28,0
SP500,20161215,2253.77,2272.12,2253.77,2262.03,0
SP500,20161216,2266.81,2268.05,2254.24,2258.07,0
SP500,20161219,2259.24,2267.47,2258.21,2262.53,0
SP500,20161220,2266.50,2272.56,2266.14,2270.76,0
SP500,20161221,2270.54,2271.23,2265.15,2265.18,0
SP500,20161222,2262.93,2263.18,2256.08,2260.96,0
SP500,20161223,2260.25,2263.79,2258.84,2263.79,0
SP500,20161227,2266.23,2273.82,2266.15,2268.88,0
SP500,20161228,2270.23,2271.31,2249.11,2249.92,0
SP500,20161229,2249.50,2254.51,2244.56,2249.26,0
SP500,20161230,2251.61,2253.58,2233.62,2238.83,0
SP500,20170103,2251.57,2263.88,2245.13,2257.83,0
SP500,20170104,2261.60,2272.82,2261.60,2270.75,0
SP500,20170105,2268.18,2271.50,2260.45,2269.00,0
SP500,20170106,2271.14,2282.10,2264.06,2276.98,0
SP500,20170109,2273.59,2275.49,2268.90,2268.90,0
SP500,20170110,2269.72,2279.27,2265.27,2268.90,0
SP500,20170111,2268.60,2275.32,2260.83,2275.32,0
SP500,20170112,2271.14,2271.78,2254.25,2270.44,0
SP500,20170113,2272.74,2278.68,2271.51,2274.64,0
SP500,20170117,2269.14,2272.08,2262.81,2267.89,0
SP500,20170118,2269.14,2272.01,2263.35,2271.89,0
SP500,20170119,2271.90,2274.33,2258.41,2263.69,0
SP500,20170120,2269.96,2276.96,2265.01,2271.31,0
SP500,20170123,2267.78,2271.78,2257.02,2265.20,0
SP500,20170124,2267.88,2284.63,2266.68,2280.07,0
SP500,20170125,2288.88,2299.55,2288.88,2298.37,0
SP500,20170126,2298.63,2300.99,2294.08,2296.68,0
SP500,20170127,2299.02,2299.02,2291.62,2294.69,0
SP500,20170130,2286.01,2286.01,2268.04,2280.90,0
SP500,20170131,2274.02,2279.09,2267.21,2278.87,0
SP500,20170201,2285.59,2289.14,2272.44,2279.55,0
SP500,20170202,2276.69,2283.97,2271.65,2280.85,0
SP500,20170203,2288.54,2298.31,2287.88,2297.42,0
SP500,20170206,2294.28,2296.18,2288.57,2292.56,0
SP500,20170207,2295.87,2299.40,2290.16,2293.08,0
SP500,20170208,2289.55,2295.91,2285.38,2294.67,0
SP500,20170209,2296.70,2311.08,2296.61,2307.87,0
SP500,20170210,2312.27,2319.23,2311.10,2316.10,0
SP500,20170213,2321.72,2331.58,2321.42,2328.25,0
SP500,20170214,2326.12,2337.58,2322.17,2337.58,0
SP500,20170215,2335.58,2351.30,2334.81,2349.25,0
SP500,20170216,2349.64,2351.31,2338.87,2347.22,0
SP500,20170217,2343.01,2351.16,2339.58,2351.16,0
SP500,20170221,2354.91,2366.71,2354.91,2365.38,0
SP500,20170222,2361.11,2365.13,2358.34,2362.82,0
SP500,20170223,2367.50,2368.26,2355.09,2363.81,0
SP500,20170224,2355.73,2367.34,2352.87,2367.34,0
SP500,20170227,2365.23,2371.54,2361.87,2369.73,0
SP500,20170228,2366.08,2367.79,2358.96,2363.64,0
SP500,20170301,2380.13,2400.98,2380.13,2395.96,0
SP500,20170302,2394.75,2394.75,2380.17,2381.92,0
SP500,20170303,2380.92,2383.89,2375.39,2383.12,0
SP500,20170306,2375.23,2378.80,2367.98,2375.31,0
SP500,20170307,2370.74,2375.12,2365.51,2368.39,0
SP500,20170308,2369.81,2373.09,2361.01,2362.98,0
SP500,20170309,2363.49,2369.08,2354.54,2364.87,0
SP500,20170310,2372.52,2376.86,2363.04,2372.60,0
SP500,20170313,2371.56,2374.42,2368.52,2373.47,0
