"349190600",BIELSKO-BIA£A,"2026","01","01",1.9,,-3.8,,0.1,,-4.1,,0.0,,S,3,,,"9",0.3,,,"8",,"8",,"8",,"8",,"8",,"8",,"8",,"8",,"8",,"8",,"8",,"8",,"8",,"8",,"8",,"8",1,,,"8",Z,"01",,,"9",,"8"
"349190600",BIELSKO-BIA£A,"2026","01","02",1.8,,-0.2,,0.8,,-1.0,,0.0,,S,3,,,"9",,"9",,"8",,"8",,"8",,"8",,"8",,"8",,"8",,"8",,"8",,"8",,"8",,"8",,"8",,"8",,"8",,"8",1,,,"8",Z,"01",,,"9",,"8"
"349190600",BIELSKO-BIA£A,"2026","01","03",1.0,,-1.1,,-0.7,,-2.7,,0.0,,S,2,,,"9",4.0,,,"8",,"8",,"8",,"8",,"8",,"8",,"8",,"8",,"8",,"8",,"8",,"8",,"8",,"8",,"8",,"8",1,,,"8",Z,"05",,,"9",,"8"
"349190600",BIELSKO-BIA£A,"2026","01","04",0.1,,-3.1,,-1.9,,-5.7,,,"9",,2,,,"9",5.2,,,"8",,"8",,"8",,"8",,"8",,"8",,"8",,"8",,"8",,"8",,"8",,"8",,"8",,"8",,"8",,"8",1,,,"8",Z,"06",,,"9",,"8"
"349190600",BIELSKO-BIA£A,"2026","01","05",-1.6,,-8.2,,-4.2,,-11.5,,,"9",,2,,,"9",3.6,,,"8",,"8",,"8",,"8",,"8",,"8",,"8",,"8",,"8",,"8",,"8",,"8",,"8",,"8",,"8",,"8",1,,,"8",Z,"08",,,"9",,"8"
"349190600",BIELSKO-BIA£A,"2026","01","06",-3.4,,-6.2,,-4.4,,-7.0,,,"9",,2,,,"9",1.2,,,"8",,"8",,"8",,"8",,"8",,"8",,"8",,"8",,"8",,"8",,"8",,"8",,"8",,"8",,"8",,"8",1,,,"8",Z,"08",,,"9",,"8"
"349190600",BIELSKO-BIA£A,"2026","01","07",-3.9,,-6.6,,-5.9,,-9.2,,0.4,,S,2,,,"9",,"9",,"8",,"8",,"8",,"8",,"8",,"8",,"8",,"8",,"8",,"8",,"8",,"8",,"8",,"8",,"8",,"8",1,,,"8",Z,"09",,,"9",,"8"
"349190600",BIELSKO-BIA£A,"2026","01","08",-6.0,,-7.3,,-6.7,,-7.2,,1.0,,S,3,,,"9",0.1,,,"8",,"8",,"8",,"8",,"8",,"8",,"8",,"8",,"8",,"8",,"8",,"8",,"8",,"8",,"8",,"8",1,,,"8",Z,"09",,,"9",,"8"
"349190600",BIELSKO-BIA£A,"2026","01","09",-4.4,,-12.8,,-6.9,,-18.9,,0.0,,S,5,,0.4,,3.7,,,"8",,"8",,"8",,"8",,"8",,"8",,"8",,"8",,"8",,"8",,"8",,"8",,"8",,"8",,"8",,"8",1,,,"8",Z,"08",,,"9",,"8"
"349190600",BIELSKO-BIA£A,"2026","01","10",-4.4,,-11.8,,-8.8,,-14.5,,1.0,,S,4,,,"9",0.3,,,"8",,"8",,"8",,"8",,"8",,"8",,"8",,"8",,"8",,"8",,"8",,"8",,"8",,"8",,"8",,"8",1,,,"8",Z,"08",,,"9",,"8"
"349190600",BIELSKO-BIA£A,"2026","01","11",-4.8,,-10.0,,-5.7,,-10.2,,4.4,,S,7,,0.6,,,"9",,"8",,"8",,"8",,"8",,"8",,"8",,"8",,"8",,"8",,"8",,"8",,"8",,"8",,"8",,"8",,"8",1,,,"8",Z,"08",,,"9",,"8"
"349190600",BIELSKO-BIA£A,"2026","01","12",-3.6,,-8.8,,-6.1,,-16.1,,0.5,,S,12,,0.9,,3.8,,,"8",,"8",,"8",,"8",,"8",,"8",,"8",,"8",,"8",,"8",,"8",,"8",,"8",,"8",,"8",,"8",1,,,"8",Z,"05",,,"9",,"8"
"349190600",BIELSKO-BIA£A,"2026","01","13",1.1,,-8.3,,-1.7,,-11.7,,1.4,,S,11,,1.0,,,"9",,"8",,"8",,"8",,"8",,"8",,"8",,"8",,"8",,"8",,"8",,"8",,"8",,"8",,"8",,"8",,"8",1,,,"8",Z,"05",,,"9",,"8"
"349190600",BIELSKO-BIA£A,"2026","01","14",6.1,,-4.1,,1.4,,-8.9,,0.2,,W,10,,1.2,,,"9",,"8",,"8",,"8",,"8",,"8",,"8",,"8",,"8",,"8",,"8",,"8",,"8",,"8",,"8",,"8",,"8",1,,,"8",Z,"05",,,"9",,"8"
"349190600",BIELSKO-BIA£A,"2026","01","15",5.6,,0.9,,2.4,,-0.6,,0.5,,W,6,,1.8,,,"9",,"8",,"8",,"8",,"8",,"8",,"8",,"8",,"8",,"8",,"8",,"8",,"8",,"8",,"8",,"8",,"8",1,,,"8",Z,,"9",,"9",,"8"
"349190600",BIELSKO-BIA£A,"2026","01","16",3.6,,0.5,,0.9,,-0.4,,,"9",,3,,,"9",0.2,,,"8",,"8",,"8",,"8",,"8",,"8",,"8",,"8",,"8",,"8",,"8",,"8",,"8",,"8",,"8",,"8",1,,,"8",R,,"9",,"9",,"8"
"349190600",BIELSKO-BIA£A,"2026","01","17",5.1,,-3.0,,-0.8,,-6.1,,,"9",,,"9",,"9",5.6,,,"8",,"8",,"8",,"8",,"8",,"8",,"8",,"8",,"8",,"8",,"8",,"8",,"8",,"8",,"8",,"8",,"8",,"8",Z,"01",,,"9",,"8"
"349190600",BIELSKO-BIA£A,"2026","01","18",-1.0,,-8.4,,-5.0,,-10.6,,,"9",,,"9",,"9",7.9,,,"8",,"8",,"8",,"8",,"8",,"8",,"8",,"8",,"8",,"8",,"8",,"8",,"8",,"8",,"8",,"8",,"8",,"8",Z,"01",,,"9",,"8"
"349190600",BIELSKO-BIA£A,"2026","01","19",0.2,,-8.7,,-4.5,,-11.7,,,"9",,,"9",,"9",7.8,,,"8",,"8",,"8",,"8",,"8",,"8",,"8",,"8",,"8",,"8",,"8",,"8",,"8",,"8",,"8",,"8",,"8",,"8",Z,"06",,,"9",,"8"
"349190600",BIELSKO-BIA£A,"2026","01","20",5.8,,-6.9,,-1.1,,-10.9,,,"9",,,"9",,"9",8.1,,,"8",,"8",,"8",,"8",,"8",,"8",,"8",,"8",,"8",,"8",,"8",,"8",,"8",,"8",,"8",,"8",,"8",,"8",Z,"11",,,"9",,"8"
"349190600",BIELSKO-BIA£A,"2026","01","21",5.9,,-5.8,,-1.1,,-9.9,,,"9",,,"9",,"9",8.2,,,"8",,"8",,"8",,"8",,"8",,"8",,"8",,"8",,"8",,"8",,"8",,"8",,"8",,"8",,"8",,"8",,"8",,"8",Z,"15",,,"9",,"8"
"349190600",BIELSKO-BIA£A,"2026","01","22",0.9,,-6.0,,-2.2,,-9.9,,0.0,,W,,"9",,"9",,"9",,"8",,"8",,"8",,"8",,"8",,"8",,"8",,"8",,"8",,"8",,"8",,"8",,"8",,"8",,"8",,"8",,"8",,"8",Z,"17",,,"9",,"8"
"349190600",BIELSKO-BIA£A,"2026","01","23",1.9,,-5.9,,-3.9,,-5.2,,0.0,,S,,"9",,"9",0.1,,,"8",,"8",,"8",,"8",,"8",,"8",,"8",,"8",,"8",,"8",,"8",,"8",,"8",,"8",,"8",,"8",,"8",,"8",Z,"15",,,"9",,"8"
"349190600",BIELSKO-BIA£A,"2026","01","24",-0.8,,-4.0,,-2.2,,-3.7,,0.0,,W,,"9",,"9",,"9",,"8",,"8",,"8",,"8",,"8",,"8",,"8",,"8",,"8",,"8",,"8",,"8",,"8",,"8",,"8",,"8",,"8",,"8",Z,"14",,,"9",,"8"
"349190600",BIELSKO-BIA£A,"2026","01","25",8.0,,-1.9,,2.9,,-1.9,,0.4,,W,,"9",,"9",3.0,,,"8",,"8",,"8",,"8",,"8",,"8",,"8",,"8",,"8",,"8",,"8",,"8",,"8",,"8",,"8",,"8",,"8",,"8",Z,"12",,,"9",,"8"
"349190600",BIELSKO-BIA£A,"2026","01","26",7.7,,1.2,,4.0,,-2.8,,,"9",,,"9",,"9",0.5,,,"8",,"8",,"8",,"8",,"8",,"8",,"8",,"8",,"8",,"8",,"8",,"8",,"8",,"8",,"8",,"8",,"8",,"8",R,"12",,"04",,,"8"
"349190600",BIELSKO-BIA£A,"2026","01","27",3.8,,-0.6,,2.0,,-4.6,,,"9",,,"9",,"9",0.2,,,"8",,"8",,"8",,"8",,"8",,"8",,"8",,"8",,"8",,"8",,"8",,"8",,"8",,"8",,"8",,"8",,"8",,"8",R,,"9",,"9",,"8"
"349190600",BIELSKO-BIA£A,"2026","01","28",2.1,,-1.0,,0.7,,-4.0,,0.0,,W,,"9",,"9",,"9",,"8",,"8",,"8",,"8",,"8",,"8",,"8",,"8",,"8",,"8",,"8",,"8",,"8",,"8",,"8",,"8",,"8",,"8",Z,"10",,,"9",,"8"
"349190600",BIELSKO-BIA£A,"2026","01","29",0.2,,-1.7,,-1.3,,-1.5,,0.0,,S,,"9",,"9",,"9",,"8",,"8",,"8",,"8",,"8",,"8",,"8",,"8",,"8",,"8",,"8",,"8",,"8",,"8",,"8",,"8",,"8",,"8",Z,"05",,,"9",,"8"
"349190600",BIELSKO-BIA£A,"2026","01","30",-0.7,,-1.8,,-1.5,,-1.8,,0.0,,S,0,,,"9",,"9",,"8",,"8",,"8",,"8",,"8",,"8",,"8",,"8",,"8",,"8",,"8",,"8",,"8",,"8",,"8",,"8",,"8",,"8",Z,"05",,,"9",,"8"
"349190600",BIELSKO-BIA£A,"2026","01","31",-1.8,,-8.9,,-6.3,,-8.4,,,"9",,0,,,"9",,"9",,"8",,"8",,"8",,"8",,"8",,"8",,"8",,"8",,"8",,"8",,"8",,"8",,"8",,"8",,"8",,"8",,"8",,"8",Z,"09",,,"9",,"8"
"349190625",ZAKOPANE,"2026","01","01",2.4,,-7.4,,-1.3,,-8.0,,0.0,,S,26,,1.0,,2.2,,,"8",,"8",,"8",,"8",,"8",,"8",,"8",,"8",,"8",,"8",,"8",,"8",,"8",,"8",,"8",,"8",1,,,"8",Z,"10",,,"9",,"8"
"349190625",ZAKOPANE,"2026","01","02",3.0,,-2.9,,-1.1,,-4.5,,0.0,,S,18,,1.3,,,"9",,"8",,"8",,"8",,"8",,"8",,"8",,"8",,"8",,"8",,"8",,"8",,"8",,"8",,"8",,"8",,"8",1,,,"8",R,"10",,,"9",,"8"
"349190625",ZAKOPANE,"2026","01","03",-2.8,,-7.8,,-4.1,,-12.4,,0.0,,S,17,,1.6,,3.1,,,"8",,"8",,"8",,"8",,"8",,"8",,"8",,"8",,"8",,"8",,"8",,"8",,"8",,"8",,"8",,"8",1,,,"8",Z,"01",,,"9",,"8"
"349190625",ZAKOPANE,"2026","01","04",-2.3,,-8.7,,-5.8,,-12.2,,,"9",,17,,1.7,,6.0,,,"8",,"8",,"8",,"8",,"8",,"8",,"8",,"8",,"8",,"8",,"8",,"8",,"8",,"8",,"8",,"8",1,,,"8",R,"10",,,"9",,"8"
"349190625",ZAKOPANE,"2026","01","05",-4.7,,-14.8,,-9.2,,-20.8,,1.0,,S,17,,1.5,,4.2,,,"8",,"8",,"8",,"8",,"8",,"8",,"8",,"8",,"8",,"8",,"8",,"8",,"8",,"8",,"8",,"8",1,,,"8",R,"13",,,"9",,"8"
"349190625",ZAKOPANE,"2026","01","06",-5.5,,-7.5,,-6.8,,-8.6,,11.5,,S,16,,1.4,,,"9",,"8",,"8",,"8",,"8",,"8",,"8",,"8",,"8",,"8",,"8",,"8",,"8",,"8",,"8",,"8",,"8",1,,,"8",Z,"11",,,"9",,"8"
"349190625",ZAKOPANE,"2026","01","07",-6.8,,-9.1,,-8.4,,-10.1,,1.5,,S,31,,1.4,,1.5,,,"8",,"8",,"8",,"8",,"8",,"8",,"8",,"8",,"8",,"8",,"8",,"8",,"8",,"8",,"8",,"8",1,,,"8",Z,"10",,,"9",,"8"
"349190625",ZAKOPANE,"2026","01","08",-6.9,,-9.8,,-8.9,,-10.5,,0.7,,S,43,,1.1,,0.1,,,"8",,"8",,"8",,"8",,"8",,"8",,"8",,"8",,"8",,"8",,"8",,"8",,"8",,"8",,"8",,"8",1,,,"8",R,"01",,,"9",,"8"
"349190625",ZAKOPANE,"2026","01","09",-3.7,,-14.5,,-8.8,,-20.3,,0.0,,S,36,,1.1,,4.5,,,"8",,"8",,"8",,"8",,"8",,"8",,"8",,"8",,"8",,"8",,"8",,"8",,"8",,"8",,"8",,"8",1,,,"8",Z,"01",,,"9",,"8"
"349190625",ZAKOPANE,"2026","01","10",-5.1,,-14.2,,-9.4,,-16.8,,0.5,,S,34,,1.1,,,"9",,"8",,"8",,"8",,"8",,"8",,"8",,"8",,"8",,"8",,"8",,"8",,"8",,"8",,"8",,"8",,"8",1,,,"8",R,"01",,,"9",,"8"
"349190625",ZAKOPANE,"2026","01","11",-7.4,,-14.4,,-8.2,,-16.9,,4.1,,S,35,,1.0,,,"9",,"8",,"8",,"8",,"8",,"8",,"8",,"8",,"8",,"8",,"8",,"8",,"8",,"8",,"8",,"8",,"8",1,,,"8",R,"01",,,"9",,"8"
"349190625",ZAKOPANE,"2026","01","12",-5.7,,-10.3,,-8.6,,-16.0,,1.6,,S,50,,0.9,,5.1,,,"8",,"8",,"8",,"8",,"8",,"8",,"8",,"8",,"8",,"8",,"8",,"8",,"8",,"8",,"8",,"8",1,,,"8",R,"01",,,"9",,"8"
"349190625",ZAKOPANE,"2026","01","13",-0.4,,-12.1,,-4.6,,-19.2,,2.2,,S,46,,1.0,,,"9",,"8",,"8",,"8",,"8",,"8",,"8",,"8",,"8",,"8",,"8",,"8",,"8",,"8",,"8",,"8",,"8",1,,,"8",R,"01",,,"9",,"8"
"349190625",ZAKOPANE,"2026","01","14",2.8,,-8.0,,-2.2,,-11.5,,0.9,,W,41,,1.2,,0.1,,,"8",,"8",,"8",,"8",,"8",,"8",,"8",,"8",,"8",,"8",,"8",,"8",,"8",,"8",,"8",,"8",1,,,"8",R,"01",,,"9",,"8"
"349190625",ZAKOPANE,"2026","01","15",4.5,,-0.7,,1.9,,-2.9,,0.6,,W,32,,1.7,,0.2,,,"8",,"8",,"8",,"8",,"8",,"8",,"8",,"8",,"8",,"8",,"8",,"8",,"8",,"8",,"8",,"8",1,,,"8",Z,"01",,,"9",,"8"
"349190625",ZAKOPANE,"2026","01","16",5.8,,-0.5,,0.6,,-2.0,,,"9",,26,,2.2,,3.3,,,"8",,"8",,"8",,"8",,"8",,"8",,"8",,"8",,"8",,"8",,"8",,"8",,"8",,"8",,"8",,"8",1,,,"8",R,,"9",,"9",,"8"
"349190625",ZAKOPANE,"2026","01","17",3.6,,-5.7,,-2.3,,-9.7,,,"9",,26,,2.2,,6.7,,,"8",,"8",,"8",,"8",,"8",,"8",,"8",,"8",,"8",,"8",,"8",,"8",,"8",,"8",,"8",,"8",1,,,"8",Z,"01",,,"9",,"8"
"349190625",ZAKOPANE,"2026","01","18",4.0,,-9.3,,-4.8,,-14.2,,,"9",,26,,2.1,,6.7,,,"8",,"8",,"8",,"8",,"8",,"8",,"8",,"8",,"8",,"8",,"8",,"8",,"8",,"8",,"8",,"8",1,,,"8",R,"01",,,"9",,"8"
"349190625",ZAKOPANE,"2026","01","19",0.4,,-10.9,,-6.8,,-16.1,,,"9",,25,,1.9,,6.8,,,"8",,"8",,"8",,"8",,"8",,"8",,"8",,"8",,"8",,"8",,"8",,"8",,"8",,"8",,"8",,"8",1,,,"8",R,"01",,,"9",,"8"
"349190625",ZAKOPANE,"2026","01","20",0.6,,-12.2,,-7.6,,-17.9,,,"9",,25,,1.9,,6.8,,,"8",,"8",,"8",,"8",,"8",,"8",,"8",,"8",,"8",,"8",,"8",,"8",,"8",,"8",,"8",,"8",1,,,"8",Z,"01",,,"9",,"8"
"349190625",ZAKOPANE,"2026","01","21",2.4,,-11.9,,-6.5,,-16.4,,,"9",,25,,1.9,,6.0,,,"8",,"8",,"8",,"8",,"8",,"8",,"8",,"8",,"8",,"8",,"8",,"8",,"8",,"8",,"8",,"8",1,,,"8",Z,"01",,,"9",,"8"
"349190625",ZAKOPANE,"2026","01","22",0.3,,-8.2,,-3.3,,-12.2,,0.0,,W,25,,2.0,,,"9",,"8",,"8",,"8",,"8",,"8",,"8",,"8",,"8",,"8",,"8",,"8",,"8",,"8",,"8",,"8",,"8",1,,,"8",R,"01",,,"9",,"8"
"349190625",ZAKOPANE,"2026","01","23",1.7,,-3.0,,-1.0,,-5.4,,0.0,,S,25,,2.0,,0.4,,,"8",,"8",,"8",,"8",,"8",,"8",,"8",,"8",,"8",,"8",,"8",,"8",,"8",,"8",,"8",,"8",1,,,"8",Z,"01",,,"9",,"8"
"349190625",ZAKOPANE,"2026","01","24",3.2,,-3.2,,-0.3,,-7.7,,,"9",,25,,2.0,,0.1,,,"8",,"8",,"8",,"8",,"8",,"8",,"8",,"8",,"8",,"8",,"8",,"8",,"8",,"8",,"8",,"8",1,,,"8",R,"01",,,"9",,"8"
"349190625",ZAKOPANE,"2026","01","25",7.8,,-2.2,,1.5,,-5.0,,0.0,,W,25,,2.3,,0.5,,,"8",,"8",,"8",,"8",,"8",,"8",,"8",,"8",,"8",,"8",,"8",,"8",,"8",,"8",,"8",,"8",1,,,"8",R,"01",,,"9",,"8"
"349190625",ZAKOPANE,"2026","01","26",8.7,,1.4,,4.1,,0.5,,0.0,,W,22,,3.1,,,"9",,"8",,"8",,"8",,"8",,"8",,"8",,"8",,"8",,"8",,"8",,"8",,"8",,"8",,"8",,"8",,"8",1,,,"8",R,,"9",,"9",,"8"
"349190625",ZAKOPANE,"2026","01","27",3.3,,-3.8,,-1.3,,-6.4,,,"9",,18,,3.6,,7.0,,,"8",,"8",,"8",,"8",,"8",,"8",,"8",,"8",,"8",,"8",,"8",,"8",,"8",,"8",,"8",,"8",1,,,"8",R,"01",,,"9",,"8"
"349190625",ZAKOPANE,"2026","01","28",2.4,,-5.7,,-1.6,,-8.7,,0.6,,S,18,,3.4,,1.1,,,"8",,"8",,"8",,"8",,"8",,"8",,"8",,"8",,"8",,"8",,"8",,"8",,"8",,"8",,"8",,"8",1,,,"8",R,"01",,,"9",,"8"
"349190625",ZAKOPANE,"2026","01","29",0.2,,-2.9,,-1.7,,-2.8,,0.2,,S,20,,3.2,,,"9",,"8",,"8",,"8",,"8",,"8",,"8",,"8",,"8",,"8",,"8",,"8",,"8",,"8",,"8",,"8",,"8",1,,,"8",R,"01",,,"9",,"8"
"349190625",ZAKOPANE,"2026","01","30",-2.9,,-4.1,,-3.6,,-4.1,,0.0,,S,20,,3.3,,,"9",,"8",,"8",,"8",,"8",,"8",,"8",,"8",,"8",,"8",,"8",,"8",,"8",,"8",,"8",,"8",,"8",1,,,"8",Z,"01",,,"9",,"8"
"349190625",ZAKOPANE,"2026","01","31",-2.9,,-8.6,,-6.5,,-8.4,,0.0,,W,20,,3.2,,,"9",,"8",,"8",,"8",,"8",,"8",,"8",,"8",,"8",,"8",,"8",,"8",,"8",,"8",,"8",,"8",,"8",1,,,"8",Z,"01",,,"9",,"8"
"349190650",KASPROWY WIERCH,"2026","01","01",-8.7,,-15.8,,-10.3,,,"8",0.5,,S,47,,2.1,,0.9,,,"9",12.5,,,"9",,"9",11.3,,,"9",11.3,,,"9",,"9",24.0,,,"9",13.0,,6.0,,,"9",,"9",,"9",1,,0,,R,,"8",,"8",,"8"
"349190650",KASPROWY WIERCH,"2026","01","02",-8.4,,-12.8,,-11.2,,,"8",1.8,,S,45,,2.2,,,"9",,"9",14.2,,,"9",,"9",13.5,,,"9",13.5,,,"9",,"9",24.0,,,"9",17.3,,,"9",,"9",,"9",,"9",1,,0,,R,,"8",,"8",,"8"
"349190650",KASPROWY WIERCH,"2026","01","03",-11.7,,-14.7,,-13.5,,,"8",0.8,,S,44,,2.5,,3.7,,,"9",9.9,,,"9",,"9",10.9,,,"9",10.9,,,"9",,"9",24.0,,,"9",11.5,,1.0,,,"9",,"9",,"9",1,,0,,R,,"8",,"8",,"8"
"349190650",KASPROWY WIERCH,"2026","01","04",-12.4,,-15.3,,-13.3,,,"8",,"9",,42,,2.5,,7.2,,,"9",1.2,,,"9",,"9",1.3,,,"9",1.3,,,"9",,"9",23.4,,,"9",5.7,,,"9",,"9",,"9",,"9",1,,0,,R,,"8",,"8",,"8"
"349190650",KASPROWY WIERCH,"2026","01","05",-9.5,,-14.3,,-10.5,,,"8",2.7,,S,40,,2.4,,5.0,,,"9",8.4,,,"9",,"9",7.7,,,"9",7.7,,,"9",,"9",11.5,,,"9",0.2,,,"9",,"9",,"9",,"9",1,,0,,Z,,"8",,"8",,"8"
"349190650",KASPROWY WIERCH,"2026","01","06",-7.3,,-12.8,,-10.4,,,"8",15.0,,S,43,,2.5,,,"9",,"9",16.5,,,"9",,"9",23.6,,,"9",23.6,,,"9",,"9",9.7,,,"9",,"9",,"9",,"9",,"9",,"9",1,,0,,Z,,"8",,"8",,"8"
"349190650",KASPROWY WIERCH,"2026","01","07",-12.5,,-16.0,,-14.5,,,"8",2.0,,S,55,,2.1,,2.2,,,"9",19.7,,,"9",,"9",16.8,,,"9",16.8,,,"9",,"9",16.9,,,"9",,"9",,"9",,"9",,"9",,"9",1,,0,,R,,"8",,"8",,"8"
"349190650",KASPROWY WIERCH,"2026","01","08",-13.7,,-17.1,,-15.5,,,"8",4.2,,S,57,,2.0,,,"9",,"9",20.5,,,"9",,"9",21.5,,,"9",21.5,,,"9",,"9",23.9,,,"9",0.7,,,"9",,"9",,"9",,"9",1,,0,,R,,"8",,"8",,"8"
"349190650",KASPROWY WIERCH,"2026","01","09",-8.9,,-17.8,,-13.3,,,"8",0.5,,S,64,,1.9,,4.7,,,"9",0.5,,,"9",,"9",5.5,,,"9",5.5,,,"9",,"9",9.8,,,"9",,"9",,"9",,"9",,"9",,"9",1,,0,,R,,"8",,"8",,"8"
"349190650",KASPROWY WIERCH,"2026","01","10",-7.8,,-18.6,,-12.7,,,"8",4.4,,S,65,,2.0,,1.5,,,"9",4.6,,,"9",,"9",15.1,,,"9",15.1,,,"9",,"9",18.5,,,"9",4.3,,,"9",,"9",,"9",,"9",1,,0,,R,,"8",,"8",,"8"
"349190650",KASPROWY WIERCH,"2026","01","11",-15.9,,-18.5,,-16.4,,,"8",13.5,,S,69,,2.1,,,"9",,"9",24.0,,,"9",,"9",24.0,,,"9",24.0,,,"9",,"9",24.0,,,"9",,"9",,"9",,"9",,"9",,"9",1,,0,,Z,,"8",,"8",,"8"
"349190650",KASPROWY WIERCH,"2026","01","12",-13.6,,-16.9,,-15.1,,,"8",2.0,,S,79,,2.0,,4.5,,,"9",7.7,,,"9",,"9",10.3,,,"9",10.3,,,"9",,"9",10.7,,,"9",,"9",,"9",,"9",,"9",,"9",1,,0,,Z,,"8",,"8",,"8"
"349190650",KASPROWY WIERCH,"2026","01","13",-4.4,,-14.6,,-6.8,,,"8",3.3,,S,80,,2.0,,,"9",,"9",13.9,,,"9",,"9",15.8,,,"9",15.8,,,"9",,"9",17.5,,,"9",3.3,,,"9",,"9",,"9",,"9",1,,0,,R,,"8",,"8",,"8"
"349190650",KASPROWY WIERCH,"2026","01","14",0.3,,-6.3,,-2.2,,,"8",3.3,,S,80,,2.3,,0.1,,,"9",8.3,,,"9",,"9",10.3,,,"9",10.3,,,"9",,"9",17.0,,,"9",0.7,,,"9",,"9",,"9",,"9",1,,0,,R,,"8",,"8",,"8"
"349190650",KASPROWY WIERCH,"2026","01","15",-1.7,,-8.2,,-3.8,,,"8",1.4,,S,80,,2.4,,4.2,,,"9",9.9,,,"9",,"9",17.0,,,"9",17.0,,,"9",,"9",6.8,,,"9",,"9",,"9",,"9",,"9",,"9",1,,0,,R,,"8",,"8",,"8"
"349190650",KASPROWY WIERCH,"2026","01","16",1.3,,-5.2,,-3.4,,,"8",0.0,,S,81,,2.4,,6.5,,,"9",1.0,,,"9",,"9",17.6,,,"9",17.6,,,"9",,"9",,"9",,"9",,"9",,"9",,"9",,"9",,"9",1,,0,,R,,"8",,"8",,"8"
"349190650",KASPROWY WIERCH,"2026","01","17",-0.6,,-6.0,,-3.8,,,"8",,"9",,79,,2.4,,8.0,,,"9",,"9",,"9",,"9",5.3,,,"9",5.3,,,"9",,"9",,"9",,"9",1.2,,,"9",,"9",,"9",,"9",1,,0,,R,,"8",,"8",,"8"
"349190650",KASPROWY WIERCH,"2026","01","18",-0.2,,-4.1,,-1.4,,,"8",,"9",,76,,2.5,,8.0,,,"9",,"9",,"9",,"9",,"9",,"9",,"9",,"9",,"9",3.5,,,"9",0.8,,,"9",,"9",,"9",,"9",1,,0,,R,,"8",,"8",,"8"
"349190650",KASPROWY WIERCH,"2026","01","19",0.2,,-4.7,,-2.4,,,"8",,"9",,75,,2.4,,8.0,,,"9",,"9",,"9",,"9",,"9",,"9",,"9",,"9",,"9",12.5,,,"9",10.2,,,"9",,"9",,"9",,"9",1,,0,,Z,,"8",,"8",,"8"
"349190650",KASPROWY WIERCH,"2026","01","20",-2.3,,-6.3,,-4.4,,,"8",,"9",,74,,2.4,,8.1,,,"9",,"9",,"9",,"9",,"9",,"9",,"9",,"9",,"9",22.7,,,"9",24.0,,2.2,,,"9",,"9",,"9",1,,0,,Z,,"8",,"8",,"8"
"349190650",KASPROWY WIERCH,"2026","01","21",-2.8,,-6.9,,-5.1,,,"8",,"9",,73,,2.4,,6.5,,,"9",,"9",,"9",,"9",,"9",,"9",,"9",,"9",,"9",21.3,,,"9",21.2,,2.3,,,"9",,"9",,"9",1,,0,,Z,,"8",,"8",,"8"
"349190650",KASPROWY WIERCH,"2026","01","22",-4.0,,-9.6,,-6.1,,,"8",1.3,,S,72,,2.4,,,"9",,"9",10.1,,,"9",,"9",5.2,,,"9",5.2,,,"9",,"9",10.6,,,"9",8.0,,,"9",,"9",,"9",,"9",1,,0,,Z,,"8",,"8",,"8"
"349190650",KASPROWY WIERCH,"2026","01","23",-4.3,,-7.0,,-5.7,,,"8",2.0,,S,70,,2.4,,,"9",,"9",2.7,,,"9",,"9",14.0,,,"9",14.0,,,"9",,"9",15.3,,,"9",3.8,,,"9",,"9",,"9",,"9",1,,0,,R,,"8",,"8",,"8"
"349190650",KASPROWY WIERCH,"2026","01","24",-3.0,,-6.3,,-4.0,,,"8",1.1,,S,70,,2.4,,,"9",,"9",10.1,,,"9",,"9",24.0,,,"9",24.0,,,"9",,"9",24.0,,,"9",22.0,,0.5,,,"9",,"9",,"9",1,,0,,R,,"8",,"8",,"8"
"349190650",KASPROWY WIERCH,"2026","01","25",-0.9,,-3.2,,-2.4,,,"8",4.2,,S,70,,2.4,,,"9",,"9",16.8,,,"9",,"9",24.0,,,"9",24.0,,,"9",,"9",24.0,,,"9",17.3,,1.2,,,"9",,"9",,"9",1,,0,,R,,"8",,"8",,"8"
"349190650",KASPROWY WIERCH,"2026","01","26",-0.7,,-5.6,,-2.9,,,"8",1.7,,S,69,,2.5,,,"9",,"9",9.7,,,"9",,"9",14.8,,,"9",14.8,,,"9",,"9",14.5,,,"9",8.5,,3.3,,,"9",,"9",,"9",1,,0,,R,,"8",,"8",,"8"
"349190650",KASPROWY WIERCH,"2026","01","27",-4.2,,-7.8,,-6.6,,,"8",,"9",,71,,2.6,,5.5,,,"9",,"9",,"9",,"9",10.3,,,"9",10.3,,,"9",,"9",7.8,,,"9",8.5,,1.7,,,"9",,"9",,"9",1,,0,,R,,"8",,"8",,"8"
"349190650",KASPROWY WIERCH,"2026","01","28",-3.5,,-8.2,,-5.8,,,"8",1.4,,S,69,,2.8,,,"9",,"9",3.6,,,"9",,"9",19.0,,,"9",19.0,,,"9",,"9",18.3,,,"9",12.5,,4.7,,,"9",,"9",,"9",1,,0,,R,,"8",,"8",,"8"
"349190650",KASPROWY WIERCH,"2026","01","29",-1.1,,-4.3,,-3.0,,,"8",0.8,,S,70,,3.0,,,"9",,"9",11.8,,,"9",,"9",24.0,,,"9",24.0,,,"9",,"9",,"9",,"9",,"9",,"9",,"9",,"9",,"9",1,,0,,Z,,"8",,"8",,"8"
"349190650",KASPROWY WIERCH,"2026","01","30",-3.3,,-6.8,,-5.1,,,"8",,"9",,70,,2.9,,5.0,,,"9",,"9",,"9",,"9",13.6,,,"9",13.6,,,"9",,"9",,"9",,"9",,"9",,"9",,"9",,"9",,"9",1,,0,,Z,,"8",,"8",,"8"
"349190650",KASPROWY WIERCH,"2026","01","31",-2.8,,-6.7,,-5.9,,,"8",,"9",,68,,3.1,,2.3,,,"9",,"9",,"9",,"9",7.9,,,"9",7.9,,,"9",,"9",,"9",,"9",,"9",,"9",,"9",,"9",,"9",1,,0,,R,,"8",,"8",,"8"
"349200628",HALA G•SIENICOWA,"2026","01","01",-5.4,,-12.4,,-7.3,,-12.7,,0.3,,S,48,,2.2,,,"9",,"8",,"8",,"8",,"8",,"8",,"8",,"8",,"8",,"8",,"8",,"8",,"8",,"8",,"8",,"8",,"8",1,,,"8",R,"01",,,"9",,"8"
"349200628",HALA G•SIENICOWA,"2026","01","02",-4.3,,-8.6,,-6.9,,-9.8,,2.0,,S,34,,2.2,,,"9",,"8",,"8",,"8",,"8",,"8",,"8",,"8",,"8",,"8",,"8",,"8",,"8",,"8",,"8",,"8",,"8",1,,,"8",R,"01",,,"9",,"8"
"349200628",HALA G•SIENICOWA,"2026","01","03",-7.5,,-11.2,,-9.2,,-14.6,,1.4,,S,36,,2.1,,2.3,,,"8",,"8",,"8",,"8",,"8",,"8",,"8",,"8",,"8",,"8",,"8",,"8",,"8",,"8",,"8",,"8",1,,,"8",R,"01",,,"9",,"8"
"349200628",HALA G•SIENICOWA,"2026","01","04",-7.0,,-12.3,,-9.6,,-16.8,,,"9",,35,,2.1,,4.5,,,"8",,"8",,"8",,"8",,"8",,"8",,"8",,"8",,"8",,"8",,"8",,"8",,"8",,"8",,"8",,"8",1,,,"8",R,"01",,,"9",,"8"
"349200628",HALA G•SIENICOWA,"2026","01","05",-5.2,,-12.2,,-8.8,,-14.9,,2.3,,S,33,,2.2,,3.5,,,"8",,"8",,"8",,"8",,"8",,"8",,"8",,"8",,"8",,"8",,"8",,"8",,"8",,"8",,"8",,"8",1,,,"8",R,"01",,,"9",,"8"
"349200628",HALA G•SIENICOWA,"2026","01","06",-8.1,,-12.0,,-10.3,,-12.8,,14.4,,S,34,,2.6,,,"9",,"8",,"8",,"8",,"8",,"8",,"8",,"8",,"8",,"8",,"8",,"8",,"8",,"8",,"8",,"8",,"8",1,,,"8",R,"01",,,"9",,"8"
"349200628",HALA G•SIENICOWA,"2026","01","07",-10.7,,-14.3,,-12.6,,-14.7,,1.5,,S,56,,1.9,,0.8,,,"8",,"8",,"8",,"8",,"8",,"8",,"8",,"8",,"8",,"8",,"8",,"8",,"8",,"8",,"8",,"8",1,,,"8",R,,"8",,"8",,"8"
"349200628",HALA G•SIENICOWA,"2026","01","08",-11.5,,-14.3,,-13.3,,-14.6,,1.4,,S,62,,2.1,,,"9",,"8",,"8",,"8",,"8",,"8",,"8",,"8",,"8",,"8",,"8",,"8",,"8",,"8",,"8",,"8",,"8",1,,,"8",R,"01",,,"9",,"8"
"349200628",HALA G•SIENICOWA,"2026","01","09",-6.9,,-16.4,,-11.2,,-19.3,,0.1,,S,63,,2.2,,3.6,,,"8",,"8",,"8",,"8",,"8",,"8",,"8",,"8",,"8",,"8",,"8",,"8",,"8",,"8",,"8",,"8",1,,,"8",R,"01",,,"9",,"8"
"349200628",HALA G•SIENICOWA,"2026","01","10",-4.6,,-15.7,,-10.0,,-20.7,,1.3,,S,56,,2.3,,0.1,,,"8",,"8",,"8",,"8",,"8",,"8",,"8",,"8",,"8",,"8",,"8",,"8",,"8",,"8",,"8",,"8",1,,,"8",R,"01",,,"9",,"8"
"349200628",HALA G•SIENICOWA,"2026","01","11",-12.8,,-15.7,,-13.3,,-18.2,,6.5,,S,60,,1.8,,,"9",,"8",,"8",,"8",,"8",,"8",,"8",,"8",,"8",,"8",,"8",,"8",,"8",,"8",,"8",,"8",,"8",1,,,"8",R,"01",,,"9",,"8"
"349200628",HALA G•SIENICOWA,"2026","01","12",-9.8,,-13.7,,-12.5,,-15.8,,1.8,,S,91,,1.5,,3.0,,,"8",,"8",,"8",,"8",,"8",,"8",,"8",,"8",,"8",,"8",,"8",,"8",,"8",,"8",,"8",,"8",1,,,"8",R,"01",,,"9",,"8"
"349200628",HALA G•SIENICOWA,"2026","01","13",-1.9,,-12.1,,-4.6,,-13.7,,5.4,,S,75,,1.5,,,"9",,"8",,"8",,"8",,"8",,"8",,"8",,"8",,"8",,"8",,"8",,"8",,"8",,"8",,"8",,"8",,"8",1,,,"8",R,"01",,,"9",,"8"
"349200628",HALA G•SIENICOWA,"2026","01","14",4.2,,-4.7,,0.3,,-7.0,,4.8,,S,68,,1.7,,0.3,,,"8",,"8",,"8",,"8",,"8",,"8",,"8",,"8",,"8",,"8",,"8",,"8",,"8",,"8",,"8",,"8",1,,,"8",R,"01",,,"9",,"8"
"349200628",HALA G•SIENICOWA,"2026","01","15",1.5,,-5.0,,-0.8,,-6.4,,1.1,,S,65,,1.7,,3.3,,,"8",,"8",,"8",,"8",,"8",,"8",,"8",,"8",,"8",,"8",,"8",,"8",,"8",,"8",,"8",,"8",1,,,"8",R,"01",,,"9",,"8"
"349200628",HALA G•SIENICOWA,"2026","01","16",3.6,,-2.9,,-0.5,,-7.1,,,"9",,61,,2.1,,5.1,,,"8",,"8",,"8",,"8",,"8",,"8",,"8",,"8",,"8",,"8",,"8",,"8",,"8",,"8",,"8",,"8",1,,,"8",R,"01",,,"9",,"8"
"349200628",HALA G•SIENICOWA,"2026","01","17",1.1,,-4.2,,-1.9,,-7.9,,,"9",,57,,2.5,,5.2,,,"8",,"8",,"8",,"8",,"8",,"8",,"8",,"8",,"8",,"8",,"8",,"8",,"8",,"8",,"8",,"8",1,,,"8",R,"01",,,"9",,"8"
"349200628",HALA G•SIENICOWA,"2026","01","18",4.1,,-3.3,,-0.2,,-9.1,,,"9",,58,,2.3,,5.1,,,"8",,"8",,"8",,"8",,"8",,"8",,"8",,"8",,"8",,"8",,"8",,"8",,"8",,"8",,"8",,"8",1,,,"8",R,"01",,,"9",,"8"
"349200628",HALA G•SIENICOWA,"2026","01","19",3.3,,-3.3,,-0.8,,-8.3,,,"9",,57,,2.6,,5.3,,,"8",,"8",,"8",,"8",,"8",,"8",,"8",,"8",,"8",,"8",,"8",,"8",,"8",,"8",,"8",,"8",1,,,"8",R,"01",,,"9",,"8"
"349200628",HALA G•SIENICOWA,"2026","01","20",2.3,,-2.3,,-0.2,,-6.1,,,"9",,55,,2.3,,5.3,,,"8",,"8",,"8",,"8",,"8",,"8",,"8",,"8",,"8",,"8",,"8",,"8",,"8",,"8",,"8",,"8",1,,,"8",R,"01",,,"9",,"8"
"349200628",HALA G•SIENICOWA,"2026","01","21",3.7,,-1.2,,1.1,,-5.3,,,"9",,54,,2.6,,5.4,,,"8",,"8",,"8",,"8",,"8",,"8",,"8",,"8",,"8",,"8",,"8",,"8",,"8",,"8",,"8",,"8",1,,,"8",R,"01",,,"9",,"8"
"349200628",HALA G•SIENICOWA,"2026","01","22",0.9,,-4.1,,-1.6,,-6.2,,0.3,,S,52,,2.7,,,"9",,"8",,"8",,"8",,"8",,"8",,"8",,"8",,"8",,"8",,"8",,"8",,"8",,"8",,"8",,"8",,"8",1,,,"8",R,"01",,,"9",,"8"
"349200628",HALA G•SIENICOWA,"2026","01","23",-0.5,,-2.8,,-1.7,,-4.9,,0.0,,S,52,,2.5,,,"9",,"8",,"8",,"8",,"8",,"8",,"8",,"8",,"8",,"8",,"8",,"8",,"8",,"8",,"8",,"8",,"8",1,,,"8",R,"01",,,"9",,"8"
"349200628",HALA G•SIENICOWA,"2026","01","24",1.3,,-2.8,,0.0,,-5.7,,0.2,,S,51,,2.7,,,"9",,"8",,"8",,"8",,"8",,"8",,"8",,"8",,"8",,"8",,"8",,"8",,"8",,"8",,"8",,"8",,"8",1,,,"8",R,"01",,,"9",,"8"
"349200628",HALA G•SIENICOWA,"2026","01","25",3.4,,-0.3,,1.8,,-0.6,,2.3,,S,50,,2.7,,0.1,,,"8",,"8",,"8",,"8",,"8",,"8",,"8",,"8",,"8",,"8",,"8",,"8",,"8",,"8",,"8",,"8",1,,,"8",R,"01",,,"9",,"8"
"349200628",HALA G•SIENICOWA,"2026","01","26",4.1,,-1.5,,0.9,,-2.6,,0.8,,S,48,,2.9,,,"9",,"8",,"8",,"8",,"8",,"8",,"8",,"8",,"8",,"8",,"8",,"8",,"8",,"8",,"8",,"8",,"8",1,,,"8",R,,"9",,"9",,"8"
"349200628",HALA G•SIENICOWA,"2026","01","27",-0.3,,-6.4,,-3.2,,-9.0,,0.2,,S,45,,2.8,,4.7,,,"8",,"8",,"8",,"8",,"8",,"8",,"8",,"8",,"8",,"8",,"8",,"8",,"8",,"8",,"8",,"8",1,,,"8",R,"01",,,"9",,"8"
"349200628",HALA G•SIENICOWA,"2026","01","28",-1.5,,-3.8,,-2.7,,-4.6,,0.7,,S,45,,2.8,,0.8,,,"8",,"8",,"8",,"8",,"8",,"8",,"8",,"8",,"8",,"8",,"8",,"8",,"8",,"8",,"8",,"8",1,,,"8",R,,"9",,"9",,"8"
"349200628",HALA G•SIENICOWA,"2026","01","29",0.2,,-3.7,,-1.8,,-3.7,,0.4,,S,45,,2.8,,,"9",,"8",,"8",,"8",,"8",,"8",,"8",,"8",,"8",,"8",,"8",,"8",,"8",,"8",,"8",,"8",,"8",1,,,"8",R,"01",,,"9",,"8"
"349200628",HALA G•SIENICOWA,"2026","01","30",-2.3,,-5.8,,-4.3,,-9.0,,,"9",,44,,2.7,,4.6,,,"8",,"8",,"8",,"8",,"8",,"8",,"8",,"8",,"8",,"8",,"8",,"8",,"8",,"8",,"8",,"8",1,,,"8",R,"01",,,"9",,"8"
"349200628",HALA G•SIENICOWA,"2026","01","31",0.2,,-5.3,,-3.1,,-8.3,,,"9",,44,,3.1,,3.1,,,"8",,"8",,"8",,"8",,"8",,"8",,"8",,"8",,"8",,"8",,"8",,"8",,"8",,"8",,"8",,"8",1,,,"8",R,"01",,,"9",,"8"
"349200660",NOWY S•CZ,"2026","01","01",3.4,,-3.4,,0.2,,-5.5,,0.0,,,,"8",,"8",1.4,,,"8",,"8",,"8",,"8",,"8",,"8",,"8",,"8",,"8",,"8",,"8",,"8",,"8",,"8",,"8",,"8",,"8",,"8",R,"01",,,"9",,"8"
"349200660",NOWY S•CZ,"2026","01","02",3.5,,0.5,,2.0,,-2.9,,0.0,,W,,"9",,"9",1.2,,,"8",,"8",,"8",,"8",,"8",,"8",,"8",,"8",,"8",,"8",,"8",,"8",,"8",,"8",,"8",,"8",,"8",,"8",R,,"9",,"9",,"8"
"349200660",NOWY S•CZ,"2026","01","03",2.2,,-1.0,,-0.4,,-5.7,,0.0,,,,"8",,"8",3.7,,,"8",,"8",,"8",,"8",,"8",,"8",,"8",,"8",,"8",,"8",,"8",,"8",,"8",,"8",,"8",,"8",,"8",,"8",R,"01",,,"9",,"8"
"349200660",NOWY S•CZ,"2026","01","04",1.6,,-5.6,,-1.7,,-8.4,,,"9",,,"8",,"8",6.9,,,"8",,"8",,"8",,"8",,"8",,"8",,"8",,"8",,"8",,"8",,"8",,"8",,"8",,"8",,"8",,"8",,"8",,"8",R,"08",,,"9",,"8"
"349200660",NOWY S•CZ,"2026","01","05",-1.4,,-9.9,,-4.8,,-12.5,,0.0,,W,,"9",,"9",5.0,,,"8",,"8",,"8",,"8",,"8",,"8",,"8",,"8",,"8",,"8",,"8",,"8",,"8",,"8",,"8",,"8",,"8",,"8",Z,"13",,,"9",,"8"
"349200660",NOWY S•CZ,"2026","01","06",-1.1,,-3.7,,-2.8,,-5.1,,9.5,,S,,"8",,"8",,"9",,"8",,"8",,"8",,"8",,"8",,"8",,"8",,"8",,"8",,"8",,"8",,"8",,"8",,"8",,"8",,"8",,"8",,"8",R,"13",,,"9",,"8"
"349200660",NOWY S•CZ,"2026","01","07",-2.9,,-5.4,,-5.1,,-5.7,,1.5,,S,15,,0.7,,,"9",,"8",,"8",,"8",,"8",,"8",,"8",,"8",,"8",,"8",,"8",,"8",,"8",,"8",,"8",,"8",,"8",1,,,"8",Z,"10",,,"9",,"8"
"349200660",NOWY S•CZ,"2026","01","08",-4.6,,-6.6,,-5.6,,-7.3,,0.1,,S,20,,0.8,,,"9",,"8",,"8",,"8",,"8",,"8",,"8",,"8",,"8",,"8",,"8",,"8",,"8",,"8",,"8",,"8",,"8",1,,,"8",Z,"05",,,"9",,"8"
"349200660",NOWY S•CZ,"2026","01","09",-4.2,,-15.1,,-8.7,,-23.3,,0.0,,W,18,,0.8,,5.8,,,"8",,"8",,"8",,"8",,"8",,"8",,"8",,"8",,"8",,"8",,"8",,"8",,"8",,"8",,"8",,"8",1,,,"8",Z,"01",,,"9",,"8"
"349200660",NOWY S•CZ,"2026","01","10",-9.4,,-14.6,,-12.2,,-21.6,,0.3,,,,"8",,"8",1.3,,,"8",,"8",,"8",,"8",,"8",,"8",,"8",,"8",,"8",,"8",,"8",,"8",,"8",,"8",,"8",,"8",,"8",,"8",R,"05",,,"9",,"8"
"349200660",NOWY S•CZ,"2026","01","11",-3.0,,-14.8,,-4.3,,-20.0,,1.8,,S,,"8",,"8",,"9",,"8",,"8",,"8",,"8",,"8",,"8",,"8",,"8",,"8",,"8",,"8",,"8",,"8",,"8",,"8",,"8",,"8",,"8",R,"05",,,"9",,"8"
"349200660",NOWY S•CZ,"2026","01","12",-3.0,,-8.6,,-5.7,,-15.4,,0.2,,S,28,,1.1,,,"9",,"8",,"8",,"8",,"8",,"8",,"8",,"8",,"8",,"8",,"8",,"8",,"8",,"8",,"8",,"8",,"8",1,,,"8",Z,"01",,,"9",,"8"
"349200660",NOWY S•CZ,"2026","01","13",-5.4,,-13.4,,-7.6,,-18.0,,2.5,,S,24,,1.2,,,"9",,"8",,"8",,"8",,"8",,"8",,"8",,"8",,"8",,"8",,"8",,"8",,"8",,"8",,"8",,"8",,"8",1,,,"8",Z,"01",,,"9",,"8"
"349200660",NOWY S•CZ,"2026","01","14",-0.2,,-7.6,,-3.1,,-13.5,,0.7,,W,24,,1.3,,0.6,,,"8",,"8",,"8",,"8",,"8",,"8",,"8",,"8",,"8",,"8",,"8",,"8",,"8",,"8",,"8",,"8",1,,,"8",Z,"01",,,"9",,"8"
"349200660",NOWY S•CZ,"2026","01","15",2.6,,-1.8,,0.5,,-4.2,,,"9",,20,,1.6,,,"9",,"8",,"8",,"8",,"8",,"8",,"8",,"8",,"8",,"8",,"8",,"8",,"8",,"8",,"8",,"8",,"8",1,,,"8",Z,"01",,,"9",,"8"
"349200660",NOWY S•CZ,"2026","01","16",6.0,,0.6,,2.2,,-3.4,,,"9",,17,,1.9,,6.9,,,"8",,"8",,"8",,"8",,"8",,"8",,"8",,"8",,"8",,"8",,"8",,"8",,"8",,"8",,"8",,"8",1,,,"8",Z,,"9",,"9",,"8"
"349200660",NOWY S•CZ,"2026","01","17",6.0,,-6.6,,-1.7,,-12.0,,,"9",,,"8",,"8",7.7,,,"8",,"8",,"8",,"8",,"8",,"8",,"8",,"8",,"8",,"8",,"8",,"8",,"8",,"8",,"8",,"8",,"8",,"8",R,"01",,,"9",,"8"
"349200660",NOWY S•CZ,"2026","01","18",-0.1,,-13.3,,-7.6,,-19.8,,,"9",,,"8",,"8",7.6,,,"8",,"8",,"8",,"8",,"8",,"8",,"8",,"8",,"8",,"8",,"8",,"8",,"8",,"8",,"8",,"8",,"8",,"8",R,"01",,,"9",,"8"
"349200660",NOWY S•CZ,"2026","01","19",2.4,,-14.3,,-7.5,,-20.3,,,"9",,16,,1.8,,7.7,,,"8",,"8",,"8",,"8",,"8",,"8",,"8",,"8",,"8",,"8",,"8",,"8",,"8",,"8",,"8",,"8",1,,,"8",Z,"01",,,"9",,"8"
"349200660",NOWY S•CZ,"2026","01","20",2.5,,-12.2,,-5.9,,-18.1,,,"9",,16,,2.3,,7.7,,,"8",,"8",,"8",,"8",,"8",,"8",,"8",,"8",,"8",,"8",,"8",,"8",,"8",,"8",,"8",,"8",1,,,"8",Z,"01",,,"9",,"8"
"349200660",NOWY S•CZ,"2026","01","21",5.7,,-11.5,,-4.4,,-17.2,,,"9",,15,,2.5,,7.2,,,"8",,"8",,"8",,"8",,"8",,"8",,"8",,"8",,"8",,"8",,"8",,"8",,"8",,"8",,"8",,"8",1,,,"8",Z,"01",,,"9",,"8"
"349200660",NOWY S•CZ,"2026","01","22",2.6,,-9.7,,-3.5,,-14.5,,,"9",,14,,2.6,,,"9",,"8",,"8",,"8",,"8",,"8",,"8",,"8",,"8",,"8",,"8",,"8",,"8",,"8",,"8",,"8",,"8",1,,,"8",Z,"01",,,"9",,"8"
"349200660",NOWY S•CZ,"2026","01","23",0.1,,-4.9,,-2.8,,-5.0,,0.0,,W,14,,2.4,,1.5,,,"8",,"8",,"8",,"8",,"8",,"8",,"8",,"8",,"8",,"8",,"8",,"8",,"8",,"8",,"8",,"8",1,,,"8",Z,"01",,,"9",,"8"
"349200660",NOWY S•CZ,"2026","01","24",3.1,,-4.2,,-0.9,,-7.9,,0.0,,,,"8",,"8",0.5,,,"8",,"8",,"8",,"8",,"8",,"8",,"8",,"8",,"8",,"8",,"8",,"8",,"8",,"8",,"8",,"8",,"8",,"8",R,"01",,,"9",,"8"
"349200660",NOWY S•CZ,"2026","01","25",7.9,,-2.7,,1.9,,-6.4,,0.2,,,,"8",,"8",3.3,,,"8",,"8",,"8",,"8",,"8",,"8",,"8",,"8",,"8",,"8",,"8",,"8",,"8",,"8",,"8",,"8",,"8",,"8",R,"01",,,"9",,"8"
"349200660",NOWY S•CZ,"2026","01","26",8.9,,1.6,,5.3,,0.4,,0.0,,W,13,,2.7,,,"9",,"8",,"8",,"8",,"8",,"8",,"8",,"8",,"8",,"8",,"8",,"8",,"8",,"8",,"8",,"8",,"8",1,,,"8",Z,,"9",,"9",,"8"
"349200660",NOWY S•CZ,"2026","01","27",5.7,,-1.0,,1.3,,-3.1,,,"9",,8,,3.9,,4.5,,,"8",,"8",,"8",,"8",,"8",,"8",,"8",,"8",,"8",,"8",,"8",,"8",,"8",,"8",,"8",,"8",1,,,"8",Z,"01",,,"9",,"8"
"349200660",NOWY S•CZ,"2026","01","28",2.0,,-5.7,,-2.1,,-7.7,,1.8,,S,7,,4.6,,1.4,,,"8",,"8",,"8",,"8",,"8",,"8",,"8",,"8",,"8",,"8",,"8",,"8",,"8",,"8",,"8",,"8",1,,,"8",Z,"01",,,"9",,"8"
"349200660",NOWY S•CZ,"2026","01","29",0.9,,-0.8,,-0.1,,-1.0,,0.1,,S,9,,3.7,,,"9",,"8",,"8",,"8",,"8",,"8",,"8",,"8",,"8",,"8",,"8",,"8",,"8",,"8",,"8",,"8",,"8",1,,,"8",Z,"01",,,"9",,"8"
"349200660",NOWY S•CZ,"2026","01","30",0.6,,-0.8,,-0.3,,-1.0,,0.9,,W,9,,4.0,,,"9",,"8",,"8",,"8",,"8",,"8",,"8",,"8",,"8",,"8",,"8",,"8",,"8",,"8",,"8",,"8",,"8",1,,,"8",Z,"01",,,"9",,"8"
"349200660",NOWY S•CZ,"2026","01","31",-0.3,,-8.3,,-6.0,,-8.4,,0.0,,,,"8",,"8",,"9",,"8",,"8",,"8",,"8",,"8",,"8",,"8",,"8",,"8",,"8",,"8",,"8",,"8",,"8",,"8",,"8",,"8",,"8",R,"01",,,"9",,"8"
"349210670",KROSNO,"2026","01","01",-0.4,,-5.5,,-3.2,,-7.5,,0.0,,S,5,,1.8,,,"9",,"8",,"8",,"8",,"8",,"8",,"8",,"8",,"8",,"8",,"8",,"8",,"8",,"8",,"8",,"8",,"8",1,,,"8",Z,"06",,,"9",,"8"
"349210670",KROSNO,"2026","01","02",0.3,,-1.7,,-0.7,,-2.2,,0.0,,S,4,,,"9",0.1,,,"8",,"8",,"8",,"8",,"8",,"8",,"8",,"8",,"8",,"8",,"8",,"8",,"8",,"8",,"8",,"8",1,,,"8",Z,"05",,,"9",,"8"
"349210670",KROSNO,"2026","01","03",1.0,,-2.9,,-1.6,,-3.8,,0.0,,S,4,,,"9",2.6,,,"8",,"8",,"8",,"8",,"8",,"8",,"8",,"8",,"8",,"8",,"8",,"8",,"8",,"8",,"8",,"8",1,,,"8",Z,"08",,,"9",,"8"
"349210670",KROSNO,"2026","01","04",1.4,,-3.7,,-2.1,,-5.3,,,"9",,4,,,"9",6.4,,,"8",,"8",,"8",,"8",,"8",,"8",,"8",,"8",,"8",,"8",,"8",,"8",,"8",,"8",,"8",,"8",1,,,"8",Z,"09",,,"9",,"8"
"349210670",KROSNO,"2026","01","05",-1.2,,-7.5,,-3.9,,-8.9,,1.9,,S,3,,,"9",5.4,,,"8",,"8",,"8",,"8",,"8",,"8",,"8",,"8",,"8",,"8",,"8",,"8",,"8",,"8",,"8",,"8",1,,,"8",Z,"11",,,"9",,"8"
"349210670",KROSNO,"2026","01","06",-2.5,,-5.2,,-4.2,,-5.8,,5.5,,S,6,,1.7,,,"9",,"8",,"8",,"8",,"8",,"8",,"8",,"8",,"8",,"8",,"8",,"8",,"8",,"8",,"8",,"8",,"8",1,,,"8",Z,"11",,,"9",,"8"
"349210670",KROSNO,"2026","01","07",-3.8,,-5.6,,-5.3,,-5.9,,1.3,,S,17,,1.1,,,"9",,"8",,"8",,"8",,"8",,"8",,"8",,"8",,"8",,"8",,"8",,"8",,"8",,"8",,"8",,"8",,"8",1,,,"8",Z,"10",,,"9",,"8"
"349210670",KROSNO,"2026","01","08",-5.4,,-6.8,,-6.2,,-6.8,,0.8,,S,17,,1.1,,,"9",,"8",,"8",,"8",,"8",,"8",,"8",,"8",,"8",,"8",,"8",,"8",,"8",,"8",,"8",,"8",,"8",1,,,"8",Z,"05",,,"9",,"8"
"349210670",KROSNO,"2026","01","09",-3.8,,-9.8,,-7.4,,-16.5,,0.0,,S,20,,1.2,,6.6,,,"8",,"8",,"8",,"8",,"8",,"8",,"8",,"8",,"8",,"8",,"8",,"8",,"8",,"8",,"8",,"8",1,,,"8",Z,"01",,,"9",,"8"
"349210670",KROSNO,"2026","01","10",-9.7,,-14.6,,-11.6,,-17.0,,0.4,,S,20,,1.5,,,"9",,"8",,"8",,"8",,"8",,"8",,"8",,"8",,"8",,"8",,"8",,"8",,"8",,"8",,"8",,"8",,"8",1,,,"8",Z,"05",,,"9",,"8"
"349210670",KROSNO,"2026","01","11",-3.2,,-10.8,,-5.4,,-11.2,,2.5,,S,20,,1.6,,,"9",,"8",,"8",,"8",,"8",,"8",,"8",,"8",,"8",,"8",,"8",,"8",,"8",,"8",,"8",,"8",,"8",1,,,"8",Z,"01",,,"9",,"8"
"349210670",KROSNO,"2026","01","12",-4.9,,-5.7,,-5.7,,-8.1,,0.1,,S,23,,1.5,,,"9",,"8",,"8",,"8",,"8",,"8",,"8",,"8",,"8",,"8",,"8",,"8",,"8",,"8",,"8",,"8",,"8",1,,,"8",Z,"01",,,"9",,"8"
"349210670",KROSNO,"2026","01","13",-5.6,,-10.4,,-7.6,,-15.1,,0.5,,S,24,,1.7,,,"9",,"8",,"8",,"8",,"8",,"8",,"8",,"8",,"8",,"8",,"8",,"8",,"8",,"8",,"8",,"8",,"8",1,,,"8",Z,"01",,,"9",,"8"
"349210670",KROSNO,"2026","01","14",-2.9,,-6.3,,-4.2,,-9.2,,2.4,,S,26,,1.7,,0.3,,,"8",,"8",,"8",,"8",,"8",,"8",,"8",,"8",,"8",,"8",,"8",,"8",,"8",,"8",,"8",,"8",1,,,"8",Z,"01",,,"9",,"8"
"349210670",KROSNO,"2026","01","15",1.1,,-3.3,,-0.5,,-3.4,,,"9",,23,,2.2,,0.5,,,"8",,"8",,"8",,"8",,"8",,"8",,"8",,"8",,"8",,"8",,"8",,"8",,"8",,"8",,"8",,"8",1,,,"8",Z,"01",,,"9",,"8"
"349210670",KROSNO,"2026","01","16",3.0,,-3.1,,-0.4,,-4.9,,,"9",,22,,2.0,,3.4,,,"8",,"8",,"8",,"8",,"8",,"8",,"8",,"8",,"8",,"8",,"8",,"8",,"8",,"8",,"8",,"8",1,,,"8",Z,"01",,,"9",,"8"
"349210670",KROSNO,"2026","01","17",2.3,,-5.1,,-2.7,,-6.5,,,"9",,20,,2.5,,8.0,,,"8",,"8",,"8",,"8",,"8",,"8",,"8",,"8",,"8",,"8",,"8",,"8",,"8",,"8",,"8",,"8",1,,,"8",Z,"01",,,"9",,"8"
"349210670",KROSNO,"2026","01","18",-2.3,,-11.7,,-7.8,,-13.4,,,"9",,18,,2.4,,8.3,,,"8",,"8",,"8",,"8",,"8",,"8",,"8",,"8",,"8",,"8",,"8",,"8",,"8",,"8",,"8",,"8",1,,,"8",Z,"01",,,"9",,"8"
"349210670",KROSNO,"2026","01","19",1.3,,-9.6,,-3.9,,-10.8,,,"9",,18,,2.5,,8.2,,,"8",,"8",,"8",,"8",,"8",,"8",,"8",,"8",,"8",,"8",,"8",,"8",,"8",,"8",,"8",,"8",1,,,"8",Z,"01",,,"9",,"8"
"349210670",KROSNO,"2026","01","20",2.4,,-5.4,,-1.8,,-8.4,,,"9",,17,,2.4,,8.3,,,"8",,"8",,"8",,"8",,"8",,"8",,"8",,"8",,"8",,"8",,"8",,"8",,"8",,"8",,"8",,"8",1,,,"8",Z,"01",,,"9",,"8"
"349210670",KROSNO,"2026","01","21",4.0,,-3.4,,-0.1,,-8.6,,,"9",,17,,2.6,,7.8,,,"8",,"8",,"8",,"8",,"8",,"8",,"8",,"8",,"8",,"8",,"8",,"8",,"8",,"8",,"8",,"8",1,,,"8",Z,"01",,,"9",,"8"
"349210670",KROSNO,"2026","01","22",1.9,,-5.9,,-1.7,,-7.0,,1.2,,S,16,,2.7,,,"9",,"8",,"8",,"8",,"8",,"8",,"8",,"8",,"8",,"8",,"8",,"8",,"8",,"8",,"8",,"8",,"8",1,,,"8",Z,"01",,,"9",,"8"
"349210670",KROSNO,"2026","01","23",1.1,,-4.4,,-2.2,,-4.1,,2.5,,S,17,,2.1,,,"9",,"8",,"8",,"8",,"8",,"8",,"8",,"8",,"8",,"8",,"8",,"8",,"8",,"8",,"8",,"8",,"8",1,,,"8",Z,"01",,,"9",,"8"
"349210670",KROSNO,"2026","01","24",2.5,,-1.8,,0.9,,-2.1,,1.8,,S,20,,2.1,,,"9",,"8",,"8",,"8",,"8",,"8",,"8",,"8",,"8",,"8",,"8",,"8",,"8",,"8",,"8",,"8",,"8",1,,,"8",Z,"01",,,"9",,"8"
"349210670",KROSNO,"2026","01","25",7.0,,1.4,,4.2,,0.9,,0.0,,W,17,,2.6,,1.1,,,"8",,"8",,"8",,"8",,"8",,"8",,"8",,"8",,"8",,"8",,"8",,"8",,"8",,"8",,"8",,"8",1,,,"8",R,,"9",,"9",,"8"
"349210670",KROSNO,"2026","01","26",8.2,,2.2,,5.0,,1.5,,0.8,,W,11,,3.5,,,"9",,"8",,"8",,"8",,"8",,"8",,"8",,"8",,"8",,"8",,"8",,"8",,"8",,"8",,"8",,"8",,"8",1,,,"8",R,,"9",,"9",,"8"
"349210670",KROSNO,"2026","01","27",5.6,,0.9,,2.1,,-0.6,,,"9",,7,,3.6,,1.6,,,"8",,"8",,"8",,"8",,"8",,"8",,"8",,"8",,"8",,"8",,"8",,"8",,"8",,"8",,"8",,"8",1,,,"8",R,,"9",,"9",,"8"
"349210670",KROSNO,"2026","01","28",2.9,,-0.8,,1.6,,-2.2,,0.0,,S,5,,4.0,,,"9",,"8",,"8",,"8",,"8",,"8",,"8",,"8",,"8",,"8",,"8",,"8",,"8",,"8",,"8",,"8",,"8",1,,,"8",Z,"01",,,"9",,"8"
"349210670",KROSNO,"2026","01","29",1.5,,-1.3,,-0.4,,-1.3,,0.0,,S,4,,,"9",,"9",,"8",,"8",,"8",,"8",,"8",,"8",,"8",,"8",,"8",,"8",,"8",,"8",,"8",,"8",,"8",,"8",1,,,"8",R,,"9",,"9",,"8"
"349210670",KROSNO,"2026","01","30",0.4,,-1.1,,-0.8,,-1.1,,0.0,,S,4,,,"9",,"9",,"8",,"8",,"8",,"8",,"8",,"8",,"8",,"8",,"8",,"8",,"8",,"8",,"8",,"8",,"8",,"8",1,,,"8",Z,"01",,,"9",,"8"
"349210670",KROSNO,"2026","01","31",-1.1,,-10.2,,-8.0,,-9.9,,0.0,,S,4,,,"9",0.6,,,"8",,"8",,"8",,"8",,"8",,"8",,"8",,"8",,"8",,"8",,"8",,"8",,"8",,"8",,"8",,"8",1,,,"8",Z,"05",,,"9",,"8"
"349220690",LESKO,"2026","01","01",-0.8,,-6.0,,-3.0,,-7.4,,0.0,,S,6,,0.8,,,"9",,"8",,"8",,"8",,"8",,"8",,"8",,"8",,"8",,"8",,"8",,"8",,"8",,"8",,"8",,"8",,"8",1,,,"8",Z,"01",,,"9",,"8"
"349220690",LESKO,"2026","01","02",0.5,,-0.9,,-0.1,,-1.7,,0.0,,S,5,,1.0,,,"9",,"8",,"8",,"8",,"8",,"8",,"8",,"8",,"8",,"8",,"8",,"8",,"8",,"8",,"8",,"8",,"8",1,,,"8",Z,"01",,,"9",,"8"
"349220690",LESKO,"2026","01","03",0.6,,-3.6,,-1.6,,-7.5,,0.0,,S,4,,,"9",1.9,,,"8",,"8",,"8",,"8",,"8",,"8",,"8",,"8",,"8",,"8",,"8",,"8",,"8",,"8",,"8",,"8",1,,,"8",Z,"07",,,"9",,"8"
"349220690",LESKO,"2026","01","04",0.6,,-3.7,,-1.9,,-6.2,,,"9",,4,,,"9",5.5,,,"8",,"8",,"8",,"8",,"8",,"8",,"8",,"8",,"8",,"8",,"8",,"8",,"8",,"8",,"8",,"8",1,,,"8",Z,"08",,,"9",,"8"
"349220690",LESKO,"2026","01","05",-1.5,,-10.5,,-5.5,,-12.1,,5.0,,S,4,,,"9",4.4,,,"8",,"8",,"8",,"8",,"8",,"8",,"8",,"8",,"8",,"8",,"8",,"8",,"8",,"8",,"8",,"8",1,,,"8",Z,"10",,,"9",,"8"
"349220690",LESKO,"2026","01","06",-3.5,,-5.4,,-4.6,,-6.0,,11.4,,S,9,,1.0,,,"9",,"8",,"8",,"8",,"8",,"8",,"8",,"8",,"8",,"8",,"8",,"8",,"8",,"8",,"8",,"8",,"8",1,,,"8",Z,"10",,,"9",,"8"
"349220690",LESKO,"2026","01","07",-4.4,,-6.2,,-5.8,,-5.8,,2.4,,S,22,,1.2,,,"9",,"8",,"8",,"8",,"8",,"8",,"8",,"8",,"8",,"8",,"8",,"8",,"8",,"8",,"8",,"8",,"8",1,,,"8",Z,"08",,,"9",,"8"
"349220690",LESKO,"2026","01","08",-5.8,,-6.8,,-6.3,,-6.7,,1.8,,S,25,,1.1,,,"9",,"8",,"8",,"8",,"8",,"8",,"8",,"8",,"8",,"8",,"8",,"8",,"8",,"8",,"8",,"8",,"8",1,,,"8",Z,"05",,,"9",,"8"
"349220690",LESKO,"2026","01","09",-4.1,,-8.7,,-7.6,,-11.1,,0.0,,S,28,,1.1,,6.5,,,"8",,"8",,"8",,"8",,"8",,"8",,"8",,"8",,"8",,"8",,"8",,"8",,"8",,"8",,"8",,"8",1,,,"8",Z,"05",,,"9",,"8"
"349220690",LESKO,"2026","01","10",-8.6,,-14.4,,-12.0,,-17.9,,0.2,,S,27,,1.2,,,"9",,"8",,"8",,"8",,"8",,"8",,"8",,"8",,"8",,"8",,"8",,"8",,"8",,"8",,"8",,"8",,"8",1,,,"8",Z,"01",,,"9",,"8"
"349220690",LESKO,"2026","01","11",-4.1,,-11.9,,-6.2,,-14.4,,2.8,,S,26,,1.4,,,"9",,"8",,"8",,"8",,"8",,"8",,"8",,"8",,"8",,"8",,"8",,"8",,"8",,"8",,"8",,"8",,"8",1,,,"8",Z,"01",,,"9",,"8"
"349220690",LESKO,"2026","01","12",-5.2,,-6.2,,-5.9,,-6.1,,0.8,,S,32,,1.4,,,"9",,"8",,"8",,"8",,"8",,"8",,"8",,"8",,"8",,"8",,"8",,"8",,"8",,"8",,"8",,"8",,"8",1,,,"8",Z,"01",,,"9",,"8"
"349220690",LESKO,"2026","01","13",-5.8,,-11.5,,-7.3,,-16.6,,1.3,,S,34,,1.3,,,"9",,"8",,"8",,"8",,"8",,"8",,"8",,"8",,"8",,"8",,"8",,"8",,"8",,"8",,"8",,"8",,"8",1,,,"8",Z,"01",,,"9",,"8"
"349220690",LESKO,"2026","01","14",-0.5,,-6.7,,-3.6,,-9.0,,1.2,,S,35,,1.4,,0.8,,,"8",,"8",,"8",,"8",,"8",,"8",,"8",,"8",,"8",,"8",,"8",,"8",,"8",,"8",,"8",,"8",1,,,"8",Z,"01",,,"9",,"8"
"349220690",LESKO,"2026","01","15",2.5,,-1.9,,0.0,,-3.9,,,"9",,31,,1.5,,1.4,,,"8",,"8",,"8",,"8",,"8",,"8",,"8",,"8",,"8",,"8",,"8",,"8",,"8",,"8",,"8",,"8",1,,,"8",Z,"01",,,"9",,"8"
"349220690",LESKO,"2026","01","16",5.1,,-2.9,,-0.4,,-6.4,,,"9",,27,,2.0,,5.9,,,"8",,"8",,"8",,"8",,"8",,"8",,"8",,"8",,"8",,"8",,"8",,"8",,"8",,"8",,"8",,"8",1,,,"8",Z,"01",,,"9",,"8"
"349220690",LESKO,"2026","01","17",3.8,,-5.5,,-2.6,,-9.2,,,"9",,25,,1.9,,8.0,,,"8",,"8",,"8",,"8",,"8",,"8",,"8",,"8",,"8",,"8",,"8",,"8",,"8",,"8",,"8",,"8",1,,,"8",Z,"01",,,"9",,"8"
"349220690",LESKO,"2026","01","18",2.0,,-12.1,,-6.9,,-15.7,,,"9",,24,,2.0,,8.1,,,"8",,"8",,"8",,"8",,"8",,"8",,"8",,"8",,"8",,"8",,"8",,"8",,"8",,"8",,"8",,"8",1,,,"8",Z,"01",,,"9",,"8"
"349220690",LESKO,"2026","01","19",1.6,,-12.7,,-6.7,,-15.4,,,"9",,24,,2.0,,8.1,,,"8",,"8",,"8",,"8",,"8",,"8",,"8",,"8",,"8",,"8",,"8",,"8",,"8",,"8",,"8",,"8",1,,,"8",Z,"01",,,"9",,"8"
"349220690",LESKO,"2026","01","20",3.9,,-9.7,,-3.7,,-14.1,,,"9",,24,,2.0,,8.1,,,"8",,"8",,"8",,"8",,"8",,"8",,"8",,"8",,"8",,"8",,"8",,"8",,"8",,"8",,"8",,"8",1,,,"8",Z,"01",,,"9",,"8"
"349220690",LESKO,"2026","01","21",7.1,,-6.5,,-1.1,,-12.0,,,"9",,23,,2.0,,7.5,,,"8",,"8",,"8",,"8",,"8",,"8",,"8",,"8",,"8",,"8",,"8",,"8",,"8",,"8",,"8",,"8",1,,,"8",Z,"01",,,"9",,"8"
"349220690",LESKO,"2026","01","22",-0.1,,-8.5,,-3.8,,-10.3,,0.0,,W,23,,2.0,,,"9",,"8",,"8",,"8",,"8",,"8",,"8",,"8",,"8",,"8",,"8",,"8",,"8",,"8",,"8",,"8",,"8",1,,,"8",Z,"01",,,"9",,"8"
"349220690",LESKO,"2026","01","23",3.5,,-1.9,,0.0,,-3.0,,1.2,,S,23,,2.0,,,"9",,"8",,"8",,"8",,"8",,"8",,"8",,"8",,"8",,"8",,"8",,"8",,"8",,"8",,"8",,"8",,"8",1,,,"8",Z,"01",,,"9",,"8"
"349220690",LESKO,"2026","01","24",2.9,,-1.2,,0.8,,-2.1,,1.2,,S,22,,2.4,,,"9",,"8",,"8",,"8",,"8",,"8",,"8",,"8",,"8",,"8",,"8",,"8",,"8",,"8",,"8",,"8",,"8",1,,,"8",Z,"01",,,"9",,"8"
"349220690",LESKO,"2026","01","25",8.7,,0.4,,4.2,,0.3,,0.0,,W,20,,2.2,,2.2,,,"8",,"8",,"8",,"8",,"8",,"8",,"8",,"8",,"8",,"8",,"8",,"8",,"8",,"8",,"8",,"8",1,,,"8",R,,"9",,"9",,"8"
"349220690",LESKO,"2026","01","26",7.8,,2.1,,4.5,,0.5,,3.1,,W,16,,2.8,,,"9",,"8",,"8",,"8",,"8",,"8",,"8",,"8",,"8",,"8",,"8",,"8",,"8",,"8",,"8",,"8",,"8",1,,,"8",R,,"9",,"9",,"8"
"349220690",LESKO,"2026","01","27",3.9,,0.2,,1.7,,-0.8,,0.1,,W,12,,3.3,,0.2,,,"8",,"8",,"8",,"8",,"8",,"8",,"8",,"8",,"8",,"8",,"8",,"8",,"8",,"8",,"8",,"8",1,,,"8",R,,"9",,"9",,"8"
"349220690",LESKO,"2026","01","28",4.3,,-2.7,,2.3,,-2.1,,2.6,,S,10,,3.0,,,"9",,"8",,"8",,"8",,"8",,"8",,"8",,"8",,"8",,"8",,"8",,"8",,"8",,"8",,"8",,"8",,"8",1,,,"8",R,,"9",,"9",,"8"
"349220690",LESKO,"2026","01","29",2.1,,-1.1,,-0.2,,-0.7,,,"9",,8,,3.3,,,"9",,"8",,"8",,"8",,"8",,"8",,"8",,"8",,"8",,"8",,"8",,"8",,"8",,"8",,"8",,"8",,"8",1,,,"8",R,,"9",,"9",,"8"
"349220690",LESKO,"2026","01","30",0.3,,-1.5,,-1.1,,-1.4,,0.0,,S,8,,3.5,,,"9",,"8",,"8",,"8",,"8",,"8",,"8",,"8",,"8",,"8",,"8",,"8",,"8",,"8",,"8",,"8",,"8",1,,,"8",Z,"01",,,"9",,"8"
"349220690",LESKO,"2026","01","31",-1.5,,-11.0,,-8.1,,-9.8,,0.0,,S,8,,3.1,,0.7,,,"8",,"8",,"8",,"8",,"8",,"8",,"8",,"8",,"8",,"8",,"8",,"8",,"8",,"8",,"8",,"8",1,,,"8",Z,"01",,,"9",,"8"
"350150500",JELENIA G”RA,"2026","01","01",1.7,,-0.1,,0.8,,-0.5,,0.0,,W,8,,2.1,,0.2,,,"8",,"8",,"8",,"8",,"8",,"8",,"8",,"8",,"8",,"8",,"8",,"8",,"8",,"8",,"8",,"8",1,,,"8",R,,"9",,"9",,"8"
"350150500",JELENIA G”RA,"2026","01","02",2.1,,-0.8,,0.5,,-1.1,,0.0,,S,8,,1.5,,0.4,,,"8",,"8",,"8",,"8",,"8",,"8",,"8",,"8",,"8",,"8",,"8",,"8",,"8",,"8",,"8",,"8",1,,,"8",R,,"9",,"9",,"8"
"350150500",JELENIA G”RA,"2026","01","03",0.5,,-2.3,,-1.2,,-3.8,,0.0,,S,8,,1.8,,3.9,,,"8",,"8",,"8",,"8",,"8",,"8",,"8",,"8",,"8",,"8",,"8",,"8",,"8",,"8",,"8",,"8",1,,,"8",Z,"01",,,"9",,"8"
"350150500",JELENIA G”RA,"2026","01","04",-0.1,,-2.7,,-1.5,,-3.9,,0.0,,S,7,,2.1,,1.4,,,"8",,"8",,"8",,"8",,"8",,"8",,"8",,"8",,"8",,"8",,"8",,"8",,"8",,"8",,"8",,"8",1,,,"8",Z,"01",,,"9",,"8"
"350150500",JELENIA G”RA,"2026","01","05",-0.7,,-13.4,,-7.6,,-18.7,,,"9",,7,,1.9,,6.8,,,"8",,"8",,"8",,"8",,"8",,"8",,"8",,"8",,"8",,"8",,"8",,"8",,"8",,"8",,"8",,"8",1,,,"8",Z,"01",,,"9",,"8"
"350150500",JELENIA G”RA,"2026","01","06",-4.1,,-15.2,,-9.9,,-19.5,,0.0,,S,7,,1.7,,6.0,,,"8",,"8",,"8",,"8",,"8",,"8",,"8",,"8",,"8",,"8",,"8",,"8",,"8",,"8",,"8",,"8",1,,,"8",Z,"05",,,"9",,"8"
"350150500",JELENIA G”RA,"2026","01","07",-3.2,,-12.4,,-8.3,,-17.1,,0.0,,S,6,,1.8,,2.4,,,"8",,"8",,"8",,"8",,"8",,"8",,"8",,"8",,"8",,"8",,"8",,"8",,"8",,"8",,"8",,"8",1,,,"8",Z,"05",,,"9",,"8"
"350150500",JELENIA G”RA,"2026","01","08",-6.1,,-20.9,,-15.2,,-24.1,,,"9",,6,,2.0,,7.2,,,"8",,"8",,"8",,"8",,"8",,"8",,"8",,"8",,"8",,"8",,"8",,"8",,"8",,"8",,"8",,"8",1,,,"8",Z,"09",,,"9",,"8"
"350150500",JELENIA G”RA,"2026","01","09",-2.0,,-18.1,,-7.3,,-21.8,,2.4,,S,6,,1.8,,,"9",,"8",,"8",,"8",,"8",,"8",,"8",,"8",,"8",,"8",,"8",,"8",,"8",,"8",,"8",,"8",,"8",1,,,"8",Z,"12",,,"9",,"8"
"350150500",JELENIA G”RA,"2026","01","10",-3.5,,-11.1,,-8.0,,-15.8,,0.3,,S,11,,1.8,,4.5,,,"8",,"8",,"8",,"8",,"8",,"8",,"8",,"8",,"8",,"8",,"8",,"8",,"8",,"8",,"8",,"8",1,,,"8",Z,"10",,,"9",,"8"
"350150500",JELENIA G”RA,"2026","01","11",-5.0,,-8.2,,-6.2,,-8.1,,0.0,,S,12,,1.6,,0.2,,,"8",,"8",,"8",,"8",,"8",,"8",,"8",,"8",,"8",,"8",,"8",,"8",,"8",,"8",,"8",,"8",1,,,"8",Z,"10",,,"9",,"8"
"350150500",JELENIA G”RA,"2026","01","12",-4.6,,-19.6,,-9.9,,-24.0,,3.5,,S,12,,1.6,,0.5,,,"8",,"8",,"8",,"8",,"8",,"8",,"8",,"8",,"8",,"8",,"8",,"8",,"8",,"8",,"8",,"8",1,,,"8",Z,"10",,,"9",,"8"
"350150500",JELENIA G”RA,"2026","01","13",3.0,,-4.6,,0.1,,-4.6,,0.3,,W,13,,3.0,,0.1,,,"8",,"8",,"8",,"8",,"8",,"8",,"8",,"8",,"8",,"8",,"8",,"8",,"8",,"8",,"8",,"8",1,,,"8",Z,"10",,,"9",,"8"
"350150500",JELENIA G”RA,"2026","01","14",7.8,,-0.8,,3.1,,-2.3,,0.0,,W,8,,1.8,,0.5,,,"8",,"8",,"8",,"8",,"8",,"8",,"8",,"8",,"8",,"8",,"8",,"8",,"8",,"8",,"8",,"8",1,,,"8",Z,,"9",,"9",,"8"
"350150500",JELENIA G”RA,"2026","01","15",4.2,,0.2,,1.6,,-0.8,,0.1,,W,6,,2.0,,0.1,,,"8",,"8",,"8",,"8",,"8",,"8",,"8",,"8",,"8",,"8",,"8",,"8",,"8",,"8",,"8",,"8",1,,,"8",Z,"01",,,"9",,"8"
"350150500",JELENIA G”RA,"2026","01","16",5.2,,-4.7,,-0.7,,-6.2,,,"9",,4,,,"9",5.9,,,"8",,"8",,"8",,"8",,"8",,"8",,"8",,"8",,"8",,"8",,"8",,"8",,"8",,"8",,"8",,"8",1,,,"8",Z,"01",,,"9",,"8"
"350150500",JELENIA G”RA,"2026","01","17",6.3,,-7.3,,1.3,,-9.3,,,"9",,4,,,"9",3.8,,,"8",,"8",,"8",,"8",,"8",,"8",,"8",,"8",,"8",,"8",,"8",,"8",,"8",,"8",,"8",,"8",1,,,"8",Z,"01",,,"9",,"8"
"350150500",JELENIA G”RA,"2026","01","18",6.9,,1.9,,4.0,,0.8,,,"9",,,"9",,"9",7.7,,,"8",,"8",,"8",,"8",,"8",,"8",,"8",,"8",,"8",,"8",,"8",,"8",,"8",,"8",,"8",,"8",,"8",,"8",Z,,"9",,"9",,"8"
"350150500",JELENIA G”RA,"2026","01","19",5.8,,1.2,,2.8,,0.3,,,"9",,,"9",,"9",7.7,,,"8",,"8",,"8",,"8",,"8",,"8",,"8",,"8",,"8",,"8",,"8",,"8",,"8",,"8",,"8",,"8",,"8",,"8",Z,,"9",,"9",,"8"
"350150500",JELENIA G”RA,"2026","01","20",5.8,,-5.2,,0.3,,-8.5,,,"9",,,"9",,"9",7.8,,,"8",,"8",,"8",,"8",,"8",,"8",,"8",,"8",,"8",,"8",,"8",,"8",,"8",,"8",,"8",,"8",,"8",,"8",Z,"01",,,"9",,"8"
"350150500",JELENIA G”RA,"2026","01","21",6.3,,-10.6,,-3.7,,-12.9,,,"9",,,"9",,"9",7.8,,,"8",,"8",,"8",,"8",,"8",,"8",,"8",,"8",,"8",,"8",,"8",,"8",,"8",,"8",,"8",,"8",,"8",,"8",Z,"09",,,"9",,"8"
"350150500",JELENIA G”RA,"2026","01","22",3.2,,-11.2,,-4.4,,-13.3,,,"9",,,"9",,"9",7.7,,,"8",,"8",,"8",,"8",,"8",,"8",,"8",,"8",,"8",,"8",,"8",,"8",,"8",,"8",,"8",,"8",,"8",,"8",Z,"14",,,"9",,"8"
"350150500",JELENIA G”RA,"2026","01","23",-0.7,,-7.9,,-3.4,,-10.6,,,"9",,,"9",,"9",,"9",,"8",,"8",,"8",,"8",,"8",,"8",,"8",,"8",,"8",,"8",,"8",,"8",,"8",,"8",,"8",,"8",,"8",,"8",Z,"16",,,"9",,"8"
"350150500",JELENIA G”RA,"2026","01","24",0.0,,-4.8,,-2.5,,-4.9,,,"9",,,"9",,"9",,"9",,"8",,"8",,"8",,"8",,"8",,"8",,"8",,"8",,"8",,"8",,"8",,"8",,"8",,"8",,"8",,"8",,"8",,"8",Z,"17",,,"9",,"8"
"350150500",JELENIA G”RA,"2026","01","25",3.2,,-4.2,,-0.2,,-4.9,,1.0,,W,,"9",,"9",0.3,,,"8",,"8",,"8",,"8",,"8",,"8",,"8",,"8",,"8",,"8",,"8",,"8",,"8",,"8",,"8",,"8",,"8",,"8",Z,"16",,,"9",,"8"
"350150500",JELENIA G”RA,"2026","01","26",6.2,,1.4,,3.4,,0.6,,0.5,,W,,"9",,"9",0.2,,,"8",,"8",,"8",,"8",,"8",,"8",,"8",,"8",,"8",,"8",,"8",,"8",,"8",,"8",,"8",,"8",,"8",,"8",R,,"9",,"9",,"8"
"350150500",JELENIA G”RA,"2026","01","27",2.7,,-2.2,,-0.9,,-3.0,,0.0,,S,0,,,"9",,"9",,"8",,"8",,"8",,"8",,"8",,"8",,"8",,"8",,"8",,"8",,"8",,"8",,"8",,"8",,"8",,"8",,"8",,"8",Z,"01",,,"9",,"8"
"350150500",JELENIA G”RA,"2026","01","28",-0.4,,-1.5,,-0.9,,-2.1,,,"9",,1,,,"9",,"9",,"8",,"8",,"8",,"8",,"8",,"8",,"8",,"8",,"8",,"8",,"8",,"8",,"8",,"8",,"8",,"8",1,,,"8",Z,"01",,,"9",,"8"
"350150500",JELENIA G”RA,"2026","01","29",-0.6,,-3.0,,-1.9,,-2.8,,0.4,,S,1,,,"9",,"9",,"8",,"8",,"8",,"8",,"8",,"8",,"8",,"8",,"8",,"8",,"8",,"8",,"8",,"8",,"8",,"8",1,,,"8",Z,"01",,,"9",,"8"
"350150500",JELENIA G”RA,"2026","01","30",-1.1,,-2.3,,-1.9,,-2.3,,0.3,,S,1,,,"9",,"9",,"8",,"8",,"8",,"8",,"8",,"8",,"8",,"8",,"8",,"8",,"8",,"8",,"8",,"8",,"8",,"8",1,,,"8",Z,"10",,,"9",,"8"
"350150500",JELENIA G”RA,"2026","01","31",-1.8,,-6.2,,-4.8,,-6.1,,,"9",,2,,,"9",,"9",,"8",,"8",,"8",,"8",,"8",,"8",,"8",,"8",,"8",,"8",,"8",,"8",,"8",,"8",,"8",,"8",1,,,"8",Z,"10",,,"9",,"8"
"350150510",åNIEØKA,"2026","01","01",-6.0,,-9.7,,-8.3,,,"8",10.3,,S,22,,3.1,,,"9",,"9",7.0,,,"9",,"9",24.0,,,"9",24.0,,,"9",,"9",24.0,,,"9",24.0,,18.7,,,"9",,"9",,"9",1,,0,,Z,,"8",,"8",,"8"
"350150510",åNIEØKA,"2026","01","02",-8.5,,-9.7,,-9.2,,,"8",7.2,,S,28,,3.1,,,"9",,"9",17.5,,,"9",,"9",24.0,,,"9",24.0,,,"9",,"9",24.0,,,"9",24.0,,17.0,,,"9",,"9",,"9",1,,0,,Z,,"8",,"8",,"8"
"350150510",åNIEØKA,"2026","01","03",-9.6,,-12.4,,-11.3,,,"8",4.0,,S,32,,3.1,,,"9",,"9",6.4,,,"9",,"9",24.0,,,"9",24.0,,,"9",,"9",24.0,,,"9",24.0,,13.2,,,"9",,"9",,"9",1,,0,,Z,,"8",,"8",,"8"
"350150510",åNIEØKA,"2026","01","04",-10.6,,-12.2,,-11.4,,,"8",2.0,,S,34,,3.1,,,"9",,"9",2.6,,,"9",,"9",24.0,,,"9",24.0,,,"9",,"9",24.0,,,"9",21.8,,11.5,,,"9",,"9",,"9",1,,0,,Z,,"8",,"8",,"8"
"350150510",åNIEØKA,"2026","01","05",-10.8,,-13.6,,-12.5,,,"8",0.2,,W,35,,3.1,,0.4,,,"9",,"9",,"9",,"9",22.2,,,"9",22.2,,,"9",,"9",19.2,,,"9",7.7,,,"9",,"9",,"9",,"9",1,,0,,Z,,"8",,"8",,"8"
"350150510",åNIEØKA,"2026","01","06",-6.1,,-14.8,,-13.3,,,"8",,"9",,35,,3.2,,5.1,,,"9",,"9",,"9",,"9",15.1,,,"9",15.1,,,"9",3.0,,5.2,,,"9",,"9",,"9",,"9",,"9",,"9",1,,0,,Z,,"8",,"8",,"8"
"350150510",åNIEØKA,"2026","01","07",-10.8,,-15.6,,-12.5,,,"8",,"9",,34,,3.2,,7.3,,,"9",,"9",,"9",,"9",5.1,,,"9",5.1,,,"9",,"9",,"9",,"9",,"9",,"9",,"9",,"9",,"9",1,,0,,Z,,"8",,"8",,"8"
"350150510",åNIEØKA,"2026","01","08",-9.8,,-13.1,,-11.2,,,"8",,"9",,33,,3.2,,7.9,,,"9",,"9",,"9",,"9",,"9",,"9",,"9",,"9",,"9",,"9",,"9",,"9",,"9",,"9",,"9",,"9",1,,0,,Z,,"8",,"8",,"8"
"350150510",åNIEØKA,"2026","01","09",-4.4,,-13.5,,-8.2,,,"8",11.0,,S,33,,3.2,,,"9",,"9",11.5,,,"9",,"9",16.3,,,"9",16.3,,,"9",,"9",16.7,,,"9",17.5,,0.5,,,"9",,"9",,"9",1,,0,,Z,,"8",,"8",,"8"
"350150510",åNIEØKA,"2026","01","10",-4.3,,-15.5,,-11.0,,,"8",2.4,,S,39,,3.2,,0.3,,,"9",2.8,,,"9",,"9",22.1,,,"9",22.1,,,"9",5.3,,17.7,,,"9",16.8,,12.5,,,"9",,"9",,"9",1,,0,,Z,,"8",,"8",,"8"
"350150510",åNIEØKA,"2026","01","11",-12.8,,-15.3,,-14.4,,,"8",1.5,,S,40,,3.2,,,"9",,"9",2.6,,,"9",,"9",24.0,,,"9",24.0,,,"9",,"9",24.0,,,"9",24.0,,24.0,,,"9",,"9",,"9",1,,0,,Z,,"8",,"8",,"8"
"350150510",åNIEØKA,"2026","01","12",-5.8,,-15.4,,-9.2,,,"8",6.3,,S,40,,3.2,,1.1,,,"9",6.1,,,"9",,"9",12.4,,,"9",12.4,,,"9",,"9",24.0,,,"9",23.0,,8.0,,,"9",,"9",,"9",1,,0,,Z,,"8",,"8",,"8"
"350150510",åNIEØKA,"2026","01","13",-0.9,,-7.1,,-2.4,,,"8",0.6,,S,45,,3.1,,1.6,,,"9",6.0,,,"9",,"9",24.0,,,"9",23.8,,,"9",5.0,,18.8,,,"9",17.8,,9.2,,,"9",,"9",,"9",1,,0,,Z,,"8",,"8",,"8"
"350150510",åNIEØKA,"2026","01","14",0.4,,-2.6,,-0.9,,,"8",1.7,,S,45,,3.2,,,"9",,"9",4.0,,,"9",,"9",24.0,,,"9",20.8,,,"9",,"9",12.5,,,"9",22.0,,16.2,,,"9",,"9",,"9",1,,0,,Z,,"8",,"8",,"8"
"350150510",åNIEØKA,"2026","01","15",1.0,,-3.4,,-0.2,,,"8",0.1,,W,46,,3.2,,,"9",,"9",,"9",,"9",,"9",24.0,,,"9",8.2,,,"9",0.3,,7.2,,,"9",10.2,,1.5,,,"9",,"9",,"9",1,,0,,Z,,"8",,"8",,"8"
"350150510",åNIEØKA,"2026","01","16",5.2,,0.5,,2.1,,,"8",,"9",,44,,3.4,,6.7,,,"9",,"9",,"9",,"9",7.2,,,"9",,"9",,"9",,"9",,"9",,"9",12.7,,,"9",,"9",,"9",,"9",1,,0,,R,,"8",,"8",,"8"
"350150510",åNIEØKA,"2026","01","17",4.0,,-3.4,,-2.0,,,"8",0.4,,W,43,,3.4,,,"9",,"9",,"9",,"9",,"9",22.5,,,"9",22.5,,,"9",,"9",,"9",,"9",24.0,,20.5,,,"9",,"9",,"9",1,,0,,Z,,"8",,"8",,"8"
"350150510",åNIEØKA,"2026","01","18",-0.7,,-8.3,,-4.4,,,"8",,"9",,43,,3.4,,8.6,,,"9",,"9",,"9",,"9",4.7,,,"9",4.7,,,"9",,"9",,"9",,"9",24.0,,24.0,,,"9",,"9",,"9",1,,0,,Z,,"8",,"8",,"8"
"350150510",åNIEØKA,"2026","01","19",-1.9,,-6.5,,-3.9,,,"8",,"9",,41,,3.4,,8.6,,,"9",,"9",,"9",,"9",,"9",,"9",,"9",,"9",,"9",,"9",,"9",24.0,,24.0,,,"9",,"9",,"9",1,,0,,Z,,"8",,"8",,"8"
"350150510",åNIEØKA,"2026","01","20",-2.9,,-7.9,,-6.2,,,"8",,"9",,41,,3.4,,8.6,,,"9",,"9",,"9",,"9",,"9",,"9",,"9",,"9",,"9",,"9",,"9",24.0,,24.0,,,"9",,"9",,"9",1,,0,,Z,,"8",,"8",,"8"
"350150510",åNIEØKA,"2026","01","21",-3.2,,-7.8,,-5.8,,,"8",,"9",,40,,3.4,,8.8,,,"9",,"9",,"9",,"9",,"9",,"9",,"9",,"9",,"9",,"9",,"9",24.0,,16.5,,,"9",,"9",,"9",1,,0,,Z,,"8",,"8",,"8"
"350150510",åNIEØKA,"2026","01","22",-1.5,,-10.5,,-7.4,,,"8",,"9",,39,,3.5,,7.6,,,"9",,"9",,"9",,"9",2.7,,,"9",2.7,,,"9",0.7,,14.8,,,"9",24.0,,3.0,,,"9",,"9",,"9",1,,0,,Z,,"8",,"8",,"8"
"350150510",åNIEØKA,"2026","01","23",-4.1,,-10.9,,-8.1,,,"8",0.8,,W,39,,3.5,,,"9",,"9",,"9",,"9",,"9",19.3,,,"9",19.3,,,"9",,"9",24.0,,,"9",24.0,,5.0,,,"9",,"9",,"9",1,,0,,Z,,"8",,"8",,"8"
"350150510",åNIEØKA,"2026","01","24",-4.5,,-8.7,,-6.1,,,"8",0.3,,W,42,,3.5,,0.3,,,"9",,"9",,"9",,"9",20.7,,,"9",20.7,,,"9",11.8,,11.8,,,"9",12.0,,,"9",,"9",,"9",,"9",1,,0,,Z,,"8",,"8",,"8"
"350150510",åNIEØKA,"2026","01","25",0.4,,-4.9,,-1.7,,,"8",5.4,,S,43,,3.4,,,"9",,"9",5.3,,,"9",,"9",20.5,,,"9",20.5,,,"9",2.8,,20.8,,,"9",21.2,,7.8,,,"9",,"9",,"9",1,,0,,Z,,"8",,"8",,"8"
"350150510",åNIEØKA,"2026","01","26",-0.2,,-6.5,,-5.0,,,"8",5.9,,S,48,,3.2,,,"9",,"9",8.2,,,"9",,"9",24.0,,,"9",24.0,,,"9",3.3,,20.7,,,"9",8.8,,3.2,,,"9",,"9",,"9",1,,0,,Z,,"8",,"8",,"8"
"350150510",åNIEØKA,"2026","01","27",-5.5,,-9.8,,-8.2,,,"8",0.3,,W,53,,3.0,,,"9",,"9",2.6,,,"9",,"9",24.0,,,"9",24.0,,,"9",2.3,,21.7,,,"9",5.7,,,"9",,"9",,"9",,"9",1,,0,,Z,,"8",,"8",,"8"
"350150510",åNIEØKA,"2026","01","28",-2.3,,-8.1,,-5.5,,,"8",0.6,,W,53,,3.0,,4.8,,,"9",,"9",,"9",,"9",10.7,,,"9",10.7,,,"9",10.7,,9.3,,,"9",6.7,,1.8,,,"9",,"9",,"9",1,,0,,Z,,"8",,"8",,"8"
"350150510",åNIEØKA,"2026","01","29",-4.8,,-8.2,,-5.9,,,"8",4.6,,S,53,,3.0,,,"9",,"9",5.8,,,"9",,"9",24.0,,,"9",24.0,,,"9",2.5,,21.5,,,"9",13.3,,3.2,,,"9",,"9",,"9",1,,0,,Z,,"8",,"8",,"8"
"350150510",åNIEØKA,"2026","01","30",-3.5,,-7.9,,-5.6,,,"8",0.2,,S,57,,3.0,,,"9",,"9",3.1,,,"9",,"9",24.0,,,"9",24.0,,,"9",1.3,,17.2,,,"9",11.8,,1.8,,,"9",,"9",,"9",1,,0,,Z,,"8",,"8",,"8"
"350150510",åNIEØKA,"2026","01","31",-2.4,,-5.6,,-4.3,,,"8",0.3,,W,57,,3.1,,,"9",,"9",,"9",,"9",,"9",21.3,,,"9",21.3,,,"9",11.8,,,"9",,"9",,"9",,"9",,"9",,"9",,"9",1,,0,,Z,,"8",,"8",,"8"
"350160520",K£ODZKO,"2026","01","01",0.8,,-3.8,,-0.1,,-5.9,,0.0,,S,4,,,"9",,"9",,"8",,"8",,"8",,"8",,"8",,"8",,"8",,"8",,"8",,"8",,"8",,"8",,"8",,"8",,"8",,"8",1,,,"8",Z,"05",,,"9",,"8"
"350160520",K£ODZKO,"2026","01","02",1.3,,-0.6,,0.1,,-2.4,,0.0,,S,4,,,"9",0.1,,,"8",,"8",,"8",,"8",,"8",,"8",,"8",,"8",,"8",,"8",,"8",,"8",,"8",,"8",,"8",,"8",1,,,"8",Z,"01",,,"9",,"8"
"350160520",K£ODZKO,"2026","01","03",0.6,,-3.0,,-1.4,,-3.8,,0.1,,S,4,,,"9",3.6,,,"8",,"8",,"8",,"8",,"8",,"8",,"8",,"8",,"8",,"8",,"8",,"8",,"8",,"8",,"8",,"8",1,,,"8",Z,"06",,,"9",,"8"
"350160520",K£ODZKO,"2026","01","04",-0.6,,-3.6,,-2.1,,-4.2,,0.0,,S,4,,,"9",0.3,,,"8",,"8",,"8",,"8",,"8",,"8",,"8",,"8",,"8",,"8",,"8",,"8",,"8",,"8",,"8",,"8",1,,,"8",Z,"07",,,"9",,"8"
"350160520",K£ODZKO,"2026","01","05",-1.5,,-11.7,,-7.3,,-11.8,,,"9",,4,,,"9",4.8,,,"8",,"8",,"8",,"8",,"8",,"8",,"8",,"8",,"8",,"8",,"8",,"8",,"8",,"8",,"8",,"8",1,,,"8",Z,"09",,,"9",,"8"
"350160520",K£ODZKO,"2026","01","06",-4.4,,-12.5,,-8.3,,-12.4,,0.0,,S,4,,,"9",3.2,,,"8",,"8",,"8",,"8",,"8",,"8",,"8",,"8",,"8",,"8",,"8",,"8",,"8",,"8",,"8",,"8",1,,,"8",Z,"10",,,"9",,"8"
"350160520",K£ODZKO,"2026","01","07",-5.2,,-11.0,,-8.1,,-10.3,,0.0,,S,3,,,"9",1.2,,,"8",,"8",,"8",,"8",,"8",,"8",,"8",,"8",,"8",,"8",,"8",,"8",,"8",,"8",,"8",,"8",1,,,"8",Z,"14",,,"9",,"8"
"350160520",K£ODZKO,"2026","01","08",-4.1,,-17.2,,-12.3,,-17.8,,,"9",,3,,,"9",7.4,,,"8",,"8",,"8",,"8",,"8",,"8",,"8",,"8",,"8",,"8",,"8",,"8",,"8",,"8",,"8",,"8",1,,,"8",Z,"16",,,"9",,"8"
"350160520",K£ODZKO,"2026","01","09",-6.6,,-18.7,,-12.2,,-18.8,,2.4,,S,3,,,"9",,"9",,"8",,"8",,"8",,"8",,"8",,"8",,"8",,"8",,"8",,"8",,"8",,"8",,"8",,"8",,"8",,"8",1,,,"8",Z,"19",,,"9",,"8"
"350160520",K£ODZKO,"2026","01","10",-5.9,,-11.6,,-8.5,,-14.1,,0.2,,S,8,,0.9,,3.0,,,"8",,"8",,"8",,"8",,"8",,"8",,"8",,"8",,"8",,"8",,"8",,"8",,"8",,"8",,"8",,"8",1,,,"8",Z,"19",,,"9",,"8"
"350160520",K£ODZKO,"2026","01","11",-4.3,,-9.3,,-5.2,,-8.4,,0.0,,S,8,,0.9,,,"9",,"8",,"8",,"8",,"8",,"8",,"8",,"8",,"8",,"8",,"8",,"8",,"8",,"8",,"8",,"8",,"8",1,,,"8",Z,"18",,,"9",,"8"
"350160520",K£ODZKO,"2026","01","12",-5.5,,-18.9,,-10.2,,-20.8,,1.4,,S,8,,0.8,,1.8,,,"8",,"8",,"8",,"8",,"8",,"8",,"8",,"8",,"8",,"8",,"8",,"8",,"8",,"8",,"8",,"8",1,,,"8",Z,"18",,,"9",,"8"
"350160520",K£ODZKO,"2026","01","13",1.9,,-6.1,,-1.8,,-7.0,,0.0,,S,11,,0.9,,1.3,,,"8",,"8",,"8",,"8",,"8",,"8",,"8",,"8",,"8",,"8",,"8",,"8",,"8",,"8",,"8",,"8",1,,,"8",Z,"18",,,"9",,"8"
"350160520",K£ODZKO,"2026","01","14",2.9,,-1.9,,1.8,,-6.7,,0.0,,W,9,,1.1,,0.1,,,"8",,"8",,"8",,"8",,"8",,"8",,"8",,"8",,"8",,"8",,"8",,"8",,"8",,"8",,"8",,"8",1,,,"8",Z,"15",,,"9",,"8"
"350160520",K£ODZKO,"2026","01","15",3.2,,0.2,,1.5,,-0.6,,0.2,,W,5,,1.8,,,"9",,"8",,"8",,"8",,"8",,"8",,"8",,"8",,"8",,"8",,"8",,"8",,"8",,"8",,"8",,"8",,"8",1,,,"8",Z,"10",,,"9",,"8"
"350160520",K£ODZKO,"2026","01","16",3.2,,-1.5,,0.7,,-3.5,,,"9",,4,,,"9",2.2,,,"8",,"8",,"8",,"8",,"8",,"8",,"8",,"8",,"8",,"8",,"8",,"8",,"8",,"8",,"8",,"8",1,,,"8",Z,"01",,,"9",,"8"
"350160520",K£ODZKO,"2026","01","17",5.7,,-0.3,,3.2,,-0.2,,,"9",,3,,,"9",0.4,,,"8",,"8",,"8",,"8",,"8",,"8",,"8",,"8",,"8",,"8",,"8",,"8",,"8",,"8",,"8",,"8",1,,,"8",R,,"9",,"9",,"8"
"350160520",K£ODZKO,"2026","01","18",4.5,,-1.1,,1.7,,-3.0,,,"9",,,"9",,"9",8.1,,,"8",,"8",,"8",,"8",,"8",,"8",,"8",,"8",,"8",,"8",,"8",,"8",,"8",,"8",,"8",,"8",,"8",,"8",Z,"05",,,"9",,"8"
"350160520",K£ODZKO,"2026","01","19",1.2,,-2.2,,-1.1,,-3.1,,,"9",,,"9",,"9",8.1,,,"8",,"8",,"8",,"8",,"8",,"8",,"8",,"8",,"8",,"8",,"8",,"8",,"8",,"8",,"8",,"8",,"8",,"8",Z,"09",,,"9",,"8"
"350160520",K£ODZKO,"2026","01","20",-0.1,,-4.4,,-2.3,,-5.1,,,"9",,,"9",,"9",8.1,,,"8",,"8",,"8",,"8",,"8",,"8",,"8",,"8",,"8",,"8",,"8",,"8",,"8",,"8",,"8",,"8",,"8",,"8",Z,"13",,,"9",,"8"
"350160520",K£ODZKO,"2026","01","21",2.1,,-3.5,,-1.0,,-4.7,,,"9",,,"9",,"9",8.2,,,"8",,"8",,"8",,"8",,"8",,"8",,"8",,"8",,"8",,"8",,"8",,"8",,"8",,"8",,"8",,"8",,"8",,"8",Z,"16",,,"9",,"8"
"350160520",K£ODZKO,"2026","01","22",3.0,,-8.1,,-2.9,,-8.6,,,"9",,,"9",,"9",7.4,,,"8",,"8",,"8",,"8",,"8",,"8",,"8",,"8",,"8",,"8",,"8",,"8",,"8",,"8",,"8",,"8",,"8",,"8",Z,"18",,,"9",,"8"
"350160520",K£ODZKO,"2026","01","23",-1.0,,-4.3,,-2.4,,-7.3,,0.0,,S,,"9",,"9",,"9",,"8",,"8",,"8",,"8",,"8",,"8",,"8",,"8",,"8",,"8",,"8",,"8",,"8",,"8",,"8",,"8",,"8",,"8",Z,"18",,,"9",,"8"
"350160520",K£ODZKO,"2026","01","24",-2.2,,-3.7,,-3.0,,-3.5,,0.0,,S,0,,,"9",,"9",,"8",,"8",,"8",,"8",,"8",,"8",,"8",,"8",,"8",,"8",,"8",,"8",,"8",,"8",,"8",,"8",,"8",,"8",Z,"18",,,"9",,"8"
"350160520",K£ODZKO,"2026","01","25",-0.4,,-2.5,,-1.5,,-2.4,,0.8,,W,0,,,"9",,"9",,"8",,"8",,"8",,"8",,"8",,"8",,"8",,"8",,"8",,"8",,"8",,"8",,"8",,"8",,"8",,"8",,"8",,"8",Z,"15",,,"9",,"8"
"350160520",K£ODZKO,"2026","01","26",6.5,,-0.5,,2.9,,-0.5,,0.0,,S,,"9",,"9",4.0,,,"8",,"8",,"8",,"8",,"8",,"8",,"8",,"8",,"8",,"8",,"8",,"8",,"8",,"8",,"8",,"8",,"8",,"8",R,,"9",,"9",,"8"
"350160520",K£ODZKO,"2026","01","27",2.9,,-0.3,,0.3,,-0.5,,0.0,,S,0,,,"9",,"9",,"8",,"8",,"8",,"8",,"8",,"8",,"8",,"8",,"8",,"8",,"8",,"8",,"8",,"8",,"8",,"8",,"8",,"8",Z,"01",,,"9",,"8"
"350160520",K£ODZKO,"2026","01","28",0.1,,-0.9,,-0.8,,-0.9,,0.0,,S,,"9",,"9",,"9",,"8",,"8",,"8",,"8",,"8",,"8",,"8",,"8",,"8",,"8",,"8",,"8",,"8",,"8",,"8",,"8",,"8",,"8",Z,"01",,,"9",,"8"
"350160520",K£ODZKO,"2026","01","29",-0.7,,-3.1,,-2.0,,-2.9,,1.9,,S,0,,,"9",,"9",,"8",,"8",,"8",,"8",,"8",,"8",,"8",,"8",,"8",,"8",,"8",,"8",,"8",,"8",,"8",,"8",,"8",,"8",Z,"05",,,"9",,"8"
"350160520",K£ODZKO,"2026","01","30",-0.9,,-2.3,,-1.8,,-2.3,,0.0,,S,3,,,"9",,"9",,"8",,"8",,"8",,"8",,"8",,"8",,"8",,"8",,"8",,"8",,"8",,"8",,"8",,"8",,"8",,"8",1,,,"8",Z,"10",,,"9",,"8"
"350160520",K£ODZKO,"2026","01","31",-1.8,,-5.6,,-4.4,,-5.6,,0.0,,S,3,,,"9",,"9",,"8",,"8",,"8",,"8",,"8",,"8",,"8",,"8",,"8",,"8",,"8",,"8",,"8",,"8",,"8",,"8",1,,,"8",Z,"05",,,"9",,"8"
"350170530",OPOLE,"2026","01","01",1.9,,-2.6,,0.7,,-4.3,,0.2,,S,4,,,"9",,"9",,"8",,"8",,"8",,"8",,"8",,"8",,"8",,"8",,"8",,"8",,"8",,"8",,"8",,"8",,"8",,"8",1,,,"8",Z,"05",,,"9",,"8"
"350170530",OPOLE,"2026","01","02",3.7,,0.2,,1.4,,-0.5,,0.0,,W,4,,,"9",0.6,,,"8",,"8",,"8",,"8",,"8",,"8",,"8",,"8",,"8",,"8",,"8",,"8",,"8",,"8",,"8",,"8",1,,,"8",Z,"01",,,"9",,"8"
"350170530",OPOLE,"2026","01","03",2.7,,-1.0,,0.4,,-3.6,,0.0,,S,2,,,"9",5.6,,,"8",,"8",,"8",,"8",,"8",,"8",,"8",,"8",,"8",,"8",,"8",,"8",,"8",,"8",,"8",,"8",1,,,"8",Z,"01",,,"9",,"8"
"350170530",OPOLE,"2026","01","04",1.8,,-3.0,,-1.1,,-4.1,,0.0,,S,1,,,"9",3.1,,,"8",,"8",,"8",,"8",,"8",,"8",,"8",,"8",,"8",,"8",,"8",,"8",,"8",,"8",,"8",,"8",1,,,"8",Z,"05",,,"9",,"8"
"350170530",OPOLE,"2026","01","05",-1.5,,-9.3,,-4.5,,-11.9,,,"9",,1,,,"9",5.0,,,"8",,"8",,"8",,"8",,"8",,"8",,"8",,"8",,"8",,"8",,"8",,"8",,"8",,"8",,"8",,"8",1,,,"8",Z,"10",,,"9",,"8"
"350170530",OPOLE,"2026","01","06",-1.8,,-10.0,,-5.9,,-12.4,,0.0,,S,1,,,"9",3.8,,,"8",,"8",,"8",,"8",,"8",,"8",,"8",,"8",,"8",,"8",,"8",,"8",,"8",,"8",,"8",,"8",1,,,"8",Z,"14",,,"9",,"8"
"350170530",OPOLE,"2026","01","07",-2.8,,-8.7,,-5.8,,-10.4,,0.2,,S,1,,,"9",0.4,,,"8",,"8",,"8",,"8",,"8",,"8",,"8",,"8",,"8",,"8",,"8",,"8",,"8",,"8",,"8",,"8",1,,,"8",Z,"17",,,"9",,"8"
"350170530",OPOLE,"2026","01","08",-4.9,,-8.5,,-6.6,,-10.6,,0.0,,S,2,,,"9",0.1,,,"8",,"8",,"8",,"8",,"8",,"8",,"8",,"8",,"8",,"8",,"8",,"8",,"8",,"8",,"8",,"8",1,,,"8",Z,"18",,,"9",,"8"
"350170530",OPOLE,"2026","01","09",-4.4,,-15.5,,-9.2,,-18.4,,0.0,,S,2,,,"9",2.3,,,"8",,"8",,"8",,"8",,"8",,"8",,"8",,"8",,"8",,"8",,"8",,"8",,"8",,"8",,"8",,"8",1,,,"8",Z,"20",,,"9",,"8"
"350170530",OPOLE,"2026","01","10",-5.1,,-11.2,,-8.3,,-10.9,,0.4,,S,2,,,"9",4.2,,,"8",,"8",,"8",,"8",,"8",,"8",,"8",,"8",,"8",,"8",,"8",,"8",,"8",,"8",,"8",,"8",1,,,"8",Z,"25",,,"9",,"8"
"350170530",OPOLE,"2026","01","11",-3.7,,-6.4,,-4.6,,-6.8,,0.4,,S,3,,,"9",,"9",,"8",,"8",,"8",,"8",,"8",,"8",,"8",,"8",,"8",,"8",,"8",,"8",,"8",,"8",,"8",,"8",1,,,"8",Z,"25",,,"9",,"8"
"350170530",OPOLE,"2026","01","12",-2.2,,-9.1,,-5.3,,-11.5,,1.0,,S,4,,,"9",4.4,,,"8",,"8",,"8",,"8",,"8",,"8",,"8",,"8",,"8",,"8",,"8",,"8",,"8",,"8",,"8",,"8",1,,,"8",Z,"24",,,"9",,"8"
"350170530",OPOLE,"2026","01","13",0.2,,-5.9,,-1.2,,-6.5,,1.1,,S,5,,0.8,,,"9",,"8",,"8",,"8",,"8",,"8",,"8",,"8",,"8",,"8",,"8",,"8",,"8",,"8",,"8",,"8",,"8",1,,,"8",Z,"24",,,"9",,"8"
"350170530",OPOLE,"2026","01","14",3.4,,-0.2,,1.7,,-0.9,,1.3,,W,6,,1.3,,,"9",,"8",,"8",,"8",,"8",,"8",,"8",,"8",,"8",,"8",,"8",,"8",,"8",,"8",,"8",,"8",,"8",1,,,"8",R,"20",,"05",,,"8"
"350170530",OPOLE,"2026","01","15",4.0,,-0.1,,2.1,,-1.4,,0.1,,W,2,,,"9",0.8,,,"8",,"8",,"8",,"8",,"8",,"8",,"8",,"8",,"8",,"8",,"8",,"8",,"8",,"8",,"8",,"8",1,,,"8",R,"20",,,"9",,"8"
"350170530",OPOLE,"2026","01","16",5.9,,0.9,,2.6,,0.2,,,"9",,,"9",,"9",3.9,,,"8",,"8",,"8",,"8",,"8",,"8",,"8",,"8",,"8",,"8",,"8",,"8",,"8",,"8",,"8",,"8",,"8",,"8",R,,"9",,"9",,"8"
"350170530",OPOLE,"2026","01","17",3.5,,-0.9,,0.5,,-3.5,,,"9",,,"9",,"9",0.1,,,"8",,"8",,"8",,"8",,"8",,"8",,"8",,"8",,"8",,"8",,"8",,"8",,"8",,"8",,"8",,"8",,"8",,"8",R,,"9",,"9",,"8"
"350170530",OPOLE,"2026","01","18",3.0,,-5.1,,-2.2,,-7.1,,,"9",,,"9",,"9",7.0,,,"8",,"8",,"8",,"8",,"8",,"8",,"8",,"8",,"8",,"8",,"8",,"8",,"8",,"8",,"8",,"8",,"8",,"8",Z,"01",,,"9",,"8"
"350170530",OPOLE,"2026","01","19",3.0,,-6.3,,-1.4,,-7.1,,,"9",,,"9",,"9",7.8,,,"8",,"8",,"8",,"8",,"8",,"8",,"8",,"8",,"8",,"8",,"8",,"8",,"8",,"8",,"8",,"8",,"8",,"8",Z,"10",,,"9",,"8"
"350170530",OPOLE,"2026","01","20",2.4,,-3.3,,-0.8,,-4.2,,,"9",,,"9",,"9",8.1,,,"8",,"8",,"8",,"8",,"8",,"8",,"8",,"8",,"8",,"8",,"8",,"8",,"8",,"8",,"8",,"8",,"8",,"8",Z,"17",,,"9",,"8"
"350170530",OPOLE,"2026","01","21",4.6,,-1.6,,0.3,,-2.7,,,"9",,,"9",,"9",8.2,,,"8",,"8",,"8",,"8",,"8",,"8",,"8",,"8",,"8",,"8",,"8",,"8",,"8",,"8",,"8",,"8",,"8",,"8",Z,"18",,,"9",,"8"
"350170530",OPOLE,"2026","01","22",4.1,,-7.5,,-2.2,,-9.9,,,"9",,,"9",,"9",6.6,,,"8",,"8",,"8",,"8",,"8",,"8",,"8",,"8",,"8",,"8",,"8",,"8",,"8",,"8",,"8",,"8",,"8",,"8",Z,"20",,,"9",,"8"
"350170530",OPOLE,"2026","01","23",-0.9,,-4.7,,-2.5,,-6.1,,,"9",,,"9",,"9",0.3,,,"8",,"8",,"8",,"8",,"8",,"8",,"8",,"8",,"8",,"8",,"8",,"8",,"8",,"8",,"8",,"8",,"8",,"8",Z,"24",,,"9",,"8"
"350170530",OPOLE,"2026","01","24",-0.6,,-2.9,,-1.6,,-2.9,,1.1,,S,,"9",,"9",,"9",,"8",,"8",,"8",,"8",,"8",,"8",,"8",,"8",,"8",,"8",,"8",,"8",,"8",,"8",,"8",,"8",,"8",,"8",Z,"24",,,"9",,"8"
"350170530",OPOLE,"2026","01","25",3.0,,-1.5,,0.7,,-1.5,,1.1,,W,1,,,"9",,"9",,"8",,"8",,"8",,"8",,"8",,"8",,"8",,"8",,"8",,"8",,"8",,"8",,"8",,"8",,"8",,"8",1,,,"8",Z,"22",,,"9",,"8"
"350170530",OPOLE,"2026","01","26",7.6,,1.6,,3.5,,-0.5,,0.0,,W,,"9",,"9",5.0,,,"8",,"8",,"8",,"8",,"8",,"8",,"8",,"8",,"8",,"8",,"8",,"8",,"8",,"8",,"8",,"8",,"8",,"8",R,,"9",,"9",,"8"
"350170530",OPOLE,"2026","01","27",2.7,,-0.1,,0.9,,-2.6,,,"9",,,"9",,"9",0.1,,,"8",,"8",,"8",,"8",,"8",,"8",,"8",,"8",,"8",,"8",,"8",,"8",,"8",,"8",,"8",,"8",,"8",,"8",Z,"01",,,"9",,"8"
"350170530",OPOLE,"2026","01","28",1.8,,-0.4,,0.4,,-0.9,,,"9",,,"9",,"9",,"9",,"8",,"8",,"8",,"8",,"8",,"8",,"8",,"8",,"8",,"8",,"8",,"8",,"8",,"8",,"8",,"8",,"8",,"8",Z,"01",,,"9",,"8"
"350170530",OPOLE,"2026","01","29",0.6,,-1.5,,-0.5,,-1.4,,0.2,,S,,"9",,"9",,"9",,"8",,"8",,"8",,"8",,"8",,"8",,"8",,"8",,"8",,"8",,"8",,"8",,"8",,"8",,"8",,"8",,"8",,"8",Z,"01",,,"9",,"8"
"350170530",OPOLE,"2026","01","30",0.6,,-1.0,,-0.6,,-1.1,,,"9",,0,,,"9",,"9",,"8",,"8",,"8",,"8",,"8",,"8",,"8",,"8",,"8",,"8",,"8",,"8",,"8",,"8",,"8",,"8",,"8",,"8",Z,"01",,,"9",,"8"
"350170530",OPOLE,"2026","01","31",-1.0,,-6.5,,-4.4,,-6.7,,,"9",,,"9",,"9",0.1,,,"8",,"8",,"8",,"8",,"8",,"8",,"8",,"8",,"8",,"8",,"8",,"8",,"8",,"8",,"8",,"8",,"8",,"8",Z,"01",,,"9",,"8"
"350180540",RACIB”RZ,"2026","01","01",2.5,,-2.8,,1.1,,-3.7,,0.0,,S,6,,1.2,,0.1,,,"8",,"8",,"8",,"8",,"8",,"8",,"8",,"8",,"8",,"8",,"8",,"8",,"8",,"8",,"8",,"8",1,,,"8",R,,"9",,"9",,"8"
"350180540",RACIB”RZ,"2026","01","02",2.6,,-0.6,,0.9,,-2.0,,0.0,,S,3,,,"9",1.4,,,"8",,"8",,"8",,"8",,"8",,"8",,"8",,"8",,"8",,"8",,"8",,"8",,"8",,"8",,"8",,"8",1,,,"8",R,"08",,"04",,,"8"
"350180540",RACIB”RZ,"2026","01","03",2.2,,-3.4,,-1.0,,-7.3,,0.0,,S,2,,,"9",4.1,,,"8",,"8",,"8",,"8",,"8",,"8",,"8",,"8",,"8",,"8",,"8",,"8",,"8",,"8",,"8",,"8",1,,,"8",Z,"09",,,"9",,"8"
"350180540",RACIB”RZ,"2026","01","04",1.1,,-4.9,,-2.1,,-8.5,,,"9",,2,,,"9",5.9,,,"8",,"8",,"8",,"8",,"8",,"8",,"8",,"8",,"8",,"8",,"8",,"8",,"8",,"8",,"8",,"8",1,,,"8",Z,"10",,,"9",,"8"
"350180540",RACIB”RZ,"2026","01","05",-0.9,,-10.8,,-4.9,,-13.6,,,"9",,2,,,"9",2.7,,,"8",,"8",,"8",,"8",,"8",,"8",,"8",,"8",,"8",,"8",,"8",,"8",,"8",,"8",,"8",,"8",1,,,"8",Z,"15",,,"9",,"8"
"350180540",RACIB”RZ,"2026","01","06",-1.4,,-9.0,,-4.3,,-11.9,,,"9",,2,,,"9",4.8,,,"8",,"8",,"8",,"8",,"8",,"8",,"8",,"8",,"8",,"8",,"8",,"8",,"8",,"8",,"8",,"8",1,,,"8",Z,"16",,,"9",,"8"
"350180540",RACIB”RZ,"2026","01","07",-3.4,,-7.7,,-5.0,,-10.4,,0.0,,S,2,,,"9",,"9",,"8",,"8",,"8",,"8",,"8",,"8",,"8",,"8",,"8",,"8",,"8",,"8",,"8",,"8",,"8",,"8",1,,,"8",Z,"17",,,"9",,"8"
"350180540",RACIB”RZ,"2026","01","08",-4.0,,-6.2,,-5.6,,-6.2,,0.0,,S,2,,,"9",,"9",,"8",,"8",,"8",,"8",,"8",,"8",,"8",,"8",,"8",,"8",,"8",,"8",,"8",,"8",,"8",,"8",1,,,"8",Z,"17",,,"9",,"8"
"350180540",RACIB”RZ,"2026","01","09",-3.9,,-14.4,,-7.5,,-16.8,,0.2,,S,2,,,"9",1.0,,,"8",,"8",,"8",,"8",,"8",,"8",,"8",,"8",,"8",,"8",,"8",,"8",,"8",,"8",,"8",,"8",1,,,"8",Z,"19",,,"9",,"8"
"350180540",RACIB”RZ,"2026","01","10",-3.9,,-10.4,,-7.6,,-10.2,,0.3,,S,3,,,"9",2.5,,,"8",,"8",,"8",,"8",,"8",,"8",,"8",,"8",,"8",,"8",,"8",,"8",,"8",,"8",,"8",,"8",1,,,"8",Z,"19",,,"9",,"8"
"350180540",RACIB”RZ,"2026","01","11",-3.0,,-7.2,,-3.6,,-7.3,,0.1,,S,4,,,"9",0.2,,,"8",,"8",,"8",,"8",,"8",,"8",,"8",,"8",,"8",,"8",,"8",,"8",,"8",,"8",,"8",,"8",1,,,"8",Z,"19",,,"9",,"8"
"350180540",RACIB”RZ,"2026","01","12",-3.6,,-9.9,,-5.7,,-11.6,,1.6,,S,5,,1.2,,3.8,,,"8",,"8",,"8",,"8",,"8",,"8",,"8",,"8",,"8",,"8",,"8",,"8",,"8",,"8",,"8",,"8",1,,,"8",Z,"19",,,"9",,"8"
"350180540",RACIB”RZ,"2026","01","13",0.9,,-5.4,,-1.1,,-6.0,,0.6,,S,7,,1.6,,,"9",,"8",,"8",,"8",,"8",,"8",,"8",,"8",,"8",,"8",,"8",,"8",,"8",,"8",,"8",,"8",,"8",1,,,"8",Z,"20",,,"9",,"8"
"350180540",RACIB”RZ,"2026","01","14",3.4,,-0.6,,1.6,,-0.8,,3.3,,W,6,,1.2,,,"9",,"8",,"8",,"8",,"8",,"8",,"8",,"8",,"8",,"8",,"8",,"8",,"8",,"8",,"8",,"8",,"8",1,,,"8",Z,"15",,"04",,,"8"
"350180540",RACIB”RZ,"2026","01","15",3.4,,0.1,,1.6,,-0.5,,0.0,,W,3,,,"9",,"9",,"8",,"8",,"8",,"8",,"8",,"8",,"8",,"8",,"8",,"8",,"8",,"8",,"8",,"8",,"8",,"8",1,,,"8",R,"10",,,"9",,"8"
"350180540",RACIB”RZ,"2026","01","16",4.1,,0.1,,1.8,,-1.4,,,"9",,,"9",,"9",0.2,,,"8",,"8",,"8",,"8",,"8",,"8",,"8",,"8",,"8",,"8",,"8",,"8",,"8",,"8",,"8",,"8",,"8",,"8",Z,,"9",,"9",,"8"
"350180540",RACIB”RZ,"2026","01","17",1.4,,-1.4,,-0.7,,-1.1,,,"9",,,"9",,"9",,"9",,"8",,"8",,"8",,"8",,"8",,"8",,"8",,"8",,"8",,"8",,"8",,"8",,"8",,"8",,"8",,"8",,"8",,"8",R,"01",,,"9",,"8"
"350180540",RACIB”RZ,"2026","01","18",-1.2,,-5.5,,-4.4,,-5.7,,,"9",,,"9",,"9",,"9",,"8",,"8",,"8",,"8",,"8",,"8",,"8",,"8",,"8",,"8",,"8",,"8",,"8",,"8",,"8",,"8",,"8",,"8",Z,"01",,,"9",,"8"
"350180540",RACIB”RZ,"2026","01","19",2.4,,-8.1,,-3.2,,-9.6,,,"9",,,"9",,"9",8.0,,,"8",,"8",,"8",,"8",,"8",,"8",,"8",,"8",,"8",,"8",,"8",,"8",,"8",,"8",,"8",,"8",,"8",,"8",Z,"17",,,"9",,"8"
"350180540",RACIB”RZ,"2026","01","20",3.0,,-2.6,,-0.4,,-5.0,,,"9",,,"9",,"9",8.1,,,"8",,"8",,"8",,"8",,"8",,"8",,"8",,"8",,"8",,"8",,"8",,"8",,"8",,"8",,"8",,"8",,"8",,"8",Z,"20",,,"9",,"8"
"350180540",RACIB”RZ,"2026","01","21",4.8,,-3.8,,-0.5,,-6.9,,,"9",,,"9",,"9",8.4,,,"8",,"8",,"8",,"8",,"8",,"8",,"8",,"8",,"8",,"8",,"8",,"8",,"8",,"8",,"8",,"8",,"8",,"8",Z,"25",,,"9",,"8"
"350180540",RACIB”RZ,"2026","01","22",3.3,,-7.1,,-2.6,,-9.0,,,"9",,,"9",,"9",5.5,,,"8",,"8",,"8",,"8",,"8",,"8",,"8",,"8",,"8",,"8",,"8",,"8",,"8",,"8",,"8",,"8",,"8",,"8",Z,"30",,,"9",,"8"
"350180540",RACIB”RZ,"2026","01","23",0.5,,-3.1,,-1.9,,-4.0,,0.2,,S,,"9",,"9",0.6,,,"8",,"8",,"8",,"8",,"8",,"8",,"8",,"8",,"8",,"8",,"8",,"8",,"8",,"8",,"8",,"8",,"8",,"8",Z,"24",,,"9",,"8"
"350180540",RACIB”RZ,"2026","01","24",0.2,,-2.7,,-1.1,,-2.6,,0.5,,S,0,,,"9",,"9",,"8",,"8",,"8",,"8",,"8",,"8",,"8",,"8",,"8",,"8",,"8",,"8",,"8",,"8",,"8",,"8",,"8",,"8",Z,"24",,,"9",,"8"
"350180540",RACIB”RZ,"2026","01","25",3.1,,-0.7,,0.9,,-0.8,,0.2,,W,0,,,"9",0.1,,,"8",,"8",,"8",,"8",,"8",,"8",,"8",,"8",,"8",,"8",,"8",,"8",,"8",,"8",,"8",,"8",,"8",,"8",Z,"20",,,"9",,"8"
"350180540",RACIB”RZ,"2026","01","26",7.3,,1.2,,3.0,,0.1,,0.0,,W,,"9",,"9",3.8,,,"8",,"8",,"8",,"8",,"8",,"8",,"8",,"8",,"8",,"8",,"8",,"8",,"8",,"8",,"8",,"8",,"8",,"8",R,,"9",,"9",,"8"
"350180540",RACIB”RZ,"2026","01","27",4.2,,-0.6,,1.7,,-4.1,,,"9",,,"9",,"9",1.2,,,"8",,"8",,"8",,"8",,"8",,"8",,"8",,"8",,"8",,"8",,"8",,"8",,"8",,"8",,"8",,"8",,"8",,"8",Z,"10",,,"9",,"8"
"350180540",RACIB”RZ,"2026","01","28",2.5,,0.2,,1.1,,-0.1,,,"9",,,"9",,"9",,"9",,"8",,"8",,"8",,"8",,"8",,"8",,"8",,"8",,"8",,"8",,"8",,"8",,"8",,"8",,"8",,"8",,"8",,"8",Z,"01",,,"9",,"8"
"350180540",RACIB”RZ,"2026","01","29",1.7,,0.2,,0.7,,0.0,,0.0,,S,,"9",,"9",,"9",,"8",,"8",,"8",,"8",,"8",,"8",,"8",,"8",,"8",,"8",,"8",,"8",,"8",,"8",,"8",,"8",,"8",,"8",R,,"9",,"9",,"8"
"350180540",RACIB”RZ,"2026","01","30",1.6,,0.1,,0.6,,0.1,,0.1,,S,,"9",,"9",,"9",,"8",,"8",,"8",,"8",,"8",,"8",,"8",,"8",,"8",,"8",,"8",,"8",,"8",,"8",,"8",,"8",,"8",,"8",Z,"10",,,"9",,"8"
"350180540",RACIB”RZ,"2026","01","31",0.2,,-6.5,,-4.3,,-6.3,,0.2,,S,1,,,"9",,"9",,"8",,"8",,"8",,"8",,"8",,"8",,"8",,"8",,"8",,"8",,"8",,"8",,"8",,"8",,"8",,"8",1,,,"8",Z,"01",,,"9",,"8"
"350190550",CZ STOCHOWA,"2026","01","01",0.7,,-3.2,,-0.7,,-3.5,,0.7,,S,,"8",,"8",,"9",,"8",,"8",,"8",,"8",,"8",,"8",,"8",,"8",,"8",,"8",,"8",,"8",,"8",,"8",,"8",,"8",,"8",,"8",R,,"8",,"8",,"8"
"350190550",CZ STOCHOWA,"2026","01","02",1.5,,-1.1,,-0.2,,-1.8,,0.6,,S,2,,,"9",0.3,,,"8",,"8",,"8",,"8",,"8",,"8",,"8",,"8",,"8",,"8",,"8",,"8",,"8",,"8",,"8",,"8",1,,,"8",R,,"8",,"8",,"8"
"350190550",CZ STOCHOWA,"2026","01","03",1.0,,-2.3,,-0.7,,-3.8,,0.1,,W,,"8",,"8",2.5,,,"8",,"8",,"8",,"8",,"8",,"8",,"8",,"8",,"8",,"8",,"8",,"8",,"8",,"8",,"8",,"8",,"8",,"8",R,,"8",,"8",,"8"
"350190550",CZ STOCHOWA,"2026","01","04",-0.5,,-4.9,,-2.4,,-7.4,,0.0,,,,"8",,"8",1.9,,,"8",,"8",,"8",,"8",,"8",,"8",,"8",,"8",,"8",,"8",,"8",,"8",,"8",,"8",,"8",,"8",,"8",,"8",R,,"8",,"8",,"8"
"350190550",CZ STOCHOWA,"2026","01","05",-0.7,,-7.3,,-3.7,,-11.3,,,"9",,4,,,"9",4.6,,,"8",,"8",,"8",,"8",,"8",,"8",,"8",,"8",,"8",,"8",,"8",,"8",,"8",,"8",,"8",,"8",1,,,"8",R,,"8",,"8",,"8"
"350190550",CZ STOCHOWA,"2026","01","06",-2.3,,-10.1,,-6.1,,-15.8,,0.0,,S,,"8",,"8",4.0,,,"8",,"8",,"8",,"8",,"8",,"8",,"8",,"8",,"8",,"8",,"8",,"8",,"8",,"8",,"8",,"8",,"8",,"8",R,,"8",,"8",,"8"
"350190550",CZ STOCHOWA,"2026","01","07",-4.8,,-8.0,,-6.0,,-11.8,,0.2,,S,2,,,"9",,"9",,"8",,"8",,"8",,"8",,"8",,"8",,"8",,"8",,"8",,"8",,"8",,"8",,"8",,"8",,"8",,"8",1,,,"8",R,,"8",,"8",,"8"
"350190550",CZ STOCHOWA,"2026","01","08",-5.2,,-8.3,,-7.3,,-8.3,,0.3,,S,4,,,"9",1.4,,,"8",,"8",,"8",,"8",,"8",,"8",,"8",,"8",,"8",,"8",,"8",,"8",,"8",,"8",,"8",,"8",1,,,"8",R,,"8",,"8",,"8"
"350190550",CZ STOCHOWA,"2026","01","09",-5.9,,-9.9,,-8.4,,-14.5,,0.0,,S,5,,1.0,,2.6,,,"8",,"8",,"8",,"8",,"8",,"8",,"8",,"8",,"8",,"8",,"8",,"8",,"8",,"8",,"8",,"8",1,,,"8",R,,"8",,"8",,"8"
"350190550",CZ STOCHOWA,"2026","01","10",-8.5,,-12.6,,-10.3,,-14.7,,0.7,,,,"8",,"8",4.9,,,"8",,"8",,"8",,"8",,"8",,"8",,"8",,"8",,"8",,"8",,"8",,"8",,"8",,"8",,"8",,"8",,"8",,"8",R,,"8",,"8",,"8"
"350190550",CZ STOCHOWA,"2026","01","11",-3.8,,-8.5,,-4.8,,-9.1,,1.9,,S,,"8",,"8",,"9",,"8",,"8",,"8",,"8",,"8",,"8",,"8",,"8",,"8",,"8",,"8",,"8",,"8",,"8",,"8",,"8",,"8",,"8",R,,"8",,"8",,"8"
"350190550",CZ STOCHOWA,"2026","01","12",-4.2,,-7.6,,-6.3,,-15.7,,1.0,,S,11,,1.0,,,"9",,"8",,"8",,"8",,"8",,"8",,"8",,"8",,"8",,"8",,"8",,"8",,"8",,"8",,"8",,"8",,"8",1,,,"8",R,,"8",,"8",,"8"
"350190550",CZ STOCHOWA,"2026","01","13",-2.3,,-8.3,,-4.4,,-13.2,,1.4,,S,13,,1.1,,,"9",,"8",,"8",,"8",,"8",,"8",,"8",,"8",,"8",,"8",,"8",,"8",,"8",,"8",,"8",,"8",,"8",1,,,"8",R,,"8",,"8",,"8"
"350190550",CZ STOCHOWA,"2026","01","14",2.4,,-3.9,,0.6,,-3.9,,0.6,,W,14,,1.1,,,"9",,"8",,"8",,"8",,"8",,"8",,"8",,"8",,"8",,"8",,"8",,"8",,"8",,"8",,"8",,"8",,"8",1,,,"8",R,,"8",,"8",,"8"
"350190550",CZ STOCHOWA,"2026","01","15",3.6,,0.4,,1.9,,-1.5,,,"9",,7,,1.9,,0.2,,,"8",,"8",,"8",,"8",,"8",,"8",,"8",,"8",,"8",,"8",,"8",,"8",,"8",,"8",,"8",,"8",1,,,"8",R,,"8",,"8",,"8"
"350190550",CZ STOCHOWA,"2026","01","16",3.6,,-0.3,,0.9,,-3.9,,,"9",,5,,2.2,,7.3,,,"8",,"8",,"8",,"8",,"8",,"8",,"8",,"8",,"8",,"8",,"8",,"8",,"8",,"8",,"8",,"8",1,,,"8",R,,"8",,"8",,"8"
"350190550",CZ STOCHOWA,"2026","01","17",1.7,,-2.2,,-1.3,,-3.7,,0.0,,,,"8",,"8",3.6,,,"8",,"8",,"8",,"8",,"8",,"8",,"8",,"8",,"8",,"8",,"8",,"8",,"8",,"8",,"8",,"8",,"8",,"8",R,,"8",,"8",,"8"
"350190550",CZ STOCHOWA,"2026","01","18",-1.1,,-9.1,,-6.1,,-10.5,,0.1,,,,"8",,"8",7.9,,,"8",,"8",,"8",,"8",,"8",,"8",,"8",,"8",,"8",,"8",,"8",,"8",,"8",,"8",,"8",,"8",,"8",,"8",R,,"8",,"8",,"8"
"350190550",CZ STOCHOWA,"2026","01","19",1.8,,-10.1,,-4.9,,-12.1,,0.1,,W,4,,,"9",7.6,,,"8",,"8",,"8",,"8",,"8",,"8",,"8",,"8",,"8",,"8",,"8",,"8",,"8",,"8",,"8",,"8",1,,,"8",R,,"8",,"8",,"8"
"350190550",CZ STOCHOWA,"2026","01","20",3.2,,-7.9,,-3.3,,-9.2,,,"9",,4,,,"9",7.9,,,"8",,"8",,"8",,"8",,"8",,"8",,"8",,"8",,"8",,"8",,"8",,"8",,"8",,"8",,"8",,"8",1,,,"8",R,,"8",,"8",,"8"
"350190550",CZ STOCHOWA,"2026","01","21",4.5,,-6.3,,-1.8,,-9.7,,,"9",,4,,,"9",8.1,,,"8",,"8",,"8",,"8",,"8",,"8",,"8",,"8",,"8",,"8",,"8",,"8",,"8",,"8",,"8",,"8",1,,,"8",R,,"8",,"8",,"8"
"350190550",CZ STOCHOWA,"2026","01","22",-0.4,,-9.3,,-4.9,,-14.8,,,"9",,4,,,"9",5.2,,,"8",,"8",,"8",,"8",,"8",,"8",,"8",,"8",,"8",,"8",,"8",,"8",,"8",,"8",,"8",,"8",1,,,"8",R,,"8",,"8",,"8"
"350190550",CZ STOCHOWA,"2026","01","23",-3.1,,-8.3,,-5.8,,-8.7,,0.0,,S,4,,,"9",,"9",,"8",,"8",,"8",,"8",,"8",,"8",,"8",,"8",,"8",,"8",,"8",,"8",,"8",,"8",,"8",,"8",1,,,"8",R,,"8",,"8",,"8"
"350190550",CZ STOCHOWA,"2026","01","24",-1.6,,-4.4,,-2.8,,-4.5,,1.2,,,,"8",,"8",,"9",,"8",,"8",,"8",,"8",,"8",,"8",,"8",,"8",,"8",,"8",,"8",,"8",,"8",,"8",,"8",,"8",,"8",,"8",R,,"8",,"8",,"8"
"350190550",CZ STOCHOWA,"2026","01","25",1.0,,-3.3,,-0.5,,-3.2,,0.6,,,,"8",,"8",,"9",,"8",,"8",,"8",,"8",,"8",,"8",,"8",,"8",,"8",,"8",,"8",,"8",,"8",,"8",,"8",,"8",,"8",,"8",R,,"8",,"8",,"8"
"350190550",CZ STOCHOWA,"2026","01","26",6.2,,0.5,,2.2,,-1.7,,0.6,,W,3,,,"9",0.2,,,"8",,"8",,"8",,"8",,"8",,"8",,"8",,"8",,"8",,"8",,"8",,"8",,"8",,"8",,"8",,"8",1,,,"8",R,,"8",,"8",,"8"
"350190550",CZ STOCHOWA,"2026","01","27",1.9,,-1.1,,0.0,,-4.5,,0.0,,W,2,,,"9",,"9",,"8",,"8",,"8",,"8",,"8",,"8",,"8",,"8",,"8",,"8",,"8",,"8",,"8",,"8",,"8",,"8",1,,,"8",R,,"8",,"8",,"8"
"350190550",CZ STOCHOWA,"2026","01","28",0.6,,-0.7,,-0.6,,-0.7,,,"9",,,"8",,"8",,"9",,"8",,"8",,"8",,"8",,"8",,"8",,"8",,"8",,"8",,"8",,"8",,"8",,"8",,"8",,"8",,"8",,"8",,"8",R,,"8",,"8",,"8"
"350190550",CZ STOCHOWA,"2026","01","29",0.2,,-2.6,,-1.1,,-2.4,,0.0,,W,2,,,"9",,"9",,"8",,"8",,"8",,"8",,"8",,"8",,"8",,"8",,"8",,"8",,"8",,"8",,"8",,"8",,"8",,"8",1,,,"8",R,,"8",,"8",,"8"
"350190550",CZ STOCHOWA,"2026","01","30",-0.9,,-2.8,,-2.2,,-2.7,,,"9",,2,,,"9",,"9",,"8",,"8",,"8",,"8",,"8",,"8",,"8",,"8",,"8",,"8",,"8",,"8",,"8",,"8",,"8",,"8",1,,,"8",R,,"8",,"8",,"8"
"350190550",CZ STOCHOWA,"2026","01","31",-2.7,,-9.6,,-7.5,,-9.9,,0.0,,,,"8",,"8",6.5,,,"8",,"8",,"8",,"8",,"8",,"8",,"8",,"8",,"8",,"8",,"8",,"8",,"8",,"8",,"8",,"8",,"8",,"8",R,,"8",,"8",,"8"
"350190560",KATOWICE-MUCHOWIEC,"2026","01","01",1.5,,-3.6,,0.1,,-4.4,,0.5,,S,8,,1.0,,,"9",,"8",,"8",,"8",,"8",,"8",,"8",,"8",,"8",,"8",,"8",,"8",,"8",,"8",,"8",,"8",,"8",1,,,"8",Z,"01",,,"9",,"8"
"350190560",KATOWICE-MUCHOWIEC,"2026","01","02",2.1,,-0.3,,1.0,,-1.1,,0.3,,S,5,,1.4,,0.2,,,"8",,"8",,"8",,"8",,"8",,"8",,"8",,"8",,"8",,"8",,"8",,"8",,"8",,"8",,"8",,"8",1,,,"8",Z,"01",,,"9",,"8"
"350190560",KATOWICE-MUCHOWIEC,"2026","01","03",1.2,,-2.0,,-0.7,,-3.5,,0.0,,S,5,,1.0,,4.9,,,"8",,"8",,"8",,"8",,"8",,"8",,"8",,"8",,"8",,"8",,"8",,"8",,"8",,"8",,"8",,"8",1,,,"8",Z,"01",,,"9",,"8"
"350190560",KATOWICE-MUCHOWIEC,"2026","01","04",-0.4,,-3.7,,-2.0,,-6.3,,0.0,,S,5,,1.0,,4.5,,,"8",,"8",,"8",,"8",,"8",,"8",,"8",,"8",,"8",,"8",,"8",,"8",,"8",,"8",,"8",,"8",1,,,"8",Z,"01",,,"9",,"8"
"350190560",KATOWICE-MUCHOWIEC,"2026","01","05",-1.2,,-11.1,,-4.7,,-14.0,,,"9",,5,,1.0,,3.8,,,"8",,"8",,"8",,"8",,"8",,"8",,"8",,"8",,"8",,"8",,"8",,"8",,"8",,"8",,"8",,"8",1,,,"8",Z,"01",,,"9",,"8"
"350190560",KATOWICE-MUCHOWIEC,"2026","01","06",-2.5,,-8.8,,-5.0,,-11.2,,0.0,,S,4,,,"9",2.9,,,"8",,"8",,"8",,"8",,"8",,"8",,"8",,"8",,"8",,"8",,"8",,"8",,"8",,"8",,"8",,"8",1,,,"8",Z,"01",,,"9",,"8"
"350190560",KATOWICE-MUCHOWIEC,"2026","01","07",-3.7,,-7.3,,-5.2,,-9.3,,0.1,,S,4,,,"9",,"9",,"8",,"8",,"8",,"8",,"8",,"8",,"8",,"8",,"8",,"8",,"8",,"8",,"8",,"8",,"8",,"8",1,,,"8",Z,"01",,,"9",,"8"
"350190560",KATOWICE-MUCHOWIEC,"2026","01","08",-3.9,,-6.7,,-5.7,,-8.5,,0.3,,S,5,,1.2,,0.6,,,"8",,"8",,"8",,"8",,"8",,"8",,"8",,"8",,"8",,"8",,"8",,"8",,"8",,"8",,"8",,"8",1,,,"8",Z,"01",,,"9",,"8"
"350190560",KATOWICE-MUCHOWIEC,"2026","01","09",-3.3,,-14.6,,-7.3,,-18.5,,0.0,,S,7,,0.9,,4.5,,,"8",,"8",,"8",,"8",,"8",,"8",,"8",,"8",,"8",,"8",,"8",,"8",,"8",,"8",,"8",,"8",1,,,"8",Z,"01",,,"9",,"8"
"350190560",KATOWICE-MUCHOWIEC,"2026","01","10",-5.9,,-12.1,,-9.4,,-12.7,,0.3,,S,7,,1.0,,4.2,,,"8",,"8",,"8",,"8",,"8",,"8",,"8",,"8",,"8",,"8",,"8",,"8",,"8",,"8",,"8",,"8",1,,,"8",Z,"01",,,"9",,"8"
"350190560",KATOWICE-MUCHOWIEC,"2026","01","11",-3.8,,-9.6,,-4.8,,-10.0,,0.5,,S,8,,0.9,,,"9",,"8",,"8",,"8",,"8",,"8",,"8",,"8",,"8",,"8",,"8",,"8",,"8",,"8",,"8",,"8",,"8",1,,,"8",Z,"01",,,"9",,"8"
"350190560",KATOWICE-MUCHOWIEC,"2026","01","12",-3.3,,-10.7,,-6.3,,-14.1,,2.0,,S,8,,1.0,,0.9,,,"8",,"8",,"8",,"8",,"8",,"8",,"8",,"8",,"8",,"8",,"8",,"8",,"8",,"8",,"8",,"8",1,,,"8",Z,"01",,,"9",,"8"
"350190560",KATOWICE-MUCHOWIEC,"2026","01","13",-0.1,,-10.7,,-3.1,,-12.6,,2.1,,S,11,,0.8,,,"9",,"8",,"8",,"8",,"8",,"8",,"8",,"8",,"8",,"8",,"8",,"8",,"8",,"8",,"8",,"8",,"8",1,,,"8",Z,"01",,,"9",,"8"
"350190560",KATOWICE-MUCHOWIEC,"2026","01","14",2.2,,-1.5,,0.2,,-1.4,,0.1,,W,11,,1.4,,,"9",,"8",,"8",,"8",,"8",,"8",,"8",,"8",,"8",,"8",,"8",,"8",,"8",,"8",,"8",,"8",,"8",1,,,"8",Z,"01",,,"9",,"8"
"350190560",KATOWICE-MUCHOWIEC,"2026","01","15",3.4,,-2.8,,1.1,,-6.3,,,"9",,9,,1.6,,2.7,,,"8",,"8",,"8",,"8",,"8",,"8",,"8",,"8",,"8",,"8",,"8",,"8",,"8",,"8",,"8",,"8",1,,,"8",Z,"01",,,"9",,"8"
"350190560",KATOWICE-MUCHOWIEC,"2026","01","16",5.6,,0.4,,1.2,,0.1,,,"9",,8,,2.0,,3.7,,,"8",,"8",,"8",,"8",,"8",,"8",,"8",,"8",,"8",,"8",,"8",,"8",,"8",,"8",,"8",,"8",1,,,"8",Z,"01",,,"9",,"8"
"350190560",KATOWICE-MUCHOWIEC,"2026","01","17",4.0,,-2.5,,-0.8,,-3.9,,,"9",,7,,2.3,,4.4,,,"8",,"8",,"8",,"8",,"8",,"8",,"8",,"8",,"8",,"8",,"8",,"8",,"8",,"8",,"8",,"8",1,,,"8",Z,"01",,,"9",,"8"
"350190560",KATOWICE-MUCHOWIEC,"2026","01","18",-0.7,,-9.4,,-5.8,,-11.3,,,"9",,5,,2.8,,7.9,,,"8",,"8",,"8",,"8",,"8",,"8",,"8",,"8",,"8",,"8",,"8",,"8",,"8",,"8",,"8",,"8",1,,,"8",Z,"01",,,"9",,"8"
"350190560",KATOWICE-MUCHOWIEC,"2026","01","19",1.1,,-13.1,,-6.9,,-14.1,,,"9",,5,,2.8,,7.8,,,"8",,"8",,"8",,"8",,"8",,"8",,"8",,"8",,"8",,"8",,"8",,"8",,"8",,"8",,"8",,"8",1,,,"8",Z,"01",,,"9",,"8"
"350190560",KATOWICE-MUCHOWIEC,"2026","01","20",2.8,,-12.5,,-6.2,,-13.9,,,"9",,5,,3.0,,8.1,,,"8",,"8",,"8",,"8",,"8",,"8",,"8",,"8",,"8",,"8",,"8",,"8",,"8",,"8",,"8",,"8",1,,,"8",Z,"07",,,"9",,"8"
"350190560",KATOWICE-MUCHOWIEC,"2026","01","21",4.2,,-12.1,,-4.4,,-13.7,,,"9",,4,,,"9",8.1,,,"8",,"8",,"8",,"8",,"8",,"8",,"8",,"8",,"8",,"8",,"8",,"8",,"8",,"8",,"8",,"8",1,,,"8",Z,"09",,,"9",,"8"
"350190560",KATOWICE-MUCHOWIEC,"2026","01","22",-0.3,,-11.6,,-5.6,,-12.8,,,"9",,4,,,"9",3.7,,,"8",,"8",,"8",,"8",,"8",,"8",,"8",,"8",,"8",,"8",,"8",,"8",,"8",,"8",,"8",,"8",1,,,"8",Z,"11",,,"9",,"8"
"350190560",KATOWICE-MUCHOWIEC,"2026","01","23",-0.9,,-6.5,,-4.0,,-6.2,,0.0,,S,4,,,"9",2.1,,,"8",,"8",,"8",,"8",,"8",,"8",,"8",,"8",,"8",,"8",,"8",,"8",,"8",,"8",,"8",,"8",1,,,"8",Z,"10",,,"9",,"8"
"350190560",KATOWICE-MUCHOWIEC,"2026","01","24",-0.1,,-3.7,,-1.3,,-4.1,,0.0,,S,4,,,"9",,"9",,"8",,"8",,"8",,"8",,"8",,"8",,"8",,"8",,"8",,"8",,"8",,"8",,"8",,"8",,"8",,"8",1,,,"8",Z,"10",,,"9",,"8"
"350190560",KATOWICE-MUCHOWIEC,"2026","01","25",3.0,,-1.5,,0.8,,-1.6,,0.3,,W,4,,,"9",0.8,,,"8",,"8",,"8",,"8",,"8",,"8",,"8",,"8",,"8",,"8",,"8",,"8",,"8",,"8",,"8",,"8",1,,,"8",Z,"10",,,"9",,"8"
"350190560",KATOWICE-MUCHOWIEC,"2026","01","26",5.7,,1.2,,2.9,,-1.8,,0.0,,W,3,,,"9",0.7,,,"8",,"8",,"8",,"8",,"8",,"8",,"8",,"8",,"8",,"8",,"8",,"8",,"8",,"8",,"8",,"8",1,,,"8",Z,"05",,,"9",,"8"
"350190560",KATOWICE-MUCHOWIEC,"2026","01","27",3.4,,-1.8,,1.4,,-4.9,,,"9",,2,,,"9",0.4,,,"8",,"8",,"8",,"8",,"8",,"8",,"8",,"8",,"8",,"8",,"8",,"8",,"8",,"8",,"8",,"8",1,,,"8",Z,"05",,,"9",,"8"
"350190560",KATOWICE-MUCHOWIEC,"2026","01","28",2.2,,-0.1,,1.0,,-0.4,,,"9",,,"9",,"9",,"9",,"8",,"8",,"8",,"8",,"8",,"8",,"8",,"8",,"8",,"8",,"8",,"8",,"8",,"8",,"8",,"8",,"8",,"8",Z,"05",,,"9",,"8"
"350190560",KATOWICE-MUCHOWIEC,"2026","01","29",0.9,,-0.8,,-0.2,,-0.8,,0.0,,S,,"9",,"9",,"9",,"8",,"8",,"8",,"8",,"8",,"8",,"8",,"8",,"8",,"8",,"8",,"8",,"8",,"8",,"8",,"8",,"8",,"8",Z,"01",,,"9",,"8"
"350190560",KATOWICE-MUCHOWIEC,"2026","01","30",0.2,,-1.4,,-0.6,,-1.6,,0.0,,W,0,,,"9",,"9",,"8",,"8",,"8",,"8",,"8",,"8",,"8",,"8",,"8",,"8",,"8",,"8",,"8",,"8",,"8",,"8",,"8",,"8",Z,"01",,,"9",,"8"
"350190560",KATOWICE-MUCHOWIEC,"2026","01","31",-1.4,,-9.1,,-6.8,,-9.2,,0.0,,S,,"9",,"9",0.1,,,"8",,"8",,"8",,"8",,"8",,"8",,"8",,"8",,"8",,"8",,"8",,"8",,"8",,"8",,"8",,"8",,"8",,"8",Z,"01",,,"9",,"8"
"350190566",KRAK”W-BALICE,"2026","01","01",2.6,,-4.2,,0.1,,-4.3,,0.4,,S,1,,,"9",0.2,,,"9",9.1,,,"9",,"9",,"9",3.2,,,"9",,"9",,"9",,"9",,"9",,"9",,"9",,"9",,"9",,"9",1,,0,,Z,"08",,,"9",,"8"
"350190566",KRAK”W-BALICE,"2026","01","02",2.8,,-0.6,,1.4,,-1.4,,0.1,,S,1,,,"9",,"9",,"9",7.7,,,"9",,"9",,"9",0.5,,,"9",,"9",,"9",,"9",,"9",0.6,,,"9",,"9",,"9",,"9",1,,0,,Z,"05",,,"9",,"8"
"350190566",KRAK”W-BALICE,"2026","01","03",1.8,,-2.9,,0.0,,-5.3,,0.0,,S,0,,,"9",3.6,,,"9",2.3,,,"9",,"9",,"9",,"9",,"9",,"9",1.1,,,"9",,"9",1.9,,,"9",,"9",,"9",,"9",0,,0,,Z,"07",,,"9",,"8"
"350190566",KRAK”W-BALICE,"2026","01","04",1.6,,-5.1,,-2.1,,-7.6,,,"9",,0,,,"9",6.3,,,"9",,"9",,"9",,"9",,"9",,"9",,"9",,"9",,"9",,"9",,"9",2.6,,,"9",,"9",,"9",,"9",0,,0,,Z,"10",,,"9",,"8"
"350190566",KRAK”W-BALICE,"2026","01","05",-1.0,,-10.5,,-4.6,,-10.7,,,"9",,,"9",,"9",3.5,,,"9",,"9",,"9",,"9",,"9",,"9",,"9",,"9",,"9",,"9",,"9",,"9",,"9",,"9",,"9",9.0,,0,,0,,Z,"16",,,"9",,"8"
"350190566",KRAK”W-BALICE,"2026","01","06",-2.5,,-4.5,,-3.6,,-4.1,,0.0,,S,,"9",,"9",0.3,,,"9",2.3,,,"9",,"9",,"9",13.7,,,"9",,"9",,"9",,"9",,"9",,"9",,"9",,"9",,"9",,"9",0,,0,,Z,"16",,,"9",,"8"
"350190566",KRAK”W-BALICE,"2026","01","07",-3.2,,-7.4,,-4.8,,-8.0,,1.5,,S,0,,,"9",0.1,,,"9",8.2,,,"9",,"9",,"9",11.8,,,"9",,"9",,"9",,"9",,"9",,"9",,"9",,"9",,"9",,"9",0,,0,,Z,"17",,,"9",,"8"
"350190566",KRAK”W-BALICE,"2026","01","08",-4.1,,-6.6,,-5.6,,-7.3,,0.8,,S,5,,0.8,,,"9",,"9",14.3,,,"9",,"9",,"9",20.3,,,"9",,"9",,"9",,"9",,"9",,"9",,"9",,"9",,"9",,"9",1,,0,,Z,"18",,,"9",,"8"
"350190566",KRAK”W-BALICE,"2026","01","09",-3.3,,-9.9,,-7.2,,-10.7,,0.0,,S,8,,0.9,,4.6,,,"9",,"9",,"9",,"9",,"9",10.3,,,"9",,"9",,"9",,"9",,"9",,"9",,"9",,"9",,"9",,"9",1,,0,,Z,"15",,,"9",,"8"
"350190566",KRAK”W-BALICE,"2026","01","10",-7.8,,-12.0,,-10.2,,-12.3,,0.4,,S,5,,0.8,,3.4,,,"9",12.9,,,"9",,"9",,"9",8.8,,,"9",,"9",,"9",,"9",,"9",,"9",,"9",,"9",,"9",,"9",1,,0,,Z,"19",,,"9",,"8"
"350190566",KRAK”W-BALICE,"2026","01","11",-2.9,,-9.7,,-4.6,,-10.0,,1.0,,S,8,,1.0,,,"9",,"9",23.5,,,"9",,"9",,"9",22.3,,,"9",,"9",17.3,,0.4,,,"9",,"9",,"9",,"9",,"9",,"9",1,,0,,Z,"20",,,"9",,"8"
"350190566",KRAK”W-BALICE,"2026","01","12",-4.0,,-10.0,,-6.5,,-12.6,,0.4,,S,9,,0.9,,,"9",,"9",7.8,,,"9",,"9",,"9",10.5,,,"9",,"9",7.6,,,"9",,"9",,"9",,"9",,"9",,"9",,"9",1,,0,,Z,"20",,,"9",,"8"
"350190566",KRAK”W-BALICE,"2026","01","13",-3.4,,-11.5,,-5.8,,-13.4,,3.3,,S,10,,0.7,,,"9",6.9,,12.1,,,"9",,"9",,"9",24.0,,,"9",7.8,,,"9",,"9",,"9",,"9",,"9",,"9",,"9",,"9",1,,0,,Z,"20",,,"9",,"8"
"350190566",KRAK”W-BALICE,"2026","01","14",0.2,,-4.1,,-1.4,,-4.6,,0.2,,W,13,,1.3,,,"9",4.3,,,"9",,"9",,"9",,"9",22.1,,,"9",13.2,,,"9",,"9",,"9",,"9",,"9",,"9",,"9",,"9",1,,0,,Z,"20",,,"9",,"8"
"350190566",KRAK”W-BALICE,"2026","01","15",3.3,,-5.0,,0.9,,-5.2,,0.0,,W,7,,2.4,,2.5,,0.8,,,"9",,"9",,"9",4.0,,17.7,,3.9,,,"9",,"9",,"9",,"9",,"9",,"9",,"9",,"9",,"9",1,,0,,Z,"15",,,"9",,"8"
"350190566",KRAK”W-BALICE,"2026","01","16",2.6,,-0.7,,0.5,,-1.6,,,"9",,5,,2.4,,5.9,,,"9",,"9",,"9",,"9",,"9",19.0,,,"9",,"9",,"9",,"9",,"9",,"9",,"9",,"9",,"9",,"9",1,,0,,R,,"9",,"9",,"8"
"350190566",KRAK”W-BALICE,"2026","01","17",-0.5,,-5.4,,-3.8,,-5.2,,0.0,,S,3,,,"9",4.9,,,"9",0.4,,,"9",,"9",8.8,,7.5,,10.1,,,"9",,"9",,"9",,"9",,"9",,"9",,"9",,"9",,"9",1,,0,,Z,"10",,,"9",,"8"
"350190566",KRAK”W-BALICE,"2026","01","18",-3.5,,-11.7,,-9.5,,-13.8,,,"9",,2,,,"9",7.7,,,"9",,"9",,"9",,"9",,"9",9.1,,,"9",,"9",,"9",,"9",,"9",,"9",,"9",,"9",,"9",,"9",1,,0,,Z,"19",,,"9",,"8"
"350190566",KRAK”W-BALICE,"2026","01","19",-3.3,,-14.4,,-9.4,,-16.2,,,"9",,2,,,"9",6.6,,,"9",,"9",,"9",,"9",,"9",20.0,,,"9",,"9",,"9",,"9",4.0,,,"9",,"9",,"9",,"9",,"9",1,,0,,Z,"23",,,"9",,"8"
"350190566",KRAK”W-BALICE,"2026","01","20",0.0,,-14.3,,-8.4,,-16.2,,,"9",,2,,,"9",7.7,,,"9",,"9",,"9",,"9",,"9",17.1,,,"9",,"9",,"9",,"9",6.9,,,"9",,"9",,"9",,"9",,"9",1,,0,,Z,"29",,,"9",,"8"
"350190566",KRAK”W-BALICE,"2026","01","21",1.6,,-13.9,,-7.8,,-16.2,,,"9",,2,,,"9",7.9,,,"9",,"9",,"9",,"9",,"9",15.5,,,"9",,"9",,"9",,"9",8.5,,,"9",,"9",,"9",,"9",,"9",1,,0,,Z,"35",,,"9",,"8"
"350190566",KRAK”W-BALICE,"2026","01","22",-2.6,,-12.7,,-6.8,,-12.8,,,"9",,2,,,"9",,"9",,"9",,"9",,"9",,"9",,"9",18.8,,,"9",,"9",,"9",,"9",5.3,,,"9",,"9",,"9",,"9",,"9",1,,0,,Z,"38",,,"9",,"8"
"350190566",KRAK”W-BALICE,"2026","01","23",-2.5,,-7.9,,-5.5,,-7.5,,0.0,,S,2,,,"9",,"9",,"9",1.9,,,"9",,"9",,"9",24.0,,,"9",,"9",,"9",,"9",,"9",,"9",,"9",,"9",,"9",,"9",1,,0,,Z,"38",,,"9",,"8"
"350190566",KRAK”W-BALICE,"2026","01","24",-1.1,,-3.5,,-1.8,,-3.6,,0.9,,S,2,,,"9",,"9",2.6,,4.9,,,"9",,"9",,"9",24.0,,,"9",9.0,,,"9",,"9",,"9",,"9",,"9",,"9",,"9",,"9",1,,0,,Z,"36",,,"9",,"8"
"350190566",KRAK”W-BALICE,"2026","01","25",1.4,,-2.2,,-0.1,,-2.2,,0.0,,W,2,,,"9",,"9",4.4,,,"9",,"9",,"9",5.5,,18.5,,,"9",12.2,,,"9",,"9",,"9",,"9",,"9",,"9",,"9",,"9",1,,0,,Z,"34",,,"9",,"8"
"350190566",KRAK”W-BALICE,"2026","01","26",4.3,,-0.2,,1.5,,-1.0,,0.0,,W,,"9",,"9",0.1,,1.4,,,"9",,"9",,"9",4.7,,13.3,,,"9",,"9",,"9",,"9",,"9",,"9",,"9",,"9",,"9",,"9",0,,0,,R,"31",,"04",,,"8"
"350190566",KRAK”W-BALICE,"2026","01","27",3.8,,-4.8,,-0.5,,-6.2,,,"9",,,"9",,"9",0.1,,,"9",,"9",,"9",,"9",5.1,,13.3,,8.1,,,"9",,"9",,"9",,"9",,"9",,"9",,"9",,"9",,"9",0,,0,,Z,"24",,,"9",,"8"
"350190566",KRAK”W-BALICE,"2026","01","28",2.4,,-0.9,,0.4,,-1.6,,0.0,,S,,"9",,"9",,"9",,"9",,"9",,"9",,"9",,"9",24.0,,,"9",,"9",,"9",,"9",,"9",,"9",,"9",,"9",,"9",,"9",0,,0,,Z,"24",,,"9",,"8"
"350190566",KRAK”W-BALICE,"2026","01","29",1.2,,-0.9,,-0.5,,-0.8,,0.1,,S,,"9",,"9",,"9",2.0,,10.0,,,"9",,"9",,"9",17.2,,,"9",4.2,,,"9",,"9",,"9",,"9",,"9",,"9",,"9",,"9",0,,0,,Z,"24",,,"9",,"8"
"350190566",KRAK”W-BALICE,"2026","01","30",-0.1,,-1.7,,-0.9,,-1.6,,0.0,,W,1,,,"9",,"9",8.9,,5.6,,,"9",,"9",,"9",15.2,,,"9",8.9,,,"9",,"9",,"9",,"9",,"9",,"9",,"9",,"9",1,,0,,Z,"24",,,"9",,"8"
"350190566",KRAK”W-BALICE,"2026","01","31",-1.7,,-9.1,,-7.4,,-9.0,,0.0,,S,1,,,"9",,"9",1.2,,10.0,,,"9",,"9",,"9",4.3,,,"9",15.5,,,"9",,"9",,"9",,"9",,"9",,"9",,"9",,"9",1,,0,,Z,"24",,,"9",,"8"
"350200570",KIELCE-SUK”W,"2026","01","01",1.3,,-3.6,,-0.9,,-4.8,,0.9,,S,6,,1.0,,,"9",,"8",,"8",,"8",,"8",,"8",,"8",,"8",,"8",,"8",,"8",,"8",,"8",,"8",,"8",,"8",,"8",1,,,"8",Z,"05",,,"9",,"8"
"350200570",KIELCE-SUK”W,"2026","01","02",1.6,,-0.8,,0.3,,-1.3,,1.2,,S,7,,1.0,,,"9",,"8",,"8",,"8",,"8",,"8",,"8",,"8",,"8",,"8",,"8",,"8",,"8",,"8",,"8",,"8",,"8",1,,,"8",R,"01",,,"9",,"8"
"350200570",KIELCE-SUK”W,"2026","01","03",0.6,,-2.4,,-0.8,,-2.9,,0.3,,S,8,,1.3,,0.7,,,"8",,"8",,"8",,"8",,"8",,"8",,"8",,"8",,"8",,"8",,"8",,"8",,"8",,"8",,"8",,"8",1,,,"8",R,"01",,,"9",,"8"
"350200570",KIELCE-SUK”W,"2026","01","04",0.1,,-4.3,,-2.2,,-8.3,,0.0,,S,7,,1.1,,3.3,,,"8",,"8",,"8",,"8",,"8",,"8",,"8",,"8",,"8",,"8",,"8",,"8",,"8",,"8",,"8",,"8",1,,,"8",Z,"08",,,"9",,"8"
"350200570",KIELCE-SUK”W,"2026","01","05",-1.8,,-11.6,,-5.8,,-15.5,,,"9",,7,,1.0,,4.6,,,"8",,"8",,"8",,"8",,"8",,"8",,"8",,"8",,"8",,"8",,"8",,"8",,"8",,"8",,"8",,"8",1,,,"8",Z,"10",,,"9",,"8"
"350200570",KIELCE-SUK”W,"2026","01","06",-3.3,,-7.1,,-5.1,,-7.7,,,"9",,7,,1.3,,4.2,,,"8",,"8",,"8",,"8",,"8",,"8",,"8",,"8",,"8",,"8",,"8",,"8",,"8",,"8",,"8",,"8",1,,,"8",Z,"11",,,"9",,"8"
"350200570",KIELCE-SUK”W,"2026","01","07",-3.6,,-8.9,,-6.3,,-11.5,,1.5,,S,6,,1.3,,0.1,,,"8",,"8",,"8",,"8",,"8",,"8",,"8",,"8",,"8",,"8",,"8",,"8",,"8",,"8",,"8",,"8",1,,,"8",Z,"12",,,"9",,"8"
"350200570",KIELCE-SUK”W,"2026","01","08",-4.3,,-7.0,,-6.4,,-7.6,,0.2,,S,15,,0.9,,,"9",,"8",,"8",,"8",,"8",,"8",,"8",,"8",,"8",,"8",,"8",,"8",,"8",,"8",,"8",,"8",,"8",1,,,"8",R,"11",,,"9",,"8"
"350200570",KIELCE-SUK”W,"2026","01","09",-5.3,,-11.6,,-9.1,,-16.7,,0.1,,S,16,,1.2,,4.8,,,"8",,"8",,"8",,"8",,"8",,"8",,"8",,"8",,"8",,"8",,"8",,"8",,"8",,"8",,"8",,"8",1,,,"8",Z,"10",,,"9",,"8"
"350200570",KIELCE-SUK”W,"2026","01","10",-9.1,,-13.6,,-10.3,,-17.8,,1.3,,S,17,,1.2,,2.8,,,"8",,"8",,"8",,"8",,"8",,"8",,"8",,"8",,"8",,"8",,"8",,"8",,"8",,"8",,"8",,"8",1,,,"8",Z,"11",,,"9",,"8"
"350200570",KIELCE-SUK”W,"2026","01","11",-2.8,,-9.1,,-4.1,,-9.1,,3.9,,S,18,,1.0,,,"9",,"8",,"8",,"8",,"8",,"8",,"8",,"8",,"8",,"8",,"8",,"8",,"8",,"8",,"8",,"8",,"8",1,,,"8",Z,"10",,,"9",,"8"
"350200570",KIELCE-SUK”W,"2026","01","12",-3.2,,-6.4,,-5.7,,-8.4,,0.0,,S,28,,1.2,,,"9",,"8",,"8",,"8",,"8",,"8",,"8",,"8",,"8",,"8",,"8",,"8",,"8",,"8",,"8",,"8",,"8",1,,,"8",Z,"05",,,"9",,"8"
"350200570",KIELCE-SUK”W,"2026","01","13",-5.4,,-14.4,,-8.6,,-18.1,,0.9,,S,27,,1.3,,,"9",,"8",,"8",,"8",,"8",,"8",,"8",,"8",,"8",,"8",,"8",,"8",,"8",,"8",,"8",,"8",,"8",1,,,"8",Z,"11",,,"9",,"8"
"350200570",KIELCE-SUK”W,"2026","01","14",-1.2,,-13.1,,-4.4,,-16.3,,2.6,,S,27,,1.3,,,"9",,"8",,"8",,"8",,"8",,"8",,"8",,"8",,"8",,"8",,"8",,"8",,"8",,"8",,"8",,"8",,"8",1,,,"8",R,"10",,,"9",,"8"
"350200570",KIELCE-SUK”W,"2026","01","15",2.9,,-1.3,,1.3,,-1.5,,0.0,,W,21,,1.7,,1.0,,,"8",,"8",,"8",,"8",,"8",,"8",,"8",,"8",,"8",,"8",,"8",,"8",,"8",,"8",,"8",,"8",1,,,"8",Z,,"9",,"9",,"8"
"350200570",KIELCE-SUK”W,"2026","01","16",2.0,,-1.5,,-0.1,,-1.4,,,"9",,17,,1.8,,0.7,,,"8",,"8",,"8",,"8",,"8",,"8",,"8",,"8",,"8",,"8",,"8",,"8",,"8",,"8",,"8",,"8",1,,,"8",R,,"9",,"9",,"8"
"350200570",KIELCE-SUK”W,"2026","01","17",1.1,,-9.3,,-4.3,,-11.2,,,"9",,15,,2.0,,7.9,,,"8",,"8",,"8",,"8",,"8",,"8",,"8",,"8",,"8",,"8",,"8",,"8",,"8",,"8",,"8",,"8",1,,,"8",Z,"01",,,"9",,"8"
"350200570",KIELCE-SUK”W,"2026","01","18",-1.9,,-12.3,,-7.4,,-13.5,,,"9",,13,,2.2,,8.1,,,"8",,"8",,"8",,"8",,"8",,"8",,"8",,"8",,"8",,"8",,"8",,"8",,"8",,"8",,"8",,"8",1,,,"8",Z,"13",,,"9",,"8"
"350200570",KIELCE-SUK”W,"2026","01","19",-1.7,,-17.0,,-9.9,,-19.3,,,"9",,12,,2.2,,7.9,,,"8",,"8",,"8",,"8",,"8",,"8",,"8",,"8",,"8",,"8",,"8",,"8",,"8",,"8",,"8",,"8",1,,,"8",Z,"17",,,"9",,"8"
"350200570",KIELCE-SUK”W,"2026","01","20",0.2,,-16.7,,-9.5,,-18.8,,,"9",,11,,2.4,,8.0,,,"8",,"8",,"8",,"8",,"8",,"8",,"8",,"8",,"8",,"8",,"8",,"8",,"8",,"8",,"8",,"8",1,,,"8",Z,"19",,,"9",,"8"
"350200570",KIELCE-SUK”W,"2026","01","21",1.2,,-16.0,,-8.5,,-18.2,,,"9",,11,,2.5,,8.2,,,"8",,"8",,"8",,"8",,"8",,"8",,"8",,"8",,"8",,"8",,"8",,"8",,"8",,"8",,"8",,"8",1,,,"8",Z,"22",,,"9",,"8"
"350200570",KIELCE-SUK”W,"2026","01","22",0.2,,-15.6,,-8.2,,-18.1,,0.0,,S,11,,2.7,,0.1,,,"8",,"8",,"8",,"8",,"8",,"8",,"8",,"8",,"8",,"8",,"8",,"8",,"8",,"8",,"8",,"8",1,,,"8",Z,"26",,,"9",,"8"
"350200570",KIELCE-SUK”W,"2026","01","23",-3.2,,-10.7,,-5.4,,-10.9,,0.5,,S,11,,2.5,,,"9",,"8",,"8",,"8",,"8",,"8",,"8",,"8",,"8",,"8",,"8",,"8",,"8",,"8",,"8",,"8",,"8",1,,,"8",Z,"26",,,"9",,"8"
"350200570",KIELCE-SUK”W,"2026","01","24",-2.4,,-3.8,,-3.3,,-3.8,,1.4,,S,12,,2.4,,,"9",,"8",,"8",,"8",,"8",,"8",,"8",,"8",,"8",,"8",,"8",,"8",,"8",,"8",,"8",,"8",,"8",1,,,"8",Z,"20",,,"9",,"8"
"350200570",KIELCE-SUK”W,"2026","01","25",0.1,,-3.8,,-1.1,,-3.8,,0.2,,W,11,,2.5,,,"9",,"8",,"8",,"8",,"8",,"8",,"8",,"8",,"8",,"8",,"8",,"8",,"8",,"8",,"8",,"8",,"8",1,,,"8",Z,"20",,,"9",,"8"
"350200570",KIELCE-SUK”W,"2026","01","26",4.4,,-0.7,,1.4,,-1.3,,0.0,,W,10,,2.3,,,"9",,"8",,"8",,"8",,"8",,"8",,"8",,"8",,"8",,"8",,"8",,"8",,"8",,"8",,"8",,"8",,"8",1,,,"8",Z,"15",,"04",,,"8"
"350200570",KIELCE-SUK”W,"2026","01","27",2.0,,-5.1,,-1.0,,-6.2,,0.0,,W,10,,2.4,,3.4,,,"8",,"8",,"8",,"8",,"8",,"8",,"8",,"8",,"8",,"8",,"8",,"8",,"8",,"8",,"8",,"8",1,,,"8",Z,"01",,,"9",,"8"
"350200570",KIELCE-SUK”W,"2026","01","28",1.2,,-1.1,,-0.2,,-2.1,,,"9",,10,,2.7,,,"9",,"8",,"8",,"8",,"8",,"8",,"8",,"8",,"8",,"8",,"8",,"8",,"8",,"8",,"8",,"8",,"8",1,,,"8",R,"15",,,"9",,"8"
"350200570",KIELCE-SUK”W,"2026","01","29",0.2,,-1.1,,-0.6,,-1.2,,,"9",,10,,2.8,,,"9",,"8",,"8",,"8",,"8",,"8",,"8",,"8",,"8",,"8",,"8",,"8",,"8",,"8",,"8",,"8",,"8",1,,,"8",Z,"10",,,"9",,"8"
"350200570",KIELCE-SUK”W,"2026","01","30",-0.7,,-3.8,,-2.4,,-3.8,,0.0,,S,10,,2.6,,,"9",,"8",,"8",,"8",,"8",,"8",,"8",,"8",,"8",,"8",,"8",,"8",,"8",,"8",,"8",,"8",,"8",1,,,"8",Z,"15",,,"9",,"8"
"350200570",KIELCE-SUK”W,"2026","01","31",-3.8,,-11.6,,-10.5,,-13.2,,0.0,,S,10,,2.7,,8.3,,,"8",,"8",,"8",,"8",,"8",,"8",,"8",,"8",,"8",,"8",,"8",,"8",,"8",,"8",,"8",,"8",1,,,"8",Z,"19",,,"9",,"8"
"350200575",TARN”W,"2026","01","01",2.5,,-2.9,,0.2,,-4.7,,0.0,,,,"8",,"8",0.4,,,"8",,"8",,"8",,"8",,"8",,"8",,"8",,"8",,"8",,"8",,"8",,"8",,"8",,"8",,"8",,"8",,"8",,"8",R,"01",,,"9",,"8"
"350200575",TARN”W,"2026","01","02",4.3,,-0.6,,2.4,,-2.6,,0.1,,,,"8",,"8",3.3,,,"8",,"8",,"8",,"8",,"8",,"8",,"8",,"8",,"8",,"8",,"8",,"8",,"8",,"8",,"8",,"8",,"8",,"8",R,"01",,,"9",,"8"
"350200575",TARN”W,"2026","01","03",2.4,,-2.2,,-0.3,,-8.7,,0.0,,,,"8",,"8",3.1,,,"8",,"8",,"8",,"8",,"8",,"8",,"8",,"8",,"8",,"8",,"8",,"8",,"8",,"8",,"8",,"8",,"8",,"8",R,"01",,,"9",,"8"
"350200575",TARN”W,"2026","01","04",2.5,,-4.2,,-0.8,,-10.3,,,"9",,,"8",,"8",5.1,,,"8",,"8",,"8",,"8",,"8",,"8",,"8",,"8",,"8",,"8",,"8",,"8",,"8",,"8",,"8",,"8",,"8",,"8",R,"06",,,"9",,"8"
"350200575",TARN”W,"2026","01","05",-0.1,,-6.4,,-3.0,,-12.3,,0.0,,W,,"9",,"9",4.5,,,"8",,"8",,"8",,"8",,"8",,"8",,"8",,"8",,"8",,"8",,"8",,"8",,"8",,"8",,"8",,"8",,"8",,"8",Z,"09",,,"9",,"8"
"350200575",TARN”W,"2026","01","06",-1.6,,-3.7,,-2.9,,-5.5,,6.9,,S,,"8",,"8",,"9",,"8",,"8",,"8",,"8",,"8",,"8",,"8",,"8",,"8",,"8",,"8",,"8",,"8",,"8",,"8",,"8",,"8",,"8",R,"08",,,"9",,"8"
"350200575",TARN”W,"2026","01","07",-2.4,,-5.6,,-5.0,,-5.8,,2.0,,S,12,,0.9,,,"9",,"8",,"8",,"8",,"8",,"8",,"8",,"8",,"8",,"8",,"8",,"8",,"8",,"8",,"8",,"8",,"8",1,,,"8",Z,"06",,,"9",,"8"
"350200575",TARN”W,"2026","01","08",-4.6,,-6.3,,-5.6,,-6.4,,1.0,,S,18,,0.9,,,"9",,"8",,"8",,"8",,"8",,"8",,"8",,"8",,"8",,"8",,"8",,"8",,"8",,"8",,"8",,"8",,"8",1,,,"8",Z,"05",,,"9",,"8"
"350200575",TARN”W,"2026","01","09",-4.7,,-13.1,,-8.3,,-20.8,,0.0,,W,19,,1.0,,6.0,,,"8",,"8",,"8",,"8",,"8",,"8",,"8",,"8",,"8",,"8",,"8",,"8",,"8",,"8",,"8",,"8",1,,,"8",Z,"01",,,"9",,"8"
"350200575",TARN”W,"2026","01","10",-9.2,,-16.3,,-10.6,,-22.2,,0.0,,,,"8",,"8",0.2,,,"8",,"8",,"8",,"8",,"8",,"8",,"8",,"8",,"8",,"8",,"8",,"8",,"8",,"8",,"8",,"8",,"8",,"8",R,"01",,,"9",,"8"
"350200575",TARN”W,"2026","01","11",-2.7,,-9.3,,-4.4,,-9.6,,0.5,,S,,"8",,"8",,"9",,"8",,"8",,"8",,"8",,"8",,"8",,"8",,"8",,"8",,"8",,"8",,"8",,"8",,"8",,"8",,"8",,"8",,"8",R,"01",,,"9",,"8"
"350200575",TARN”W,"2026","01","12",-3.9,,-6.8,,-5.5,,-10.5,,0.0,,S,20,,1.3,,,"9",,"8",,"8",,"8",,"8",,"8",,"8",,"8",,"8",,"8",,"8",,"8",,"8",,"8",,"8",,"8",,"8",1,,,"8",Z,"01",,,"9",,"8"
"350200575",TARN”W,"2026","01","13",-4.4,,-12.7,,-6.4,,-18.5,,2.0,,S,21,,1.4,,,"9",,"8",,"8",,"8",,"8",,"8",,"8",,"8",,"8",,"8",,"8",,"8",,"8",,"8",,"8",,"8",,"8",1,,,"8",Z,"01",,,"9",,"8"
"350200575",TARN”W,"2026","01","14",0.1,,-5.6,,-1.8,,-9.6,,1.3,,W,22,,1.5,,,"9",,"8",,"8",,"8",,"8",,"8",,"8",,"8",,"8",,"8",,"8",,"8",,"8",,"8",,"8",,"8",,"8",1,,,"8",Z,"01",,,"9",,"8"
"350200575",TARN”W,"2026","01","15",4.4,,-0.2,,2.2,,-4.1,,,"9",,17,,2.0,,3.1,,,"8",,"8",,"8",,"8",,"8",,"8",,"8",,"8",,"8",,"8",,"8",,"8",,"8",,"8",,"8",,"8",1,,,"8",Z,"01",,,"9",,"8"
"350200575",TARN”W,"2026","01","16",5.1,,-3.6,,0.3,,-6.5,,,"9",,13,,2.4,,7.2,,,"8",,"8",,"8",,"8",,"8",,"8",,"8",,"8",,"8",,"8",,"8",,"8",,"8",,"8",,"8",,"8",1,,,"8",Z,"01",,,"9",,"8"
"350200575",TARN”W,"2026","01","17",2.4,,-8.9,,-4.6,,-14.1,,,"9",,,"8",,"8",7.2,,,"8",,"8",,"8",,"8",,"8",,"8",,"8",,"8",,"8",,"8",,"8",,"8",,"8",,"8",,"8",,"8",,"8",,"8",R,"01",,,"9",,"8"
"350200575",TARN”W,"2026","01","18",-5.2,,-15.3,,-10.5,,-21.3,,,"9",,,"8",,"8",7.3,,,"8",,"8",,"8",,"8",,"8",,"8",,"8",,"8",,"8",,"8",,"8",,"8",,"8",,"8",,"8",,"8",,"8",,"8",R,"01",,,"9",,"8"
"350200575",TARN”W,"2026","01","19",-4.3,,-17.8,,-12.2,,-22.4,,,"9",,10,,2.6,,6.6,,,"8",,"8",,"8",,"8",,"8",,"8",,"8",,"8",,"8",,"8",,"8",,"8",,"8",,"8",,"8",,"8",1,,,"8",Z,"01",,,"9",,"8"
"350200575",TARN”W,"2026","01","20",2.2,,-15.7,,-7.2,,-20.4,,,"9",,10,,2.6,,7.9,,,"8",,"8",,"8",,"8",,"8",,"8",,"8",,"8",,"8",,"8",,"8",,"8",,"8",,"8",,"8",,"8",1,,,"8",Z,"01",,,"9",,"8"
"350200575",TARN”W,"2026","01","21",1.8,,-10.1,,-5.3,,-17.9,,0.1,,W,9,,2.7,,7.5,,,"8",,"8",,"8",,"8",,"8",,"8",,"8",,"8",,"8",,"8",,"8",,"8",,"8",,"8",,"8",,"8",1,,,"8",Z,"01",,,"9",,"8"
"350200575",TARN”W,"2026","01","22",-3.0,,-13.6,,-7.9,,-18.7,,0.1,,S,9,,2.8,,,"9",,"8",,"8",,"8",,"8",,"8",,"8",,"8",,"8",,"8",,"8",,"8",,"8",,"8",,"8",,"8",,"8",1,,,"8",Z,"01",,,"9",,"8"
"350200575",TARN”W,"2026","01","23",-1.7,,-7.0,,-4.1,,-7.4,,0.0,,W,9,,2.8,,,"9",,"8",,"8",,"8",,"8",,"8",,"8",,"8",,"8",,"8",,"8",,"8",,"8",,"8",,"8",,"8",,"8",1,,,"8",Z,"01",,,"9",,"8"
"350200575",TARN”W,"2026","01","24",0.7,,-2.2,,-0.4,,-3.4,,0.0,,,,"8",,"8",,"9",,"8",,"8",,"8",,"8",,"8",,"8",,"8",,"8",,"8",,"8",,"8",,"8",,"8",,"8",,"8",,"8",,"8",,"8",R,"01",,,"9",,"8"
"350200575",TARN”W,"2026","01","25",7.3,,-0.3,,2.4,,-2.8,,0.0,,,,"8",,"8",2.9,,,"8",,"8",,"8",,"8",,"8",,"8",,"8",,"8",,"8",,"8",,"8",,"8",,"8",,"8",,"8",,"8",,"8",,"8",R,"01",,,"9",,"8"
"350200575",TARN”W,"2026","01","26",8.9,,1.1,,4.5,,0.4,,0.0,,W,4,,,"9",,"9",,"8",,"8",,"8",,"8",,"8",,"8",,"8",,"8",,"8",,"8",,"8",,"8",,"8",,"8",,"8",,"8",1,,,"8",Z,,"9",,"9",,"8"
"350200575",TARN”W,"2026","01","27",5.1,,-2.4,,0.4,,-5.7,,,"9",,2,,,"9",2.5,,,"8",,"8",,"8",,"8",,"8",,"8",,"8",,"8",,"8",,"8",,"8",,"8",,"8",,"8",,"8",,"8",1,,,"8",Z,"01",,,"9",,"8"
"350200575",TARN”W,"2026","01","28",5.0,,-4.6,,-0.1,,-8.9,,,"9",,2,,,"9",4.1,,,"8",,"8",,"8",,"8",,"8",,"8",,"8",,"8",,"8",,"8",,"8",,"8",,"8",,"8",,"8",,"8",1,,,"8",Z,"01",,,"9",,"8"
"350200575",TARN”W,"2026","01","29",1.5,,-0.7,,-0.1,,-0.7,,0.0,,,,"8",,"8",,"9",,"8",,"8",,"8",,"8",,"8",,"8",,"8",,"8",,"8",,"8",,"8",,"8",,"8",,"8",,"8",,"8",,"8",,"8",R,"01",,,"9",,"8"
"350200575",TARN”W,"2026","01","30",0.6,,-1.3,,-0.5,,-1.4,,0.0,,S,1,,,"9",,"9",,"8",,"8",,"8",,"8",,"8",,"8",,"8",,"8",,"8",,"8",,"8",,"8",,"8",,"8",,"8",,"8",1,,,"8",R,"01",,,"9",,"8"
"350200575",TARN”W,"2026","01","31",-1.3,,-9.0,,-7.3,,-8.7,,0.0,,,,"8",,"8",1.1,,,"8",,"8",,"8",,"8",,"8",,"8",,"8",,"8",,"8",,"8",,"8",,"8",,"8",,"8",,"8",,"8",,"8",,"8",R,"01",,,"9",,"8"
"350210585",SANDOMIERZ,"2026","01","01",-0.1,,-3.9,,-1.7,,-5.2,,0.0,,S,,"8",,"8",,"9",,"8",,"8",,"8",,"8",,"8",,"8",,"8",,"8",,"8",,"8",,"8",,"8",,"8",,"8",,"8",,"8",,"8",,"8",R,"10",,,"9",,"8"
"350210585",SANDOMIERZ,"2026","01","02",2.8,,-0.7,,0.9,,-1.3,,0.0,,S,2,,,"9",0.6,,,"8",,"8",,"8",,"8",,"8",,"8",,"8",,"8",,"8",,"8",,"8",,"8",,"8",,"8",,"8",,"8",1,,,"8",R,"10",,,"9",,"8"
"350210585",SANDOMIERZ,"2026","01","03",1.0,,-3.3,,-1.2,,-6.5,,0.0,,,,"8",,"8",2.1,,,"8",,"8",,"8",,"8",,"8",,"8",,"8",,"8",,"8",,"8",,"8",,"8",,"8",,"8",,"8",,"8",,"8",,"8",R,"10",,,"9",,"8"
"350210585",SANDOMIERZ,"2026","01","04",1.4,,-4.9,,-2.1,,-9.2,,,"9",,,"8",,"8",6.9,,,"8",,"8",,"8",,"8",,"8",,"8",,"8",,"8",,"8",,"8",,"8",,"8",,"8",,"8",,"8",,"8",,"8",,"8",R,"12",,,"9",,"8"
"350210585",SANDOMIERZ,"2026","01","05",-2.1,,-7.4,,-4.5,,-11.3,,,"9",,1,,,"9",4.4,,,"8",,"8",,"8",,"8",,"8",,"8",,"8",,"8",,"8",,"8",,"8",,"8",,"8",,"8",,"8",,"8",1,,,"8",Z,"16",,,"9",,"8"
"350210585",SANDOMIERZ,"2026","01","06",-3.3,,-5.0,,-4.2,,-5.6,,4.3,,S,,"8",,"8",0.2,,,"8",,"8",,"8",,"8",,"8",,"8",,"8",,"8",,"8",,"8",,"8",,"8",,"8",,"8",,"8",,"8",,"8",,"8",R,"16",,,"9",,"8"
"350210585",SANDOMIERZ,"2026","01","07",-3.6,,-6.3,,-5.8,,-6.4,,2.6,,S,7,,1.4,,,"9",,"8",,"8",,"8",,"8",,"8",,"8",,"8",,"8",,"8",,"8",,"8",,"8",,"8",,"8",,"8",,"8",1,,,"8",Z,"16",,,"9",,"8"
"350210585",SANDOMIERZ,"2026","01","08",-4.8,,-7.0,,-6.4,,-7.1,,0.8,,S,15,,1.1,,,"9",,"8",,"8",,"8",,"8",,"8",,"8",,"8",,"8",,"8",,"8",,"8",,"8",,"8",,"8",,"8",,"8",1,,,"8",Z,"15",,,"9",,"8"
"350210585",SANDOMIERZ,"2026","01","09",-4.6,,-11.8,,-9.0,,-13.1,,0.0,,W,15,,1.3,,1.0,,,"8",,"8",,"8",,"8",,"8",,"8",,"8",,"8",,"8",,"8",,"8",,"8",,"8",,"8",,"8",,"8",1,,,"8",Z,"13",,,"9",,"8"
"350210585",SANDOMIERZ,"2026","01","10",-8.4,,-13.4,,-10.6,,-16.4,,0.6,,,,"8",,"8",6.2,,,"8",,"8",,"8",,"8",,"8",,"8",,"8",,"8",,"8",,"8",,"8",,"8",,"8",,"8",,"8",,"8",,"8",,"8",R,"16",,,"9",,"8"
"350210585",SANDOMIERZ,"2026","01","11",-3.7,,-9.3,,-4.5,,-9.5,,3.5,,S,,"8",,"8",,"9",,"8",,"8",,"8",,"8",,"8",,"8",,"8",,"8",,"8",,"8",,"8",,"8",,"8",,"8",,"8",,"8",,"8",,"8",R,"15",,,"9",,"8"
"350210585",SANDOMIERZ,"2026","01","12",-2.8,,-5.8,,-4.7,,-6.2,,2.2,,S,22,,1.2,,,"9",,"8",,"8",,"8",,"8",,"8",,"8",,"8",,"8",,"8",,"8",,"8",,"8",,"8",,"8",,"8",,"8",1,,,"8",Z,"13",,,"9",,"8"
"350210585",SANDOMIERZ,"2026","01","13",-5.6,,-10.2,,-8.0,,-13.9,,0.7,,S,28,,1.2,,0.3,,,"8",,"8",,"8",,"8",,"8",,"8",,"8",,"8",,"8",,"8",,"8",,"8",,"8",,"8",,"8",,"8",1,,,"8",R,"10",,,"9",,"8"
"350210585",SANDOMIERZ,"2026","01","14",-1.4,,-10.2,,-4.7,,-15.4,,3.4,,S,24,,1.3,,0.1,,,"8",,"8",,"8",,"8",,"8",,"8",,"8",,"8",,"8",,"8",,"8",,"8",,"8",,"8",,"8",,"8",1,,,"8",R,"10",,,"9",,"8"
"350210585",SANDOMIERZ,"2026","01","15",2.3,,-1.5,,1.2,,-1.2,,,"9",,18,,1.7,,,"9",,"8",,"8",,"8",,"8",,"8",,"8",,"8",,"8",,"8",,"8",,"8",,"8",,"8",,"8",,"8",,"8",1,,,"8",R,,"9",,"9",,"8"
"350210585",SANDOMIERZ,"2026","01","16",0.6,,-2.6,,-1.6,,-3.9,,,"9",,16,,2.1,,3.5,,,"8",,"8",,"8",,"8",,"8",,"8",,"8",,"8",,"8",,"8",,"8",,"8",,"8",,"8",,"8",,"8",1,,,"8",R,"10",,,"9",,"8"
"350210585",SANDOMIERZ,"2026","01","17",-0.5,,-9.4,,-5.9,,-10.4,,,"9",,,"8",,"8",7.8,,,"8",,"8",,"8",,"8",,"8",,"8",,"8",,"8",,"8",,"8",,"8",,"8",,"8",,"8",,"8",,"8",,"8",,"8",R,"10",,,"9",,"8"
"350210585",SANDOMIERZ,"2026","01","18",-3.2,,-13.3,,-8.5,,-14.6,,,"9",,,"8",,"8",8.0,,,"8",,"8",,"8",,"8",,"8",,"8",,"8",,"8",,"8",,"8",,"8",,"8",,"8",,"8",,"8",,"8",,"8",,"8",R,"13",,,"9",,"8"
"350210585",SANDOMIERZ,"2026","01","19",-3.6,,-13.3,,-9.0,,-17.3,,,"9",,15,,2.2,,7.8,,,"8",,"8",,"8",,"8",,"8",,"8",,"8",,"8",,"8",,"8",,"8",,"8",,"8",,"8",,"8",,"8",1,,,"8",Z,"17",,,"9",,"8"
"350210585",SANDOMIERZ,"2026","01","20",-0.7,,-13.1,,-7.7,,-19.6,,,"9",,15,,2.2,,7.8,,,"8",,"8",,"8",,"8",,"8",,"8",,"8",,"8",,"8",,"8",,"8",,"8",,"8",,"8",,"8",,"8",1,,,"8",Z,"19",,,"9",,"8"
"350210585",SANDOMIERZ,"2026","01","21",1.6,,-11.3,,-5.5,,-17.6,,,"9",,15,,2.2,,8.2,,,"8",,"8",,"8",,"8",,"8",,"8",,"8",,"8",,"8",,"8",,"8",,"8",,"8",,"8",,"8",,"8",1,,,"8",Z,"20",,,"9",,"8"
"350210585",SANDOMIERZ,"2026","01","22",-3.9,,-10.7,,-8.1,,-12.8,,,"9",,15,,2.3,,,"9",,"8",,"8",,"8",,"8",,"8",,"8",,"8",,"8",,"8",,"8",,"8",,"8",,"8",,"8",,"8",,"8",1,,,"8",Z,"22",,,"9",,"8"
"350210585",SANDOMIERZ,"2026","01","23",-1.6,,-10.7,,-4.9,,-11.0,,0.5,,S,15,,2.3,,,"9",,"8",,"8",,"8",,"8",,"8",,"8",,"8",,"8",,"8",,"8",,"8",,"8",,"8",,"8",,"8",,"8",1,,,"8",Z,"24",,,"9",,"8"
"350210585",SANDOMIERZ,"2026","01","24",-1.8,,-4.7,,-3.4,,-4.6,,1.6,,,,"8",,"8",,"9",,"8",,"8",,"8",,"8",,"8",,"8",,"8",,"8",,"8",,"8",,"8",,"8",,"8",,"8",,"8",,"8",,"8",,"8",R,"22",,,"9",,"8"
"350210585",SANDOMIERZ,"2026","01","25",-0.4,,-3.0,,-1.6,,-3.0,,0.1,,,,"8",,"8",,"9",,"8",,"8",,"8",,"8",,"8",,"8",,"8",,"8",,"8",,"8",,"8",,"8",,"8",,"8",,"8",,"8",,"8",,"8",R,"22",,,"9",,"8"
"350210585",SANDOMIERZ,"2026","01","26",2.6,,-1.2,,0.7,,-1.4,,0.1,,W,17,,2.3,,0.1,,,"8",,"8",,"8",,"8",,"8",,"8",,"8",,"8",,"8",,"8",,"8",,"8",,"8",,"8",,"8",,"8",1,,,"8",Z,"20",,,"9",,"8"
"350210585",SANDOMIERZ,"2026","01","27",5.5,,-0.7,,1.2,,-1.4,,,"9",,15,,2.4,,5.3,,,"8",,"8",,"8",,"8",,"8",,"8",,"8",,"8",,"8",,"8",,"8",,"8",,"8",,"8",,"8",,"8",1,,,"8",Z,"20",,,"9",,"8"
"350210585",SANDOMIERZ,"2026","01","28",0.9,,-1.8,,-0.3,,-6.2,,,"9",,,"8",,"8",,"9",,"8",,"8",,"8",,"8",,"8",,"8",,"8",,"8",,"8",,"8",,"8",,"8",,"8",,"8",,"8",,"8",,"8",,"8",R,"20",,,"9",,"8"
"350210585",SANDOMIERZ,"2026","01","29",1.0,,-0.8,,0.1,,-1.0,,0.0,,S,,"8",,"8",,"9",,"8",,"8",,"8",,"8",,"8",,"8",,"8",,"8",,"8",,"8",,"8",,"8",,"8",,"8",,"8",,"8",,"8",,"8",R,"20",,,"9",,"8"
"350210585",SANDOMIERZ,"2026","01","30",0.4,,-4.0,,-2.3,,-4.1,,0.0,,S,15,,2.5,,,"9",,"8",,"8",,"8",,"8",,"8",,"8",,"8",,"8",,"8",,"8",,"8",,"8",,"8",,"8",,"8",,"8",1,,,"8",Z,"20",,,"9",,"8"
"350210585",SANDOMIERZ,"2026","01","31",-4.0,,-12.9,,-10.9,,-13.4,,0.0,,,,"8",,"8",7.4,,,"8",,"8",,"8",,"8",,"8",,"8",,"8",,"8",,"8",,"8",,"8",,"8",,"8",,"8",,"8",,"8",,"8",,"8",R,"17",,,"9",,"8"
"350220580",RZESZ”W-JASIONKA,"2026","01","01",0.1,,-5.4,,-1.9,,-9.8,,0.0,,S,9,,1.3,,,"9",,"9",7.7,,,"9",,"9",,"9",1.5,,,"9",,"9",,"9",,"9",,"9",1.4,,,"9",,"9",,"9",,"9",1,,0,,Z,"05",,,"9",,"8"
"350220580",RZESZ”W-JASIONKA,"2026","01","02",2.9,,-0.2,,0.5,,-1.9,,0.4,,S,7,,1.7,,1.8,,,"9",3.0,,,"9",,"9",,"9",,"9",,"9",,"9",,"9",,"9",,"9",,"9",,"9",,"9",,"9",,"9",1,,0,,R,,"9",,"9",,"8"
"350220580",RZESZ”W-JASIONKA,"2026","01","03",1.3,,-3.4,,-0.9,,-8.4,,0.0,,S,5,,1.2,,2.6,,,"9",0.5,,,"9",,"9",,"9",,"9",,"9",,"9",,"9",,"9",,"9",1.6,,,"9",,"9",,"9",,"9",1,,0,,Z,"05",,,"9",,"8"
"350220580",RZESZ”W-JASIONKA,"2026","01","04",1.5,,-3.2,,-1.7,,-9.4,,,"9",,4,,,"9",6.3,,,"9",,"9",,"9",,"9",,"9",,"9",,"9",,"9",,"9",,"9",,"9",,"9",,"9",,"9",,"9",,"9",1,,0,,Z,"11",,,"9",,"8"
"350220580",RZESZ”W-JASIONKA,"2026","01","05",-0.7,,-9.2,,-3.6,,-12.4,,0.3,,S,4,,,"9",5.3,,,"9",0.3,,,"9",,"9",,"9",,"9",,"9",,"9",,"9",,"9",,"9",,"9",,"9",,"9",,"9",,"9",1,,0,,Z,"17",,,"9",,"8"
"350220580",RZESZ”W-JASIONKA,"2026","01","06",-1.7,,-4.6,,-3.2,,-5.1,,7.4,,S,5,,1.0,,,"9",,"9",13.4,,,"9",,"9",,"9",7.6,,,"9",,"9",,"9",,"9",,"9",,"9",,"9",,"9",,"9",,"9",1,,0,,Z,"16",,,"9",,"8"
"350220580",RZESZ”W-JASIONKA,"2026","01","07",-2.8,,-5.2,,-4.8,,-4.4,,4.7,,S,15,,1.0,,,"9",,"9",24.0,,,"9",,"9",,"9",24.0,,,"9",,"9",,"9",,"9",,"9",,"9",,"9",,"9",,"9",,"9",1,,0,,Z,"14",,,"9",,"8"
"350220580",RZESZ”W-JASIONKA,"2026","01","08",-4.1,,-5.7,,-5.2,,-2.7,,3.8,,S,21,,1.1,,,"9",,"9",24.0,,,"9",,"9",,"9",20.8,,,"9",,"9",,"9",,"9",,"9",,"9",,"9",,"9",,"9",,"9",1,,0,,Z,"10",,,"9",,"8"
"350220580",RZESZ”W-JASIONKA,"2026","01","09",-5.3,,-11.1,,-8.4,,-5.6,,0.0,,S,24,,1.3,,3.8,,,"9",4.2,,,"9",,"9",,"9",8.8,,,"9",,"9",,"9",,"9",,"9",0.8,,,"9",,"9",,"9",,"9",1,,0,,Z,"10",,,"9",,"8"
"350220580",RZESZ”W-JASIONKA,"2026","01","10",-9.6,,-13.9,,-10.4,,-5.8,,0.5,,S,22,,1.4,,0.7,,,"9",18.5,,,"9",,"9",,"9",7.7,,,"9",,"9",,"9",,"9",,"9",,"9",,"9",,"9",,"9",,"9",1,,0,,Z,"10",,,"9",,"8"
"350220580",RZESZ”W-JASIONKA,"2026","01","11",-3.0,,-9.6,,-4.7,,-4.5,,9.5,,S,22,,1.5,,,"9",,"9",22.9,,,"9",,"9",,"9",21.2,,,"9",,"9",1.3,,,"9",,"9",1.3,,,"9",,"9",,"9",,"9",1,,0,,Z,"10",,,"9",,"8"
"350220580",RZESZ”W-JASIONKA,"2026","01","12",-3.5,,-5.6,,-4.7,,-1.8,,0.8,,S,30,,1.5,,,"9",,"9",18.9,,,"9",,"9",,"9",18.4,,,"9",,"9",8.4,,,"9",,"9",,"9",,"9",,"9",,"9",,"9",1,,0,,Z,"05",,,"9",,"8"
"350220580",RZESZ”W-JASIONKA,"2026","01","13",-4.5,,-10.7,,-6.8,,-6.0,,0.6,,S,31,,1.5,,,"9",,"9",4.4,,,"9",,"9",,"9",7.6,,,"9",,"9",,"9",,"9",,"9",,"9",,"9",,"9",,"9",,"9",1,,0,,Z,"10",,,"9",,"8"
"350220580",RZESZ”W-JASIONKA,"2026","01","14",-0.9,,-6.4,,-2.9,,-7.9,,2.4,,S,32,,1.6,,0.9,,9.6,,0.7,,0.3,,,"9",,"9",7.6,,,"9",9.6,,,"9",,"9",,"9",,"9",,"9",,"9",,"9",,"9",1,,0,,Z,"05",,,"9",,"8"
"350220580",RZESZ”W-JASIONKA,"2026","01","15",3.5,,-1.0,,1.2,,-0.8,,,"9",,21,,1.3,,0.2,,1.9,,,"9",,"9",,"9",1.7,,16.0,,,"9",7.9,,,"9",,"9",,"9",,"9",,"9",,"9",,"9",,"9",1,,0,,Z,"01",,,"9",,"8"
"350220580",RZESZ”W-JASIONKA,"2026","01","16",0.9,,-4.4,,-2.4,,-4.7,,,"9",,15,,1.9,,,"9",,"9",,"9",,"9",,"9",,"9",24.0,,,"9",,"9",,"9",,"9",,"9",,"9",,"9",,"9",,"9",,"9",1,,0,,Z,"01",,,"9",,"8"
"350220580",RZESZ”W-JASIONKA,"2026","01","17",-4.3,,-10.9,,-8.1,,-11.3,,,"9",,14,,2.0,,7.9,,,"9",,"9",,"9",,"9",,"9",2.7,,,"9",,"9",,"9",,"9",,"9",,"9",,"9",,"9",,"9",,"9",1,,0,,Z,"05",,,"9",,"8"
"350220580",RZESZ”W-JASIONKA,"2026","01","18",-6.4,,-14.3,,-10.6,,-14.6,,,"9",,14,,1.9,,8.0,,,"9",,"9",,"9",,"9",,"9",,"9",,"9",,"9",,"9",,"9",,"9",,"9",,"9",,"9",,"9",,"9",1,,0,,Z,"08",,,"9",,"8"
"350220580",RZESZ”W-JASIONKA,"2026","01","19",-7.0,,-15.1,,-11.2,,-15.5,,,"9",,14,,1.9,,8.1,,,"9",,"9",,"9",,"9",,"9",17.2,,,"9",,"9",,"9",,"9",,"9",,"9",,"9",,"9",,"9",,"9",1,,0,,Z,"15",,,"9",,"8"
"350220580",RZESZ”W-JASIONKA,"2026","01","20",-1.3,,-15.8,,-9.0,,-17.7,,,"9",,13,,1.9,,8.1,,,"9",,"9",,"9",,"9",,"9",18.3,,,"9",,"9",,"9",,"9",4.0,,,"9",,"9",,"9",,"9",,"9",1,,0,,Z,"19",,,"9",,"8"
"350220580",RZESZ”W-JASIONKA,"2026","01","21",5.8,,-13.2,,-5.4,,-15.2,,,"9",,12,,2.0,,7.9,,,"9",,"9",,"9",,"9",,"9",14.3,,,"9",,"9",,"9",,"9",1.7,,,"9",,"9",,"9",,"9",,"9",1,,0,,Z,"24",,,"9",,"8"
"350220580",RZESZ”W-JASIONKA,"2026","01","22",-1.8,,-12.6,,-10.2,,-14.3,,0.5,,S,10,,2.4,,,"9",,"9",1.7,,,"9",,"9",,"9",24.0,,,"9",,"9",,"9",,"9",,"9",,"9",,"9",,"9",,"9",,"9",1,,0,,Z,"31",,,"9",,"8"
"350220580",RZESZ”W-JASIONKA,"2026","01","23",-0.5,,-9.1,,-3.9,,-8.9,,0.6,,S,10,,2.8,,,"9",,"9",10.8,,1.9,,,"9",,"9",23.3,,,"9",,"9",,"9",,"9",,"9",,"9",,"9",,"9",,"9",,"9",1,,0,,Z,"32",,,"9",,"8"
"350220580",RZESZ”W-JASIONKA,"2026","01","24",-0.5,,-3.0,,-1.8,,-2.9,,0.4,,S,11,,2.7,,,"9",2.2,,4.5,,1.6,,,"9",,"9",21.5,,,"9",12.4,,,"9",,"9",,"9",,"9",,"9",,"9",,"9",,"9",1,,0,,Z,"28",,,"9",,"8"
"350220580",RZESZ”W-JASIONKA,"2026","01","25",-0.1,,-1.6,,-0.9,,-1.8,,0.6,,W,11,,2.8,,1.9,,4.2,,,"9",,"9",,"9",,"9",22.3,,,"9",24.0,,,"9",,"9",,"9",,"9",,"9",,"9",,"9",,"9",1,,0,,Z,"23",,,"9",,"8"
"350220580",RZESZ”W-JASIONKA,"2026","01","26",2.6,,-0.9,,0.8,,-1.0,,1.1,,W,10,,3.2,,,"9",8.2,,,"9",,"9",,"9",,"9",8.3,,,"9",7.3,,,"9",,"9",,"9",,"9",,"9",,"9",,"9",,"9",1,,0,,Z,"20",,,"9",,"8"
"350220580",RZESZ”W-JASIONKA,"2026","01","27",5.5,,0.3,,1.7,,-1.1,,,"9",,7,,3.9,,2.7,,1.9,,,"9",,"9",,"9",0.7,,16.2,,,"9",,"9",,"9",,"9",,"9",,"9",,"9",,"9",,"9",,"9",1,,0,,Z,"20",,,"9",,"8"
"350220580",RZESZ”W-JASIONKA,"2026","01","28",3.7,,-5.5,,0.3,,-6.8,,,"9",,6,,3.5,,0.8,,,"9",,"9",,"9",,"9",0.4,,12.1,,,"9",,"9",,"9",,"9",,"9",,"9",,"9",,"9",,"9",,"9",1,,0,,Z,"10",,,"9",,"8"
"350220580",RZESZ”W-JASIONKA,"2026","01","29",2.0,,-0.9,,-0.3,,-0.8,,0.0,,S,5,,3.4,,,"9",,"9",1.6,,,"9",,"9",,"9",6.5,,,"9",,"9",,"9",,"9",,"9",,"9",,"9",,"9",,"9",,"9",1,,0,,Z,"20",,,"9",,"8"
"350220580",RZESZ”W-JASIONKA,"2026","01","30",0.3,,-2.9,,-1.1,,-2.9,,,"9",,5,,3.4,,,"9",,"9",,"9",,"9",,"9",,"9",4.0,,,"9",,"9",,"9",,"9",,"9",,"9",,"9",,"9",,"9",,"9",1,,0,,Z,"10",,,"9",,"8"
"350220580",RZESZ”W-JASIONKA,"2026","01","31",-2.9,,-11.4,,-9.3,,-11.5,,0.0,,S,5,,3.4,,,"9",,"9",5.9,,,"9",,"9",,"9",,"9",,"9",,"9",,"9",,"9",,"9",,"9",,"9",,"9",,"9",,"9",1,,0,,Z,"20",,,"9",,"8"
"350230595",ZAMOå∆,"2026","01","01",-0.5,,-4.7,,-2.3,,-4.8,,0.0,,S,5,,1.2,,,"9",,"8",,"8",,"8",,"8",,"8",,"8",,"8",,"8",,"8",,"8",,"8",,"8",,"8",,"8",,"8",,"8",1,,,"8",Z,"11",,,"9",,"8"
"350230595",ZAMOå∆,"2026","01","02",1.0,,-0.6,,0.2,,-1.3,,0.0,,S,5,,1.4,,0.3,,,"8",,"8",,"8",,"8",,"8",,"8",,"8",,"8",,"8",,"8",,"8",,"8",,"8",,"8",,"8",,"8",1,,,"8",Z,"09",,,"9",,"8"
"350230595",ZAMOå∆,"2026","01","03",0.7,,-2.5,,-1.1,,-3.7,,0.0,,S,4,,,"9",3.3,,,"8",,"8",,"8",,"8",,"8",,"8",,"8",,"8",,"8",,"8",,"8",,"8",,"8",,"8",,"8",,"8",1,,,"8",Z,"10",,,"9",,"8"
"350230595",ZAMOå∆,"2026","01","04",0.9,,-4.0,,-2.0,,-5.9,,,"9",,4,,,"9",6.4,,,"8",,"8",,"8",,"8",,"8",,"8",,"8",,"8",,"8",,"8",,"8",,"8",,"8",,"8",,"8",,"8",1,,,"8",Z,"12",,,"9",,"8"
"350230595",ZAMOå∆,"2026","01","05",0.1,,-7.6,,-3.7,,-11.6,,2.2,,S,4,,,"9",5.2,,,"8",,"8",,"8",,"8",,"8",,"8",,"8",,"8",,"8",,"8",,"8",,"8",,"8",,"8",,"8",,"8",1,,,"8",Z,"15",,,"9",,"8"
"350230595",ZAMOå∆,"2026","01","06",-2.3,,-4.9,,-3.4,,-6.0,,6.0,,S,5,,1.4,,,"9",,"8",,"8",,"8",,"8",,"8",,"8",,"8",,"8",,"8",,"8",,"8",,"8",,"8",,"8",,"8",,"8",1,,,"8",Z,"12",,,"9",,"8"
"350230595",ZAMOå∆,"2026","01","07",-3.8,,-6.0,,-5.3,,-6.0,,4.2,,S,12,,1.5,,,"9",,"8",,"8",,"8",,"8",,"8",,"8",,"8",,"8",,"8",,"8",,"8",,"8",,"8",,"8",,"8",,"8",1,,,"8",Z,"10",,,"9",,"8"
"350230595",ZAMOå∆,"2026","01","08",-4.5,,-6.7,,-5.9,,-6.9,,3.3,,S,21,,1.3,,,"9",,"8",,"8",,"8",,"8",,"8",,"8",,"8",,"8",,"8",,"8",,"8",,"8",,"8",,"8",,"8",,"8",1,,,"8",Z,"08",,,"9",,"8"
"350230595",ZAMOå∆,"2026","01","09",-6.7,,-9.3,,-8.7,,-9.5,,0.0,,S,27,,1.4,,,"9",,"8",,"8",,"8",,"8",,"8",,"8",,"8",,"8",,"8",,"8",,"8",,"8",,"8",,"8",,"8",,"8",1,,,"8",Z,"05",,,"9",,"8"
"350230595",ZAMOå∆,"2026","01","10",-9.2,,-15.1,,-11.6,,-18.8,,0.4,,S,27,,1.4,,2.6,,,"8",,"8",,"8",,"8",,"8",,"8",,"8",,"8",,"8",,"8",,"8",,"8",,"8",,"8",,"8",,"8",1,,,"8",Z,"08",,,"9",,"8"
"350230595",ZAMOå∆,"2026","01","11",-4.9,,-11.0,,-6.4,,-12.2,,0.8,,S,28,,1.4,,,"9",,"8",,"8",,"8",,"8",,"8",,"8",,"8",,"8",,"8",,"8",,"8",,"8",,"8",,"8",,"8",,"8",1,,,"8",Z,"08",,,"9",,"8"
"350230595",ZAMOå∆,"2026","01","12",-4.6,,-14.6,,-7.8,,-18.9,,0.0,,W,29,,1.5,,3.5,,,"8",,"8",,"8",,"8",,"8",,"8",,"8",,"8",,"8",,"8",,"8",,"8",,"8",,"8",,"8",,"8",1,,,"8",Z,"05",,,"9",,"8"
"350230595",ZAMOå∆,"2026","01","13",-4.3,,-10.5,,-6.6,,-12.4,,,"9",,28,,1.5,,0.1,,,"8",,"8",,"8",,"8",,"8",,"8",,"8",,"8",,"8",,"8",,"8",,"8",,"8",,"8",,"8",,"8",1,,,"8",Z,"05",,,"9",,"8"
"350230595",ZAMOå∆,"2026","01","14",-5.2,,-7.9,,-6.0,,-10.6,,7.7,,S,27,,1.5,,,"9",,"8",,"8",,"8",,"8",,"8",,"8",,"8",,"8",,"8",,"8",,"8",,"8",,"8",,"8",,"8",,"8",1,,,"8",Z,"05",,,"9",,"8"
"350230595",ZAMOå∆,"2026","01","15",0.9,,-5.5,,-1.6,,-5.4,,0.4,,S,32,,1.7,,,"9",,"8",,"8",,"8",,"8",,"8",,"8",,"8",,"8",,"8",,"8",,"8",,"8",,"8",,"8",,"8",,"8",1,,,"8",Z,,"9",,"9",,"8"
"350230595",ZAMOå∆,"2026","01","16",-3.4,,-12.1,,-8.3,,-12.7,,,"9",,29,,1.9,,4.1,,,"8",,"8",,"8",,"8",,"8",,"8",,"8",,"8",,"8",,"8",,"8",,"8",,"8",,"8",,"8",,"8",1,,,"8",Z,"05",,,"9",,"8"
"350230595",ZAMOå∆,"2026","01","17",-6.2,,-14.6,,-11.7,,-19.4,,,"9",,29,,1.9,,8.1,,,"8",,"8",,"8",,"8",,"8",,"8",,"8",,"8",,"8",,"8",,"8",,"8",,"8",,"8",,"8",,"8",1,,,"8",R,"05",,,"9",,"8"
"350230595",ZAMOå∆,"2026","01","18",-10.4,,-19.0,,-14.9,,-23.9,,,"9",,27,,1.9,,7.9,,,"8",,"8",,"8",,"8",,"8",,"8",,"8",,"8",,"8",,"8",,"8",,"8",,"8",,"8",,"8",,"8",1,,,"8",Z,"06",,,"9",,"8"
"350230595",ZAMOå∆,"2026","01","19",-7.4,,-19.0,,-14.0,,-24.2,,,"9",,27,,1.9,,8.0,,,"8",,"8",,"8",,"8",,"8",,"8",,"8",,"8",,"8",,"8",,"8",,"8",,"8",,"8",,"8",,"8",1,,,"8",Z,"08",,,"9",,"8"
"350230595",ZAMOå∆,"2026","01","20",-3.9,,-21.3,,-13.4,,-24.0,,,"9",,27,,1.9,,8.1,,,"8",,"8",,"8",,"8",,"8",,"8",,"8",,"8",,"8",,"8",,"8",,"8",,"8",,"8",,"8",,"8",1,,,"8",Z,"08",,,"9",,"8"
"350230595",ZAMOå∆,"2026","01","21",-1.6,,-17.4,,-10.6,,-22.1,,,"9",,26,,1.9,,8.0,,,"8",,"8",,"8",,"8",,"8",,"8",,"8",,"8",,"8",,"8",,"8",,"8",,"8",,"8",,"8",,"8",1,,,"8",Z,"08",,,"9",,"8"
"350230595",ZAMOå∆,"2026","01","22",-9.2,,-18.8,,-14.2,,-24.2,,0.0,,W,26,,2.0,,,"9",,"8",,"8",,"8",,"8",,"8",,"8",,"8",,"8",,"8",,"8",,"8",,"8",,"8",,"8",,"8",,"8",1,,,"8",Z,"08",,,"9",,"8"
"350230595",ZAMOå∆,"2026","01","23",-2.2,,-10.4,,-5.0,,-10.4,,0.8,,S,26,,2.0,,,"9",,"8",,"8",,"8",,"8",,"8",,"8",,"8",,"8",,"8",,"8",,"8",,"8",,"8",,"8",,"8",,"8",1,,,"8",Z,"07",,,"9",,"8"
"350230595",ZAMOå∆,"2026","01","24",-2.8,,-6.6,,-4.7,,-6.6,,1.4,,S,27,,2.0,,,"9",,"8",,"8",,"8",,"8",,"8",,"8",,"8",,"8",,"8",,"8",,"8",,"8",,"8",,"8",,"8",,"8",1,,,"8",R,"05",,,"9",,"8"
"350230595",ZAMOå∆,"2026","01","25",-2.5,,-6.0,,-4.3,,-6.0,,0.2,,S,31,,1.9,,,"9",,"8",,"8",,"8",,"8",,"8",,"8",,"8",,"8",,"8",,"8",,"8",,"8",,"8",,"8",,"8",,"8",1,,,"8",R,"05",,,"9",,"8"
"350230595",ZAMOå∆,"2026","01","26",1.8,,-2.7,,0.0,,-2.8,,2.2,,W,30,,2.0,,,"9",,"8",,"8",,"8",,"8",,"8",,"8",,"8",,"8",,"8",,"8",,"8",,"8",,"8",,"8",,"8",,"8",1,,,"8",R,"01",,,"9",,"8"
"350230595",ZAMOå∆,"2026","01","27",2.9,,-0.4,,0.5,,-0.8,,0.0,,W,26,,2.4,,,"9",,"8",,"8",,"8",,"8",,"8",,"8",,"8",,"8",,"8",,"8",,"8",,"8",,"8",,"8",,"8",,"8",1,,,"8",R,,"9",,"9",,"8"
"350230595",ZAMOå∆,"2026","01","28",3.2,,-5.0,,-0.1,,-7.8,,,"9",,24,,2.5,,,"9",,"8",,"8",,"8",,"8",,"8",,"8",,"8",,"8",,"8",,"8",,"8",,"8",,"8",,"8",,"8",,"8",1,,,"8",R,"01",,,"9",,"8"
"350230595",ZAMOå∆,"2026","01","29",0.9,,-1.0,,-0.2,,-1.2,,0.0,,S,22,,2.6,,,"9",,"8",,"8",,"8",,"8",,"8",,"8",,"8",,"8",,"8",,"8",,"8",,"8",,"8",,"8",,"8",,"8",1,,,"8",Z,"01",,,"9",,"8"
"350230595",ZAMOå∆,"2026","01","30",0.1,,-6.4,,-3.7,,-6.3,,0.0,,S,21,,2.6,,,"9",,"8",,"8",,"8",,"8",,"8",,"8",,"8",,"8",,"8",,"8",,"8",,"8",,"8",,"8",,"8",,"8",1,,,"8",R,"01",,,"9",,"8"
"350230595",ZAMOå∆,"2026","01","31",-6.4,,-14.5,,-12.4,,-19.2,,0.0,,S,21,,2.5,,7.4,,,"8",,"8",,"8",,"8",,"8",,"8",,"8",,"8",,"8",,"8",,"8",,"8",,"8",,"8",,"8",,"8",1,,,"8",Z,"01",,,"9",,"8"
"351150400",ZIELONA G”RA,"2026","01","01",1.8,,0.1,,1.3,,-0.3,,0.1,,S,1,,,"9",,"9",,"8",,"8",,"8",,"8",,"8",,"8",,"8",,"8",,"8",,"8",,"8",,"8",,"8",,"8",,"8",,"8",1,,,"8",R,,"9",,"9",,"8"
"351150400",ZIELONA G”RA,"2026","01","02",2.5,,-0.3,,0.9,,-1.6,,5.6,,S,,"9",,"9",0.5,,,"8",,"8",,"8",,"8",,"8",,"8",,"8",,"8",,"8",,"8",,"8",,"8",,"8",,"8",,"8",,"8",,"8",,"8",Z,"01",,,"9",,"8"
"351150400",ZIELONA G”RA,"2026","01","03",0.6,,-2.7,,-1.1,,-5.7,,4.3,,S,10,,1.2,,,"9",,"8",,"8",,"8",,"8",,"8",,"8",,"8",,"8",,"8",,"8",,"8",,"8",,"8",,"8",,"8",,"8",1,,,"8",Z,"01",,,"9",,"8"
"351150400",ZIELONA G”RA,"2026","01","04",-0.5,,-4.0,,-1.9,,-4.9,,2.2,,S,13,,1.1,,1.9,,,"8",,"8",,"8",,"8",,"8",,"8",,"8",,"8",,"8",,"8",,"8",,"8",,"8",,"8",,"8",,"8",1,,,"8",Z,"01",,,"9",,"8"
"351150400",ZIELONA G”RA,"2026","01","05",-0.1,,-3.8,,-2.6,,-7.7,,,"9",,17,,1.2,,3.1,,,"8",,"8",,"8",,"8",,"8",,"8",,"8",,"8",,"8",,"8",,"8",,"8",,"8",,"8",,"8",,"8",1,,,"8",Z,"01",,,"9",,"8"
"351150400",ZIELONA G”RA,"2026","01","06",-3.0,,-8.4,,-5.1,,-14.1,,0.0,,S,15,,1.3,,4.4,,,"8",,"8",,"8",,"8",,"8",,"8",,"8",,"8",,"8",,"8",,"8",,"8",,"8",,"8",,"8",,"8",1,,,"8",Z,"01",,,"9",,"8"
"351150400",ZIELONA G”RA,"2026","01","07",-1.7,,-6.5,,-5.0,,-11.9,,,"9",,13,,1.5,,3.9,,,"8",,"8",,"8",,"8",,"8",,"8",,"8",,"8",,"8",,"8",,"8",,"8",,"8",,"8",,"8",,"8",1,,,"8",Z,"01",,,"9",,"8"
"351150400",ZIELONA G”RA,"2026","01","08",-4.2,,-9.9,,-7.9,,-14.2,,,"9",,12,,1.6,,7.2,,,"8",,"8",,"8",,"8",,"8",,"8",,"8",,"8",,"8",,"8",,"8",,"8",,"8",,"8",,"8",,"8",1,,,"8",Z,"01",,,"9",,"8"
"351150400",ZIELONA G”RA,"2026","01","09",-8.4,,-12.0,,-9.9,,-15.0,,,"9",,12,,1.6,,,"9",,"8",,"8",,"8",,"8",,"8",,"8",,"8",,"8",,"8",,"8",,"8",,"8",,"8",,"8",,"8",,"8",1,,,"8",Z,"01",,,"9",,"8"
"351150400",ZIELONA G”RA,"2026","01","10",-5.3,,-11.4,,-8.1,,-12.8,,0.2,,S,12,,1.7,,5.0,,,"8",,"8",,"8",,"8",,"8",,"8",,"8",,"8",,"8",,"8",,"8",,"8",,"8",,"8",,"8",,"8",1,,,"8",Z,"01",,,"9",,"8"
"351150400",ZIELONA G”RA,"2026","01","11",-3.1,,-7.0,,-5.1,,-7.6,,,"9",,11,,1.8,,0.6,,,"8",,"8",,"8",,"8",,"8",,"8",,"8",,"8",,"8",,"8",,"8",,"8",,"8",,"8",,"8",,"8",1,,,"8",Z,"01",,,"9",,"8"
"351150400",ZIELONA G”RA,"2026","01","12",-3.5,,-10.9,,-6.5,,-14.7,,1.5,,S,11,,1.7,,1.1,,,"8",,"8",,"8",,"8",,"8",,"8",,"8",,"8",,"8",,"8",,"8",,"8",,"8",,"8",,"8",,"8",1,,,"8",Z,"01",,,"9",,"8"
"351150400",ZIELONA G”RA,"2026","01","13",0.1,,-4.2,,-1.5,,-4.1,,2.1,,W,12,,1.9,,,"9",,"8",,"8",,"8",,"8",,"8",,"8",,"8",,"8",,"8",,"8",,"8",,"8",,"8",,"8",,"8",,"8",1,,,"8",Z,"01",,,"9",,"8"
"351150400",ZIELONA G”RA,"2026","01","14",5.7,,0.1,,2.9,,0.1,,3.3,,W,11,,2.3,,,"9",,"8",,"8",,"8",,"8",,"8",,"8",,"8",,"8",,"8",,"8",,"8",,"8",,"8",,"8",,"8",,"8",1,,,"8",R,,"9",,"9",,"8"
"351150400",ZIELONA G”RA,"2026","01","15",4.6,,-0.9,,1.3,,-2.5,,0.2,,W,2,,,"9",,"9",,"8",,"8",,"8",,"8",,"8",,"8",,"8",,"8",,"8",,"8",,"8",,"8",,"8",,"8",,"8",,"8",1,,,"8",Z,"01",,,"9",,"8"
"351150400",ZIELONA G”RA,"2026","01","16",3.9,,-0.2,,1.4,,-0.3,,,"9",,,"9",,"9",2.4,,,"8",,"8",,"8",,"8",,"8",,"8",,"8",,"8",,"8",,"8",,"8",,"8",,"8",,"8",,"8",,"8",,"8",,"8",Z,"01",,,"9",,"8"
"351150400",ZIELONA G”RA,"2026","01","17",2.4,,-0.6,,0.7,,-0.8,,,"9",,,"9",,"9",,"9",,"8",,"8",,"8",,"8",,"8",,"8",,"8",,"8",,"8",,"8",,"8",,"8",,"8",,"8",,"8",,"8",,"8",,"8",Z,"01",,,"9",,"8"
"351150400",ZIELONA G”RA,"2026","01","18",3.8,,-2.1,,0.0,,-2.5,,,"9",,,"9",,"9",7.0,,,"8",,"8",,"8",,"8",,"8",,"8",,"8",,"8",,"8",,"8",,"8",,"8",,"8",,"8",,"8",,"8",,"8",,"8",Z,"01",,,"9",,"8"
"351150400",ZIELONA G”RA,"2026","01","19",3.9,,-3.1,,-0.4,,-4.0,,,"9",,,"9",,"9",7.9,,,"8",,"8",,"8",,"8",,"8",,"8",,"8",,"8",,"8",,"8",,"8",,"8",,"8",,"8",,"8",,"8",,"8",,"8",Z,"01",,,"9",,"8"
"351150400",ZIELONA G”RA,"2026","01","20",2.5,,-4.2,,-1.0,,-6.0,,,"9",,,"9",,"9",7.8,,,"8",,"8",,"8",,"8",,"8",,"8",,"8",,"8",,"8",,"8",,"8",,"8",,"8",,"8",,"8",,"8",,"8",,"8",Z,"06",,,"9",,"8"
"351150400",ZIELONA G”RA,"2026","01","21",1.5,,-5.0,,-2.3,,-7.4,,,"9",,,"9",,"9",7.9,,,"8",,"8",,"8",,"8",,"8",,"8",,"8",,"8",,"8",,"8",,"8",,"8",,"8",,"8",,"8",,"8",,"8",,"8",Z,"09",,,"9",,"8"
"351150400",ZIELONA G”RA,"2026","01","22",2.7,,-7.8,,-3.0,,-9.4,,,"9",,,"9",,"9",7.8,,,"8",,"8",,"8",,"8",,"8",,"8",,"8",,"8",,"8",,"8",,"8",,"8",,"8",,"8",,"8",,"8",,"8",,"8",Z,"17",,,"9",,"8"
"351150400",ZIELONA G”RA,"2026","01","23",-1.0,,-9.4,,-6.7,,-9.6,,,"9",,,"9",,"9",,"9",,"8",,"8",,"8",,"8",,"8",,"8",,"8",,"8",,"8",,"8",,"8",,"8",,"8",,"8",,"8",,"8",,"8",,"8",Z,"20",,,"9",,"8"
"351150400",ZIELONA G”RA,"2026","01","24",-3.1,,-5.7,,-4.5,,-5.4,,0.0,,S,,"9",,"9",,"9",,"8",,"8",,"8",,"8",,"8",,"8",,"8",,"8",,"8",,"8",,"8",,"8",,"8",,"8",,"8",,"8",,"8",,"8",Z,"29",,,"9",,"8"
"351150400",ZIELONA G”RA,"2026","01","25",-2.8,,-5.0,,-3.7,,-4.7,,7.5,,W,,"9",,"9",,"9",,"8",,"8",,"8",,"8",,"8",,"8",,"8",,"8",,"8",,"8",,"8",,"8",,"8",,"8",,"8",,"8",,"8",,"8",Z,"29",,,"9",,"8"
"351150400",ZIELONA G”RA,"2026","01","26",1.0,,-2.8,,-0.3,,-2.8,,0.1,,S,,"9",,"9",,"9",,"8",,"8",,"8",,"8",,"8",,"8",,"8",,"8",,"8",,"8",,"8",,"8",,"8",,"8",,"8",,"8",,"8",,"8",Z,"01",,,"9",,"8"
"351150400",ZIELONA G”RA,"2026","01","27",-0.2,,-2.1,,-1.5,,-2.1,,0.0,,S,1,,,"9",,"9",,"8",,"8",,"8",,"8",,"8",,"8",,"8",,"8",,"8",,"8",,"8",,"8",,"8",,"8",,"8",,"8",1,,,"8",Z,"01",,,"9",,"8"
"351150400",ZIELONA G”RA,"2026","01","28",-0.2,,-3.0,,-1.7,,-2.9,,,"9",,1,,,"9",2.8,,,"8",,"8",,"8",,"8",,"8",,"8",,"8",,"8",,"8",,"8",,"8",,"8",,"8",,"8",,"8",,"8",1,,,"8",Z,"01",,,"9",,"8"
"351150400",ZIELONA G”RA,"2026","01","29",-1.6,,-4.6,,-3.1,,-4.2,,0.2,,S,,"9",,"9",,"9",,"8",,"8",,"8",,"8",,"8",,"8",,"8",,"8",,"8",,"8",,"8",,"8",,"8",,"8",,"8",,"8",,"8",,"8",Z,"08",,,"9",,"8"
"351150400",ZIELONA G”RA,"2026","01","30",-2.3,,-5.0,,-3.8,,-4.7,,0.0,,S,1,,,"9",,"9",,"8",,"8",,"8",,"8",,"8",,"8",,"8",,"8",,"8",,"8",,"8",,"8",,"8",,"8",,"8",,"8",1,,,"8",Z,"18",,,"9",,"8"
"351150400",ZIELONA G”RA,"2026","01","31",-3.1,,-8.2,,-6.5,,-8.3,,,"9",,1,,,"9",2.9,,,"8",,"8",,"8",,"8",,"8",,"8",,"8",,"8",,"8",,"8",,"8",,"8",,"8",,"8",,"8",,"8",1,,,"8",Z,"18",,,"9",,"8"
"351160415",LEGNICA,"2026","01","01",2.9,,1.0,,2.1,,-0.2,,0.0,,,,"8",,"8",,"9",,"8",,"8",,"8",,"8",,"8",,"8",,"8",,"8",,"8",,"8",,"8",,"8",,"8",,"8",,"8",,"8",,"8",,"8",R,,"9",,"9",,"8"
"351160415",LEGNICA,"2026","01","02",4.2,,0.6,,2.4,,0.1,,0.0,,,,"8",,"8",2.1,,,"8",,"8",,"8",,"8",,"8",,"8",,"8",,"8",,"8",,"8",,"8",,"8",,"8",,"8",,"8",,"8",,"8",,"8",R,,"9",,"9",,"8"
"351160415",LEGNICA,"2026","01","03",3.5,,-1.0,,0.9,,-1.9,,0.4,,,,"8",,"8",6.4,,,"8",,"8",,"8",,"8",,"8",,"8",,"8",,"8",,"8",,"8",,"8",,"8",,"8",,"8",,"8",,"8",,"8",,"8",R,"01",,,"9",,"8"
"351160415",LEGNICA,"2026","01","04",1.4,,-1.9,,-0.3,,-4.0,,0.0,,,,"8",,"8",0.9,,,"8",,"8",,"8",,"8",,"8",,"8",,"8",,"8",,"8",,"8",,"8",,"8",,"8",,"8",,"8",,"8",,"8",,"8",R,"01",,,"9",,"8"
"351160415",LEGNICA,"2026","01","05",1.3,,-6.4,,-3.4,,-9.9,,,"9",,1,,,"9",5.3,,,"8",,"8",,"8",,"8",,"8",,"8",,"8",,"8",,"8",,"8",,"8",,"8",,"8",,"8",,"8",,"8",1,,,"8",Z,"01",,,"9",,"8"
"351160415",LEGNICA,"2026","01","06",-1.2,,-7.8,,-4.0,,-10.7,,,"9",,,"8",,"8",6.1,,,"8",,"8",,"8",,"8",,"8",,"8",,"8",,"8",,"8",,"8",,"8",,"8",,"8",,"8",,"8",,"8",,"8",,"8",R,"01",,,"9",,"8"
"351160415",LEGNICA,"2026","01","07",0.0,,-6.0,,-3.1,,-9.4,,,"9",,0,,,"9",2.8,,,"8",,"8",,"8",,"8",,"8",,"8",,"8",,"8",,"8",,"8",,"8",,"8",,"8",,"8",,"8",,"8",,"8",,"8",Z,"01",,,"9",,"8"
"351160415",LEGNICA,"2026","01","08",-3.5,,-12.9,,-8.4,,-13.9,,,"9",,0,,,"9",7.4,,,"8",,"8",,"8",,"8",,"8",,"8",,"8",,"8",,"8",,"8",,"8",,"8",,"8",,"8",,"8",,"8",,"8",,"8",Z,"07",,,"9",,"8"
"351160415",LEGNICA,"2026","01","09",-5.1,,-11.6,,-8.0,,-14.3,,0.0,,W,0,,,"9",0.4,,,"8",,"8",,"8",,"8",,"8",,"8",,"8",,"8",,"8",,"8",,"8",,"8",,"8",,"8",,"8",,"8",,"8",,"8",Z,"10",,,"9",,"8"
"351160415",LEGNICA,"2026","01","10",-4.9,,-9.4,,-7.1,,-9.6,,0.0,,,,"8",,"8",4.4,,,"8",,"8",,"8",,"8",,"8",,"8",,"8",,"8",,"8",,"8",,"8",,"8",,"8",,"8",,"8",,"8",,"8",,"8",R,"10",,,"9",,"8"
"351160415",LEGNICA,"2026","01","11",-2.7,,-6.0,,-4.3,,-6.6,,0.0,,,,"8",,"8",,"9",,"8",,"8",,"8",,"8",,"8",,"8",,"8",,"8",,"8",,"8",,"8",,"8",,"8",,"8",,"8",,"8",,"8",,"8",R,"13",,,"9",,"8"
"351160415",LEGNICA,"2026","01","12",-2.1,,-9.3,,-4.5,,-12.7,,3.5,,W,0,,,"9",2.1,,,"8",,"8",,"8",,"8",,"8",,"8",,"8",,"8",,"8",,"8",,"8",,"8",,"8",,"8",,"8",,"8",,"8",,"8",Z,"17",,,"9",,"8"
"351160415",LEGNICA,"2026","01","13",2.5,,-2.9,,0.0,,-2.9,,0.4,,W,3,,,"9",,"9",,"8",,"8",,"8",,"8",,"8",,"8",,"8",,"8",,"8",,"8",,"8",,"8",,"8",,"8",,"8",,"8",1,,,"8",Z,"13",,,"9",,"8"
"351160415",LEGNICA,"2026","01","14",8.8,,0.5,,4.6,,-0.4,,0.0,,W,2,,,"9",,"9",,"8",,"8",,"8",,"8",,"8",,"8",,"8",,"8",,"8",,"8",,"8",,"8",,"8",,"8",,"8",,"8",1,,,"8",Z,,"9",,"9",,"8"
"351160415",LEGNICA,"2026","01","15",6.3,,-1.6,,1.8,,-3.1,,,"9",,,"9",,"9",0.1,,,"8",,"8",,"8",,"8",,"8",,"8",,"8",,"8",,"8",,"8",,"8",,"8",,"8",,"8",,"8",,"8",,"8",,"8",Z,"01",,,"9",,"8"
"351160415",LEGNICA,"2026","01","16",7.2,,-0.5,,1.9,,-2.6,,0.0,,W,,"9",,"9",6.0,,,"8",,"8",,"8",,"8",,"8",,"8",,"8",,"8",,"8",,"8",,"8",,"8",,"8",,"8",,"8",,"8",,"8",,"8",Z,"01",,,"9",,"8"
"351160415",LEGNICA,"2026","01","17",3.2,,-2.2,,0.6,,-4.4,,0.0,,,,"8",,"8",,"9",,"8",,"8",,"8",,"8",,"8",,"8",,"8",,"8",,"8",,"8",,"8",,"8",,"8",,"8",,"8",,"8",,"8",,"8",R,"01",,,"9",,"8"
"351160415",LEGNICA,"2026","01","18",2.6,,-1.9,,-0.6,,-2.6,,,"9",,,"8",,"8",6.8,,,"8",,"8",,"8",,"8",,"8",,"8",,"8",,"8",,"8",,"8",,"8",,"8",,"8",,"8",,"8",,"8",,"8",,"8",R,"01",,,"9",,"8"
"351160415",LEGNICA,"2026","01","19",5.7,,-3.8,,0.7,,-6.8,,,"9",,,"9",,"9",7.9,,,"8",,"8",,"8",,"8",,"8",,"8",,"8",,"8",,"8",,"8",,"8",,"8",,"8",,"8",,"8",,"8",,"8",,"8",Z,"01",,,"9",,"8"
"351160415",LEGNICA,"2026","01","20",2.9,,-0.9,,0.5,,-4.6,,,"9",,,"9",,"9",8.1,,,"8",,"8",,"8",,"8",,"8",,"8",,"8",,"8",,"8",,"8",,"8",,"8",,"8",,"8",,"8",,"8",,"8",,"8",Z,"01",,,"9",,"8"
"351160415",LEGNICA,"2026","01","21",4.1,,-8.4,,-1.3,,-10.8,,,"9",,,"9",,"9",8.1,,,"8",,"8",,"8",,"8",,"8",,"8",,"8",,"8",,"8",,"8",,"8",,"8",,"8",,"8",,"8",,"8",,"8",,"8",Z,"09",,,"9",,"8"
"351160415",LEGNICA,"2026","01","22",3.2,,-4.2,,-0.8,,-7.7,,,"9",,,"9",,"9",7.9,,,"8",,"8",,"8",,"8",,"8",,"8",,"8",,"8",,"8",,"8",,"8",,"8",,"8",,"8",,"8",,"8",,"8",,"8",Z,"10",,,"9",,"8"
"351160415",LEGNICA,"2026","01","23",-1.4,,-6.6,,-4.3,,-8.6,,,"9",,,"9",,"9",,"9",,"8",,"8",,"8",,"8",,"8",,"8",,"8",,"8",,"8",,"8",,"8",,"8",,"8",,"8",,"8",,"8",,"8",,"8",Z,"15",,,"9",,"8"
"351160415",LEGNICA,"2026","01","24",-1.2,,-3.0,,-2.2,,-2.9,,0.0,,,,"8",,"8",,"9",,"8",,"8",,"8",,"8",,"8",,"8",,"8",,"8",,"8",,"8",,"8",,"8",,"8",,"8",,"8",,"8",,"8",,"8",R,"13",,,"9",,"8"
"351160415",LEGNICA,"2026","01","25",0.5,,-2.3,,-1.0,,-2.2,,2.8,,,,"8",,"8",,"9",,"8",,"8",,"8",,"8",,"8",,"8",,"8",,"8",,"8",,"8",,"8",,"8",,"8",,"8",,"8",,"8",,"8",,"8",R,"13",,,"9",,"8"
"351160415",LEGNICA,"2026","01","26",7.0,,0.2,,2.9,,-0.2,,0.0,,W,,"9",,"9",3.8,,,"8",,"8",,"8",,"8",,"8",,"8",,"8",,"8",,"8",,"8",,"8",,"8",,"8",,"8",,"8",,"8",,"8",,"8",R,,"9",,"9",,"8"
"351160415",LEGNICA,"2026","01","27",2.7,,-0.8,,0.4,,-1.5,,0.4,,,,"8",,"8",,"9",,"8",,"8",,"8",,"8",,"8",,"8",,"8",,"8",,"8",,"8",,"8",,"8",,"8",,"8",,"8",,"8",,"8",,"8",R,"01",,,"9",,"8"
"351160415",LEGNICA,"2026","01","28",1.3,,-0.4,,0.2,,-0.7,,,"9",,0,,,"9",,"9",,"8",,"8",,"8",,"8",,"8",,"8",,"8",,"8",,"8",,"8",,"8",,"8",,"8",,"8",,"8",,"8",,"8",,"8",R,"01",,,"9",,"8"
"351160415",LEGNICA,"2026","01","29",0.9,,-1.2,,-0.6,,-1.0,,0.0,,W,,"9",,"9",,"9",,"8",,"8",,"8",,"8",,"8",,"8",,"8",,"8",,"8",,"8",,"8",,"8",,"8",,"8",,"8",,"8",,"8",,"8",Z,"01",,,"9",,"8"
"351160415",LEGNICA,"2026","01","30",-0.1,,-2.1,,-1.2,,-2.0,,0.0,,W,1,,,"9",,"9",,"8",,"8",,"8",,"8",,"8",,"8",,"8",,"8",,"8",,"8",,"8",,"8",,"8",,"8",,"8",,"8",1,,,"8",Z,"01",,,"9",,"8"
"351160415",LEGNICA,"2026","01","31",-1.0,,-5.1,,-4.3,,-4.9,,,"9",,,"8",,"8",,"9",,"8",,"8",,"8",,"8",,"8",,"8",,"8",,"8",,"8",,"8",,"8",,"8",,"8",,"8",,"8",,"8",,"8",,"8",R,"01",,,"9",,"8"
"351160418",LESZNO,"2026","01","01",2.4,,-0.3,,1.6,,-0.5,,0.0,,S,,"8",,"8",,"9",,"8",,"8",,"8",,"8",,"8",,"8",,"8",,"8",,"8",,"8",,"8",,"8",,"8",,"8",,"8",,"8",,"8",,"8",R,,"9",,"9",,"8"
"351160418",LESZNO,"2026","01","02",3.5,,0.1,,1.7,,0.1,,0.4,,S,,"9",,"9",1.1,,,"8",,"8",,"8",,"8",,"8",,"8",,"8",,"8",,"8",,"8",,"8",,"8",,"8",,"8",,"8",,"8",,"8",,"8",Z,"01",,,"9",,"8"
"351160418",LESZNO,"2026","01","03",1.8,,-2.4,,-0.4,,-3.2,,0.0,,,,"8",,"8",0.4,,,"8",,"8",,"8",,"8",,"8",,"8",,"8",,"8",,"8",,"8",,"8",,"8",,"8",,"8",,"8",,"8",,"8",,"8",R,"01",,,"9",,"8"
"351160418",LESZNO,"2026","01","04",0.2,,-3.8,,-1.3,,-5.4,,0.2,,,,"8",,"8",2.8,,,"8",,"8",,"8",,"8",,"8",,"8",,"8",,"8",,"8",,"8",,"8",,"8",,"8",,"8",,"8",,"8",,"8",,"8",,,"9",,"9",,"8"
"351160418",LESZNO,"2026","01","05",0.6,,-7.5,,-3.9,,-13.4,,,"9",,6,,0.7,,2.0,,,"8",,"8",,"8",,"8",,"8",,"8",,"8",,"8",,"8",,"8",,"8",,"8",,"8",,"8",,"8",,"8",1,,,"8",Z,"01",,,"9",,"8"
"351160418",LESZNO,"2026","01","06",-3.2,,-11.8,,-6.6,,-15.9,,0.0,,S,,"8",,"8",6.5,,,"8",,"8",,"8",,"8",,"8",,"8",,"8",,"8",,"8",,"8",,"8",,"8",,"8",,"8",,"8",,"8",,"8",,"8",R,"01",,,"9",,"8"
"351160418",LESZNO,"2026","01","07",-2.0,,-4.7,,-3.9,,-5.8,,0.0,,W,3,,,"9",0.4,,,"8",,"8",,"8",,"8",,"8",,"8",,"8",,"8",,"8",,"8",,"8",,"8",,"8",,"8",,"8",,"8",1,,,"8",Z,"01",,,"9",,"8"
"351160418",LESZNO,"2026","01","08",-3.6,,-11.4,,-8.6,,-14.7,,,"9",,3,,,"9",1.0,,,"8",,"8",,"8",,"8",,"8",,"8",,"8",,"8",,"8",,"8",,"8",,"8",,"8",,"8",,"8",,"8",1,,,"8",Z,,"8",,"8",,"8"
"351160418",LESZNO,"2026","01","09",-8.6,,-14.2,,-10.9,,-16.3,,0.0,,S,3,,,"9",,"9",,"8",,"8",,"8",,"8",,"8",,"8",,"8",,"8",,"8",,"8",,"8",,"8",,"8",,"8",,"8",,"8",1,,,"8",Z,"01",,,"9",,"8"
"351160418",LESZNO,"2026","01","10",,"8",,"8",-8.6,,,"8",0.0,,,,"8",,"8",3.1,,,"8",,"8",,"8",,"8",,"8",,"8",,"8",,"8",,"8",,"8",,"8",,"8",,"8",,"8",,"8",,"8",,"8",,"8",R,"01",,,"9",,"8"
"351160418",LESZNO,"2026","01","11",-2.3,,-7.0,,-3.7,,-8.2,,0.0,,,,"8",,"8",0.1,,,"8",,"8",,"8",,"8",,"8",,"8",,"8",,"8",,"8",,"8",,"8",,"8",,"8",,"8",,"8",,"8",,"8",,"8",R,"01",,,"9",,"8"
"351160418",LESZNO,"2026","01","12",-2.7,,-10.4,,-6.6,,-13.5,,1.2,,S,2,,,"9",3.2,,,"8",,"8",,"8",,"8",,"8",,"8",,"8",,"8",,"8",,"8",,"8",,"8",,"8",,"8",,"8",,"8",1,,,"8",Z,"01",,,"9",,"8"
"351160418",LESZNO,"2026","01","13",-0.8,,-3.8,,-2.1,,-4.7,,0.2,,S,4,,,"9",,"9",,"8",,"8",,"8",,"8",,"8",,"8",,"8",,"8",,"8",,"8",,"8",,"8",,"8",,"8",,"8",,"8",1,,,"8",Z,"01",,,"9",,"8"
"351160418",LESZNO,"2026","01","14",5.1,,-1.0,,2.6,,-0.9,,0.8,,W,4,,,"9",,"9",,"8",,"8",,"8",,"8",,"8",,"8",,"8",,"8",,"8",,"8",,"8",,"8",,"8",,"8",,"8",,"8",1,,,"8",Z,,"9",,"9",,"8"
"351160418",LESZNO,"2026","01","15",4.9,,-0.8,,1.4,,-0.9,,,"9",,,"9",,"9",,"9",,"8",,"8",,"8",,"8",,"8",,"8",,"8",,"8",,"8",,"8",,"8",,"8",,"8",,"8",,"8",,"8",,"8",,"8",Z,"01",,,"9",,"8"
"351160418",LESZNO,"2026","01","16",5.8,,-0.8,,2.2,,-2.9,,,"9",,,"9",,"9",5.5,,,"8",,"8",,"8",,"8",,"8",,"8",,"8",,"8",,"8",,"8",,"8",,"8",,"8",,"8",,"8",,"8",,"8",,"8",Z,"01",,,"9",,"8"
"351160418",LESZNO,"2026","01","17",3.6,,0.2,,1.0,,-0.1,,,"9",,,"8",,"8",1.2,,,"8",,"8",,"8",,"8",,"8",,"8",,"8",,"8",,"8",,"8",,"8",,"8",,"8",,"8",,"8",,"8",,"8",,"8",R,,"9",,"9",,"8"
"351160418",LESZNO,"2026","01","18",3.4,,-2.3,,-0.4,,-3.0,,,"9",,,"8",,"8",7.5,,,"8",,"8",,"8",,"8",,"8",,"8",,"8",,"8",,"8",,"8",,"8",,"8",,"8",,"8",,"8",,"8",,"8",,"8",R,"01",,,"9",,"8"
"351160418",LESZNO,"2026","01","19",3.5,,-4.3,,-1.0,,-5.3,,,"9",,,"9",,"9",7.9,,,"8",,"8",,"8",,"8",,"8",,"8",,"8",,"8",,"8",,"8",,"8",,"8",,"8",,"8",,"8",,"8",,"8",,"8",Z,"01",,,"9",,"8"
"351160418",LESZNO,"2026","01","20",3.0,,-3.8,,-1.0,,-6.8,,,"9",,,"9",,"9",7.9,,,"8",,"8",,"8",,"8",,"8",,"8",,"8",,"8",,"8",,"8",,"8",,"8",,"8",,"8",,"8",,"8",,"8",,"8",Z,"01",,,"9",,"8"
"351160418",LESZNO,"2026","01","21",3.8,,-7.8,,-2.4,,-10.6,,,"9",,,"9",,"9",8.0,,,"8",,"8",,"8",,"8",,"8",,"8",,"8",,"8",,"8",,"8",,"8",,"8",,"8",,"8",,"8",,"8",,"8",,"8",Z,"01",,,"9",,"8"
"351160418",LESZNO,"2026","01","22",3.7,,-7.3,,-2.5,,-10.1,,,"9",,,"9",,"9",7.8,,,"8",,"8",,"8",,"8",,"8",,"8",,"8",,"8",,"8",,"8",,"8",,"8",,"8",,"8",,"8",,"8",,"8",,"8",Z,"01",,,"9",,"8"
"351160418",LESZNO,"2026","01","23",-1.6,,-8.5,,-5.2,,-8.6,,0.0,,W,,"9",,"9",0.7,,,"8",,"8",,"8",,"8",,"8",,"8",,"8",,"8",,"8",,"8",,"8",,"8",,"8",,"8",,"8",,"8",,"8",,"8",Z,"01",,,"9",,"8"
"351160418",LESZNO,"2026","01","24",-2.7,,-4.2,,-3.5,,-4.0,,,"9",,,"8",,"8",,"9",,"8",,"8",,"8",,"8",,"8",,"8",,"8",,"8",,"8",,"8",,"8",,"8",,"8",,"8",,"8",,"8",,"8",,"8",R,"01",,,"9",,"8"
"351160418",LESZNO,"2026","01","25",-0.7,,-4.1,,-2.1,,-3.9,,3.6,,S,,"8",,"8",,"9",,"8",,"8",,"8",,"8",,"8",,"8",,"8",,"8",,"8",,"8",,"8",,"8",,"8",,"8",,"8",,"8",,"8",,"8",R,"01",,,"9",,"8"
"351160418",LESZNO,"2026","01","26",4.3,,-1.4,,1.0,,-2.2,,0.8,,S,,"9",,"9",1.2,,,"8",,"8",,"8",,"8",,"8",,"8",,"8",,"8",,"8",,"8",,"8",,"8",,"8",,"8",,"8",,"8",,"8",,"8",Z,"01",,,"9",,"8"
"351160418",LESZNO,"2026","01","27",0.1,,-2.5,,-0.7,,-4.6,,0.0,,S,2,,,"9",,"9",,"8",,"8",,"8",,"8",,"8",,"8",,"8",,"8",,"8",,"8",,"8",,"8",,"8",,"8",,"8",,"8",1,,,"8",Z,"01",,,"9",,"8"
"351160418",LESZNO,"2026","01","28",1.3,,-1.9,,-0.7,,-3.0,,,"9",,1,,,"9",2.6,,,"8",,"8",,"8",,"8",,"8",,"8",,"8",,"8",,"8",,"8",,"8",,"8",,"8",,"8",,"8",,"8",1,,,"8",Z,"01",,,"9",,"8"
"351160418",LESZNO,"2026","01","29",-0.1,,-3.6,,-2.2,,-3.4,,0.0,,S,,"9",,"9",,"9",,"8",,"8",,"8",,"8",,"8",,"8",,"8",,"8",,"8",,"8",,"8",,"8",,"8",,"8",,"8",,"8",,"8",,"8",Z,"01",,,"9",,"8"
"351160418",LESZNO,"2026","01","30",-1.7,,-3.7,,-2.8,,-3.5,,0.0,,S,,"9",,"9",,"9",,"8",,"8",,"8",,"8",,"8",,"8",,"8",,"8",,"8",,"8",,"8",,"8",,"8",,"8",,"8",,"8",,"8",,"8",Z,"01",,,"9",,"8"
"351160418",LESZNO,"2026","01","31",-2.7,,-8.7,,-6.4,,-7.7,,,"9",,,"8",,"8",2.8,,,"8",,"8",,"8",,"8",,"8",,"8",,"8",,"8",,"8",,"8",,"8",,"8",,"8",,"8",,"8",,"8",,"8",,"8",R,"01",,,"9",,"8"
"351160424",WROC£AW-STRACHOWICE,"2026","01","01",2.5,,-0.1,,1.5,,-0.3,,0.0,,S,4,,,"9",,"9",1.6,,1.4,,2.4,,,"9",,"9",,"9",,"9",,"9",,"9",,"9",,"9",,"9",,"9",,"9",,"9",,"9",1,,0,,R,,"9",,"9",,"8"
"351160424",WROC£AW-STRACHOWICE,"2026","01","02",3.5,,0.7,,1.9,,-0.6,,0.0,,S,2,,,"9",0.1,,,"9",0.7,,,"9",,"9",,"9",,"9",,"9",,"9",,"9",,"9",,"9",,"9",,"9",,"9",,"9",,"9",1,,0,,Z,"01",,,"9",,"8"
"351160424",WROC£AW-STRACHOWICE,"2026","01","03",3.1,,-1.3,,0.5,,-2.1,,0.2,,S,1,,,"9",5.5,,,"9",1.2,,,"9",,"9",,"9",,"9",,"9",,"9",1.1,,,"9",,"9",,"9",,"9",,"9",,"9",,"9",1,,0,,Z,"01",,,"9",,"8"
"351160424",WROC£AW-STRACHOWICE,"2026","01","04",0.7,,-2.2,,-0.9,,-6.8,,0.4,,S,0,,,"9",0.5,,,"9",4.1,,,"9",,"9",,"9",,"9",,"9",,"9",1.1,,,"9",,"9",,"9",,"9",,"9",,"9",,"9",0,,0,,Z,"01",,,"9",,"8"
"351160424",WROC£AW-STRACHOWICE,"2026","01","05",-0.3,,-8.6,,-4.1,,-11.8,,,"9",,1,,,"9",7.0,,,"9",,"9",,"9",,"9",,"9",3.8,,,"9",,"9",,"9",,"9",,"9",,"9",,"9",,"9",,"9",,"9",1,,0,,Z,"01",,,"9",,"8"
"351160424",WROC£AW-STRACHOWICE,"2026","01","06",-1.7,,-9.5,,-5.2,,-11.7,,0.0,,S,1,,,"9",2.1,,,"9",,"9",,"9",,"9",,"9",1.3,,,"9",,"9",,"9",,"9",,"9",,"9",,"9",,"9",,"9",,"9",1,,0,,Z,"01",,,"9",,"8"
"351160424",WROC£AW-STRACHOWICE,"2026","01","07",-2.1,,-5.8,,-4.1,,-8.0,,0.0,,S,1,,,"9",0.3,,,"9",6.9,,,"9",,"9",,"9",5.7,,1.8,,,"9",,"9",,"9",,"9",,"9",,"9",,"9",,"9",,"9",1,,0,,Z,"01",,,"9",,"8"
"351160424",WROC£AW-STRACHOWICE,"2026","01","08",-3.4,,-12.2,,-8.4,,-14.5,,,"9",,1,,,"9",2.4,,,"9",,"9",,"9",,"9",,"9",24.0,,2.3,,,"9",,"9",,"9",,"9",,"9",,"9",,"9",,"9",7.0,,1,,0,,Z,"07",,,"9",,"8"
"351160424",WROC£AW-STRACHOWICE,"2026","01","09",-5.5,,-13.3,,-9.0,,-15.5,,,"9",,1,,,"9",0.2,,,"9",,"9",,"9",,"9",,"9",24.0,,,"9",,"9",,"9",,"9",,"9",,"9",,"9",,"9",,"9",11.0,,1,,0,,Z,"10",,,"9",,"8"
"351160424",WROC£AW-STRACHOWICE,"2026","01","10",-5.0,,-10.2,,-7.6,,-10.9,,0.0,,S,1,,,"9",4.6,,,"9",0.9,,,"9",,"9",,"9",3.3,,,"9",,"9",,"9",,"9",,"9",,"9",,"9",,"9",,"9",,"9",1,,0,,Z,"11",,,"9",,"8"
"351160424",WROC£AW-STRACHOWICE,"2026","01","11",-2.6,,-6.3,,-4.1,,-6.9,,0.0,,S,1,,,"9",0.3,,,"9",12.0,,,"9",,"9",,"9",,"9",,"9",,"9",14.2,,,"9",,"9",,"9",,"9",,"9",,"9",,"9",1,,0,,Z,"12",,,"9",,"8"
"351160424",WROC£AW-STRACHOWICE,"2026","01","12",-2.0,,-11.0,,-5.2,,-13.6,,2.6,,S,2,,,"9",3.4,,,"9",0.8,,,"9",,"9",,"9",,"9",,"9",,"9",,"9",,"9",,"9",,"9",,"9",,"9",,"9",,"9",1,,0,,Z,"14",,,"9",,"8"
"351160424",WROC£AW-STRACHOWICE,"2026","01","13",0.8,,-3.5,,-1.2,,-3.6,,1.3,,S,6,,2.2,,,"9",1.4,,7.5,,,"9",,"9",0.6,,21.8,,,"9",2.1,,,"9",,"9",,"9",,"9",,"9",,"9",,"9",,"9",1,,0,,Z,"11",,,"9",,"8"
"351160424",WROC£AW-STRACHOWICE,"2026","01","14",5.7,,0.3,,3.2,,0.2,,0.2,,W,4,,,"9",,"9",4.1,,,"9",,"9",,"9",,"9",4.8,,,"9",,"9",,"9",,"9",,"9",,"9",,"9",,"9",,"9",,"9",1,,0,,Z,"10",,,"9",,"8"
"351160424",WROC£AW-STRACHOWICE,"2026","01","15",5.3,,-0.7,,2.1,,-2.5,,0.0,,W,,"9",,"9",0.3,,1.4,,,"9",,"9",,"9",2.6,,21.4,,,"9",,"9",,"9",,"9",,"9",,"9",,"9",,"9",,"9",,"9",0,,0,,Z,"10",,,"9",,"8"
"351160424",WROC£AW-STRACHOWICE,"2026","01","16",5.5,,0.3,,1.9,,-1.1,,,"9",,,"9",,"9",6.2,,,"9",,"9",,"9",,"9",2.1,,15.7,,,"9",,"9",,"9",,"9",,"9",,"9",,"9",,"9",,"9",10.9,,0,,0,,Z,"05",,,"9",,"8"
"351160424",WROC£AW-STRACHOWICE,"2026","01","17",4.6,,-0.3,,1.1,,-2.4,,,"9",,,"9",,"9",2.4,,,"9",,"9",,"9",,"9",11.9,,12.1,,,"9",,"9",,"9",,"9",,"9",,"9",,"9",,"9",,"9",1.8,,0,,0,,Z,"01",,,"9",,"8"
"351160424",WROC£AW-STRACHOWICE,"2026","01","18",2.7,,-3.7,,-1.1,,-4.4,,,"9",,,"9",,"9",6.8,,,"9",,"9",,"9",,"9",4.0,,20.0,,7.4,,,"9",,"9",,"9",,"9",,"9",,"9",,"9",,"9",6.0,,0,,0,,Z,"01",,,"9",,"8"
"351160424",WROC£AW-STRACHOWICE,"2026","01","19",3.1,,-6.1,,-1.4,,-7.1,,,"9",,,"9",,"9",8.0,,,"9",,"9",,"9",,"9",,"9",5.1,,,"9",,"9",,"9",,"9",,"9",,"9",,"9",,"9",,"9",10.0,,0,,0,,Z,"05",,,"9",,"8"
"351160424",WROC£AW-STRACHOWICE,"2026","01","20",2.9,,-4.3,,-0.8,,-5.3,,,"9",,,"9",,"9",8.0,,,"9",,"9",,"9",,"9",,"9",,"9",,"9",,"9",,"9",,"9",,"9",0.2,,,"9",,"9",,"9",,"9",0,,0,,Z,"06",,,"9",,"8"
"351160424",WROC£AW-STRACHOWICE,"2026","01","21",5.6,,-6.3,,-0.7,,-8.5,,,"9",,,"9",,"9",8.2,,,"9",,"9",,"9",,"9",,"9",,"9",,"9",,"9",,"9",,"9",,"9",,"9",,"9",,"9",,"9",12.0,,0,,0,,Z,"09",,,"9",,"8"
"351160424",WROC£AW-STRACHOWICE,"2026","01","22",3.2,,-6.0,,-2.0,,-8.5,,,"9",,,"9",,"9",7.7,,,"9",,"9",,"9",,"9",,"9",4.7,,,"9",,"9",,"9",,"9",,"9",,"9",,"9",,"9",,"9",15.0,,0,,0,,Z,"10",,,"9",,"8"
"351160424",WROC£AW-STRACHOWICE,"2026","01","23",-1.1,,-6.2,,-3.7,,-6.4,,0.0,,S,,"9",,"9",,"9",,"9",0.3,,,"9",,"9",,"9",24.0,,,"9",,"9",,"9",,"9",,"9",,"9",,"9",,"9",,"9",8.0,,0,,0,,Z,"11",,,"9",,"8"
"351160424",WROC£AW-STRACHOWICE,"2026","01","24",-1.2,,-2.9,,-2.1,,-2.8,,0.0,,S,,"9",,"9",,"9",,"9",8.7,,,"9",,"9",,"9",24.0,,,"9",,"9",,"9",,"9",,"9",,"9",,"9",,"9",,"9",,"9",0,,0,,Z,"12",,,"9",,"8"
"351160424",WROC£AW-STRACHOWICE,"2026","01","25",1.6,,-2.3,,-0.5,,-2.3,,1.5,,W,0,,,"9",,"9",3.3,,0.5,,,"9",,"9",,"9",24.0,,,"9",,"9",,"9",,"9",,"9",,"9",,"9",,"9",,"9",,"9",0,,0,,Z,"10",,,"9",,"8"
"351160424",WROC£AW-STRACHOWICE,"2026","01","26",7.4,,0.9,,3.5,,-0.3,,0.2,,S,,"9",,"9",6.2,,4.5,,0.2,,,"9",,"9",,"9",9.9,,,"9",,"9",,"9",,"9",,"9",,"9",,"9",,"9",,"9",,"9",0,,0,,R,,"9",,"9",,"8"
"351160424",WROC£AW-STRACHOWICE,"2026","01","27",3.6,,-0.8,,0.7,,-0.8,,0.0,,S,0,,,"9",0.1,,2.0,,10.9,,,"9",,"9",,"9",7.3,,,"9",,"9",,"9",,"9",,"9",,"9",,"9",,"9",,"9",,"9",0,,0,,Z,"10",,,"9",,"8"
"351160424",WROC£AW-STRACHOWICE,"2026","01","28",1.8,,0.0,,0.5,,0.0,,,"9",,,"9",,"9",,"9",,"9",,"9",,"9",,"9",,"9",12.8,,,"9",,"9",,"9",,"9",,"9",,"9",,"9",,"9",,"9",,"9",0,,0,,Z,"01",,,"9",,"8"
"351160424",WROC£AW-STRACHOWICE,"2026","01","29",1.6,,-1.4,,-0.3,,-1.2,,0.0,,S,,"9",,"9",,"9",,"9",3.1,,,"9",,"9",,"9",13.5,,,"9",,"9",,"9",,"9",,"9",,"9",,"9",,"9",,"9",,"9",0,,0,,Z,"01",,,"9",,"8"
"351160424",WROC£AW-STRACHOWICE,"2026","01","30",-0.1,,-1.5,,-1.1,,-1.4,,0.0,,S,,"9",,"9",,"9",,"9",6.0,,,"9",,"9",,"9",24.0,,,"9",,"9",,"9",,"9",,"9",,"9",,"9",,"9",,"9",,"9",0,,0,,Z,"01",,,"9",,"8"
"351160424",WROC£AW-STRACHOWICE,"2026","01","31",-1.2,,-6.7,,-5.1,,-6.7,,0.0,,S,,"9",,"9",,"9",,"9",6.3,,,"9",,"9",,"9",5.8,,,"9",,"9",,"9",,"9",,"9",,"9",,"9",,"9",,"9",5.0,,0,,0,,Z,"05",,,"9",,"8"
"351180435",KALISZ,"2026","01","01",1.9,,-1.7,,0.7,,-1.6,,0.1,,S,1,,,"9",,"9",,"8",,"8",,"8",,"8",,"8",,"8",,"8",,"8",,"8",,"8",,"8",,"8",,"8",,"8",,"8",,"8",1,,,"8",Z,,"9",,"9",,"8"
"351180435",KALISZ,"2026","01","02",3.1,,-0.4,,1.4,,-0.3,,1.0,,S,0,,,"9",1.2,,,"8",,"8",,"8",,"8",,"8",,"8",,"8",,"8",,"8",,"8",,"8",,"8",,"8",,"8",,"8",,"8",,"8",,"8",R,,"9",,"9",,"8"
"351180435",KALISZ,"2026","01","03",1.1,,-2.5,,-0.6,,-2.9,,0.0,,S,6,,1.2,,1.2,,,"8",,"8",,"8",,"8",,"8",,"8",,"8",,"8",,"8",,"8",,"8",,"8",,"8",,"8",,"8",,"8",1,,,"8",Z,"01",,,"9",,"8"
"351180435",KALISZ,"2026","01","04",0.0,,-3.1,,-1.3,,-4.2,,0.1,,S,6,,1.2,,5.2,,,"8",,"8",,"8",,"8",,"8",,"8",,"8",,"8",,"8",,"8",,"8",,"8",,"8",,"8",,"8",,"8",1,,,"8",R,"01",,,"9",,"8"
"351180435",KALISZ,"2026","01","05",-0.2,,-5.3,,-2.7,,-8.9,,,"9",,7,,1.4,,6.9,,,"8",,"8",,"8",,"8",,"8",,"8",,"8",,"8",,"8",,"8",,"8",,"8",,"8",,"8",,"8",,"8",1,,,"8",Z,"01",,,"9",,"8"
"351180435",KALISZ,"2026","01","06",-4.7,,-10.1,,-6.9,,-16.4,,,"9",,7,,1.3,,4.5,,,"8",,"8",,"8",,"8",,"8",,"8",,"8",,"8",,"8",,"8",,"8",,"8",,"8",,"8",,"8",,"8",1,,,"8",R,"01",,,"9",,"8"
"351180435",KALISZ,"2026","01","07",-3.7,,-8.1,,-5.3,,-13.6,,,"9",,7,,1.3,,4.4,,,"8",,"8",,"8",,"8",,"8",,"8",,"8",,"8",,"8",,"8",,"8",,"8",,"8",,"8",,"8",,"8",1,,,"8",Z,"01",,,"9",,"8"
"351180435",KALISZ,"2026","01","08",-6.0,,-10.0,,-8.4,,-10.1,,,"9",,7,,1.3,,,"9",,"8",,"8",,"8",,"8",,"8",,"8",,"8",,"8",,"8",,"8",,"8",,"8",,"8",,"8",,"8",,"8",1,,,"8",Z,"01",,,"9",,"8"
"351180435",KALISZ,"2026","01","09",-7.1,,-11.5,,-10.5,,-12.1,,0.0,,W,7,,1.3,,0.1,,,"8",,"8",,"8",,"8",,"8",,"8",,"8",,"8",,"8",,"8",,"8",,"8",,"8",,"8",,"8",,"8",1,,,"8",Z,"01",,,"9",,"8"
"351180435",KALISZ,"2026","01","10",-6.8,,-14.5,,-9.9,,-18.0,,0.7,,S,7,,1.3,,3.7,,,"8",,"8",,"8",,"8",,"8",,"8",,"8",,"8",,"8",,"8",,"8",,"8",,"8",,"8",,"8",,"8",1,,,"8",R,"01",,,"9",,"8"
"351180435",KALISZ,"2026","01","11",-2.3,,-8.0,,-3.0,,-8.6,,0.4,,S,9,,1.6,,,"9",,"8",,"8",,"8",,"8",,"8",,"8",,"8",,"8",,"8",,"8",,"8",,"8",,"8",,"8",,"8",,"8",1,,,"8",R,"01",,,"9",,"8"
"351180435",KALISZ,"2026","01","12",-2.4,,-8.4,,-5.8,,-9.1,,0.6,,S,10,,1.5,,1.6,,,"8",,"8",,"8",,"8",,"8",,"8",,"8",,"8",,"8",,"8",,"8",,"8",,"8",,"8",,"8",,"8",1,,,"8",Z,"01",,,"9",,"8"
"351180435",KALISZ,"2026","01","13",-1.0,,-6.0,,-4.0,,-7.1,,0.9,,S,12,,1.5,,1.7,,,"8",,"8",,"8",,"8",,"8",,"8",,"8",,"8",,"8",,"8",,"8",,"8",,"8",,"8",,"8",,"8",1,,,"8",Z,"01",,,"9",,"8"
"351180435",KALISZ,"2026","01","14",3.9,,-2.7,,1.4,,-2.9,,1.9,,W,12,,1.6,,,"9",,"8",,"8",,"8",,"8",,"8",,"8",,"8",,"8",,"8",,"8",,"8",,"8",,"8",,"8",,"8",,"8",1,,,"8",Z,"01",,,"9",,"8"
"351180435",KALISZ,"2026","01","15",3.8,,-1.3,,0.7,,-4.1,,,"9",,3,,,"9",0.7,,,"8",,"8",,"8",,"8",,"8",,"8",,"8",,"8",,"8",,"8",,"8",,"8",,"8",,"8",,"8",,"8",1,,,"8",Z,"01",,,"9",,"8"
"351180435",KALISZ,"2026","01","16",3.4,,0.1,,1.3,,-1.2,,,"9",,,"9",,"9",5.3,,,"8",,"8",,"8",,"8",,"8",,"8",,"8",,"8",,"8",,"8",,"8",,"8",,"8",,"8",,"8",,"8",,"8",,"8",Z,"01",,,"9",,"8"
"351180435",KALISZ,"2026","01","17",1.4,,-0.3,,0.0,,-1.2,,,"9",,,"9",,"9",,"9",,"8",,"8",,"8",,"8",,"8",,"8",,"8",,"8",,"8",,"8",,"8",,"8",,"8",,"8",,"8",,"8",,"8",,"8",Z,"01",,,"9",,"8"
"351180435",KALISZ,"2026","01","18",0.1,,-5.0,,-2.9,,-5.4,,,"9",,,"9",,"9",7.8,,,"8",,"8",,"8",,"8",,"8",,"8",,"8",,"8",,"8",,"8",,"8",,"8",,"8",,"8",,"8",,"8",,"8",,"8",Z,"01",,,"9",,"8"
"351180435",KALISZ,"2026","01","19",4.5,,-7.3,,-2.0,,-7.7,,,"9",,,"9",,"9",7.8,,,"8",,"8",,"8",,"8",,"8",,"8",,"8",,"8",,"8",,"8",,"8",,"8",,"8",,"8",,"8",,"8",,"8",,"8",Z,"05",,,"9",,"8"
"351180435",KALISZ,"2026","01","20",3.1,,-2.6,,-0.5,,-4.2,,,"9",,,"9",,"9",8.1,,,"8",,"8",,"8",,"8",,"8",,"8",,"8",,"8",,"8",,"8",,"8",,"8",,"8",,"8",,"8",,"8",,"8",,"8",Z,"06",,,"9",,"8"
"351180435",KALISZ,"2026","01","21",3.6,,-3.7,,-1.0,,-6.2,,,"9",,,"9",,"9",8.1,,,"8",,"8",,"8",,"8",,"8",,"8",,"8",,"8",,"8",,"8",,"8",,"8",,"8",,"8",,"8",,"8",,"8",,"8",Z,"08",,,"9",,"8"
"351180435",KALISZ,"2026","01","22",0.8,,-5.0,,-3.1,,-6.4,,,"9",,,"9",,"9",7.5,,,"8",,"8",,"8",,"8",,"8",,"8",,"8",,"8",,"8",,"8",,"8",,"8",,"8",,"8",,"8",,"8",,"8",,"8",Z,"10",,,"9",,"8"
"351180435",KALISZ,"2026","01","23",-4.1,,-10.0,,-6.6,,-9.7,,,"9",,,"9",,"9",,"9",,"8",,"8",,"8",,"8",,"8",,"8",,"8",,"8",,"8",,"8",,"8",,"8",,"8",,"8",,"8",,"8",,"8",,"8",Z,"14",,,"9",,"8"
"351180435",KALISZ,"2026","01","24",-3.7,,-5.1,,-4.2,,-4.8,,0.0,,S,,"9",,"9",,"9",,"8",,"8",,"8",,"8",,"8",,"8",,"8",,"8",,"8",,"8",,"8",,"8",,"8",,"8",,"8",,"8",,"8",,"8",Z,"15",,,"9",,"8"
"351180435",KALISZ,"2026","01","25",-0.8,,-4.3,,-2.4,,-4.1,,0.0,,S,0,,,"9",,"9",,"8",,"8",,"8",,"8",,"8",,"8",,"8",,"8",,"8",,"8",,"8",,"8",,"8",,"8",,"8",,"8",,"8",,"8",R,"16",,,"9",,"8"
"351180435",KALISZ,"2026","01","26",4.5,,-1.5,,1.2,,-1.6,,1.1,,W,,"9",,"9",1.7,,,"8",,"8",,"8",,"8",,"8",,"8",,"8",,"8",,"8",,"8",,"8",,"8",,"8",,"8",,"8",,"8",,"8",,"8",Z,"10",,,"9",,"8"
"351180435",KALISZ,"2026","01","27",2.6,,-0.4,,0.2,,-2.3,,0.0,,S,,"9",,"9",0.2,,,"8",,"8",,"8",,"8",,"8",,"8",,"8",,"8",,"8",,"8",,"8",,"8",,"8",,"8",,"8",,"8",,"8",,"8",Z,"10",,,"9",,"8"
"351180435",KALISZ,"2026","01","28",1.1,,-0.9,,-0.4,,-1.1,,,"9",,,"9",,"9",0.4,,,"8",,"8",,"8",,"8",,"8",,"8",,"8",,"8",,"8",,"8",,"8",,"8",,"8",,"8",,"8",,"8",,"8",,"8",Z,"10",,,"9",,"8"
"351180435",KALISZ,"2026","01","29",-0.7,,-3.8,,-2.3,,-3.6,,,"9",,,"9",,"9",,"9",,"8",,"8",,"8",,"8",,"8",,"8",,"8",,"8",,"8",,"8",,"8",,"8",,"8",,"8",,"8",,"8",,"8",,"8",Z,"01",,,"9",,"8"
"351180435",KALISZ,"2026","01","30",-2.8,,-4.2,,-3.7,,-4.1,,,"9",,,"9",,"9",,"9",,"8",,"8",,"8",,"8",,"8",,"8",,"8",,"8",,"8",,"8",,"8",,"8",,"8",,"8",,"8",,"8",,"8",,"8",Z,"10",,,"9",,"8"
"351180435",KALISZ,"2026","01","31",-3.9,,-11.6,,-8.4,,-11.0,,0.0,,S,,"9",,"9",7.4,,,"8",,"8",,"8",,"8",,"8",,"8",,"8",,"8",,"8",,"8",,"8",,"8",,"8",,"8",,"8",,"8",,"8",,"8",Z,"13",,,"9",,"8"
"351180455",WIELU—,"2026","01","01",1.1,,-2.9,,0.2,,-2.8,,0.9,,S,0,,,"9",,"9",,"8",,"8",,"8",,"8",,"8",,"8",,"8",,"8",,"8",,"8",,"8",,"8",,"8",,"8",,"8",,"8",,"8",,"8",Z,"01",,,"9",,"8"
"351180455",WIELU—,"2026","01","02",2.1,,-0.3,,0.9,,-0.5,,0.7,,S,2,,,"9",0.1,,,"8",,"8",,"8",,"8",,"8",,"8",,"8",,"8",,"8",,"8",,"8",,"8",,"8",,"8",,"8",,"8",1,,,"8",Z,,"9",,"9",,"8"
"351180455",WIELU—,"2026","01","03",0.8,,-2.4,,-0.5,,-3.3,,0.0,,S,3,,,"9",1.0,,,"8",,"8",,"8",,"8",,"8",,"8",,"8",,"8",,"8",,"8",,"8",,"8",,"8",,"8",,"8",,"8",1,,,"8",Z,"01",,,"9",,"8"
"351180455",WIELU—,"2026","01","04",-0.4,,-2.5,,-1.6,,-3.2,,0.5,,S,3,,,"9",1.3,,,"8",,"8",,"8",,"8",,"8",,"8",,"8",,"8",,"8",,"8",,"8",,"8",,"8",,"8",,"8",,"8",1,,,"8",Z,"01",,,"9",,"8"
"351180455",WIELU—,"2026","01","05",-0.7,,-7.8,,-3.8,,-12.4,,,"9",,4,,,"9",2.5,,,"8",,"8",,"8",,"8",,"8",,"8",,"8",,"8",,"8",,"8",,"8",,"8",,"8",,"8",,"8",,"8",1,,,"8",Z,"01",,,"9",,"8"
"351180455",WIELU—,"2026","01","06",-3.7,,-10.8,,-7.3,,-14.8,,,"9",,4,,,"9",2.2,,,"8",,"8",,"8",,"8",,"8",,"8",,"8",,"8",,"8",,"8",,"8",,"8",,"8",,"8",,"8",,"8",1,,,"8",Z,"01",,,"9",,"8"
"351180455",WIELU—,"2026","01","07",-4.5,,-8.9,,-6.2,,-12.4,,0.2,,S,4,,,"9",,"9",,"8",,"8",,"8",,"8",,"8",,"8",,"8",,"8",,"8",,"8",,"8",,"8",,"8",,"8",,"8",,"8",1,,,"8",Z,"01",,,"9",,"8"
"351180455",WIELU—,"2026","01","08",-5.6,,-8.7,,-7.2,,-9.2,,0.0,,S,5,,0.6,,0.2,,,"8",,"8",,"8",,"8",,"8",,"8",,"8",,"8",,"8",,"8",,"8",,"8",,"8",,"8",,"8",,"8",1,,,"8",Z,"01",,,"9",,"8"
"351180455",WIELU—,"2026","01","09",-6.3,,-10.8,,-8.7,,-13.7,,0.0,,S,5,,0.6,,,"9",,"8",,"8",,"8",,"8",,"8",,"8",,"8",,"8",,"8",,"8",,"8",,"8",,"8",,"8",,"8",,"8",1,,,"8",Z,"01",,,"9",,"8"
"351180455",WIELU—,"2026","01","10",-7.4,,-14.2,,-9.7,,-19.0,,0.8,,S,5,,0.8,,3.7,,,"8",,"8",,"8",,"8",,"8",,"8",,"8",,"8",,"8",,"8",,"8",,"8",,"8",,"8",,"8",,"8",1,,,"8",Z,"05",,,"9",,"8"
"351180455",WIELU—,"2026","01","11",-3.2,,-8.6,,-3.8,,-9.2,,0.1,,S,8,,0.8,,,"9",,"8",,"8",,"8",,"8",,"8",,"8",,"8",,"8",,"8",,"8",,"8",,"8",,"8",,"8",,"8",,"8",1,,,"8",Z,"01",,,"9",,"8"
"351180455",WIELU—,"2026","01","12",-3.4,,-8.3,,-6.4,,-12.4,,0.2,,S,9,,0.9,,,"9",,"8",,"8",,"8",,"8",,"8",,"8",,"8",,"8",,"8",,"8",,"8",,"8",,"8",,"8",,"8",,"8",1,,,"8",Z,"01",,,"9",,"8"
"351180455",WIELU—,"2026","01","13",-1.5,,-8.1,,-3.9,,-12.9,,0.8,,S,8,,0.9,,,"9",,"8",,"8",,"8",,"8",,"8",,"8",,"8",,"8",,"8",,"8",,"8",,"8",,"8",,"8",,"8",,"8",1,,,"8",Z,"01",,,"9",,"8"
"351180455",WIELU—,"2026","01","14",2.8,,-4.3,,1.0,,-4.2,,1.4,,W,8,,1.0,,,"9",,"8",,"8",,"8",,"8",,"8",,"8",,"8",,"8",,"8",,"8",,"8",,"8",,"8",,"8",,"8",,"8",1,,,"8",Z,,"9",,"9",,"8"
"351180455",WIELU—,"2026","01","15",3.6,,-0.6,,1.4,,-2.0,,,"9",,4,,,"9",,"9",,"8",,"8",,"8",,"8",,"8",,"8",,"8",,"8",,"8",,"8",,"8",,"8",,"8",,"8",,"8",,"8",1,,,"8",Z,"01",,,"9",,"8"
"351180455",WIELU—,"2026","01","16",3.8,,0.5,,1.4,,-0.1,,,"9",,,"9",,"9",3.8,,,"8",,"8",,"8",,"8",,"8",,"8",,"8",,"8",,"8",,"8",,"8",,"8",,"8",,"8",,"8",,"8",,"8",,"8",Z,,"9",,"9",,"8"
"351180455",WIELU—,"2026","01","17",0.7,,-1.3,,-0.7,,-1.6,,,"9",,,"9",,"9",1.1,,,"8",,"8",,"8",,"8",,"8",,"8",,"8",,"8",,"8",,"8",,"8",,"8",,"8",,"8",,"8",,"8",,"8",,"8",Z,"01",,,"9",,"8"
"351180455",WIELU—,"2026","01","18",0.0,,-7.0,,-4.4,,-7.1,,,"9",,,"9",,"9",5.3,,,"8",,"8",,"8",,"8",,"8",,"8",,"8",,"8",,"8",,"8",,"8",,"8",,"8",,"8",,"8",,"8",,"8",,"8",Z,"01",,,"9",,"8"
"351180455",WIELU—,"2026","01","19",2.4,,-8.1,,-3.4,,-8.7,,,"9",,,"9",,"9",5.3,,,"8",,"8",,"8",,"8",,"8",,"8",,"8",,"8",,"8",,"8",,"8",,"8",,"8",,"8",,"8",,"8",,"8",,"8",Z,"09",,,"9",,"8"
"351180455",WIELU—,"2026","01","20",3.1,,-2.9,,-0.7,,-5.3,,,"9",,,"9",,"9",5.4,,,"8",,"8",,"8",,"8",,"8",,"8",,"8",,"8",,"8",,"8",,"8",,"8",,"8",,"8",,"8",,"8",,"8",,"8",Z,"12",,,"9",,"8"
"351180455",WIELU—,"2026","01","21",5.3,,-2.6,,-0.2,,-7.3,,,"9",,,"9",,"9",5.4,,,"8",,"8",,"8",,"8",,"8",,"8",,"8",,"8",,"8",,"8",,"8",,"8",,"8",,"8",,"8",,"8",,"8",,"8",Z,"17",,,"9",,"8"
"351180455",WIELU—,"2026","01","22",0.3,,-9.4,,-4.2,,-11.4,,,"9",,,"9",,"9",5.6,,,"8",,"8",,"8",,"8",,"8",,"8",,"8",,"8",,"8",,"8",,"8",,"8",,"8",,"8",,"8",,"8",,"8",,"8",Z,"20",,,"9",,"8"
"351180455",WIELU—,"2026","01","23",-3.9,,-9.2,,-6.2,,-8.7,,0.0,,S,,"9",,"9",,"9",,"8",,"8",,"8",,"8",,"8",,"8",,"8",,"8",,"8",,"8",,"8",,"8",,"8",,"8",,"8",,"8",,"8",,"8",Z,"24",,,"9",,"8"
"351180455",WIELU—,"2026","01","24",-3.1,,-4.7,,-3.6,,-4.5,,1.1,,S,0,,,"9",,"9",,"8",,"8",,"8",,"8",,"8",,"8",,"8",,"8",,"8",,"8",,"8",,"8",,"8",,"8",,"8",,"8",,"8",,"8",Z,"22",,,"9",,"8"
"351180455",WIELU—,"2026","01","25",0.7,,-4.0,,-1.1,,-3.9,,1.2,,W,1,,,"9",,"9",,"8",,"8",,"8",,"8",,"8",,"8",,"8",,"8",,"8",,"8",,"8",,"8",,"8",,"8",,"8",,"8",1,,,"8",Z,"23",,,"9",,"8"
"351180455",WIELU—,"2026","01","26",6.7,,0.7,,2.5,,-2.1,,0.2,,W,,"9",,"9",2.1,,,"8",,"8",,"8",,"8",,"8",,"8",,"8",,"8",,"8",,"8",,"8",,"8",,"8",,"8",,"8",,"8",,"8",,"8",R,"20",,"08",,,"8"
"351180455",WIELU—,"2026","01","27",2.5,,-0.1,,0.6,,-2.1,,0.1,,S,,"9",,"9",,"9",,"8",,"8",,"8",,"8",,"8",,"8",,"8",,"8",,"8",,"8",,"8",,"8",,"8",,"8",,"8",,"8",,"8",,"8",Z,"10",,,"9",,"8"
"351180455",WIELU—,"2026","01","28",0.4,,-1.3,,-0.7,,-1.8,,,"9",,0,,,"9",,"9",,"8",,"8",,"8",,"8",,"8",,"8",,"8",,"8",,"8",,"8",,"8",,"8",,"8",,"8",,"8",,"8",,"8",,"8",Z,"10",,,"9",,"8"
"351180455",WIELU—,"2026","01","29",0.1,,-2.7,,-1.0,,-2.4,,0.0,,S,,"9",,"9",,"9",,"8",,"8",,"8",,"8",,"8",,"8",,"8",,"8",,"8",,"8",,"8",,"8",,"8",,"8",,"8",,"8",,"8",,"8",Z,"01",,,"9",,"8"
"351180455",WIELU—,"2026","01","30",-1.6,,-3.4,,-2.8,,-3.2,,0.0,,S,0,,,"9",,"9",,"8",,"8",,"8",,"8",,"8",,"8",,"8",,"8",,"8",,"8",,"8",,"8",,"8",,"8",,"8",,"8",,"8",,"8",Z,"10",,,"9",,"8"
"351180455",WIELU—,"2026","01","31",-3.4,,-9.8,,-8.1,,-9.8,,0.0,,S,0,,,"9",5.6,,,"8",,"8",,"8",,"8",,"8",,"8",,"8",,"8",,"8",,"8",,"8",,"8",,"8",,"8",,"8",,"8",,"8",,"8",Z,"18",,,"9",,"8"
"351190465",£”Dè,"2026","01","01",1.8,,-2.5,,0.1,,-2.9,,1.1,,S,3,,,"9",,"9",0.3,,14.0,,1.4,,,"9",,"9",7.1,,,"9",0.3,,4.2,,,"9",,"9",,"9",,"9",,"9",,"9",,"9",1,,0,,Z,"10",,,"9",,"8"
"351190465",£”Dè,"2026","01","02",2.8,,-0.1,,1.0,,-0.3,,1.1,,S,4,,,"9",1.4,,,"9",13.3,,,"9",,"9",,"9",,"9",,"9",,"9",2.7,,,"9",,"9",,"9",,"9",,"9",,"9",,"9",1,,0,,Z,"01",,,"9",,"8"
"351190465",£”Dè,"2026","01","03",0.9,,-1.6,,-0.5,,-3.4,,0.1,,S,8,,1.0,,0.9,,,"9",8.0,,,"9",,"9",,"9",,"9",,"9",,"9",10.8,,4.0,,,"9",1.8,,,"9",,"9",,"9",,"9",1,,0,,Z,"01",,,"9",,"8"
"351190465",£”Dè,"2026","01","04",0.3,,-2.5,,-1.4,,-4.1,,0.1,,S,10,,1.5,,2.5,,,"9",8.4,,,"9",,"9",,"9",,"9",,"9",,"9",10.1,,3.6,,,"9",1.3,,,"9",,"9",,"9",,"9",1,,0,,Z,"01",,,"9",,"8"
"351190465",£”Dè,"2026","01","05",-0.4,,-10.9,,-4.7,,-17.1,,,"9",,10,,1.2,,4.9,,,"9",,"9",,"9",,"9",,"9",9.1,,,"9",,"9",,"9",,"9",,"9",,"9",,"9",,"9",,"9",6.0,,1,,0,,Z,"07",,,"9",,"8"
"351190465",£”Dè,"2026","01","06",-3.4,,-15.9,,-10.2,,-20.6,,,"9",,7,,1.1,,4.5,,,"9",,"9",,"9",,"9",,"9",24.0,,,"9",,"9",,"9",,"9",,"9",,"9",,"9",,"9",,"9",15.5,,1,,0,,Z,"15",,,"9",,"8"
"351190465",£”Dè,"2026","01","07",-5.0,,-13.0,,-7.1,,-15.9,,0.1,,S,7,,1.0,,,"9",,"9",,"9",,"9",,"9",,"9",21.5,,,"9",,"9",,"9",,"9",,"9",,"9",,"9",,"9",,"9",17.5,,1,,0,,Z,"18",,,"9",,"8"
"351190465",£”Dè,"2026","01","08",-6.0,,-9.9,,-7.8,,-11.3,,0.3,,S,7,,1.0,,0.1,,,"9",12.5,,,"9",,"9",,"9",24.0,,,"9",,"9",,"9",,"9",,"9",,"9",,"9",,"9",,"9",1.6,,1,,0,,Z,"19",,,"9",,"8"
"351190465",£”Dè,"2026","01","09",-8.0,,-12.0,,-9.8,,-15.2,,0.0,,S,7,,1.0,,,"9",,"9",10.6,,,"9",,"9",,"9",19.7,,,"9",,"9",,"9",,"9",,"9",,"9",,"9",,"9",,"9",,"9",1,,0,,Z,"20",,,"9",,"8"
"351190465",£”Dè,"2026","01","10",-6.5,,-17.5,,-10.3,,-20.4,,1.0,,S,7,,0.8,,4.4,,,"9",10.5,,,"9",,"9",,"9",,"9",,"9",,"9",0.5,,,"9",,"9",,"9",,"9",,"9",,"9",,"9",1,,0,,Z,"26",,,"9",,"8"
"351190465",£”Dè,"2026","01","11",-1.8,,-6.5,,-2.5,,-6.8,,1.0,,S,11,,1.2,,,"9",,"9",24.0,,,"9",,"9",,"9",4.3,,,"9",,"9",21.4,,2.6,,,"9",,"9",,"9",,"9",,"9",,"9",1,,0,,Z,"26",,,"9",,"8"
"351190465",£”Dè,"2026","01","12",-1.9,,-10.4,,-6.1,,-15.5,,0.0,,S,15,,1.2,,0.6,,,"9",10.4,,,"9",,"9",,"9",12.3,,,"9",,"9",7.8,,,"9",,"9",,"9",,"9",,"9",,"9",,"9",1,,0,,Z,"20",,,"9",,"8"
"351190465",£”Dè,"2026","01","13",-2.0,,-9.8,,-5.3,,-13.8,,0.0,,S,15,,1.3,,,"9",,"9",3.8,,,"9",,"9",0.3,,10.6,,0.3,,,"9",,"9",,"9",,"9",,"9",,"9",,"9",,"9",,"9",1,,0,,Z,"20",,,"9",,"8"
"351190465",£”Dè,"2026","01","14",2.7,,-8.7,,-1.4,,-13.5,,5.1,,W,15,,1.2,,,"9",14.8,,,"9",,"9",,"9",6.5,,17.5,,12.0,,9.3,,,"9",,"9",,"9",,"9",,"9",,"9",,"9",,"9",1,,0,,Z,"20",,,"9",,"8"
"351190465",£”Dè,"2026","01","15",3.7,,0.2,,1.8,,-1.4,,,"9",,11,,2.9,,3.1,,1.1,,,"9",,"9",,"9",,"9",9.8,,,"9",,"9",,"9",,"9",,"9",,"9",,"9",,"9",,"9",,"9",1,,0,,Z,"01",,,"9",,"8"
"351190465",£”Dè,"2026","01","16",2.1,,0.8,,1.2,,0.0,,,"9",,9,,2.5,,,"9",,"9",,"9",,"9",,"9",0.9,,23.1,,,"9",,"9",,"9",,"9",,"9",,"9",,"9",,"9",,"9",,"9",1,,0,,Z,"01",,,"9",,"8"
"351190465",£”Dè,"2026","01","17",1.1,,-2.3,,-1.5,,-3.9,,,"9",,8,,1.7,,6.1,,,"9",,"9",,"9",,"9",2.6,,9.1,,,"9",,"9",,"9",,"9",,"9",,"9",,"9",,"9",,"9",,"9",1,,0,,Z,"01",,,"9",,"8"
"351190465",£”Dè,"2026","01","18",-2.2,,-10.9,,-7.6,,-11.4,,,"9",,6,,2.6,,7.4,,,"9",,"9",,"9",,"9",,"9",6.5,,,"9",,"9",,"9",,"9",,"9",,"9",,"9",,"9",,"9",5.0,,1,,0,,Z,"01",,,"9",,"8"
"351190465",£”Dè,"2026","01","19",-1.6,,-11.7,,-7.3,,-13.0,,,"9",,6,,2.6,,7.3,,,"9",,"9",,"9",,"9",,"9",20.7,,,"9",,"9",,"9",,"9",3.3,,,"9",,"9",,"9",,"9",17.0,,1,,0,,Z,"17",,,"9",,"8"
"351190465",£”Dè,"2026","01","20",2.0,,-10.9,,-4.6,,-13.8,,,"9",,6,,2.8,,7.5,,,"9",,"9",,"9",,"9",,"9",16.7,,,"9",,"9",,"9",,"9",0.8,,,"9",,"9",,"9",,"9",15.3,,1,,0,,Z,"20",,,"9",,"8"
"351190465",£”Dè,"2026","01","21",4.7,,-12.2,,-4.7,,-15.1,,,"9",,4,,,"9",7.5,,,"9",,"9",,"9",,"9",,"9",16.2,,,"9",,"9",,"9",,"9",,"9",,"9",,"9",,"9",,"9",14.3,,1,,0,,Z,"35",,,"9",,"8"
"351190465",£”Dè,"2026","01","22",0.2,,-13.7,,-7.9,,-15.9,,0.0,,S,4,,,"9",7.3,,,"9",3.2,,,"9",,"9",,"9",14.9,,,"9",,"9",1.5,,,"9",8.0,,,"9",,"9",,"9",,"9",9.7,,1,,0,,Z,"41",,,"9",,"8"
"351190465",£”Dè,"2026","01","23",-5.3,,-11.5,,-6.9,,-12.1,,0.0,,S,4,,,"9",,"9",,"9",17.1,,,"9",,"9",,"9",24.0,,,"9",,"9",8.0,,,"9",,"9",,"9",,"9",,"9",,"9",,"9",1,,0,,Z,"44",,,"9",,"8"
"351190465",£”Dè,"2026","01","24",-3.7,,-5.6,,-4.8,,-5.7,,0.3,,S,4,,,"9",,"9",,"9",0.8,,,"9",,"9",,"9",24.0,,,"9",,"9",,"9",,"9",,"9",,"9",,"9",,"9",,"9",,"9",1,,0,,Z,"45",,,"9",,"8"
"351190465",£”Dè,"2026","01","25",-2.0,,-4.8,,-3.2,,-5.1,,0.1,,S,4,,,"9",,"9",7.6,,3.4,,,"9",,"9",,"9",24.0,,,"9",17.2,,,"9",,"9",,"9",,"9",,"9",,"9",,"9",,"9",1,,0,,Z,"46",,,"9",,"8"
"351190465",£”Dè,"2026","01","26",3.0,,-2.6,,0.4,,-2.8,,0.3,,W,4,,,"9",,"9",4.7,,,"9",,"9",,"9",3.8,,20.3,,1.2,,11.0,,,"9",,"9",,"9",,"9",,"9",,"9",,"9",3.3,,1,,0,,Z,"45",,,"9",,"8"
"351190465",£”Dè,"2026","01","27",2.0,,-3.1,,-0.3,,-4.8,,0.9,,S,4,,,"9",,"9",,"9",9.2,,,"9",,"9",1.2,,22.8,,7.0,,,"9",,"9",,"9",,"9",,"9",,"9",,"9",,"9",,"9",1,,0,,Z,"38",,,"9",,"8"
"351190465",£”Dè,"2026","01","28",0.8,,-1.5,,-0.6,,-1.9,,0.0,,S,6,,2.0,,1.3,,1.5,,4.6,,,"9",,"9",,"9",18.0,,,"9",10.3,,,"9",,"9",,"9",,"9",,"9",,"9",,"9",,"9",1,,0,,Z,"32",,,"9",,"8"
"351190465",£”Dè,"2026","01","29",-0.7,,-4.0,,-2.3,,-4.1,,0.0,,S,6,,2.5,,,"9",,"9",2.3,,,"9",,"9",,"9",24.0,,,"9",,"9",,"9",,"9",,"9",,"9",,"9",,"9",,"9",,"9",1,,0,,Z,"30",,,"9",,"8"
"351190465",£”Dè,"2026","01","30",-3.4,,-4.7,,-4.1,,-4.8,,0.0,,S,6,,2.6,,,"9",3.0,,0.5,,,"9",,"9",,"9",22.8,,,"9",3.0,,,"9",,"9",,"9",,"9",,"9",,"9",,"9",,"9",1,,0,,Z,"37",,,"9",,"8"
"351190465",£”Dè,"2026","01","31",-4.6,,-12.5,,-10.4,,-13.0,,0.0,,S,6,,2.4,,7.9,,,"9",4.6,,,"9",,"9",,"9",,"9",,"9",,"9",,"9",,"9",,"9",,"9",,"9",,"9",,"9",,"9",1,,0,,Z,"43",,,"9",,"8"
"351190469",SULEJ”W,"2026","01","01",1.4,,-2.9,,-0.3,,-3.3,,0.2,,S,3,,,"9",,"9",,"8",,"8",,"8",,"8",,"8",,"8",,"8",,"8",,"8",,"8",,"8",,"8",,"8",,"8",,"8",,"8",1,,,"8",Z,"15",,,"9",,"8"
"351190469",SULEJ”W,"2026","01","02",1.9,,-0.3,,0.6,,-0.5,,0.2,,S,4,,,"9",0.1,,,"8",,"8",,"8",,"8",,"8",,"8",,"8",,"8",,"8",,"8",,"8",,"8",,"8",,"8",,"8",,"8",1,,,"8",Z,"13",,,"9",,"8"
"351190469",SULEJ”W,"2026","01","03",1.0,,-1.5,,-0.3,,-1.9,,0.0,,S,7,,1.0,,1.0,,,"8",,"8",,"8",,"8",,"8",,"8",,"8",,"8",,"8",,"8",,"8",,"8",,"8",,"8",,"8",,"8",1,,,"8",Z,"13",,,"9",,"8"
"351190469",SULEJ”W,"2026","01","04",0.5,,-3.7,,-1.6,,-4.4,,0.3,,S,7,,1.3,,1.3,,,"8",,"8",,"8",,"8",,"8",,"8",,"8",,"8",,"8",,"8",,"8",,"8",,"8",,"8",,"8",,"8",1,,,"8",Z,"15",,,"9",,"8"
"351190469",SULEJ”W,"2026","01","05",-1.0,,-7.8,,-4.7,,-11.6,,,"9",,7,,1.1,,5.3,,,"8",,"8",,"8",,"8",,"8",,"8",,"8",,"8",,"8",,"8",,"8",,"8",,"8",,"8",,"8",,"8",1,,,"8",Z,"16",,,"9",,"8"
"351190469",SULEJ”W,"2026","01","06",-4.0,,-13.6,,-8.6,,-15.6,,,"9",,6,,1.2,,4.2,,,"8",,"8",,"8",,"8",,"8",,"8",,"8",,"8",,"8",,"8",,"8",,"8",,"8",,"8",,"8",,"8",1,,,"8",Z,"19",,,"9",,"8"
"351190469",SULEJ”W,"2026","01","07",-5.1,,-9.3,,-7.0,,-11.5,,0.3,,S,6,,1.3,,,"9",,"8",,"8",,"8",,"8",,"8",,"8",,"8",,"8",,"8",,"8",,"8",,"8",,"8",,"8",,"8",,"8",1,,,"8",Z,"22",,,"9",,"8"
"351190469",SULEJ”W,"2026","01","08",-4.7,,-8.4,,-7.3,,-10.2,,0.2,,S,6,,1.3,,,"9",,"8",,"8",,"8",,"8",,"8",,"8",,"8",,"8",,"8",,"8",,"8",,"8",,"8",,"8",,"8",,"8",1,,,"8",Z,"24",,,"9",,"8"
"351190469",SULEJ”W,"2026","01","09",-7.9,,-13.3,,-9.8,,-16.2,,0.0,,S,7,,1.1,,1.4,,,"8",,"8",,"8",,"8",,"8",,"8",,"8",,"8",,"8",,"8",,"8",,"8",,"8",,"8",,"8",,"8",1,,,"8",Z,"24",,,"9",,"8"
"351190469",SULEJ”W,"2026","01","10",-6.9,,-16.6,,-10.6,,-20.9,,0.1,,S,7,,1.1,,5.6,,,"8",,"8",,"8",,"8",,"8",,"8",,"8",,"8",,"8",,"8",,"8",,"8",,"8",,"8",,"8",,"8",1,,,"8",Z,"31",,,"9",,"8"
"351190469",SULEJ”W,"2026","01","11",-2.1,,-6.9,,-3.0,,-7.0,,0.8,,S,9,,1.0,,,"9",,"8",,"8",,"8",,"8",,"8",,"8",,"8",,"8",,"8",,"8",,"8",,"8",,"8",,"8",,"8",,"8",1,,,"8",Z,"29",,,"9",,"8"
"351190469",SULEJ”W,"2026","01","12",-2.1,,-5.8,,-5.1,,-7.7,,0.0,,S,13,,1.5,,0.9,,,"8",,"8",,"8",,"8",,"8",,"8",,"8",,"8",,"8",,"8",,"8",,"8",,"8",,"8",,"8",,"8",1,,,"8",Z,"23",,,"9",,"8"
"351190469",SULEJ”W,"2026","01","13",-2.8,,-9.2,,-6.3,,-12.4,,0.2,,S,12,,1.6,,,"9",,"8",,"8",,"8",,"8",,"8",,"8",,"8",,"8",,"8",,"8",,"8",,"8",,"8",,"8",,"8",,"8",1,,,"8",Z,"25",,,"9",,"8"
"351190469",SULEJ”W,"2026","01","14",0.9,,-9.8,,-1.8,,-13.6,,1.3,,W,12,,1.7,,,"9",,"8",,"8",,"8",,"8",,"8",,"8",,"8",,"8",,"8",,"8",,"8",,"8",,"8",,"8",,"8",,"8",1,,,"8",Z,"25",,,"9",,"8"
"351190469",SULEJ”W,"2026","01","15",2.9,,0.6,,1.7,,-0.2,,,"9",,8,,2.5,,2.8,,,"8",,"8",,"8",,"8",,"8",,"8",,"8",,"8",,"8",,"8",,"8",,"8",,"8",,"8",,"8",,"8",1,,,"8",Z,"20",,"08",,,"8"
"351190469",SULEJ”W,"2026","01","16",2.1,,0.5,,1.1,,0.4,,,"9",,6,,2.7,,,"9",,"8",,"8",,"8",,"8",,"8",,"8",,"8",,"8",,"8",,"8",,"8",,"8",,"8",,"8",,"8",,"8",1,,,"8",Z,,"9",,"9",,"8"
"351190469",SULEJ”W,"2026","01","17",3.3,,-2.4,,-1.0,,-3.9,,,"9",,4,,,"9",7.3,,,"8",,"8",,"8",,"8",,"8",,"8",,"8",,"8",,"8",,"8",,"8",,"8",,"8",,"8",,"8",,"8",1,,,"8",Z,"01",,,"9",,"8"
"351190469",SULEJ”W,"2026","01","18",-2.4,,-11.2,,-8.0,,-11.5,,,"9",,3,,,"9",7.5,,,"8",,"8",,"8",,"8",,"8",,"8",,"8",,"8",,"8",,"8",,"8",,"8",,"8",,"8",,"8",,"8",1,,,"8",Z,"16",,,"9",,"8"
"351190469",SULEJ”W,"2026","01","19",-0.5,,-13.3,,-8.0,,-14.3,,,"9",,3,,,"9",7.5,,,"8",,"8",,"8",,"8",,"8",,"8",,"8",,"8",,"8",,"8",,"8",,"8",,"8",,"8",,"8",,"8",1,,,"8",Z,"42",,,"9",,"8"
"351190469",SULEJ”W,"2026","01","20",1.9,,-10.3,,-5.6,,-10.7,,,"9",,3,,,"9",7.6,,,"8",,"8",,"8",,"8",,"8",,"8",,"8",,"8",,"8",,"8",,"8",,"8",,"8",,"8",,"8",,"8",1,,,"8",Z,"45",,,"9",,"8"
"351190469",SULEJ”W,"2026","01","21",1.5,,-10.0,,-5.2,,-10.3,,,"9",,3,,,"9",7.6,,,"8",,"8",,"8",,"8",,"8",,"8",,"8",,"8",,"8",,"8",,"8",,"8",,"8",,"8",,"8",,"8",1,,,"8",Z,"47",,,"9",,"8"
"351190469",SULEJ”W,"2026","01","22",-1.7,,-13.6,,-9.0,,-14.4,,0.0,,S,3,,,"9",6.6,,,"8",,"8",,"8",,"8",,"8",,"8",,"8",,"8",,"8",,"8",,"8",,"8",,"8",,"8",,"8",,"8",1,,,"8",Z,"50",,,"9",,"8"
"351190469",SULEJ”W,"2026","01","23",-5.3,,-12.2,,-6.8,,-12.3,,0.4,,S,3,,,"9",,"9",,"8",,"8",,"8",,"8",,"8",,"8",,"8",,"8",,"8",,"8",,"8",,"8",,"8",,"8",,"8",,"8",1,,,"8",Z,"66",,,"9",,"8"
"351190469",SULEJ”W,"2026","01","24",-3.2,,-5.7,,-4.6,,-5.6,,0.8,,S,4,,,"9",,"9",,"8",,"8",,"8",,"8",,"8",,"8",,"8",,"8",,"8",,"8",,"8",,"8",,"8",,"8",,"8",,"8",1,,,"8",Z,"65",,,"9",,"8"
"351190469",SULEJ”W,"2026","01","25",-1.3,,-4.7,,-2.4,,-4.7,,0.0,,S,5,,2.2,,,"9",,"8",,"8",,"8",,"8",,"8",,"8",,"8",,"8",,"8",,"8",,"8",,"8",,"8",,"8",,"8",,"8",1,,,"8",Z,"63",,,"9",,"8"
"351190469",SULEJ”W,"2026","01","26",4.9,,-1.4,,1.2,,-1.5,,0.3,,W,4,,,"9",0.5,,,"8",,"8",,"8",,"8",,"8",,"8",,"8",,"8",,"8",,"8",,"8",,"8",,"8",,"8",,"8",,"8",1,,,"8",Z,"60",,,"9",,"8"
"351190469",SULEJ”W,"2026","01","27",2.2,,-2.9,,-0.7,,-4.7,,2.2,,S,3,,,"9",,"9",,"8",,"8",,"8",,"8",,"8",,"8",,"8",,"8",,"8",,"8",,"8",,"8",,"8",,"8",,"8",,"8",1,,,"8",Z,"56",,,"9",,"8"
"351190469",SULEJ”W,"2026","01","28",0.2,,-2.1,,-0.8,,-2.1,,,"9",,5,,2.6,,,"9",,"8",,"8",,"8",,"8",,"8",,"8",,"8",,"8",,"8",,"8",,"8",,"8",,"8",,"8",,"8",,"8",1,,,"8",Z,"53",,,"9",,"8"
"351190469",SULEJ”W,"2026","01","29",-0.3,,-2.8,,-1.4,,-2.8,,0.0,,S,4,,,"9",,"9",,"8",,"8",,"8",,"8",,"8",,"8",,"8",,"8",,"8",,"8",,"8",,"8",,"8",,"8",,"8",,"8",1,,,"8",Z,"50",,,"9",,"8"
"351190469",SULEJ”W,"2026","01","30",-2.7,,-4.8,,-3.9,,-4.8,,0.0,,S,4,,,"9",,"9",,"8",,"8",,"8",,"8",,"8",,"8",,"8",,"8",,"8",,"8",,"8",,"8",,"8",,"8",,"8",,"8",1,,,"8",Z,"50",,,"9",,"8"
"351190469",SULEJ”W,"2026","01","31",-4.8,,-12.2,,-10.6,,-12.2,,0.0,,S,4,,,"9",7.5,,,"8",,"8",,"8",,"8",,"8",,"8",,"8",,"8",,"8",,"8",,"8",,"8",,"8",,"8",,"8",,"8",1,,,"8",Z,"50",,,"9",,"8"
"351210488",KOZIENICE,"2026","01","01",1.6,,-3.4,,-0.8,,-4.3,,0.2,,S,7,,1.6,,0.3,,,"8",,"8",,"8",,"8",,"8",,"8",,"8",,"8",,"8",,"8",,"8",,"8",,"8",,"8",,"8",,"8",1,,,"8",Z,"01",,,"9",,"8"
"351210488",KOZIENICE,"2026","01","02",2.6,,0.1,,1.6,,-0.1,,0.3,,S,6,,1.3,,0.3,,,"8",,"8",,"8",,"8",,"8",,"8",,"8",,"8",,"8",,"8",,"8",,"8",,"8",,"8",,"8",,"8",1,,,"8",R,,"9",,"9",,"8"
"351210488",KOZIENICE,"2026","01","03",2.2,,-1.0,,0.2,,-3.6,,0.2,,S,6,,2.2,,0.6,,,"8",,"8",,"8",,"8",,"8",,"8",,"8",,"8",,"8",,"8",,"8",,"8",,"8",,"8",,"8",,"8",1,,,"8",Z,"01",,,"9",,"8"
"351210488",KOZIENICE,"2026","01","04",1.2,,-3.4,,-1.3,,-7.1,,0.0,,S,5,,1.8,,4.3,,,"8",,"8",,"8",,"8",,"8",,"8",,"8",,"8",,"8",,"8",,"8",,"8",,"8",,"8",,"8",,"8",1,,,"8",Z,"01",,,"9",,"8"
"351210488",KOZIENICE,"2026","01","05",0.1,,-6.2,,-4.1,,-12.1,,,"9",,5,,2.0,,5.6,,,"8",,"8",,"8",,"8",,"8",,"8",,"8",,"8",,"8",,"8",,"8",,"8",,"8",,"8",,"8",,"8",1,,,"8",Z,"06",,,"9",,"8"
"351210488",KOZIENICE,"2026","01","06",-2.6,,-9.5,,-5.3,,-13.9,,,"9",,5,,2.0,,0.9,,,"8",,"8",,"8",,"8",,"8",,"8",,"8",,"8",,"8",,"8",,"8",,"8",,"8",,"8",,"8",,"8",1,,,"8",Z,"06",,,"9",,"8"
"351210488",KOZIENICE,"2026","01","07",-4.9,,-9.4,,-7.2,,-13.7,,0.6,,S,5,,2.0,,0.1,,,"8",,"8",,"8",,"8",,"8",,"8",,"8",,"8",,"8",,"8",,"8",,"8",,"8",,"8",,"8",,"8",1,,,"8",Z,"09",,,"9",,"8"
"351210488",KOZIENICE,"2026","01","08",-5.2,,-8.4,,-7.3,,-8.9,,0.7,,S,6,,1.5,,,"9",,"8",,"8",,"8",,"8",,"8",,"8",,"8",,"8",,"8",,"8",,"8",,"8",,"8",,"8",,"8",,"8",1,,,"8",Z,"12",,,"9",,"8"
"351210488",KOZIENICE,"2026","01","09",-7.2,,-9.9,,-8.9,,-10.5,,0.0,,S,6,,1.7,,0.1,,,"8",,"8",,"8",,"8",,"8",,"8",,"8",,"8",,"8",,"8",,"8",,"8",,"8",,"8",,"8",,"8",1,,,"8",Z,"11",,,"9",,"8"
"351210488",KOZIENICE,"2026","01","10",-7.7,,-15.0,,-10.8,,-19.4,,2.9,,S,6,,2.3,,1.7,,,"8",,"8",,"8",,"8",,"8",,"8",,"8",,"8",,"8",,"8",,"8",,"8",,"8",,"8",,"8",,"8",1,,,"8",Z,"16",,,"9",,"8"
"351210488",KOZIENICE,"2026","01","11",-3.1,,-7.7,,-4.4,,-8.1,,5.1,,S,14,,1.4,,,"9",,"8",,"8",,"8",,"8",,"8",,"8",,"8",,"8",,"8",,"8",,"8",,"8",,"8",,"8",,"8",,"8",1,,,"8",Z,"12",,,"9",,"8"
"351210488",KOZIENICE,"2026","01","12",-3.4,,-6.3,,-4.6,,-8.4,,0.0,,S,23,,1.2,,2.1,,,"8",,"8",,"8",,"8",,"8",,"8",,"8",,"8",,"8",,"8",,"8",,"8",,"8",,"8",,"8",,"8",1,,,"8",Z,"01",,,"9",,"8"
"351210488",KOZIENICE,"2026","01","13",-4.1,,-13.3,,-8.8,,-19.0,,,"9",,19,,1.3,,1.7,,,"8",,"8",,"8",,"8",,"8",,"8",,"8",,"8",,"8",,"8",,"8",,"8",,"8",,"8",,"8",,"8",1,,,"8",Z,"01",,,"9",,"8"
"351210488",KOZIENICE,"2026","01","14",-1.1,,-17.1,,-5.8,,-21.4,,7.4,,S,18,,1.1,,,"9",,"8",,"8",,"8",,"8",,"8",,"8",,"8",,"8",,"8",,"8",,"8",,"8",,"8",,"8",,"8",,"8",1,,,"8",Z,"05",,,"9",,"8"
"351210488",KOZIENICE,"2026","01","15",1.7,,-1.1,,0.5,,-0.8,,0.0,,W,11,,3.3,,,"9",,"8",,"8",,"8",,"8",,"8",,"8",,"8",,"8",,"8",,"8",,"8",,"8",,"8",,"8",,"8",,"8",1,,,"8",R,,"9",,"9",,"8"
"351210488",KOZIENICE,"2026","01","16",-0.8,,-7.9,,-4.9,,-8.9,,,"9",,10,,2.9,,,"9",,"8",,"8",,"8",,"8",,"8",,"8",,"8",,"8",,"8",,"8",,"8",,"8",,"8",,"8",,"8",,"8",1,,,"8",Z,"01",,,"9",,"8"
"351210488",KOZIENICE,"2026","01","17",-2.6,,-15.0,,-8.8,,-18.0,,,"9",,10,,2.6,,7.6,,,"8",,"8",,"8",,"8",,"8",,"8",,"8",,"8",,"8",,"8",,"8",,"8",,"8",,"8",,"8",,"8",1,,,"8",Z,"01",,,"9",,"8"
"351210488",KOZIENICE,"2026","01","18",-6.3,,-16.1,,-11.8,,-17.7,,,"9",,10,,2.2,,7.6,,,"8",,"8",,"8",,"8",,"8",,"8",,"8",,"8",,"8",,"8",,"8",,"8",,"8",,"8",,"8",,"8",1,,,"8",Z,"07",,,"9",,"8"
"351210488",KOZIENICE,"2026","01","19",-5.5,,-19.1,,-13.2,,-22.8,,,"9",,10,,2.2,,7.6,,,"8",,"8",,"8",,"8",,"8",,"8",,"8",,"8",,"8",,"8",,"8",,"8",,"8",,"8",,"8",,"8",1,,,"8",Z,"13",,,"9",,"8"
"351210488",KOZIENICE,"2026","01","20",-1.6,,-19.7,,-12.6,,-22.3,,,"9",,10,,2.2,,7.6,,,"8",,"8",,"8",,"8",,"8",,"8",,"8",,"8",,"8",,"8",,"8",,"8",,"8",,"8",,"8",,"8",1,,,"8",Z,"18",,,"9",,"8"
"351210488",KOZIENICE,"2026","01","21",0.9,,-18.1,,-10.8,,-21.8,,,"9",,10,,2.2,,7.9,,,"8",,"8",,"8",,"8",,"8",,"8",,"8",,"8",,"8",,"8",,"8",,"8",,"8",,"8",,"8",,"8",1,,,"8",Z,"20",,,"9",,"8"
"351210488",KOZIENICE,"2026","01","22",-7.0,,-18.6,,-12.7,,-22.3,,0.0,,W,10,,2.2,,6.5,,,"8",,"8",,"8",,"8",,"8",,"8",,"8",,"8",,"8",,"8",,"8",,"8",,"8",,"8",,"8",,"8",1,,,"8",Z,"25",,,"9",,"8"
"351210488",KOZIENICE,"2026","01","23",-4.0,,-11.1,,-6.2,,-11.1,,0.6,,S,10,,2.2,,,"9",,"8",,"8",,"8",,"8",,"8",,"8",,"8",,"8",,"8",,"8",,"8",,"8",,"8",,"8",,"8",,"8",1,,,"8",Z,"24",,,"9",,"8"
"351210488",KOZIENICE,"2026","01","24",-4.0,,-6.7,,-5.3,,-6.7,,0.0,,S,12,,2.3,,,"9",,"8",,"8",,"8",,"8",,"8",,"8",,"8",,"8",,"8",,"8",,"8",,"8",,"8",,"8",,"8",,"8",1,,,"8",Z,"18",,,"9",,"8"
"351210488",KOZIENICE,"2026","01","25",-3.2,,-5.2,,-4.3,,-5.1,,0.3,,S,12,,2.3,,,"9",,"8",,"8",,"8",,"8",,"8",,"8",,"8",,"8",,"8",,"8",,"8",,"8",,"8",,"8",,"8",,"8",1,,,"8",Z,"15",,,"9",,"8"
"351210488",KOZIENICE,"2026","01","26",2.9,,-3.5,,0.1,,-3.9,,0.4,,W,13,,2.0,,,"9",,"8",,"8",,"8",,"8",,"8",,"8",,"8",,"8",,"8",,"8",,"8",,"8",,"8",,"8",,"8",,"8",1,,,"8",Z,"10",,,"9",,"8"
"351210488",KOZIENICE,"2026","01","27",4.7,,0.0,,1.3,,-0.7,,1.3,,S,11,,2.7,,5.1,,,"8",,"8",,"8",,"8",,"8",,"8",,"8",,"8",,"8",,"8",,"8",,"8",,"8",,"8",,"8",,"8",1,,,"8",R,,"9",,"9",,"8"
"351210488",KOZIENICE,"2026","01","28",0.7,,-1.5,,0.1,,-4.4,,0.3,,S,12,,3.1,,,"9",,"8",,"8",,"8",,"8",,"8",,"8",,"8",,"8",,"8",,"8",,"8",,"8",,"8",,"8",,"8",,"8",1,,,"8",Z,"01",,,"9",,"8"
"351210488",KOZIENICE,"2026","01","29",0.3,,-2.6,,-1.2,,-2.7,,0.0,,W,11,,2.7,,,"9",,"8",,"8",,"8",,"8",,"8",,"8",,"8",,"8",,"8",,"8",,"8",,"8",,"8",,"8",,"8",,"8",1,,,"8",Z,"01",,,"9",,"8"
"351210488",KOZIENICE,"2026","01","30",-2.3,,-6.6,,-4.7,,-6.7,,0.0,,S,11,,2.7,,,"9",,"8",,"8",,"8",,"8",,"8",,"8",,"8",,"8",,"8",,"8",,"8",,"8",,"8",,"8",,"8",,"8",1,,,"8",Z,"01",,,"9",,"8"
"351210488",KOZIENICE,"2026","01","31",-6.6,,-13.2,,-11.7,,-14.5,,0.0,,S,11,,2.7,,7.3,,,"8",,"8",,"8",,"8",,"8",,"8",,"8",,"8",,"8",,"8",,"8",,"8",,"8",,"8",,"8",,"8",1,,,"8",Z,"15",,,"9",,"8"
"351220495",LUBLIN-RADAWIEC,"2026","01","01",-1.2,,-4.4,,-2.4,,-4.6,,0.6,,S,7,,1.5,,,"9",,"8",,"8",,"8",,"8",,"8",,"8",,"8",,"8",,"8",,"8",,"8",,"8",,"8",,"8",,"8",,"8",1,,,"8",Z,"01",,,"9",,"8"
"351220495",LUBLIN-RADAWIEC,"2026","01","02",1.1,,-1.3,,0.1,,-1.8,,1.5,,S,10,,1.1,,,"9",,"8",,"8",,"8",,"8",,"8",,"8",,"8",,"8",,"8",,"8",,"8",,"8",,"8",,"8",,"8",,"8",1,,,"8",Z,"01",,,"9",,"8"
"351220495",LUBLIN-RADAWIEC,"2026","01","03",0.6,,-2.7,,-1.2,,-4.7,,0.7,,S,14,,1.2,,1.9,,,"8",,"8",,"8",,"8",,"8",,"8",,"8",,"8",,"8",,"8",,"8",,"8",,"8",,"8",,"8",,"8",1,,,"8",Z,"01",,,"9",,"8"
"351220495",LUBLIN-RADAWIEC,"2026","01","04",-0.1,,-4.5,,-2.3,,-6.8,,0.0,,S,14,,1.1,,4.9,,,"8",,"8",,"8",,"8",,"8",,"8",,"8",,"8",,"8",,"8",,"8",,"8",,"8",,"8",,"8",,"8",1,,,"8",Z,"01",,,"9",,"8"
"351220495",LUBLIN-RADAWIEC,"2026","01","05",-1.7,,-7.9,,-4.7,,-12.5,,0.0,,S,13,,1.3,,5.1,,,"8",,"8",,"8",,"8",,"8",,"8",,"8",,"8",,"8",,"8",,"8",,"8",,"8",,"8",,"8",,"8",1,,,"8",Z,"01",,,"9",,"8"
"351220495",LUBLIN-RADAWIEC,"2026","01","06",-3.3,,-5.2,,-4.1,,-5.5,,0.8,,S,11,,1.4,,,"9",,"8",,"8",,"8",,"8",,"8",,"8",,"8",,"8",,"8",,"8",,"8",,"8",,"8",,"8",,"8",,"8",1,,,"8",Z,"01",,,"9",,"8"
"351220495",LUBLIN-RADAWIEC,"2026","01","07",-4.8,,-7.2,,-6.0,,-9.1,,0.7,,S,12,,1.1,,,"9",,"8",,"8",,"8",,"8",,"8",,"8",,"8",,"8",,"8",,"8",,"8",,"8",,"8",,"8",,"8",,"8",1,,,"8",Z,"01",,,"9",,"8"
"351220495",LUBLIN-RADAWIEC,"2026","01","08",-5.3,,-7.5,,-6.5,,-7.7,,1.7,,S,18,,1.0,,,"9",,"8",,"8",,"8",,"8",,"8",,"8",,"8",,"8",,"8",,"8",,"8",,"8",,"8",,"8",,"8",,"8",1,,,"8",Z,"01",,,"9",,"8"
"351220495",LUBLIN-RADAWIEC,"2026","01","09",-7.5,,-10.0,,-9.3,,-10.1,,0.0,,S,19,,1.4,,,"9",,"8",,"8",,"8",,"8",,"8",,"8",,"8",,"8",,"8",,"8",,"8",,"8",,"8",,"8",,"8",,"8",1,,,"8",Z,"01",,,"9",,"8"
"351220495",LUBLIN-RADAWIEC,"2026","01","10",-9.5,,-15.8,,-12.1,,-17.3,,1.0,,S,19,,1.5,,0.2,,,"8",,"8",,"8",,"8",,"8",,"8",,"8",,"8",,"8",,"8",,"8",,"8",,"8",,"8",,"8",,"8",1,,,"8",Z,"01",,,"9",,"8"
"351220495",LUBLIN-RADAWIEC,"2026","01","11",-4.8,,-10.1,,-5.9,,-10.5,,0.4,,S,23,,1.3,,,"9",,"8",,"8",,"8",,"8",,"8",,"8",,"8",,"8",,"8",,"8",,"8",,"8",,"8",,"8",,"8",,"8",1,,,"8",Z,"01",,,"9",,"8"
"351220495",LUBLIN-RADAWIEC,"2026","01","12",-4.7,,-9.3,,-6.8,,-11.8,,0.0,,S,24,,1.5,,3.6,,,"8",,"8",,"8",,"8",,"8",,"8",,"8",,"8",,"8",,"8",,"8",,"8",,"8",,"8",,"8",,"8",1,,,"8",Z,"01",,,"9",,"8"
"351220495",LUBLIN-RADAWIEC,"2026","01","13",-5.2,,-13.4,,-8.7,,-20.4,,,"9",,23,,1.6,,0.4,,,"8",,"8",,"8",,"8",,"8",,"8",,"8",,"8",,"8",,"8",,"8",,"8",,"8",,"8",,"8",,"8",1,,,"8",Z,"01",,,"9",,"8"
"351220495",LUBLIN-RADAWIEC,"2026","01","14",-4.5,,-15.1,,-5.9,,-21.9,,7.2,,S,22,,1.6,,,"9",,"8",,"8",,"8",,"8",,"8",,"8",,"8",,"8",,"8",,"8",,"8",,"8",,"8",,"8",,"8",,"8",1,,,"8",Z,"01",,,"9",,"8"
"351220495",LUBLIN-RADAWIEC,"2026","01","15",0.9,,-4.5,,-0.8,,-4.2,,0.0,,S,23,,1.7,,0.1,,,"8",,"8",,"8",,"8",,"8",,"8",,"8",,"8",,"8",,"8",,"8",,"8",,"8",,"8",,"8",,"8",1,,,"8",Z,"01",,,"9",,"8"
"351220495",LUBLIN-RADAWIEC,"2026","01","16",-1.7,,-10.7,,-7.3,,-11.4,,,"9",,20,,1.9,,4.4,,,"8",,"8",,"8",,"8",,"8",,"8",,"8",,"8",,"8",,"8",,"8",,"8",,"8",,"8",,"8",,"8",1,,,"8",Z,"01",,,"9",,"8"
"351220495",LUBLIN-RADAWIEC,"2026","01","17",-2.7,,-11.6,,-9.1,,-13.4,,,"9",,20,,2.2,,7.4,,,"8",,"8",,"8",,"8",,"8",,"8",,"8",,"8",,"8",,"8",,"8",,"8",,"8",,"8",,"8",,"8",1,,,"8",Z,"01",,,"9",,"8"
"351220495",LUBLIN-RADAWIEC,"2026","01","18",-5.8,,-16.3,,-12.1,,-16.8,,,"9",,19,,2.0,,7.3,,,"8",,"8",,"8",,"8",,"8",,"8",,"8",,"8",,"8",,"8",,"8",,"8",,"8",,"8",,"8",,"8",1,,,"8",Z,"01",,,"9",,"8"
"351220495",LUBLIN-RADAWIEC,"2026","01","19",-3.9,,-16.0,,-11.0,,-18.2,,,"9",,19,,2.1,,7.4,,,"8",,"8",,"8",,"8",,"8",,"8",,"8",,"8",,"8",,"8",,"8",,"8",,"8",,"8",,"8",,"8",1,,,"8",Z,"01",,,"9",,"8"
"351220495",LUBLIN-RADAWIEC,"2026","01","20",-1.3,,-13.2,,-8.1,,-20.6,,,"9",,19,,2.1,,7.5,,,"8",,"8",,"8",,"8",,"8",,"8",,"8",,"8",,"8",,"8",,"8",,"8",,"8",,"8",,"8",,"8",1,,,"8",Z,"01",,,"9",,"8"
"351220495",LUBLIN-RADAWIEC,"2026","01","21",1.8,,-9.9,,-6.0,,-18.7,,,"9",,19,,2.1,,7.5,,,"8",,"8",,"8",,"8",,"8",,"8",,"8",,"8",,"8",,"8",,"8",,"8",,"8",,"8",,"8",,"8",1,,,"8",Z,"01",,,"9",,"8"
"351220495",LUBLIN-RADAWIEC,"2026","01","22",-5.2,,-13.8,,-11.5,,-20.2,,0.0,,S,19,,2.4,,,"9",,"8",,"8",,"8",,"8",,"8",,"8",,"8",,"8",,"8",,"8",,"8",,"8",,"8",,"8",,"8",,"8",1,,,"8",Z,"01",,,"9",,"8"
"351220495",LUBLIN-RADAWIEC,"2026","01","23",-4.0,,-10.9,,-6.1,,-10.8,,0.4,,S,19,,2.4,,,"9",,"8",,"8",,"8",,"8",,"8",,"8",,"8",,"8",,"8",,"8",,"8",,"8",,"8",,"8",,"8",,"8",1,,,"8",Z,"01",,,"9",,"8"
"351220495",LUBLIN-RADAWIEC,"2026","01","24",-4.1,,-6.8,,-5.3,,-6.7,,0.0,,S,20,,2.1,,,"9",,"8",,"8",,"8",,"8",,"8",,"8",,"8",,"8",,"8",,"8",,"8",,"8",,"8",,"8",,"8",,"8",1,,,"8",Z,"01",,,"9",,"8"
"351220495",LUBLIN-RADAWIEC,"2026","01","25",-4.0,,-6.2,,-5.1,,-6.2,,0.1,,S,20,,2.1,,,"9",,"8",,"8",,"8",,"8",,"8",,"8",,"8",,"8",,"8",,"8",,"8",,"8",,"8",,"8",,"8",,"8",1,,,"8",Z,"01",,,"9",,"8"
"351220495",LUBLIN-RADAWIEC,"2026","01","26",2.4,,-4.5,,-0.1,,-4.5,,0.8,,W,20,,2.2,,0.1,,,"8",,"8",,"8",,"8",,"8",,"8",,"8",,"8",,"8",,"8",,"8",,"8",,"8",,"8",,"8",,"8",1,,,"8",Z,"01",,,"9",,"8"
"351220495",LUBLIN-RADAWIEC,"2026","01","27",3.3,,-2.7,,0.6,,-4.8,,0.0,,S,17,,2.3,,0.5,,,"8",,"8",,"8",,"8",,"8",,"8",,"8",,"8",,"8",,"8",,"8",,"8",,"8",,"8",,"8",,"8",1,,,"8",Z,,"9",,"9",,"8"
"351220495",LUBLIN-RADAWIEC,"2026","01","28",0.4,,-4.8,,-0.8,,-8.7,,0.0,,S,16,,2.6,,,"9",,"8",,"8",,"8",,"8",,"8",,"8",,"8",,"8",,"8",,"8",,"8",,"8",,"8",,"8",,"8",,"8",1,,,"8",Z,"01",,,"9",,"8"
"351220495",LUBLIN-RADAWIEC,"2026","01","29",-0.1,,-1.2,,-0.8,,-1.3,,0.0,,S,16,,2.5,,,"9",,"8",,"8",,"8",,"8",,"8",,"8",,"8",,"8",,"8",,"8",,"8",,"8",,"8",,"8",,"8",,"8",1,,,"8",Z,"01",,,"9",,"8"
"351220495",LUBLIN-RADAWIEC,"2026","01","30",-0.9,,-7.0,,-4.8,,-6.9,,0.0,,S,16,,2.3,,,"9",,"8",,"8",,"8",,"8",,"8",,"8",,"8",,"8",,"8",,"8",,"8",,"8",,"8",,"8",,"8",,"8",1,,,"8",Z,"01",,,"9",,"8"
"351220495",LUBLIN-RADAWIEC,"2026","01","31",-7.0,,-14.2,,-12.1,,-14.6,,0.0,,S,16,,2.5,,7.5,,,"8",,"8",,"8",,"8",,"8",,"8",,"8",,"8",,"8",,"8",,"8",,"8",,"8",,"8",,"8",,"8",1,,,"8",Z,"01",,,"9",,"8"
"351230497",W£ODAWA,"2026","01","01",-1.1,,-7.7,,-3.7,,-10.2,,0.1,,S,2,,,"9",,"9",,"8",,"8",,"8",,"8",,"8",,"8",,"8",,"8",,"8",,"8",,"8",,"8",,"8",,"8",,"8",,"8",1,,,"8",Z,"13",,,"9",,"8"
"351230497",W£ODAWA,"2026","01","02",1.4,,-1.2,,0.0,,-1.8,,0.6,,S,3,,,"9",,"9",,"8",,"8",,"8",,"8",,"8",,"8",,"8",,"8",,"8",,"8",,"8",,"8",,"8",,"8",,"8",,"8",1,,,"8",Z,"10",,,"9",,"8"
"351230497",W£ODAWA,"2026","01","03",0.3,,-3.2,,-0.9,,-4.9,,0.0,,S,6,,1.0,,0.6,,,"8",,"8",,"8",,"8",,"8",,"8",,"8",,"8",,"8",,"8",,"8",,"8",,"8",,"8",,"8",,"8",1,,,"8",Z,"10",,,"9",,"8"
"351230497",W£ODAWA,"2026","01","04",0.1,,-6.3,,-2.8,,-8.8,,0.0,,S,6,,1.0,,4.7,,,"8",,"8",,"8",,"8",,"8",,"8",,"8",,"8",,"8",,"8",,"8",,"8",,"8",,"8",,"8",,"8",1,,,"8",Z,"10",,,"9",,"8"
"351230497",W£ODAWA,"2026","01","05",-0.7,,-8.8,,-4.1,,-12.0,,1.3,,S,7,,1.0,,5.9,,,"8",,"8",,"8",,"8",,"8",,"8",,"8",,"8",,"8",,"8",,"8",,"8",,"8",,"8",,"8",,"8",1,,,"8",Z,"12",,,"9",,"8"
"351230497",W£ODAWA,"2026","01","06",-2.0,,-4.2,,-3.2,,-5.0,,2.6,,S,9,,1.2,,,"9",,"8",,"8",,"8",,"8",,"8",,"8",,"8",,"8",,"8",,"8",,"8",,"8",,"8",,"8",,"8",,"8",1,,,"8",Z,"12",,,"9",,"8"
"351230497",W£ODAWA,"2026","01","07",-3.2,,-6.1,,-5.5,,-6.8,,0.6,,S,10,,1.3,,,"9",,"8",,"8",,"8",,"8",,"8",,"8",,"8",,"8",,"8",,"8",,"8",,"8",,"8",,"8",,"8",,"8",1,,,"8",Z,"10",,,"9",,"8"
"351230497",W£ODAWA,"2026","01","08",-5.2,,-6.6,,-5.9,,-6.8,,2.8,,S,13,,1.2,,,"9",,"8",,"8",,"8",,"8",,"8",,"8",,"8",,"8",,"8",,"8",,"8",,"8",,"8",,"8",,"8",,"8",1,,,"8",Z,"10",,,"9",,"8"
"351230497",W£ODAWA,"2026","01","09",-6.5,,-11.1,,-9.0,,-12.3,,0.0,,S,19,,1.1,,,"9",,"8",,"8",,"8",,"8",,"8",,"8",,"8",,"8",,"8",,"8",,"8",,"8",,"8",,"8",,"8",,"8",1,,,"8",Z,"10",,,"9",,"8"
"351230497",W£ODAWA,"2026","01","10",-9.4,,-16.6,,-12.5,,-19.0,,0.1,,S,18,,1.2,,1.9,,,"8",,"8",,"8",,"8",,"8",,"8",,"8",,"8",,"8",,"8",,"8",,"8",,"8",,"8",,"8",,"8",1,,,"8",Z,"10",,,"9",,"8"
"351230497",W£ODAWA,"2026","01","11",-6.2,,-9.5,,-8.0,,-12.1,,0.4,,S,20,,1.1,,,"9",,"8",,"8",,"8",,"8",,"8",,"8",,"8",,"8",,"8",,"8",,"8",,"8",,"8",,"8",,"8",,"8",1,,,"8",Z,"10",,,"9",,"8"
"351230497",W£ODAWA,"2026","01","12",-7.9,,-13.2,,-10.3,,-21.8,,0.0,,S,22,,1.4,,0.2,,,"8",,"8",,"8",,"8",,"8",,"8",,"8",,"8",,"8",,"8",,"8",,"8",,"8",,"8",,"8",,"8",1,,,"8",Z,"10",,,"9",,"8"
"351230497",W£ODAWA,"2026","01","13",-6.1,,-19.2,,-12.5,,-23.1,,,"9",,22,,1.4,,0.1,,,"8",,"8",,"8",,"8",,"8",,"8",,"8",,"8",,"8",,"8",,"8",,"8",,"8",,"8",,"8",,"8",1,,,"8",Z,"10",,,"9",,"8"
"351230497",W£ODAWA,"2026","01","14",-8.0,,-17.7,,-10.8,,-22.7,,2.8,,S,21,,1.5,,,"9",,"8",,"8",,"8",,"8",,"8",,"8",,"8",,"8",,"8",,"8",,"8",,"8",,"8",,"8",,"8",,"8",1,,,"8",Z,"10",,,"9",,"8"
"351230497",W£ODAWA,"2026","01","15",-4.6,,-8.2,,-5.8,,-8.2,,0.0,,S,26,,1.4,,,"9",,"8",,"8",,"8",,"8",,"8",,"8",,"8",,"8",,"8",,"8",,"8",,"8",,"8",,"8",,"8",,"8",1,,,"8",Z,"10",,,"9",,"8"
"351230497",W£ODAWA,"2026","01","16",-5.7,,-11.6,,-9.8,,-13.2,,,"9",,24,,1.4,,4.1,,,"8",,"8",,"8",,"8",,"8",,"8",,"8",,"8",,"8",,"8",,"8",,"8",,"8",,"8",,"8",,"8",1,,,"8",Z,"10",,,"9",,"8"
"351230497",W£ODAWA,"2026","01","17",-3.4,,-13.5,,-9.5,,-16.3,,,"9",,23,,1.6,,7.7,,,"8",,"8",,"8",,"8",,"8",,"8",,"8",,"8",,"8",,"8",,"8",,"8",,"8",,"8",,"8",,"8",1,,,"8",Z,"10",,,"9",,"8"
"351230497",W£ODAWA,"2026","01","18",-7.0,,-17.1,,-12.8,,-21.1,,,"9",,23,,1.6,,7.7,,,"8",,"8",,"8",,"8",,"8",,"8",,"8",,"8",,"8",,"8",,"8",,"8",,"8",,"8",,"8",,"8",1,,,"8",Z,"10",,,"9",,"8"
"351230497",W£ODAWA,"2026","01","19",-4.2,,-17.0,,-11.8,,-19.8,,,"9",,22,,1.6,,7.8,,,"8",,"8",,"8",,"8",,"8",,"8",,"8",,"8",,"8",,"8",,"8",,"8",,"8",,"8",,"8",,"8",1,,,"8",Z,"10",,,"9",,"8"
"351230497",W£ODAWA,"2026","01","20",-2.8,,-19.5,,-11.5,,-24.2,,,"9",,22,,1.6,,7.8,,,"8",,"8",,"8",,"8",,"8",,"8",,"8",,"8",,"8",,"8",,"8",,"8",,"8",,"8",,"8",,"8",1,,,"8",Z,"10",,,"9",,"8"
"351230497",W£ODAWA,"2026","01","21",-0.1,,-19.3,,-9.4,,-22.9,,,"9",,22,,1.6,,7.9,,,"8",,"8",,"8",,"8",,"8",,"8",,"8",,"8",,"8",,"8",,"8",,"8",,"8",,"8",,"8",,"8",1,,,"8",Z,"10",,,"9",,"8"
"351230497",W£ODAWA,"2026","01","22",-6.2,,-15.3,,-11.2,,-21.9,,0.0,,S,22,,1.6,,3.8,,,"8",,"8",,"8",,"8",,"8",,"8",,"8",,"8",,"8",,"8",,"8",,"8",,"8",,"8",,"8",,"8",1,,,"8",Z,"13",,,"9",,"8"
"351230497",W£ODAWA,"2026","01","23",-4.5,,-9.8,,-6.6,,-9.9,,0.0,,S,22,,1.7,,,"9",,"8",,"8",,"8",,"8",,"8",,"8",,"8",,"8",,"8",,"8",,"8",,"8",,"8",,"8",,"8",,"8",1,,,"8",Z,"10",,,"9",,"8"
"351230497",W£ODAWA,"2026","01","24",-4.7,,-8.1,,-6.2,,-8.3,,0.5,,S,24,,1.6,,,"9",,"8",,"8",,"8",,"8",,"8",,"8",,"8",,"8",,"8",,"8",,"8",,"8",,"8",,"8",,"8",,"8",1,,,"8",Z,"10",,,"9",,"8"
"351230497",W£ODAWA,"2026","01","25",-4.7,,-6.9,,-5.9,,-7.1,,0.0,,S,25,,1.6,,,"9",,"8",,"8",,"8",,"8",,"8",,"8",,"8",,"8",,"8",,"8",,"8",,"8",,"8",,"8",,"8",,"8",1,,,"8",Z,"10",,,"9",,"8"
"351230497",W£ODAWA,"2026","01","26",1.6,,-5.4,,-1.0,,-5.8,,1.4,,W,24,,1.7,,,"9",,"8",,"8",,"8",,"8",,"8",,"8",,"8",,"8",,"8",,"8",,"8",,"8",,"8",,"8",,"8",,"8",1,,,"8",Z,"10",,,"9",,"8"
"351230497",W£ODAWA,"2026","01","27",1.9,,0.5,,0.9,,0.2,,0.3,,W,21,,2.0,,,"9",,"8",,"8",,"8",,"8",,"8",,"8",,"8",,"8",,"8",,"8",,"8",,"8",,"8",,"8",,"8",,"8",1,,,"8",Z,"01",,,"9",,"8"
"351230497",W£ODAWA,"2026","01","28",1.1,,-1.3,,-0.1,,-2.8,,0.0,,S,18,,2.2,,,"9",,"8",,"8",,"8",,"8",,"8",,"8",,"8",,"8",,"8",,"8",,"8",,"8",,"8",,"8",,"8",,"8",1,,,"8",Z,"10",,,"9",,"8"
"351230497",W£ODAWA,"2026","01","29",0.1,,-1.3,,-0.5,,-1.3,,0.1,,S,17,,2.2,,,"9",,"8",,"8",,"8",,"8",,"8",,"8",,"8",,"8",,"8",,"8",,"8",,"8",,"8",,"8",,"8",,"8",1,,,"8",Z,"10",,,"9",,"8"
"351230497",W£ODAWA,"2026","01","30",-1.1,,-9.7,,-6.6,,-10.1,,0.0,,S,16,,2.2,,,"9",,"8",,"8",,"8",,"8",,"8",,"8",,"8",,"8",,"8",,"8",,"8",,"8",,"8",,"8",,"8",,"8",1,,,"8",Z,"01",,,"9",,"8"
"351230497",W£ODAWA,"2026","01","31",-8.7,,-15.7,,-12.3,,-16.7,,,"9",,16,,2.2,,8.7,,,"8",,"8",,"8",,"8",,"8",,"8",,"8",,"8",,"8",,"8",,"8",,"8",,"8",,"8",,"8",,"8",1,,,"8",Z,"01",,,"9",,"8"
"352140310",S£UBICE,"2026","01","01",3.7,,1.7,,2.7,,0.7,,0.1,,S,,"9",,"9",,"9",,"8",,"8",,"8",,"8",,"8",,"8",,"8",,"8",,"8",,"8",,"8",,"8",,"8",,"8",,"8",,"8",,"8",,"8",R,"15",,"08",,,"8"
"352140310",S£UBICE,"2026","01","02",3.8,,0.4,,1.7,,0.0,,1.8,,S,,"9",,"9",,"9",,"8",,"8",,"8",,"8",,"8",,"8",,"8",,"8",,"8",,"8",,"8",,"8",,"8",,"8",,"8",,"8",,"8",,"8",R,,"9",,"9",,"8"
"352140310",S£UBICE,"2026","01","03",1.0,,-1.3,,-0.2,,-2.5,,2.6,,S,1,,,"9",,"9",,"8",,"8",,"8",,"8",,"8",,"8",,"8",,"8",,"8",,"8",,"8",,"8",,"8",,"8",,"8",,"8",1,,,"8",Z,"10",,,"9",,"8"
"352140310",S£UBICE,"2026","01","04",0.3,,-4.5,,-1.3,,-7.0,,1.0,,S,7,,1.0,,3.0,,,"8",,"8",,"8",,"8",,"8",,"8",,"8",,"8",,"8",,"8",,"8",,"8",,"8",,"8",,"8",,"8",1,,,"8",R,"10",,,"9",,"8"
"352140310",S£UBICE,"2026","01","05",0.2,,-3.1,,-1.5,,-6.5,,,"9",,7,,0.9,,,"9",,"8",,"8",,"8",,"8",,"8",,"8",,"8",,"8",,"8",,"8",,"8",,"8",,"8",,"8",,"8",,"8",1,,,"8",R,"01",,,"9",,"8"
"352140310",S£UBICE,"2026","01","06",-3.0,,-9.5,,-6.4,,-12.7,,0.0,,S,6,,1.0,,1.1,,,"8",,"8",,"8",,"8",,"8",,"8",,"8",,"8",,"8",,"8",,"8",,"8",,"8",,"8",,"8",,"8",1,,,"8",Z,"05",,,"9",,"8"
"352140310",S£UBICE,"2026","01","07",-1.8,,-9.9,,-6.1,,-15.6,,,"9",,6,,1.0,,6.1,,,"8",,"8",,"8",,"8",,"8",,"8",,"8",,"8",,"8",,"8",,"8",,"8",,"8",,"8",,"8",,"8",1,,,"8",Z,"08",,,"9",,"8"
"352140310",S£UBICE,"2026","01","08",-3.8,,-11.6,,-7.4,,-13.3,,,"9",,6,,0.8,,5.3,,,"8",,"8",,"8",,"8",,"8",,"8",,"8",,"8",,"8",,"8",,"8",,"8",,"8",,"8",,"8",,"8",1,,,"8",Z,"12",,,"9",,"8"
"352140310",S£UBICE,"2026","01","09",-5.2,,-11.8,,-7.9,,-13.9,,,"9",,6,,1.0,,,"9",,"8",,"8",,"8",,"8",,"8",,"8",,"8",,"8",,"8",,"8",,"8",,"8",,"8",,"8",,"8",,"8",1,,,"8",Z,"16",,,"9",,"8"
"352140310",S£UBICE,"2026","01","10",-2.5,,-10.0,,-6.0,,-10.9,,0.0,,S,6,,1.2,,5.2,,,"8",,"8",,"8",,"8",,"8",,"8",,"8",,"8",,"8",,"8",,"8",,"8",,"8",,"8",,"8",,"8",1,,,"8",Z,"18",,,"9",,"8"
"352140310",S£UBICE,"2026","01","11",-1.2,,-6.6,,-4.5,,-8.3,,,"9",,6,,1.0,,5.1,,,"8",,"8",,"8",,"8",,"8",,"8",,"8",,"8",,"8",,"8",,"8",,"8",,"8",,"8",,"8",,"8",1,,,"8",Z,"19",,,"9",,"8"
"352140310",S£UBICE,"2026","01","12",-3.2,,-12.1,,-6.9,,-15.5,,1.2,,W,6,,1.0,,,"9",,"8",,"8",,"8",,"8",,"8",,"8",,"8",,"8",,"8",,"8",,"8",,"8",,"8",,"8",,"8",,"8",1,,,"8",Z,"20",,,"9",,"8"
"352140310",S£UBICE,"2026","01","13",1.6,,-3.3,,0.3,,-3.5,,0.0,,W,5,,2.0,,,"9",,"8",,"8",,"8",,"8",,"8",,"8",,"8",,"8",,"8",,"8",,"8",,"8",,"8",,"8",,"8",,"8",1,,,"8",Z,"20",,,"9",,"8"
"352140310",S£UBICE,"2026","01","14",6.2,,1.6,,3.7,,1.3,,1.9,,W,,"9",,"9",,"9",,"8",,"8",,"8",,"8",,"8",,"8",,"8",,"8",,"8",,"8",,"8",,"8",,"8",,"8",,"8",,"8",,"8",,"8",R,,"9",,"9",,"8"
"352140310",S£UBICE,"2026","01","15",4.1,,-1.4,,1.7,,-3.3,,0.0,,W,,"9",,"9",0.5,,,"8",,"8",,"8",,"8",,"8",,"8",,"8",,"8",,"8",,"8",,"8",,"8",,"8",,"8",,"8",,"8",,"8",,"8",Z,"10",,,"9",,"8"
"352140310",S£UBICE,"2026","01","16",7.0,,1.8,,2.9,,0.1,,,"9",,,"9",,"9",3.2,,,"8",,"8",,"8",,"8",,"8",,"8",,"8",,"8",,"8",,"8",,"8",,"8",,"8",,"8",,"8",,"8",,"8",,"8",R,,"9",,"9",,"8"
"352140310",S£UBICE,"2026","01","17",3.1,,-0.3,,1.5,,-3.3,,,"9",,,"9",,"9",,"9",,"8",,"8",,"8",,"8",,"8",,"8",,"8",,"8",,"8",,"8",,"8",,"8",,"8",,"8",,"8",,"8",,"8",,"8",R,,"9",,"9",,"8"
"352140310",S£UBICE,"2026","01","18",4.8,,-0.4,,1.6,,-0.8,,,"9",,,"9",,"9",6.2,,,"8",,"8",,"8",,"8",,"8",,"8",,"8",,"8",,"8",,"8",,"8",,"8",,"8",,"8",,"8",,"8",,"8",,"8",R,,"9",,"9",,"8"
"352140310",S£UBICE,"2026","01","19",5.4,,-4.0,,0.0,,-6.8,,,"9",,,"9",,"9",6.4,,,"8",,"8",,"8",,"8",,"8",,"8",,"8",,"8",,"8",,"8",,"8",,"8",,"8",,"8",,"8",,"8",,"8",,"8",Z,"05",,,"9",,"8"
"352140310",S£UBICE,"2026","01","20",2.9,,-3.5,,-1.2,,-6.3,,,"9",,,"9",,"9",7.4,,,"8",,"8",,"8",,"8",,"8",,"8",,"8",,"8",,"8",,"8",,"8",,"8",,"8",,"8",,"8",,"8",,"8",,"8",Z,"13",,,"9",,"8"
"352140310",S£UBICE,"2026","01","21",1.4,,-8.6,,-4.3,,-11.8,,,"9",,,"9",,"9",7.4,,,"8",,"8",,"8",,"8",,"8",,"8",,"8",,"8",,"8",,"8",,"8",,"8",,"8",,"8",,"8",,"8",,"8",,"8",Z,"20",,,"9",,"8"
"352140310",S£UBICE,"2026","01","22",0.1,,-9.8,,-6.0,,-13.6,,,"9",,,"9",,"9",7.3,,,"8",,"8",,"8",,"8",,"8",,"8",,"8",,"8",,"8",,"8",,"8",,"8",,"8",,"8",,"8",,"8",,"8",,"8",Z,"33",,,"9",,"8"
"352140310",S£UBICE,"2026","01","23",-4.0,,-10.1,,-6.7,,-13.3,,,"9",,,"9",,"9",0.2,,,"8",,"8",,"8",,"8",,"8",,"8",,"8",,"8",,"8",,"8",,"8",,"8",,"8",,"8",,"8",,"8",,"8",,"8",Z,"41",,,"9",,"8"
"352140310",S£UBICE,"2026","01","24",-1.5,,-5.1,,-3.3,,-4.9,,0.0,,S,,"9",,"9",,"9",,"8",,"8",,"8",,"8",,"8",,"8",,"8",,"8",,"8",,"8",,"8",,"8",,"8",,"8",,"8",,"8",,"8",,"8",Z,"39",,,"9",,"8"
"352140310",S£UBICE,"2026","01","25",-1.9,,-3.7,,-2.8,,-3.7,,7.3,,W,,"9",,"9",,"9",,"8",,"8",,"8",,"8",,"8",,"8",,"8",,"8",,"8",,"8",,"8",,"8",,"8",,"8",,"8",,"8",,"8",,"8",Z,"38",,,"9",,"8"
"352140310",S£UBICE,"2026","01","26",0.6,,-2.4,,0.0,,-2.5,,0.1,,S,,"9",,"9",,"9",,"8",,"8",,"8",,"8",,"8",,"8",,"8",,"8",,"8",,"8",,"8",,"8",,"8",,"8",,"8",,"8",,"8",,"8",Z,"20",,,"9",,"8"
"352140310",S£UBICE,"2026","01","27",0.1,,-1.1,,-0.8,,-1.5,,,"9",,0,,,"9",,"9",,"8",,"8",,"8",,"8",,"8",,"8",,"8",,"8",,"8",,"8",,"8",,"8",,"8",,"8",,"8",,"8",,"8",,"8",Z,"20",,,"9",,"8"
"352140310",S£UBICE,"2026","01","28",1.0,,-1.4,,-0.7,,-1.5,,,"9",,0,,,"9",2.5,,,"8",,"8",,"8",,"8",,"8",,"8",,"8",,"8",,"8",,"8",,"8",,"8",,"8",,"8",,"8",,"8",,"8",,"8",Z,"20",,,"9",,"8"
"352140310",S£UBICE,"2026","01","29",-0.2,,-3.7,,-2.1,,-3.4,,0.0,,S,,"9",,"9",,"9",,"8",,"8",,"8",,"8",,"8",,"8",,"8",,"8",,"8",,"8",,"8",,"8",,"8",,"8",,"8",,"8",,"8",,"8",Z,"20",,,"9",,"8"
"352140310",S£UBICE,"2026","01","30",-1.0,,-4.1,,-2.8,,-3.8,,0.0,,S,,"9",,"9",,"9",,"8",,"8",,"8",,"8",,"8",,"8",,"8",,"8",,"8",,"8",,"8",,"8",,"8",,"8",,"8",,"8",,"8",,"8",Z,"20",,,"9",,"8"
"352140310",S£UBICE,"2026","01","31",-2.2,,-7.4,,-5.6,,-7.8,,0.0,,S,,"9",,"9",1.4,,,"8",,"8",,"8",,"8",,"8",,"8",,"8",,"8",,"8",,"8",,"8",,"8",,"8",,"8",,"8",,"8",,"8",,"8",Z,"32",,,"9",,"8"
"352150300",GORZ”W WIELKOPOLSKI,"2026","01","01",2.7,,-1.6,,1.5,,-3.4,,0.3,,S,,"9",,"9",,"9",,"8",,"8",,"8",,"8",,"8",,"8",,"8",,"8",,"8",,"8",,"8",,"8",,"8",,"8",,"8",,"8",,"8",,"8",R,,"9",,"9",,"8"
"352150300",GORZ”W WIELKOPOLSKI,"2026","01","02",3.0,,0.1,,1.2,,-0.1,,1.2,,S,,"9",,"9",,"9",,"8",,"8",,"8",,"8",,"8",,"8",,"8",,"8",,"8",,"8",,"8",,"8",,"8",,"8",,"8",,"8",,"8",,"8",R,,"9",,"9",,"8"
"352150300",GORZ”W WIELKOPOLSKI,"2026","01","03",1.0,,-2.2,,-0.9,,-3.8,,3.9,,S,2,,,"9",,"9",,"8",,"8",,"8",,"8",,"8",,"8",,"8",,"8",,"8",,"8",,"8",,"8",,"8",,"8",,"8",,"8",1,,,"8",Z,"01",,,"9",,"8"
"352150300",GORZ”W WIELKOPOLSKI,"2026","01","04",-0.5,,-5.7,,-2.1,,-10.8,,2.5,,S,9,,0.8,,3.7,,,"8",,"8",,"8",,"8",,"8",,"8",,"8",,"8",,"8",,"8",,"8",,"8",,"8",,"8",,"8",,"8",1,,,"8",Z,"01",,,"9",,"8"
"352150300",GORZ”W WIELKOPOLSKI,"2026","01","05",-0.1,,-2.5,,-1.9,,-12.3,,0.0,,S,10,,1.2,,,"9",,"8",,"8",,"8",,"8",,"8",,"8",,"8",,"8",,"8",,"8",,"8",,"8",,"8",,"8",,"8",,"8",1,,,"8",Z,"01",,,"9",,"8"
"352150300",GORZ”W WIELKOPOLSKI,"2026","01","06",-2.5,,-10.7,,-6.9,,-20.1,,0.0,,S,8,,1.1,,4.4,,,"8",,"8",,"8",,"8",,"8",,"8",,"8",,"8",,"8",,"8",,"8",,"8",,"8",,"8",,"8",,"8",1,,,"8",Z,"01",,,"9",,"8"
"352150300",GORZ”W WIELKOPOLSKI,"2026","01","07",-2.7,,-12.5,,-7.4,,-20.7,,,"9",,8,,1.0,,3.1,,,"8",,"8",,"8",,"8",,"8",,"8",,"8",,"8",,"8",,"8",,"8",,"8",,"8",,"8",,"8",,"8",1,,,"8",Z,"06",,,"9",,"8"
"352150300",GORZ”W WIELKOPOLSKI,"2026","01","08",-5.3,,-11.8,,-8.8,,-16.5,,0.0,,S,8,,1.0,,6.2,,,"8",,"8",,"8",,"8",,"8",,"8",,"8",,"8",,"8",,"8",,"8",,"8",,"8",,"8",,"8",,"8",1,,,"8",Z,"09",,,"9",,"8"
"352150300",GORZ”W WIELKOPOLSKI,"2026","01","09",-8.1,,-13.6,,-9.9,,-15.4,,0.0,,S,8,,1.2,,0.7,,,"8",,"8",,"8",,"8",,"8",,"8",,"8",,"8",,"8",,"8",,"8",,"8",,"8",,"8",,"8",,"8",1,,,"8",Z,"11",,,"9",,"8"
"352150300",GORZ”W WIELKOPOLSKI,"2026","01","10",-0.9,,-9.9,,-5.0,,-11.3,,0.2,,S,8,,1.3,,5.8,,,"8",,"8",,"8",,"8",,"8",,"8",,"8",,"8",,"8",,"8",,"8",,"8",,"8",,"8",,"8",,"8",1,,,"8",Z,"14",,,"9",,"8"
"352150300",GORZ”W WIELKOPOLSKI,"2026","01","11",-1.1,,-5.4,,-3.3,,-6.8,,,"9",,9,,1.2,,0.1,,,"8",,"8",,"8",,"8",,"8",,"8",,"8",,"8",,"8",,"8",,"8",,"8",,"8",,"8",,"8",,"8",1,,,"8",Z,"13",,,"9",,"8"
"352150300",GORZ”W WIELKOPOLSKI,"2026","01","12",-3.6,,-11.7,,-7.3,,-16.9,,1.6,,S,9,,1.2,,0.2,,,"8",,"8",,"8",,"8",,"8",,"8",,"8",,"8",,"8",,"8",,"8",,"8",,"8",,"8",,"8",,"8",1,,,"8",Z,"16",,,"9",,"8"
"352150300",GORZ”W WIELKOPOLSKI,"2026","01","13",-0.5,,-4.0,,-2.1,,-4.5,,0.8,,W,11,,1.4,,,"9",,"8",,"8",,"8",,"8",,"8",,"8",,"8",,"8",,"8",,"8",,"8",,"8",,"8",,"8",,"8",,"8",1,,,"8",Z,"14",,,"9",,"8"
"352150300",GORZ”W WIELKOPOLSKI,"2026","01","14",4.8,,-0.5,,2.4,,-0.6,,2.0,,W,8,,1.8,,,"9",,"8",,"8",,"8",,"8",,"8",,"8",,"8",,"8",,"8",,"8",,"8",,"8",,"8",,"8",,"8",,"8",1,,,"8",R,,"9",,"9",,"8"
"352150300",GORZ”W WIELKOPOLSKI,"2026","01","15",4.1,,-2.1,,0.4,,-6.1,,0.0,,W,2,,,"9",,"9",,"8",,"8",,"8",,"8",,"8",,"8",,"8",,"8",,"8",,"8",,"8",,"8",,"8",,"8",,"8",,"8",1,,,"8",Z,"01",,,"9",,"8"
"352150300",GORZ”W WIELKOPOLSKI,"2026","01","16",3.5,,1.0,,2.0,,0.6,,,"9",,,"9",,"9",0.6,,,"8",,"8",,"8",,"8",,"8",,"8",,"8",,"8",,"8",,"8",,"8",,"8",,"8",,"8",,"8",,"8",,"8",,"8",R,,"9",,"9",,"8"
"352150300",GORZ”W WIELKOPOLSKI,"2026","01","17",2.4,,0.8,,1.3,,-0.1,,0.0,,W,,"9",,"9",,"9",,"8",,"8",,"8",,"8",,"8",,"8",,"8",,"8",,"8",,"8",,"8",,"8",,"8",,"8",,"8",,"8",,"8",,"8",R,,"9",,"9",,"8"
"352150300",GORZ”W WIELKOPOLSKI,"2026","01","18",3.5,,-2.7,,-0.8,,-2.9,,,"9",,,"9",,"9",7.4,,,"8",,"8",,"8",,"8",,"8",,"8",,"8",,"8",,"8",,"8",,"8",,"8",,"8",,"8",,"8",,"8",,"8",,"8",Z,"01",,,"9",,"8"
"352150300",GORZ”W WIELKOPOLSKI,"2026","01","19",3.4,,-5.8,,-2.1,,-6.2,,,"9",,,"9",,"9",7.6,,,"8",,"8",,"8",,"8",,"8",,"8",,"8",,"8",,"8",,"8",,"8",,"8",,"8",,"8",,"8",,"8",,"8",,"8",Z,"08",,,"9",,"8"
"352150300",GORZ”W WIELKOPOLSKI,"2026","01","20",2.0,,-4.8,,-1.7,,-5.7,,,"9",,,"9",,"9",7.7,,,"8",,"8",,"8",,"8",,"8",,"8",,"8",,"8",,"8",,"8",,"8",,"8",,"8",,"8",,"8",,"8",,"8",,"8",Z,"14",,,"9",,"8"
"352150300",GORZ”W WIELKOPOLSKI,"2026","01","21",0.5,,-6.8,,-3.8,,-7.9,,,"9",,,"9",,"9",7.6,,,"8",,"8",,"8",,"8",,"8",,"8",,"8",,"8",,"8",,"8",,"8",,"8",,"8",,"8",,"8",,"8",,"8",,"8",Z,"18",,,"9",,"8"
"352150300",GORZ”W WIELKOPOLSKI,"2026","01","22",-1.2,,-8.6,,-5.1,,-9.4,,0.0,,S,,"9",,"9",7.4,,,"8",,"8",,"8",,"8",,"8",,"8",,"8",,"8",,"8",,"8",,"8",,"8",,"8",,"8",,"8",,"8",,"8",,"8",Z,"22",,,"9",,"8"
"352150300",GORZ”W WIELKOPOLSKI,"2026","01","23",-3.5,,-10.6,,-7.5,,-10.6,,0.0,,S,,"9",,"9",,"9",,"8",,"8",,"8",,"8",,"8",,"8",,"8",,"8",,"8",,"8",,"8",,"8",,"8",,"8",,"8",,"8",,"8",,"8",Z,"32",,,"9",,"8"
"352150300",GORZ”W WIELKOPOLSKI,"2026","01","24",-3.2,,-5.7,,-4.4,,-5.5,,0.0,,S,,"9",,"9",,"9",,"8",,"8",,"8",,"8",,"8",,"8",,"8",,"8",,"8",,"8",,"8",,"8",,"8",,"8",,"8",,"8",,"8",,"8",Z,"34",,,"9",,"8"
"352150300",GORZ”W WIELKOPOLSKI,"2026","01","25",-3.2,,-4.7,,-3.9,,-4.5,,4.6,,S,,"9",,"9",,"9",,"8",,"8",,"8",,"8",,"8",,"8",,"8",,"8",,"8",,"8",,"8",,"8",,"8",,"8",,"8",,"8",,"8",,"8",Z,"33",,,"9",,"8"
"352150300",GORZ”W WIELKOPOLSKI,"2026","01","26",-0.1,,-3.6,,-1.3,,-3.6,,0.4,,S,,"9",,"9",,"9",,"8",,"8",,"8",,"8",,"8",,"8",,"8",,"8",,"8",,"8",,"8",,"8",,"8",,"8",,"8",,"8",,"8",,"8",Z,"29",,,"9",,"8"
"352150300",GORZ”W WIELKOPOLSKI,"2026","01","27",-0.1,,-2.1,,-1.0,,-4.0,,0.0,,S,1,,,"9",1.4,,,"8",,"8",,"8",,"8",,"8",,"8",,"8",,"8",,"8",,"8",,"8",,"8",,"8",,"8",,"8",,"8",1,,,"8",Z,"23",,,"9",,"8"
"352150300",GORZ”W WIELKOPOLSKI,"2026","01","28",-0.4,,-1.7,,-1.0,,-1.9,,0.0,,S,1,,,"9",,"9",,"8",,"8",,"8",,"8",,"8",,"8",,"8",,"8",,"8",,"8",,"8",,"8",,"8",,"8",,"8",,"8",1,,,"8",Z,"23",,,"9",,"8"
"352150300",GORZ”W WIELKOPOLSKI,"2026","01","29",-0.6,,-5.1,,-3.7,,-4.9,,0.0,,S,1,,,"9",,"9",,"8",,"8",,"8",,"8",,"8",,"8",,"8",,"8",,"8",,"8",,"8",,"8",,"8",,"8",,"8",,"8",1,,,"8",Z,"23",,,"9",,"8"
"352150300",GORZ”W WIELKOPOLSKI,"2026","01","30",-3.8,,-6.1,,-4.9,,-5.9,,0.0,,S,1,,,"9",,"9",,"8",,"8",,"8",,"8",,"8",,"8",,"8",,"8",,"8",,"8",,"8",,"8",,"8",,"8",,"8",,"8",1,,,"8",Z,"29",,,"9",,"8"
"352150300",GORZ”W WIELKOPOLSKI,"2026","01","31",-4.1,,-10.3,,-8.2,,-10.0,,,"9",,1,,,"9",1.6,,,"8",,"8",,"8",,"8",,"8",,"8",,"8",,"8",,"8",,"8",,"8",,"8",,"8",,"8",,"8",,"8",1,,,"8",Z,"33",,,"9",,"8"
"352160330",POZNA—-£AWICA,"2026","01","01",2.3,,-1.2,,1.5,,-2.5,,0.1,,S,0,,,"9",,"9",2.3,,1.7,,1.2,,,"9",1.1,,3.5,,,"9",1.2,,,"9",,"9",,"9",,"9",,"9",,"9",,"9",,"9",0,,0,,R,,"9",,"9",,"8"
"352160330",POZNA—-£AWICA,"2026","01","02",3.4,,0.3,,1.7,,0.0,,4.4,,S,,"9",,"9",0.5,,,"9",7.8,,2.0,,,"9",,"9",1.3,,,"9",,"9",,"9",,"9",,"9",,"9",,"9",,"9",,"9",,"9",0,,0,,R,,"9",,"9",,"8"
"352160330",POZNA—-£AWICA,"2026","01","03",0.9,,-2.0,,-0.5,,-3.3,,4.1,,S,3,,,"9",0.4,,,"9",18.1,,,"9",,"9",,"9",1.5,,,"9",,"9",,"9",,"9",,"9",,"9",,"9",,"9",,"9",,"9",1,,0,,R,,"9",,"9",,"8"
"352160330",POZNA—-£AWICA,"2026","01","04",-0.6,,-3.7,,-1.8,,-1.4,,0.3,,S,8,,1.1,,4.1,,,"9",8.9,,,"9",,"9",,"9",,"9",,"9",,"9",6.4,,,"9",,"9",0.3,,,"9",,"9",,"9",,"9",1,,0,,R,,"9",,"9",,"8"
"352160330",POZNA—-£AWICA,"2026","01","05",0.2,,-5.9,,-2.3,,-2.8,,0.0,,S,9,,0.9,,0.4,,,"9",2.3,,,"9",,"9",,"9",5.8,,,"9",,"9",,"9",,"9",,"9",,"9",,"9",,"9",,"9",,"9",1,,0,,Z,"01",,,"9",,"8"
"352160330",POZNA—-£AWICA,"2026","01","06",-3.5,,-12.3,,-6.5,,-15.9,,0.1,,S,8,,0.9,,5.7,,,"9",,"9",,"9",,"9",2.0,,11.5,,4.4,,,"9",,"9",,"9",,"9",,"9",,"9",,"9",,"9",,"9",1,,0,,Z,"01",,,"9",,"8"
"352160330",POZNA—-£AWICA,"2026","01","07",-2.4,,-8.5,,-5.2,,-13.3,,,"9",,8,,0.8,,0.9,,,"9",1.6,,,"9",,"9",,"9",24.0,,,"9",,"9",,"9",,"9",,"9",,"9",,"9",,"9",,"9",,"9",1,,0,,Z,"01",,,"9",,"8"
"352160330",POZNA—-£AWICA,"2026","01","08",-6.2,,-10.7,,-8.0,,-14.7,,0.0,,S,7,,1.0,,,"9",,"9",0.8,,,"9",,"9",0.8,,23.2,,,"9",,"9",,"9",,"9",,"9",,"9",,"9",,"9",,"9",,"9",1,,0,,Z,"01",,,"9",,"8"
"352160330",POZNA—-£AWICA,"2026","01","09",-8.6,,-14.1,,-10.3,,-18.3,,0.0,,S,5,,0.8,,0.2,,,"9",2.2,,,"9",,"9",2.1,,14.6,,,"9",,"9",,"9",,"9",,"9",,"9",,"9",,"9",,"9",,"9",1,,0,,Z,"06",,,"9",,"8"
"352160330",POZNA—-£AWICA,"2026","01","10",-3.4,,-11.6,,-7.0,,-14.7,,0.2,,S,5,,1.4,,3.4,,,"9",2.1,,,"9",,"9",,"9",,"9",,"9",,"9",,"9",,"9",,"9",,"9",,"9",,"9",,"9",,"9",1,,0,,Z,"10",,,"9",,"8"
"352160330",POZNA—-£AWICA,"2026","01","11",-1.6,,-4.9,,-2.4,,-7.4,,0.1,,S,5,,1.4,,,"9",,"9",7.5,,,"9",,"9",,"9",1.9,,,"9",,"9",2.4,,,"9",,"9",0.5,,,"9",,"9",,"9",,"9",1,,0,,Z,"12",,,"9",,"8"
"352160330",POZNA—-£AWICA,"2026","01","12",-1.6,,-10.0,,-6.4,,-10.1,,1.2,,S,6,,1.3,,4.2,,,"9",,"9",,"9",,"9",,"9",,"9",,"9",,"9",,"9",,"9",,"9",,"9",,"9",,"9",,"9",,"9",1,,0,,Z,"12",,,"9",,"8"
"352160330",POZNA—-£AWICA,"2026","01","13",-1.9,,-5.1,,-3.1,,-5.6,,2.2,,S,8,,1.3,,,"9",0.6,,7.6,,,"9",,"9",,"9",20.8,,,"9",,"9",,"9",,"9",,"9",,"9",,"9",,"9",,"9",,"9",1,,0,,Z,"13",,,"9",,"8"
"352160330",POZNA—-£AWICA,"2026","01","14",4.7,,-1.9,,2.1,,-2.0,,5.7,,W,9,,1.3,,,"9",11.5,,,"9",,"9",,"9",,"9",19.2,,,"9",8.2,,,"9",,"9",,"9",,"9",,"9",,"9",,"9",,"9",1,,0,,Z,"10",,,"9",,"8"
"352160330",POZNA—-£AWICA,"2026","01","15",4.0,,-1.6,,0.2,,-5.1,,,"9",,,"9",,"9",,"9",,"9",,"9",,"9",,"9",13.9,,9.7,,,"9",,"9",,"9",,"9",,"9",,"9",,"9",,"9",,"9",,"9",0,,0,,Z,"01",,,"9",,"8"
"352160330",POZNA—-£AWICA,"2026","01","16",4.3,,0.5,,1.8,,0.1,,,"9",,,"9",,"9",4.2,,,"9",,"9",,"9",,"9",6.8,,17.3,,,"9",,"9",,"9",,"9",,"9",,"9",,"9",,"9",,"9",,"9",0,,0,,R,,"9",,"9",,"8"
"352160330",POZNA—-£AWICA,"2026","01","17",2.1,,-0.1,,0.8,,-0.2,,,"9",,,"9",,"9",,"9",,"9",,"9",,"9",,"9",9.1,,13.2,,,"9",,"9",,"9",,"9",,"9",,"9",,"9",,"9",,"9",,"9",0,,0,,R,,"9",,"9",,"8"
"352160330",POZNA—-£AWICA,"2026","01","18",1.6,,-3.5,,-1.9,,-4.3,,,"9",,,"9",,"9",7.7,,,"9",,"9",,"9",,"9",,"9",,"9",,"9",,"9",,"9",,"9",,"9",,"9",,"9",,"9",,"9",,"9",0,,0,,Z,"01",,,"9",,"8"
"352160330",POZNA—-£AWICA,"2026","01","19",2.3,,-5.8,,-2.1,,-7.1,,,"9",,,"9",,"9",7.7,,,"9",,"9",,"9",,"9",,"9",,"9",,"9",,"9",,"9",,"9",,"9",,"9",,"9",,"9",,"9",,"9",0,,0,,Z,"01",,,"9",,"8"
"352160330",POZNA—-£AWICA,"2026","01","20",3.0,,-5.8,,-1.1,,-10.7,,,"9",,,"9",,"9",7.8,,,"9",,"9",,"9",,"9",,"9",,"9",,"9",,"9",,"9",,"9",,"9",,"9",,"9",,"9",,"9",,"9",0,,0,,Z,"08",,,"9",,"8"
"352160330",POZNA—-£AWICA,"2026","01","21",1.2,,-7.3,,-3.3,,-11.0,,,"9",,,"9",,"9",7.8,,,"9",,"9",,"9",,"9",,"9",6.2,,,"9",,"9",,"9",,"9",,"9",,"9",,"9",,"9",,"9",,"9",0,,0,,Z,"13",,,"9",,"8"
"352160330",POZNA—-£AWICA,"2026","01","22",3.0,,-8.6,,-4.2,,-13.2,,0.0,,S,,"9",,"9",7.6,,,"9",,"9",,"9",,"9",,"9",16.8,,,"9",,"9",,"9",,"9",,"9",,"9",,"9",,"9",,"9",,"9",0,,0,,Z,"19",,,"9",,"8"
"352160330",POZNA—-£AWICA,"2026","01","23",-4.1,,-10.2,,-6.9,,-10.5,,0.0,,S,,"9",,"9",,"9",,"9",7.0,,,"9",,"9",,"9",23.0,,,"9",,"9",,"9",,"9",,"9",,"9",,"9",,"9",,"9",,"9",0,,0,,Z,"23",,,"9",,"8"
"352160330",POZNA—-£AWICA,"2026","01","24",-3.9,,-5.5,,-4.4,,-5.4,,,"9",,,"9",,"9",,"9",,"9",,"9",,"9",,"9",,"9",21.5,,,"9",,"9",,"9",,"9",,"9",,"9",,"9",,"9",,"9",,"9",0,,0,,Z,"25",,,"9",,"8"
"352160330",POZNA—-£AWICA,"2026","01","25",-2.8,,-4.7,,-3.4,,-4.6,,2.7,,W,,"9",,"9",,"9",6.0,,,"9",,"9",,"9",,"9",24.0,,,"9",12.8,,,"9",,"9",,"9",,"9",,"9",,"9",,"9",,"9",0,,0,,Z,"28",,,"9",,"8"
"352160330",POZNA—-£AWICA,"2026","01","26",1.1,,-2.8,,-0.4,,-2.9,,3.1,,S,,"9",,"9",,"9",5.7,,1.8,,,"9",,"9",7.4,,16.6,,,"9",24.0,,,"9",,"9",,"9",,"9",,"9",,"9",,"9",,"9",0,,0,,Z,"26",,,"9",,"8"
"352160330",POZNA—-£AWICA,"2026","01","27",1.1,,-1.6,,-0.7,,-1.5,,0.4,,S,2,,,"9",,"9",0.7,,13.9,,,"9",,"9",1.2,,22.8,,,"9",,"9",,"9",,"9",,"9",,"9",,"9",,"9",,"9",,"9",1,,0,,Z,"10",,,"9",,"8"
"352160330",POZNA—-£AWICA,"2026","01","28",0.4,,-1.2,,-0.7,,-1.3,,,"9",,2,,,"9",0.2,,0.8,,,"9",,"9",,"9",,"9",18.7,,,"9",,"9",,"9",,"9",,"9",,"9",,"9",,"9",,"9",,"9",1,,0,,Z,"20",,,"9",,"8"
"352160330",POZNA—-£AWICA,"2026","01","29",-0.6,,-5.5,,-4.2,,-5.0,,,"9",,2,,,"9",,"9",,"9",,"9",,"9",,"9",,"9",15.7,,,"9",,"9",,"9",,"9",,"9",,"9",,"9",,"9",,"9",,"9",1,,0,,Z,"10",,,"9",,"8"
"352160330",POZNA—-£AWICA,"2026","01","30",-3.1,,-5.6,,-4.3,,-5.2,,,"9",,2,,,"9",,"9",,"9",,"9",,"9",,"9",,"9",16.9,,,"9",,"9",,"9",,"9",,"9",,"9",,"9",,"9",,"9",,"9",1,,0,,Z,"20",,,"9",,"8"
"352160330",POZNA—-£AWICA,"2026","01","31",-4.0,,-10.7,,-8.2,,-10.1,,0.0,,S,2,,,"9",6.3,,,"9",0.3,,,"9",,"9",,"9",,"9",,"9",,"9",,"9",,"9",,"9",,"9",,"9",,"9",,"9",,"9",1,,0,,Z,"26",,,"9",,"8"
"352190360",P£OCK,"2026","01","01",1.4,,-2.4,,-0.3,,-2.6,,0.8,,S,,"8",,"8",,"9",,"8",,"8",,"8",,"8",,"8",,"8",,"8",,"8",,"8",,"8",,"8",,"8",,"8",,"8",,"8",,"8",,"8",,"8",R,"01",,,"9",,"8"
"352190360",P£OCK,"2026","01","02",2.8,,-0.3,,1.3,,-0.4,,1.4,,S,,"8",,"8",,"9",,"8",,"8",,"8",,"8",,"8",,"8",,"8",,"8",,"8",,"8",,"8",,"8",,"8",,"8",,"8",,"8",,"8",,"8",R,,"9",,"9",,"8"
"352190360",P£OCK,"2026","01","03",0.5,,-1.8,,-0.6,,-3.0,,0.7,,,,"8",,"8",1.0,,,"8",,"8",,"8",,"8",,"8",,"8",,"8",,"8",,"8",,"8",,"8",,"8",,"8",,"8",,"8",,"8",,"8",,"8",R,"01",,,"9",,"8"
"352190360",P£OCK,"2026","01","04",0.2,,-3.8,,-2.0,,-6.8,,0.0,,,,"8",,"8",3.0,,,"8",,"8",,"8",,"8",,"8",,"8",,"8",,"8",,"8",,"8",,"8",,"8",,"8",,"8",,"8",,"8",,"8",,"8",R,"01",,,"9",,"8"
"352190360",P£OCK,"2026","01","05",0.9,,-7.8,,-3.7,,-11.7,,,"9",,,"8",,"8",4.9,,,"8",,"8",,"8",,"8",,"8",,"8",,"8",,"8",,"8",,"8",,"8",,"8",,"8",,"8",,"8",,"8",,"8",,"8",R,"01",,,"9",,"8"
"352190360",P£OCK,"2026","01","06",-4.1,,-13.3,,-8.9,,-16.9,,0.0,,,,"8",,"8",5.1,,,"8",,"8",,"8",,"8",,"8",,"8",,"8",,"8",,"8",,"8",,"8",,"8",,"8",,"8",,"8",,"8",,"8",,"8",R,"01",,,"9",,"8"
"352190360",P£OCK,"2026","01","07",-6.6,,-13.2,,-8.8,,-15.5,,0.1,,S,,"8",,"8",,"9",,"8",,"8",,"8",,"8",,"8",,"8",,"8",,"8",,"8",,"8",,"8",,"8",,"8",,"8",,"8",,"8",,"8",,"8",R,"01",,,"9",,"8"
"352190360",P£OCK,"2026","01","08",-6.5,,-11.8,,-9.1,,-11.7,,0.0,,S,,"8",,"8",0.6,,,"8",,"8",,"8",,"8",,"8",,"8",,"8",,"8",,"8",,"8",,"8",,"8",,"8",,"8",,"8",,"8",,"8",,"8",R,"05",,,"9",,"8"
"352190360",P£OCK,"2026","01","09",-8.7,,-12.0,,-10.8,,-13.8,,0.0,,W,,"8",,"8",4.8,,,"8",,"8",,"8",,"8",,"8",,"8",,"8",,"8",,"8",,"8",,"8",,"8",,"8",,"8",,"8",,"8",,"8",,"8",R,"06",,,"9",,"8"
"352190360",P£OCK,"2026","01","10",-4.3,,-14.7,,-9.1,,-17.5,,1.3,,,,"8",,"8",3.6,,,"8",,"8",,"8",,"8",,"8",,"8",,"8",,"8",,"8",,"8",,"8",,"8",,"8",,"8",,"8",,"8",,"8",,"8",R,"09",,,"9",,"8"
"352190360",P£OCK,"2026","01","11",-1.1,,-4.4,,-2.8,,-4.8,,1.7,,S,,"8",,"8",,"9",,"8",,"8",,"8",,"8",,"8",,"8",,"8",,"8",,"8",,"8",,"8",,"8",,"8",,"8",,"8",,"8",,"8",,"8",R,"08",,,"9",,"8"
"352190360",P£OCK,"2026","01","12",-1.3,,-6.2,,-3.4,,-11.5,,0.0,,S,,"8",,"8",,"9",,"8",,"8",,"8",,"8",,"8",,"8",,"8",,"8",,"8",,"8",,"8",,"8",,"8",,"8",,"8",,"8",,"8",,"8",R,"05",,,"9",,"8"
"352190360",P£OCK,"2026","01","13",-3.2,,-10.6,,-6.8,,-15.3,,0.0,,S,,"8",,"8",1.8,,,"8",,"8",,"8",,"8",,"8",,"8",,"8",,"8",,"8",,"8",,"8",,"8",,"8",,"8",,"8",,"8",,"8",,"8",R,"05",,,"9",,"8"
"352190360",P£OCK,"2026","01","14",0.2,,-9.2,,-3.4,,-14.8,,7.2,,S,,"8",,"8",,"9",,"8",,"8",,"8",,"8",,"8",,"8",,"8",,"8",,"8",,"8",,"8",,"8",,"8",,"8",,"8",,"8",,"8",,"8",R,"05",,,"9",,"8"
"352190360",P£OCK,"2026","01","15",3.5,,-3.2,,0.6,,-5.3,,,"9",,,"8",,"8",1.3,,,"8",,"8",,"8",,"8",,"8",,"8",,"8",,"8",,"8",,"8",,"8",,"8",,"8",,"8",,"8",,"8",,"8",,"8",R,"01",,,"9",,"8"
"352190360",P£OCK,"2026","01","16",-0.9,,-4.0,,-2.2,,-5.2,,,"9",,,"8",,"8",,"9",,"8",,"8",,"8",,"8",,"8",,"8",,"8",,"8",,"8",,"8",,"8",,"8",,"8",,"8",,"8",,"8",,"8",,"8",R,"01",,,"9",,"8"
"352190360",P£OCK,"2026","01","17",-2.7,,-8.7,,-5.8,,-8.4,,,"9",,,"8",,"8",6.3,,,"8",,"8",,"8",,"8",,"8",,"8",,"8",,"8",,"8",,"8",,"8",,"8",,"8",,"8",,"8",,"8",,"8",,"8",R,"05",,,"9",,"8"
"352190360",P£OCK,"2026","01","18",-4.7,,-12.2,,-9.3,,-12.9,,,"9",,,"8",,"8",7.6,,,"8",,"8",,"8",,"8",,"8",,"8",,"8",,"8",,"8",,"8",,"8",,"8",,"8",,"8",,"8",,"8",,"8",,"8",R,"08",,,"9",,"8"
"352190360",P£OCK,"2026","01","19",-7.0,,-13.1,,-10.2,,-13.9,,,"9",,,"8",,"8",7.5,,,"8",,"8",,"8",,"8",,"8",,"8",,"8",,"8",,"8",,"8",,"8",,"8",,"8",,"8",,"8",,"8",,"8",,"8",R,"10",,,"9",,"8"
"352190360",P£OCK,"2026","01","20",0.6,,-11.2,,-6.0,,-14.4,,,"9",,,"8",,"8",7.6,,,"8",,"8",,"8",,"8",,"8",,"8",,"8",,"8",,"8",,"8",,"8",,"8",,"8",,"8",,"8",,"8",,"8",,"8",R,"13",,,"9",,"8"
"352190360",P£OCK,"2026","01","21",-1.3,,-12.3,,-7.4,,-15.1,,,"9",,,"8",,"8",7.7,,,"8",,"8",,"8",,"8",,"8",,"8",,"8",,"8",,"8",,"8",,"8",,"8",,"8",,"8",,"8",,"8",,"8",,"8",R,"14",,,"9",,"8"
"352190360",P£OCK,"2026","01","22",-6.2,,-13.2,,-9.1,,-15.7,,0.0,,W,,"8",,"8",7.6,,,"8",,"8",,"8",,"8",,"8",,"8",,"8",,"8",,"8",,"8",,"8",,"8",,"8",,"8",,"8",,"8",,"8",,"8",R,"16",,,"9",,"8"
"352190360",P£OCK,"2026","01","23",-6.3,,-11.5,,-7.8,,-11.9,,0.0,,S,,"8",,"8",,"9",,"8",,"8",,"8",,"8",,"8",,"8",,"8",,"8",,"8",,"8",,"8",,"8",,"8",,"8",,"8",,"8",,"8",,"8",R,"18",,,"9",,"8"
"352190360",P£OCK,"2026","01","24",-5.1,,-6.8,,-5.9,,-6.8,,0.0,,,,"8",,"8",,"9",,"8",,"8",,"8",,"8",,"8",,"8",,"8",,"8",,"8",,"8",,"8",,"8",,"8",,"8",,"8",,"8",,"8",,"8",R,"18",,,"9",,"8"
"352190360",P£OCK,"2026","01","25",-4.7,,-5.9,,-5.2,,-5.7,,0.0,,,,"8",,"8",,"9",,"8",,"8",,"8",,"8",,"8",,"8",,"8",,"8",,"8",,"8",,"8",,"8",,"8",,"8",,"8",,"8",,"8",,"8",R,"18",,,"9",,"8"
"352190360",P£OCK,"2026","01","26",0.7,,-5.0,,-1.8,,-5.3,,0.2,,,,"8",,"8",,"9",,"8",,"8",,"8",,"8",,"8",,"8",,"8",,"8",,"8",,"8",,"8",,"8",,"8",,"8",,"8",,"8",,"8",,"8",R,"18",,,"9",,"8"
"352190360",P£OCK,"2026","01","27",0.9,,-6.9,,-2.3,,-8.2,,0.1,,,,"8",,"8",,"9",,"8",,"8",,"8",,"8",,"8",,"8",,"8",,"8",,"8",,"8",,"8",,"8",,"8",,"8",,"8",,"8",,"8",,"8",R,"17",,,"9",,"8"
"352190360",P£OCK,"2026","01","28",-0.1,,-3.7,,-1.6,,-5.1,,0.5,,,,"8",,"8",1.1,,,"8",,"8",,"8",,"8",,"8",,"8",,"8",,"8",,"8",,"8",,"8",,"8",,"8",,"8",,"8",,"8",,"8",,"8",R,"13",,,"9",,"8"
"352190360",P£OCK,"2026","01","29",-0.8,,-5.9,,-5.0,,-5.7,,0.0,,,,"8",,"8",,"9",,"8",,"8",,"8",,"8",,"8",,"8",,"8",,"8",,"8",,"8",,"8",,"8",,"8",,"8",,"8",,"8",,"8",,"8",R,"13",,,"9",,"8"
"352190360",P£OCK,"2026","01","30",-5.5,,-8.0,,-6.9,,-8.0,,0.0,,,,"8",,"8",,"9",,"8",,"8",,"8",,"8",,"8",,"8",,"8",,"8",,"8",,"8",,"8",,"8",,"8",,"8",,"8",,"8",,"8",,"8",R,"16",,,"9",,"8"
"352190360",P£OCK,"2026","01","31",-8.0,,-14.1,,-11.8,,-14.6,,,"9",,,"8",,"8",8.4,,,"8",,"8",,"8",,"8",,"8",,"8",,"8",,"8",,"8",,"8",,"8",,"8",,"8",,"8",,"8",,"8",,"8",,"8",R,"19",,,"9",,"8"
"352200375",WARSZAWA,"2026","01","01",1.7,,-3.7,,-0.9,,-2.3,,1.6,,S,23,,0.9,,0.2,,,"9",9.2,,,"9",,"9",,"9",9.9,,,"9",,"9",,"9",,"9",,"9",,"9",,"9",,"9",,"9",,"9",1,,0,,Z,"25",,,"9",,"8"
"352200375",WARSZAWA,"2026","01","02",3.1,,-0.1,,1.5,,-0.4,,1.1,,S,22,,1.3,,0.6,,,"9",13.8,,,"9",,"9",,"9",3.3,,,"9",,"9",,"9",,"9",,"9",,"9",,"9",,"9",,"9",,"9",1,,0,,Z,"23",,,"9",,"8"
"352200375",WARSZAWA,"2026","01","03",1.6,,-1.3,,-0.2,,-3.6,,1.1,,S,21,,1.3,,1.2,,,"9",11.4,,,"9",,"9",,"9",,"9",,"9",,"9",3.2,,,"9",,"9",,"9",,"9",,"9",,"9",,"9",1,,0,,Z,"22",,,"9",,"8"
"352200375",WARSZAWA,"2026","01","04",1.0,,-3.6,,-1.6,,-8.7,,0.6,,S,23,,1.2,,3.4,,,"9",7.0,,,"9",,"9",,"9",,"9",,"9",,"9",2.4,,,"9",,"9",,"9",,"9",,"9",,"9",,"9",1,,0,,Z,"20",,,"9",,"8"
"352200375",WARSZAWA,"2026","01","05",-0.7,,-8.1,,-4.2,,-15.9,,,"9",,25,,1.0,,6.3,,,"9",,"9",,"9",,"9",,"9",,"9",,"9",,"9",,"9",,"9",,"9",,"9",,"9",,"9",,"9",,"9",1,,0,,Z,"17",,,"9",,"8"
"352200375",WARSZAWA,"2026","01","06",-5.0,,-10.7,,-7.6,,-16.8,,,"9",,22,,1.0,,4.1,,,"9",,"9",,"9",,"9",,"9",21.2,,,"9",,"9",,"9",,"9",,"9",,"9",,"9",,"9",,"9",,"9",1,,0,,Z,"16",,,"9",,"8"
"352200375",WARSZAWA,"2026","01","07",-6.7,,-11.3,,-9.4,,-15.0,,0.0,,S,18,,1.3,,,"9",,"9",0.7,,,"9",,"9",2.3,,21.7,,4.8,,,"9",,"9",,"9",,"9",,"9",,"9",,"9",,"9",,"9",1,,0,,Z,"16",,,"9",,"8"
"352200375",WARSZAWA,"2026","01","08",-6.8,,-11.7,,-8.7,,-14.6,,0.0,,S,16,,1.3,,0.8,,,"9",1.6,,,"9",,"9",,"9",22.1,,,"9",,"9",,"9",,"9",,"9",,"9",,"9",,"9",,"9",,"9",1,,0,,Z,"16",,,"9",,"8"
"352200375",WARSZAWA,"2026","01","09",-7.5,,-11.1,,-9.8,,-11.7,,0.0,,S,14,,1.4,,4.1,,,"9",4.0,,,"9",,"9",,"9",11.0,,,"9",,"9",,"9",,"9",,"9",,"9",,"9",,"9",,"9",,"9",1,,0,,Z,"16",,,"9",,"8"
"352200375",WARSZAWA,"2026","01","10",-6.2,,-15.5,,-10.4,,-17.4,,2.7,,S,14,,1.4,,1.1,,,"9",19.4,,,"9",,"9",,"9",14.3,,,"9",,"9",,"9",,"9",,"9",,"9",,"9",,"9",,"9",,"9",1,,0,,Z,"18",,,"9",,"8"
"352200375",WARSZAWA,"2026","01","11",-3.5,,-6.3,,-4.3,,-6.8,,4.4,,S,19,,1.3,,,"9",,"9",20.7,,,"9",,"9",,"9",6.8,,,"9",,"9",,"9",,"9",,"9",,"9",,"9",,"9",,"9",,"9",1,,0,,Z,"19",,,"9",,"8"
"352200375",WARSZAWA,"2026","01","12",-3.3,,-6.5,,-4.9,,-8.9,,0.0,,S,24,,1.3,,0.5,,,"9",10.7,,,"9",,"9",,"9",8.7,,,"9",,"9",,"9",,"9",,"9",,"9",,"9",,"9",,"9",,"9",1,,0,,Z,"18",,,"9",,"8"
"352200375",WARSZAWA,"2026","01","13",-3.4,,-10.5,,-6.6,,-16.1,,,"9",,22,,1.4,,2.2,,,"9",,"9",,"9",,"9",,"9",24.0,,,"9",,"9",,"9",,"9",,"9",,"9",,"9",,"9",,"9",,"9",1,,0,,Z,"17",,,"9",,"8"
"352200375",WARSZAWA,"2026","01","14",-1.8,,-11.1,,-5.8,,-15.5,,7.8,,S,21,,1.2,,,"9",8.9,,3.3,,,"9",0.3,,1.6,,22.4,,,"9",8.9,,,"9",,"9",,"9",,"9",,"9",,"9",,"9",,"9",1,,0,,Z,"17",,,"9",,"8"
"352200375",WARSZAWA,"2026","01","15",1.1,,-1.9,,0.1,,-1.5,,0.0,,S,20,,1.5,,,"9",0.2,,0.5,,,"9",,"9",0.9,,23.1,,,"9",1.7,,,"9",,"9",,"9",,"9",,"9",,"9",,"9",,"9",1,,0,,Z,"17",,,"9",,"8"
"352200375",WARSZAWA,"2026","01","16",0.0,,-5.6,,-4.8,,-7.1,,,"9",,18,,1.6,,3.8,,,"9",,"9",,"9",,"9",,"9",18.4,,,"9",,"9",,"9",,"9",,"9",,"9",,"9",,"9",,"9",,"9",1,,0,,Z,"17",,,"9",,"8"
"352200375",WARSZAWA,"2026","01","17",-2.3,,-10.8,,-7.0,,-11.7,,,"9",,18,,1.4,,7.1,,,"9",,"9",,"9",,"9",,"9",,"9",,"9",,"9",,"9",,"9",,"9",,"9",,"9",,"9",,"9",,"9",1,,0,,Z,"18",,,"9",,"8"
"352200375",WARSZAWA,"2026","01","18",-5.1,,-14.0,,-10.1,,-15.3,,,"9",,17,,1.7,,7.1,,,"9",,"9",,"9",,"9",,"9",,"9",,"9",,"9",,"9",,"9",,"9",,"9",,"9",,"9",,"9",,"9",1,,0,,Z,"18",,,"9",,"8"
"352200375",WARSZAWA,"2026","01","19",-6.3,,-13.8,,-10.5,,-15.8,,,"9",,17,,1.7,,7.1,,,"9",,"9",,"9",,"9",,"9",11.6,,,"9",,"9",,"9",,"9",,"9",,"9",,"9",,"9",,"9",,"9",1,,0,,Z,"20",,,"9",,"8"
"352200375",WARSZAWA,"2026","01","20",-1.7,,-13.9,,-8.8,,-18.3,,,"9",,17,,1.8,,7.1,,,"9",,"9",,"9",,"9",,"9",19.3,,,"9",,"9",,"9",,"9",4.8,,,"9",,"9",,"9",,"9",,"9",1,,0,,Z,"24",,,"9",,"8"
"352200375",WARSZAWA,"2026","01","21",-0.6,,-14.3,,-7.4,,-18.6,,,"9",,17,,1.5,,7.1,,,"9",,"9",,"9",,"9",,"9",17.4,,,"9",,"9",,"9",,"9",2.0,,,"9",,"9",,"9",,"9",,"9",1,,0,,Z,"28",,,"9",,"8"
"352200375",WARSZAWA,"2026","01","22",-3.4,,-12.6,,-9.0,,-17.9,,0.0,,S,17,,1.8,,7.2,,,"9",0.8,,,"9",,"9",,"9",19.1,,,"9",,"9",,"9",,"9",,"9",,"9",,"9",,"9",,"9",,"9",1,,0,,Z,"31",,,"9",,"8"
"352200375",WARSZAWA,"2026","01","23",-5.2,,-11.1,,-7.0,,-11.2,,0.0,,S,17,,1.7,,,"9",,"9",17.3,,,"9",,"9",,"9",21.5,,,"9",,"9",,"9",,"9",,"9",,"9",,"9",,"9",,"9",,"9",1,,0,,Z,"31",,,"9",,"8"
"352200375",WARSZAWA,"2026","01","24",-4.9,,-7.5,,-6.0,,-7.3,,0.0,,S,17,,1.6,,,"9",,"9",10.9,,,"9",,"9",,"9",17.9,,,"9",,"9",,"9",,"9",,"9",,"9",,"9",,"9",,"9",,"9",1,,0,,Z,"32",,,"9",,"8"
"352200375",WARSZAWA,"2026","01","25",-4.4,,-5.6,,-4.9,,-5.6,,0.0,,S,17,,1.9,,,"9",,"9",3.7,,,"9",,"9",,"9",15.9,,,"9",,"9",,"9",,"9",,"9",,"9",,"9",,"9",,"9",,"9",1,,0,,Z,"32",,,"9",,"8"
"352200375",WARSZAWA,"2026","01","26",1.5,,-4.7,,-1.1,,-5.6,,0.2,,W,17,,1.9,,,"9",3.5,,,"9",,"9",,"9",,"9",24.0,,,"9",7.3,,,"9",,"9",,"9",,"9",,"9",,"9",,"9",,"9",1,,0,,Z,"32",,,"9",,"8"
"352200375",WARSZAWA,"2026","01","27",2.0,,-3.2,,0.0,,-5.4,,1.6,,S,17,,1.8,,0.2,,,"9",2.3,,,"9",,"9",3.9,,20.1,,,"9",,"9",,"9",,"9",,"9",,"9",,"9",,"9",,"9",,"9",1,,0,,Z,"32",,,"9",,"8"
"352200375",WARSZAWA,"2026","01","28",0.6,,-1.0,,-0.1,,-1.9,,0.0,,S,21,,1.9,,,"9",,"9",10.1,,,"9",,"9",,"9",24.0,,,"9",,"9",,"9",,"9",,"9",,"9",,"9",,"9",,"9",,"9",1,,0,,Z,"31",,,"9",,"8"
"352200375",WARSZAWA,"2026","01","29",0.6,,-4.4,,-3.1,,-4.5,,0.0,,S,21,,1.9,,,"9",,"9",0.9,,,"9",,"9",,"9",24.0,,,"9",,"9",,"9",,"9",,"9",,"9",,"9",,"9",,"9",,"9",1,,0,,Z,"29",,,"9",,"8"
"352200375",WARSZAWA,"2026","01","30",-4.1,,-7.1,,-5.9,,-7.2,,,"9",,20,,1.9,,,"9",,"9",,"9",,"9",,"9",,"9",13.5,,,"9",,"9",,"9",,"9",,"9",,"9",,"9",,"9",,"9",,"9",1,,0,,Z,"27",,,"9",,"8"
"352200375",WARSZAWA,"2026","01","31",-7.1,,-14.3,,-11.8,,-15.3,,,"9",,20,,1.9,,7.9,,,"9",,"9",,"9",,"9",,"9",,"9",,"9",,"9",,"9",,"9",,"9",,"9",,"9",,"9",,"9",,"9",1,,0,,Z,"27",,,"9",,"8"
"352220385",SIEDLCE,"2026","01","01",1.0,,-7.9,,-2.3,,-12.4,,0.3,,S,2,,,"9",,"9",,"8",,"8",,"8",,"8",,"8",,"8",,"8",,"8",,"8",,"8",,"8",,"8",,"8",,"8",,"8",,"8",1,,,"8",Z,"01",,,"9",,"8"
"352220385",SIEDLCE,"2026","01","02",2.0,,-0.1,,1.2,,-0.6,,0.7,,S,4,,,"9",,"9",,"8",,"8",,"8",,"8",,"8",,"8",,"8",,"8",,"8",,"8",,"8",,"8",,"8",,"8",,"8",,"8",1,,,"8",Z,"01",,,"9",,"8"
"352220385",SIEDLCE,"2026","01","03",1.8,,-2.6,,-0.7,,-3.0,,0.1,,S,6,,1.3,,0.2,,,"8",,"8",,"8",,"8",,"8",,"8",,"8",,"8",,"8",,"8",,"8",,"8",,"8",,"8",,"8",,"8",1,,,"8",Z,"01",,,"9",,"8"
"352220385",SIEDLCE,"2026","01","04",0.6,,-3.5,,-1.9,,-4.7,,0.2,,S,6,,1.5,,3.8,,,"8",,"8",,"8",,"8",,"8",,"8",,"8",,"8",,"8",,"8",,"8",,"8",,"8",,"8",,"8",,"8",1,,,"8",Z,"01",,,"9",,"8"
"352220385",SIEDLCE,"2026","01","05",0.0,,-7.2,,-4.4,,-14.8,,,"9",,7,,1.4,,5.1,,,"8",,"8",,"8",,"8",,"8",,"8",,"8",,"8",,"8",,"8",,"8",,"8",,"8",,"8",,"8",,"8",1,,,"8",Z,"01",,,"9",,"8"
"352220385",SIEDLCE,"2026","01","06",-2.3,,-9.9,,-4.8,,-16.2,,,"9",,6,,2.2,,,"9",,"8",,"8",,"8",,"8",,"8",,"8",,"8",,"8",,"8",,"8",,"8",,"8",,"8",,"8",,"8",,"8",1,,,"8",Z,"01",,,"9",,"8"
"352220385",SIEDLCE,"2026","01","07",-5.0,,-9.6,,-7.4,,-14.8,,0.0,,W,5,,1.6,,,"9",,"8",,"8",,"8",,"8",,"8",,"8",,"8",,"8",,"8",,"8",,"8",,"8",,"8",,"8",,"8",,"8",1,,,"8",Z,"01",,,"9",,"8"
"352220385",SIEDLCE,"2026","01","08",-5.9,,-9.2,,-6.9,,-10.3,,0.4,,S,5,,2.0,,,"9",,"8",,"8",,"8",,"8",,"8",,"8",,"8",,"8",,"8",,"8",,"8",,"8",,"8",,"8",,"8",,"8",1,,,"8",Z,"01",,,"9",,"8"
"352220385",SIEDLCE,"2026","01","09",-7.3,,-11.7,,-9.5,,-13.6,,0.0,,S,6,,1.5,,0.5,,,"8",,"8",,"8",,"8",,"8",,"8",,"8",,"8",,"8",,"8",,"8",,"8",,"8",,"8",,"8",,"8",1,,,"8",Z,"01",,,"9",,"8"
"352220385",SIEDLCE,"2026","01","10",-8.2,,-16.0,,-11.2,,-19.8,,0.5,,S,7,,1.6,,0.5,,,"8",,"8",,"8",,"8",,"8",,"8",,"8",,"8",,"8",,"8",,"8",,"8",,"8",,"8",,"8",,"8",1,,,"8",Z,"01",,,"9",,"8"
"352220385",SIEDLCE,"2026","01","11",-5.5,,-8.4,,-6.7,,-12.8,,0.3,,S,11,,1.5,,,"9",,"8",,"8",,"8",,"8",,"8",,"8",,"8",,"8",,"8",,"8",,"8",,"8",,"8",,"8",,"8",,"8",1,,,"8",Z,"01",,,"9",,"8"
"352220385",SIEDLCE,"2026","01","12",-5.7,,-14.1,,-9.4,,-23.3,,0.0,,S,11,,1.4,,6.3,,,"8",,"8",,"8",,"8",,"8",,"8",,"8",,"8",,"8",,"8",,"8",,"8",,"8",,"8",,"8",,"8",1,,,"8",Z,"01",,,"9",,"8"
"352220385",SIEDLCE,"2026","01","13",-5.6,,-16.3,,-11.4,,-23.4,,0.0,,S,10,,1.1,,1.2,,,"8",,"8",,"8",,"8",,"8",,"8",,"8",,"8",,"8",,"8",,"8",,"8",,"8",,"8",,"8",,"8",1,,,"8",Z,"01",,,"9",,"8"
"352220385",SIEDLCE,"2026","01","14",-6.9,,-17.5,,-9.8,,-23.3,,6.0,,S,9,,1.2,,,"9",,"8",,"8",,"8",,"8",,"8",,"8",,"8",,"8",,"8",,"8",,"8",,"8",,"8",,"8",,"8",,"8",1,,,"8",Z,"05",,,"9",,"8"
"352220385",SIEDLCE,"2026","01","15",-3.5,,-6.9,,-5.2,,-6.9,,0.0,,S,15,,1.5,,,"9",,"8",,"8",,"8",,"8",,"8",,"8",,"8",,"8",,"8",,"8",,"8",,"8",,"8",,"8",,"8",,"8",1,,,"8",Z,"01",,,"9",,"8"
"352220385",SIEDLCE,"2026","01","16",-5.0,,-9.8,,-7.6,,-11.4,,,"9",,15,,1.6,,1.5,,,"8",,"8",,"8",,"8",,"8",,"8",,"8",,"8",,"8",,"8",,"8",,"8",,"8",,"8",,"8",,"8",1,,,"8",Z,"01",,,"9",,"8"
"352220385",SIEDLCE,"2026","01","17",-3.1,,-11.3,,-8.5,,-12.9,,0.0,,S,14,,1.6,,7.2,,,"8",,"8",,"8",,"8",,"8",,"8",,"8",,"8",,"8",,"8",,"8",,"8",,"8",,"8",,"8",,"8",1,,,"8",Z,"01",,,"9",,"8"
"352220385",SIEDLCE,"2026","01","18",-6.7,,-15.0,,-11.5,,-17.0,,0.0,,S,14,,1.7,,7.2,,,"8",,"8",,"8",,"8",,"8",,"8",,"8",,"8",,"8",,"8",,"8",,"8",,"8",,"8",,"8",,"8",1,,,"8",Z,"01",,,"9",,"8"
"352220385",SIEDLCE,"2026","01","19",-7.9,,-14.9,,-12.2,,-22.4,,,"9",,13,,1.7,,7.3,,,"8",,"8",,"8",,"8",,"8",,"8",,"8",,"8",,"8",,"8",,"8",,"8",,"8",,"8",,"8",,"8",1,,,"8",Z,"01",,,"9",,"8"
"352220385",SIEDLCE,"2026","01","20",-2.9,,-19.8,,-12.0,,-25.5,,,"9",,13,,2.1,,7.3,,,"8",,"8",,"8",,"8",,"8",,"8",,"8",,"8",,"8",,"8",,"8",,"8",,"8",,"8",,"8",,"8",1,,,"8",Z,"01",,,"9",,"8"
"352220385",SIEDLCE,"2026","01","21",-1.1,,-19.7,,-11.9,,-24.8,,0.0,,S,13,,1.7,,7.3,,,"8",,"8",,"8",,"8",,"8",,"8",,"8",,"8",,"8",,"8",,"8",,"8",,"8",,"8",,"8",,"8",1,,,"8",Z,"05",,,"9",,"8"
"352220385",SIEDLCE,"2026","01","22",-7.5,,-18.3,,-12.6,,-25.1,,0.0,,S,13,,1.7,,7.0,,,"8",,"8",,"8",,"8",,"8",,"8",,"8",,"8",,"8",,"8",,"8",,"8",,"8",,"8",,"8",,"8",1,,,"8",Z,"07",,,"9",,"8"
"352220385",SIEDLCE,"2026","01","23",-5.7,,-10.7,,-7.4,,-10.8,,0.0,,S,13,,1.8,,,"9",,"8",,"8",,"8",,"8",,"8",,"8",,"8",,"8",,"8",,"8",,"8",,"8",,"8",,"8",,"8",,"8",1,,,"8",Z,"05",,,"9",,"8"
"352220385",SIEDLCE,"2026","01","24",-5.1,,-8.6,,-6.9,,-8.6,,0.0,,S,13,,1.8,,,"9",,"8",,"8",,"8",,"8",,"8",,"8",,"8",,"8",,"8",,"8",,"8",,"8",,"8",,"8",,"8",,"8",1,,,"8",Z,"01",,,"9",,"8"
"352220385",SIEDLCE,"2026","01","25",-4.9,,-6.9,,-5.9,,-7.0,,0.0,,S,13,,1.8,,,"9",,"8",,"8",,"8",,"8",,"8",,"8",,"8",,"8",,"8",,"8",,"8",,"8",,"8",,"8",,"8",,"8",1,,,"8",Z,"01",,,"9",,"8"
"352220385",SIEDLCE,"2026","01","26",1.0,,-4.9,,-1.6,,-5.1,,0.3,,W,13,,1.9,,,"9",,"8",,"8",,"8",,"8",,"8",,"8",,"8",,"8",,"8",,"8",,"8",,"8",,"8",,"8",,"8",,"8",1,,,"8",Z,"01",,,"9",,"8"
"352220385",SIEDLCE,"2026","01","27",2.0,,0.5,,1.0,,0.1,,2.3,,S,12,,2.2,,,"9",,"8",,"8",,"8",,"8",,"8",,"8",,"8",,"8",,"8",,"8",,"8",,"8",,"8",,"8",,"8",,"8",1,,,"8",Z,"01",,,"9",,"8"
"352220385",SIEDLCE,"2026","01","28",1.1,,-0.1,,0.1,,-0.3,,1.7,,S,15,,1.7,,,"9",,"8",,"8",,"8",,"8",,"8",,"8",,"8",,"8",,"8",,"8",,"8",,"8",,"8",,"8",,"8",,"8",1,,,"8",Z,"01",,,"9",,"8"
"352220385",SIEDLCE,"2026","01","29",0.0,,-4.3,,-3.6,,-4.3,,0.0,,S,16,,1.8,,,"9",,"8",,"8",,"8",,"8",,"8",,"8",,"8",,"8",,"8",,"8",,"8",,"8",,"8",,"8",,"8",,"8",1,,,"8",Z,"01",,,"9",,"8"
"352220385",SIEDLCE,"2026","01","30",-4.1,,-10.3,,-7.3,,-11.2,,0.0,,S,15,,1.7,,,"9",,"8",,"8",,"8",,"8",,"8",,"8",,"8",,"8",,"8",,"8",,"8",,"8",,"8",,"8",,"8",,"8",1,,,"8",Z,"01",,,"9",,"8"
"352220385",SIEDLCE,"2026","01","31",-8.3,,-15.4,,-12.7,,-18.8,,,"9",,15,,1.7,,8.2,,,"8",,"8",,"8",,"8",,"8",,"8",,"8",,"8",,"8",,"8",,"8",,"8",,"8",,"8",,"8",,"8",1,,,"8",Z,"01",,,"9",,"8"
"352230399",TERESPOL,"2026","01","01",-0.5,,-16.3,,-7.0,,-17.8,,0.6,,S,1,,,"9",,"9",,"8",,"8",,"8",,"8",,"8",,"8",,"8",,"8",,"8",,"8",,"8",,"8",,"8",,"8",,"8",,"8",1,,,"8",Z,"16",,,"9",,"8"
"352230399",TERESPOL,"2026","01","02",1.5,,-0.7,,0.6,,-1.0,,0.3,,S,3,,,"9",,"9",,"8",,"8",,"8",,"8",,"8",,"8",,"8",,"8",,"8",,"8",,"8",,"8",,"8",,"8",,"8",,"8",1,,,"8",Z,"12",,"04",,,"8"
"352230399",TERESPOL,"2026","01","03",1.5,,-2.1,,-0.7,,-3.2,,0.3,,S,3,,,"9",0.2,,,"8",,"8",,"8",,"8",,"8",,"8",,"8",,"8",,"8",,"8",,"8",,"8",,"8",,"8",,"8",,"8",1,,,"8",Z,"10",,,"9",,"8"
"352230399",TERESPOL,"2026","01","04",0.6,,-3.8,,-1.9,,-5.1,,0.0,,W,3,,,"9",4.3,,,"8",,"8",,"8",,"8",,"8",,"8",,"8",,"8",,"8",,"8",,"8",,"8",,"8",,"8",,"8",,"8",1,,,"8",Z,"12",,,"9",,"8"
"352230399",TERESPOL,"2026","01","05",-0.9,,-5.2,,-3.2,,-11.2,,1.1,,S,3,,,"9",6.0,,,"8",,"8",,"8",,"8",,"8",,"8",,"8",,"8",,"8",,"8",,"8",,"8",,"8",,"8",,"8",,"8",1,,,"8",Z,"14",,,"9",,"8"
"352230399",TERESPOL,"2026","01","06",-2.2,,-3.7,,-3.1,,-5.4,,0.3,,S,4,,,"9",,"9",,"8",,"8",,"8",,"8",,"8",,"8",,"8",,"8",,"8",,"8",,"8",,"8",,"8",,"8",,"8",,"8",1,,,"8",Z,"14",,,"9",,"8"
"352230399",TERESPOL,"2026","01","07",-2.9,,-6.5,,-5.6,,-8.8,,,"9",,5,,1.5,,,"9",,"8",,"8",,"8",,"8",,"8",,"8",,"8",,"8",,"8",,"8",,"8",,"8",,"8",,"8",,"8",,"8",1,,,"8",Z,"12",,,"9",,"8"
"352230399",TERESPOL,"2026","01","08",-5.3,,-6.7,,-6.0,,-6.9,,2.6,,S,4,,,"9",,"9",,"8",,"8",,"8",,"8",,"8",,"8",,"8",,"8",,"8",,"8",,"8",,"8",,"8",,"8",,"8",,"8",1,,,"8",Z,"13",,,"9",,"8"
"352230399",TERESPOL,"2026","01","09",-6.5,,-12.1,,-9.2,,-13.3,,0.4,,S,8,,1.5,,0.1,,,"8",,"8",,"8",,"8",,"8",,"8",,"8",,"8",,"8",,"8",,"8",,"8",,"8",,"8",,"8",,"8",1,,,"8",Z,"14",,,"9",,"8"
"352230399",TERESPOL,"2026","01","10",-8.5,,-14.2,,-11.2,,-15.4,,1.6,,S,9,,1.3,,,"9",,"8",,"8",,"8",,"8",,"8",,"8",,"8",,"8",,"8",,"8",,"8",,"8",,"8",,"8",,"8",,"8",1,,,"8",Z,"15",,,"9",,"8"
"352230399",TERESPOL,"2026","01","11",-7.4,,-12.4,,-9.5,,-18.5,,0.0,,S,16,,1.4,,0.7,,,"8",,"8",,"8",,"8",,"8",,"8",,"8",,"8",,"8",,"8",,"8",,"8",,"8",,"8",,"8",,"8",1,,,"8",Z,"13",,,"9",,"8"
"352230399",TERESPOL,"2026","01","12",-8.6,,-15.3,,-10.5,,-25.0,,0.0,,S,17,,1.3,,0.5,,,"8",,"8",,"8",,"8",,"8",,"8",,"8",,"8",,"8",,"8",,"8",,"8",,"8",,"8",,"8",,"8",1,,,"8",Z,"13",,,"9",,"8"
"352230399",TERESPOL,"2026","01","13",-5.1,,-15.0,,-10.6,,-22.3,,,"9",,17,,1.2,,2.0,,,"8",,"8",,"8",,"8",,"8",,"8",,"8",,"8",,"8",,"8",,"8",,"8",,"8",,"8",,"8",,"8",1,,,"8",Z,"13",,,"9",,"8"
"352230399",TERESPOL,"2026","01","14",-8.7,,-18.6,,-12.5,,-23.3,,1.9,,S,16,,1.3,,,"9",,"8",,"8",,"8",,"8",,"8",,"8",,"8",,"8",,"8",,"8",,"8",,"8",,"8",,"8",,"8",,"8",1,,,"8",Z,"14",,,"9",,"8"
"352230399",TERESPOL,"2026","01","15",-6.6,,-8.7,,-7.6,,-8.4,,0.0,,S,19,,1.2,,,"9",,"8",,"8",,"8",,"8",,"8",,"8",,"8",,"8",,"8",,"8",,"8",,"8",,"8",,"8",,"8",,"8",1,,,"8",Z,"13",,,"9",,"8"
"352230399",TERESPOL,"2026","01","16",-8.0,,-12.9,,-10.9,,-13.3,,0.0,,S,18,,1.3,,3.2,,,"8",,"8",,"8",,"8",,"8",,"8",,"8",,"8",,"8",,"8",,"8",,"8",,"8",,"8",,"8",,"8",1,,,"8",Z,"13",,,"9",,"8"
"352230399",TERESPOL,"2026","01","17",-4.6,,-13.7,,-10.2,,-16.9,,,"9",,18,,1.3,,6.8,,,"8",,"8",,"8",,"8",,"8",,"8",,"8",,"8",,"8",,"8",,"8",,"8",,"8",,"8",,"8",,"8",1,,,"8",Z,"13",,,"9",,"8"
"352230399",TERESPOL,"2026","01","18",-8.7,,-16.6,,-13.0,,-21.8,,,"9",,18,,1.4,,6.7,,,"8",,"8",,"8",,"8",,"8",,"8",,"8",,"8",,"8",,"8",,"8",,"8",,"8",,"8",,"8",,"8",1,,,"8",Z,"14",,,"9",,"8"
"352230399",TERESPOL,"2026","01","19",-5.2,,-16.6,,-12.0,,-22.6,,,"9",,18,,1.5,,6.9,,,"8",,"8",,"8",,"8",,"8",,"8",,"8",,"8",,"8",,"8",,"8",,"8",,"8",,"8",,"8",,"8",1,,,"8",Z,"16",,,"9",,"8"
"352230399",TERESPOL,"2026","01","20",-4.6,,-19.9,,-13.1,,-24.8,,,"9",,17,,1.4,,6.8,,,"8",,"8",,"8",,"8",,"8",,"8",,"8",,"8",,"8",,"8",,"8",,"8",,"8",,"8",,"8",,"8",1,,,"8",Z,"17",,,"9",,"8"
"352230399",TERESPOL,"2026","01","21",-2.6,,-19.7,,-12.3,,-23.7,,,"9",,17,,1.4,,7.0,,,"8",,"8",,"8",,"8",,"8",,"8",,"8",,"8",,"8",,"8",,"8",,"8",,"8",,"8",,"8",,"8",1,,,"8",Z,"19",,,"9",,"8"
"352230399",TERESPOL,"2026","01","22",-10.3,,-17.4,,-12.3,,-23.7,,0.0,,S,17,,1.3,,2.5,,,"8",,"8",,"8",,"8",,"8",,"8",,"8",,"8",,"8",,"8",,"8",,"8",,"8",,"8",,"8",,"8",1,,,"8",Z,"20",,,"9",,"8"
"352230399",TERESPOL,"2026","01","23",-5.8,,-10.6,,-7.5,,-10.4,,0.0,,S,18,,1.4,,,"9",,"8",,"8",,"8",,"8",,"8",,"8",,"8",,"8",,"8",,"8",,"8",,"8",,"8",,"8",,"8",,"8",1,,,"8",Z,"20",,,"9",,"8"
"352230399",TERESPOL,"2026","01","24",-5.8,,-9.1,,-7.4,,-8.5,,0.3,,S,18,,1.3,,,"9",,"8",,"8",,"8",,"8",,"8",,"8",,"8",,"8",,"8",,"8",,"8",,"8",,"8",,"8",,"8",,"8",1,,,"8",Z,"20",,,"9",,"8"
"352230399",TERESPOL,"2026","01","25",-5.7,,-7.8,,-6.6,,-7.8,,0.0,,S,20,,1.3,,,"9",,"8",,"8",,"8",,"8",,"8",,"8",,"8",,"8",,"8",,"8",,"8",,"8",,"8",,"8",,"8",,"8",1,,,"8",Z,"20",,,"9",,"8"
"352230399",TERESPOL,"2026","01","26",0.8,,-5.7,,-2.0,,-5.9,,2.4,,W,20,,1.4,,,"9",,"8",,"8",,"8",,"8",,"8",,"8",,"8",,"8",,"8",,"8",,"8",,"8",,"8",,"8",,"8",,"8",1,,,"8",Z,"20",,,"9",,"8"
"352230399",TERESPOL,"2026","01","27",1.8,,0.7,,1.0,,0.2,,0.0,,S,16,,1.7,,,"9",,"8",,"8",,"8",,"8",,"8",,"8",,"8",,"8",,"8",,"8",,"8",,"8",,"8",,"8",,"8",,"8",1,,,"8",Z,"20",,"05",,,"8"
"352230399",TERESPOL,"2026","01","28",1.0,,-0.9,,0.0,,-0.8,,2.6,,S,13,,1.8,,,"9",,"8",,"8",,"8",,"8",,"8",,"8",,"8",,"8",,"8",,"8",,"8",,"8",,"8",,"8",,"8",,"8",1,,,"8",Z,"20",,,"9",,"8"
"352230399",TERESPOL,"2026","01","29",0.4,,-2.8,,-1.8,,-2.6,,0.0,,S,17,,1.9,,,"9",,"8",,"8",,"8",,"8",,"8",,"8",,"8",,"8",,"8",,"8",,"8",,"8",,"8",,"8",,"8",,"8",1,,,"8",Z,"10",,,"9",,"8"
"352230399",TERESPOL,"2026","01","30",-2.7,,-11.9,,-8.2,,-13.0,,0.0,,W,16,,1.8,,,"9",,"8",,"8",,"8",,"8",,"8",,"8",,"8",,"8",,"8",,"8",,"8",,"8",,"8",,"8",,"8",,"8",1,,,"8",Z,"10",,,"9",,"8"
"352230399",TERESPOL,"2026","01","31",-9.4,,-15.6,,-12.6,,-18.5,,,"9",,16,,1.6,,7.5,,,"8",,"8",,"8",,"8",,"8",,"8",,"8",,"8",,"8",,"8",,"8",,"8",,"8",,"8",,"8",,"8",1,,,"8",Z,"15",,,"9",,"8"
"353140200",åWINOUJåCIE,"2026","01","01",3.1,,-0.1,,2.2,,-2.2,,3.9,,W,,"9",,"9",,"9",,"8",,"8",,"8",,"8",,"8",,"8",,"8",,"8",,"8",,"8",,"8",,"8",,"8",,"8",,"8",,"8",,"8",,"8",R,,"9",,"9",,"8"
"353140200",åWINOUJåCIE,"2026","01","02",2.8,,0.8,,1.7,,-0.5,,2.3,,S,,"9",,"9",,"9",,"8",,"8",,"8",,"8",,"8",,"8",,"8",,"8",,"8",,"8",,"8",,"8",,"8",,"8",,"8",,"8",,"8",,"8",R,,"9",,"9",,"8"
"353140200",åWINOUJåCIE,"2026","01","03",1.0,,-5.8,,-2.6,,-11.7,,1.9,,S,3,,,"9",0.5,,,"8",,"8",,"8",,"8",,"8",,"8",,"8",,"8",,"8",,"8",,"8",,"8",,"8",,"8",,"8",,"8",1,,,"8",R,,"9",,"9",,"8"
"353140200",åWINOUJåCIE,"2026","01","04",-0.9,,-6.1,,-3.1,,-11.5,,0.2,,S,5,,1.6,,1.4,,,"8",,"8",,"8",,"8",,"8",,"8",,"8",,"8",,"8",,"8",,"8",,"8",,"8",,"8",,"8",,"8",1,,,"8",R,"09",,"04",,,"8"
"353140200",åWINOUJåCIE,"2026","01","05",0.3,,-5.5,,-1.4,,-13.3,,0.2,,S,4,,,"9",,"9",,"8",,"8",,"8",,"8",,"8",,"8",,"8",,"8",,"8",,"8",,"8",,"8",,"8",,"8",,"8",,"8",1,,,"8",Z,"10",,,"9",,"8"
"353140200",åWINOUJåCIE,"2026","01","06",-1.2,,-5.2,,-3.3,,-12.8,,0.4,,S,5,,1.6,,0.2,,,"8",,"8",,"8",,"8",,"8",,"8",,"8",,"8",,"8",,"8",,"8",,"8",,"8",,"8",,"8",,"8",1,,,"8",Z,"10",,,"9",,"8"
"353140200",åWINOUJåCIE,"2026","01","07",-1.6,,-6.0,,-3.7,,-13.2,,,"9",,4,,,"9",2.1,,,"8",,"8",,"8",,"8",,"8",,"8",,"8",,"8",,"8",,"8",,"8",,"8",,"8",,"8",,"8",,"8",1,,,"8",Z,"17",,,"9",,"8"
"353140200",åWINOUJåCIE,"2026","01","08",-3.6,,-8.0,,-6.4,,-11.6,,,"9",,4,,,"9",2.1,,,"8",,"8",,"8",,"8",,"8",,"8",,"8",,"8",,"8",,"8",,"8",,"8",,"8",,"8",,"8",,"8",1,,,"8",Z,"30",,,"9",,"8"
"353140200",åWINOUJåCIE,"2026","01","09",-2.2,,-9.3,,-5.5,,-13.1,,,"9",,4,,,"9",,"9",,"8",,"8",,"8",,"8",,"8",,"8",,"8",,"8",,"8",,"8",,"8",,"8",,"8",,"8",,"8",,"8",1,,,"8",Z,"39",,,"9",,"8"
"353140200",åWINOUJåCIE,"2026","01","10",1.7,,-2.8,,-0.4,,-3.6,,0.0,,S,3,,,"9",,"9",,"8",,"8",,"8",,"8",,"8",,"8",,"8",,"8",,"8",,"8",,"8",,"8",,"8",,"8",,"8",,"8",1,,,"8",Z,"36",,,"9",,"8"
"353140200",åWINOUJåCIE,"2026","01","11",0.2,,-2.2,,-0.9,,-3.5,,,"9",,3,,,"9",1.5,,,"8",,"8",,"8",,"8",,"8",,"8",,"8",,"8",,"8",,"8",,"8",,"8",,"8",,"8",,"8",,"8",1,,,"8",R,"32",,"04",,,"8"
"353140200",åWINOUJåCIE,"2026","01","12",-1.7,,-8.6,,-4.7,,-11.3,,2.1,,S,3,,,"9",,"9",,"8",,"8",,"8",,"8",,"8",,"8",,"8",,"8",,"8",,"8",,"8",,"8",,"8",,"8",,"8",,"8",1,,,"8",Z,"42",,,"9",,"8"
"353140200",åWINOUJåCIE,"2026","01","13",0.3,,-3.4,,-1.3,,-3.5,,2.2,,W,4,,,"9",,"9",,"8",,"8",,"8",,"8",,"8",,"8",,"8",,"8",,"8",,"8",,"8",,"8",,"8",,"8",,"8",,"8",1,,,"8",Z,"36",,,"9",,"8"
"353140200",åWINOUJåCIE,"2026","01","14",4.8,,0.1,,2.3,,-1.1,,6.7,,W,4,,,"9",,"9",,"8",,"8",,"8",,"8",,"8",,"8",,"8",,"8",,"8",,"8",,"8",,"8",,"8",,"8",,"8",,"8",1,,,"8",R,,"9",,"9",,"8"
"353140200",åWINOUJåCIE,"2026","01","15",2.1,,-2.0,,0.6,,-4.6,,,"9",,,"9",,"9",,"9",,"8",,"8",,"8",,"8",,"8",,"8",,"8",,"8",,"8",,"8",,"8",,"8",,"8",,"8",,"8",,"8",,"8",,"8",Z,"10",,,"9",,"8"
"353140200",åWINOUJåCIE,"2026","01","16",3.0,,1.7,,2.0,,1.2,,,"9",,,"9",,"9",,"9",,"8",,"8",,"8",,"8",,"8",,"8",,"8",,"8",,"8",,"8",,"8",,"8",,"8",,"8",,"8",,"8",,"8",,"8",R,,"9",,"9",,"8"
"353140200",åWINOUJåCIE,"2026","01","17",2.1,,0.9,,1.5,,0.9,,,"9",,,"9",,"9",,"9",,"8",,"8",,"8",,"8",,"8",,"8",,"8",,"8",,"8",,"8",,"8",,"8",,"8",,"8",,"8",,"8",,"8",,"8",R,,"9",,"9",,"8"
"353140200",åWINOUJåCIE,"2026","01","18",2.4,,-1.2,,0.3,,-1.9,,,"9",,,"9",,"9",2.3,,,"8",,"8",,"8",,"8",,"8",,"8",,"8",,"8",,"8",,"8",,"8",,"8",,"8",,"8",,"8",,"8",,"8",,"8",R,,"9",,"9",,"8"
"353140200",åWINOUJåCIE,"2026","01","19",1.3,,-4.3,,-1.6,,-5.4,,,"9",,,"9",,"9",2.4,,,"8",,"8",,"8",,"8",,"8",,"8",,"8",,"8",,"8",,"8",,"8",,"8",,"8",,"8",,"8",,"8",,"8",,"8",Z,"19",,,"9",,"8"
"353140200",åWINOUJåCIE,"2026","01","20",0.8,,-5.2,,-2.9,,-8.1,,,"9",,,"9",,"9",2.3,,,"8",,"8",,"8",,"8",,"8",,"8",,"8",,"8",,"8",,"8",,"8",,"8",,"8",,"8",,"8",,"8",,"8",,"8",Z,"39",,,"9",,"8"
"353140200",åWINOUJåCIE,"2026","01","21",-1.6,,-8.7,,-4.7,,-11.7,,,"9",,,"9",,"9",2.4,,,"8",,"8",,"8",,"8",,"8",,"8",,"8",,"8",,"8",,"8",,"8",,"8",,"8",,"8",,"8",,"8",,"8",,"8",Z,"46",,,"9",,"8"
"353140200",åWINOUJåCIE,"2026","01","22",-2.1,,-4.4,,-3.1,,-6.3,,,"9",,,"9",,"9",2.3,,,"8",,"8",,"8",,"8",,"8",,"8",,"8",,"8",,"8",,"8",,"8",,"8",,"8",,"8",,"8",,"8",,"8",,"8",Z,"48",,,"9",,"8"
"353140200",åWINOUJåCIE,"2026","01","23",-2.4,,-10.2,,-7.2,,-10.1,,,"9",,,"9",,"9",,"9",,"8",,"8",,"8",,"8",,"8",,"8",,"8",,"8",,"8",,"8",,"8",,"8",,"8",,"8",,"8",,"8",,"8",,"8",Z,"50",,,"9",,"8"
"353140200",åWINOUJåCIE,"2026","01","24",-1.7,,-5.8,,-3.3,,-5.8,,,"9",,,"9",,"9",,"9",,"8",,"8",,"8",,"8",,"8",,"8",,"8",,"8",,"8",,"8",,"8",,"8",,"8",,"8",,"8",,"8",,"8",,"8",Z,"63",,,"9",,"8"
"353140200",åWINOUJåCIE,"2026","01","25",-0.9,,-3.6,,-2.4,,-3.5,,3.1,,W,,"9",,"9",,"9",,"8",,"8",,"8",,"8",,"8",,"8",,"8",,"8",,"8",,"8",,"8",,"8",,"8",,"8",,"8",,"8",,"8",,"8",Z,"60",,,"9",,"8"
"353140200",åWINOUJåCIE,"2026","01","26",-0.5,,-2.1,,-1.1,,-2.4,,5.7,,S,,"9",,"9",,"9",,"8",,"8",,"8",,"8",,"8",,"8",,"8",,"8",,"8",,"8",,"8",,"8",,"8",,"8",,"8",,"8",,"8",,"8",Z,"55",,,"9",,"8"
"353140200",åWINOUJåCIE,"2026","01","27",0.4,,-0.7,,-0.2,,-1.0,,0.6,,S,1,,,"9",,"9",,"8",,"8",,"8",,"8",,"8",,"8",,"8",,"8",,"8",,"8",,"8",,"8",,"8",,"8",,"8",,"8",1,,,"8",R,,"9",,"9",,"8"
"353140200",åWINOUJåCIE,"2026","01","28",0.2,,-0.8,,-0.3,,-1.9,,,"9",,1,,,"9",,"9",,"8",,"8",,"8",,"8",,"8",,"8",,"8",,"8",,"8",,"8",,"8",,"8",,"8",,"8",,"8",,"8",1,,,"8",R,,"9",,"9",,"8"
"353140200",åWINOUJåCIE,"2026","01","29",-0.2,,-3.7,,-2.8,,-3.9,,,"9",,1,,,"9",,"9",,"8",,"8",,"8",,"8",,"8",,"8",,"8",,"8",,"8",,"8",,"8",,"8",,"8",,"8",,"8",,"8",1,,,"8",Z,"05",,,"9",,"8"
"353140200",åWINOUJåCIE,"2026","01","30",-2.4,,-4.2,,-3.4,,-4.4,,,"9",,1,,,"9",,"9",,"8",,"8",,"8",,"8",,"8",,"8",,"8",,"8",,"8",,"8",,"8",,"8",,"8",,"8",,"8",,"8",1,,,"8",Z,"20",,,"9",,"8"
"353140200",åWINOUJåCIE,"2026","01","31",-3.1,,-9.2,,-7.2,,-8.9,,,"9",,1,,,"9",3.3,,,"8",,"8",,"8",,"8",,"8",,"8",,"8",,"8",,"8",,"8",,"8",,"8",,"8",,"8",,"8",,"8",1,,,"8",Z,"48",,,"9",,"8"
"353140205",SZCZECIN,"2026","01","01",3.3,,-1.2,,2.3,,-6.7,,2.9,,S,,"9",,"9",,"9",,"8",,"8",,"8",,"8",,"8",,"8",,"8",,"8",,"8",,"8",,"8",,"8",,"8",,"8",,"8",,"8",,"8",,"8",Z,"01",,,"9",,"8"
"353140205",SZCZECIN,"2026","01","02",3.2,,0.8,,2.0,,0.0,,0.2,,S,,"9",,"9",,"9",,"8",,"8",,"8",,"8",,"8",,"8",,"8",,"8",,"8",,"8",,"8",,"8",,"8",,"8",,"8",,"8",,"8",,"8",R,,"9",,"9",,"8"
"353140205",SZCZECIN,"2026","01","03",1.7,,-4.6,,-1.1,,-7.5,,0.7,,S,0,,,"9",,"9",,"8",,"8",,"8",,"8",,"8",,"8",,"8",,"8",,"8",,"8",,"8",,"8",,"8",,"8",,"8",,"8",,"8",,"8",Z,"01",,,"9",,"8"
"353140205",SZCZECIN,"2026","01","04",-0.7,,-5.1,,-2.6,,-7.5,,0.5,,S,0,,,"9",5.0,,,"8",,"8",,"8",,"8",,"8",,"8",,"8",,"8",,"8",,"8",,"8",,"8",,"8",,"8",,"8",,"8",,"8",,"8",Z,"09",,,"9",,"8"
"353140205",SZCZECIN,"2026","01","05",0.3,,-7.6,,-1.0,,-10.8,,0.0,,S,1,,,"9",,"9",,"8",,"8",,"8",,"8",,"8",,"8",,"8",,"8",,"8",,"8",,"8",,"8",,"8",,"8",,"8",,"8",1,,,"8",Z,"10",,,"9",,"8"
"353140205",SZCZECIN,"2026","01","06",-0.9,,-6.6,,-3.9,,-9.6,,0.0,,S,1,,,"9",3.9,,,"8",,"8",,"8",,"8",,"8",,"8",,"8",,"8",,"8",,"8",,"8",,"8",,"8",,"8",,"8",,"8",1,,,"8",Z,"12",,,"9",,"8"
"353140205",SZCZECIN,"2026","01","07",-1.2,,-7.4,,-4.5,,-13.2,,,"9",,1,,,"9",5.5,,,"8",,"8",,"8",,"8",,"8",,"8",,"8",,"8",,"8",,"8",,"8",,"8",,"8",,"8",,"8",,"8",1,,,"8",Z,"12",,,"9",,"8"
"353140205",SZCZECIN,"2026","01","08",-4.4,,-10.1,,-7.5,,-11.3,,,"9",,1,,,"9",6.1,,,"8",,"8",,"8",,"8",,"8",,"8",,"8",,"8",,"8",,"8",,"8",,"8",,"8",,"8",,"8",,"8",1,,,"8",Z,"17",,,"9",,"8"
"353140205",SZCZECIN,"2026","01","09",-4.9,,-12.0,,-7.8,,-13.2,,,"9",,1,,,"9",,"9",,"8",,"8",,"8",,"8",,"8",,"8",,"8",,"8",,"8",,"8",,"8",,"8",,"8",,"8",,"8",,"8",1,,,"8",R,"20",,"04",,,"8"
"353140205",SZCZECIN,"2026","01","10",2.2,,-8.5,,-2.3,,-11.4,,0.3,,S,1,,,"9",1.6,,,"8",,"8",,"8",,"8",,"8",,"8",,"8",,"8",,"8",,"8",,"8",,"8",,"8",,"8",,"8",,"8",1,,,"8",Z,"21",,,"9",,"8"
"353140205",SZCZECIN,"2026","01","11",0.0,,-4.6,,-2.7,,-5.7,,,"9",,2,,,"9",1.5,,,"8",,"8",,"8",,"8",,"8",,"8",,"8",,"8",,"8",,"8",,"8",,"8",,"8",,"8",,"8",,"8",1,,,"8",Z,"20",,,"9",,"8"
"353140205",SZCZECIN,"2026","01","12",-2.8,,-10.3,,-5.4,,-11.1,,1.0,,S,2,,,"9",0.6,,,"8",,"8",,"8",,"8",,"8",,"8",,"8",,"8",,"8",,"8",,"8",,"8",,"8",,"8",,"8",,"8",1,,,"8",Z,"24",,,"9",,"8"
"353140205",SZCZECIN,"2026","01","13",1.3,,-3.3,,-1.0,,-3.4,,3.0,,S,2,,,"9",,"9",,"8",,"8",,"8",,"8",,"8",,"8",,"8",,"8",,"8",,"8",,"8",,"8",,"8",,"8",,"8",,"8",1,,,"8",R,"22",,"04",,,"8"
"353140205",SZCZECIN,"2026","01","14",5.5,,0.6,,3.0,,-2.2,,5.2,,W,,"9",,"9",,"9",,"8",,"8",,"8",,"8",,"8",,"8",,"8",,"8",,"8",,"8",,"8",,"8",,"8",,"8",,"8",,"8",,"8",,"8",Z,"20",,,"9",,"8"
"353140205",SZCZECIN,"2026","01","15",3.3,,-4.2,,0.5,,-7.2,,0.4,,W,,"9",,"9",,"9",,"8",,"8",,"8",,"8",,"8",,"8",,"8",,"8",,"8",,"8",,"8",,"8",,"8",,"8",,"8",,"8",,"8",,"8",Z,"10",,,"9",,"8"
"353140205",SZCZECIN,"2026","01","16",4.6,,1.6,,2.6,,-0.9,,,"9",,,"9",,"9",2.8,,,"8",,"8",,"8",,"8",,"8",,"8",,"8",,"8",,"8",,"8",,"8",,"8",,"8",,"8",,"8",,"8",,"8",,"8",R,,"9",,"9",,"8"
"353140205",SZCZECIN,"2026","01","17",2.8,,1.2,,1.8,,-1.5,,,"9",,,"9",,"9",,"9",,"8",,"8",,"8",,"8",,"8",,"8",,"8",,"8",,"8",,"8",,"8",,"8",,"8",,"8",,"8",,"8",,"8",,"8",R,,"9",,"9",,"8"
"353140205",SZCZECIN,"2026","01","18",2.4,,-2.1,,-0.1,,-2.8,,,"9",,,"9",,"9",7.3,,,"8",,"8",,"8",,"8",,"8",,"8",,"8",,"8",,"8",,"8",,"8",,"8",,"8",,"8",,"8",,"8",,"8",,"8",Z,"01",,,"9",,"8"
"353140205",SZCZECIN,"2026","01","19",3.0,,-4.6,,-1.7,,-5.8,,,"9",,,"9",,"9",7.5,,,"8",,"8",,"8",,"8",,"8",,"8",,"8",,"8",,"8",,"8",,"8",,"8",,"8",,"8",,"8",,"8",,"8",,"8",Z,"17",,,"9",,"8"
"353140205",SZCZECIN,"2026","01","20",2.5,,-6.8,,-3.4,,-8.7,,,"9",,,"9",,"9",7.5,,,"8",,"8",,"8",,"8",,"8",,"8",,"8",,"8",,"8",,"8",,"8",,"8",,"8",,"8",,"8",,"8",,"8",,"8",Z,"19",,,"9",,"8"
"353140205",SZCZECIN,"2026","01","21",0.0,,-9.9,,-5.5,,-12.1,,,"9",,,"9",,"9",7.5,,,"8",,"8",,"8",,"8",,"8",,"8",,"8",,"8",,"8",,"8",,"8",,"8",,"8",,"8",,"8",,"8",,"8",,"8",Z,"27",,,"9",,"8"
"353140205",SZCZECIN,"2026","01","22",-0.9,,-12.4,,-7.4,,-13.5,,,"9",,,"9",,"9",6.7,,,"8",,"8",,"8",,"8",,"8",,"8",,"8",,"8",,"8",,"8",,"8",,"8",,"8",,"8",,"8",,"8",,"8",,"8",Z,"35",,,"9",,"8"
"353140205",SZCZECIN,"2026","01","23",-5.0,,-10.1,,-7.3,,-10.7,,0.0,,S,,"9",,"9",,"9",,"8",,"8",,"8",,"8",,"8",,"8",,"8",,"8",,"8",,"8",,"8",,"8",,"8",,"8",,"8",,"8",,"8",,"8",Z,"39",,,"9",,"8"
"353140205",SZCZECIN,"2026","01","24",-1.8,,-5.6,,-3.5,,-5.5,,0.0,,S,0,,,"9",,"9",,"8",,"8",,"8",,"8",,"8",,"8",,"8",,"8",,"8",,"8",,"8",,"8",,"8",,"8",,"8",,"8",,"8",,"8",Z,"37",,,"9",,"8"
"353140205",SZCZECIN,"2026","01","25",-1.2,,-4.0,,-2.7,,-4.3,,2.7,,S,0,,,"9",,"9",,"8",,"8",,"8",,"8",,"8",,"8",,"8",,"8",,"8",,"8",,"8",,"8",,"8",,"8",,"8",,"8",,"8",,"8",R,"36",,"04",,,"8"
"353140205",SZCZECIN,"2026","01","26",-0.1,,-2.7,,-0.9,,-2.8,,6.4,,S,,"9",,"9",,"9",,"8",,"8",,"8",,"8",,"8",,"8",,"8",,"8",,"8",,"8",,"8",,"8",,"8",,"8",,"8",,"8",,"8",,"8",Z,"31",,,"9",,"8"
"353140205",SZCZECIN,"2026","01","27",0.1,,-0.4,,-0.3,,-0.7,,1.4,,S,2,,,"9",,"9",,"8",,"8",,"8",,"8",,"8",,"8",,"8",,"8",,"8",,"8",,"8",,"8",,"8",,"8",,"8",,"8",1,,,"8",R,"23",,"10",,,"8"
"353140205",SZCZECIN,"2026","01","28",0.1,,-1.7,,-0.7,,-2.3,,,"9",,3,,,"9",,"9",,"8",,"8",,"8",,"8",,"8",,"8",,"8",,"8",,"8",,"8",,"8",,"8",,"8",,"8",,"8",,"8",1,,,"8",Z,"23",,,"9",,"8"
"353140205",SZCZECIN,"2026","01","29",-0.3,,-3.9,,-2.6,,-3.9,,0.0,,W,2,,,"9",,"9",,"8",,"8",,"8",,"8",,"8",,"8",,"8",,"8",,"8",,"8",,"8",,"8",,"8",,"8",,"8",,"8",1,,,"8",R,"20",,"04",,,"8"
"353140205",SZCZECIN,"2026","01","30",-2.9,,-4.9,,-4.0,,-4.8,,,"9",,2,,,"9",,"9",,"8",,"8",,"8",,"8",,"8",,"8",,"8",,"8",,"8",,"8",,"8",,"8",,"8",,"8",,"8",,"8",1,,,"8",Z,"28",,,"9",,"8"
"353140205",SZCZECIN,"2026","01","31",-3.6,,-10.3,,-7.9,,-10.2,,,"9",,2,,,"9",3.4,,,"8",,"8",,"8",,"8",,"8",,"8",,"8",,"8",,"8",,"8",,"8",,"8",,"8",,"8",,"8",,"8",1,,,"8",Z,"33",,,"9",,"8"
"353160230",PI£A,"2026","01","01",1.9,,-1.7,,0.6,,-1.8,,1.9,,S,1,,,"9",,"9",,"8",,"8",,"8",,"8",,"8",,"8",,"8",,"8",,"8",,"8",,"8",,"8",,"8",,"8",,"8",,"8",1,,,"8",R,,"9",,"9",,"8"
"353160230",PI£A,"2026","01","02",2.5,,0.5,,1.2,,0.0,,0.8,,S,1,,,"9",,"9",,"8",,"8",,"8",,"8",,"8",,"8",,"8",,"8",,"8",,"8",,"8",,"8",,"8",,"8",,"8",,"8",1,,,"8",R,,"9",,"9",,"8"
"353160230",PI£A,"2026","01","03",0.9,,-1.8,,-0.4,,-2.6,,3.2,,S,1,,,"9",1.4,,,"8",,"8",,"8",,"8",,"8",,"8",,"8",,"8",,"8",,"8",,"8",,"8",,"8",,"8",,"8",,"8",1,,,"8",Z,"01",,,"9",,"8"
"353160230",PI£A,"2026","01","04",-0.2,,-3.7,,-2.7,,-6.4,,0.0,,S,8,,1.0,,5.0,,,"8",,"8",,"8",,"8",,"8",,"8",,"8",,"8",,"8",,"8",,"8",,"8",,"8",,"8",,"8",,"8",1,,,"8",Z,"01",,,"9",,"8"
"353160230",PI£A,"2026","01","05",-1.0,,-9.9,,-4.1,,-18.1,,0.0,,S,6,,0.8,,,"9",,"8",,"8",,"8",,"8",,"8",,"8",,"8",,"8",,"8",,"8",,"8",,"8",,"8",,"8",,"8",,"8",1,,,"8",Z,"01",,,"9",,"8"
"353160230",PI£A,"2026","01","06",-2.3,,-12.9,,-8.0,,-18.3,,,"9",,6,,1.2,,5.9,,,"8",,"8",,"8",,"8",,"8",,"8",,"8",,"8",,"8",,"8",,"8",,"8",,"8",,"8",,"8",,"8",1,,,"8",Z,"01",,,"9",,"8"
"353160230",PI£A,"2026","01","07",-4.6,,-10.8,,-5.9,,-17.2,,0.0,,S,5,,1.6,,,"9",,"8",,"8",,"8",,"8",,"8",,"8",,"8",,"8",,"8",,"8",,"8",,"8",,"8",,"8",,"8",,"8",1,,,"8",Z,"01",,,"9",,"8"
"353160230",PI£A,"2026","01","08",-5.6,,-9.1,,-8.1,,-15.3,,0.0,,S,5,,1.2,,,"9",,"8",,"8",,"8",,"8",,"8",,"8",,"8",,"8",,"8",,"8",,"8",,"8",,"8",,"8",,"8",,"8",1,,,"8",R,"01",,,"9",,"8"
"353160230",PI£A,"2026","01","09",-7.9,,-11.5,,-9.6,,-13.6,,0.0,,S,5,,1.2,,2.5,,,"8",,"8",,"8",,"8",,"8",,"8",,"8",,"8",,"8",,"8",,"8",,"8",,"8",,"8",,"8",,"8",1,,,"8",Z,"08",,,"9",,"8"
"353160230",PI£A,"2026","01","10",0.1,,-10.3,,-5.0,,-13.5,,0.0,,S,4,,,"9",6.7,,,"8",,"8",,"8",,"8",,"8",,"8",,"8",,"8",,"8",,"8",,"8",,"8",,"8",,"8",,"8",,"8",1,,,"8",Z,"10",,,"9",,"8"
"353160230",PI£A,"2026","01","11",-0.1,,-3.0,,-1.2,,-5.4,,0.3,,S,4,,,"9",0.2,,,"8",,"8",,"8",,"8",,"8",,"8",,"8",,"8",,"8",,"8",,"8",,"8",,"8",,"8",,"8",,"8",1,,,"8",Z,"08",,,"9",,"8"
"353160230",PI£A,"2026","01","12",-0.7,,-7.2,,-4.8,,-10.2,,1.1,,S,4,,,"9",4.5,,,"8",,"8",,"8",,"8",,"8",,"8",,"8",,"8",,"8",,"8",,"8",,"8",,"8",,"8",,"8",,"8",1,,,"8",Z,"08",,,"9",,"8"
"353160230",PI£A,"2026","01","13",-2.1,,-5.7,,-3.2,,-6.5,,1.8,,S,6,,1.3,,,"9",,"8",,"8",,"8",,"8",,"8",,"8",,"8",,"8",,"8",,"8",,"8",,"8",,"8",,"8",,"8",,"8",1,,,"8",Z,"10",,,"9",,"8"
"353160230",PI£A,"2026","01","14",3.8,,-2.1,,1.4,,-2.3,,2.6,,W,5,,1.8,,,"9",,"8",,"8",,"8",,"8",,"8",,"8",,"8",,"8",,"8",,"8",,"8",,"8",,"8",,"8",,"8",,"8",1,,,"8",R,"05",,,"9",,"8"
"353160230",PI£A,"2026","01","15",3.5,,-1.8,,0.2,,-3.4,,,"9",,2,,,"9",,"9",,"8",,"8",,"8",,"8",,"8",,"8",,"8",,"8",,"8",,"8",,"8",,"8",,"8",,"8",,"8",,"8",1,,,"8",Z,"01",,,"9",,"8"
"353160230",PI£A,"2026","01","16",3.4,,0.6,,1.9,,-1.1,,0.0,,W,1,,,"9",2.2,,,"8",,"8",,"8",,"8",,"8",,"8",,"8",,"8",,"8",,"8",,"8",,"8",,"8",,"8",,"8",,"8",1,,,"8",R,,"9",,"9",,"8"
"353160230",PI£A,"2026","01","17",1.7,,-1.9,,-0.4,,-1.7,,,"9",,,"9",,"9",,"9",,"8",,"8",,"8",,"8",,"8",,"8",,"8",,"8",,"8",,"8",,"8",,"8",,"8",,"8",,"8",,"8",,"8",,"8",R,,"9",,"9",,"8"
"353160230",PI£A,"2026","01","18",-1.3,,-5.8,,-4.5,,-6.6,,,"9",,,"9",,"9",7.3,,,"8",,"8",,"8",,"8",,"8",,"8",,"8",,"8",,"8",,"8",,"8",,"8",,"8",,"8",,"8",,"8",,"8",,"8",R,"01",,,"9",,"8"
"353160230",PI£A,"2026","01","19",-0.1,,-9.3,,-4.9,,-10.3,,,"9",,,"9",,"9",6.8,,,"8",,"8",,"8",,"8",,"8",,"8",,"8",,"8",,"8",,"8",,"8",,"8",,"8",,"8",,"8",,"8",,"8",,"8",Z,"07",,,"9",,"8"
"353160230",PI£A,"2026","01","20",3.0,,-11.3,,-5.2,,-12.5,,,"9",,,"9",,"9",7.1,,,"8",,"8",,"8",,"8",,"8",,"8",,"8",,"8",,"8",,"8",,"8",,"8",,"8",,"8",,"8",,"8",,"8",,"8",Z,"16",,,"9",,"8"
"353160230",PI£A,"2026","01","21",-0.1,,-13.3,,-7.5,,-14.4,,,"9",,,"9",,"9",6.0,,,"8",,"8",,"8",,"8",,"8",,"8",,"8",,"8",,"8",,"8",,"8",,"8",,"8",,"8",,"8",,"8",,"8",,"8",Z,"19",,,"9",,"8"
"353160230",PI£A,"2026","01","22",-1.3,,-11.1,,-7.4,,-12.8,,0.1,,S,,"9",,"9",6.2,,,"8",,"8",,"8",,"8",,"8",,"8",,"8",,"8",,"8",,"8",,"8",,"8",,"8",,"8",,"8",,"8",,"8",,"8",Z,"28",,,"9",,"8"
"353160230",PI£A,"2026","01","23",-6.1,,-10.7,,-8.0,,-10.8,,0.0,,S,0,,,"9",,"9",,"8",,"8",,"8",,"8",,"8",,"8",,"8",,"8",,"8",,"8",,"8",,"8",,"8",,"8",,"8",,"8",,"8",,"8",Z,"39",,,"9",,"8"
"353160230",PI£A,"2026","01","24",-4.3,,-6.2,,-5.0,,-6.1,,0.0,,S,0,,,"9",,"9",,"8",,"8",,"8",,"8",,"8",,"8",,"8",,"8",,"8",,"8",,"8",,"8",,"8",,"8",,"8",,"8",,"8",,"8",Z,"39",,,"9",,"8"
"353160230",PI£A,"2026","01","25",-4.0,,-5.3,,-4.6,,-5.2,,0.8,,W,0,,,"9",,"9",,"8",,"8",,"8",,"8",,"8",,"8",,"8",,"8",,"8",,"8",,"8",,"8",,"8",,"8",,"8",,"8",,"8",,"8",Z,"40",,,"9",,"8"
"353160230",PI£A,"2026","01","26",-1.2,,-4.4,,-2.4,,-4.4,,3.5,,S,,"9",,"9",,"9",,"8",,"8",,"8",,"8",,"8",,"8",,"8",,"8",,"8",,"8",,"8",,"8",,"8",,"8",,"8",,"8",,"8",,"8",Z,"39",,,"9",,"8"
"353160230",PI£A,"2026","01","27",-0.2,,-1.3,,-0.9,,-1.6,,2.3,,S,2,,,"9",,"9",,"8",,"8",,"8",,"8",,"8",,"8",,"8",,"8",,"8",,"8",,"8",,"8",,"8",,"8",,"8",,"8",1,,,"8",Z,"35",,,"9",,"8"
"353160230",PI£A,"2026","01","28",-0.4,,-2.7,,-1.5,,-6.5,,0.0,,S,5,,1.8,,,"9",,"8",,"8",,"8",,"8",,"8",,"8",,"8",,"8",,"8",,"8",,"8",,"8",,"8",,"8",,"8",,"8",1,,,"8",Z,"29",,,"9",,"8"
"353160230",PI£A,"2026","01","29",-1.2,,-6.2,,-5.3,,-6.0,,0.0,,S,4,,,"9",,"9",,"8",,"8",,"8",,"8",,"8",,"8",,"8",,"8",,"8",,"8",,"8",,"8",,"8",,"8",,"8",,"8",1,,,"8",R,"29",,,"9",,"8"
"353160230",PI£A,"2026","01","30",-5.1,,-7.0,,-6.1,,-7.0,,0.0,,S,4,,,"9",,"9",,"8",,"8",,"8",,"8",,"8",,"8",,"8",,"8",,"8",,"8",,"8",,"8",,"8",,"8",,"8",,"8",1,,,"8",Z,"33",,,"9",,"8"
"353160230",PI£A,"2026","01","31",-5.2,,-12.2,,-9.7,,-12.4,,0.0,,S,4,,,"9",6.9,,,"8",,"8",,"8",,"8",,"8",,"8",,"8",,"8",,"8",,"8",,"8",,"8",,"8",,"8",,"8",,"8",1,,,"8",Z,"36",,,"9",,"8"
"353170235",CHOJNICE,"2026","01","01",1.0,,-2.7,,-0.2,,-3.3,,2.0,,S,2,,,"9",,"9",,"8",,"8",,"8",,"8",,"8",,"8",,"8",,"8",,"8",,"8",,"8",,"8",,"8",,"8",,"8",,"8",1,,,"8",Z,"01",,,"9",,"8"
"353170235",CHOJNICE,"2026","01","02",1.1,,-0.2,,0.4,,-0.5,,0.2,,S,4,,,"9",0.2,,,"8",,"8",,"8",,"8",,"8",,"8",,"8",,"8",,"8",,"8",,"8",,"8",,"8",,"8",,"8",,"8",1,,,"8",R,,"9",,"9",,"8"
"353170235",CHOJNICE,"2026","01","03",0.3,,-3.8,,-2.8,,-5.1,,2.4,,S,4,,,"9",5.2,,,"8",,"8",,"8",,"8",,"8",,"8",,"8",,"8",,"8",,"8",,"8",,"8",,"8",,"8",,"8",,"8",1,,,"8",Z,"01",,,"9",,"8"
"353170235",CHOJNICE,"2026","01","04",-3.4,,-9.2,,-4.8,,-13.3,,0.0,,S,8,,0.9,,2.7,,,"8",,"8",,"8",,"8",,"8",,"8",,"8",,"8",,"8",,"8",,"8",,"8",,"8",,"8",,"8",,"8",1,,,"8",Z,"01",,,"9",,"8"
"353170235",CHOJNICE,"2026","01","05",-2.1,,-10.9,,-5.1,,-16.3,,0.0,,S,8,,1.7,,,"9",,"8",,"8",,"8",,"8",,"8",,"8",,"8",,"8",,"8",,"8",,"8",,"8",,"8",,"8",,"8",,"8",1,,,"8",Z,"01",,,"9",,"8"
"353170235",CHOJNICE,"2026","01","06",-3.3,,-11.0,,-7.5,,-16.1,,,"9",,8,,1.1,,5.4,,,"8",,"8",,"8",,"8",,"8",,"8",,"8",,"8",,"8",,"8",,"8",,"8",,"8",,"8",,"8",,"8",1,,,"8",Z,"01",,,"9",,"8"
"353170235",CHOJNICE,"2026","01","07",-5.0,,-10.6,,-6.3,,-16.2,,0.0,,S,8,,1.5,,,"9",,"8",,"8",,"8",,"8",,"8",,"8",,"8",,"8",,"8",,"8",,"8",,"8",,"8",,"8",,"8",,"8",1,,,"8",Z,"01",,,"9",,"8"
"353170235",CHOJNICE,"2026","01","08",-6.7,,-10.6,,-8.1,,-16.9,,0.0,,S,8,,1.0,,2.5,,,"8",,"8",,"8",,"8",,"8",,"8",,"8",,"8",,"8",,"8",,"8",,"8",,"8",,"8",,"8",,"8",1,,,"8",Z,"01",,,"9",,"8"
"353170235",CHOJNICE,"2026","01","09",-5.4,,-10.9,,-8.2,,-15.1,,0.0,,S,8,,2.0,,5.8,,,"8",,"8",,"8",,"8",,"8",,"8",,"8",,"8",,"8",,"8",,"8",,"8",,"8",,"8",,"8",,"8",1,,,"8",Z,"07",,,"9",,"8"
"353170235",CHOJNICE,"2026","01","10",-1.0,,-9.9,,-4.8,,-16.6,,1.9,,S,9,,1.3,,3.2,,,"8",,"8",,"8",,"8",,"8",,"8",,"8",,"8",,"8",,"8",,"8",,"8",,"8",,"8",,"8",,"8",1,,,"8",Z,"08",,,"9",,"8"
"353170235",CHOJNICE,"2026","01","11",-1.1,,-2.9,,-2.2,,-5.5,,0.8,,S,16,,1.2,,,"9",,"8",,"8",,"8",,"8",,"8",,"8",,"8",,"8",,"8",,"8",,"8",,"8",,"8",,"8",,"8",,"8",1,,,"8",Z,"01",,,"9",,"8"
"353170235",CHOJNICE,"2026","01","12",-0.1,,-7.7,,-4.0,,-11.2,,,"9",,15,,1.1,,5.2,,,"8",,"8",,"8",,"8",,"8",,"8",,"8",,"8",,"8",,"8",,"8",,"8",,"8",,"8",,"8",,"8",1,,,"8",Z,"01",,,"9",,"8"
"353170235",CHOJNICE,"2026","01","13",-3.1,,-7.5,,-4.3,,-9.5,,0.8,,S,11,,,"9",,"9",,"8",,"8",,"8",,"8",,"8",,"8",,"8",,"8",,"8",,"8",,"8",,"8",,"8",,"8",,"8",,"8",1,,,"8",Z,"01",,,"9",,"8"
"353170235",CHOJNICE,"2026","01","14",1.3,,-4.0,,-0.9,,-4.0,,4.0,,W,9,,1.7,,,"9",,"8",,"8",,"8",,"8",,"8",,"8",,"8",,"8",,"8",,"8",,"8",,"8",,"8",,"8",,"8",,"8",1,,,"8",Z,"01",,,"9",,"8"
"353170235",CHOJNICE,"2026","01","15",2.3,,-0.2,,0.7,,0.1,,,"9",,9,,2.9,,0.1,,,"8",,"8",,"8",,"8",,"8",,"8",,"8",,"8",,"8",,"8",,"8",,"8",,"8",,"8",,"8",,"8",1,,,"8",Z,,"9",,"9",,"8"
"353170235",CHOJNICE,"2026","01","16",0.8,,-0.7,,-0.3,,-0.6,,,"9",,8,,2.4,,,"9",,"8",,"8",,"8",,"8",,"8",,"8",,"8",,"8",,"8",,"8",,"8",,"8",,"8",,"8",,"8",,"8",1,,,"8",Z,"01",,,"9",,"8"
"353170235",CHOJNICE,"2026","01","17",-0.1,,-6.0,,-3.5,,-7.2,,0.0,,S,8,,2.1,,,"9",,"8",,"8",,"8",,"8",,"8",,"8",,"8",,"8",,"8",,"8",,"8",,"8",,"8",,"8",,"8",,"8",1,,,"8",Z,"01",,,"9",,"8"
"353170235",CHOJNICE,"2026","01","18",-6.0,,-9.9,,-8.6,,-11.1,,,"9",,8,,2.0,,6.9,,,"8",,"8",,"8",,"8",,"8",,"8",,"8",,"8",,"8",,"8",,"8",,"8",,"8",,"8",,"8",,"8",1,,,"8",Z,"01",,,"9",,"8"
"353170235",CHOJNICE,"2026","01","19",-3.8,,-11.2,,-8.4,,-13.6,,,"9",,8,,2.1,,7.1,,,"8",,"8",,"8",,"8",,"8",,"8",,"8",,"8",,"8",,"8",,"8",,"8",,"8",,"8",,"8",,"8",1,,,"8",Z,"01",,,"9",,"8"
"353170235",CHOJNICE,"2026","01","20",-1.5,,-10.1,,-7.1,,-12.9,,,"9",,8,,2.3,,7.2,,,"8",,"8",,"8",,"8",,"8",,"8",,"8",,"8",,"8",,"8",,"8",,"8",,"8",,"8",,"8",,"8",1,,,"8",Z,"09",,,"9",,"8"
"353170235",CHOJNICE,"2026","01","21",-1.4,,-12.7,,-8.7,,-15.7,,,"9",,8,,2.8,,7.0,,,"8",,"8",,"8",,"8",,"8",,"8",,"8",,"8",,"8",,"8",,"8",,"8",,"8",,"8",,"8",,"8",1,,,"8",Z,"13",,,"9",,"8"
"353170235",CHOJNICE,"2026","01","22",-1.8,,-14.9,,-9.6,,-16.6,,0.0,,S,8,,2.8,,6.9,,,"8",,"8",,"8",,"8",,"8",,"8",,"8",,"8",,"8",,"8",,"8",,"8",,"8",,"8",,"8",,"8",1,,,"8",Z,"17",,,"9",,"8"
"353170235",CHOJNICE,"2026","01","23",-8.1,,-13.3,,-9.9,,-13.6,,0.0,,S,8,,2.6,,,"9",,"8",,"8",,"8",,"8",,"8",,"8",,"8",,"8",,"8",,"8",,"8",,"8",,"8",,"8",,"8",,"8",1,,,"8",Z,"18",,,"9",,"8"
"353170235",CHOJNICE,"2026","01","24",-5.3,,-8.1,,-6.6,,-7.9,,0.0,,S,8,,2.8,,0.1,,,"8",,"8",,"8",,"8",,"8",,"8",,"8",,"8",,"8",,"8",,"8",,"8",,"8",,"8",,"8",,"8",1,,,"8",Z,"19",,,"9",,"8"
"353170235",CHOJNICE,"2026","01","25",-4.9,,-7.0,,-6.0,,-6.9,,0.0,,S,8,,3.0,,,"9",,"8",,"8",,"8",,"8",,"8",,"8",,"8",,"8",,"8",,"8",,"8",,"8",,"8",,"8",,"8",,"8",1,,,"8",Z,"19",,,"9",,"8"
"353170235",CHOJNICE,"2026","01","26",-2.6,,-5.8,,-3.8,,-5.7,,3.5,,W,7,,2.4,,,"9",,"8",,"8",,"8",,"8",,"8",,"8",,"8",,"8",,"8",,"8",,"8",,"8",,"8",,"8",,"8",,"8",1,,,"8",Z,"18",,,"9",,"8"
"353170235",CHOJNICE,"2026","01","27",-1.3,,-2.6,,-2.0,,-2.5,,2.4,,S,7,,3.1,,,"9",,"8",,"8",,"8",,"8",,"8",,"8",,"8",,"8",,"8",,"8",,"8",,"8",,"8",,"8",,"8",,"8",1,,,"8",Z,"13",,,"9",,"8"
"353170235",CHOJNICE,"2026","01","28",-1.5,,-2.8,,-2.3,,-2.8,,,"9",,10,,2.3,,,"9",,"8",,"8",,"8",,"8",,"8",,"8",,"8",,"8",,"8",,"8",,"8",,"8",,"8",,"8",,"8",,"8",1,,,"8",Z,"10",,,"9",,"8"
"353170235",CHOJNICE,"2026","01","29",-2.8,,-8.1,,-7.1,,-7.5,,,"9",,10,,2.9,,,"9",,"8",,"8",,"8",,"8",,"8",,"8",,"8",,"8",,"8",,"8",,"8",,"8",,"8",,"8",,"8",,"8",1,,,"8",Z,"10",,,"9",,"8"
"353170235",CHOJNICE,"2026","01","30",-7.2,,-10.1,,-8.9,,-10.0,,,"9",,10,,2.2,,,"9",,"8",,"8",,"8",,"8",,"8",,"8",,"8",,"8",,"8",,"8",,"8",,"8",,"8",,"8",,"8",,"8",1,,,"8",Z,"14",,,"9",,"8"
"353170235",CHOJNICE,"2026","01","31",-7.7,,-14.7,,-12.1,,-15.8,,,"9",,10,,2.4,,8.1,,,"8",,"8",,"8",,"8",,"8",,"8",,"8",,"8",,"8",,"8",,"8",,"8",,"8",,"8",,"8",,"8",1,,,"8",Z,"16",,,"9",,"8"
"353180250",TORU—,"2026","01","01",1.5,,-2.0,,0.1,,-2.5,,3.4,,S,1,,,"9",,"9",,"8",,"8",,"8",,"8",,"8",,"8",,"8",,"8",,"8",,"8",,"8",,"8",,"8",,"8",,"8",,"8",1,,,"8",Z,"05",,,"9",,"8"
"353180250",TORU—,"2026","01","02",2.7,,0.1,,1.5,,0.0,,1.1,,S,2,,,"9",0.6,,,"8",,"8",,"8",,"8",,"8",,"8",,"8",,"8",,"8",,"8",,"8",,"8",,"8",,"8",,"8",,"8",1,,,"8",R,,"9",,"9",,"8"
"353180250",TORU—,"2026","01","03",1.2,,-1.9,,-0.2,,-3.8,,1.9,,S,3,,,"9",1.9,,,"8",,"8",,"8",,"8",,"8",,"8",,"8",,"8",,"8",,"8",,"8",,"8",,"8",,"8",,"8",,"8",1,,,"8",Z,"01",,,"9",,"8"
"353180250",TORU—,"2026","01","04",0.6,,-4.0,,-2.3,,-7.5,,0.6,,S,8,,0.5,,2.8,,,"8",,"8",,"8",,"8",,"8",,"8",,"8",,"8",,"8",,"8",,"8",,"8",,"8",,"8",,"8",,"8",1,,,"8",Z,"01",,,"9",,"8"
"353180250",TORU—,"2026","01","05",-0.3,,-9.2,,-3.9,,-16.6,,0.0,,S,7,,0.5,,1.4,,,"8",,"8",,"8",,"8",,"8",,"8",,"8",,"8",,"8",,"8",,"8",,"8",,"8",,"8",,"8",,"8",1,,,"8",Z,"01",,,"9",,"8"
"353180250",TORU—,"2026","01","06",-2.1,,-10.9,,-7.7,,-17.0,,,"9",,6,,0.8,,6.7,,,"8",,"8",,"8",,"8",,"8",,"8",,"8",,"8",,"8",,"8",,"8",,"8",,"8",,"8",,"8",,"8",1,,,"8",Z,"05",,,"9",,"8"
"353180250",TORU—,"2026","01","07",-4.5,,-12.2,,-6.1,,-18.0,,0.0,,W,6,,1.0,,,"9",,"8",,"8",,"8",,"8",,"8",,"8",,"8",,"8",,"8",,"8",,"8",,"8",,"8",,"8",,"8",,"8",1,,,"8",Z,"07",,,"9",,"8"
"353180250",TORU—,"2026","01","08",-5.7,,-10.6,,-8.3,,-13.7,,0.0,,S,6,,0.8,,2.2,,,"8",,"8",,"8",,"8",,"8",,"8",,"8",,"8",,"8",,"8",,"8",,"8",,"8",,"8",,"8",,"8",1,,,"8",Z,"08",,,"9",,"8"
"353180250",TORU—,"2026","01","09",-7.4,,-11.2,,-10.0,,-14.1,,0.0,,S,6,,0.8,,6.0,,,"8",,"8",,"8",,"8",,"8",,"8",,"8",,"8",,"8",,"8",,"8",,"8",,"8",,"8",,"8",,"8",1,,,"8",Z,"09",,,"9",,"8"
"353180250",TORU—,"2026","01","10",-2.1,,-13.2,,-6.6,,-18.4,,0.9,,S,5,,1.0,,1.9,,,"8",,"8",,"8",,"8",,"8",,"8",,"8",,"8",,"8",,"8",,"8",,"8",,"8",,"8",,"8",,"8",1,,,"8",Z,"12",,,"9",,"8"
"353180250",TORU—,"2026","01","11",0.1,,-2.5,,-1.2,,-3.0,,0.2,,S,7,,1.0,,0.1,,,"8",,"8",,"8",,"8",,"8",,"8",,"8",,"8",,"8",,"8",,"8",,"8",,"8",,"8",,"8",,"8",1,,,"8",Z,"08",,,"9",,"8"
"353180250",TORU—,"2026","01","12",0.7,,-7.0,,-3.1,,-13.7,,0.0,,S,8,,0.6,,4.0,,,"8",,"8",,"8",,"8",,"8",,"8",,"8",,"8",,"8",,"8",,"8",,"8",,"8",,"8",,"8",,"8",1,,,"8",Z,"05",,,"9",,"8"
"353180250",TORU—,"2026","01","13",-1.3,,-7.1,,-4.2,,-10.9,,,"9",,7,,1.0,,0.6,,,"8",,"8",,"8",,"8",,"8",,"8",,"8",,"8",,"8",,"8",,"8",,"8",,"8",,"8",,"8",,"8",1,,,"8",Z,"09",,,"9",,"8"
"353180250",TORU—,"2026","01","14",0.8,,-4.3,,-1.5,,-4.2,,5.7,,W,7,,1.0,,,"9",,"8",,"8",,"8",,"8",,"8",,"8",,"8",,"8",,"8",,"8",,"8",,"8",,"8",,"8",,"8",,"8",1,,,"8",Z,"08",,,"9",,"8"
"353180250",TORU—,"2026","01","15",3.4,,-0.5,,1.0,,-2.5,,,"9",,6,,1.8,,1.8,,,"8",,"8",,"8",,"8",,"8",,"8",,"8",,"8",,"8",,"8",,"8",,"8",,"8",,"8",,"8",,"8",1,,,"8",Z,"01",,,"9",,"8"
"353180250",TORU—,"2026","01","16",0.9,,-2.3,,-0.4,,-4.3,,,"9",,5,,1.8,,,"9",,"8",,"8",,"8",,"8",,"8",,"8",,"8",,"8",,"8",,"8",,"8",,"8",,"8",,"8",,"8",,"8",1,,,"8",Z,"01",,,"9",,"8"
"353180250",TORU—,"2026","01","17",-1.0,,-5.0,,-3.9,,-6.7,,,"9",,5,,1.8,,2.2,,,"8",,"8",,"8",,"8",,"8",,"8",,"8",,"8",,"8",,"8",,"8",,"8",,"8",,"8",,"8",,"8",1,,,"8",Z,"01",,,"9",,"8"
"353180250",TORU—,"2026","01","18",-4.1,,-9.8,,-7.7,,-10.6,,,"9",,5,,1.8,,7.4,,,"8",,"8",,"8",,"8",,"8",,"8",,"8",,"8",,"8",,"8",,"8",,"8",,"8",,"8",,"8",,"8",1,,,"8",Z,"09",,,"9",,"8"
"353180250",TORU—,"2026","01","19",-2.5,,-10.7,,-7.7,,-11.6,,,"9",,5,,1.8,,7.5,,,"8",,"8",,"8",,"8",,"8",,"8",,"8",,"8",,"8",,"8",,"8",,"8",,"8",,"8",,"8",,"8",1,,,"8",Z,"16",,,"9",,"8"
"353180250",TORU—,"2026","01","20",1.6,,-8.6,,-4.9,,-10.4,,,"9",,5,,1.8,,7.6,,,"8",,"8",,"8",,"8",,"8",,"8",,"8",,"8",,"8",,"8",,"8",,"8",,"8",,"8",,"8",,"8",1,,,"8",Z,"18",,,"9",,"8"
"353180250",TORU—,"2026","01","21",1.1,,-9.3,,-5.9,,-13.9,,,"9",,5,,1.8,,7.4,,,"8",,"8",,"8",,"8",,"8",,"8",,"8",,"8",,"8",,"8",,"8",,"8",,"8",,"8",,"8",,"8",1,,,"8",Z,"20",,,"9",,"8"
"353180250",TORU—,"2026","01","22",-2.3,,-11.4,,-8.2,,-14.2,,0.0,,S,5,,1.8,,7.4,,,"8",,"8",,"8",,"8",,"8",,"8",,"8",,"8",,"8",,"8",,"8",,"8",,"8",,"8",,"8",,"8",1,,,"8",Z,"28",,,"9",,"8"
"353180250",TORU—,"2026","01","23",-6.4,,-11.1,,-7.8,,-11.8,,0.0,,S,5,,1.8,,,"9",,"8",,"8",,"8",,"8",,"8",,"8",,"8",,"8",,"8",,"8",,"8",,"8",,"8",,"8",,"8",,"8",1,,,"8",Z,"31",,,"9",,"8"
"353180250",TORU—,"2026","01","24",-5.0,,-6.5,,-5.5,,-6.5,,,"9",,5,,1.7,,,"9",,"8",,"8",,"8",,"8",,"8",,"8",,"8",,"8",,"8",,"8",,"8",,"8",,"8",,"8",,"8",,"8",1,,,"8",Z,"28",,,"9",,"8"
"353180250",TORU—,"2026","01","25",-4.3,,-6.0,,-5.0,,-6.1,,0.1,,S,5,,1.8,,,"9",,"8",,"8",,"8",,"8",,"8",,"8",,"8",,"8",,"8",,"8",,"8",,"8",,"8",,"8",,"8",,"8",1,,,"8",Z,"28",,,"9",,"8"
"353180250",TORU—,"2026","01","26",-0.5,,-4.6,,-2.0,,-4.6,,0.6,,W,5,,2.2,,,"9",,"8",,"8",,"8",,"8",,"8",,"8",,"8",,"8",,"8",,"8",,"8",,"8",,"8",,"8",,"8",,"8",1,,,"8",Z,"28",,,"9",,"8"
"353180250",TORU—,"2026","01","27",0.6,,-0.9,,-0.2,,-2.1,,1.2,,S,5,,2.4,,,"9",,"8",,"8",,"8",,"8",,"8",,"8",,"8",,"8",,"8",,"8",,"8",,"8",,"8",,"8",,"8",,"8",1,,,"8",Z,"20",,,"9",,"8"
"353180250",TORU—,"2026","01","28",-0.8,,-3.0,,-1.8,,-2.9,,0.0,,S,5,,2.4,,,"9",,"8",,"8",,"8",,"8",,"8",,"8",,"8",,"8",,"8",,"8",,"8",,"8",,"8",,"8",,"8",,"8",1,,,"8",Z,"17",,,"9",,"8"
"353180250",TORU—,"2026","01","29",-2.9,,-7.1,,-6.1,,-6.7,,0.0,,S,5,,2.4,,,"9",,"8",,"8",,"8",,"8",,"8",,"8",,"8",,"8",,"8",,"8",,"8",,"8",,"8",,"8",,"8",,"8",1,,,"8",Z,"19",,,"9",,"8"
"353180250",TORU—,"2026","01","30",-4.3,,-6.8,,-6.2,,-6.8,,0.0,,S,5,,2.6,,,"9",,"8",,"8",,"8",,"8",,"8",,"8",,"8",,"8",,"8",,"8",,"8",,"8",,"8",,"8",,"8",,"8",1,,,"8",Z,"26",,,"9",,"8"
"353180250",TORU—,"2026","01","31",-6.8,,-13.4,,-10.9,,-14.2,,,"9",,5,,2.4,,8.3,,,"8",,"8",,"8",,"8",,"8",,"8",,"8",,"8",,"8",,"8",,"8",,"8",,"8",,"8",,"8",,"8",1,,,"8",Z,"31",,,"9",,"8"
"353200270",M£AWA,"2026","01","01",0.9,,-6.1,,-1.8,,-8.0,,0.6,,S,54,,0.8,,,"9",,"8",,"8",,"8",,"8",,"8",,"8",,"8",,"8",,"8",,"8",,"8",,"8",,"8",,"8",,"8",,"8",1,,,"8",Z,"01",,,"9",,"8"
"353200270",M£AWA,"2026","01","02",1.6,,-0.4,,1.0,,-0.5,,0.6,,S,47,,1.4,,,"9",,"8",,"8",,"8",,"8",,"8",,"8",,"8",,"8",,"8",,"8",,"8",,"8",,"8",,"8",,"8",,"8",1,,,"8",Z,"01",,,"9",,"8"
"353200270",M£AWA,"2026","01","03",0.5,,-3.2,,-1.2,,-2.2,,0.5,,S,44,,1.5,,1.7,,,"8",,"8",,"8",,"8",,"8",,"8",,"8",,"8",,"8",,"8",,"8",,"8",,"8",,"8",,"8",,"8",1,,,"8",Z,"01",,,"9",,"8"
"353200270",M£AWA,"2026","01","04",0.0,,-5.2,,-3.0,,-7.4,,2.0,,S,45,,1.5,,1.9,,,"8",,"8",,"8",,"8",,"8",,"8",,"8",,"8",,"8",,"8",,"8",,"8",,"8",,"8",,"8",,"8",1,,,"8",Z,"01",,,"9",,"8"
"353200270",M£AWA,"2026","01","05",-0.5,,-8.0,,-5.4,,-13.5,,,"9",,46,,1.5,,1.9,,,"8",,"8",,"8",,"8",,"8",,"8",,"8",,"8",,"8",,"8",,"8",,"8",,"8",,"8",,"8",,"8",1,,,"8",Z,"01",,,"9",,"8"
"353200270",M£AWA,"2026","01","06",-5.6,,-14.2,,-11.4,,-17.3,,,"9",,43,,1.8,,5.8,,,"8",,"8",,"8",,"8",,"8",,"8",,"8",,"8",,"8",,"8",,"8",,"8",,"8",,"8",,"8",,"8",1,,,"8",Z,"01",,,"9",,"8"
"353200270",M£AWA,"2026","01","07",-10.2,,-17.4,,-14.0,,-17.0,,0.0,,W,42,,1.8,,,"9",,"8",,"8",,"8",,"8",,"8",,"8",,"8",,"8",,"8",,"8",,"8",,"8",,"8",,"8",,"8",,"8",1,,,"8",Z,"01",,,"9",,"8"
"353200270",M£AWA,"2026","01","08",-7.5,,-16.0,,-9.6,,-17.8,,,"9",,41,,1.8,,1.3,,,"8",,"8",,"8",,"8",,"8",,"8",,"8",,"8",,"8",,"8",,"8",,"8",,"8",,"8",,"8",,"8",1,,,"8",Z,"01",,,"9",,"8"
"353200270",M£AWA,"2026","01","09",-8.2,,-12.9,,-11.0,,-15.0,,0.0,,S,41,,1.8,,5.2,,,"8",,"8",,"8",,"8",,"8",,"8",,"8",,"8",,"8",,"8",,"8",,"8",,"8",,"8",,"8",,"8",1,,,"8",Z,"01",,,"9",,"8"
"353200270",M£AWA,"2026","01","10",-5.2,,-14.4,,-9.1,,-16.3,,1.0,,S,39,,1.9,,,"9",,"8",,"8",,"8",,"8",,"8",,"8",,"8",,"8",,"8",,"8",,"8",,"8",,"8",,"8",,"8",,"8",1,,,"8",Z,"01",,,"9",,"8"
"353200270",M£AWA,"2026","01","11",-3.5,,-7.2,,-4.8,,-7.8,,1.0,,S,42,,2.0,,,"9",,"8",,"8",,"8",,"8",,"8",,"8",,"8",,"8",,"8",,"8",,"8",,"8",,"8",,"8",,"8",,"8",1,,,"8",Z,"01",,,"9",,"8"
"353200270",M£AWA,"2026","01","12",-2.1,,-7.3,,-5.3,,-8.3,,0.0,,S,43,,2.0,,1.7,,,"8",,"8",,"8",,"8",,"8",,"8",,"8",,"8",,"8",,"8",,"8",,"8",,"8",,"8",,"8",,"8",1,,,"8",Z,"01",,,"9",,"8"
"353200270",M£AWA,"2026","01","13",-3.8,,-10.1,,-7.2,,-12.0,,,"9",,41,,2.2,,1.1,,,"8",,"8",,"8",,"8",,"8",,"8",,"8",,"8",,"8",,"8",,"8",,"8",,"8",,"8",,"8",,"8",1,,,"8",Z,"01",,,"9",,"8"
"353200270",M£AWA,"2026","01","14",-5.0,,-12.0,,-8.3,,-11.8,,6.0,,S,38,,2.2,,,"9",,"8",,"8",,"8",,"8",,"8",,"8",,"8",,"8",,"8",,"8",,"8",,"8",,"8",,"8",,"8",,"8",1,,,"8",Z,"01",,,"9",,"8"
"353200270",M£AWA,"2026","01","15",-1.8,,-5.1,,-3.6,,-4.6,,,"9",,41,,2.1,,,"9",,"8",,"8",,"8",,"8",,"8",,"8",,"8",,"8",,"8",,"8",,"8",,"8",,"8",,"8",,"8",,"8",1,,,"8",Z,"01",,,"9",,"8"
"353200270",M£AWA,"2026","01","16",-3.6,,-7.1,,-6.5,,-7.6,,,"9",,39,,2.2,,4.0,,,"8",,"8",,"8",,"8",,"8",,"8",,"8",,"8",,"8",,"8",,"8",,"8",,"8",,"8",,"8",,"8",1,,,"8",Z,"01",,,"9",,"8"
"353200270",M£AWA,"2026","01","17",-4.9,,-10.8,,-7.9,,-11.1,,,"9",,38,,2.2,,6.1,,,"8",,"8",,"8",,"8",,"8",,"8",,"8",,"8",,"8",,"8",,"8",,"8",,"8",,"8",,"8",,"8",1,,,"8",Z,"01",,,"9",,"8"
"353200270",M£AWA,"2026","01","18",-6.6,,-14.9,,-11.4,,-15.2,,,"9",,36,,2.2,,7.5,,,"8",,"8",,"8",,"8",,"8",,"8",,"8",,"8",,"8",,"8",,"8",,"8",,"8",,"8",,"8",,"8",1,,,"8",Z,"01",,,"9",,"8"
"353200270",M£AWA,"2026","01","19",-10.4,,-15.9,,-12.9,,-17.0,,,"9",,34,,2.4,,7.1,,,"8",,"8",,"8",,"8",,"8",,"8",,"8",,"8",,"8",,"8",,"8",,"8",,"8",,"8",,"8",,"8",1,,,"8",Z,"01",,,"9",,"8"
"353200270",M£AWA,"2026","01","20",-1.6,,-15.0,,-8.9,,-17.3,,,"9",,33,,2.4,,7.0,,,"8",,"8",,"8",,"8",,"8",,"8",,"8",,"8",,"8",,"8",,"8",,"8",,"8",,"8",,"8",,"8",1,,,"8",Z,"01",,,"9",,"8"
"353200270",M£AWA,"2026","01","21",-2.1,,-15.1,,-9.2,,-17.9,,,"9",,31,,2.4,,7.5,,,"8",,"8",,"8",,"8",,"8",,"8",,"8",,"8",,"8",,"8",,"8",,"8",,"8",,"8",,"8",,"8",1,,,"8",Z,"01",,,"9",,"8"
"353200270",M£AWA,"2026","01","22",-7.3,,-13.0,,-10.8,,-15.7,,0.0,,W,29,,2.4,,7.5,,,"8",,"8",,"8",,"8",,"8",,"8",,"8",,"8",,"8",,"8",,"8",,"8",,"8",,"8",,"8",,"8",1,,,"8",Z,"01",,,"9",,"8"
"353200270",M£AWA,"2026","01","23",-7.2,,-12.1,,-8.7,,-12.1,,0.0,,S,29,,2.4,,,"9",,"8",,"8",,"8",,"8",,"8",,"8",,"8",,"8",,"8",,"8",,"8",,"8",,"8",,"8",,"8",,"8",1,,,"8",Z,"01",,,"9",,"8"
"353200270",M£AWA,"2026","01","24",-6.0,,-8.1,,-7.3,,-7.7,,0.0,,W,28,,2.4,,,"9",,"8",,"8",,"8",,"8",,"8",,"8",,"8",,"8",,"8",,"8",,"8",,"8",,"8",,"8",,"8",,"8",1,,,"8",Z,"01",,,"9",,"8"
"353200270",M£AWA,"2026","01","25",-6.0,,-7.6,,-6.6,,-7.5,,0.6,,S,28,,2.4,,,"9",,"8",,"8",,"8",,"8",,"8",,"8",,"8",,"8",,"8",,"8",,"8",,"8",,"8",,"8",,"8",,"8",1,,,"8",Z,"01",,,"9",,"8"
"353200270",M£AWA,"2026","01","26",-1.0,,-6.5,,-3.1,,-6.5,,0.0,,W,27,,2.4,,,"9",,"8",,"8",,"8",,"8",,"8",,"8",,"8",,"8",,"8",,"8",,"8",,"8",,"8",,"8",,"8",,"8",1,,,"8",Z,"01",,,"9",,"8"
"353200270",M£AWA,"2026","01","27",0.7,,-1.2,,-0.1,,-1.3,,0.0,,W,27,,2.5,,,"9",,"8",,"8",,"8",,"8",,"8",,"8",,"8",,"8",,"8",,"8",,"8",,"8",,"8",,"8",,"8",,"8",1,,,"8",Z,"01",,,"9",,"8"
"353200270",M£AWA,"2026","01","28",0.1,,-2.1,,-1.4,,-3.2,,0.0,,W,27,,2.5,,,"9",,"8",,"8",,"8",,"8",,"8",,"8",,"8",,"8",,"8",,"8",,"8",,"8",,"8",,"8",,"8",,"8",1,,,"8",Z,"01",,,"9",,"8"
"353200270",M£AWA,"2026","01","29",-2.1,,-7.5,,-6.8,,-7.0,,,"9",,27,,2.5,,,"9",,"8",,"8",,"8",,"8",,"8",,"8",,"8",,"8",,"8",,"8",,"8",,"8",,"8",,"8",,"8",,"8",1,,,"8",Z,"01",,,"9",,"8"
"353200270",M£AWA,"2026","01","30",-7.1,,-10.9,,-8.8,,-11.1,,0.0,,W,27,,2.5,,,"9",,"8",,"8",,"8",,"8",,"8",,"8",,"8",,"8",,"8",,"8",,"8",,"8",,"8",,"8",,"8",,"8",1,,,"8",Z,"01",,,"9",,"8"
"353200270",M£AWA,"2026","01","31",-7.9,,-15.6,,-12.4,,-15.9,,,"9",,27,,2.5,,8.4,,,"8",,"8",,"8",,"8",,"8",,"8",,"8",,"8",,"8",,"8",,"8",,"8",,"8",,"8",,"8",,"8",1,,,"8",Z,"01",,,"9",,"8"
"353200272",OLSZTYN,"2026","01","01",0.5,,-9.7,,-2.2,,-16.4,,4.9,,S,39,,1.2,,,"9",,"8",,"8",,"8",,"8",,"8",,"8",,"8",,"8",,"8",,"8",,"8",,"8",,"8",,"8",,"8",,"8",1,,,"8",Z,"01",,,"9",,"8"
"353200272",OLSZTYN,"2026","01","02",1.1,,-0.2,,0.7,,-0.3,,1.0,,S,43,,1.3,,,"9",,"8",,"8",,"8",,"8",,"8",,"8",,"8",,"8",,"8",,"8",,"8",,"8",,"8",,"8",,"8",,"8",1,,,"8",Z,,"9",,"9",,"8"
"353200272",OLSZTYN,"2026","01","03",0.6,,-4.1,,-1.5,,-6.7,,0.6,,S,38,,1.7,,0.6,,,"8",,"8",,"8",,"8",,"8",,"8",,"8",,"8",,"8",,"8",,"8",,"8",,"8",,"8",,"8",,"8",1,,,"8",Z,"01",,,"9",,"8"
"353200272",OLSZTYN,"2026","01","04",-1.1,,-5.4,,-2.9,,-6.1,,0.5,,S,40,,1.6,,0.7,,,"8",,"8",,"8",,"8",,"8",,"8",,"8",,"8",,"8",,"8",,"8",,"8",,"8",,"8",,"8",,"8",1,,,"8",Z,"01",,,"9",,"8"
"353200272",OLSZTYN,"2026","01","05",-1.7,,-6.6,,-4.0,,-7.9,,,"9",,36,,1.7,,2.1,,,"8",,"8",,"8",,"8",,"8",,"8",,"8",,"8",,"8",,"8",,"8",,"8",,"8",,"8",,"8",,"8",1,,,"8",Z,"01",,,"9",,"8"
"353200272",OLSZTYN,"2026","01","06",-3.3,,-9.7,,-7.3,,-17.0,,,"9",,31,,1.7,,3.1,,,"8",,"8",,"8",,"8",,"8",,"8",,"8",,"8",,"8",,"8",,"8",,"8",,"8",,"8",,"8",,"8",1,,,"8",Z,"01",,,"9",,"8"
"353200272",OLSZTYN,"2026","01","07",-7.9,,-14.7,,-12.1,,-23.0,,,"9",,30,,1.8,,,"9",,"8",,"8",,"8",,"8",,"8",,"8",,"8",,"8",,"8",,"8",,"8",,"8",,"8",,"8",,"8",,"8",1,,,"8",Z,"01",,,"9",,"8"
"353200272",OLSZTYN,"2026","01","08",-7.8,,-15.5,,-10.8,,-20.9,,,"9",,29,,1.9,,,"9",,"8",,"8",,"8",,"8",,"8",,"8",,"8",,"8",,"8",,"8",,"8",,"8",,"8",,"8",,"8",,"8",1,,,"8",Z,"01",,,"9",,"8"
"353200272",OLSZTYN,"2026","01","09",-8.7,,-12.4,,-10.7,,-14.5,,0.0,,S,28,,2.0,,2.2,,,"8",,"8",,"8",,"8",,"8",,"8",,"8",,"8",,"8",,"8",,"8",,"8",,"8",,"8",,"8",,"8",1,,,"8",Z,"01",,,"9",,"8"
"353200272",OLSZTYN,"2026","01","10",-5.1,,-12.5,,-7.6,,-13.2,,2.4,,S,28,,2.1,,0.3,,,"8",,"8",,"8",,"8",,"8",,"8",,"8",,"8",,"8",,"8",,"8",,"8",,"8",,"8",,"8",,"8",1,,,"8",Z,"01",,,"9",,"8"
"353200272",OLSZTYN,"2026","01","11",-4.1,,-7.2,,-5.5,,-9.6,,0.5,,S,33,,1.8,,0.8,,,"8",,"8",,"8",,"8",,"8",,"8",,"8",,"8",,"8",,"8",,"8",,"8",,"8",,"8",,"8",,"8",1,,,"8",Z,"01",,,"9",,"8"
"353200272",OLSZTYN,"2026","01","12",-3.2,,-8.7,,-6.3,,-14.4,,0.0,,S,35,,1.9,,1.2,,,"8",,"8",,"8",,"8",,"8",,"8",,"8",,"8",,"8",,"8",,"8",,"8",,"8",,"8",,"8",,"8",1,,,"8",Z,"01",,,"9",,"8"
"353200272",OLSZTYN,"2026","01","13",-4.0,,-9.2,,-7.6,,-17.6,,,"9",,32,,2.0,,0.7,,,"8",,"8",,"8",,"8",,"8",,"8",,"8",,"8",,"8",,"8",,"8",,"8",,"8",,"8",,"8",,"8",1,,,"8",Z,"01",,,"9",,"8"
"353200272",OLSZTYN,"2026","01","14",-6.5,,-10.8,,-8.5,,-17.6,,5.9,,S,29,,2.1,,,"9",,"8",,"8",,"8",,"8",,"8",,"8",,"8",,"8",,"8",,"8",,"8",,"8",,"8",,"8",,"8",,"8",1,,,"8",Z,"01",,,"9",,"8"
"353200272",OLSZTYN,"2026","01","15",-0.7,,-6.5,,-4.0,,-6.4,,0.0,,S,33,,2.0,,0.1,,,"8",,"8",,"8",,"8",,"8",,"8",,"8",,"8",,"8",,"8",,"8",,"8",,"8",,"8",,"8",,"8",1,,,"8",Z,"01",,,"9",,"8"
"353200272",OLSZTYN,"2026","01","16",-2.8,,-7.7,,-6.1,,-10.3,,0.0,,S,32,,2.1,,3.4,,,"8",,"8",,"8",,"8",,"8",,"8",,"8",,"8",,"8",,"8",,"8",,"8",,"8",,"8",,"8",,"8",1,,,"8",Z,"01",,,"9",,"8"
"353200272",OLSZTYN,"2026","01","17",-3.9,,-10.7,,-7.8,,-11.2,,,"9",,31,,2.1,,4.2,,,"8",,"8",,"8",,"8",,"8",,"8",,"8",,"8",,"8",,"8",,"8",,"8",,"8",,"8",,"8",,"8",1,,,"8",Z,"01",,,"9",,"8"
"353200272",OLSZTYN,"2026","01","18",-5.9,,-13.0,,-9.7,,-13.9,,,"9",,30,,2.1,,6.5,,,"8",,"8",,"8",,"8",,"8",,"8",,"8",,"8",,"8",,"8",,"8",,"8",,"8",,"8",,"8",,"8",1,,,"8",Z,"01",,,"9",,"8"
"353200272",OLSZTYN,"2026","01","19",-6.4,,-14.0,,-11.3,,-15.4,,,"9",,30,,2.1,,6.5,,,"8",,"8",,"8",,"8",,"8",,"8",,"8",,"8",,"8",,"8",,"8",,"8",,"8",,"8",,"8",,"8",1,,,"8",Z,"01",,,"9",,"8"
"353200272",OLSZTYN,"2026","01","20",-1.2,,-15.6,,-9.8,,-24.0,,,"9",,30,,2.1,,5.2,,,"8",,"8",,"8",,"8",,"8",,"8",,"8",,"8",,"8",,"8",,"8",,"8",,"8",,"8",,"8",,"8",1,,,"8",Z,"01",,,"9",,"8"
"353200272",OLSZTYN,"2026","01","21",-2.9,,-15.0,,-10.6,,-22.9,,,"9",,30,,2.0,,4.2,,,"8",,"8",,"8",,"8",,"8",,"8",,"8",,"8",,"8",,"8",,"8",,"8",,"8",,"8",,"8",,"8",1,,,"8",Z,"01",,,"9",,"8"
"353200272",OLSZTYN,"2026","01","22",-6.8,,-12.9,,-11.1,,-20.5,,0.0,,S,30,,2.1,,4.7,,,"8",,"8",,"8",,"8",,"8",,"8",,"8",,"8",,"8",,"8",,"8",,"8",,"8",,"8",,"8",,"8",1,,,"8",Z,"01",,,"9",,"8"
"353200272",OLSZTYN,"2026","01","23",-7.5,,-13.0,,-8.9,,-13.0,,0.0,,S,30,,2.1,,,"9",,"8",,"8",,"8",,"8",,"8",,"8",,"8",,"8",,"8",,"8",,"8",,"8",,"8",,"8",,"8",,"8",1,,,"8",Z,"01",,,"9",,"8"
"353200272",OLSZTYN,"2026","01","24",-6.6,,-9.0,,-7.8,,-8.5,,0.0,,S,29,,2.2,,,"9",,"8",,"8",,"8",,"8",,"8",,"8",,"8",,"8",,"8",,"8",,"8",,"8",,"8",,"8",,"8",,"8",1,,,"8",Z,"01",,,"9",,"8"
"353200272",OLSZTYN,"2026","01","25",-6.0,,-8.1,,-6.7,,-8.1,,0.0,,S,29,,2.2,,,"9",,"8",,"8",,"8",,"8",,"8",,"8",,"8",,"8",,"8",,"8",,"8",,"8",,"8",,"8",,"8",,"8",1,,,"8",Z,"01",,,"9",,"8"
"353200272",OLSZTYN,"2026","01","26",-2.5,,-6.2,,-3.9,,-6.0,,0.1,,S,29,,2.2,,,"9",,"8",,"8",,"8",,"8",,"8",,"8",,"8",,"8",,"8",,"8",,"8",,"8",,"8",,"8",,"8",,"8",1,,,"8",Z,"01",,,"9",,"8"
"353200272",OLSZTYN,"2026","01","27",-0.2,,-2.5,,-1.0,,-2.4,,1.3,,S,29,,2.4,,,"9",,"8",,"8",,"8",,"8",,"8",,"8",,"8",,"8",,"8",,"8",,"8",,"8",,"8",,"8",,"8",,"8",1,,,"8",Z,"01",,,"9",,"8"
"353200272",OLSZTYN,"2026","01","28",-0.5,,-5.8,,-4.0,,-5.6,,0.0,,S,31,,2.5,,,"9",,"8",,"8",,"8",,"8",,"8",,"8",,"8",,"8",,"8",,"8",,"8",,"8",,"8",,"8",,"8",,"8",1,,,"8",Z,"01",,,"9",,"8"
"353200272",OLSZTYN,"2026","01","29",-5.8,,-9.3,,-8.9,,-8.8,,0.0,,S,31,,2.4,,,"9",,"8",,"8",,"8",,"8",,"8",,"8",,"8",,"8",,"8",,"8",,"8",,"8",,"8",,"8",,"8",,"8",1,,,"8",Z,"01",,,"9",,"8"
"353200272",OLSZTYN,"2026","01","30",-8.7,,-11.6,,-10.0,,-12.4,,0.0,,S,31,,2.3,,4.6,,,"8",,"8",,"8",,"8",,"8",,"8",,"8",,"8",,"8",,"8",,"8",,"8",,"8",,"8",,"8",,"8",1,,,"8",Z,"01",,,"9",,"8"
"353200272",OLSZTYN,"2026","01","31",-8.0,,-16.0,,-12.5,,-17.5,,,"9",,31,,2.3,,7.2,,,"8",,"8",,"8",,"8",,"8",,"8",,"8",,"8",,"8",,"8",,"8",,"8",,"8",,"8",,"8",,"8",1,,,"8",Z,"01",,,"9",,"8"
"353210280",MIKO£AJKI,"2026","01","01",0.6,,-16.0,,-4.3,,-21.3,,4.3,,S,14,,1.4,,,"9",,"8",,"8",,"8",,"8",,"8",,"8",,"8",,"8",,"8",,"8",,"8",,"8",,"8",,"8",,"8",,"8",1,,,"8",Z,"01",,,"9",,"8"
"353210280",MIKO£AJKI,"2026","01","02",1.1,,-0.2,,0.6,,-0.2,,1.9,,S,18,,1.4,,,"9",,"8",,"8",,"8",,"8",,"8",,"8",,"8",,"8",,"8",,"8",,"8",,"8",,"8",,"8",,"8",,"8",1,,,"8",R,,"9",,"9",,"8"
"353210280",MIKO£AJKI,"2026","01","03",0.6,,-4.0,,-1.4,,-6.9,,0.5,,S,18,,1.5,,0.1,,,"8",,"8",,"8",,"8",,"8",,"8",,"8",,"8",,"8",,"8",,"8",,"8",,"8",,"8",,"8",,"8",1,,,"8",Z,"01",,,"9",,"8"
"353210280",MIKO£AJKI,"2026","01","04",-1.0,,-4.9,,-2.6,,-9.7,,0.3,,S,19,,1.5,,,"9",,"8",,"8",,"8",,"8",,"8",,"8",,"8",,"8",,"8",,"8",,"8",,"8",,"8",,"8",,"8",,"8",1,,,"8",Z,"01",,,"9",,"8"
"353210280",MIKO£AJKI,"2026","01","05",-2.0,,-5.6,,-4.3,,-10.0,,0.0,,S,16,,2.1,,5.0,,,"8",,"8",,"8",,"8",,"8",,"8",,"8",,"8",,"8",,"8",,"8",,"8",,"8",,"8",,"8",,"8",1,,,"8",Z,"01",,,"9",,"8"
"353210280",MIKO£AJKI,"2026","01","06",-3.8,,-10.3,,-6.5,,-16.1,,,"9",,14,,1.7,,,"9",,"8",,"8",,"8",,"8",,"8",,"8",,"8",,"8",,"8",,"8",,"8",,"8",,"8",,"8",,"8",,"8",1,,,"8",Z,"01",,,"9",,"8"
"353210280",MIKO£AJKI,"2026","01","07",-4.9,,-11.5,,-9.8,,-18.7,,0.0,,W,13,,1.7,,4.4,,,"8",,"8",,"8",,"8",,"8",,"8",,"8",,"8",,"8",,"8",,"8",,"8",,"8",,"8",,"8",,"8",1,,,"8",R,"01",,,"9",,"8"
"353210280",MIKO£AJKI,"2026","01","08",-7.3,,-14.6,,-9.4,,-17.0,,0.0,,S,12,,1.8,,,"9",,"8",,"8",,"8",,"8",,"8",,"8",,"8",,"8",,"8",,"8",,"8",,"8",,"8",,"8",,"8",,"8",1,,,"8",Z,"01",,,"9",,"8"
"353210280",MIKO£AJKI,"2026","01","09",-8.0,,-10.3,,-9.7,,-11.0,,1.1,,S,12,,1.9,,2.7,,,"8",,"8",,"8",,"8",,"8",,"8",,"8",,"8",,"8",,"8",,"8",,"8",,"8",,"8",,"8",,"8",1,,,"8",Z,,"9",,"9",,"8"
"353210280",MIKO£AJKI,"2026","01","10",-5.8,,-10.4,,-7.7,,-10.9,,1.6,,S,18,,1.4,,0.3,,,"8",,"8",,"8",,"8",,"8",,"8",,"8",,"8",,"8",,"8",,"8",,"8",,"8",,"8",,"8",,"8",1,,,"8",R,"01",,,"9",,"8"
"353210280",MIKO£AJKI,"2026","01","11",-5.4,,-9.4,,-7.0,,-13.7,,0.4,,S,22,,1.5,,1.3,,,"8",,"8",,"8",,"8",,"8",,"8",,"8",,"8",,"8",,"8",,"8",,"8",,"8",,"8",,"8",,"8",1,,,"8",R,"01",,,"9",,"8"
"353210280",MIKO£AJKI,"2026","01","12",-4.8,,-13.4,,-9.0,,-19.2,,,"9",,23,,1.4,,1.4,,,"8",,"8",,"8",,"8",,"8",,"8",,"8",,"8",,"8",,"8",,"8",,"8",,"8",,"8",,"8",,"8",1,,,"8",Z,"01",,,"9",,"8"
"353210280",MIKO£AJKI,"2026","01","13",-6.4,,-14.1,,-8.7,,-20.0,,,"9",,22,,1.3,,,"9",,"8",,"8",,"8",,"8",,"8",,"8",,"8",,"8",,"8",,"8",,"8",,"8",,"8",,"8",,"8",,"8",1,,,"8",R,"01",,,"9",,"8"
"353210280",MIKO£AJKI,"2026","01","14",-7.3,,-10.4,,-8.4,,-12.6,,4.5,,S,20,,1.4,,0.1,,,"8",,"8",,"8",,"8",,"8",,"8",,"8",,"8",,"8",,"8",,"8",,"8",,"8",,"8",,"8",,"8",1,,,"8",R,"01",,,"9",,"8"
"353210280",MIKO£AJKI,"2026","01","15",-4.3,,-7.3,,-5.9,,-7.0,,0.0,,S,30,,1.2,,,"9",,"8",,"8",,"8",,"8",,"8",,"8",,"8",,"8",,"8",,"8",,"8",,"8",,"8",,"8",,"8",,"8",1,,,"8",Z,"01",,,"9",,"8"
"353210280",MIKO£AJKI,"2026","01","16",-5.5,,-9.8,,-7.9,,-10.7,,0.0,,S,23,,1.6,,,"9",,"8",,"8",,"8",,"8",,"8",,"8",,"8",,"8",,"8",,"8",,"8",,"8",,"8",,"8",,"8",,"8",1,,,"8",Z,"01",,,"9",,"8"
"353210280",MIKO£AJKI,"2026","01","17",-5.3,,-14.2,,-10.0,,-18.1,,,"9",,23,,2.2,,5.3,,,"8",,"8",,"8",,"8",,"8",,"8",,"8",,"8",,"8",,"8",,"8",,"8",,"8",,"8",,"8",,"8",1,,,"8",Z,"01",,,"9",,"8"
"353210280",MIKO£AJKI,"2026","01","18",-8.6,,-16.8,,-13.0,,-21.8,,,"9",,22,,2.0,,7.3,,,"8",,"8",,"8",,"8",,"8",,"8",,"8",,"8",,"8",,"8",,"8",,"8",,"8",,"8",,"8",,"8",1,,,"8",Z,"01",,,"9",,"8"
"353210280",MIKO£AJKI,"2026","01","19",-8.6,,-17.9,,-14.6,,-21.6,,,"9",,22,,1.8,,7.3,,,"8",,"8",,"8",,"8",,"8",,"8",,"8",,"8",,"8",,"8",,"8",,"8",,"8",,"8",,"8",,"8",1,,,"8",Z,"01",,,"9",,"8"
"353210280",MIKO£AJKI,"2026","01","20",-1.7,,-18.8,,-12.8,,-24.0,,,"9",,22,,1.8,,7.3,,,"8",,"8",,"8",,"8",,"8",,"8",,"8",,"8",,"8",,"8",,"8",,"8",,"8",,"8",,"8",,"8",1,,,"8",Z,"01",,,"9",,"8"
"353210280",MIKO£AJKI,"2026","01","21",-5.6,,-16.4,,-12.0,,-21.5,,,"9",,22,,1.6,,7.2,,,"8",,"8",,"8",,"8",,"8",,"8",,"8",,"8",,"8",,"8",,"8",,"8",,"8",,"8",,"8",,"8",1,,,"8",Z,"01",,,"9",,"8"
"353210280",MIKO£AJKI,"2026","01","22",-9.6,,-13.9,,-12.2,,-19.9,,0.0,,S,22,,1.6,,6.6,,,"8",,"8",,"8",,"8",,"8",,"8",,"8",,"8",,"8",,"8",,"8",,"8",,"8",,"8",,"8",,"8",1,,,"8",Z,"01",,,"9",,"8"
"353210280",MIKO£AJKI,"2026","01","23",-7.1,,-13.1,,-8.8,,-13.2,,0.0,,S,22,,1.8,,,"9",,"8",,"8",,"8",,"8",,"8",,"8",,"8",,"8",,"8",,"8",,"8",,"8",,"8",,"8",,"8",,"8",1,,,"8",Z,"01",,,"9",,"8"
"353210280",MIKO£AJKI,"2026","01","24",-6.9,,-10.5,,-8.8,,-10.1,,0.0,,S,21,,1.8,,,"9",,"8",,"8",,"8",,"8",,"8",,"8",,"8",,"8",,"8",,"8",,"8",,"8",,"8",,"8",,"8",,"8",1,,,"8",Z,"01",,,"9",,"8"
"353210280",MIKO£AJKI,"2026","01","25",-6.2,,-8.6,,-7.2,,-8.5,,0.0,,S,21,,1.8,,,"9",,"8",,"8",,"8",,"8",,"8",,"8",,"8",,"8",,"8",,"8",,"8",,"8",,"8",,"8",,"8",,"8",1,,,"8",Z,"01",,,"9",,"8"
"353210280",MIKO£AJKI,"2026","01","26",-2.3,,-6.2,,-4.3,,-5.9,,0.0,,S,20,,2.1,,,"9",,"8",,"8",,"8",,"8",,"8",,"8",,"8",,"8",,"8",,"8",,"8",,"8",,"8",,"8",,"8",,"8",1,,,"8",Z,"01",,,"9",,"8"
"353210280",MIKO£AJKI,"2026","01","27",0.6,,-2.5,,-0.9,,-2.3,,0.0,,S,20,,1.9,,,"9",,"8",,"8",,"8",,"8",,"8",,"8",,"8",,"8",,"8",,"8",,"8",,"8",,"8",,"8",,"8",,"8",1,,,"8",R,"01",,,"9",,"8"
"353210280",MIKO£AJKI,"2026","01","28",-0.5,,-6.0,,-4.0,,-5.7,,0.0,,S,20,,2.0,,,"9",,"8",,"8",,"8",,"8",,"8",,"8",,"8",,"8",,"8",,"8",,"8",,"8",,"8",,"8",,"8",,"8",1,,,"8",R,"01",,,"9",,"8"
"353210280",MIKO£AJKI,"2026","01","29",-6.0,,-8.8,,-8.4,,-8.4,,,"9",,20,,2.0,,,"9",,"8",,"8",,"8",,"8",,"8",,"8",,"8",,"8",,"8",,"8",,"8",,"8",,"8",,"8",,"8",,"8",1,,,"8",Z,"01",,,"9",,"8"
"353210280",MIKO£AJKI,"2026","01","30",-8.5,,-12.5,,-10.8,,-16.2,,,"9",,20,,2.0,,6.2,,,"8",,"8",,"8",,"8",,"8",,"8",,"8",,"8",,"8",,"8",,"8",,"8",,"8",,"8",,"8",,"8",1,,,"8",Z,"01",,,"9",,"8"
"353210280",MIKO£AJKI,"2026","01","31",-8.2,,-17.4,,-13.8,,-24.2,,,"9",,20,,1.8,,8.4,,,"8",,"8",,"8",,"8",,"8",,"8",,"8",,"8",,"8",,"8",,"8",,"8",,"8",,"8",,"8",,"8",1,,,"8",R,"01",,,"9",,"8"
"353230295",BIA£YSTOK,"2026","01","01",0.5,,-19.5,,-8.4,,-23.8,,4.0,,S,6,,1.7,,,"9",,"8",,"8",,"8",,"8",,"8",,"8",,"8",,"8",,"8",,"8",,"8",,"8",,"8",,"8",,"8",,"8",1,,,"8",Z,,"8",,"8",,"8"
"353230295",BIA£YSTOK,"2026","01","02",1.3,,-0.3,,0.6,,-0.4,,1.2,,S,10,,2.5,,,"9",,"8",,"8",,"8",,"8",,"8",,"8",,"8",,"8",,"8",,"8",,"8",,"8",,"8",,"8",,"8",,"8",1,,,"8",Z,,"8",,"8",,"8"
"353230295",BIA£YSTOK,"2026","01","03",1.0,,-4.2,,-1.2,,-8.4,,0.5,,S,10,,2.2,,0.2,,,"8",,"8",,"8",,"8",,"8",,"8",,"8",,"8",,"8",,"8",,"8",,"8",,"8",,"8",,"8",,"8",1,,,"8",Z,,"8",,"8",,"8"
"353230295",BIA£YSTOK,"2026","01","04",-0.5,,-5.4,,-3.0,,-12.7,,0.7,,S,11,,2.2,,0.7,,,"8",,"8",,"8",,"8",,"8",,"8",,"8",,"8",,"8",,"8",,"8",,"8",,"8",,"8",,"8",,"8",1,,,"8",Z,,"8",,"8",,"8"
"353230295",BIA£YSTOK,"2026","01","05",-0.6,,-9.5,,-5.4,,-16.6,,0.0,,S,12,,1.9,,3.8,,,"8",,"8",,"8",,"8",,"8",,"8",,"8",,"8",,"8",,"8",,"8",,"8",,"8",,"8",,"8",,"8",1,,,"8",Z,,"8",,"8",,"8"
"353230295",BIA£YSTOK,"2026","01","06",-3.2,,-11.1,,-4.7,,-18.1,,,"9",,11,,1.8,,,"9",,"8",,"8",,"8",,"8",,"8",,"8",,"8",,"8",,"8",,"8",,"8",,"8",,"8",,"8",,"8",,"8",1,,,"8",Z,,"8",,"8",,"8"
"353230295",BIA£YSTOK,"2026","01","07",-3.5,,-10.1,,-7.2,,-13.4,,,"9",,10,,1.9,,0.7,,,"8",,"8",,"8",,"8",,"8",,"8",,"8",,"8",,"8",,"8",,"8",,"8",,"8",,"8",,"8",,"8",1,,,"8",Z,,"8",,"8",,"8"
"353230295",BIA£YSTOK,"2026","01","08",-6.4,,-9.7,,-7.1,,-13.6,,1.4,,S,10,,1.5,,,"9",,"8",,"8",,"8",,"8",,"8",,"8",,"8",,"8",,"8",,"8",,"8",,"8",,"8",,"8",,"8",,"8",1,,,"8",Z,,"8",,"8",,"8"
"353230295",BIA£YSTOK,"2026","01","09",-6.7,,-10.4,,-9.3,,-12.7,,1.2,,S,13,,1.8,,0.5,,,"8",,"8",,"8",,"8",,"8",,"8",,"8",,"8",,"8",,"8",,"8",,"8",,"8",,"8",,"8",,"8",1,,,"8",Z,,"8",,"8",,"8"
"353230295",BIA£YSTOK,"2026","01","10",-7.9,,-10.6,,-9.1,,-14.9,,0.8,,S,20,,1.2,,,"9",,"8",,"8",,"8",,"8",,"8",,"8",,"8",,"8",,"8",,"8",,"8",,"8",,"8",,"8",,"8",,"8",1,,,"8",Z,,"8",,"8",,"8"
"353230295",BIA£YSTOK,"2026","01","11",-8.1,,-11.2,,-10.1,,-15.8,,0.9,,S,21,,1.2,,1.9,,,"8",,"8",,"8",,"8",,"8",,"8",,"8",,"8",,"8",,"8",,"8",,"8",,"8",,"8",,"8",,"8",1,,,"8",Z,,"8",,"8",,"8"
"353230295",BIA£YSTOK,"2026","01","12",-8.4,,-14.2,,-9.9,,-19.9,,0.1,,S,22,,1.3,,0.3,,,"8",,"8",,"8",,"8",,"8",,"8",,"8",,"8",,"8",,"8",,"8",,"8",,"8",,"8",,"8",,"8",1,,,"8",Z,,"8",,"8",,"8"
"353230295",BIA£YSTOK,"2026","01","13",-6.8,,-14.8,,-9.7,,-20.8,,0.0,,W,22,,1.3,,,"9",,"8",,"8",,"8",,"8",,"8",,"8",,"8",,"8",,"8",,"8",,"8",,"8",,"8",,"8",,"8",,"8",1,,,"8",Z,,"8",,"8",,"8"
"353230295",BIA£YSTOK,"2026","01","14",-7.7,,-9.7,,-9.1,,-9.7,,1.6,,S,21,,1.5,,,"9",,"8",,"8",,"8",,"8",,"8",,"8",,"8",,"8",,"8",,"8",,"8",,"8",,"8",,"8",,"8",,"8",1,,,"8",Z,,"8",,"8",,"8"
"353230295",BIA£YSTOK,"2026","01","15",-7.8,,-9.3,,-8.7,,-9.2,,0.0,,S,21,,1.6,,,"9",,"8",,"8",,"8",,"8",,"8",,"8",,"8",,"8",,"8",,"8",,"8",,"8",,"8",,"8",,"8",,"8",1,,,"8",Z,,"8",,"8",,"8"
"353230295",BIA£YSTOK,"2026","01","16",-8.2,,-13.3,,-11.7,,-13.7,,0.0,,S,20,,1.6,,,"9",,"8",,"8",,"8",,"8",,"8",,"8",,"8",,"8",,"8",,"8",,"8",,"8",,"8",,"8",,"8",,"8",1,,,"8",Z,,"8",,"8",,"8"
"353230295",BIA£YSTOK,"2026","01","17",-4.5,,-13.5,,-10.1,,-16.9,,,"9",,19,,1.5,,6.6,,,"8",,"8",,"8",,"8",,"8",,"8",,"8",,"8",,"8",,"8",,"8",,"8",,"8",,"8",,"8",,"8",1,,,"8",Z,,"8",,"8",,"8"
"353230295",BIA£YSTOK,"2026","01","18",-8.6,,-16.7,,-13.0,,-20.0,,0.0,,W,18,,1.6,,6.6,,,"8",,"8",,"8",,"8",,"8",,"8",,"8",,"8",,"8",,"8",,"8",,"8",,"8",,"8",,"8",,"8",1,,,"8",Z,,"8",,"8",,"8"
"353230295",BIA£YSTOK,"2026","01","19",-6.1,,-17.7,,-13.2,,-23.4,,,"9",,17,,1.8,,6.6,,,"8",,"8",,"8",,"8",,"8",,"8",,"8",,"8",,"8",,"8",,"8",,"8",,"8",,"8",,"8",,"8",1,,,"8",Z,,"8",,"8",,"8"
"353230295",BIA£YSTOK,"2026","01","20",-3.4,,-19.3,,-13.3,,-24.8,,,"9",,17,,2.0,,6.6,,,"8",,"8",,"8",,"8",,"8",,"8",,"8",,"8",,"8",,"8",,"8",,"8",,"8",,"8",,"8",,"8",1,,,"8",Z,,"8",,"8",,"8"
"353230295",BIA£YSTOK,"2026","01","21",-2.4,,-18.4,,-11.4,,-23.8,,,"9",,16,,2.0,,6.9,,,"8",,"8",,"8",,"8",,"8",,"8",,"8",,"8",,"8",,"8",,"8",,"8",,"8",,"8",,"8",,"8",1,,,"8",Z,,"8",,"8",,"8"
"353230295",BIA£YSTOK,"2026","01","22",-7.5,,-13.5,,-11.9,,-20.8,,0.0,,S,16,,1.9,,1.1,,,"8",,"8",,"8",,"8",,"8",,"8",,"8",,"8",,"8",,"8",,"8",,"8",,"8",,"8",,"8",,"8",1,,,"8",Z,,"8",,"8",,"8"
"353230295",BIA£YSTOK,"2026","01","23",-6.8,,-12.5,,-8.5,,-12.5,,0.0,,S,16,,1.9,,,"9",,"8",,"8",,"8",,"8",,"8",,"8",,"8",,"8",,"8",,"8",,"8",,"8",,"8",,"8",,"8",,"8",1,,,"8",Z,,"8",,"8",,"8"
"353230295",BIA£YSTOK,"2026","01","24",-6.9,,-10.3,,-8.6,,-10.3,,,"9",,16,,1.8,,,"9",,"8",,"8",,"8",,"8",,"8",,"8",,"8",,"8",,"8",,"8",,"8",,"8",,"8",,"8",,"8",,"8",1,,,"8",Z,,"8",,"8",,"8"
"353230295",BIA£YSTOK,"2026","01","25",-5.7,,-8.4,,-7.1,,-8.5,,0.2,,S,16,,1.8,,,"9",,"8",,"8",,"8",,"8",,"8",,"8",,"8",,"8",,"8",,"8",,"8",,"8",,"8",,"8",,"8",,"8",1,,,"8",Z,,"8",,"8",,"8"
"353230295",BIA£YSTOK,"2026","01","26",-1.0,,-7.1,,-4.0,,-7.1,,3.5,,W,16,,2.1,,,"9",,"8",,"8",,"8",,"8",,"8",,"8",,"8",,"8",,"8",,"8",,"8",,"8",,"8",,"8",,"8",,"8",1,,,"8",Z,,"8",,"8",,"8"
"353230295",BIA£YSTOK,"2026","01","27",1.1,,-1.0,,0.5,,-1.2,,0.4,,W,14,,2.5,,,"9",,"8",,"8",,"8",,"8",,"8",,"8",,"8",,"8",,"8",,"8",,"8",,"8",,"8",,"8",,"8",,"8",1,,,"8",Z,,"8",,"8",,"8"
"353230295",BIA£YSTOK,"2026","01","28",0.8,,-0.8,,-0.1,,-0.8,,0.0,,S,13,,2.5,,,"9",,"8",,"8",,"8",,"8",,"8",,"8",,"8",,"8",,"8",,"8",,"8",,"8",,"8",,"8",,"8",,"8",1,,,"8",Z,,"8",,"8",,"8"
"353230295",BIA£YSTOK,"2026","01","29",-0.8,,-6.6,,-5.6,,-6.6,,0.1,,S,13,,2.7,,,"9",,"8",,"8",,"8",,"8",,"8",,"8",,"8",,"8",,"8",,"8",,"8",,"8",,"8",,"8",,"8",,"8",1,,,"8",Z,,"8",,"8",,"8"
"353230295",BIA£YSTOK,"2026","01","30",-6.6,,-12.1,,-10.3,,-12.8,,0.0,,S,13,,2.5,,4.7,,,"8",,"8",,"8",,"8",,"8",,"8",,"8",,"8",,"8",,"8",,"8",,"8",,"8",,"8",,"8",,"8",1,,,"8",Z,,"8",,"8",,"8"
"353230295",BIA£YSTOK,"2026","01","31",-8.2,,-15.9,,-12.7,,-17.3,,,"9",,13,,2.4,,8.2,,,"8",,"8",,"8",,"8",,"8",,"8",,"8",,"8",,"8",,"8",,"8",,"8",,"8",,"8",,"8",,"8",1,,,"8",Z,,"8",,"8",,"8"
"354150100",KO£OBRZEG-DèWIRZYNO,"2026","01","01",3.0,,-0.3,,1.9,,-0.9,,4.2,,S,,"9",,"9",,"9",,"8",,"8",,"8",,"8",,"8",,"8",,"8",,"8",,"8",,"8",,"8",,"8",,"8",,"8",,"8",,"8",,"8",,"8",R,,"9",,"9",,"8"
"354150100",KO£OBRZEG-DèWIRZYNO,"2026","01","02",2.7,,0.7,,1.6,,0.4,,2.2,,S,,"9",,"9",0.2,,,"8",,"8",,"8",,"8",,"8",,"8",,"8",,"8",,"8",,"8",,"8",,"8",,"8",,"8",,"8",,"8",,"8",,"8",R,,"9",,"9",,"8"
"354150100",KO£OBRZEG-DèWIRZYNO,"2026","01","03",1.6,,-3.6,,-0.8,,-4.6,,1.5,,S,1,,,"9",2.8,,,"8",,"8",,"8",,"8",,"8",,"8",,"8",,"8",,"8",,"8",,"8",,"8",,"8",,"8",,"8",,"8",1,,,"8",Z,"01",,,"9",,"8"
"354150100",KO£OBRZEG-DèWIRZYNO,"2026","01","04",0.5,,-4.6,,-2.4,,-5.3,,0.0,,S,3,,,"9",0.4,,,"8",,"8",,"8",,"8",,"8",,"8",,"8",,"8",,"8",,"8",,"8",,"8",,"8",,"8",,"8",,"8",1,,,"8",Z,"01",,,"9",,"8"
"354150100",KO£OBRZEG-DèWIRZYNO,"2026","01","05",0.0,,-6.2,,-2.1,,-6.4,,0.2,,S,2,,,"9",,"9",,"8",,"8",,"8",,"8",,"8",,"8",,"8",,"8",,"8",,"8",,"8",,"8",,"8",,"8",,"8",,"8",1,,,"8",R,"08",,,"9",,"8"
"354150100",KO£OBRZEG-DèWIRZYNO,"2026","01","06",-1.0,,-5.5,,-3.3,,-6.1,,,"9",,3,,,"9",2.5,,,"8",,"8",,"8",,"8",,"8",,"8",,"8",,"8",,"8",,"8",,"8",,"8",,"8",,"8",,"8",,"8",1,,,"8",R,"08",,,"9",,"8"
"354150100",KO£OBRZEG-DèWIRZYNO,"2026","01","07",-1.4,,-5.5,,-4.1,,-6.4,,,"9",,3,,,"9",3.5,,,"8",,"8",,"8",,"8",,"8",,"8",,"8",,"8",,"8",,"8",,"8",,"8",,"8",,"8",,"8",,"8",1,,,"8",R,"10",,,"9",,"8"
"354150100",KO£OBRZEG-DèWIRZYNO,"2026","01","08",-4.3,,-9.2,,-6.9,,-10.1,,,"9",,3,,,"9",5.8,,,"8",,"8",,"8",,"8",,"8",,"8",,"8",,"8",,"8",,"8",,"8",,"8",,"8",,"8",,"8",,"8",1,,,"8",R,"18",,,"9",,"8"
"354150100",KO£OBRZEG-DèWIRZYNO,"2026","01","09",-2.4,,-11.5,,-6.4,,-14.2,,,"9",,2,,,"9",3.0,,,"8",,"8",,"8",,"8",,"8",,"8",,"8",,"8",,"8",,"8",,"8",,"8",,"8",,"8",,"8",,"8",1,,,"8",R,"24",,,"9",,"8"
"354150100",KO£OBRZEG-DèWIRZYNO,"2026","01","10",2.0,,-3.4,,0.4,,-4.5,,0.6,,S,2,,,"9",0.3,,,"8",,"8",,"8",,"8",,"8",,"8",,"8",,"8",,"8",,"8",,"8",,"8",,"8",,"8",,"8",,"8",1,,,"8",R,"24",,"04",,,"8"
"354150100",KO£OBRZEG-DèWIRZYNO,"2026","01","11",0.9,,0.0,,0.4,,-0.3,,,"9",,3,,,"9",0.1,,,"8",,"8",,"8",,"8",,"8",,"8",,"8",,"8",,"8",,"8",,"8",,"8",,"8",,"8",,"8",,"8",1,,,"8",R,"15",,"04",,,"8"
"354150100",KO£OBRZEG-DèWIRZYNO,"2026","01","12",0.7,,-6.8,,-2.7,,-7.3,,0.0,,S,3,,,"9",2.1,,,"8",,"8",,"8",,"8",,"8",,"8",,"8",,"8",,"8",,"8",,"8",,"8",,"8",,"8",,"8",,"8",1,,,"8",Z,"22",,,"9",,"8"
"354150100",KO£OBRZEG-DèWIRZYNO,"2026","01","13",0.0,,-3.3,,-1.4,,-3.4,,2.8,,W,2,,,"9",,"9",,"8",,"8",,"8",,"8",,"8",,"8",,"8",,"8",,"8",,"8",,"8",,"8",,"8",,"8",,"8",,"8",1,,,"8",Z,"24",,,"9",,"8"
"354150100",KO£OBRZEG-DèWIRZYNO,"2026","01","14",4.4,,0.0,,2.3,,-0.1,,7.5,,W,1,,,"9",,"9",,"8",,"8",,"8",,"8",,"8",,"8",,"8",,"8",,"8",,"8",,"8",,"8",,"8",,"8",,"8",,"8",1,,,"8",R,,"9",,"9",,"8"
"354150100",KO£OBRZEG-DèWIRZYNO,"2026","01","15",3.3,,-2.0,,1.2,,-2.4,,,"9",,,"9",,"9",0.9,,,"8",,"8",,"8",,"8",,"8",,"8",,"8",,"8",,"8",,"8",,"8",,"8",,"8",,"8",,"8",,"8",,"8",,"8",Z,"01",,,"9",,"8"
"354150100",KO£OBRZEG-DèWIRZYNO,"2026","01","16",5.0,,1.8,,3.1,,0.6,,,"9",,,"9",,"9",1.9,,,"8",,"8",,"8",,"8",,"8",,"8",,"8",,"8",,"8",,"8",,"8",,"8",,"8",,"8",,"8",,"8",,"8",,"8",R,,"9",,"9",,"8"
"354150100",KO£OBRZEG-DèWIRZYNO,"2026","01","17",2.6,,1.1,,1.6,,0.6,,,"9",,,"9",,"9",,"9",,"8",,"8",,"8",,"8",,"8",,"8",,"8",,"8",,"8",,"8",,"8",,"8",,"8",,"8",,"8",,"8",,"8",,"8",R,,"9",,"9",,"8"
"354150100",KO£OBRZEG-DèWIRZYNO,"2026","01","18",4.3,,-3.1,,-0.6,,-3.3,,,"9",,,"9",,"9",6.3,,,"8",,"8",,"8",,"8",,"8",,"8",,"8",,"8",,"8",,"8",,"8",,"8",,"8",,"8",,"8",,"8",,"8",,"8",Z,"06",,,"9",,"8"
"354150100",KO£OBRZEG-DèWIRZYNO,"2026","01","19",2.8,,-6.3,,-1.7,,-7.2,,,"9",,,"9",,"9",6.3,,,"8",,"8",,"8",,"8",,"8",,"8",,"8",,"8",,"8",,"8",,"8",,"8",,"8",,"8",,"8",,"8",,"8",,"8",Z,"19",,,"9",,"8"
"354150100",KO£OBRZEG-DèWIRZYNO,"2026","01","20",2.4,,-4.5,,-1.7,,-8.1,,,"9",,,"9",,"9",6.3,,,"8",,"8",,"8",,"8",,"8",,"8",,"8",,"8",,"8",,"8",,"8",,"8",,"8",,"8",,"8",,"8",,"8",,"8",Z,"26",,,"9",,"8"
"354150100",KO£OBRZEG-DèWIRZYNO,"2026","01","21",0.2,,-7.6,,-4.3,,-9.5,,,"9",,,"9",,"9",6.3,,,"8",,"8",,"8",,"8",,"8",,"8",,"8",,"8",,"8",,"8",,"8",,"8",,"8",,"8",,"8",,"8",,"8",,"8",Z,"39",,,"9",,"8"
"354150100",KO£OBRZEG-DèWIRZYNO,"2026","01","22",-2.1,,-8.1,,-5.1,,-10.6,,,"9",,,"9",,"9",6.3,,,"8",,"8",,"8",,"8",,"8",,"8",,"8",,"8",,"8",,"8",,"8",,"8",,"8",,"8",,"8",,"8",,"8",,"8",Z,"43",,,"9",,"8"
"354150100",KO£OBRZEG-DèWIRZYNO,"2026","01","23",-2.6,,-11.9,,-7.6,,-12.4,,0.0,,S,,"9",,"9",,"9",,"8",,"8",,"8",,"8",,"8",,"8",,"8",,"8",,"8",,"8",,"8",,"8",,"8",,"8",,"8",,"8",,"8",,"8",Z,"46",,,"9",,"8"
"354150100",KO£OBRZEG-DèWIRZYNO,"2026","01","24",-2.7,,-5.4,,-3.8,,-5.5,,,"9",,,"9",,"9",,"9",,"8",,"8",,"8",,"8",,"8",,"8",,"8",,"8",,"8",,"8",,"8",,"8",,"8",,"8",,"8",,"8",,"8",,"8",Z,"46",,,"9",,"8"
"354150100",KO£OBRZEG-DèWIRZYNO,"2026","01","25",-1.0,,-4.3,,-3.1,,-4.8,,0.6,,W,,"9",,"9",2.7,,,"8",,"8",,"8",,"8",,"8",,"8",,"8",,"8",,"8",,"8",,"8",,"8",,"8",,"8",,"8",,"8",,"8",,"8",Z,"46",,,"9",,"8"
"354150100",KO£OBRZEG-DèWIRZYNO,"2026","01","26",-0.7,,-2.8,,-1.6,,-2.8,,4.0,,S,,"9",,"9",,"9",,"8",,"8",,"8",,"8",,"8",,"8",,"8",,"8",,"8",,"8",,"8",,"8",,"8",,"8",,"8",,"8",,"8",,"8",Z,"41",,,"9",,"8"
"354150100",KO£OBRZEG-DèWIRZYNO,"2026","01","27",0.4,,-1.2,,-0.3,,-1.3,,1.3,,S,1,,,"9",,"9",,"8",,"8",,"8",,"8",,"8",,"8",,"8",,"8",,"8",,"8",,"8",,"8",,"8",,"8",,"8",,"8",1,,,"8",R,"32",,,"9",,"8"
"354150100",KO£OBRZEG-DèWIRZYNO,"2026","01","28",0.2,,-0.7,,-0.3,,-1.8,,,"9",,1,,,"9",,"9",,"8",,"8",,"8",,"8",,"8",,"8",,"8",,"8",,"8",,"8",,"8",,"8",,"8",,"8",,"8",,"8",1,,,"8",R,,"9",,"9",,"8"
"354150100",KO£OBRZEG-DèWIRZYNO,"2026","01","29",-0.5,,-4.8,,-3.8,,-4.7,,,"9",,1,,,"9",,"9",,"8",,"8",,"8",,"8",,"8",,"8",,"8",,"8",,"8",,"8",,"8",,"8",,"8",,"8",,"8",,"8",1,,,"8",R,"35",,,"9",,"8"
"354150100",KO£OBRZEG-DèWIRZYNO,"2026","01","30",-3.4,,-4.8,,-4.1,,-4.8,,,"9",,1,,,"9",,"9",,"8",,"8",,"8",,"8",,"8",,"8",,"8",,"8",,"8",,"8",,"8",,"8",,"8",,"8",,"8",,"8",1,,,"8",Z,"43",,,"9",,"8"
"354150100",KO£OBRZEG-DèWIRZYNO,"2026","01","31",-3.7,,-10.6,,-8.1,,-10.9,,,"9",,1,,,"9",6.8,,,"8",,"8",,"8",,"8",,"8",,"8",,"8",,"8",,"8",,"8",,"8",,"8",,"8",,"8",,"8",,"8",1,,,"8",R,"46",,,"9",,"8"
"354160105",KOSZALIN,"2026","01","01",2.4,,-1.0,,1.1,,-1.1,,7.0,,S,1,,,"9",,"9",,"8",,"8",,"8",,"8",,"8",,"8",,"8",,"8",,"8",,"8",,"8",,"8",,"8",,"8",,"8",,"8",1,,,"8",Z,,"8",,"8",,"8"
"354160105",KOSZALIN,"2026","01","02",2.4,,0.2,,1.1,,-0.3,,9.4,,S,0,,,"9",,"9",,"8",,"8",,"8",,"8",,"8",,"8",,"8",,"8",,"8",,"8",,"8",,"8",,"8",,"8",,"8",,"8",,"8",,"8",R,,"8",,"8",,"8"
"354160105",KOSZALIN,"2026","01","03",1.4,,-4.4,,-2.1,,-6.1,,3.7,,S,10,,1.4,,3.5,,,"8",,"8",,"8",,"8",,"8",,"8",,"8",,"8",,"8",,"8",,"8",,"8",,"8",,"8",,"8",,"8",1,,,"8",R,,"8",,"8",,"8"
"354160105",KOSZALIN,"2026","01","04",-2.0,,-7.8,,-3.9,,-11.8,,0.5,,S,23,,1.2,,0.8,,,"8",,"8",,"8",,"8",,"8",,"8",,"8",,"8",,"8",,"8",,"8",,"8",,"8",,"8",,"8",,"8",1,,,"8",Z,,"8",,"8",,"8"
"354160105",KOSZALIN,"2026","01","05",-0.8,,-8.1,,-3.8,,-12.4,,0.0,,S,20,,1.3,,,"9",,"8",,"8",,"8",,"8",,"8",,"8",,"8",,"8",,"8",,"8",,"8",,"8",,"8",,"8",,"8",,"8",1,,,"8",Z,,"8",,"8",,"8"
"354160105",KOSZALIN,"2026","01","06",-1.4,,-6.4,,-4.2,,-9.9,,0.0,,S,18,,1.6,,3.8,,,"8",,"8",,"8",,"8",,"8",,"8",,"8",,"8",,"8",,"8",,"8",,"8",,"8",,"8",,"8",,"8",1,,,"8",Z,,"8",,"8",,"8"
"354160105",KOSZALIN,"2026","01","07",-1.9,,-6.5,,-4.6,,-11.6,,,"9",,18,,1.4,,3.7,,,"8",,"8",,"8",,"8",,"8",,"8",,"8",,"8",,"8",,"8",,"8",,"8",,"8",,"8",,"8",,"8",1,,,"8",R,,"8",,"8",,"8"
"354160105",KOSZALIN,"2026","01","08",-5.0,,-8.7,,-7.1,,-12.7,,,"9",,16,,1.5,,3.7,,,"8",,"8",,"8",,"8",,"8",,"8",,"8",,"8",,"8",,"8",,"8",,"8",,"8",,"8",,"8",,"8",1,,,"8",Z,,"8",,"8",,"8"
"354160105",KOSZALIN,"2026","01","09",-2.5,,-14.5,,-7.3,,-21.4,,,"9",,14,,2.0,,4.9,,,"8",,"8",,"8",,"8",,"8",,"8",,"8",,"8",,"8",,"8",,"8",,"8",,"8",,"8",,"8",,"8",1,,,"8",Z,,"8",,"8",,"8"
"354160105",KOSZALIN,"2026","01","10",1.2,,-5.9,,-0.8,,-7.8,,2.3,,S,12,,2.1,,0.1,,,"8",,"8",,"8",,"8",,"8",,"8",,"8",,"8",,"8",,"8",,"8",,"8",,"8",,"8",,"8",,"8",1,,,"8",Z,,"8",,"8",,"8"
"354160105",KOSZALIN,"2026","01","11",0.2,,-1.2,,-0.4,,-2.5,,0.0,,S,14,,1.9,,,"9",,"8",,"8",,"8",,"8",,"8",,"8",,"8",,"8",,"8",,"8",,"8",,"8",,"8",,"8",,"8",,"8",1,,,"8",Z,,"8",,"8",,"8"
"354160105",KOSZALIN,"2026","01","12",-0.4,,-2.7,,-1.7,,-4.7,,0.0,,S,15,,2.1,,1.5,,,"8",,"8",,"8",,"8",,"8",,"8",,"8",,"8",,"8",,"8",,"8",,"8",,"8",,"8",,"8",,"8",1,,,"8",R,,"8",,"8",,"8"
"354160105",KOSZALIN,"2026","01","13",-1.0,,-3.2,,-2.0,,-3.8,,2.1,,S,15,,2.4,,0.1,,,"8",,"8",,"8",,"8",,"8",,"8",,"8",,"8",,"8",,"8",,"8",,"8",,"8",,"8",,"8",,"8",1,,,"8",Z,,"8",,"8",,"8"
"354160105",KOSZALIN,"2026","01","14",3.4,,-1.4,,1.6,,-1.5,,6.1,,W,13,,3.5,,,"9",,"8",,"8",,"8",,"8",,"8",,"8",,"8",,"8",,"8",,"8",,"8",,"8",,"8",,"8",,"8",,"8",1,,,"8",R,,"8",,"8",,"8"
"354160105",KOSZALIN,"2026","01","15",2.8,,-0.5,,1.4,,-2.6,,0.1,,W,9,,3.7,,1.8,,,"8",,"8",,"8",,"8",,"8",,"8",,"8",,"8",,"8",,"8",,"8",,"8",,"8",,"8",,"8",,"8",1,,,"8",Z,,"8",,"8",,"8"
"354160105",KOSZALIN,"2026","01","16",4.3,,1.8,,2.5,,1.4,,,"9",,,"9",,"9",0.7,,,"8",,"8",,"8",,"8",,"8",,"8",,"8",,"8",,"8",,"8",,"8",,"8",,"8",,"8",,"8",,"8",,"8",,"8",R,,"8",,"8",,"8"
"354160105",KOSZALIN,"2026","01","17",2.2,,0.3,,0.6,,0.5,,,"9",,,"9",,"9",,"9",,"8",,"8",,"8",,"8",,"8",,"8",,"8",,"8",,"8",,"8",,"8",,"8",,"8",,"8",,"8",,"8",,"8",,"8",R,,"8",,"8",,"8"
"354160105",KOSZALIN,"2026","01","18",2.1,,-4.8,,-2.7,,-5.0,,,"9",,,"9",,"9",7.1,,,"8",,"8",,"8",,"8",,"8",,"8",,"8",,"8",,"8",,"8",,"8",,"8",,"8",,"8",,"8",,"8",,"8",,"8",Z,,"8",,"8",,"8"
"354160105",KOSZALIN,"2026","01","19",2.1,,-6.7,,-3.0,,-7.2,,,"9",,,"9",,"9",7.3,,,"8",,"8",,"8",,"8",,"8",,"8",,"8",,"8",,"8",,"8",,"8",,"8",,"8",,"8",,"8",,"8",,"8",,"8",Z,,"8",,"8",,"8"
"354160105",KOSZALIN,"2026","01","20",1.5,,-5.2,,-2.4,,-6.0,,,"9",,,"9",,"9",7.3,,,"8",,"8",,"8",,"8",,"8",,"8",,"8",,"8",,"8",,"8",,"8",,"8",,"8",,"8",,"8",,"8",,"8",,"8",Z,,"8",,"8",,"8"
"354160105",KOSZALIN,"2026","01","21",0.4,,-7.5,,-5.1,,-10.3,,,"9",,,"9",,"9",7.1,,,"8",,"8",,"8",,"8",,"8",,"8",,"8",,"8",,"8",,"8",,"8",,"8",,"8",,"8",,"8",,"8",,"8",,"8",Z,,"8",,"8",,"8"
"354160105",KOSZALIN,"2026","01","22",-2.0,,-10.8,,-6.9,,-13.6,,0.0,,S,,"9",,"9",6.5,,,"8",,"8",,"8",,"8",,"8",,"8",,"8",,"8",,"8",,"8",,"8",,"8",,"8",,"8",,"8",,"8",,"8",,"8",Z,,"8",,"8",,"8"
"354160105",KOSZALIN,"2026","01","23",-4.2,,-12.3,,-8.0,,-12.7,,0.0,,S,,"9",,"9",,"9",,"8",,"8",,"8",,"8",,"8",,"8",,"8",,"8",,"8",,"8",,"8",,"8",,"8",,"8",,"8",,"8",,"8",,"8",Z,,"8",,"8",,"8"
"354160105",KOSZALIN,"2026","01","24",-3.3,,-6.2,,-4.7,,-6.1,,,"9",,,"9",,"9",,"9",,"8",,"8",,"8",,"8",,"8",,"8",,"8",,"8",,"8",,"8",,"8",,"8",,"8",,"8",,"8",,"8",,"8",,"8",Z,,"8",,"8",,"8"
"354160105",KOSZALIN,"2026","01","25",-2.4,,-5.6,,-3.9,,-5.8,,0.1,,W,,"9",,"9",2.7,,,"8",,"8",,"8",,"8",,"8",,"8",,"8",,"8",,"8",,"8",,"8",,"8",,"8",,"8",,"8",,"8",,"8",,"8",Z,,"8",,"8",,"8"
"354160105",KOSZALIN,"2026","01","26",-0.8,,-3.7,,-2.3,,-3.9,,2.8,,S,,"9",,"9",,"9",,"8",,"8",,"8",,"8",,"8",,"8",,"8",,"8",,"8",,"8",,"8",,"8",,"8",,"8",,"8",,"8",,"8",,"8",Z,,"8",,"8",,"8"
"354160105",KOSZALIN,"2026","01","27",-0.3,,-2.1,,-1.1,,-3.1,,1.2,,S,,"9",,"9",,"9",,"8",,"8",,"8",,"8",,"8",,"8",,"8",,"8",,"8",,"8",,"8",,"8",,"8",,"8",,"8",,"8",,"8",,"8",Z,,"8",,"8",,"8"
"354160105",KOSZALIN,"2026","01","28",-0.4,,-1.4,,-1.0,,-1.7,,,"9",,4,,,"9",,"9",,"8",,"8",,"8",,"8",,"8",,"8",,"8",,"8",,"8",,"8",,"8",,"8",,"8",,"8",,"8",,"8",1,,,"8",Z,,"8",,"8",,"8"
"354160105",KOSZALIN,"2026","01","29",-1.4,,-5.4,,-4.7,,-5.6,,,"9",,3,,,"9",,"9",,"8",,"8",,"8",,"8",,"8",,"8",,"8",,"8",,"8",,"8",,"8",,"8",,"8",,"8",,"8",,"8",1,,,"8",Z,,"8",,"8",,"8"
"354160105",KOSZALIN,"2026","01","30",-4.1,,-5.5,,-5.0,,-5.5,,,"9",,3,,,"9",,"9",,"8",,"8",,"8",,"8",,"8",,"8",,"8",,"8",,"8",,"8",,"8",,"8",,"8",,"8",,"8",,"8",1,,,"8",Z,,"8",,"8",,"8"
"354160105",KOSZALIN,"2026","01","31",-4.1,,-11.5,,-8.9,,-12.5,,,"9",,3,,,"9",8.0,,,"8",,"8",,"8",,"8",,"8",,"8",,"8",,"8",,"8",,"8",,"8",,"8",,"8",,"8",,"8",,"8",1,,,"8",Z,,"8",,"8",,"8"
"354160115",USTKA,"2026","01","01",2.6,,-3.6,,0.9,,-3.6,,7.1,,S,1,,,"9",,"9",,"8",,"8",,"8",,"8",,"8",,"8",,"8",,"8",,"8",,"8",,"8",,"8",,"8",,"8",,"8",,"8",1,,,"8",R,,"9",,"9",,"8"
"354160115",USTKA,"2026","01","02",3.5,,0.0,,1.6,,0.0,,5.9,,S,0,,,"9",,"9",,"8",,"8",,"8",,"8",,"8",,"8",,"8",,"8",,"8",,"8",,"8",,"8",,"8",,"8",,"8",,"8",,"8",,"8",R,,"9",,"9",,"8"
"354160115",USTKA,"2026","01","03",1.5,,-1.6,,-0.4,,-2.8,,1.9,,S,3,,,"9",,"9",,"8",,"8",,"8",,"8",,"8",,"8",,"8",,"8",,"8",,"8",,"8",,"8",,"8",,"8",,"8",,"8",1,,,"8",R,"01",,,"9",,"8"
"354160115",USTKA,"2026","01","04",0.1,,-5.5,,-2.1,,-6.2,,21.4,,S,5,,1.0,,,"9",,"8",,"8",,"8",,"8",,"8",,"8",,"8",,"8",,"8",,"8",,"8",,"8",,"8",,"8",,"8",,"8",1,,,"8",R,"01",,,"9",,"8"
"354160115",USTKA,"2026","01","05",1.2,,-6.4,,-2.5,,-7.3,,,"9",,25,,1.3,,0.8,,,"8",,"8",,"8",,"8",,"8",,"8",,"8",,"8",,"8",,"8",,"8",,"8",,"8",,"8",,"8",,"8",1,,,"8",R,"01",,,"9",,"8"
"354160115",USTKA,"2026","01","06",-1.3,,-6.5,,-4.1,,-7.3,,0.0,,S,22,,2.1,,3.0,,,"8",,"8",,"8",,"8",,"8",,"8",,"8",,"8",,"8",,"8",,"8",,"8",,"8",,"8",,"8",,"8",1,,,"8",Z,"01",,,"9",,"8"
"354160115",USTKA,"2026","01","07",-1.7,,-6.9,,-5.3,,-8.0,,,"9",,22,,2.1,,1.6,,,"8",,"8",,"8",,"8",,"8",,"8",,"8",,"8",,"8",,"8",,"8",,"8",,"8",,"8",,"8",,"8",1,,,"8",R,"01",,,"9",,"8"
"354160115",USTKA,"2026","01","08",-4.8,,-8.2,,-7.3,,-9.0,,,"9",,21,,2.7,,6.0,,,"8",,"8",,"8",,"8",,"8",,"8",,"8",,"8",,"8",,"8",,"8",,"8",,"8",,"8",,"8",,"8",1,,,"8",Z,"01",,,"9",,"8"
"354160115",USTKA,"2026","01","09",-1.9,,-13.9,,-7.6,,-15.8,,0.0,,S,20,,2.8,,4.8,,,"8",,"8",,"8",,"8",,"8",,"8",,"8",,"8",,"8",,"8",,"8",,"8",,"8",,"8",,"8",,"8",1,,,"8",R,"01",,,"9",,"8"
"354160115",USTKA,"2026","01","10",1.9,,-3.1,,0.4,,-3.8,,3.3,,S,19,,2.7,,0.3,,,"8",,"8",,"8",,"8",,"8",,"8",,"8",,"8",,"8",,"8",,"8",,"8",,"8",,"8",,"8",,"8",1,,,"8",Z,,"9",,"9",,"8"
"354160115",USTKA,"2026","01","11",1.0,,-0.7,,0.3,,-0.8,,0.1,,S,22,,2.9,,,"9",,"8",,"8",,"8",,"8",,"8",,"8",,"8",,"8",,"8",,"8",,"8",,"8",,"8",,"8",,"8",,"8",1,,,"8",Z,,"9",,"9",,"8"
"354160115",USTKA,"2026","01","12",1.5,,-2.9,,-0.7,,-4.1,,,"9",,20,,2.4,,1.1,,,"8",,"8",,"8",,"8",,"8",,"8",,"8",,"8",,"8",,"8",,"8",,"8",,"8",,"8",,"8",,"8",1,,,"8",R,"01",,,"9",,"8"
"354160115",USTKA,"2026","01","13",-0.7,,-2.9,,-1.6,,-4.0,,0.7,,S,20,,2.4,,,"9",,"8",,"8",,"8",,"8",,"8",,"8",,"8",,"8",,"8",,"8",,"8",,"8",,"8",,"8",,"8",,"8",1,,,"8",R,"01",,,"9",,"8"
"354160115",USTKA,"2026","01","14",4.0,,-1.3,,1.6,,-1.5,,7.8,,W,18,,2.8,,,"9",,"8",,"8",,"8",,"8",,"8",,"8",,"8",,"8",,"8",,"8",,"8",,"8",,"8",,"8",,"8",,"8",1,,,"8",R,,"9",,"9",,"8"
"354160115",USTKA,"2026","01","15",3.5,,1.0,,2.1,,0.2,,,"9",,11,,3.9,,1.8,,,"8",,"8",,"8",,"8",,"8",,"8",,"8",,"8",,"8",,"8",,"8",,"8",,"8",,"8",,"8",,"8",1,,,"8",R,,"9",,"9",,"8"
"354160115",USTKA,"2026","01","16",3.6,,1.4,,2.3,,0.7,,,"9",,10,,4.0,,1.3,,,"8",,"8",,"8",,"8",,"8",,"8",,"8",,"8",,"8",,"8",,"8",,"8",,"8",,"8",,"8",,"8",1,,,"8",R,,"9",,"9",,"8"
"354160115",USTKA,"2026","01","17",1.9,,-0.3,,0.2,,-0.4,,,"9",,9,,4.7,,,"9",,"8",,"8",,"8",,"8",,"8",,"8",,"8",,"8",,"8",,"8",,"8",,"8",,"8",,"8",,"8",,"8",1,,,"8",R,,"9",,"9",,"8"
"354160115",USTKA,"2026","01","18",0.9,,-5.6,,-3.5,,-5.9,,,"9",,8,,5.0,,6.3,,,"8",,"8",,"8",,"8",,"8",,"8",,"8",,"8",,"8",,"8",,"8",,"8",,"8",,"8",,"8",,"8",1,,,"8",R,"05",,,"9",,"8"
"354160115",USTKA,"2026","01","19",2.0,,-7.5,,-4.0,,-8.2,,,"9",,8,,5.6,,6.3,,,"8",,"8",,"8",,"8",,"8",,"8",,"8",,"8",,"8",,"8",,"8",,"8",,"8",,"8",,"8",,"8",1,,,"8",R,"17",,,"9",,"8"
"354160115",USTKA,"2026","01","20",1.1,,-5.8,,-3.3,,-9.5,,,"9",,4,,,"9",6.3,,,"8",,"8",,"8",,"8",,"8",,"8",,"8",,"8",,"8",,"8",,"8",,"8",,"8",,"8",,"8",,"8",1,,,"8",R,"22",,,"9",,"8"
"354160115",USTKA,"2026","01","21",-0.7,,-8.5,,-5.7,,-9.2,,,"9",,4,,,"9",6.2,,,"8",,"8",,"8",,"8",,"8",,"8",,"8",,"8",,"8",,"8",,"8",,"8",,"8",,"8",,"8",,"8",1,,,"8",Z,"38",,,"9",,"8"
"354160115",USTKA,"2026","01","22",-2.4,,-8.3,,-5.6,,-11.0,,0.0,,S,4,,,"9",4.0,,,"8",,"8",,"8",,"8",,"8",,"8",,"8",,"8",,"8",,"8",,"8",,"8",,"8",,"8",,"8",,"8",1,,,"8",Z,"44",,,"9",,"8"
"354160115",USTKA,"2026","01","23",-4.9,,-12.4,,-7.5,,-12.9,,,"9",,4,,,"9",,"9",,"8",,"8",,"8",,"8",,"8",,"8",,"8",,"8",,"8",,"8",,"8",,"8",,"8",,"8",,"8",,"8",1,,,"8",R,"46",,,"9",,"8"
"354160115",USTKA,"2026","01","24",-2.5,,-5.7,,-4.2,,-5.7,,,"9",,4,,,"9",,"9",,"8",,"8",,"8",,"8",,"8",,"8",,"8",,"8",,"8",,"8",,"8",,"8",,"8",,"8",,"8",,"8",1,,,"8",R,"47",,,"9",,"8"
"354160115",USTKA,"2026","01","25",-1.3,,-5.4,,-3.9,,-5.9,,,"9",,4,,,"9",0.8,,,"8",,"8",,"8",,"8",,"8",,"8",,"8",,"8",,"8",,"8",,"8",,"8",,"8",,"8",,"8",,"8",1,,,"8",R,"47",,,"9",,"8"
"354160115",USTKA,"2026","01","26",-0.7,,-4.1,,-1.9,,-4.4,,3.0,,S,4,,,"9",,"9",,"8",,"8",,"8",,"8",,"8",,"8",,"8",,"8",,"8",,"8",,"8",,"8",,"8",,"8",,"8",,"8",1,,,"8",Z,"47",,,"9",,"8"
"354160115",USTKA,"2026","01","27",0.2,,-1.4,,-0.5,,-1.7,,0.3,,S,3,,,"9",,"9",,"8",,"8",,"8",,"8",,"8",,"8",,"8",,"8",,"8",,"8",,"8",,"8",,"8",,"8",,"8",,"8",1,,,"8",Z,"38",,,"9",,"8"
"354160115",USTKA,"2026","01","28",0.3,,-1.2,,-0.6,,-1.3,,,"9",,3,,,"9",,"9",,"8",,"8",,"8",,"8",,"8",,"8",,"8",,"8",,"8",,"8",,"8",,"8",,"8",,"8",,"8",,"8",1,,,"8",R,"35",,,"9",,"8"
"354160115",USTKA,"2026","01","29",-1.1,,-5.2,,-4.4,,-5.2,,0.0,,S,3,,,"9",,"9",,"8",,"8",,"8",,"8",,"8",,"8",,"8",,"8",,"8",,"8",,"8",,"8",,"8",,"8",,"8",,"8",1,,,"8",R,"42",,,"9",,"8"
"354160115",USTKA,"2026","01","30",-4.0,,-6.2,,-5.6,,-6.3,,,"9",,3,,,"9",,"9",,"8",,"8",,"8",,"8",,"8",,"8",,"8",,"8",,"8",,"8",,"8",,"8",,"8",,"8",,"8",,"8",1,,,"8",R,"47",,,"9",,"8"
"354160115",USTKA,"2026","01","31",-4.8,,-11.8,,-9.0,,-12.3,,,"9",,3,,,"9",6.6,,,"8",,"8",,"8",,"8",,"8",,"8",,"8",,"8",,"8",,"8",,"8",,"8",,"8",,"8",,"8",,"8",1,,,"8",Z,"49",,,"9",,"8"
"354170120",£EBA,"2026","01","01",2.0,,-6.1,,0.3,,-11.0,,3.2,,S,4,,,"9",,"9",10.3,,0.3,,4.2,,,"9",,"9",1.7,,,"9",,"9",,"9",,"9",,"9",16.7,,,"9",,"9",,"9",,"9",1,,0,,Z,"01",,,"9",,"8"
"354170120",£EBA,"2026","01","02",2.7,,0.3,,1.3,,0.0,,3.3,,S,,"9",,"9",,"9",1.9,,4.6,,1.4,,,"9",,"9",,"9",,"9",,"9",,"9",,"9",,"9",8.5,,,"9",,"9",,"9",,"9",0,,0,,R,,"9",,"9",,"8"
"354170120",£EBA,"2026","01","03",1.2,,-2.7,,-0.6,,-2.9,,2.8,,S,5,,1.8,,,"9",,"9",11.8,,,"9",,"9",,"9",,"9",,"9",,"9",2.4,,,"9",,"9",12.8,,,"9",,"9",,"9",,"9",1,,0,,Z,"01",,,"9",,"8"
"354170120",£EBA,"2026","01","04",0.6,,-6.6,,-2.8,,-10.6,,4.6,,S,11,,2.0,,0.4,,,"9",10.1,,,"9",,"9",,"9",,"9",,"9",,"9",1.2,,,"9",,"9",7.7,,,"9",,"9",,"9",,"9",1,,0,,Z,"01",,,"9",,"8"
"354170120",£EBA,"2026","01","05",1.3,,-4.2,,-1.9,,-3.7,,0.0,,S,15,,1.6,,4.1,,,"9",5.2,,,"9",,"9",,"9",,"9",,"9",,"9",,"9",,"9",,"9",,"9",,"9",,"9",,"9",,"9",1,,0,,R,,"9",,"9",,"8"
"354170120",£EBA,"2026","01","06",-1.5,,-7.2,,-3.7,,-12.8,,0.0,,S,12,,1.9,,5.7,,,"9",2.3,,,"9",,"9",,"9",3.3,,,"9",,"9",,"9",,"9",,"9",,"9",,"9",,"9",,"9",,"9",1,,0,,Z,"01",,,"9",,"8"
"354170120",£EBA,"2026","01","07",-3.5,,-7.0,,-5.8,,-9.8,,,"9",,13,,1.9,,1.4,,,"9",0.3,,,"9",,"9",,"9",20.0,,,"9",,"9",,"9",,"9",,"9",,"9",,"9",,"9",,"9",,"9",1,,0,,Z,"01",,,"9",,"8"
"354170120",£EBA,"2026","01","08",-3.4,,-10.9,,-9.0,,-17.8,,,"9",,12,,2.5,,5.8,,,"9",,"9",,"9",,"9",6.2,,14.4,,5.2,,,"9",,"9",,"9",,"9",,"9",,"9",,"9",,"9",,"9",1,,0,,Z,"01",,,"9",,"8"
"354170120",£EBA,"2026","01","09",-0.1,,-15.1,,-6.8,,-19.8,,0.2,,S,10,,2.7,,3.5,,,"9",,"9",,"9",,"9",,"9",10.2,,10.5,,,"9",,"9",,"9",,"9",0.5,,,"9",,"9",,"9",,"9",1,,0,,Z,"01",,,"9",,"8"
"354170120",£EBA,"2026","01","10",2.1,,-1.9,,0.3,,-2.8,,4.9,,S,9,,2.8,,0.3,,,"9",9.9,,,"9",,"9",,"9",,"9",,"9",,"9",,"9",13.5,,,"9",1.9,,,"9",,"9",,"9",,"9",1,,0,,Z,"01",,,"9",,"8"
"354170120",£EBA,"2026","01","11",1.9,,-1.0,,0.3,,-0.9,,5.5,,S,16,,2.2,,0.1,,,"9",15.5,,,"9",,"9",,"9",5.0,,,"9",,"9",1.8,,17.2,,,"9",,"9",,"9",,"9",,"9",,"9",1,,0,,Z,"01",,,"9",,"8"
"354170120",£EBA,"2026","01","12",0.7,,-1.8,,-0.8,,-2.7,,0.7,,S,21,,2.4,,,"9",,"9",4.3,,,"9",,"9",,"9",,"9",,"9",,"9",,"9",,"9",,"9",,"9",,"9",,"9",,"9",,"9",1,,0,,R,,"9",,"9",,"8"
"354170120",£EBA,"2026","01","13",-0.3,,-3.0,,-1.9,,-4.8,,0.1,,W,21,,2.8,,,"9",,"9",,"9",,"9",,"9",,"9",1.5,,,"9",,"9",,"9",,"9",,"9",,"9",,"9",,"9",,"9",,"9",1,,0,,Z,"01",,,"9",,"8"
"354170120",£EBA,"2026","01","14",3.5,,-1.8,,1.3,,-2.0,,11.0,,W,19,,1.8,,,"9",11.8,,,"9",,"9",,"9",,"9",9.2,,,"9",,"9",,"9",,"9",,"9",,"9",,"9",,"9",,"9",,"9",1,,0,,R,,"9",,"9",,"8"
"354170120",£EBA,"2026","01","15",4.1,,0.6,,1.9,,-0.8,,,"9",,9,,3.3,,1.2,,,"9",,"9",,"9",,"9",,"9",7.2,,,"9",,"9",,"9",,"9",,"9",,"9",,"9",,"9",,"9",,"9",1,,0,,R,,"9",,"9",,"8"
"354170120",£EBA,"2026","01","16",3.2,,0.9,,1.8,,-0.3,,,"9",,9,,2.9,,2.1,,,"9",,"9",,"9",,"9",,"9",20.8,,,"9",,"9",,"9",,"9",,"9",,"9",,"9",,"9",,"9",,"9",1,,0,,R,,"9",,"9",,"8"
"354170120",£EBA,"2026","01","17",1.4,,-0.9,,-0.7,,-0.8,,,"9",,8,,3.9,,,"9",,"9",,"9",,"9",,"9",,"9",21.2,,,"9",,"9",,"9",,"9",,"9",,"9",,"9",,"9",,"9",,"9",1,,0,,Z,"01",,,"9",,"8"
"354170120",£EBA,"2026","01","18",1.0,,-5.9,,-3.6,,-7.0,,,"9",,8,,4.6,,7.4,,,"9",,"9",,"9",,"9",,"9",,"9",,"9",,"9",,"9",,"9",,"9",,"9",,"9",,"9",,"9",,"9",1,,0,,Z,"01",,,"9",,"8"
"354170120",£EBA,"2026","01","19",5.2,,-7.8,,-3.8,,-11.6,,,"9",,6,,5.0,,7.5,,,"9",,"9",,"9",,"9",,"9",,"9",,"9",,"9",,"9",,"9",,"9",,"9",,"9",,"9",,"9",,"9",1,,0,,Z,"08",,,"9",,"8"
"354170120",£EBA,"2026","01","20",0.9,,-7.4,,-4.3,,-12.1,,,"9",,6,,4.7,,7.2,,,"9",,"9",,"9",,"9",,"9",15.3,,,"9",,"9",,"9",,"9",,"9",,"9",,"9",,"9",,"9",,"9",1,,0,,Z,"13",,,"9",,"8"
"354170120",£EBA,"2026","01","21",-1.6,,-8.8,,-6.4,,-13.5,,,"9",,6,,3.7,,7.0,,,"9",,"9",,"9",,"9",,"9",23.8,,,"9",,"9",,"9",,"9",,"9",,"9",,"9",,"9",,"9",,"9",1,,0,,Z,"17",,,"9",,"8"
"354170120",£EBA,"2026","01","22",-2.5,,-11.6,,-5.9,,-15.3,,,"9",,5,,4.5,,4.9,,,"9",,"9",,"9",,"9",,"9",24.0,,,"9",,"9",,"9",,"9",,"9",,"9",,"9",,"9",,"9",,"9",1,,0,,Z,"20",,,"9",,"8"
"354170120",£EBA,"2026","01","23",-4.3,,-10.8,,-6.1,,-11.0,,0.0,,S,4,,,"9",,"9",,"9",3.7,,,"9",,"9",,"9",3.7,,,"9",,"9",,"9",,"9",,"9",,"9",,"9",,"9",,"9",,"9",1,,0,,Z,"25",,,"9",,"8"
"354170120",£EBA,"2026","01","24",-2.9,,-4.7,,-3.9,,-4.8,,,"9",,4,,,"9",,"9",,"9",,"9",,"9",,"9",,"9",,"9",,"9",,"9",,"9",,"9",,"9",,"9",,"9",,"9",,"9",,"9",1,,0,,Z,"25",,,"9",,"8"
"354170120",£EBA,"2026","01","25",-2.6,,-4.9,,-3.9,,-5.1,,,"9",,4,,,"9",,"9",,"9",,"9",,"9",,"9",,"9",0.5,,,"9",,"9",,"9",,"9",,"9",,"9",,"9",,"9",,"9",,"9",1,,0,,Z,"25",,,"9",,"8"
"354170120",£EBA,"2026","01","26",-1.1,,-4.0,,-1.9,,-4.6,,2.5,,S,4,,,"9",,"9",7.9,,0.3,,,"9",,"9",,"9",24.0,,,"9",11.8,,,"9",,"9",,"9",,"9",,"9",,"9",,"9",,"9",1,,0,,Z,"23",,,"9",,"8"
"354170120",£EBA,"2026","01","27",0.1,,-1.2,,-0.4,,-1.8,,0.3,,S,4,,,"9",,"9",,"9",1.4,,,"9",,"9",,"9",24.0,,,"9",6.8,,,"9",,"9",,"9",,"9",,"9",,"9",,"9",,"9",1,,0,,Z,"15",,,"9",,"8"
"354170120",£EBA,"2026","01","28",-0.3,,-1.6,,-1.0,,-1.7,,0.0,,S,5,,6.6,,,"9",,"9",5.6,,,"9",,"9",,"9",5.3,,,"9",,"9",,"9",,"9",,"9",,"9",,"9",,"9",,"9",,"9",1,,0,,Z,"15",,,"9",,"8"
"354170120",£EBA,"2026","01","29",-1.5,,-5.0,,-4.5,,-4.8,,0.0,,S,5,,6.2,,,"9",,"9",4.2,,,"9",,"9",,"9",,"9",,"9",,"9",,"9",,"9",,"9",,"9",,"9",,"9",,"9",,"9",1,,0,,Z,"18",,,"9",,"8"
"354170120",£EBA,"2026","01","30",-4.7,,-7.1,,-6.2,,-8.0,,,"9",,5,,6.0,,0.6,,,"9",,"9",,"9",,"9",,"9",,"9",,"9",,"9",,"9",,"9",,"9",,"9",,"9",,"9",,"9",,"9",1,,0,,Z,"20",,,"9",,"8"
"354170120",£EBA,"2026","01","31",-4.1,,-10.2,,-7.5,,-11.4,,,"9",,5,,6.5,,8.2,,,"9",,"9",,"9",,"9",,"9",,"9",,"9",,"9",,"9",,"9",,"9",,"9",,"9",,"9",,"9",,"9",1,,0,,Z,"28",,,"9",,"8"
"354180135",HEL,"2026","01","01",2.6,,-2.1,,0.7,,-7.8,,0.4,,S,12,,1.3,,,"9",,"8",,"8",,"8",,"8",,"8",,"8",,"8",,"8",,"8",,"8",,"8",,"8",,"8",,"8",,"8",,"8",1,,,"8",Z,"01",,,"9",,"8"
"354180135",HEL,"2026","01","02",3.0,,0.7,,2.4,,0.0,,1.2,,S,6,,1.8,,0.9,,,"8",,"8",,"8",,"8",,"8",,"8",,"8",,"8",,"8",,"8",,"8",,"8",,"8",,"8",,"8",,"8",1,,,"8",R,,"9",,"9",,"8"
"354180135",HEL,"2026","01","03",2.4,,-1.2,,0.2,,-1.8,,0.0,,S,3,,,"9",0.2,,,"8",,"8",,"8",,"8",,"8",,"8",,"8",,"8",,"8",,"8",,"8",,"8",,"8",,"8",,"8",,"8",1,,,"8",R,,"9",,"9",,"8"
"354180135",HEL,"2026","01","04",-0.5,,-2.5,,-1.4,,-4.0,,0.0,,S,3,,,"9",1.9,,,"8",,"8",,"8",,"8",,"8",,"8",,"8",,"8",,"8",,"8",,"8",,"8",,"8",,"8",,"8",,"8",1,,,"8",Z,"01",,,"9",,"8"
"354180135",HEL,"2026","01","05",0.4,,-1.5,,-0.6,,-2.8,,0.0,,S,3,,,"9",5.1,,,"8",,"8",,"8",,"8",,"8",,"8",,"8",,"8",,"8",,"8",,"8",,"8",,"8",,"8",,"8",,"8",1,,,"8",Z,"01",,,"9",,"8"
"354180135",HEL,"2026","01","06",-0.1,,-1.6,,-0.9,,-3.5,,,"9",,3,,,"9",5.0,,,"8",,"8",,"8",,"8",,"8",,"8",,"8",,"8",,"8",,"8",,"8",,"8",,"8",,"8",,"8",,"8",1,,,"8",R,,"9",,"9",,"8"
"354180135",HEL,"2026","01","07",-0.7,,-4.6,,-3.4,,-5.1,,,"9",,2,,,"9",2.7,,,"8",,"8",,"8",,"8",,"8",,"8",,"8",,"8",,"8",,"8",,"8",,"8",,"8",,"8",,"8",,"8",1,,,"8",Z,"06",,,"9",,"8"
"354180135",HEL,"2026","01","08",-2.1,,-5.3,,-3.6,,-5.1,,,"9",,2,,,"9",0.8,,,"8",,"8",,"8",,"8",,"8",,"8",,"8",,"8",,"8",,"8",,"8",,"8",,"8",,"8",,"8",,"8",1,,,"8",Z,"06",,,"9",,"8"
"354180135",HEL,"2026","01","09",-0.8,,-4.4,,-2.4,,-6.6,,0.1,,S,2,,,"9",0.9,,,"8",,"8",,"8",,"8",,"8",,"8",,"8",,"8",,"8",,"8",,"8",,"8",,"8",,"8",,"8",,"8",1,,,"8",Z,"07",,,"9",,"8"
"354180135",HEL,"2026","01","10",1.1,,-2.3,,-0.2,,-2.7,,6.3,,S,1,,,"9",0.9,,,"8",,"8",,"8",,"8",,"8",,"8",,"8",,"8",,"8",,"8",,"8",,"8",,"8",,"8",,"8",,"8",1,,,"8",Z,"05",,,"9",,"8"
"354180135",HEL,"2026","01","11",0.7,,-1.3,,-0.4,,-2.1,,8.3,,S,8,,0.5,,0.6,,,"8",,"8",,"8",,"8",,"8",,"8",,"8",,"8",,"8",,"8",,"8",,"8",,"8",,"8",,"8",,"8",1,,,"8",Z,"01",,,"9",,"8"
"354180135",HEL,"2026","01","12",0.5,,-1.9,,-0.7,,-7.2,,,"9",,17,,1.4,,0.8,,,"8",,"8",,"8",,"8",,"8",,"8",,"8",,"8",,"8",,"8",,"8",,"8",,"8",,"8",,"8",,"8",1,,,"8",R,,"9",,"9",,"8"
"354180135",HEL,"2026","01","13",-0.3,,-2.9,,-2.3,,-5.0,,,"9",,15,,1.5,,0.4,,,"8",,"8",,"8",,"8",,"8",,"8",,"8",,"8",,"8",,"8",,"8",,"8",,"8",,"8",,"8",,"8",1,,,"8",Z,"01",,,"9",,"8"
"354180135",HEL,"2026","01","14",-0.2,,-2.7,,-1.3,,-3.2,,8.4,,S,15,,1.5,,,"9",,"8",,"8",,"8",,"8",,"8",,"8",,"8",,"8",,"8",,"8",,"8",,"8",,"8",,"8",,"8",,"8",1,,,"8",Z,"01",,,"9",,"8"
"354180135",HEL,"2026","01","15",2.5,,-0.2,,1.2,,-4.0,,,"9",,15,,2.1,,2.8,,,"8",,"8",,"8",,"8",,"8",,"8",,"8",,"8",,"8",,"8",,"8",,"8",,"8",,"8",,"8",,"8",1,,,"8",R,,"9",,"9",,"8"
"354180135",HEL,"2026","01","16",1.0,,-2.4,,-1.4,,-3.1,,,"9",,13,,2.5,,,"9",,"8",,"8",,"8",,"8",,"8",,"8",,"8",,"8",,"8",,"8",,"8",,"8",,"8",,"8",,"8",,"8",1,,,"8",Z,"01",,,"9",,"8"
"354180135",HEL,"2026","01","17",-1.2,,-4.9,,-3.3,,-5.8,,,"9",,12,,1.9,,,"9",,"8",,"8",,"8",,"8",,"8",,"8",,"8",,"8",,"8",,"8",,"8",,"8",,"8",,"8",,"8",,"8",1,,,"8",Z,"01",,,"9",,"8"
"354180135",HEL,"2026","01","18",-3.1,,-6.0,,-5.0,,-8.0,,,"9",,12,,2.1,,7.1,,,"8",,"8",,"8",,"8",,"8",,"8",,"8",,"8",,"8",,"8",,"8",,"8",,"8",,"8",,"8",,"8",1,,,"8",Z,"01",,,"9",,"8"
"354180135",HEL,"2026","01","19",-3.9,,-7.0,,-5.7,,-8.6,,,"9",,12,,2.1,,6.1,,,"8",,"8",,"8",,"8",,"8",,"8",,"8",,"8",,"8",,"8",,"8",,"8",,"8",,"8",,"8",,"8",1,,,"8",Z,"01",,,"9",,"8"
"354180135",HEL,"2026","01","20",-2.4,,-5.8,,-4.0,,-8.1,,,"9",,11,,2.2,,7.0,,,"8",,"8",,"8",,"8",,"8",,"8",,"8",,"8",,"8",,"8",,"8",,"8",,"8",,"8",,"8",,"8",1,,,"8",Z,"01",,,"9",,"8"
"354180135",HEL,"2026","01","21",-2.5,,-6.7,,-4.8,,-11.1,,,"9",,11,,2.3,,2.5,,,"8",,"8",,"8",,"8",,"8",,"8",,"8",,"8",,"8",,"8",,"8",,"8",,"8",,"8",,"8",,"8",1,,,"8",Z,"05",,,"9",,"8"
"354180135",HEL,"2026","01","22",-3.3,,-8.1,,-5.0,,-11.8,,0.0,,W,11,,2.3,,2.7,,,"8",,"8",,"8",,"8",,"8",,"8",,"8",,"8",,"8",,"8",,"8",,"8",,"8",,"8",,"8",,"8",1,,,"8",Z,"05",,,"9",,"8"
"354180135",HEL,"2026","01","23",-4.5,,-9.5,,-5.8,,-9.4,,,"9",,10,,2.5,,,"9",,"8",,"8",,"8",,"8",,"8",,"8",,"8",,"8",,"8",,"8",,"8",,"8",,"8",,"8",,"8",,"8",1,,,"8",Z,"01",,,"9",,"8"
"354180135",HEL,"2026","01","24",-3.8,,-5.0,,-4.5,,-5.4,,,"9",,10,,2.5,,,"9",,"8",,"8",,"8",,"8",,"8",,"8",,"8",,"8",,"8",,"8",,"8",,"8",,"8",,"8",,"8",,"8",1,,,"8",Z,"01",,,"9",,"8"
"354180135",HEL,"2026","01","25",-3.0,,-5.1,,-3.8,,-5.6,,,"9",,10,,2.5,,,"9",,"8",,"8",,"8",,"8",,"8",,"8",,"8",,"8",,"8",,"8",,"8",,"8",,"8",,"8",,"8",,"8",1,,,"8",Z,"01",,,"9",,"8"
"354180135",HEL,"2026","01","26",-1.1,,-3.2,,-1.8,,-3.8,,2.7,,W,9,,2.4,,,"9",,"8",,"8",,"8",,"8",,"8",,"8",,"8",,"8",,"8",,"8",,"8",,"8",,"8",,"8",,"8",,"8",1,,,"8",Z,"01",,,"9",,"8"
"354180135",HEL,"2026","01","27",0.0,,-1.1,,-0.6,,-1.2,,0.5,,S,9,,2.7,,,"9",,"8",,"8",,"8",,"8",,"8",,"8",,"8",,"8",,"8",,"8",,"8",,"8",,"8",,"8",,"8",,"8",1,,,"8",Z,"01",,,"9",,"8"
"354180135",HEL,"2026","01","28",-0.7,,-2.9,,-2.1,,-3.3,,,"9",,11,,2.4,,,"9",,"8",,"8",,"8",,"8",,"8",,"8",,"8",,"8",,"8",,"8",,"8",,"8",,"8",,"8",,"8",,"8",1,,,"8",Z,"01",,,"9",,"8"
"354180135",HEL,"2026","01","29",-2.9,,-6.3,,-5.6,,-6.5,,,"9",,11,,2.6,,,"9",,"8",,"8",,"8",,"8",,"8",,"8",,"8",,"8",,"8",,"8",,"8",,"8",,"8",,"8",,"8",,"8",1,,,"8",R,,"9",,"9",,"8"
"354180135",HEL,"2026","01","30",-5.6,,-7.2,,-6.8,,-8.5,,,"9",,11,,2.7,,0.1,,,"8",,"8",,"8",,"8",,"8",,"8",,"8",,"8",,"8",,"8",,"8",,"8",,"8",,"8",,"8",,"8",1,,,"8",Z,"01",,,"9",,"8"
"354180135",HEL,"2026","01","31",-5.4,,-8.7,,-7.2,,-10.3,,,"9",,11,,2.8,,8.6,,,"8",,"8",,"8",,"8",,"8",,"8",,"8",,"8",,"8",,"8",,"8",,"8",,"8",,"8",,"8",,"8",1,,,"8",Z,"06",,,"9",,"8"
"354180155",GDA—SK-åWIBNO,"2026","01","01",1.8,,-4.7,,-0.3,,-2.5,,0.4,,,,"8",,"8",,"9",,"8",,"8",,"8",,"8",,"8",,"8",,"8",,"8",,"8",,"8",,"8",,"8",,"8",,"8",,"8",,"8",,"8",,"8",R,"01",,,"9",,"8"
"354180155",GDA—SK-åWIBNO,"2026","01","02",2.2,,0.7,,1.4,,0.0,,0.0,,S,10,,2.2,,0.1,,,"8",,"8",,"8",,"8",,"8",,"8",,"8",,"8",,"8",,"8",,"8",,"8",,"8",,"8",,"8",,"8",1,,,"8",R,,"9",,"9",,"8"
"354180155",GDA—SK-åWIBNO,"2026","01","03",1.4,,-3.0,,-1.1,,-4.9,,0.5,,,,"8",,"8",0.5,,,"8",,"8",,"8",,"8",,"8",,"8",,"8",,"8",,"8",,"8",,"8",,"8",,"8",,"8",,"8",,"8",,"8",,"8",R,"01",,,"9",,"8"
"354180155",GDA—SK-åWIBNO,"2026","01","04",-0.9,,-6.4,,-3.2,,-11.4,,0.0,,,,"8",,"8",1.6,,,"8",,"8",,"8",,"8",,"8",,"8",,"8",,"8",,"8",,"8",,"8",,"8",,"8",,"8",,"8",,"8",,"8",,"8",R,"01",,,"9",,"8"
"354180155",GDA—SK-åWIBNO,"2026","01","05",-2.4,,-5.1,,-3.5,,-8.3,,0.0,,,,"8",,"8",3.4,,,"8",,"8",,"8",,"8",,"8",,"8",,"8",,"8",,"8",,"8",,"8",,"8",,"8",,"8",,"8",,"8",,"8",,"8",R,"01",,,"9",,"8"
"354180155",GDA—SK-åWIBNO,"2026","01","06",-2.6,,-5.5,,-4.5,,-8.8,,29.4,,,,"8",,"8",5.7,,,"8",,"8",,"8",,"8",,"8",,"8",,"8",,"8",,"8",,"8",,"8",,"8",,"8",,"8",,"8",,"8",,"8",,"8",R,"01",,,"9",,"8"
"354180155",GDA—SK-åWIBNO,"2026","01","07",-4.9,,-8.8,,-6.4,,-12.2,,11.6,,,,"8",,"8",,"9",,"8",,"8",,"8",,"8",,"8",,"8",,"8",,"8",,"8",,"8",,"8",,"8",,"8",,"8",,"8",,"8",,"8",,"8",R,"01",,,"9",,"8"
"354180155",GDA—SK-åWIBNO,"2026","01","08",-4.4,,-10.4,,-7.1,,-10.4,,0.0,,,,"8",,"8",,"9",,"8",,"8",,"8",,"8",,"8",,"8",,"8",,"8",,"8",,"8",,"8",,"8",,"8",,"8",,"8",,"8",,"8",,"8",R,"01",,,"9",,"8"
"354180155",GDA—SK-åWIBNO,"2026","01","09",-3.1,,-11.3,,-6.5,,-12.8,,0.0,,,,"8",,"8",2.2,,,"8",,"8",,"8",,"8",,"8",,"8",,"8",,"8",,"8",,"8",,"8",,"8",,"8",,"8",,"8",,"8",,"8",,"8",R,"01",,,"9",,"8"
"354180155",GDA—SK-åWIBNO,"2026","01","10",1.1,,-4.0,,-0.5,,-4.7,,7.7,,,,"8",,"8",1.6,,,"8",,"8",,"8",,"8",,"8",,"8",,"8",,"8",,"8",,"8",,"8",,"8",,"8",,"8",,"8",,"8",,"8",,"8",R,"01",,,"9",,"8"
"354180155",GDA—SK-åWIBNO,"2026","01","11",1.1,,-2.3,,-0.3,,-1.8,,7.6,,,,"8",,"8",0.3,,,"8",,"8",,"8",,"8",,"8",,"8",,"8",,"8",,"8",,"8",,"8",,"8",,"8",,"8",,"8",,"8",,"8",,"8",R,"01",,,"9",,"8"
"354180155",GDA—SK-åWIBNO,"2026","01","12",0.1,,-4.6,,-2.8,,-1.3,,0.0,,,,"8",,"8",,"9",,"8",,"8",,"8",,"8",,"8",,"8",,"8",,"8",,"8",,"8",,"8",,"8",,"8",,"8",,"8",,"8",,"8",,"8",R,"01",,,"9",,"8"
"354180155",GDA—SK-åWIBNO,"2026","01","13",-2.3,,-6.4,,-4.9,,-1.9,,0.0,,,,"8",,"8",0.6,,,"8",,"8",,"8",,"8",,"8",,"8",,"8",,"8",,"8",,"8",,"8",,"8",,"8",,"8",,"8",,"8",,"8",,"8",R,"01",,,"9",,"8"
"354180155",GDA—SK-åWIBNO,"2026","01","14",-1.6,,-4.9,,-2.4,,-1.9,,1.8,,,,"8",,"8",,"9",,"8",,"8",,"8",,"8",,"8",,"8",,"8",,"8",,"8",,"8",,"8",,"8",,"8",,"8",,"8",,"8",,"8",,"8",R,"01",,,"9",,"8"
"354180155",GDA—SK-åWIBNO,"2026","01","15",1.5,,-2.9,,-0.6,,-0.8,,3.8,,,,"8",,"8",1.9,,,"8",,"8",,"8",,"8",,"8",,"8",,"8",,"8",,"8",,"8",,"8",,"8",,"8",,"8",,"8",,"8",,"8",,"8",R,"01",,,"9",,"8"
"354180155",GDA—SK-åWIBNO,"2026","01","16",-1.4,,-5.6,,-3.4,,-2.1,,,"9",,,"8",,"8",,"9",,"8",,"8",,"8",,"8",,"8",,"8",,"8",,"8",,"8",,"8",,"8",,"8",,"8",,"8",,"8",,"8",,"8",,"8",R,"01",,,"9",,"8"
"354180155",GDA—SK-åWIBNO,"2026","01","17",-2.2,,-7.5,,-5.7,,-3.1,,,"9",,,"8",,"8",,"9",,"8",,"8",,"8",,"8",,"8",,"8",,"8",,"8",,"8",,"8",,"8",,"8",,"8",,"8",,"8",,"8",,"8",,"8",R,"01",,,"9",,"8"
"354180155",GDA—SK-åWIBNO,"2026","01","18",-6.3,,-11.4,,-9.5,,-6.6,,,"9",,,"8",,"8",6.8,,,"8",,"8",,"8",,"8",,"8",,"8",,"8",,"8",,"8",,"8",,"8",,"8",,"8",,"8",,"8",,"8",,"8",,"8",R,"01",,,"9",,"8"
"354180155",GDA—SK-åWIBNO,"2026","01","19",-8.4,,-13.6,,-10.9,,-7.5,,,"9",,,"8",,"8",6.9,,,"8",,"8",,"8",,"8",,"8",,"8",,"8",,"8",,"8",,"8",,"8",,"8",,"8",,"8",,"8",,"8",,"8",,"8",R,"01",,,"9",,"8"
"354180155",GDA—SK-åWIBNO,"2026","01","20",-6.3,,-14.2,,-10.6,,-13.9,,2.5,,,,"8",,"8",6.5,,,"8",,"8",,"8",,"8",,"8",,"8",,"8",,"8",,"8",,"8",,"8",,"8",,"8",,"8",,"8",,"8",,"8",,"8",R,"01",,,"9",,"8"
"354180155",GDA—SK-åWIBNO,"2026","01","21",-8.3,,-15.2,,-11.5,,-17.8,,0.0,,,,"8",,"8",6.0,,,"8",,"8",,"8",,"8",,"8",,"8",,"8",,"8",,"8",,"8",,"8",,"8",,"8",,"8",,"8",,"8",,"8",,"8",R,"01",,,"9",,"8"
"354180155",GDA—SK-åWIBNO,"2026","01","22",-6.3,,-16.8,,-11.8,,-18.0,,0.0,,,,"8",,"8",6.1,,,"8",,"8",,"8",,"8",,"8",,"8",,"8",,"8",,"8",,"8",,"8",,"8",,"8",,"8",,"8",,"8",,"8",,"8",R,"10",,,"9",,"8"
"354180155",GDA—SK-åWIBNO,"2026","01","23",-6.6,,-14.0,,-8.4,,-15.7,,,"9",,,"8",,"8",,"9",,"8",,"8",,"8",,"8",,"8",,"8",,"8",,"8",,"8",,"8",,"8",,"8",,"8",,"8",,"8",,"8",,"8",,"8",R,"11",,,"9",,"8"
"354180155",GDA—SK-åWIBNO,"2026","01","24",-5.5,,-6.9,,-6.2,,-7.0,,0.0,,,,"8",,"8",,"9",,"8",,"8",,"8",,"8",,"8",,"8",,"8",,"8",,"8",,"8",,"8",,"8",,"8",,"8",,"8",,"8",,"8",,"8",R,"11",,,"9",,"8"
"354180155",GDA—SK-åWIBNO,"2026","01","25",-4.2,,-6.9,,-5.5,,-7.1,,,"9",,,"8",,"8",,"9",,"8",,"8",,"8",,"8",,"8",,"8",,"8",,"8",,"8",,"8",,"8",,"8",,"8",,"8",,"8",,"8",,"8",,"8",R,"11",,,"9",,"8"
"354180155",GDA—SK-åWIBNO,"2026","01","26",-1.9,,-4.8,,-3.0,,-4.9,,0.2,,,,"8",,"8",,"9",,"8",,"8",,"8",,"8",,"8",,"8",,"8",,"8",,"8",,"8",,"8",,"8",,"8",,"8",,"8",,"8",,"8",,"8",R,"11",,,"9",,"8"
"354180155",GDA—SK-åWIBNO,"2026","01","27",-0.6,,-2.3,,-1.4,,-2.3,,0.5,,,,"8",,"8",,"9",,"8",,"8",,"8",,"8",,"8",,"8",,"8",,"8",,"8",,"8",,"8",,"8",,"8",,"8",,"8",,"8",,"8",,"8",R,"10",,,"9",,"8"
"354180155",GDA—SK-åWIBNO,"2026","01","28",-0.5,,-3.4,,-2.5,,-3.8,,0.0,,,,"8",,"8",,"9",,"8",,"8",,"8",,"8",,"8",,"8",,"8",,"8",,"8",,"8",,"8",,"8",,"8",,"8",,"8",,"8",,"8",,"8",R,"01",,,"9",,"8"
"354180155",GDA—SK-åWIBNO,"2026","01","29",-3.3,,-8.7,,-6.8,,-8.5,,,"9",,,"8",,"8",,"9",,"8",,"8",,"8",,"8",,"8",,"8",,"8",,"8",,"8",,"8",,"8",,"8",,"8",,"8",,"8",,"8",,"8",,"8",R,"10",,,"9",,"8"
"354180155",GDA—SK-åWIBNO,"2026","01","30",-7.2,,-10.9,,-9.0,,-13.3,,,"9",,,"8",,"8",3.0,,,"8",,"8",,"8",,"8",,"8",,"8",,"8",,"8",,"8",,"8",,"8",,"8",,"8",,"8",,"8",,"8",,"8",,"8",R,"11",,,"9",,"8"
"354180155",GDA—SK-åWIBNO,"2026","01","31",-6.9,,-14.8,,-11.2,,-16.7,,,"9",,,"8",,"8",8.2,,,"8",,"8",,"8",,"8",,"8",,"8",,"8",,"8",,"8",,"8",,"8",,"8",,"8",,"8",,"8",,"8",,"8",,"8",R,"13",,,"9",,"8"
"354190160",ELBL•G-MILEJEWO,"2026","01","01",0.1,,-7.8,,-1.8,,-9.6,,1.2,,S,,"8",,"8",,"9",,"8",,"8",,"8",,"8",,"8",,"8",,"8",,"8",,"8",,"8",,"8",,"8",,"8",,"8",,"8",,"8",,"8",,"8",R,"01",,,"9",,"8"
"354190160",ELBL•G-MILEJEWO,"2026","01","02",0.8,,-0.7,,0.0,,-1.0,,0.8,,S,11,,1.8,,,"9",,"8",,"8",,"8",,"8",,"8",,"8",,"8",,"8",,"8",,"8",,"8",,"8",,"8",,"8",,"8",,"8",1,,,"8",R,"01",,,"9",,"8"
"354190160",ELBL•G-MILEJEWO,"2026","01","03",0.0,,-4.5,,-2.5,,-5.7,,0.4,,,,"8",,"8",1.1,,,"8",,"8",,"8",,"8",,"8",,"8",,"8",,"8",,"8",,"8",,"8",,"8",,"8",,"8",,"8",,"8",,"8",,"8",R,"01",,,"9",,"8"
"354190160",ELBL•G-MILEJEWO,"2026","01","04",-3.2,,-7.5,,-4.8,,-10.0,,0.2,,,,"8",,"8",0.7,,,"8",,"8",,"8",,"8",,"8",,"8",,"8",,"8",,"8",,"8",,"8",,"8",,"8",,"8",,"8",,"8",,"8",,"8",R,"01",,,"9",,"8"
"354190160",ELBL•G-MILEJEWO,"2026","01","05",-3.5,,-6.6,,-4.6,,-7.0,,0.0,,W,9,,2.0,,3.0,,,"8",,"8",,"8",,"8",,"8",,"8",,"8",,"8",,"8",,"8",,"8",,"8",,"8",,"8",,"8",,"8",1,,,"8",Z,"01",,,"9",,"8"
"354190160",ELBL•G-MILEJEWO,"2026","01","06",-3.5,,-7.9,,-5.9,,-9.7,,,"9",,,"8",,"8",5.5,,,"8",,"8",,"8",,"8",,"8",,"8",,"8",,"8",,"8",,"8",,"8",,"8",,"8",,"8",,"8",,"8",,"8",,"8",R,"01",,,"9",,"8"
"354190160",ELBL•G-MILEJEWO,"2026","01","07",-6.9,,-11.2,,-8.9,,-11.5,,,"9",,8,,1.9,,,"9",,"8",,"8",,"8",,"8",,"8",,"8",,"8",,"8",,"8",,"8",,"8",,"8",,"8",,"8",,"8",,"8",1,,,"8",Z,"01",,,"9",,"8"
"354190160",ELBL•G-MILEJEWO,"2026","01","08",-7.9,,-12.1,,-10.0,,-14.6,,0.0,,W,8,,2.1,,0.4,,,"8",,"8",,"8",,"8",,"8",,"8",,"8",,"8",,"8",,"8",,"8",,"8",,"8",,"8",,"8",,"8",1,,,"8",Z,"01",,,"9",,"8"
"354190160",ELBL•G-MILEJEWO,"2026","01","09",-8.6,,-11.9,,-10.4,,-14.3,,0.3,,W,8,,1.9,,5.3,,,"8",,"8",,"8",,"8",,"8",,"8",,"8",,"8",,"8",,"8",,"8",,"8",,"8",,"8",,"8",,"8",1,,,"8",Z,"01",,,"9",,"8"
"354190160",ELBL•G-MILEJEWO,"2026","01","10",-4.0,,-11.0,,-5.4,,-12.4,,1.2,,,,"8",,"8",,"9",,"8",,"8",,"8",,"8",,"8",,"8",,"8",,"8",,"8",,"8",,"8",,"8",,"8",,"8",,"8",,"8",,"8",,"8",R,"01",,,"9",,"8"
"354190160",ELBL•G-MILEJEWO,"2026","01","11",-2.2,,-5.1,,-4.1,,-5.3,,3.1,,,,"8",,"8",0.6,,,"8",,"8",,"8",,"8",,"8",,"8",,"8",,"8",,"8",,"8",,"8",,"8",,"8",,"8",,"8",,"8",,"8",,"8",R,"01",,,"9",,"8"
"354190160",ELBL•G-MILEJEWO,"2026","01","12",-3.1,,-6.8,,-4.6,,-6.3,,0.0,,S,18,,1.2,,,"9",,"8",,"8",,"8",,"8",,"8",,"8",,"8",,"8",,"8",,"8",,"8",,"8",,"8",,"8",,"8",,"8",1,,,"8",Z,"01",,,"9",,"8"
"354190160",ELBL•G-MILEJEWO,"2026","01","13",-3.3,,-6.7,,-5.6,,-9.5,,,"9",,17,,1.4,,2.5,,,"8",,"8",,"8",,"8",,"8",,"8",,"8",,"8",,"8",,"8",,"8",,"8",,"8",,"8",,"8",,"8",1,,,"8",Z,"01",,,"9",,"8"
"354190160",ELBL•G-MILEJEWO,"2026","01","14",-3.7,,-6.7,,-4.9,,-7.4,,4.6,,S,14,,1.5,,,"9",,"8",,"8",,"8",,"8",,"8",,"8",,"8",,"8",,"8",,"8",,"8",,"8",,"8",,"8",,"8",,"8",1,,,"8",Z,"01",,,"9",,"8"
"354190160",ELBL•G-MILEJEWO,"2026","01","15",1.2,,-4.0,,-0.7,,-3.7,,0.1,,S,17,,1.7,,1.0,,,"8",,"8",,"8",,"8",,"8",,"8",,"8",,"8",,"8",,"8",,"8",,"8",,"8",,"8",,"8",,"8",1,,,"8",R,"01",,,"9",,"8"
"354190160",ELBL•G-MILEJEWO,"2026","01","16",-1.9,,-7.6,,-5.1,,-10.1,,0.0,,W,16,,2.0,,5.6,,,"8",,"8",,"8",,"8",,"8",,"8",,"8",,"8",,"8",,"8",,"8",,"8",,"8",,"8",,"8",,"8",1,,,"8",Z,"01",,,"9",,"8"
"354190160",ELBL•G-MILEJEWO,"2026","01","17",-4.0,,-8.9,,-6.8,,-8.8,,,"9",,,"8",,"8",3.0,,,"8",,"8",,"8",,"8",,"8",,"8",,"8",,"8",,"8",,"8",,"8",,"8",,"8",,"8",,"8",,"8",,"8",,"8",R,"01",,,"9",,"8"
"354190160",ELBL•G-MILEJEWO,"2026","01","18",-5.1,,-12.6,,-8.2,,-13.5,,,"9",,,"8",,"8",7.5,,,"8",,"8",,"8",,"8",,"8",,"8",,"8",,"8",,"8",,"8",,"8",,"8",,"8",,"8",,"8",,"8",,"8",,"8",R,"01",,,"9",,"8"
"354190160",ELBL•G-MILEJEWO,"2026","01","19",-4.3,,-10.4,,-7.1,,-11.8,,,"9",,16,,1.9,,7.7,,,"8",,"8",,"8",,"8",,"8",,"8",,"8",,"8",,"8",,"8",,"8",,"8",,"8",,"8",,"8",,"8",1,,,"8",Z,"01",,,"9",,"8"
"354190160",ELBL•G-MILEJEWO,"2026","01","20",-3.0,,-8.0,,-5.4,,-9.2,,,"9",,16,,1.5,,7.5,,,"8",,"8",,"8",,"8",,"8",,"8",,"8",,"8",,"8",,"8",,"8",,"8",,"8",,"8",,"8",,"8",1,,,"8",Z,"01",,,"9",,"8"
"354190160",ELBL•G-MILEJEWO,"2026","01","21",-3.4,,-9.2,,-6.6,,-12.6,,,"9",,16,,2.0,,7.5,,,"8",,"8",,"8",,"8",,"8",,"8",,"8",,"8",,"8",,"8",,"8",,"8",,"8",,"8",,"8",,"8",1,,,"8",Z,"01",,,"9",,"8"
"354190160",ELBL•G-MILEJEWO,"2026","01","22",-6.3,,-12.7,,-10.9,,-14.6,,0.0,,W,15,,2.1,,7.5,,,"8",,"8",,"8",,"8",,"8",,"8",,"8",,"8",,"8",,"8",,"8",,"8",,"8",,"8",,"8",,"8",1,,,"8",Z,"01",,,"9",,"8"
"354190160",ELBL•G-MILEJEWO,"2026","01","23",-8.3,,-14.2,,-9.9,,-14.8,,,"9",,15,,2.5,,,"9",,"8",,"8",,"8",,"8",,"8",,"8",,"8",,"8",,"8",,"8",,"8",,"8",,"8",,"8",,"8",,"8",1,,,"8",Z,"01",,,"9",,"8"
"354190160",ELBL•G-MILEJEWO,"2026","01","24",-7.2,,-9.3,,-8.5,,-9.0,,,"9",,,"8",,"8",,"9",,"8",,"8",,"8",,"8",,"8",,"8",,"8",,"8",,"8",,"8",,"8",,"8",,"8",,"8",,"8",,"8",,"8",,"8",R,"01",,,"9",,"8"
"354190160",ELBL•G-MILEJEWO,"2026","01","25",-6.0,,-8.8,,-7.3,,-8.9,,0.0,,,,"8",,"8",,"9",,"8",,"8",,"8",,"8",,"8",,"8",,"8",,"8",,"8",,"8",,"8",,"8",,"8",,"8",,"8",,"8",,"8",,"8",R,"01",,,"9",,"8"
"354190160",ELBL•G-MILEJEWO,"2026","01","26",-3.6,,-6.6,,-4.6,,-6.5,,2.3,,W,15,,1.9,,,"9",,"8",,"8",,"8",,"8",,"8",,"8",,"8",,"8",,"8",,"8",,"8",,"8",,"8",,"8",,"8",,"8",1,,,"8",Z,"01",,,"9",,"8"
"354190160",ELBL•G-MILEJEWO,"2026","01","27",-1.6,,-3.7,,-2.4,,-3.6,,1.3,,S,14,,2.4,,,"9",,"8",,"8",,"8",,"8",,"8",,"8",,"8",,"8",,"8",,"8",,"8",,"8",,"8",,"8",,"8",,"8",1,,,"8",Z,"01",,,"9",,"8"
"354190160",ELBL•G-MILEJEWO,"2026","01","28",-2.1,,-6.7,,-5.4,,-6.7,,0.0,,S,17,,1.8,,,"9",,"8",,"8",,"8",,"8",,"8",,"8",,"8",,"8",,"8",,"8",,"8",,"8",,"8",,"8",,"8",,"8",1,,,"8",Z,"01",,,"9",,"8"
"354190160",ELBL•G-MILEJEWO,"2026","01","29",-6.7,,-10.8,,-10.1,,-10.8,,0.0,,W,17,,1.8,,,"9",,"8",,"8",,"8",,"8",,"8",,"8",,"8",,"8",,"8",,"8",,"8",,"8",,"8",,"8",,"8",,"8",1,,,"8",Z,"01",,,"9",,"8"
"354190160",ELBL•G-MILEJEWO,"2026","01","30",-9.7,,-12.7,,-11.6,,-14.1,,0.0,,W,16,,1.7,,4.8,,,"8",,"8",,"8",,"8",,"8",,"8",,"8",,"8",,"8",,"8",,"8",,"8",,"8",,"8",,"8",,"8",1,,,"8",Z,"01",,,"9",,"8"
"354190160",ELBL•G-MILEJEWO,"2026","01","31",-10.0,,-16.5,,-13.6,,-18.1,,,"9",,,"8",,"8",8.6,,,"8",,"8",,"8",,"8",,"8",,"8",,"8",,"8",,"8",,"8",,"8",,"8",,"8",,"8",,"8",,"8",,"8",,"8",R,"01",,,"9",,"8"
"354210185",K TRZYN,"2026","01","01",0.7,,-16.4,,-4.8,,-22.2,,2.8,,S,14,,1.1,,,"9",,"8",,"8",,"8",,"8",,"8",,"8",,"8",,"8",,"8",,"8",,"8",,"8",,"8",,"8",,"8",,"8",1,,,"8",Z,,"8",,"8",,"8"
"354210185",K TRZYN,"2026","01","02",1.7,,-0.1,,0.9,,-0.3,,0.1,,S,15,,1.6,,0.1,,,"8",,"8",,"8",,"8",,"8",,"8",,"8",,"8",,"8",,"8",,"8",,"8",,"8",,"8",,"8",,"8",1,,,"8",Z,,"8",,"8",,"8"
"354210185",K TRZYN,"2026","01","03",0.9,,-5.0,,-1.7,,-6.4,,0.1,,S,14,,1.9,,0.9,,,"8",,"8",,"8",,"8",,"8",,"8",,"8",,"8",,"8",,"8",,"8",,"8",,"8",,"8",,"8",,"8",1,,,"8",Z,,"8",,"8",,"8"
"354210185",K TRZYN,"2026","01","04",-1.2,,-5.9,,-2.9,,-10.7,,0.3,,S,14,,1.9,,,"9",,"8",,"8",,"8",,"8",,"8",,"8",,"8",,"8",,"8",,"8",,"8",,"8",,"8",,"8",,"8",,"8",1,,,"8",Z,,"8",,"8",,"8"
"354210185",K TRZYN,"2026","01","05",-1.4,,-6.5,,-4.4,,-8.6,,0.0,,S,16,,1.9,,5.7,,,"8",,"8",,"8",,"8",,"8",,"8",,"8",,"8",,"8",,"8",,"8",,"8",,"8",,"8",,"8",,"8",1,,,"8",Z,,"8",,"8",,"8"
"354210185",K TRZYN,"2026","01","06",-2.0,,-9.0,,-6.9,,-15.0,,,"9",,16,,1.9,,1.9,,,"8",,"8",,"8",,"8",,"8",,"8",,"8",,"8",,"8",,"8",,"8",,"8",,"8",,"8",,"8",,"8",1,,,"8",Z,,"8",,"8",,"8"
"354210185",K TRZYN,"2026","01","07",-6.9,,-12.6,,-10.2,,-18.3,,,"9",,15,,2.1,,6.2,,,"8",,"8",,"8",,"8",,"8",,"8",,"8",,"8",,"8",,"8",,"8",,"8",,"8",,"8",,"8",,"8",1,,,"8",Z,,"8",,"8",,"8"
"354210185",K TRZYN,"2026","01","08",-7.5,,-14.7,,-9.2,,-19.0,,,"9",,15,,2.1,,,"9",,"8",,"8",,"8",,"8",,"8",,"8",,"8",,"8",,"8",,"8",,"8",,"8",,"8",,"8",,"8",,"8",1,,,"8",Z,,"8",,"8",,"8"
"354210185",K TRZYN,"2026","01","09",-8.1,,-11.0,,-10.2,,-12.7,,1.1,,S,15,,2.1,,3.4,,,"8",,"8",,"8",,"8",,"8",,"8",,"8",,"8",,"8",,"8",,"8",,"8",,"8",,"8",,"8",,"8",1,,,"8",Z,,"8",,"8",,"8"
"354210185",K TRZYN,"2026","01","10",-6.2,,-11.6,,-7.3,,-12.6,,1.3,,S,18,,1.6,,,"9",,"8",,"8",,"8",,"8",,"8",,"8",,"8",,"8",,"8",,"8",,"8",,"8",,"8",,"8",,"8",,"8",1,,,"8",Z,,"8",,"8",,"8"
"354210185",K TRZYN,"2026","01","11",-5.5,,-9.3,,-7.1,,-12.1,,0.7,,S,20,,1.7,,0.9,,,"8",,"8",,"8",,"8",,"8",,"8",,"8",,"8",,"8",,"8",,"8",,"8",,"8",,"8",,"8",,"8",1,,,"8",Z,,"8",,"8",,"8"
"354210185",K TRZYN,"2026","01","12",-5.9,,-13.4,,-9.6,,-21.4,,0.0,,S,21,,1.6,,,"9",,"8",,"8",,"8",,"8",,"8",,"8",,"8",,"8",,"8",,"8",,"8",,"8",,"8",,"8",,"8",,"8",1,,,"8",Z,,"8",,"8",,"8"
"354210185",K TRZYN,"2026","01","13",-7.0,,-12.0,,-8.9,,-16.8,,,"9",,21,,1.6,,1.4,,,"8",,"8",,"8",,"8",,"8",,"8",,"8",,"8",,"8",,"8",,"8",,"8",,"8",,"8",,"8",,"8",1,,,"8",Z,,"8",,"8",,"8"
"354210185",K TRZYN,"2026","01","14",-6.7,,-11.3,,-8.1,,-17.5,,1.9,,S,21,,1.6,,0.4,,,"8",,"8",,"8",,"8",,"8",,"8",,"8",,"8",,"8",,"8",,"8",,"8",,"8",,"8",,"8",,"8",1,,,"8",Z,,"8",,"8",,"8"
"354210185",K TRZYN,"2026","01","15",-4.0,,-6.7,,-5.3,,-6.9,,0.0,,S,25,,1.7,,,"9",,"8",,"8",,"8",,"8",,"8",,"8",,"8",,"8",,"8",,"8",,"8",,"8",,"8",,"8",,"8",,"8",1,,,"8",Z,,"8",,"8",,"8"
"354210185",K TRZYN,"2026","01","16",-4.4,,-8.6,,-7.4,,-9.3,,,"9",,25,,1.7,,1.1,,,"8",,"8",,"8",,"8",,"8",,"8",,"8",,"8",,"8",,"8",,"8",,"8",,"8",,"8",,"8",,"8",1,,,"8",Z,,"8",,"8",,"8"
"354210185",K TRZYN,"2026","01","17",-4.6,,-12.0,,-8.4,,-13.1,,,"9",,25,,1.7,,5.8,,,"8",,"8",,"8",,"8",,"8",,"8",,"8",,"8",,"8",,"8",,"8",,"8",,"8",,"8",,"8",,"8",1,,,"8",Z,,"8",,"8",,"8"
"354210185",K TRZYN,"2026","01","18",-6.5,,-13.7,,-10.7,,-15.0,,,"9",,25,,1.7,,7.5,,,"8",,"8",,"8",,"8",,"8",,"8",,"8",,"8",,"8",,"8",,"8",,"8",,"8",,"8",,"8",,"8",1,,,"8",Z,,"8",,"8",,"8"
"354210185",K TRZYN,"2026","01","19",-8.3,,-13.7,,-11.8,,-14.4,,,"9",,25,,1.8,,7.5,,,"8",,"8",,"8",,"8",,"8",,"8",,"8",,"8",,"8",,"8",,"8",,"8",,"8",,"8",,"8",,"8",1,,,"8",Z,,"8",,"8",,"8"
"354210185",K TRZYN,"2026","01","20",-3.5,,-14.9,,-9.8,,-17.6,,,"9",,24,,1.8,,7.4,,,"8",,"8",,"8",,"8",,"8",,"8",,"8",,"8",,"8",,"8",,"8",,"8",,"8",,"8",,"8",,"8",1,,,"8",Z,,"8",,"8",,"8"
"354210185",K TRZYN,"2026","01","21",-4.2,,-13.3,,-9.8,,-17.5,,,"9",,24,,1.8,,7.2,,,"8",,"8",,"8",,"8",,"8",,"8",,"8",,"8",,"8",,"8",,"8",,"8",,"8",,"8",,"8",,"8",1,,,"8",Z,,"8",,"8",,"8"
"354210185",K TRZYN,"2026","01","22",-8.4,,-12.2,,-11.2,,-13.3,,0.0,,S,23,,1.7,,6.7,,,"8",,"8",,"8",,"8",,"8",,"8",,"8",,"8",,"8",,"8",,"8",,"8",,"8",,"8",,"8",,"8",1,,,"8",Z,,"8",,"8",,"8"
"354210185",K TRZYN,"2026","01","23",-6.8,,-12.7,,-8.5,,-12.9,,0.0,,S,23,,1.7,,,"9",,"8",,"8",,"8",,"8",,"8",,"8",,"8",,"8",,"8",,"8",,"8",,"8",,"8",,"8",,"8",,"8",1,,,"8",Z,,"8",,"8",,"8"
"354210185",K TRZYN,"2026","01","24",-6.6,,-10.6,,-8.6,,-10.4,,0.0,,S,22,,1.7,,,"9",,"8",,"8",,"8",,"8",,"8",,"8",,"8",,"8",,"8",,"8",,"8",,"8",,"8",,"8",,"8",,"8",1,,,"8",Z,,"8",,"8",,"8"
"354210185",K TRZYN,"2026","01","25",-6.0,,-8.7,,-6.9,,-8.9,,0.0,,S,22,,1.7,,,"9",,"8",,"8",,"8",,"8",,"8",,"8",,"8",,"8",,"8",,"8",,"8",,"8",,"8",,"8",,"8",,"8",1,,,"8",Z,,"8",,"8",,"8"
"354210185",K TRZYN,"2026","01","26",-2.9,,-6.0,,-4.2,,-6.0,,0.0,,W,21,,1.8,,,"9",,"8",,"8",,"8",,"8",,"8",,"8",,"8",,"8",,"8",,"8",,"8",,"8",,"8",,"8",,"8",,"8",1,,,"8",Z,,"8",,"8",,"8"
"354210185",K TRZYN,"2026","01","27",-0.5,,-2.9,,-1.9,,-3.0,,1.2,,S,20,,1.8,,,"9",,"8",,"8",,"8",,"8",,"8",,"8",,"8",,"8",,"8",,"8",,"8",,"8",,"8",,"8",,"8",,"8",1,,,"8",Z,,"8",,"8",,"8"
"354210185",K TRZYN,"2026","01","28",-2.4,,-6.7,,-5.2,,-6.9,,0.0,,S,23,,1.9,,,"9",,"8",,"8",,"8",,"8",,"8",,"8",,"8",,"8",,"8",,"8",,"8",,"8",,"8",,"8",,"8",,"8",1,,,"8",Z,,"8",,"8",,"8"
"354210185",K TRZYN,"2026","01","29",-6.7,,-9.8,,-9.0,,-9.8,,0.0,,S,23,,1.9,,,"9",,"8",,"8",,"8",,"8",,"8",,"8",,"8",,"8",,"8",,"8",,"8",,"8",,"8",,"8",,"8",,"8",1,,,"8",Z,,"8",,"8",,"8"
"354210185",K TRZYN,"2026","01","30",-9.2,,-13.0,,-11.0,,-13.4,,,"9",,23,,1.9,,7.0,,,"8",,"8",,"8",,"8",,"8",,"8",,"8",,"8",,"8",,"8",,"8",,"8",,"8",,"8",,"8",,"8",1,,,"8",Z,,"8",,"8",,"8"
"354210185",K TRZYN,"2026","01","31",-7.5,,-16.7,,-13.0,,-21.6,,,"9",,23,,1.9,,8.5,,,"8",,"8",,"8",,"8",,"8",,"8",,"8",,"8",,"8",,"8",,"8",,"8",,"8",,"8",,"8",,"8",1,,,"8",Z,,"8",,"8",,"8"
"354220195",SUWA£KI,"2026","01","01",0.0,,-16.8,,-7.5,,-18.9,,7.9,,S,1,,,"9",,"9",,"8",,"8",,"8",,"8",,"8",,"8",,"8",,"8",,"8",,"8",,"8",,"8",,"8",,"8",,"8",,"8",1,,,"8",Z,"18",,,"9",,"8"
"354220195",SUWA£KI,"2026","01","02",0.9,,-0.6,,0.3,,-0.7,,1.5,,S,12,,1.3,,,"9",,"8",,"8",,"8",,"8",,"8",,"8",,"8",,"8",,"8",,"8",,"8",,"8",,"8",,"8",,"8",,"8",1,,,"8",Z,"05",,,"9",,"8"
"354220195",SUWA£KI,"2026","01","03",0.2,,-4.2,,-1.9,,-5.1,,0.4,,S,17,,1.4,,0.1,,,"8",,"8",,"8",,"8",,"8",,"8",,"8",,"8",,"8",,"8",,"8",,"8",,"8",,"8",,"8",,"8",1,,,"8",Z,"01",,,"9",,"8"
"354220195",SUWA£KI,"2026","01","04",-1.7,,-5.7,,-3.2,,-6.6,,1.7,,S,22,,1.4,,,"9",,"8",,"8",,"8",,"8",,"8",,"8",,"8",,"8",,"8",,"8",,"8",,"8",,"8",,"8",,"8",,"8",1,,,"8",Z,"01",,,"9",,"8"
"354220195",SUWA£KI,"2026","01","05",-3.1,,-7.8,,-5.8,,-13.4,,,"9",,26,,1.3,,3.4,,,"8",,"8",,"8",,"8",,"8",,"8",,"8",,"8",,"8",,"8",,"8",,"8",,"8",,"8",,"8",,"8",1,,,"8",Z,"01",,,"9",,"8"
"354220195",SUWA£KI,"2026","01","06",-5.2,,-10.4,,-7.0,,-16.1,,,"9",,25,,1.4,,,"9",,"8",,"8",,"8",,"8",,"8",,"8",,"8",,"8",,"8",,"8",,"8",,"8",,"8",,"8",,"8",,"8",1,,,"8",Z,"01",,,"9",,"8"
"354220195",SUWA£KI,"2026","01","07",-5.0,,-14.4,,-10.2,,-20.3,,0.0,,W,24,,1.5,,1.3,,,"8",,"8",,"8",,"8",,"8",,"8",,"8",,"8",,"8",,"8",,"8",,"8",,"8",,"8",,"8",,"8",1,,,"8",Z,"01",,,"9",,"8"
"354220195",SUWA£KI,"2026","01","08",-7.4,,-10.2,,-8.8,,-12.0,,0.0,,S,22,,1.4,,,"9",,"8",,"8",,"8",,"8",,"8",,"8",,"8",,"8",,"8",,"8",,"8",,"8",,"8",,"8",,"8",,"8",1,,,"8",Z,"01",,,"9",,"8"
"354220195",SUWA£KI,"2026","01","09",-8.3,,-10.8,,-10.2,,-10.9,,1.6,,S,20,,1.3,,,"9",,"8",,"8",,"8",,"8",,"8",,"8",,"8",,"8",,"8",,"8",,"8",,"8",,"8",,"8",,"8",,"8",1,,,"8",Z,"01",,,"9",,"8"
"354220195",SUWA£KI,"2026","01","10",-7.9,,-9.9,,-9.2,,-10.3,,1.1,,S,28,,1.4,,,"9",,"8",,"8",,"8",,"8",,"8",,"8",,"8",,"8",,"8",,"8",,"8",,"8",,"8",,"8",,"8",,"8",1,,,"8",Z,"01",,,"9",,"8"
"354220195",SUWA£KI,"2026","01","11",-9.5,,-16.0,,-12.1,,-24.0,,0.0,,S,29,,1.4,,2.2,,,"8",,"8",,"8",,"8",,"8",,"8",,"8",,"8",,"8",,"8",,"8",,"8",,"8",,"8",,"8",,"8",1,,,"8",Z,"01",,,"9",,"8"
"354220195",SUWA£KI,"2026","01","12",-7.7,,-14.1,,-10.2,,-19.9,,0.0,,S,27,,1.4,,,"9",,"8",,"8",,"8",,"8",,"8",,"8",,"8",,"8",,"8",,"8",,"8",,"8",,"8",,"8",,"8",,"8",1,,,"8",Z,"01",,,"9",,"8"
"354220195",SUWA£KI,"2026","01","13",-9.0,,-14.4,,-11.5,,-19.0,,,"9",,25,,1.4,,0.2,,,"8",,"8",,"8",,"8",,"8",,"8",,"8",,"8",,"8",,"8",,"8",,"8",,"8",,"8",,"8",,"8",1,,,"8",Z,"01",,,"9",,"8"
"354220195",SUWA£KI,"2026","01","14",-9.8,,-13.3,,-11.2,,-18.5,,0.7,,S,25,,1.5,,,"9",,"8",,"8",,"8",,"8",,"8",,"8",,"8",,"8",,"8",,"8",,"8",,"8",,"8",,"8",,"8",,"8",1,,,"8",Z,"01",,,"9",,"8"
"354220195",SUWA£KI,"2026","01","15",-7.4,,-11.4,,-8.9,,-11.0,,0.0,,S,25,,1.6,,,"9",,"8",,"8",,"8",,"8",,"8",,"8",,"8",,"8",,"8",,"8",,"8",,"8",,"8",,"8",,"8",,"8",1,,,"8",Z,"01",,,"9",,"8"
"354220195",SUWA£KI,"2026","01","16",-8.2,,-12.9,,-11.2,,-14.1,,,"9",,25,,1.7,,,"9",,"8",,"8",,"8",,"8",,"8",,"8",,"8",,"8",,"8",,"8",,"8",,"8",,"8",,"8",,"8",,"8",1,,,"8",Z,"01",,,"9",,"8"
"354220195",SUWA£KI,"2026","01","17",-4.6,,-13.4,,-10.6,,-18.0,,,"9",,24,,1.7,,7.1,,,"8",,"8",,"8",,"8",,"8",,"8",,"8",,"8",,"8",,"8",,"8",,"8",,"8",,"8",,"8",,"8",1,,,"8",Z,"01",,,"9",,"8"
"354220195",SUWA£KI,"2026","01","18",-7.7,,-17.7,,-13.2,,-26.1,,,"9",,24,,1.8,,6.9,,,"8",,"8",,"8",,"8",,"8",,"8",,"8",,"8",,"8",,"8",,"8",,"8",,"8",,"8",,"8",,"8",1,,,"8",Z,"01",,,"9",,"8"
"354220195",SUWA£KI,"2026","01","19",-6.7,,-18.3,,-13.0,,-25.5,,,"9",,24,,1.8,,6.8,,,"8",,"8",,"8",,"8",,"8",,"8",,"8",,"8",,"8",,"8",,"8",,"8",,"8",,"8",,"8",,"8",1,,,"8",Z,"01",,,"9",,"8"
"354220195",SUWA£KI,"2026","01","20",-6.5,,-18.6,,-13.6,,-26.3,,,"9",,24,,1.6,,6.8,,,"8",,"8",,"8",,"8",,"8",,"8",,"8",,"8",,"8",,"8",,"8",,"8",,"8",,"8",,"8",,"8",1,,,"8",Z,"01",,,"9",,"8"
"354220195",SUWA£KI,"2026","01","21",-5.8,,-19.4,,-13.4,,-24.8,,,"9",,24,,1.7,,6.9,,,"8",,"8",,"8",,"8",,"8",,"8",,"8",,"8",,"8",,"8",,"8",,"8",,"8",,"8",,"8",,"8",1,,,"8",Z,"01",,,"9",,"8"
"354220195",SUWA£KI,"2026","01","22",-11.4,,-13.9,,-12.7,,-20.1,,0.0,,S,24,,1.8,,,"9",,"8",,"8",,"8",,"8",,"8",,"8",,"8",,"8",,"8",,"8",,"8",,"8",,"8",,"8",,"8",,"8",1,,,"8",Z,"05",,,"9",,"8"
"354220195",SUWA£KI,"2026","01","23",-7.6,,-12.1,,-9.4,,-12.2,,0.0,,S,25,,1.8,,,"9",,"8",,"8",,"8",,"8",,"8",,"8",,"8",,"8",,"8",,"8",,"8",,"8",,"8",,"8",,"8",,"8",1,,,"8",Z,"01",,,"9",,"8"
"354220195",SUWA£KI,"2026","01","24",-8.2,,-15.1,,-11.2,,-18.7,,0.0,,S,25,,1.7,,,"9",,"8",,"8",,"8",,"8",,"8",,"8",,"8",,"8",,"8",,"8",,"8",,"8",,"8",,"8",,"8",,"8",1,,,"8",Z,"01",,,"9",,"8"
"354220195",SUWA£KI,"2026","01","25",-6.7,,-9.8,,-8.0,,-9.8,,0.0,,W,25,,2.0,,,"9",,"8",,"8",,"8",,"8",,"8",,"8",,"8",,"8",,"8",,"8",,"8",,"8",,"8",,"8",,"8",,"8",1,,,"8",Z,"01",,,"9",,"8"
"354220195",SUWA£KI,"2026","01","26",-3.5,,-8.2,,-6.0,,-8.3,,4.2,,S,25,,1.9,,,"9",,"8",,"8",,"8",,"8",,"8",,"8",,"8",,"8",,"8",,"8",,"8",,"8",,"8",,"8",,"8",,"8",1,,,"8",Z,"01",,,"9",,"8"
"354220195",SUWA£KI,"2026","01","27",-0.3,,-3.6,,-1.7,,-3.5,,2.0,,S,24,,1.5,,,"9",,"8",,"8",,"8",,"8",,"8",,"8",,"8",,"8",,"8",,"8",,"8",,"8",,"8",,"8",,"8",,"8",1,,,"8",Z,"01",,,"9",,"8"
"354220195",SUWA£KI,"2026","01","28",-1.6,,-7.9,,-5.1,,-7.9,,0.0,,S,25,,1.6,,,"9",,"8",,"8",,"8",,"8",,"8",,"8",,"8",,"8",,"8",,"8",,"8",,"8",,"8",,"8",,"8",,"8",1,,,"8",Z,"01",,,"9",,"8"
"354220195",SUWA£KI,"2026","01","29",-7.9,,-10.2,,-9.2,,-10.1,,0.0,,W,26,,1.4,,,"9",,"8",,"8",,"8",,"8",,"8",,"8",,"8",,"8",,"8",,"8",,"8",,"8",,"8",,"8",,"8",,"8",1,,,"8",Z,"01",,,"9",,"8"
"354220195",SUWA£KI,"2026","01","30",-10.0,,-16.7,,-13.8,,-18.2,,,"9",,26,,1.3,,7.9,,,"8",,"8",,"8",,"8",,"8",,"8",,"8",,"8",,"8",,"8",,"8",,"8",,"8",,"8",,"8",,"8",1,,,"8",Z,"01",,,"9",,"8"
"354220195",SUWA£KI,"2026","01","31",-11.9,,-19.6,,-15.8,,-23.7,,,"9",,26,,1.5,,8.2,,,"8",,"8",,"8",,"8",,"8",,"8",,"8",,"8",,"8",,"8",,"8",,"8",,"8",,"8",,"8",,"8",1,,,"8",Z,"01",,,"9",,"8"
