"mode","income","alt","price","catch","chid","idx.chid","idx.alt"
FALSE, 7083.3317,"beach",157.930,0.0678,   1,   1,beach
FALSE, 7083.3317,"boat",157.930,0.2601,   1,   1,boat
TRUE, 7083.3317,"charter",182.930,0.5391,   1,   1,charter
FALSE, 7083.3317,"pier",157.930,0.0503,   1,   1,pier
FALSE, 1249.9998,"beach", 15.114,0.1049,   2,   2,beach
FALSE, 1249.9998,"boat", 10.534,0.1574,   2,   2,boat
TRUE, 1249.9998,"charter", 34.534,0.4671,   2,   2,charter
FALSE, 1249.9998,"pier", 15.114,0.0451,   2,   2,pier
FALSE, 3749.9999,"beach",161.874,0.5333,   3,   3,beach
TRUE, 3749.9999,"boat", 24.334,0.2413,   3,   3,boat
FALSE, 3749.9999,"charter", 59.334,1.0266,   3,   3,charter
FALSE, 3749.9999,"pier",161.874,0.4522,   3,   3,pier
FALSE, 2083.3332,"beach", 15.134,0.0678,   4,   4,beach
FALSE, 2083.3332,"boat", 55.930,0.1643,   4,   4,boat
FALSE, 2083.3332,"charter", 84.930,0.5391,   4,   4,charter
TRUE, 2083.3332,"pier", 15.134,0.0789,   4,   4,pier
FALSE, 4583.3320,"beach",106.930,0.0678,   5,   5,beach
TRUE, 4583.3320,"boat", 41.514,0.1082,   5,   5,boat
FALSE, 4583.3320,"charter", 71.014,0.3240,   5,   5,charter
FALSE, 4583.3320,"pier",106.930,0.0503,   5,   5,pier
FALSE, 4583.3320,"beach",192.474,0.5333,   6,   6,beach
FALSE, 4583.3320,"boat", 28.934,0.1665,   6,   6,boat
TRUE, 4583.3320,"charter", 63.934,0.3975,   6,   6,charter
FALSE, 4583.3320,"pier",192.474,0.4522,   6,   6,pier
TRUE, 8750.0010,"beach", 51.934,0.0678,   7,   7,beach
FALSE, 8750.0010,"boat",191.930,0.1643,   7,   7,boat
FALSE, 8750.0010,"charter",220.930,0.5391,   7,   7,charter
FALSE, 8750.0010,"pier", 51.934,0.0789,   7,   7,pier
FALSE, 2083.3332,"beach", 15.134,0.0678,   8,   8,beach
FALSE, 2083.3332,"boat", 21.714,0.0102,   8,   8,boat
TRUE, 2083.3332,"charter", 56.714,0.0209,   8,   8,charter
FALSE, 2083.3332,"pier", 15.134,0.0789,   8,   8,pier
FALSE, 3749.9999,"beach", 34.914,0.2537,   9,   9,beach
TRUE, 3749.9999,"boat", 34.914,0.0233,   9,   9,boat
FALSE, 3749.9999,"charter", 53.414,0.0219,   9,   9,charter
FALSE, 3749.9999,"pier", 34.914,0.1498,   9,   9,pier
FALSE, 2916.6666,"beach", 28.314,0.2537,  10,  10,beach
TRUE, 2916.6666,"boat", 28.314,0.0233,  10,  10,boat
FALSE, 2916.6666,"charter", 46.814,0.0219,  10,  10,charter
FALSE, 2916.6666,"pier", 28.314,0.1498,  10,  10,pier
FALSE, 3749.9999,"beach", 34.914,0.1049,  11,  11,beach
FALSE, 3749.9999,"boat", 24.334,0.1574,  11,  11,boat
FALSE, 3749.9999,"charter", 48.334,0.4671,  11,  11,charter
TRUE, 3749.9999,"pier", 34.914,0.0451,  11,  11,pier
FALSE, 7083.3317,"beach",312.144,0.5333,  12,  12,beach
TRUE, 7083.3317,"boat", 16.722,0.2413,  12,  12,boat
FALSE, 7083.3317,"charter", 51.722,1.0266,  12,  12,charter
FALSE, 7083.3317,"pier",312.144,0.4522,  12,  12,pier
FALSE, 1249.9998,"beach", 17.862,0.1049,  13,  13,beach
FALSE, 1249.9998,"boat",  4.122,0.0023,  13,  13,boat
FALSE, 1249.9998,"charter", 28.122,0.0046,  13,  13,charter
TRUE, 1249.9998,"pier", 17.862,0.0451,  13,  13,pier
FALSE, 2083.3332,"beach", 15.134,0.0678,  14,  14,beach
FALSE, 2083.3332,"boat", 55.930,0.0014,  14,  14,boat
FALSE, 2083.3332,"charter", 84.930,0.0029,  14,  14,charter
TRUE, 2083.3332,"pier", 15.134,0.0789,  14,  14,pier
TRUE, 8750.0010,"beach", 74.514,0.2537,  15,  15,beach
FALSE, 8750.0010,"boat", 74.514,0.2339,  15,  15,boat
FALSE, 8750.0010,"charter", 93.014,0.6288,  15,  15,charter
FALSE, 8750.0010,"pier", 74.514,0.1498,  15,  15,pier
FALSE, 5416.6667,"beach", 33.534,0.0678,  16,  16,beach
FALSE, 5416.6667,"boat",123.930,0.1643,  16,  16,boat
FALSE, 5416.6667,"charter",152.930,0.5391,  16,  16,charter
TRUE, 5416.6667,"pier", 33.534,0.0789,  16,  16,pier
TRUE, 5416.6667,"beach", 48.114,0.1049,  17,  17,beach
FALSE, 5416.6667,"boat", 33.534,0.1574,  17,  17,boat
FALSE, 5416.6667,"charter", 57.534,0.4671,  17,  17,charter
FALSE, 5416.6667,"pier", 48.114,0.0451,  17,  17,pier
FALSE, 2916.6666,"beach", 33.462,0.1049,  18,  18,beach
FALSE, 2916.6666,"boat",  7.722,0.0613,  18,  18,boat
FALSE, 2916.6666,"charter", 31.722,0.3087,  18,  18,charter
TRUE, 2916.6666,"pier", 33.462,0.0079,  18,  18,pier
FALSE, 4583.3320,"beach",211.344,0.5333,  19,  19,beach
TRUE, 4583.3320,"boat", 11.322,0.0361,  19,  19,boat
FALSE, 4583.3320,"charter", 46.322,0.4216,  19,  19,charter
FALSE, 4583.3320,"pier",211.344,0.0069,  19,  19,pier
FALSE, 4583.3320,"beach", 49.062,0.1049,  20,  20,beach
TRUE, 4583.3320,"boat", 11.322,0.1574,  20,  20,boat
FALSE, 4583.3320,"charter", 35.322,0.4671,  20,  20,charter
FALSE, 4583.3320,"pier", 49.062,0.0451,  20,  20,pier
FALSE, 7916.6663,"beach",345.744,0.5333,  21,  21,beach
FALSE, 7916.6663,"boat", 18.522,0.0156,  21,  21,boat
TRUE, 7916.6663,"charter", 53.522,0.0058,  21,  21,charter
FALSE, 7916.6663,"pier",345.744,0.4522,  21,  21,pier
FALSE, 8750.0010,"beach", 88.062,0.1049,  22,  22,beach
FALSE, 8750.0010,"boat", 20.322,0.0023,  22,  22,boat
TRUE, 8750.0010,"charter", 44.322,0.0046,  22,  22,charter
FALSE, 8750.0010,"pier", 88.062,0.0451,  22,  22,pier
FALSE, 2083.3332,"beach",100.674,0.5333,  23,  23,beach
TRUE, 2083.3332,"boat", 15.134,0.1665,  23,  23,boat
FALSE, 2083.3332,"charter", 50.134,0.3975,  23,  23,charter
FALSE, 2083.3332,"pier",100.674,0.4522,  23,  23,pier
FALSE, 2916.6666,"beach", 28.314,0.1049,  24,  24,beach
FALSE, 2916.6666,"boat", 19.734,0.0613,  24,  24,boat
TRUE, 2916.6666,"charter", 43.734,0.3087,  24,  24,charter
FALSE, 2916.6666,"pier", 28.314,0.0079,  24,  24,pier
FALSE, 2916.6666,"beach", 33.462,0.0678,  25,  25,beach
FALSE, 2916.6666,"boat", 34.320,0.0559,  25,  25,boat
TRUE, 2916.6666,"charter", 69.320,0.6456,  25,  25,charter
FALSE, 2916.6666,"pier", 33.462,0.0789,  25,  25,pier
TRUE, 1249.9998,"beach", 67.784,0.5333,  26,  26,beach
FALSE, 1249.9998,"boat", 17.862,0.2413,  26,  26,boat
FALSE, 1249.9998,"charter", 52.862,1.0266,  26,  26,charter
FALSE, 1249.9998,"pier", 67.784,0.4522,  26,  26,pier
FALSE, 4583.3320,"beach", 50.320,0.1049,  27,  27,beach
FALSE, 4583.3320,"boat", 49.062,0.1574,  27,  27,boat
FALSE, 4583.3320,"charter", 73.062,0.4671,  27,  27,charter
TRUE, 4583.3320,"pier", 50.320,0.0451,  27,  27,pier
FALSE, 7083.3317,"beach", 72.462,0.0678,  28,  28,beach
TRUE, 7083.3317,"boat", 74.320,0.0897,  28,  28,boat
FALSE, 7083.3317,"charter",109.320,1.0905,  28,  28,charter
FALSE, 7083.3317,"pier", 72.462,0.0789,  28,  28,pier
FALSE, 1249.9998,"beach", 70.074,0.5333,  29,  29,beach
FALSE, 1249.9998,"boat", 10.534,0.0156,  29,  29,boat
TRUE, 1249.9998,"charter", 45.534,0.0058,  29,  29,charter
FALSE, 1249.9998,"pier", 70.074,0.4522,  29,  29,pier
FALSE, 2916.6666,"beach",131.274,0.5333,  30,  30,beach
FALSE, 2916.6666,"boat", 19.734,0.0156,  30,  30,boat
TRUE, 2916.6666,"charter", 54.734,0.0058,  30,  30,charter
FALSE, 2916.6666,"pier",131.274,0.4522,  30,  30,pier
FALSE, 2916.6666,"beach", 28.314,0.1049,  31,  31,beach
FALSE, 2916.6666,"boat", 19.734,0.0023,  31,  31,boat
TRUE, 2916.6666,"charter", 43.734,0.0046,  31,  31,charter
FALSE, 2916.6666,"pier", 28.314,0.0451,  31,  31,pier
FALSE, 4583.3320,"beach", 49.062,0.1049,  32,  32,beach
FALSE, 4583.3320,"boat", 11.322,0.0613,  32,  32,boat
TRUE, 4583.3320,"charter", 35.322,0.3087,  32,  32,charter
FALSE, 4583.3320,"pier", 49.062,0.0079,  32,  32,pier
FALSE, 2916.6666,"beach", 33.462,0.1049,  33,  33,beach
TRUE, 2916.6666,"boat",  7.722,0.0023,  33,  33,boat
FALSE, 2916.6666,"charter", 31.722,0.0046,  33,  33,charter
FALSE, 2916.6666,"pier", 33.462,0.0451,  33,  33,pier
TRUE, 3749.9999,"beach",  9.522,0.0678,  34,  34,beach
FALSE, 3749.9999,"boat", 78.292,0.0014,  34,  34,boat
FALSE, 3749.9999,"charter",107.292,0.0029,  34,  34,charter
FALSE, 3749.9999,"pier",  9.522,0.0789,  34,  34,pier
FALSE, 2083.3332,"beach", 25.662,0.1049,  35,  35,beach
FALSE, 2083.3332,"boat",  5.922,0.0613,  35,  35,boat
FALSE, 2083.3332,"charter", 29.922,0.3087,  35,  35,charter
TRUE, 2083.3332,"pier", 25.662,0.0079,  35,  35,pier
FALSE, 2916.6666,"beach",144.144,0.5333,  36,  36,beach
FALSE, 2916.6666,"boat",  7.722,0.0361,  36,  36,boat
TRUE, 2916.6666,"charter", 42.722,0.4216,  36,  36,charter
FALSE, 2916.6666,"pier",144.144,0.0069,  36,  36,pier
FALSE,12499.9980,"beach",120.004,0.0678,  37,  37,beach
FALSE,12499.9980,"boat",252.640,0.0014,  37,  37,boat
FALSE,12499.9980,"charter",281.640,0.0029,  37,  37,charter
TRUE,12499.9980,"pier",120.004,0.0789,  37,  37,pier
FALSE, 1249.9998,"beach", 25.648,0.2537,  38,  38,beach
TRUE, 1249.9998,"boat", 80.608,0.0531,  38,  38,boat
FALSE, 1249.9998,"charter",105.608,0.0052,  38,  38,charter
FALSE, 1249.9998,"pier", 25.648,0.1498,  38,  38,pier
FALSE, 2083.3332,"beach",115.808,0.5333,  39,  39,beach
FALSE, 2083.3332,"boat", 25.004,0.0156,  39,  39,boat
TRUE, 2083.3332,"charter", 60.004,0.0058,  39,  39,charter
FALSE, 2083.3332,"pier",115.808,0.4522,  39,  39,pier
FALSE, 2916.6666,"beach", 32.604,0.0678,  40,  40,beach
FALSE, 2916.6666,"boat", 68.640,0.1643,  40,  40,boat
FALSE, 2916.6666,"charter", 97.640,0.5391,  40,  40,charter
TRUE, 2916.6666,"pier", 32.604,0.0789,  40,  40,pier
FALSE, 2916.6666,"beach", 10.296,0.0678,  41,  41,beach
TRUE, 2916.6666,"boat", 46.332,0.1643,  41,  41,boat
FALSE, 2916.6666,"charter", 75.332,0.5391,  41,  41,charter
FALSE, 2916.6666,"pier", 10.296,0.0789,  41,  41,pier
FALSE, 2916.6666,"beach", 10.296,0.0678,  42,  42,beach
FALSE, 2916.6666,"boat", 54.912,0.0897,  42,  42,boat
TRUE, 2916.6666,"charter", 89.912,1.0905,  42,  42,charter
FALSE, 2916.6666,"pier", 10.296,0.0789,  42,  42,pier
FALSE, 4583.3320,"beach",231.472,0.5333,  43,  43,beach
TRUE, 4583.3320,"boat", 15.096,0.2413,  43,  43,boat
FALSE, 4583.3320,"charter", 50.096,1.0266,  43,  43,charter
FALSE, 4583.3320,"pier",231.472,0.4522,  43,  43,pier
FALSE, 3749.9999,"beach", 59.248,0.2537,  44,  44,beach
FALSE, 3749.9999,"boat",186.208,0.7369,  44,  44,boat
TRUE, 3749.9999,"charter",211.208,2.3101,  44,  44,charter
FALSE, 3749.9999,"pier", 59.248,0.1498,  44,  44,pier
FALSE, 4583.3320,"beach",231.472,0.5333,  45,  45,beach
FALSE, 4583.3320,"boat", 15.096,0.2413,  45,  45,boat
TRUE, 4583.3320,"charter", 50.096,1.0266,  45,  45,charter
FALSE, 4583.3320,"pier",231.472,0.4522,  45,  45,pier
FALSE, 6250.0013,"beach", 19.896,0.0678,  46,  46,beach
FALSE, 6250.0013,"boat", 89.532,0.0014,  46,  46,boat
FALSE, 6250.0013,"charter",118.532,0.0029,  46,  46,charter
TRUE, 6250.0013,"pier", 19.896,0.0789,  46,  46,pier
FALSE, 7083.3317,"beach",341.872,0.5333,  47,  47,beach
FALSE, 7083.3317,"boat", 22.296,0.2413,  47,  47,boat
TRUE, 7083.3317,"charter", 57.296,1.0266,  47,  47,charter
FALSE, 7083.3317,"pier",341.872,0.4522,  47,  47,pier
FALSE, 1249.9998,"beach", 80.608,0.5333,  48,  48,beach
FALSE, 1249.9998,"boat", 17.404,0.2413,  48,  48,boat
TRUE, 1249.9998,"charter", 52.404,1.0266,  48,  48,charter
FALSE, 1249.9998,"pier", 80.608,0.4522,  48,  48,pier
TRUE, 3749.9999,"beach", 24.334,0.0678,  49,  49,beach
FALSE, 3749.9999,"boat", 89.930,0.1643,  49,  49,boat
FALSE, 3749.9999,"charter",118.930,0.5391,  49,  49,charter
FALSE, 3749.9999,"pier", 24.334,0.0789,  49,  49,pier
TRUE, 4583.3320,"beach", 11.322,0.0678,  50,  50,beach
FALSE, 4583.3320,"boat", 93.092,0.1643,  50,  50,boat
FALSE, 4583.3320,"charter",122.092,0.5391,  50,  50,charter
FALSE, 4583.3320,"pier", 11.322,0.0789,  50,  50,pier
FALSE, 3749.9999,"beach",177.744,0.5333,  51,  51,beach
FALSE, 3749.9999,"boat",  9.522,0.0156,  51,  51,boat
TRUE, 3749.9999,"charter", 44.522,0.0058,  51,  51,charter
FALSE, 3749.9999,"pier",177.744,0.4522,  51,  51,pier
FALSE, 2083.3332,"beach",  5.922,0.0678,  52,  52,beach
FALSE, 2083.3332,"boat", 48.692,0.1643,  52,  52,boat
FALSE, 2083.3332,"charter", 77.692,0.5391,  52,  52,charter
TRUE, 2083.3332,"pier",  5.922,0.0789,  52,  52,pier
FALSE, 3749.9999,"beach",177.744,0.5333,  53,  53,beach
TRUE, 3749.9999,"boat",  9.522,0.2413,  53,  53,boat
FALSE, 3749.9999,"charter", 44.522,1.0266,  53,  53,charter
FALSE, 3749.9999,"pier",177.744,0.4522,  53,  53,pier
FALSE, 1249.9998,"beach", 70.074,0.5333,  54,  54,beach
TRUE, 1249.9998,"boat", 10.534,0.0361,  54,  54,boat
FALSE, 1249.9998,"charter", 45.534,0.4216,  54,  54,charter
FALSE, 1249.9998,"pier", 70.074,0.0069,  54,  54,pier
FALSE, 4583.3320,"beach", 41.514,0.1049,  55,  55,beach
FALSE, 4583.3320,"boat", 28.934,0.0613,  55,  55,boat
TRUE, 4583.3320,"charter", 52.934,0.3087,  55,  55,charter
FALSE, 4583.3320,"pier", 41.514,0.0079,  55,  55,pier
FALSE, 2083.3332,"beach", 21.714,0.1049,  56,  56,beach
FALSE, 2083.3332,"boat", 15.134,0.0023,  56,  56,boat
TRUE, 2083.3332,"charter", 39.134,0.0046,  56,  56,charter
FALSE, 2083.3332,"pier", 21.714,0.0451,  56,  56,pier
FALSE, 2916.6666,"beach",144.144,0.5333,  57,  57,beach
FALSE, 2916.6666,"boat",  7.722,0.0156,  57,  57,boat
TRUE, 2916.6666,"charter", 42.722,0.0058,  57,  57,charter
FALSE, 2916.6666,"pier",144.144,0.4522,  57,  57,pier
FALSE, 2083.3332,"beach", 25.662,0.1049,  58,  58,beach
TRUE, 2083.3332,"boat",  5.922,0.0613,  58,  58,boat
FALSE, 2083.3332,"charter", 29.922,0.3087,  58,  58,charter
FALSE, 2083.3332,"pier", 25.662,0.0079,  58,  58,pier
FALSE, 5416.6667,"beach",244.944,0.5333,  59,  59,beach
TRUE, 5416.6667,"boat", 13.122,0.0156,  59,  59,boat
FALSE, 5416.6667,"charter", 48.122,0.0058,  59,  59,charter
FALSE, 5416.6667,"pier",244.944,0.4522,  59,  59,pier
FALSE, 2916.6666,"beach",144.144,0.5333,  60,  60,beach
FALSE, 2916.6666,"boat",  7.722,0.2413,  60,  60,boat
TRUE, 2916.6666,"charter", 42.722,1.0266,  60,  60,charter
FALSE, 2916.6666,"pier",144.144,0.4522,  60,  60,pier
FALSE, 2083.3332,"beach",  5.922,0.0678,  61,  61,beach
FALSE, 2083.3332,"boat", 48.692,0.0014,  61,  61,boat
FALSE, 2083.3332,"charter", 77.692,0.0029,  61,  61,charter
TRUE, 2083.3332,"pier",  5.922,0.0789,  61,  61,pier
FALSE, 4583.3320,"beach", 93.092,0.0678,  62,  62,beach
FALSE, 4583.3320,"boat", 93.092,0.2601,  62,  62,boat
FALSE, 4583.3320,"charter",118.092,0.5391,  62,  62,charter
TRUE, 4583.3320,"pier", 93.092,0.0503,  62,  62,pier
FALSE, 3749.9999,"beach",177.744,0.5333,  63,  63,beach
FALSE, 3749.9999,"boat",  9.522,0.0361,  63,  63,boat
TRUE, 3749.9999,"charter", 44.522,0.4216,  63,  63,charter
FALSE, 3749.9999,"pier",177.744,0.0069,  63,  63,pier
FALSE, 3749.9999,"beach", 41.262,0.1049,  64,  64,beach
TRUE, 3749.9999,"boat",  9.522,0.1574,  64,  64,boat
FALSE, 3749.9999,"charter", 33.522,0.4671,  64,  64,charter
FALSE, 3749.9999,"pier", 41.262,0.0451,  64,  64,pier
FALSE, 3749.9999,"beach",  9.522,0.0678,  65,  65,beach
FALSE, 3749.9999,"boat", 78.292,0.1643,  65,  65,boat
FALSE, 3749.9999,"charter",107.292,0.5391,  65,  65,charter
TRUE, 3749.9999,"pier",  9.522,0.0789,  65,  65,pier
FALSE, 1249.9998,"beach", 76.944,0.5333,  66,  66,beach
FALSE, 1249.9998,"boat",  4.122,0.2413,  66,  66,boat
TRUE, 1249.9998,"charter", 39.122,1.0266,  66,  66,charter
FALSE, 1249.9998,"pier", 76.944,0.4522,  66,  66,pier
FALSE, 3749.9999,"beach",177.744,0.5333,  67,  67,beach
TRUE, 3749.9999,"boat",  9.522,0.2413,  67,  67,boat
FALSE, 3749.9999,"charter", 44.522,1.0266,  67,  67,charter
FALSE, 3749.9999,"pier",177.744,0.4522,  67,  67,pier
FALSE, 3749.9999,"beach",177.744,0.5333,  68,  68,beach
FALSE, 3749.9999,"boat",  9.522,0.1665,  68,  68,boat
TRUE, 3749.9999,"charter", 44.522,0.3975,  68,  68,charter
FALSE, 3749.9999,"pier",177.744,0.4522,  68,  68,pier
FALSE, 5416.6667,"beach",244.944,0.5333,  69,  69,beach
TRUE, 5416.6667,"boat", 13.122,0.2413,  69,  69,boat
FALSE, 5416.6667,"charter", 48.122,1.0266,  69,  69,charter
FALSE, 5416.6667,"pier",244.944,0.4522,  69,  69,pier
FALSE, 2916.6666,"beach", 33.462,0.1049,  70,  70,beach
FALSE, 2916.6666,"boat",  7.722,0.1574,  70,  70,boat
FALSE, 2916.6666,"charter", 31.722,0.4671,  70,  70,charter
TRUE, 2916.6666,"pier", 33.462,0.0451,  70,  70,pier
FALSE, 2916.6666,"beach", 33.462,0.1049,  71,  71,beach
TRUE, 2916.6666,"boat",  7.722,0.0023,  71,  71,boat
FALSE, 2916.6666,"charter", 31.722,0.0046,  71,  71,charter
FALSE, 2916.6666,"pier", 33.462,0.0451,  71,  71,pier
FALSE, 2083.3332,"beach",  5.922,0.0678,  72,  72,beach
FALSE, 2083.3332,"boat", 25.662,0.0102,  72,  72,boat
TRUE, 2083.3332,"charter", 60.662,0.0209,  72,  72,charter
FALSE, 2083.3332,"pier",  5.922,0.0789,  72,  72,pier
FALSE, 7916.6663,"beach",345.744,0.5333,  73,  73,beach
FALSE, 7916.6663,"boat", 18.522,0.1665,  73,  73,boat
TRUE, 7916.6663,"charter", 53.522,0.3975,  73,  73,charter
FALSE, 7916.6663,"pier",345.744,0.4522,  73,  73,pier
FALSE, 5416.6667,"beach",244.944,0.5333,  74,  74,beach
TRUE, 5416.6667,"boat", 13.122,0.0361,  74,  74,boat
FALSE, 5416.6667,"charter", 48.122,0.4216,  74,  74,charter
FALSE, 5416.6667,"pier",244.944,0.0069,  74,  74,pier
FALSE, 6250.0013,"beach", 64.662,0.1049,  75,  75,beach
TRUE, 6250.0013,"boat", 14.922,0.0023,  75,  75,boat
FALSE, 6250.0013,"charter", 38.922,0.0046,  75,  75,charter
FALSE, 6250.0013,"pier", 64.662,0.0451,  75,  75,pier
TRUE, 3749.9999,"beach",  9.522,0.0678,  76,  76,beach
FALSE, 3749.9999,"boat", 78.292,0.1643,  76,  76,boat
FALSE, 3749.9999,"charter",107.292,0.5391,  76,  76,charter
FALSE, 3749.9999,"pier",  9.522,0.0789,  76,  76,pier
TRUE, 7916.6663,"beach", 24.696,0.0678,  77,  77,beach
FALSE, 7916.6663,"boat",111.132,0.1643,  77,  77,boat
FALSE, 7916.6663,"charter",140.132,0.5391,  77,  77,charter
FALSE, 7916.6663,"pier", 24.696,0.0789,  77,  77,pier
FALSE, 1249.9998,"beach", 33.892,0.0678,  78,  78,beach
TRUE, 1249.9998,"boat", 33.892,0.2601,  78,  78,boat
FALSE, 1249.9998,"charter", 58.892,0.5391,  78,  78,charter
FALSE, 1249.9998,"pier", 33.892,0.0503,  78,  78,pier
FALSE, 2916.6666,"beach",144.144,0.5333,  79,  79,beach
FALSE, 2916.6666,"boat",  7.722,0.0361,  79,  79,boat
TRUE, 2916.6666,"charter", 42.722,0.4216,  79,  79,charter
FALSE, 2916.6666,"pier",144.144,0.0069,  79,  79,pier
FALSE, 2083.3332,"beach",110.544,0.5333,  80,  80,beach
TRUE, 2083.3332,"boat",  5.922,0.2413,  80,  80,boat
FALSE, 2083.3332,"charter", 40.922,1.0266,  80,  80,charter
FALSE, 2083.3332,"pier",110.544,0.4522,  80,  80,pier
FALSE, 1249.9998,"beach", 76.944,0.5333,  81,  81,beach
FALSE, 1249.9998,"boat",  4.122,0.0156,  81,  81,boat
TRUE, 1249.9998,"charter", 39.122,0.0058,  81,  81,charter
FALSE, 1249.9998,"pier", 76.944,0.4522,  81,  81,pier
TRUE, 2916.6666,"beach",  7.722,0.0678,  82,  82,beach
FALSE, 2916.6666,"boat", 63.492,0.0014,  82,  82,boat
FALSE, 2916.6666,"charter", 92.492,0.0029,  82,  82,charter
FALSE, 2916.6666,"pier",  7.722,0.0789,  82,  82,pier
FALSE, 3749.9999,"beach",177.744,0.5333,  83,  83,beach
TRUE, 3749.9999,"boat",  9.522,0.1665,  83,  83,boat
FALSE, 3749.9999,"charter", 44.522,0.3975,  83,  83,charter
FALSE, 3749.9999,"pier",177.744,0.4522,  83,  83,pier
FALSE, 1249.9998,"beach", 17.862,0.1049,  84,  84,beach
TRUE, 1249.9998,"boat",  4.122,0.1574,  84,  84,boat
FALSE, 1249.9998,"charter", 28.122,0.4671,  84,  84,charter
FALSE, 1249.9998,"pier", 17.862,0.0451,  84,  84,pier
FALSE, 2916.6666,"beach", 33.462,0.2537,  85,  85,beach
FALSE, 2916.6666,"boat", 33.462,0.0626,  85,  85,boat
TRUE, 2916.6666,"charter", 51.962,0.2773,  85,  85,charter
FALSE, 2916.6666,"pier", 33.462,0.0014,  85,  85,pier
FALSE,  416.6667,"beach",  8.514,0.2537,  86,  86,beach
TRUE,  416.6667,"boat", 39.474,0.6817,  86,  86,boat
FALSE,  416.6667,"charter", 64.474,2.3014,  86,  86,charter
FALSE,  416.6667,"pier",  8.514,0.1498,  86,  86,pier
FALSE, 6250.0013,"beach", 38.134,0.0678,  87,  87,beach
FALSE, 6250.0013,"boat", 54.714,0.0559,  87,  87,boat
TRUE, 6250.0013,"charter", 89.714,0.6456,  87,  87,charter
FALSE, 6250.0013,"pier", 38.134,0.0789,  87,  87,pier
FALSE, 3749.9999,"beach", 24.334,0.0678,  88,  88,beach
TRUE, 3749.9999,"boat", 34.914,0.0897,  88,  88,boat
FALSE, 3749.9999,"charter", 69.914,1.0905,  88,  88,charter
FALSE, 3749.9999,"pier", 24.334,0.0789,  88,  88,pier
FALSE, 2083.3332,"beach",100.674,0.5333,  89,  89,beach
FALSE, 2083.3332,"boat", 15.134,0.2413,  89,  89,boat
FALSE, 2083.3332,"charter", 50.134,1.0266,  89,  89,charter
TRUE, 2083.3332,"pier",100.674,0.4522,  89,  89,pier
FALSE,12499.9980,"beach",104.214,0.2537,  90,  90,beach
FALSE,12499.9980,"boat",104.214,0.2339,  90,  90,boat
FALSE,12499.9980,"charter",122.714,0.6288,  90,  90,charter
TRUE,12499.9980,"pier",104.214,0.1498,  90,  90,pier
FALSE, 3749.9999,"beach",161.874,0.5333,  91,  91,beach
FALSE, 3749.9999,"boat", 24.334,0.0156,  91,  91,boat
TRUE, 3749.9999,"charter", 59.334,0.0058,  91,  91,charter
FALSE, 3749.9999,"pier",161.874,0.4522,  91,  91,pier
FALSE, 5416.6667,"beach", 48.114,0.1049,  92,  92,beach
FALSE, 5416.6667,"boat", 33.534,0.1574,  92,  92,boat
TRUE, 5416.6667,"charter", 57.534,0.4671,  92,  92,charter
FALSE, 5416.6667,"pier", 48.114,0.0451,  92,  92,pier
FALSE, 6250.0013,"beach", 64.662,0.0678,  93,  93,beach
TRUE, 6250.0013,"boat", 66.320,0.0102,  93,  93,boat
FALSE, 6250.0013,"charter",101.320,0.0209,  93,  93,charter
FALSE, 6250.0013,"pier", 64.662,0.0789,  93,  93,pier
FALSE, 7083.3317,"beach", 72.462,0.0678,  94,  94,beach
FALSE, 7083.3317,"boat", 74.320,0.0102,  94,  94,boat
TRUE, 7083.3317,"charter",109.320,0.0209,  94,  94,charter
FALSE, 7083.3317,"pier", 72.462,0.0789,  94,  94,pier
FALSE,11250.0010,"beach",422.984,0.5333,  95,  95,beach
TRUE,11250.0010,"boat",111.462,0.0051,  95,  95,boat
FALSE,11250.0010,"charter",146.462,1.0266,  95,  95,charter
FALSE,11250.0010,"pier",422.984,0.4522,  95,  95,pier
FALSE, 5416.6667,"beach", 56.862,0.0678,  96,  96,beach
FALSE, 5416.6667,"boat", 58.320,0.0102,  96,  96,boat
TRUE, 5416.6667,"charter", 93.320,0.0209,  96,  96,charter
FALSE, 5416.6667,"pier", 56.862,0.0789,  96,  96,pier
FALSE, 7083.3317,"beach", 72.462,0.0678,  97,  97,beach
TRUE, 7083.3317,"boat", 74.320,0.0897,  97,  97,boat
FALSE, 7083.3317,"charter",109.320,1.0905,  97,  97,charter
FALSE, 7083.3317,"pier", 72.462,0.0789,  97,  97,pier
FALSE, 6250.0013,"beach",210.566,0.0678,  98,  98,beach
FALSE, 6250.0013,"boat", 49.740,0.0732,  98,  98,boat
TRUE, 6250.0013,"charter", 79.240,0.1726,  98,  98,charter
FALSE, 6250.0013,"pier",210.566,0.0052,  98,  98,pier
FALSE, 5416.6667,"beach", 43.740,0.2537,  99,  99,beach
FALSE, 5416.6667,"boat", 52.488,0.2339,  99,  99,boat
FALSE, 5416.6667,"charter", 70.988,0.6288,  99,  99,charter
TRUE, 5416.6667,"pier", 43.740,0.1498,  99,  99,pier
TRUE, 3749.9999,"beach", 31.740,0.2537, 100, 100,beach
FALSE, 3749.9999,"boat", 38.088,0.2339, 100, 100,boat
FALSE, 3749.9999,"charter", 56.588,0.6288, 100, 100,charter
FALSE, 3749.9999,"pier", 31.740,0.1498, 100, 100,pier
TRUE, 2083.3332,"beach", 19.740,0.2537, 101, 101,beach
FALSE, 2083.3332,"boat", 23.688,0.2339, 101, 101,boat
FALSE, 2083.3332,"charter", 42.188,0.6288, 101, 101,charter
FALSE, 2083.3332,"pier", 19.740,0.1498, 101, 101,pier
FALSE, 3749.9999,"beach", 31.740,0.2537, 102, 102,beach
FALSE, 3749.9999,"boat", 38.088,0.2339, 102, 102,boat
FALSE, 3749.9999,"charter", 56.588,0.6288, 102, 102,charter
TRUE, 3749.9999,"pier", 31.740,0.1498, 102, 102,pier
FALSE, 2916.6666,"beach", 55.770,0.0678, 103, 103,beach
FALSE, 2916.6666,"boat", 25.740,0.0108, 103, 103,boat
TRUE, 2916.6666,"charter", 60.740,0.2377, 103, 103,charter
FALSE, 2916.6666,"pier", 55.770,0.0025, 103, 103,pier
FALSE, 2083.3332,"beach", 42.770,0.0678, 104, 104,beach
FALSE, 2083.3332,"boat", 19.740,0.0559, 104, 104,boat
TRUE, 2083.3332,"charter", 54.740,0.6456, 104, 104,charter
FALSE, 2083.3332,"pier", 42.770,0.0789, 104, 104,pier
FALSE, 7916.6663,"beach",261.366,0.0678, 105, 105,beach
FALSE, 7916.6663,"boat", 61.740,0.0732, 105, 105,boat
TRUE, 7916.6663,"charter", 91.240,0.1726, 105, 105,charter
FALSE, 7916.6663,"pier",261.366,0.0052, 105, 105,pier
FALSE, 8750.0010,"beach",268.702,0.5333, 106, 106,beach
FALSE, 8750.0010,"boat",146.770,0.1665, 106, 106,boat
TRUE, 8750.0010,"charter",181.770,0.3975, 106, 106,charter
FALSE, 8750.0010,"pier",268.702,0.4522, 106, 106,pier
FALSE, 7083.3317,"beach", 55.740,0.2537, 107, 107,beach
FALSE, 7083.3317,"boat",221.102,0.6817, 107, 107,boat
TRUE, 7083.3317,"charter",246.102,2.3014, 107, 107,charter
FALSE, 7083.3317,"pier", 55.740,0.1498, 107, 107,pier
FALSE, 4583.3320,"beach",159.766,0.0678, 108, 108,beach
FALSE, 4583.3320,"boat", 37.740,0.0732, 108, 108,boat
TRUE, 4583.3320,"charter", 67.240,0.1726, 108, 108,charter
FALSE, 4583.3320,"pier",159.766,0.0052, 108, 108,pier
FALSE,  416.6667,"beach", 16.770,0.0678, 109, 109,beach
FALSE,  416.6667,"boat", 32.766,0.1643, 109, 109,boat
FALSE,  416.6667,"charter", 61.766,0.5391, 109, 109,charter
TRUE,  416.6667,"pier", 16.770,0.0789, 109, 109,pier
FALSE, 3749.9999,"beach",125.902,0.5333, 110, 110,beach
TRUE, 3749.9999,"boat", 68.770,0.2413, 110, 110,boat
FALSE, 3749.9999,"charter",103.770,1.0266, 110, 110,charter
FALSE, 3749.9999,"pier",125.902,0.4522, 110, 110,pier
FALSE, 5416.6667,"beach", 56.862,0.0678, 111, 111,beach
TRUE, 5416.6667,"boat", 58.320,0.0108, 111, 111,boat
FALSE, 5416.6667,"charter", 93.320,0.2377, 111, 111,charter
FALSE, 5416.6667,"pier", 56.862,0.0025, 111, 111,pier
FALSE, 2083.3332,"beach", 25.662,0.0678, 112, 112,beach
FALSE, 2083.3332,"boat", 26.320,0.0108, 112, 112,boat
TRUE, 2083.3332,"charter", 61.320,0.2377, 112, 112,charter
FALSE, 2083.3332,"pier", 25.662,0.0025, 112, 112,pier
FALSE, 1249.9998,"beach", 46.258,0.0678, 113, 113,beach
FALSE, 1249.9998,"boat", 18.320,0.0732, 113, 113,boat
TRUE, 1249.9998,"charter", 47.820,0.1726, 113, 113,charter
FALSE, 1249.9998,"pier", 46.258,0.0052, 113, 113,pier
TRUE, 3749.9999,"beach", 42.320,0.2537, 114, 114,beach
FALSE, 3749.9999,"boat", 42.320,0.0233, 114, 114,boat
FALSE, 3749.9999,"charter", 60.820,0.0219, 114, 114,charter
FALSE, 3749.9999,"pier", 42.320,0.1498, 114, 114,pier
FALSE, 6250.0013,"beach", 64.662,0.0678, 115, 115,beach
FALSE, 6250.0013,"boat", 66.320,0.0559, 115, 115,boat
TRUE, 6250.0013,"charter",101.320,0.6456, 115, 115,charter
FALSE, 6250.0013,"pier", 64.662,0.0789, 115, 115,pier
FALSE, 3749.9999,"beach", 42.320,0.1049, 116, 116,beach
FALSE, 3749.9999,"boat", 41.262,0.1574, 116, 116,boat
TRUE, 3749.9999,"charter", 65.262,0.4671, 116, 116,charter
FALSE, 3749.9999,"pier", 42.320,0.0451, 116, 116,pier
FALSE, 5416.6667,"beach", 58.320,0.2537, 117, 117,beach
TRUE, 5416.6667,"boat", 58.320,0.0233, 117, 117,boat
FALSE, 5416.6667,"charter", 76.820,0.0219, 117, 117,charter
FALSE, 5416.6667,"pier", 58.320,0.1498, 117, 117,pier
FALSE, 3749.9999,"beach", 77.234,0.0678, 118, 118,beach
FALSE, 3749.9999,"boat", 73.002,0.0102, 118, 118,boat
TRUE, 3749.9999,"charter",108.002,0.0209, 118, 118,charter
FALSE, 3749.9999,"pier", 77.234,0.0789, 118, 118,pier
FALSE, 2916.6666,"beach",150.150,0.5333, 119, 119,beach
FALSE, 2916.6666,"boat", 62.634,0.2413, 119, 119,boat
TRUE, 2916.6666,"charter", 97.634,1.0266, 119, 119,charter
FALSE, 2916.6666,"pier",150.150,0.4522, 119, 119,pier
FALSE, 7083.3317,"beach",135.634,0.0678, 120, 120,beach
FALSE, 7083.3317,"boat",267.552,0.1643, 120, 120,boat
TRUE, 7083.3317,"charter",296.552,0.0041, 120, 120,charter
FALSE, 7083.3317,"pier",135.634,0.0789, 120, 120,pier
TRUE, 3749.9999,"beach", 73.002,0.2537, 121, 121,beach
FALSE, 3749.9999,"boat", 73.002,0.2339, 121, 121,boat
FALSE, 3749.9999,"charter", 91.502,0.6288, 121, 121,charter
FALSE, 3749.9999,"pier", 73.002,0.1498, 121, 121,pier
FALSE,12499.9980,"beach",205.270,0.0678, 122, 122,beach
TRUE,12499.9980,"boat", 94.740,0.0897, 122, 122,boat
FALSE,12499.9980,"charter",129.740,1.0905, 122, 122,charter
FALSE,12499.9980,"pier",205.270,0.0789, 122, 122,pier
FALSE, 2916.6666,"beach", 55.770,0.0678, 123, 123,beach
FALSE, 2916.6666,"boat", 25.740,0.0897, 123, 123,boat
TRUE, 2916.6666,"charter", 60.740,1.0905, 123, 123,charter
FALSE, 2916.6666,"pier", 55.770,0.0789, 123, 123,pier
TRUE, 7916.6663,"beach", 61.740,0.2537, 124, 124,beach
FALSE, 7916.6663,"boat", 74.088,0.2339, 124, 124,boat
FALSE, 7916.6663,"charter", 92.588,0.6288, 124, 124,charter
FALSE, 7916.6663,"pier", 61.740,0.1498, 124, 124,pier
FALSE, 7083.3317,"beach",120.770,0.0678, 125, 125,beach
TRUE, 7083.3317,"boat", 55.740,0.0102, 125, 125,boat
FALSE, 7083.3317,"charter", 90.740,0.0209, 125, 125,charter
FALSE, 7083.3317,"pier",120.770,0.0789, 125, 125,pier
FALSE, 8750.0010,"beach",146.770,0.0678, 126, 126,beach
FALSE, 8750.0010,"boat", 67.740,0.0102, 126, 126,boat
TRUE, 8750.0010,"charter",102.740,0.0209, 126, 126,charter
FALSE, 8750.0010,"pier",146.770,0.0789, 126, 126,pier
FALSE, 7083.3317,"beach", 55.740,0.2537, 127, 127,beach
FALSE, 7083.3317,"boat", 66.888,0.2339, 127, 127,boat
FALSE, 7083.3317,"charter", 85.388,0.6288, 127, 127,charter
TRUE, 7083.3317,"pier", 55.740,0.1498, 127, 127,pier
FALSE, 3749.9999,"beach",134.366,0.0678, 128, 128,beach
FALSE, 3749.9999,"boat", 31.740,0.0732, 128, 128,boat
TRUE, 3749.9999,"charter", 61.240,0.1726, 128, 128,charter
FALSE, 3749.9999,"pier",134.366,0.0052, 128, 128,pier
FALSE, 6250.0013,"beach", 49.740,0.2537, 129, 129,beach
FALSE, 6250.0013,"boat", 59.688,0.2339, 129, 129,boat
FALSE, 6250.0013,"charter", 78.188,0.6288, 129, 129,charter
TRUE, 6250.0013,"pier", 49.740,0.1498, 129, 129,pier
FALSE,12499.9980,"beach",205.270,0.0678, 130, 130,beach
TRUE,12499.9980,"boat", 94.740,0.0102, 130, 130,boat
FALSE,12499.9980,"charter",129.740,0.0209, 130, 130,charter
FALSE,12499.9980,"pier",205.270,0.0789, 130, 130,pier
FALSE,12499.9980,"beach",205.270,0.0678, 131, 131,beach
TRUE,12499.9980,"boat", 94.740,0.0108, 131, 131,boat
FALSE,12499.9980,"charter",129.740,0.2377, 131, 131,charter
FALSE,12499.9980,"pier",205.270,0.0025, 131, 131,pier
FALSE, 6250.0013,"beach",107.770,0.0678, 132, 132,beach
FALSE, 6250.0013,"boat", 49.740,0.0559, 132, 132,boat
TRUE, 6250.0013,"charter", 84.740,0.6456, 132, 132,charter
FALSE, 6250.0013,"pier",107.770,0.0789, 132, 132,pier
FALSE, 7916.6663,"beach",261.366,0.0678, 133, 133,beach
TRUE, 7916.6663,"boat", 61.740,0.0732, 133, 133,boat
FALSE, 7916.6663,"charter", 91.240,0.1726, 133, 133,charter
FALSE, 7916.6663,"pier",261.366,0.0052, 133, 133,pier
FALSE, 2916.6666,"beach",108.966,0.0678, 134, 134,beach
TRUE, 2916.6666,"boat", 25.740,0.0143, 134, 134,boat
FALSE, 2916.6666,"charter", 55.240,0.0289, 134, 134,charter
FALSE, 2916.6666,"pier",108.966,0.0503, 134, 134,pier
FALSE, 8750.0010,"beach",286.766,0.0678, 135, 135,beach
TRUE, 8750.0010,"boat", 67.740,0.0143, 135, 135,boat
FALSE, 8750.0010,"charter", 97.240,0.0289, 135, 135,charter
FALSE, 8750.0010,"pier",286.766,0.0503, 135, 135,pier
FALSE,12499.9980,"beach",375.802,0.5333, 136, 136,beach
TRUE,12499.9980,"boat",205.270,0.0156, 136, 136,boat
FALSE,12499.9980,"charter",240.270,0.0058, 136, 136,charter
FALSE,12499.9980,"pier",375.802,0.4522, 136, 136,pier
FALSE, 3749.9999,"beach", 68.770,0.0678, 137, 137,beach
FALSE, 3749.9999,"boat", 31.740,0.0108, 137, 137,boat
TRUE, 3749.9999,"charter", 66.740,0.2377, 137, 137,charter
FALSE, 3749.9999,"pier", 68.770,0.0025, 137, 137,pier
FALSE, 3749.9999,"beach", 68.770,0.0678, 138, 138,beach
FALSE, 3749.9999,"boat", 31.740,0.0559, 138, 138,boat
TRUE, 3749.9999,"charter", 66.740,0.6456, 138, 138,charter
FALSE, 3749.9999,"pier", 68.770,0.0789, 138, 138,pier
FALSE, 1249.9998,"beach", 67.784,0.5333, 139, 139,beach
FALSE, 1249.9998,"boat", 17.862,0.0361, 139, 139,boat
TRUE, 1249.9998,"charter", 52.862,0.4216, 139, 139,charter
FALSE, 1249.9998,"pier", 67.784,0.0069, 139, 139,pier
FALSE, 4583.3320,"beach",186.184,0.5333, 140, 140,beach
FALSE, 4583.3320,"boat", 49.062,0.2413, 140, 140,boat
TRUE, 4583.3320,"charter", 84.062,1.0266, 140, 140,charter
FALSE, 4583.3320,"pier",186.184,0.4522, 140, 140,pier
FALSE, 6250.0013,"beach", 66.320,0.2537, 141, 141,beach
TRUE, 6250.0013,"boat", 66.320,0.2339, 141, 141,boat
FALSE, 6250.0013,"charter", 84.820,0.6288, 141, 141,charter
FALSE, 6250.0013,"pier", 66.320,0.1498, 141, 141,pier
FALSE,  416.6667,"beach", 38.184,0.5333, 142, 142,beach
FALSE,  416.6667,"boat", 10.062,0.1665, 142, 142,boat
TRUE,  416.6667,"charter", 45.062,0.3975, 142, 142,charter
FALSE,  416.6667,"pier", 38.184,0.4522, 142, 142,pier
FALSE, 7083.3317,"beach", 72.462,0.0678, 143, 143,beach
TRUE, 7083.3317,"boat", 74.320,0.0897, 143, 143,boat
FALSE, 7083.3317,"charter",109.320,1.0905, 143, 143,charter
FALSE, 7083.3317,"pier", 72.462,0.0789, 143, 143,pier
FALSE, 4583.3320,"beach", 49.062,0.0678, 144, 144,beach
FALSE, 4583.3320,"boat", 50.320,0.0108, 144, 144,boat
TRUE, 4583.3320,"charter", 85.320,0.2377, 144, 144,charter
FALSE, 4583.3320,"pier", 49.062,0.0025, 144, 144,pier
FALSE, 6250.0013,"beach",333.258,0.5333, 145, 145,beach
TRUE, 6250.0013,"boat", 94.506,0.2413, 145, 145,boat
FALSE, 6250.0013,"charter",129.506,1.0266, 145, 145,charter
FALSE, 6250.0013,"pier",333.258,0.4522, 145, 145,pier
FALSE, 3749.9999,"beach", 85.698,0.1049, 146, 146,beach
FALSE, 3749.9999,"boat", 60.306,0.0023, 146, 146,boat
TRUE, 3749.9999,"charter", 84.306,0.0046, 146, 146,charter
FALSE, 3749.9999,"pier", 85.698,0.0451, 146, 146,pier
FALSE, 7916.6663,"beach",166.698,0.2537, 147, 147,beach
FALSE, 7916.6663,"boat",166.698,0.0626, 147, 147,boat
TRUE, 7916.6663,"charter",185.198,0.2773, 147, 147,charter
FALSE, 7916.6663,"pier",166.698,0.0014, 147, 147,pier
FALSE, 4583.3320,"beach",252.858,0.5333, 148, 148,beach
FALSE, 4583.3320,"boat", 71.706,0.0156, 148, 148,boat
TRUE, 4583.3320,"charter",106.706,0.0058, 148, 148,charter
FALSE, 4583.3320,"pier",252.858,0.4522, 148, 148,pier
FALSE, 8750.0010,"beach",128.706,0.0678, 149, 149,beach
TRUE, 8750.0010,"boat",182.898,0.0897, 149, 149,boat
FALSE, 8750.0010,"charter",217.898,1.0905, 149, 149,charter
FALSE, 8750.0010,"pier",128.706,0.0789, 149, 149,pier
FALSE, 3749.9999,"beach",212.658,0.5333, 150, 150,beach
FALSE, 3749.9999,"boat", 60.306,0.0156, 150, 150,boat
TRUE, 3749.9999,"charter", 95.306,0.0058, 150, 150,charter
FALSE, 3749.9999,"pier",212.658,0.4522, 150, 150,pier
FALSE, 3749.9999,"beach",212.658,0.5333, 151, 151,beach
FALSE, 3749.9999,"boat", 60.306,0.0156, 151, 151,boat
TRUE, 3749.9999,"charter", 95.306,0.0058, 151, 151,charter
FALSE, 3749.9999,"pier",212.658,0.4522, 151, 151,pier
FALSE, 1249.9998,"beach", 92.058,0.5333, 152, 152,beach
FALSE, 1249.9998,"boat", 26.106,0.0156, 152, 152,boat
TRUE, 1249.9998,"charter", 61.106,0.0058, 152, 152,charter
FALSE, 1249.9998,"pier", 92.058,0.4522, 152, 152,pier
FALSE, 7083.3317,"beach",139.350,0.1049, 153, 153,beach
TRUE, 7083.3317,"boat", 63.172,0.0613, 153, 153,boat
FALSE, 7083.3317,"charter", 87.172,0.3087, 153, 153,charter
FALSE, 7083.3317,"pier",139.350,0.0079, 153, 153,pier
FALSE, 5416.6667,"beach",109.350,0.1049, 154, 154,beach
TRUE, 5416.6667,"boat", 49.572,0.0613, 154, 154,boat
FALSE, 5416.6667,"charter", 73.572,0.3087, 154, 154,charter
FALSE, 5416.6667,"pier",109.350,0.0079, 154, 154,pier
FALSE, 6250.0013,"beach",323.310,0.5333, 155, 155,beach
TRUE, 6250.0013,"boat", 56.372,0.2413, 155, 155,boat
FALSE, 6250.0013,"charter", 91.372,1.0266, 155, 155,charter
FALSE, 6250.0013,"pier",323.310,0.4522, 155, 155,pier
FALSE, 2916.6666,"beach", 71.214,0.0678, 156, 156,beach
TRUE, 2916.6666,"boat", 71.214,0.0276, 156, 156,boat
FALSE, 2916.6666,"charter", 96.214,0.0029, 156, 156,charter
FALSE, 2916.6666,"pier", 71.214,0.0503, 156, 156,pier
FALSE, 4583.3320,"beach", 94.350,0.1049, 157, 157,beach
TRUE, 4583.3320,"boat", 42.772,0.1574, 157, 157,boat
FALSE, 4583.3320,"charter", 66.772,0.4671, 157, 157,charter
FALSE, 4583.3320,"pier", 94.350,0.0451, 157, 157,pier
FALSE, 5416.6667,"beach",109.350,0.1049, 158, 158,beach
FALSE, 5416.6667,"boat", 49.572,0.0023, 158, 158,boat
TRUE, 5416.6667,"charter", 73.572,0.0046, 158, 158,charter
FALSE, 5416.6667,"pier",109.350,0.0451, 158, 158,pier
FALSE, 5416.6667,"beach", 49.572,0.0678, 159, 159,beach
FALSE, 5416.6667,"boat",121.014,0.1643, 159, 159,boat
FALSE, 5416.6667,"charter",150.014,0.5391, 159, 159,charter
TRUE, 5416.6667,"pier", 49.572,0.0789, 159, 159,pier
FALSE, 3749.9999,"beach",206.310,0.5333, 160, 160,beach
FALSE, 3749.9999,"boat", 35.972,0.2413, 160, 160,boat
TRUE, 3749.9999,"charter", 70.972,1.0266, 160, 160,charter
FALSE, 3749.9999,"pier",206.310,0.4522, 160, 160,pier
FALSE, 4583.3320,"beach",245.310,0.5333, 161, 161,beach
FALSE, 4583.3320,"boat", 42.772,0.0051, 161, 161,boat
TRUE, 4583.3320,"charter", 77.772,1.0266, 161, 161,charter
FALSE, 4583.3320,"pier",245.310,0.4522, 161, 161,pier
FALSE, 3749.9999,"beach",206.310,0.5333, 162, 162,beach
FALSE, 3749.9999,"boat", 35.972,0.2413, 162, 162,boat
TRUE, 3749.9999,"charter", 70.972,1.0266, 162, 162,charter
FALSE, 3749.9999,"pier",206.310,0.4522, 162, 162,pier
FALSE, 2916.6666,"beach", 64.350,0.2537, 163, 163,beach
FALSE, 2916.6666,"boat",167.310,0.6817, 163, 163,boat
TRUE, 2916.6666,"charter",192.310,2.3014, 163, 163,charter
FALSE, 2916.6666,"pier", 64.350,0.1498, 163, 163,pier
TRUE, 4583.3320,"beach", 42.772,0.0678, 164, 164,beach
FALSE, 4583.3320,"boat",104.414,0.1643, 164, 164,boat
FALSE, 4583.3320,"charter",133.414,0.5391, 164, 164,charter
FALSE, 4583.3320,"pier", 42.772,0.0789, 164, 164,pier
FALSE, 6250.0013,"beach",323.310,0.5333, 165, 165,beach
FALSE, 6250.0013,"boat", 56.372,0.0361, 165, 165,boat
TRUE, 6250.0013,"charter", 91.372,0.4216, 165, 165,charter
FALSE, 6250.0013,"pier",323.310,0.0069, 165, 165,pier
TRUE, 1249.9998,"beach", 15.572,0.0678, 166, 166,beach
FALSE, 1249.9998,"boat", 38.014,0.1643, 166, 166,boat
FALSE, 1249.9998,"charter", 67.014,0.5391, 166, 166,charter
FALSE, 1249.9998,"pier", 15.572,0.0789, 166, 166,pier
FALSE, 2916.6666,"beach", 71.214,0.0678, 167, 167,beach
TRUE, 2916.6666,"boat", 71.214,0.2601, 167, 167,boat
FALSE, 2916.6666,"charter", 96.214,0.5391, 167, 167,charter
FALSE, 2916.6666,"pier", 71.214,0.0503, 167, 167,pier
FALSE, 4583.3320,"beach",104.414,0.0678, 168, 168,beach
TRUE, 4583.3320,"boat", 94.350,0.0143, 168, 168,boat
FALSE, 4583.3320,"charter",123.850,0.0289, 168, 168,charter
FALSE, 4583.3320,"pier",104.414,0.0503, 168, 168,pier
TRUE, 6250.0013,"beach",124.350,0.2537, 169, 169,beach
FALSE, 6250.0013,"boat",124.350,0.2339, 169, 169,boat
FALSE, 6250.0013,"charter",142.850,0.6288, 169, 169,charter
FALSE, 6250.0013,"pier",124.350,0.1498, 169, 169,pier
FALSE, 4583.3320,"beach",104.414,0.0678, 170, 170,beach
FALSE, 4583.3320,"boat",104.414,0.2601, 170, 170,boat
TRUE, 4583.3320,"charter",129.414,0.5391, 170, 170,charter
FALSE, 4583.3320,"pier",104.414,0.0503, 170, 170,pier
FALSE, 6250.0013,"beach",175.748,0.2537, 171, 171,beach
TRUE, 6250.0013,"boat",175.748,0.0233, 171, 171,boat
FALSE, 6250.0013,"charter",194.248,0.0219, 171, 171,charter
FALSE, 6250.0013,"pier",175.748,0.1498, 171, 171,pier
FALSE, 5416.6667,"beach",335.340,0.5333, 172, 172,beach
TRUE, 5416.6667,"boat", 72.900,0.0361, 172, 172,boat
FALSE, 5416.6667,"charter",107.900,0.4216, 172, 172,charter
FALSE, 5416.6667,"pier",335.340,0.0069, 172, 172,pier
FALSE, 3749.9999,"beach",243.340,0.5333, 173, 173,beach
FALSE, 3749.9999,"boat", 52.900,0.0156, 173, 173,boat
TRUE, 3749.9999,"charter", 87.900,0.0058, 173, 173,charter
FALSE, 3749.9999,"pier",243.340,0.4522, 173, 173,pier
TRUE, 2083.3332,"beach", 22.372,0.0678, 174, 174,beach
FALSE, 2083.3332,"boat", 54.614,0.1643, 174, 174,boat
FALSE, 2083.3332,"charter", 83.614,0.5391, 174, 174,charter
FALSE, 2083.3332,"pier", 22.372,0.0789, 174, 174,pier
FALSE, 3749.9999,"beach",206.310,0.5333, 175, 175,beach
FALSE, 3749.9999,"boat", 35.972,0.0361, 175, 175,boat
TRUE, 3749.9999,"charter", 70.972,0.4216, 175, 175,charter
FALSE, 3749.9999,"pier",206.310,0.0069, 175, 175,pier
FALSE, 2916.6666,"beach", 29.172,0.0678, 176, 176,beach
FALSE, 2916.6666,"boat", 64.350,0.0897, 176, 176,boat
TRUE, 2916.6666,"charter", 99.350,1.0905, 176, 176,charter
FALSE, 2916.6666,"pier", 29.172,0.0789, 176, 176,pier
FALSE, 6250.0013,"beach",323.310,0.5333, 177, 177,beach
TRUE, 6250.0013,"boat", 56.372,0.0051, 177, 177,boat
FALSE, 6250.0013,"charter", 91.372,1.0266, 177, 177,charter
FALSE, 6250.0013,"pier",323.310,0.4522, 177, 177,pier
FALSE, 3749.9999,"beach", 35.972,0.0678, 178, 178,beach
FALSE, 3749.9999,"boat", 79.350,0.0559, 178, 178,boat
TRUE, 3749.9999,"charter",114.350,0.6456, 178, 178,charter
FALSE, 3749.9999,"pier", 35.972,0.0789, 178, 178,pier
FALSE, 7083.3317,"beach",362.310,0.5333, 179, 179,beach
TRUE, 7083.3317,"boat", 63.172,0.2413, 179, 179,boat
FALSE, 7083.3317,"charter", 98.172,1.0266, 179, 179,charter
FALSE, 7083.3317,"pier",362.310,0.4522, 179, 179,pier
FALSE, 2916.6666,"beach", 71.214,0.0678, 180, 180,beach
FALSE, 2916.6666,"boat", 64.350,0.1082, 180, 180,boat
TRUE, 2916.6666,"charter", 93.850,0.3240, 180, 180,charter
FALSE, 2916.6666,"pier", 71.214,0.0503, 180, 180,pier
TRUE, 5416.6667,"beach", 49.572,0.0678, 181, 181,beach
FALSE, 5416.6667,"boat",121.014,0.1643, 181, 181,boat
FALSE, 5416.6667,"charter",150.014,0.5391, 181, 181,charter
FALSE, 5416.6667,"pier", 49.572,0.0789, 181, 181,pier
FALSE, 2916.6666,"beach",151.008,0.5333, 182, 182,beach
FALSE, 2916.6666,"boat", 32.604,0.2413, 182, 182,boat
TRUE, 2916.6666,"charter", 67.604,1.0266, 182, 182,charter
FALSE, 2916.6666,"pier",151.008,0.4522, 182, 182,pier
FALSE, 3749.9999,"beach",186.208,0.5333, 183, 183,beach
FALSE, 3749.9999,"boat", 40.204,0.2413, 183, 183,boat
TRUE, 3749.9999,"charter", 75.204,1.0266, 183, 183,charter
FALSE, 3749.9999,"pier",186.208,0.4522, 183, 183,pier
FALSE, 1249.9998,"beach", 92.058,0.5333, 184, 184,beach
TRUE, 1249.9998,"boat", 26.106,0.0361, 184, 184,boat
FALSE, 1249.9998,"charter", 61.106,0.4216, 184, 184,charter
FALSE, 1249.9998,"pier", 92.058,0.0069, 184, 184,pier
FALSE, 2083.3332,"beach", 37.506,0.0678, 185, 185,beach
TRUE, 2083.3332,"boat", 57.904,0.0014, 185, 185,boat
FALSE, 2083.3332,"charter", 86.904,0.0029, 185, 185,charter
FALSE, 2083.3332,"pier", 37.506,0.0789, 185, 185,pier
FALSE, 2083.3332,"beach",132.258,0.5333, 186, 186,beach
FALSE, 2083.3332,"boat", 37.506,0.2413, 186, 186,boat
TRUE, 2083.3332,"charter", 72.506,1.0266, 186, 186,charter
FALSE, 2083.3332,"pier",132.258,0.4522, 186, 186,pier
FALSE, 4583.3320,"beach",252.858,0.5333, 187, 187,beach
FALSE, 4583.3320,"boat", 71.706,0.0361, 187, 187,boat
TRUE, 4583.3320,"charter",106.706,0.4216, 187, 187,charter
FALSE, 4583.3320,"pier",252.858,0.0069, 187, 187,pier
FALSE, 4583.3320,"beach",252.858,0.5333, 188, 188,beach
TRUE, 4583.3320,"boat", 71.706,0.0361, 188, 188,boat
FALSE, 4583.3320,"charter",106.706,0.4216, 188, 188,charter
FALSE, 4583.3320,"pier",252.858,0.0069, 188, 188,pier
TRUE, 3749.9999,"beach", 34.914,0.2537, 189, 189,beach
FALSE, 3749.9999,"boat", 34.914,0.2339, 189, 189,boat
FALSE, 3749.9999,"charter", 53.414,0.6288, 189, 189,charter
FALSE, 3749.9999,"pier", 34.914,0.1498, 189, 189,pier
FALSE, 6250.0013,"beach", 63.004,0.0678, 190, 190,beach
FALSE, 6250.0013,"boat", 92.848,0.0102, 190, 190,boat
TRUE, 6250.0013,"charter",127.848,0.0209, 190, 190,charter
FALSE, 6250.0013,"pier", 63.004,0.0789, 190, 190,pier
FALSE, 9583.3357,"beach",137.648,0.1049, 191, 191,beach
FALSE, 9583.3357,"boat", 93.404,0.0613, 191, 191,boat
TRUE, 9583.3357,"charter",117.404,0.3087, 191, 191,charter
FALSE, 9583.3357,"pier",137.648,0.0079, 191, 191,pier
FALSE, 4583.3320,"beach",221.408,0.5333, 192, 192,beach
FALSE, 4583.3320,"boat", 47.804,0.0051, 192, 192,boat
TRUE, 4583.3320,"charter", 82.804,1.0266, 192, 192,charter
FALSE, 4583.3320,"pier",221.408,0.4522, 192, 192,pier
FALSE, 3749.9999,"beach",206.310,0.5333, 193, 193,beach
TRUE, 3749.9999,"boat", 35.972,0.1665, 193, 193,boat
FALSE, 3749.9999,"charter", 70.972,0.3975, 193, 193,charter
FALSE, 3749.9999,"pier",206.310,0.4522, 193, 193,pier
FALSE, 2083.3332,"beach", 21.714,0.2537, 194, 194,beach
FALSE, 2083.3332,"boat", 21.714,0.2339, 194, 194,boat
FALSE, 2083.3332,"charter", 40.214,0.6288, 194, 194,charter
TRUE, 2083.3332,"pier", 21.714,0.1498, 194, 194,pier
FALSE, 1249.9998,"beach", 10.534,0.0678, 195, 195,beach
FALSE, 1249.9998,"boat", 15.114,0.0102, 195, 195,boat
TRUE, 1249.9998,"charter", 50.114,0.0209, 195, 195,charter
FALSE, 1249.9998,"pier", 10.534,0.0789, 195, 195,pier
FALSE, 3749.9999,"beach",206.310,0.5333, 196, 196,beach
FALSE, 3749.9999,"boat", 35.972,0.2413, 196, 196,boat
TRUE, 3749.9999,"charter", 70.972,1.0266, 196, 196,charter
FALSE, 3749.9999,"pier",206.310,0.4522, 196, 196,pier
FALSE, 4583.3320,"beach",252.858,0.5333, 197, 197,beach
FALSE, 4583.3320,"boat", 71.706,0.1665, 197, 197,boat
TRUE, 4583.3320,"charter",106.706,0.3975, 197, 197,charter
FALSE, 4583.3320,"pier",252.858,0.4522, 197, 197,pier
FALSE, 2916.6666,"beach", 75.504,0.0678, 198, 198,beach
FALSE, 2916.6666,"boat", 75.504,0.2601, 198, 198,boat
FALSE, 2916.6666,"charter",100.504,0.5391, 198, 198,charter
TRUE, 2916.6666,"pier", 75.504,0.0503, 198, 198,pier
FALSE, 1249.9998,"beach", 26.106,0.0678, 199, 199,beach
FALSE, 1249.9998,"boat", 37.098,0.0108, 199, 199,boat
TRUE, 1249.9998,"charter", 72.098,0.2377, 199, 199,charter
FALSE, 1249.9998,"pier", 26.106,0.0025, 199, 199,pier
FALSE,  416.6667,"beach", 22.704,0.0678, 200, 200,beach
FALSE,  416.6667,"boat", 20.898,0.0016, 200, 200,boat
TRUE,  416.6667,"charter", 50.398,0.1176, 200, 200,charter
FALSE,  416.6667,"pier", 22.704,0.0503, 200, 200,pier
FALSE, 4583.3320,"beach", 71.706,0.0678, 201, 201,beach
TRUE, 4583.3320,"boat",101.898,0.0559, 201, 201,boat
FALSE, 4583.3320,"charter",136.898,0.6456, 201, 201,charter
FALSE, 4583.3320,"pier", 71.706,0.0789, 201, 201,pier
TRUE, 7916.6663,"beach",117.306,0.0678, 202, 202,beach
FALSE, 7916.6663,"boat",181.104,0.1643, 202, 202,boat
FALSE, 7916.6663,"charter",210.104,0.5391, 202, 202,charter
FALSE, 7916.6663,"pier",117.306,0.0789, 202, 202,pier
FALSE, 8750.0010,"beach",453.858,0.5333, 203, 203,beach
FALSE, 8750.0010,"boat",128.706,0.0361, 203, 203,boat
TRUE, 8750.0010,"charter",163.706,0.4216, 203, 203,charter
FALSE, 8750.0010,"pier",453.858,0.0069, 203, 203,pier
FALSE, 1249.9998,"beach", 26.106,0.0678, 204, 204,beach
FALSE, 1249.9998,"boat", 40.304,0.0499, 204, 204,boat
FALSE, 1249.9998,"charter", 69.304,0.2421, 204, 204,charter
TRUE, 1249.9998,"pier", 26.106,0.0025, 204, 204,pier
FALSE, 2083.3332,"beach",132.258,0.5333, 205, 205,beach
FALSE, 2083.3332,"boat", 37.506,0.2413, 205, 205,boat
TRUE, 2083.3332,"charter", 72.506,1.0266, 205, 205,charter
FALSE, 2083.3332,"pier",132.258,0.4522, 205, 205,pier
FALSE, 2916.6666,"beach", 69.498,0.2537, 206, 206,beach
TRUE, 2916.6666,"boat", 69.498,0.2339, 206, 206,boat
FALSE, 2916.6666,"charter", 87.998,0.6288, 206, 206,charter
FALSE, 2916.6666,"pier", 69.498,0.1498, 206, 206,pier
FALSE, 2916.6666,"beach", 69.498,0.1049, 207, 207,beach
TRUE, 2916.6666,"boat", 48.906,0.0023, 207, 207,boat
FALSE, 2916.6666,"charter", 72.906,0.0046, 207, 207,charter
FALSE, 2916.6666,"pier", 69.498,0.0451, 207, 207,pier
FALSE, 4583.3320,"beach", 70.448,0.1049, 208, 208,beach
TRUE, 4583.3320,"boat", 47.804,0.1574, 208, 208,boat
FALSE, 4583.3320,"charter", 71.804,0.4671, 208, 208,charter
FALSE, 4583.3320,"pier", 70.448,0.0451, 208, 208,pier
FALSE, 5416.6667,"beach",116.640,0.0678, 209, 209,beach
FALSE, 5416.6667,"boat",116.640,0.0276, 209, 209,boat
TRUE, 5416.6667,"charter",141.640,0.0029, 209, 209,charter
FALSE, 5416.6667,"pier",116.640,0.0503, 209, 209,pier
FALSE, 4583.3320,"beach", 47.804,0.0678, 210, 210,beach
FALSE, 4583.3320,"boat",100.640,0.0014, 210, 210,boat
FALSE, 4583.3320,"charter",129.640,0.0029, 210, 210,charter
TRUE, 4583.3320,"pier", 47.804,0.0789, 210, 210,pier
FALSE, 1249.9998,"beach", 80.608,0.5333, 211, 211,beach
FALSE, 1249.9998,"boat", 17.404,0.2413, 211, 211,boat
TRUE, 1249.9998,"charter", 52.404,1.0266, 211, 211,charter
FALSE, 1249.9998,"pier", 80.608,0.4522, 211, 211,pier
FALSE, 7916.6663,"beach",115.248,0.2537, 212, 212,beach
FALSE, 7916.6663,"boat",362.208,0.6817, 212, 212,boat
TRUE, 7916.6663,"charter",387.208,2.3014, 212, 212,charter
FALSE, 7916.6663,"pier",115.248,0.1498, 212, 212,pier
FALSE, 6250.0013,"beach",291.808,0.5333, 213, 213,beach
FALSE, 6250.0013,"boat", 63.004,0.0156, 213, 213,boat
TRUE, 6250.0013,"charter", 98.004,0.0058, 213, 213,charter
FALSE, 6250.0013,"pier",291.808,0.4522, 213, 213,pier
FALSE, 2916.6666,"beach", 32.604,0.0678, 214, 214,beach
FALSE, 2916.6666,"boat", 68.640,0.1643, 214, 214,boat
FALSE, 2916.6666,"charter", 97.640,0.5391, 214, 214,charter
TRUE, 2916.6666,"pier", 32.604,0.0789, 214, 214,pier
FALSE, 1249.9998,"beach", 36.640,0.0678, 215, 215,beach
FALSE, 1249.9998,"boat", 36.640,0.1491, 215, 215,boat
TRUE, 1249.9998,"charter", 61.640,0.2421, 215, 215,charter
FALSE, 1249.9998,"pier", 36.640,0.0052, 215, 215,pier
FALSE,  416.6667,"beach", 39.474,0.5333, 216, 216,beach
FALSE,  416.6667,"boat",  5.934,0.2413, 216, 216,boat
TRUE,  416.6667,"charter", 40.934,1.0266, 216, 216,charter
FALSE,  416.6667,"pier", 39.474,0.4522, 216, 216,pier
TRUE,12499.9980,"beach",120.004,0.0678, 217, 217,beach
FALSE,12499.9980,"boat",252.640,0.1643, 217, 217,boat
FALSE,12499.9980,"charter",281.640,0.5391, 217, 217,charter
FALSE,12499.9980,"pier",120.004,0.0789, 217, 217,pier
FALSE, 2083.3332,"beach",100.674,0.5333, 218, 218,beach
FALSE, 2083.3332,"boat", 15.134,0.0156, 218, 218,boat
TRUE, 2083.3332,"charter", 50.134,0.0058, 218, 218,charter
FALSE, 2083.3332,"pier",100.674,0.4522, 218, 218,pier
FALSE, 5416.6667,"beach",223.074,0.5333, 219, 219,beach
FALSE, 5416.6667,"boat", 33.534,0.0156, 219, 219,boat
TRUE, 5416.6667,"charter", 68.534,0.0058, 219, 219,charter
FALSE, 5416.6667,"pier",223.074,0.4522, 219, 219,pier
FALSE, 3749.9999,"beach",161.874,0.5333, 220, 220,beach
FALSE, 3749.9999,"boat", 24.334,0.0156, 220, 220,boat
TRUE, 3749.9999,"charter", 59.334,0.0058, 220, 220,charter
FALSE, 3749.9999,"pier",161.874,0.4522, 220, 220,pier
FALSE, 8750.0010,"beach",453.858,0.5333, 221, 221,beach
FALSE, 8750.0010,"boat",128.706,0.2413, 221, 221,boat
TRUE, 8750.0010,"charter",163.706,1.0266, 221, 221,charter
FALSE, 8750.0010,"pier",453.858,0.4522, 221, 221,pier
FALSE, 4583.3320,"beach",252.858,0.5333, 222, 222,beach
FALSE, 4583.3320,"boat", 71.706,0.0156, 222, 222,boat
TRUE, 4583.3320,"charter",106.706,0.0058, 222, 222,charter
FALSE, 4583.3320,"pier",252.858,0.4522, 222, 222,pier
FALSE,12499.9980,"beach",255.798,0.1049, 223, 223,beach
TRUE,12499.9980,"boat",180.006,0.1574, 223, 223,boat
FALSE,12499.9980,"charter",204.006,0.4671, 223, 223,charter
FALSE,12499.9980,"pier",255.798,0.0451, 223, 223,pier
FALSE, 4583.3320,"beach", 71.706,0.0678, 224, 224,beach
FALSE, 4583.3320,"boat",110.704,0.0971, 224, 224,boat
TRUE, 4583.3320,"charter",139.704,0.1648, 224, 224,charter
FALSE, 4583.3320,"pier", 71.706,0.0789, 224, 224,pier
FALSE, 1249.9998,"beach", 92.058,0.5333, 225, 225,beach
TRUE, 1249.9998,"boat", 26.106,0.2413, 225, 225,boat
FALSE, 1249.9998,"charter", 61.106,1.0266, 225, 225,charter
FALSE, 1249.9998,"pier", 92.058,0.4522, 225, 225,pier
FALSE, 5416.6667,"beach", 81.648,0.1049, 226, 226,beach
FALSE, 5416.6667,"boat", 55.404,0.1574, 226, 226,boat
TRUE, 5416.6667,"charter", 79.404,0.4671, 226, 226,charter
FALSE, 5416.6667,"pier", 81.648,0.0451, 226, 226,pier
FALSE, 4583.3320,"beach", 47.804,0.0678, 227, 227,beach
FALSE, 4583.3320,"boat",100.640,0.0014, 227, 227,boat
FALSE, 4583.3320,"charter",129.640,0.0029, 227, 227,charter
TRUE, 4583.3320,"pier", 47.804,0.0789, 227, 227,pier
FALSE, 4583.3320,"beach",221.408,0.5333, 228, 228,beach
FALSE, 4583.3320,"boat", 47.804,0.0361, 228, 228,boat
TRUE, 4583.3320,"charter", 82.804,0.4216, 228, 228,charter
FALSE, 4583.3320,"pier",221.408,0.0069, 228, 228,pier
FALSE, 1249.9998,"beach", 10.534,0.0678, 229, 229,beach
FALSE, 1249.9998,"boat", 15.114,0.0102, 229, 229,boat
TRUE, 1249.9998,"charter", 50.114,0.0209, 229, 229,charter
FALSE, 1249.9998,"pier", 10.534,0.0789, 229, 229,pier
FALSE, 2083.3332,"beach",  5.922,0.0678, 230, 230,beach
FALSE, 2083.3332,"boat",  5.922,0.2601, 230, 230,boat
FALSE, 2083.3332,"charter", 30.922,0.5391, 230, 230,charter
TRUE, 2083.3332,"pier",  5.922,0.0503, 230, 230,pier
FALSE, 4583.3320,"beach", 11.322,0.0678, 231, 231,beach
FALSE, 4583.3320,"boat", 11.322,0.0276, 231, 231,boat
FALSE, 4583.3320,"charter", 36.322,0.0029, 231, 231,charter
TRUE, 4583.3320,"pier", 11.322,0.0503, 231, 231,pier
FALSE, 4583.3320,"beach",  6.290,0.0678, 232, 232,beach
FALSE, 4583.3320,"boat",  6.290,0.1643, 232, 232,boat
FALSE, 4583.3320,"charter", 35.290,0.5391, 232, 232,charter
TRUE, 4583.3320,"pier",  6.290,0.0789, 232, 232,pier
FALSE, 3749.9999,"beach", 17.986,0.0678, 233, 233,beach
TRUE, 3749.9999,"boat", 17.986,0.0014, 233, 233,boat
FALSE, 3749.9999,"charter", 46.986,0.0029, 233, 233,charter
FALSE, 3749.9999,"pier", 17.986,0.0789, 233, 233,pier
FALSE, 3749.9999,"beach", 17.986,0.0678, 234, 234,beach
FALSE, 3749.9999,"boat", 17.986,0.0230, 234, 234,boat
TRUE, 3749.9999,"charter", 42.986,0.1648, 234, 234,charter
FALSE, 3749.9999,"pier", 17.986,0.0503, 234, 234,pier
FALSE, 3749.9999,"beach", 17.986,0.0678, 235, 235,beach
FALSE, 3749.9999,"boat", 17.986,0.1643, 235, 235,boat
TRUE, 3749.9999,"charter", 46.986,0.5391, 235, 235,charter
FALSE, 3749.9999,"pier", 17.986,0.0789, 235, 235,pier
FALSE,10416.6660,"beach", 45.186,0.0678, 236, 236,beach
TRUE,10416.6660,"boat", 45.186,0.2601, 236, 236,boat
FALSE,10416.6660,"charter", 70.186,0.5391, 236, 236,charter
FALSE,10416.6660,"pier", 45.186,0.0503, 236, 236,pier
TRUE, 4583.3320,"beach", 21.386,0.0678, 237, 237,beach
FALSE, 4583.3320,"boat", 21.386,0.1491, 237, 237,boat
FALSE, 4583.3320,"charter", 46.386,0.2421, 237, 237,charter
FALSE, 4583.3320,"pier", 21.386,0.0052, 237, 237,pier
TRUE, 3749.9999,"beach",  9.522,0.0678, 238, 238,beach
FALSE, 3749.9999,"boat",  9.522,0.2601, 238, 238,boat
FALSE, 3749.9999,"charter", 34.522,0.5391, 238, 238,charter
FALSE, 3749.9999,"pier",  9.522,0.0503, 238, 238,pier
FALSE, 3749.9999,"beach",316.342,0.5333, 239, 239,beach
TRUE, 3749.9999,"boat", 51.842,0.2413, 239, 239,boat
FALSE, 3749.9999,"charter", 86.842,1.0266, 239, 239,charter
FALSE, 3749.9999,"pier",316.342,0.4522, 239, 239,pier
FALSE, 2083.3332,"beach", 32.242,0.0678, 240, 240,beach
TRUE, 2083.3332,"boat",  5.922,0.0014, 240, 240,boat
FALSE, 2083.3332,"charter", 34.922,0.0029, 240, 240,charter
FALSE, 2083.3332,"pier", 32.242,0.0789, 240, 240,pier
FALSE, 3749.9999,"beach",  9.522,0.0678, 241, 241,beach
FALSE, 3749.9999,"boat",  9.522,0.0276, 241, 241,boat
FALSE, 3749.9999,"charter", 34.522,0.0029, 241, 241,charter
TRUE, 3749.9999,"pier",  9.522,0.0503, 241, 241,pier
FALSE, 4583.3320,"beach", 11.322,0.0678, 242, 242,beach
TRUE, 4583.3320,"boat", 11.322,0.0276, 242, 242,boat
FALSE, 4583.3320,"charter", 36.322,0.0029, 242, 242,charter
FALSE, 4583.3320,"pier", 11.322,0.0503, 242, 242,pier
TRUE, 3749.9999,"beach",  9.522,0.0678, 243, 243,beach
FALSE, 3749.9999,"boat",  9.522,0.0276, 243, 243,boat
FALSE, 3749.9999,"charter", 34.522,0.0029, 243, 243,charter
FALSE, 3749.9999,"pier",  9.522,0.0503, 243, 243,pier
TRUE, 5416.6667,"beach", 71.442,0.0678, 244, 244,beach
FALSE, 5416.6667,"boat", 13.122,0.1643, 244, 244,boat
FALSE, 5416.6667,"charter", 42.122,0.5391, 244, 244,charter
FALSE, 5416.6667,"pier", 71.442,0.0789, 244, 244,pier
FALSE, 5416.6667,"beach", 14.580,0.0678, 245, 245,beach
TRUE, 5416.6667,"boat", 14.580,0.2601, 245, 245,boat
FALSE, 5416.6667,"charter", 39.580,0.5391, 245, 245,charter
FALSE, 5416.6667,"pier", 14.580,0.0503, 245, 245,pier
FALSE, 2916.6666,"beach",  8.580,0.0678, 246, 246,beach
FALSE, 2916.6666,"boat",  8.580,0.1491, 246, 246,boat
TRUE, 2916.6666,"charter", 33.580,0.2421, 246, 246,charter
FALSE, 2916.6666,"pier",  8.580,0.0052, 246, 246,pier
FALSE, 4583.3320,"beach", 56.610,0.0678, 247, 247,beach
FALSE, 4583.3320,"boat", 12.580,0.0499, 247, 247,boat
TRUE, 4583.3320,"charter", 41.580,0.2421, 247, 247,charter
FALSE, 4583.3320,"pier", 56.610,0.0025, 247, 247,pier
FALSE, 7083.3317,"beach", 18.580,0.0678, 248, 248,beach
FALSE, 7083.3317,"boat", 18.580,0.2601, 248, 248,boat
TRUE, 7083.3317,"charter", 43.580,0.5391, 248, 248,charter
FALSE, 7083.3317,"pier", 18.580,0.0503, 248, 248,pier
FALSE, 2916.6666,"beach",  8.580,0.0678, 249, 249,beach
FALSE, 2916.6666,"boat",  8.580,0.2601, 249, 249,boat
FALSE, 2916.6666,"charter", 33.580,0.5391, 249, 249,charter
TRUE, 2916.6666,"pier",  8.580,0.0503, 249, 249,pier
FALSE, 8750.0010,"beach",359.022,0.2537, 250, 250,beach
TRUE, 8750.0010,"boat",666.110,0.0531, 250, 250,boat
FALSE, 8750.0010,"charter",691.110,0.0052, 250, 250,charter
FALSE, 8750.0010,"pier",359.022,0.1498, 250, 250,pier
FALSE, 2083.3332,"beach", 29.610,0.0678, 251, 251,beach
FALSE, 2083.3332,"boat",  6.580,0.0499, 251, 251,boat
TRUE, 2083.3332,"charter", 35.580,0.2421, 251, 251,charter
FALSE, 2083.3332,"pier", 29.610,0.0025, 251, 251,pier
FALSE, 1249.9998,"beach",135.110,0.5333, 252, 252,beach
TRUE, 1249.9998,"boat", 20.610,0.2413, 252, 252,boat
FALSE, 1249.9998,"charter", 55.610,1.0266, 252, 252,charter
FALSE, 1249.9998,"pier",135.110,0.4522, 252, 252,pier
FALSE, 1249.9998,"beach",  4.580,0.0678, 253, 253,beach
FALSE, 1249.9998,"boat",  4.580,0.0230, 253, 253,boat
TRUE, 1249.9998,"charter", 29.580,0.1648, 253, 253,charter
FALSE, 1249.9998,"pier",  4.580,0.0503, 253, 253,pier
FALSE, 2083.3332,"beach",  6.580,0.0678, 254, 254,beach
TRUE, 2083.3332,"boat",  6.580,0.0031, 254, 254,boat
FALSE, 2083.3332,"charter", 31.580,0.0041, 254, 254,charter
FALSE, 2083.3332,"pier",  6.580,0.0503, 254, 254,pier
FALSE, 7083.3317,"beach", 31.586,0.0678, 255, 255,beach
TRUE, 7083.3317,"boat", 31.586,0.1491, 255, 255,boat
FALSE, 7083.3317,"charter", 56.586,0.2421, 255, 255,charter
FALSE, 7083.3317,"pier", 31.586,0.0052, 255, 255,pier
FALSE, 5416.6667,"beach", 24.786,0.0678, 256, 256,beach
FALSE, 5416.6667,"boat", 24.786,0.1491, 256, 256,boat
TRUE, 5416.6667,"charter", 49.786,0.2421, 256, 256,charter
FALSE, 5416.6667,"pier", 24.786,0.0052, 256, 256,pier
FALSE, 2083.3332,"beach", 13.818,0.0678, 257, 257,beach
FALSE, 2083.3332,"boat", 13.818,0.0499, 257, 257,boat
FALSE, 2083.3332,"charter", 42.818,0.2421, 257, 257,charter
TRUE, 2083.3332,"pier", 13.818,0.0025, 257, 257,pier
FALSE, 5416.6667,"beach", 30.618,0.0678, 258, 258,beach
FALSE, 5416.6667,"boat", 30.618,0.1643, 258, 258,boat
TRUE, 5416.6667,"charter", 59.618,0.5391, 258, 258,charter
FALSE, 5416.6667,"pier", 30.618,0.0789, 258, 258,pier
FALSE, 2916.6666,"beach",214.500,0.5333, 259, 259,beach
TRUE, 2916.6666,"boat",  4.290,0.0051, 259, 259,boat
FALSE, 2916.6666,"charter", 39.290,1.0266, 259, 259,charter
FALSE, 2916.6666,"pier",214.500,0.4522, 259, 259,pier
FALSE, 3749.9999,"beach",264.500,0.5333, 260, 260,beach
TRUE, 3749.9999,"boat",  5.290,0.0156, 260, 260,boat
FALSE, 3749.9999,"charter", 40.290,0.0058, 260, 260,charter
FALSE, 3749.9999,"pier",264.500,0.4522, 260, 260,pier
FALSE, 2916.6666,"beach",  4.290,0.0678, 261, 261,beach
FALSE, 2916.6666,"boat",  4.290,0.0971, 261, 261,boat
TRUE, 2916.6666,"charter", 33.290,0.1648, 261, 261,charter
FALSE, 2916.6666,"pier",  4.290,0.0789, 261, 261,pier
TRUE, 1249.9998,"beach",  4.122,0.0678, 262, 262,beach
FALSE, 1249.9998,"boat",  4.122,0.2601, 262, 262,boat
FALSE, 1249.9998,"charter", 29.122,0.5391, 262, 262,charter
FALSE, 1249.9998,"pier",  4.122,0.0503, 262, 262,pier
FALSE, 2083.3332,"beach",  5.922,0.0678, 263, 263,beach
FALSE, 2083.3332,"boat",  5.922,0.0276, 263, 263,boat
FALSE, 2083.3332,"charter", 30.922,0.0029, 263, 263,charter
TRUE, 2083.3332,"pier",  5.922,0.0503, 263, 263,pier
TRUE, 5416.6667,"beach", 71.442,0.0678, 264, 264,beach
FALSE, 5416.6667,"boat", 13.122,0.0499, 264, 264,boat
FALSE, 5416.6667,"charter", 42.122,0.2421, 264, 264,charter
FALSE, 5416.6667,"pier", 71.442,0.0025, 264, 264,pier
FALSE, 2083.3332,"beach",  5.922,0.0678, 265, 265,beach
TRUE, 2083.3332,"boat",  5.922,0.0276, 265, 265,boat
FALSE, 2083.3332,"charter", 30.922,0.0029, 265, 265,charter
FALSE, 2083.3332,"pier",  5.922,0.0503, 265, 265,pier
FALSE, 3749.9999,"beach", 15.870,0.0678, 266, 266,beach
FALSE, 3749.9999,"boat", 15.870,0.0276, 266, 266,boat
FALSE, 3749.9999,"charter", 40.870,0.0029, 266, 266,charter
TRUE, 3749.9999,"pier", 15.870,0.0503, 266, 266,pier
FALSE,  416.6667,"beach",  6.450,0.0678, 267, 267,beach
TRUE,  416.6667,"boat",  3.870,0.0014, 267, 267,boat
FALSE,  416.6667,"charter", 32.870,0.0029, 267, 267,charter
FALSE,  416.6667,"pier",  6.450,0.0789, 267, 267,pier
FALSE, 4583.3320,"beach", 12.580,0.0678, 268, 268,beach
TRUE, 4583.3320,"boat", 12.580,0.0276, 268, 268,boat
FALSE, 4583.3320,"charter", 37.580,0.0029, 268, 268,charter
FALSE, 4583.3320,"pier", 12.580,0.0503, 268, 268,pier
FALSE, 2083.3332,"beach",  6.580,0.0678, 269, 269,beach
TRUE, 2083.3332,"boat",  6.580,0.1491, 269, 269,boat
FALSE, 2083.3332,"charter", 31.580,0.2421, 269, 269,charter
FALSE, 2083.3332,"pier",  6.580,0.0052, 269, 269,pier
FALSE, 2083.3332,"beach",  6.580,0.0678, 270, 270,beach
FALSE, 2083.3332,"boat",  6.580,0.2601, 270, 270,boat
FALSE, 2083.3332,"charter", 31.580,0.5391, 270, 270,charter
TRUE, 2083.3332,"pier",  6.580,0.0503, 270, 270,pier
FALSE, 2916.6666,"beach",  7.722,0.0678, 271, 271,beach
FALSE, 2916.6666,"boat",  7.722,0.0276, 271, 271,boat
TRUE, 2916.6666,"charter", 32.722,0.0029, 271, 271,charter
FALSE, 2916.6666,"pier",  7.722,0.0503, 271, 271,pier
FALSE, 2083.3332,"beach",164.500,0.5333, 272, 272,beach
TRUE, 2083.3332,"boat",  3.290,0.1665, 272, 272,boat
FALSE, 2083.3332,"charter", 38.290,0.3975, 272, 272,charter
FALSE, 2083.3332,"pier",164.500,0.4522, 272, 272,pier
FALSE, 3749.9999,"beach",  5.290,0.0678, 273, 273,beach
FALSE, 3749.9999,"boat",  5.290,0.0276, 273, 273,boat
TRUE, 3749.9999,"charter", 30.290,0.0029, 273, 273,charter
FALSE, 3749.9999,"pier",  5.290,0.0503, 273, 273,pier
FALSE, 2083.3332,"beach",  3.290,0.0678, 274, 274,beach
TRUE, 2083.3332,"boat",  3.290,0.0014, 274, 274,boat
FALSE, 2083.3332,"charter", 32.290,0.0029, 274, 274,charter
FALSE, 2083.3332,"pier",  3.290,0.0789, 274, 274,pier
FALSE, 3749.9999,"beach",  5.290,0.0678, 275, 275,beach
FALSE, 3749.9999,"boat",  5.290,0.0971, 275, 275,boat
TRUE, 3749.9999,"charter", 34.290,0.1648, 275, 275,charter
FALSE, 3749.9999,"pier",  5.290,0.0789, 275, 275,pier
FALSE, 1249.9998,"beach",  2.290,0.0678, 276, 276,beach
FALSE, 1249.9998,"boat",  2.290,0.0971, 276, 276,boat
FALSE, 1249.9998,"charter", 31.290,0.1648, 276, 276,charter
TRUE, 1249.9998,"pier",  2.290,0.0789, 276, 276,pier
FALSE, 3749.9999,"beach",264.500,0.5333, 277, 277,beach
TRUE, 3749.9999,"boat",  5.290,0.0051, 277, 277,boat
FALSE, 3749.9999,"charter", 40.290,1.0266, 277, 277,charter
FALSE, 3749.9999,"pier",264.500,0.4522, 277, 277,pier
FALSE, 5416.6667,"beach",  7.290,0.0678, 278, 278,beach
FALSE, 5416.6667,"boat",  7.290,0.0014, 278, 278,boat
TRUE, 5416.6667,"charter", 36.290,0.0029, 278, 278,charter
FALSE, 5416.6667,"pier",  7.290,0.0789, 278, 278,pier
TRUE,10416.6660,"beach", 13.290,0.0678, 279, 279,beach
FALSE,10416.6660,"boat", 13.290,0.1643, 279, 279,boat
FALSE,10416.6660,"charter", 42.290,0.0041, 279, 279,charter
FALSE,10416.6660,"pier", 13.290,0.0789, 279, 279,pier
FALSE, 2916.6666,"beach",214.500,0.5333, 280, 280,beach
FALSE, 2916.6666,"boat",  4.290,0.2413, 280, 280,boat
TRUE, 2916.6666,"charter", 39.290,1.0266, 280, 280,charter
FALSE, 2916.6666,"pier",214.500,0.4522, 280, 280,pier
FALSE, 2916.6666,"beach",  4.290,0.0678, 281, 281,beach
FALSE, 2916.6666,"boat",  4.290,0.0230, 281, 281,boat
TRUE, 2916.6666,"charter", 29.290,0.1648, 281, 281,charter
FALSE, 2916.6666,"pier",  4.290,0.0503, 281, 281,pier
FALSE, 5416.6667,"beach",166.212,0.1049, 282, 282,beach
FALSE, 5416.6667,"boat",  7.290,0.0613, 282, 282,boat
TRUE, 5416.6667,"charter", 31.290,0.3087, 282, 282,charter
FALSE, 5416.6667,"pier",166.212,0.0079, 282, 282,pier
FALSE, 4583.3320,"beach",  6.290,0.0678, 283, 283,beach
FALSE, 4583.3320,"boat",  6.290,0.0971, 283, 283,boat
TRUE, 4583.3320,"charter", 35.290,0.1648, 283, 283,charter
FALSE, 4583.3320,"pier",  6.290,0.0789, 283, 283,pier
FALSE, 6250.0013,"beach",189.012,0.1049, 284, 284,beach
TRUE, 6250.0013,"boat",  8.290,0.0613, 284, 284,boat
FALSE, 6250.0013,"charter", 32.290,0.3087, 284, 284,charter
FALSE, 6250.0013,"pier",189.012,0.0079, 284, 284,pier
FALSE, 2083.3332,"beach",164.500,0.5333, 285, 285,beach
FALSE, 2083.3332,"boat",  3.290,0.0361, 285, 285,boat
TRUE, 2083.3332,"charter", 38.290,0.4216, 285, 285,charter
FALSE, 2083.3332,"pier",164.500,0.0069, 285, 285,pier
FALSE, 2916.6666,"beach",  4.290,0.0678, 286, 286,beach
FALSE, 2916.6666,"boat",  4.290,0.0499, 286, 286,boat
TRUE, 2916.6666,"charter", 33.290,0.2421, 286, 286,charter
FALSE, 2916.6666,"pier",  4.290,0.0025, 286, 286,pier
FALSE, 1249.9998,"beach",114.500,0.5333, 287, 287,beach
FALSE, 1249.9998,"boat",  2.290,0.2413, 287, 287,boat
TRUE, 1249.9998,"charter", 37.290,1.0266, 287, 287,charter
FALSE, 1249.9998,"pier",114.500,0.4522, 287, 287,pier
FALSE, 1249.9998,"beach",  2.290,0.0678, 288, 288,beach
FALSE, 1249.9998,"boat",  2.290,0.1643, 288, 288,boat
FALSE, 1249.9998,"charter", 31.290,0.5391, 288, 288,charter
TRUE, 1249.9998,"pier",  2.290,0.0789, 288, 288,pier
FALSE, 2083.3332,"beach", 75.012,0.2537, 289, 289,beach
FALSE, 2083.3332,"boat", 75.012,0.0233, 289, 289,boat
FALSE, 2083.3332,"charter", 93.512,0.0219, 289, 289,charter
TRUE, 2083.3332,"pier", 75.012,0.1498, 289, 289,pier
FALSE, 2916.6666,"beach",  4.290,0.0678, 290, 290,beach
FALSE, 2916.6666,"boat",  4.290,0.1643, 290, 290,boat
FALSE, 2916.6666,"charter", 33.290,0.5391, 290, 290,charter
TRUE, 2916.6666,"pier",  4.290,0.0789, 290, 290,pier
FALSE, 2916.6666,"beach",214.500,0.5333, 291, 291,beach
TRUE, 2916.6666,"boat",  4.290,0.0051, 291, 291,boat
FALSE, 2916.6666,"charter", 39.290,1.0266, 291, 291,charter
FALSE, 2916.6666,"pier",214.500,0.4522, 291, 291,pier
FALSE, 2083.3332,"beach", 75.012,0.1049, 292, 292,beach
TRUE, 2083.3332,"boat",  3.290,0.1574, 292, 292,boat
FALSE, 2083.3332,"charter", 27.290,0.4671, 292, 292,charter
FALSE, 2083.3332,"pier", 75.012,0.0451, 292, 292,pier
FALSE, 1249.9998,"beach", 11.450,0.0678, 293, 293,beach
FALSE, 1249.9998,"boat",  6.870,0.0971, 293, 293,boat
TRUE, 1249.9998,"charter", 35.870,0.1648, 293, 293,charter
FALSE, 1249.9998,"pier", 11.450,0.0789, 293, 293,pier
FALSE, 4583.3320,"beach", 31.450,0.0678, 294, 294,beach
FALSE, 4583.3320,"boat", 18.870,0.1643, 294, 294,boat
TRUE, 4583.3320,"charter", 47.870,0.5391, 294, 294,charter
FALSE, 4583.3320,"pier", 31.450,0.0789, 294, 294,pier
FALSE, 8750.0010,"beach", 33.870,0.0678, 295, 295,beach
FALSE, 8750.0010,"boat", 33.870,0.2601, 295, 295,boat
TRUE, 8750.0010,"charter", 58.870,0.5391, 295, 295,charter
FALSE, 8750.0010,"pier", 33.870,0.0503, 295, 295,pier
FALSE,12499.9980,"beach",843.186,0.5333, 296, 296,beach
TRUE,12499.9980,"boat", 53.686,0.2413, 296, 296,boat
FALSE,12499.9980,"charter", 88.686,1.0266, 296, 296,charter
FALSE,12499.9980,"pier",843.186,0.4522, 296, 296,pier
FALSE, 5416.6667,"beach",364.500,0.5333, 297, 297,beach
FALSE, 5416.6667,"boat",  7.290,0.0051, 297, 297,boat
TRUE, 5416.6667,"charter", 42.290,1.0266, 297, 297,charter
FALSE, 5416.6667,"pier",364.500,0.4522, 297, 297,pier
FALSE, 4583.3320,"beach",314.500,0.5333, 298, 298,beach
FALSE, 4583.3320,"boat",  6.290,0.2413, 298, 298,boat
TRUE, 4583.3320,"charter", 41.290,1.0266, 298, 298,charter
FALSE, 4583.3320,"pier",314.500,0.4522, 298, 298,pier
FALSE, 3749.9999,"beach",  5.290,0.0678, 299, 299,beach
FALSE, 3749.9999,"boat",  5.290,0.0230, 299, 299,boat
TRUE, 3749.9999,"charter", 30.290,0.1648, 299, 299,charter
FALSE, 3749.9999,"pier",  5.290,0.0503, 299, 299,pier
FALSE, 3749.9999,"beach",264.500,0.5333, 300, 300,beach
TRUE, 3749.9999,"boat",  5.290,0.2413, 300, 300,boat
FALSE, 3749.9999,"charter", 40.290,1.0266, 300, 300,charter
FALSE, 3749.9999,"pier",264.500,0.4522, 300, 300,pier
FALSE, 5416.6667,"beach",  7.290,0.0678, 301, 301,beach
FALSE, 5416.6667,"boat",  7.290,0.0971, 301, 301,boat
TRUE, 5416.6667,"charter", 36.290,0.1648, 301, 301,charter
FALSE, 5416.6667,"pier",  7.290,0.0789, 301, 301,pier
FALSE, 2916.6666,"beach", 97.812,0.1049, 302, 302,beach
TRUE, 2916.6666,"boat",  4.290,0.0023, 302, 302,boat
FALSE, 2916.6666,"charter", 28.290,0.0046, 302, 302,charter
FALSE, 2916.6666,"pier", 97.812,0.0451, 302, 302,pier
FALSE, 2083.3332,"beach",  3.290,0.0678, 303, 303,beach
FALSE, 2083.3332,"boat",  3.290,0.0276, 303, 303,boat
FALSE, 2083.3332,"charter", 28.290,0.0029, 303, 303,charter
TRUE, 2083.3332,"pier",  3.290,0.0503, 303, 303,pier
TRUE, 6250.0013,"beach",  8.290,0.0678, 304, 304,beach
FALSE, 6250.0013,"boat",  8.290,0.2601, 304, 304,boat
FALSE, 6250.0013,"charter", 33.290,0.5391, 304, 304,charter
FALSE, 6250.0013,"pier",  8.290,0.0503, 304, 304,pier
FALSE, 3749.9999,"beach", 10.580,0.0678, 305, 305,beach
FALSE, 3749.9999,"boat", 10.580,0.0276, 305, 305,boat
TRUE, 3749.9999,"charter", 35.580,0.0029, 305, 305,charter
FALSE, 3749.9999,"pier", 10.580,0.0503, 305, 305,pier
TRUE, 2083.3332,"beach", 11.186,0.0678, 306, 306,beach
FALSE, 2083.3332,"boat", 11.186,0.2601, 306, 306,boat
FALSE, 2083.3332,"charter", 36.186,0.5391, 306, 306,charter
FALSE, 2083.3332,"pier", 11.186,0.0503, 306, 306,pier
TRUE, 8750.0010,"beach", 38.386,0.0678, 307, 307,beach
FALSE, 8750.0010,"boat", 38.386,0.2601, 307, 307,boat
FALSE, 8750.0010,"charter", 63.386,0.5391, 307, 307,charter
FALSE, 8750.0010,"pier", 38.386,0.0503, 307, 307,pier
FALSE, 2916.6666,"beach",  8.580,0.0678, 308, 308,beach
TRUE, 2916.6666,"boat",  8.580,0.0276, 308, 308,boat
FALSE, 2916.6666,"charter", 33.580,0.0029, 308, 308,charter
FALSE, 2916.6666,"pier",  8.580,0.0503, 308, 308,pier
FALSE, 2916.6666,"beach", 38.610,0.0678, 309, 309,beach
FALSE, 2916.6666,"boat",  8.580,0.0499, 309, 309,boat
TRUE, 2916.6666,"charter", 37.580,0.2421, 309, 309,charter
FALSE, 2916.6666,"pier", 38.610,0.0025, 309, 309,pier
FALSE, 2916.6666,"beach",  4.290,0.0678, 310, 310,beach
FALSE, 2916.6666,"boat",  4.290,0.2601, 310, 310,boat
TRUE, 2916.6666,"charter", 29.290,0.5391, 310, 310,charter
FALSE, 2916.6666,"pier",  4.290,0.0503, 310, 310,pier
FALSE, 2916.6666,"beach",  4.290,0.0678, 311, 311,beach
TRUE, 2916.6666,"boat",  4.290,0.0276, 311, 311,boat
FALSE, 2916.6666,"charter", 29.290,0.0029, 311, 311,charter
FALSE, 2916.6666,"pier",  4.290,0.0503, 311, 311,pier
FALSE, 2083.3332,"beach", 75.012,0.1049, 312, 312,beach
FALSE, 2083.3332,"boat",  3.290,0.0023, 312, 312,boat
TRUE, 2083.3332,"charter", 27.290,0.0046, 312, 312,charter
FALSE, 2083.3332,"pier", 75.012,0.0451, 312, 312,pier
FALSE, 2916.6666,"beach",214.500,0.5333, 313, 313,beach
TRUE, 2916.6666,"boat",  4.290,0.0051, 313, 313,boat
FALSE, 2916.6666,"charter", 39.290,1.0266, 313, 313,charter
FALSE, 2916.6666,"pier",214.500,0.4522, 313, 313,pier
FALSE, 3749.9999,"beach",  5.290,0.0678, 314, 314,beach
TRUE, 3749.9999,"boat",  5.290,0.0276, 314, 314,boat
FALSE, 3749.9999,"charter", 30.290,0.0029, 314, 314,charter
FALSE, 3749.9999,"pier",  5.290,0.0503, 314, 314,pier
FALSE, 4583.3320,"beach",143.412,0.1049, 315, 315,beach
FALSE, 4583.3320,"boat",  6.290,0.1574, 315, 315,boat
TRUE, 4583.3320,"charter", 30.290,0.4671, 315, 315,charter
FALSE, 4583.3320,"pier",143.412,0.0451, 315, 315,pier
FALSE, 2916.6666,"beach",  4.290,0.0678, 316, 316,beach
FALSE, 2916.6666,"boat",  4.290,0.1491, 316, 316,boat
TRUE, 2916.6666,"charter", 29.290,0.2421, 316, 316,charter
FALSE, 2916.6666,"pier",  4.290,0.0052, 316, 316,pier
FALSE, 4583.3320,"beach",  6.290,0.0678, 317, 317,beach
FALSE, 4583.3320,"boat",  6.290,0.1643, 317, 317,boat
TRUE, 4583.3320,"charter", 35.290,0.5391, 317, 317,charter
FALSE, 4583.3320,"pier",  6.290,0.0789, 317, 317,pier
FALSE, 4583.3320,"beach",  6.290,0.0678, 318, 318,beach
TRUE, 4583.3320,"boat",  6.290,0.2601, 318, 318,boat
FALSE, 4583.3320,"charter", 31.290,0.5391, 318, 318,charter
FALSE, 4583.3320,"pier",  6.290,0.0503, 318, 318,pier
FALSE, 2916.6666,"beach",  4.290,0.0678, 319, 319,beach
FALSE, 2916.6666,"boat",  4.290,0.0276, 319, 319,boat
TRUE, 2916.6666,"charter", 29.290,0.0029, 319, 319,charter
FALSE, 2916.6666,"pier",  4.290,0.0503, 319, 319,pier
FALSE, 2083.3332,"beach",  3.290,0.0678, 320, 320,beach
FALSE, 2083.3332,"boat",  3.290,0.1491, 320, 320,boat
FALSE, 2083.3332,"charter", 28.290,0.2421, 320, 320,charter
TRUE, 2083.3332,"pier",  3.290,0.0052, 320, 320,pier
FALSE, 2083.3332,"beach", 26.320,0.0678, 321, 321,beach
FALSE, 2083.3332,"boat",  3.290,0.1643, 321, 321,boat
TRUE, 2083.3332,"charter", 32.290,0.0041, 321, 321,charter
FALSE, 2083.3332,"pier", 26.320,0.0789, 321, 321,pier
FALSE, 2916.6666,"beach",  4.290,0.0678, 322, 322,beach
FALSE, 2916.6666,"boat",  4.290,0.2601, 322, 322,boat
FALSE, 2916.6666,"charter", 29.290,0.5391, 322, 322,charter
TRUE, 2916.6666,"pier",  4.290,0.0503, 322, 322,pier
FALSE, 1249.9998,"beach",  2.290,0.0678, 323, 323,beach
FALSE, 1249.9998,"boat",  2.290,0.2601, 323, 323,boat
FALSE, 1249.9998,"charter", 27.290,0.5391, 323, 323,charter
TRUE, 1249.9998,"pier",  2.290,0.0503, 323, 323,pier
FALSE, 1249.9998,"beach",  2.290,0.0678, 324, 324,beach
FALSE, 1249.9998,"boat",  2.290,0.2601, 324, 324,boat
FALSE, 1249.9998,"charter", 27.290,0.5391, 324, 324,charter
TRUE, 1249.9998,"pier",  2.290,0.0503, 324, 324,pier
TRUE, 2916.6666,"beach",  4.290,0.0678, 325, 325,beach
FALSE, 2916.6666,"boat",  4.290,0.2601, 325, 325,boat
FALSE, 2916.6666,"charter", 29.290,0.5391, 325, 325,charter
FALSE, 2916.6666,"pier",  4.290,0.0503, 325, 325,pier
FALSE, 6250.0013,"beach",  8.290,0.0678, 326, 326,beach
TRUE, 6250.0013,"boat",  8.290,0.2601, 326, 326,boat
FALSE, 6250.0013,"charter", 33.290,0.5391, 326, 326,charter
FALSE, 6250.0013,"pier",  8.290,0.0503, 326, 326,pier
FALSE, 5416.6667,"beach",  7.290,0.0678, 327, 327,beach
TRUE, 5416.6667,"boat",  7.290,0.2601, 327, 327,boat
FALSE, 5416.6667,"charter", 32.290,0.5391, 327, 327,charter
FALSE, 5416.6667,"pier",  7.290,0.0503, 327, 327,pier
FALSE,10416.6660,"beach", 13.290,0.0678, 328, 328,beach
FALSE,10416.6660,"boat", 13.290,0.2601, 328, 328,boat
FALSE,10416.6660,"charter", 38.290,0.5391, 328, 328,charter
TRUE,10416.6660,"pier", 13.290,0.0503, 328, 328,pier
FALSE, 2083.3332,"beach",  3.290,0.0678, 329, 329,beach
TRUE, 2083.3332,"boat",  3.290,0.0230, 329, 329,boat
FALSE, 2083.3332,"charter", 28.290,0.1648, 329, 329,charter
FALSE, 2083.3332,"pier",  3.290,0.0503, 329, 329,pier
FALSE, 4583.3320,"beach",  6.290,0.0678, 330, 330,beach
TRUE, 4583.3320,"boat",  6.290,0.1491, 330, 330,boat
FALSE, 4583.3320,"charter", 31.290,0.2421, 330, 330,charter
FALSE, 4583.3320,"pier",  6.290,0.0052, 330, 330,pier
FALSE, 2083.3332,"beach", 26.320,0.0678, 331, 331,beach
FALSE, 2083.3332,"boat",  3.290,0.0971, 331, 331,boat
TRUE, 2083.3332,"charter", 32.290,0.1648, 331, 331,charter
FALSE, 2083.3332,"pier", 26.320,0.0789, 331, 331,pier
FALSE, 2916.6666,"beach",  4.290,0.0678, 332, 332,beach
TRUE, 2916.6666,"boat",  4.290,0.0276, 332, 332,boat
FALSE, 2916.6666,"charter", 29.290,0.0029, 332, 332,charter
FALSE, 2916.6666,"pier",  4.290,0.0503, 332, 332,pier
FALSE, 4583.3320,"beach",  6.290,0.0678, 333, 333,beach
TRUE, 4583.3320,"boat",  6.290,0.0276, 333, 333,boat
FALSE, 4583.3320,"charter", 31.290,0.0029, 333, 333,charter
FALSE, 4583.3320,"pier",  6.290,0.0503, 333, 333,pier
FALSE, 6250.0013,"beach", 74.610,0.0678, 334, 334,beach
FALSE, 6250.0013,"boat", 16.580,0.0499, 334, 334,boat
TRUE, 6250.0013,"charter", 45.580,0.2421, 334, 334,charter
FALSE, 6250.0013,"pier", 74.610,0.0025, 334, 334,pier
FALSE, 2916.6666,"beach",  4.290,0.0678, 335, 335,beach
FALSE, 2916.6666,"boat",  4.290,0.2601, 335, 335,boat
FALSE, 2916.6666,"charter", 29.290,0.5391, 335, 335,charter
TRUE, 2916.6666,"pier",  4.290,0.0503, 335, 335,pier
FALSE, 4583.3320,"beach",  6.290,0.0678, 336, 336,beach
FALSE, 4583.3320,"boat",  6.290,0.2601, 336, 336,boat
TRUE, 4583.3320,"charter", 31.290,0.5391, 336, 336,charter
FALSE, 4583.3320,"pier",  6.290,0.0503, 336, 336,pier
TRUE, 1249.9998,"beach",  2.290,0.0678, 337, 337,beach
FALSE, 1249.9998,"boat",  2.290,0.0276, 337, 337,boat
FALSE, 1249.9998,"charter", 27.290,0.0029, 337, 337,charter
FALSE, 1249.9998,"pier",  2.290,0.0503, 337, 337,pier
FALSE, 3749.9999,"beach",  5.290,0.0678, 338, 338,beach
FALSE, 3749.9999,"boat",  5.290,0.0276, 338, 338,boat
FALSE, 3749.9999,"charter", 30.290,0.0029, 338, 338,charter
TRUE, 3749.9999,"pier",  5.290,0.0503, 338, 338,pier
FALSE, 2083.3332,"beach",  3.290,0.0678, 339, 339,beach
TRUE, 2083.3332,"boat",  3.290,0.0276, 339, 339,boat
FALSE, 2083.3332,"charter", 28.290,0.0029, 339, 339,charter
FALSE, 2083.3332,"pier",  3.290,0.0503, 339, 339,pier
FALSE, 1249.9998,"beach",  2.290,0.0678, 340, 340,beach
TRUE, 1249.9998,"boat",  2.290,0.0276, 340, 340,boat
FALSE, 1249.9998,"charter", 27.290,0.0029, 340, 340,charter
FALSE, 1249.9998,"pier",  2.290,0.0503, 340, 340,pier
FALSE, 2916.6666,"beach", 34.320,0.0678, 341, 341,beach
TRUE, 2916.6666,"boat",  4.290,0.0014, 341, 341,boat
FALSE, 2916.6666,"charter", 33.290,0.0029, 341, 341,charter
FALSE, 2916.6666,"pier", 34.320,0.0789, 341, 341,pier
FALSE, 4583.3320,"beach",  6.290,0.0678, 342, 342,beach
FALSE, 4583.3320,"boat",  6.290,0.0276, 342, 342,boat
TRUE, 4583.3320,"charter", 31.290,0.0029, 342, 342,charter
FALSE, 4583.3320,"pier",  6.290,0.0503, 342, 342,pier
FALSE, 7083.3317,"beach",  9.290,0.0678, 343, 343,beach
TRUE, 7083.3317,"boat",  9.290,0.2601, 343, 343,boat
FALSE, 7083.3317,"charter", 34.290,0.5391, 343, 343,charter
FALSE, 7083.3317,"pier",  9.290,0.0503, 343, 343,pier
TRUE, 3749.9999,"beach",306.820,0.5333, 344, 344,beach
FALSE, 3749.9999,"boat", 42.320,0.2413, 344, 344,boat
FALSE, 3749.9999,"charter", 77.320,1.0266, 344, 344,charter
FALSE, 3749.9999,"pier",306.820,0.4522, 344, 344,pier
FALSE, 5416.6667,"beach", 65.610,0.0678, 345, 345,beach
TRUE, 5416.6667,"boat",231.822,0.0897, 345, 345,boat
FALSE, 5416.6667,"charter",266.822,1.0905, 345, 345,charter
FALSE, 5416.6667,"pier", 65.610,0.0789, 345, 345,pier
FALSE, 6250.0013,"beach",  8.290,0.0678, 346, 346,beach
TRUE, 6250.0013,"boat",  8.290,0.0276, 346, 346,boat
FALSE, 6250.0013,"charter", 33.290,0.0029, 346, 346,charter
FALSE, 6250.0013,"pier",  8.290,0.0503, 346, 346,pier
FALSE, 2916.6666,"beach",132.132,0.1049, 347, 347,beach
FALSE, 2916.6666,"boat", 34.320,0.0613, 347, 347,boat
TRUE, 2916.6666,"charter", 58.320,0.3087, 347, 347,charter
FALSE, 2916.6666,"pier",132.132,0.0079, 347, 347,pier
FALSE, 2083.3332,"beach", 26.320,0.0678, 348, 348,beach
FALSE, 2083.3332,"boat",  3.290,0.0014, 348, 348,boat
TRUE, 2083.3332,"charter", 32.290,0.0029, 348, 348,charter
FALSE, 2083.3332,"pier", 26.320,0.0789, 348, 348,pier
FALSE, 5416.6667,"beach",  7.290,0.0678, 349, 349,beach
FALSE, 5416.6667,"boat",  7.290,0.2601, 349, 349,boat
TRUE, 5416.6667,"charter", 32.290,0.5391, 349, 349,charter
FALSE, 5416.6667,"pier",  7.290,0.0503, 349, 349,pier
FALSE, 7916.6663,"beach", 51.450,0.0678, 350, 350,beach
TRUE, 7916.6663,"boat", 30.870,0.1643, 350, 350,boat
FALSE, 7916.6663,"charter", 59.870,0.5391, 350, 350,charter
FALSE, 7916.6663,"pier", 51.450,0.0789, 350, 350,pier
FALSE, 7916.6663,"beach", 30.870,0.0678, 351, 351,beach
TRUE, 7916.6663,"boat", 30.870,0.2601, 351, 351,boat
FALSE, 7916.6663,"charter", 55.870,0.5391, 351, 351,charter
FALSE, 7916.6663,"pier", 30.870,0.0503, 351, 351,pier
FALSE, 2916.6666,"beach", 12.870,0.0678, 352, 352,beach
TRUE, 2916.6666,"boat", 12.870,0.0276, 352, 352,boat
FALSE, 2916.6666,"charter", 37.870,0.0029, 352, 352,charter
FALSE, 2916.6666,"pier", 12.870,0.0503, 352, 352,pier
FALSE, 5416.6667,"beach", 21.870,0.0678, 353, 353,beach
FALSE, 5416.6667,"boat", 21.870,0.0230, 353, 353,boat
TRUE, 5416.6667,"charter", 46.870,0.1648, 353, 353,charter
FALSE, 5416.6667,"pier", 21.870,0.0503, 353, 353,pier
TRUE, 5416.6667,"beach", 24.786,0.0678, 354, 354,beach
FALSE, 5416.6667,"boat", 24.786,0.2601, 354, 354,boat
FALSE, 5416.6667,"charter", 49.786,0.5391, 354, 354,charter
FALSE, 5416.6667,"pier", 24.786,0.0503, 354, 354,pier
FALSE, 4583.3320,"beach", 21.386,0.0678, 355, 355,beach
FALSE, 4583.3320,"boat", 21.386,0.1643, 355, 355,boat
TRUE, 4583.3320,"charter", 50.386,0.5391, 355, 355,charter
FALSE, 4583.3320,"pier", 21.386,0.0789, 355, 355,pier
FALSE, 6250.0013,"beach",455.950,0.5333, 356, 356,beach
FALSE, 6250.0013,"boat", 41.450,0.0361, 356, 356,boat
TRUE, 6250.0013,"charter", 76.450,0.4216, 356, 356,charter
FALSE, 6250.0013,"pier",455.950,0.0069, 356, 356,pier
FALSE, 2916.6666,"beach", 12.870,0.0678, 357, 357,beach
TRUE, 2916.6666,"boat", 12.870,0.2601, 357, 357,boat
FALSE, 2916.6666,"charter", 37.870,0.5391, 357, 357,charter
FALSE, 2916.6666,"pier", 12.870,0.0503, 357, 357,pier
FALSE, 2916.6666,"beach",119.262,0.2537, 358, 358,beach
FALSE, 2916.6666,"boat",235.950,0.0531, 358, 358,boat
TRUE, 2916.6666,"charter",260.950,0.0052, 358, 358,charter
FALSE, 2916.6666,"pier",119.262,0.1498, 358, 358,pier
FALSE, 3749.9999,"beach", 15.870,0.0678, 359, 359,beach
TRUE, 3749.9999,"boat", 15.870,0.2601, 359, 359,boat
FALSE, 3749.9999,"charter", 40.870,0.5391, 359, 359,charter
FALSE, 3749.9999,"pier", 15.870,0.0503, 359, 359,pier
FALSE, 6250.0013,"beach", 24.870,0.0678, 360, 360,beach
TRUE, 6250.0013,"boat", 24.870,0.2601, 360, 360,boat
FALSE, 6250.0013,"charter", 49.870,0.5391, 360, 360,charter
FALSE, 6250.0013,"pier", 24.870,0.0503, 360, 360,pier
FALSE, 7083.3317,"beach", 46.450,0.0678, 361, 361,beach
FALSE, 7083.3317,"boat", 27.870,0.1643, 361, 361,boat
TRUE, 7083.3317,"charter", 56.870,0.0041, 361, 361,charter
FALSE, 7083.3317,"pier", 46.450,0.0789, 361, 361,pier
TRUE, 1249.9998,"beach",  4.122,0.0678, 362, 362,beach
FALSE, 1249.9998,"boat",  4.122,0.2601, 362, 362,boat
FALSE, 1249.9998,"charter", 29.122,0.5391, 362, 362,charter
FALSE, 1249.9998,"pier",  4.122,0.0503, 362, 362,pier
FALSE, 1249.9998,"beach",  4.122,0.0678, 363, 363,beach
FALSE, 1249.9998,"boat",  4.122,0.2601, 363, 363,boat
FALSE, 1249.9998,"charter", 29.122,0.5391, 363, 363,charter
TRUE, 1249.9998,"pier",  4.122,0.0503, 363, 363,pier
FALSE, 4583.3320,"beach",130.832,0.0678, 364, 364,beach
TRUE, 4583.3320,"boat",130.832,0.2601, 364, 364,boat
FALSE, 4583.3320,"charter",155.832,0.5391, 364, 364,charter
FALSE, 4583.3320,"pier",130.832,0.0503, 364, 364,pier
FALSE, 3749.9999,"beach",119.554,0.1049, 365, 365,beach
TRUE, 3749.9999,"boat", 73.002,0.0238, 365, 365,boat
FALSE, 3749.9999,"charter", 97.002,0.0468, 365, 365,charter
FALSE, 3749.9999,"pier",119.554,0.0451, 365, 365,pier
FALSE, 2083.3332,"beach", 45.402,0.0678, 366, 366,beach
TRUE, 2083.3332,"boat", 74.354,0.0897, 366, 366,boat
FALSE, 2083.3332,"charter",109.354,1.0905, 366, 366,charter
FALSE, 2083.3332,"pier", 45.402,0.0789, 366, 366,pier
FALSE, 2083.3332,"beach", 45.402,0.0678, 367, 367,beach
FALSE, 2083.3332,"boat", 74.354,0.0559, 367, 367,boat
TRUE, 2083.3332,"charter",109.354,0.6456, 367, 367,charter
FALSE, 2083.3332,"pier", 45.402,0.0789, 367, 367,pier
FALSE, 3749.9999,"beach",119.554,0.1049, 368, 368,beach
TRUE, 3749.9999,"boat", 73.002,0.1574, 368, 368,boat
FALSE, 3749.9999,"charter", 97.002,0.4671, 368, 368,charter
FALSE, 3749.9999,"pier",119.554,0.0451, 368, 368,pier
FALSE, 1249.9998,"beach", 31.602,0.0678, 369, 369,beach
FALSE, 1249.9998,"boat", 51.754,0.0102, 369, 369,boat
TRUE, 1249.9998,"charter", 86.754,0.0209, 369, 369,charter
FALSE, 1249.9998,"pier", 31.602,0.0789, 369, 369,pier
FALSE, 1249.9998,"beach",106.714,0.5333, 370, 370,beach
FALSE, 1249.9998,"boat", 31.602,0.0361, 370, 370,boat
TRUE, 1249.9998,"charter", 66.602,0.4216, 370, 370,charter
FALSE, 1249.9998,"pier",106.714,0.0069, 370, 370,pier
TRUE, 1249.9998,"beach", 37.098,0.0678, 371, 371,beach
FALSE, 1249.9998,"boat", 37.098,0.1643, 371, 371,boat
FALSE, 1249.9998,"charter", 66.098,0.5391, 371, 371,charter
FALSE, 1249.9998,"pier", 37.098,0.0789, 371, 371,pier
FALSE,  416.6667,"beach", 20.898,0.0678, 372, 372,beach
FALSE,  416.6667,"boat", 20.898,0.1643, 372, 372,boat
FALSE,  416.6667,"charter", 49.898,0.5391, 372, 372,charter
TRUE,  416.6667,"pier", 20.898,0.0789, 372, 372,pier
FALSE, 5416.6667,"beach",393.660,0.5333, 373, 373,beach
FALSE, 5416.6667,"boat",154.548,0.0156, 373, 373,boat
TRUE, 5416.6667,"charter",189.548,0.0058, 373, 373,charter
FALSE, 5416.6667,"pier",393.660,0.4522, 373, 373,pier
FALSE, 2083.3332,"beach",177.660,0.5333, 374, 374,beach
FALSE, 2083.3332,"boat", 69.748,0.0361, 374, 374,boat
TRUE, 2083.3332,"charter",104.748,0.4216, 374, 374,charter
FALSE, 2083.3332,"pier",177.660,0.0069, 374, 374,pier
FALSE,  416.6667,"beach", 26.832,0.0678, 375, 375,beach
FALSE,  416.6667,"boat", 26.832,0.1491, 375, 375,boat
TRUE,  416.6667,"charter", 51.832,0.2421, 375, 375,charter
FALSE,  416.6667,"pier", 26.832,0.0052, 375, 375,pier
FALSE, 3749.9999,"beach",110.032,0.0678, 376, 376,beach
FALSE, 3749.9999,"boat",110.032,0.2601, 376, 376,boat
TRUE, 3749.9999,"charter",135.032,0.5391, 376, 376,charter
FALSE, 3749.9999,"pier",110.032,0.0503, 376, 376,pier
FALSE, 5416.6667,"beach",151.632,0.0678, 377, 377,beach
TRUE, 5416.6667,"boat",236.196,0.0102, 377, 377,boat
FALSE, 5416.6667,"charter",271.196,0.0209, 377, 377,charter
FALSE, 5416.6667,"pier",151.632,0.0789, 377, 377,pier
FALSE,12499.9980,"beach",511.596,0.1049, 378, 378,beach
TRUE,12499.9980,"boat",328.432,0.0023, 378, 378,boat
FALSE,12499.9980,"charter",352.432,0.0046, 378, 378,charter
FALSE,12499.9980,"pier",511.596,0.0451, 378, 378,pier
FALSE, 4583.3320,"beach",353.498,0.5333, 379, 379,beach
FALSE, 4583.3320,"boat",130.832,0.2413, 379, 379,boat
TRUE, 4583.3320,"charter",165.832,1.0266, 379, 379,charter
FALSE, 4583.3320,"pier",353.498,0.4522, 379, 379,pier
FALSE, 2083.3332,"beach", 68.432,0.0678, 380, 380,beach
TRUE, 2083.3332,"boat",106.596,0.0559, 380, 380,boat
FALSE, 2083.3332,"charter",141.596,0.6456, 380, 380,charter
FALSE, 2083.3332,"pier", 68.432,0.0789, 380, 380,pier
FALSE, 2916.6666,"beach", 90.948,0.0678, 381, 381,beach
FALSE, 2916.6666,"boat", 90.948,0.0014, 381, 381,boat
FALSE, 2916.6666,"charter",119.948,0.0029, 381, 381,charter
TRUE, 2916.6666,"pier", 90.948,0.0789, 381, 381,pier
FALSE, 2916.6666,"beach",132.990,0.1049, 382, 382,beach
TRUE, 2916.6666,"boat", 90.948,0.0023, 382, 382,boat
FALSE, 2916.6666,"charter",114.948,0.0046, 382, 382,charter
FALSE, 2916.6666,"pier",132.990,0.0451, 382, 382,pier
FALSE, 2916.6666,"beach", 90.948,0.0678, 383, 383,beach
FALSE, 2916.6666,"boat",132.990,0.0732, 383, 383,boat
TRUE, 2916.6666,"charter",162.490,0.1726, 383, 383,charter
FALSE, 2916.6666,"pier", 90.948,0.0052, 383, 383,pier
FALSE,  416.6667,"beach", 65.016,0.5333, 384, 384,beach
FALSE,  416.6667,"boat", 26.574,0.2413, 384, 384,boat
TRUE,  416.6667,"charter", 61.574,1.0266, 384, 384,charter
FALSE,  416.6667,"pier", 65.016,0.4522, 384, 384,pier
FALSE, 2916.6666,"beach",216.216,0.5333, 385, 385,beach
FALSE, 2916.6666,"boat", 88.374,0.0156, 385, 385,boat
TRUE, 2916.6666,"charter",123.374,0.0058, 385, 385,charter
FALSE, 2916.6666,"pier",216.216,0.4522, 385, 385,pier
FALSE, 5416.6667,"beach",319.302,0.1049, 386, 386,beach
TRUE, 5416.6667,"boat",247.860,0.0613, 386, 386,boat
FALSE, 5416.6667,"charter",271.860,0.3087, 386, 386,charter
FALSE, 5416.6667,"pier",319.302,0.0079, 386, 386,pier
FALSE, 7083.3317,"beach",295.422,0.1049, 387, 387,beach
TRUE, 7083.3317,"boat",115.196,0.1574, 387, 387,boat
FALSE, 7083.3317,"charter",139.196,0.4671, 387, 387,charter
FALSE, 7083.3317,"pier",295.422,0.0451, 387, 387,pier
FALSE, 5416.6667,"beach",150.174,0.0678, 388, 388,beach
FALSE, 5416.6667,"boat",170.586,0.1643, 388, 388,boat
FALSE, 5416.6667,"charter",199.586,0.5391, 388, 388,charter
TRUE, 5416.6667,"pier",150.174,0.0789, 388, 388,pier
FALSE, 5416.6667,"beach",367.416,0.5333, 389, 389,beach
FALSE, 5416.6667,"boat",150.174,0.2413, 389, 389,boat
TRUE, 5416.6667,"charter",185.174,1.0266, 389, 389,charter
FALSE, 5416.6667,"pier",367.416,0.4522, 389, 389,pier
FALSE, 6250.0013,"beach",170.774,0.0678, 390, 390,beach
FALSE, 6250.0013,"boat",218.856,0.0108, 390, 390,boat
TRUE, 6250.0013,"charter",253.856,0.2377, 390, 390,charter
FALSE, 6250.0013,"pier",170.774,0.0025, 390, 390,pier
FALSE, 2916.6666,"beach", 88.374,0.0678, 391, 391,beach
FALSE, 2916.6666,"boat",113.256,0.0559, 391, 391,boat
TRUE, 2916.6666,"charter",148.256,0.6456, 391, 391,charter
FALSE, 2916.6666,"pier", 88.374,0.0789, 391, 391,pier
TRUE, 1249.9998,"beach", 47.174,0.0678, 392, 392,beach
FALSE, 1249.9998,"boat", 53.586,0.1643, 392, 392,boat
FALSE, 1249.9998,"charter", 82.586,0.5391, 392, 392,charter
FALSE, 1249.9998,"pier", 47.174,0.0789, 392, 392,pier
FALSE, 4583.3320,"beach",129.574,0.0678, 393, 393,beach
FALSE, 4583.3320,"boat",147.186,0.1643, 393, 393,boat
FALSE, 4583.3320,"charter",176.186,0.5391, 393, 393,charter
TRUE, 4583.3320,"pier",129.574,0.0789, 393, 393,pier
FALSE, 3749.9999,"beach",108.974,0.0678, 394, 394,beach
FALSE, 3749.9999,"boat",123.786,0.1643, 394, 394,boat
FALSE, 3749.9999,"charter",152.786,0.5391, 394, 394,charter
TRUE, 3749.9999,"pier",108.974,0.0789, 394, 394,pier
FALSE, 8750.0010,"beach",569.016,0.5333, 395, 395,beach
FALSE, 8750.0010,"boat",232.574,0.2413, 395, 395,boat
TRUE, 8750.0010,"charter",267.574,1.0266, 395, 395,charter
FALSE, 8750.0010,"pier",569.016,0.4522, 395, 395,pier
FALSE, 2916.6666,"beach", 88.374,0.0678, 396, 396,beach
FALSE, 2916.6666,"boat",100.386,0.1643, 396, 396,boat
TRUE, 2916.6666,"charter",129.386,0.5391, 396, 396,charter
FALSE, 2916.6666,"pier", 88.374,0.0789, 396, 396,pier
FALSE, 4583.3320,"beach",317.016,0.5333, 397, 397,beach
FALSE, 4583.3320,"boat",129.574,0.1665, 397, 397,boat
TRUE, 4583.3320,"charter",164.574,0.3975, 397, 397,charter
FALSE, 4583.3320,"pier",317.016,0.4522, 397, 397,pier
FALSE, 2083.3332,"beach",106.596,0.2537, 398, 398,beach
FALSE, 2083.3332,"boat",168.448,0.6817, 398, 398,boat
TRUE, 2083.3332,"charter",193.448,2.3014, 398, 398,charter
FALSE, 2083.3332,"pier",106.596,0.1498, 398, 398,pier
FALSE, 3749.9999,"beach",140.714,0.0678, 399, 399,beach
FALSE, 3749.9999,"boat",159.758,0.0499, 399, 399,boat
TRUE, 3749.9999,"charter",188.758,0.2421, 399, 399,charter
FALSE, 3749.9999,"pier",140.714,0.0025, 399, 399,pier
FALSE, 3749.9999,"beach",171.396,0.1049, 400, 400,beach
TRUE, 3749.9999,"boat",140.714,0.1574, 400, 400,boat
FALSE, 3749.9999,"charter",164.714,0.4671, 400, 400,charter
FALSE, 3749.9999,"pier",171.396,0.0451, 400, 400,pier
FALSE, 3749.9999,"beach",171.396,0.2537, 401, 401,beach
TRUE, 3749.9999,"boat",270.848,0.0531, 401, 401,boat
FALSE, 3749.9999,"charter",295.848,0.0052, 401, 401,charter
FALSE, 3749.9999,"pier",171.396,0.1498, 401, 401,pier
FALSE, 3749.9999,"beach",107.916,0.0678, 402, 402,beach
FALSE, 3749.9999,"boat",138.598,0.0559, 402, 402,boat
TRUE, 3749.9999,"charter",173.598,0.6456, 402, 402,charter
FALSE, 3749.9999,"pier",107.916,0.0789, 402, 402,pier
FALSE, 4583.3320,"beach",115.736,0.1049, 403, 403,beach
TRUE, 4583.3320,"boat", 79.254,0.0023, 403, 403,boat
FALSE, 4583.3320,"charter",103.254,0.0046, 403, 403,charter
FALSE, 4583.3320,"pier",115.736,0.0451, 403, 403,pier
FALSE, 4583.3320,"beach",266.696,0.5333, 404, 404,beach
FALSE, 4583.3320,"boat", 79.254,0.0361, 404, 404,boat
TRUE, 4583.3320,"charter",114.254,0.4216, 404, 404,charter
FALSE, 4583.3320,"pier",266.696,0.0069, 404, 404,pier
FALSE, 2916.6666,"beach", 86.658,0.1049, 405, 405,beach
TRUE, 2916.6666,"boat", 37.752,0.0023, 405, 405,boat
FALSE, 2916.6666,"charter", 61.752,0.0046, 405, 405,charter
FALSE, 2916.6666,"pier", 86.658,0.0451, 405, 405,pier
FALSE,  416.6667,"beach", 58.050,0.5333, 406, 406,beach
TRUE,  416.6667,"boat", 11.352,0.0361, 406, 406,boat
FALSE,  416.6667,"charter", 46.352,0.4216, 406, 406,charter
FALSE,  416.6667,"pier", 58.050,0.0069, 406, 406,pier
FALSE, 2916.6666,"beach", 86.658,0.1049, 407, 407,beach
TRUE, 2916.6666,"boat", 37.752,0.0023, 407, 407,boat
FALSE, 2916.6666,"charter", 61.752,0.0046, 407, 407,charter
FALSE, 2916.6666,"pier", 86.658,0.0451, 407, 407,pier
FALSE, 3749.9999,"beach", 85.698,0.1049, 408, 408,beach
FALSE, 3749.9999,"boat", 60.306,0.0023, 408, 408,boat
TRUE, 3749.9999,"charter", 84.306,0.0046, 408, 408,charter
FALSE, 3749.9999,"pier", 85.698,0.0451, 408, 408,pier
FALSE, 3749.9999,"beach",212.658,0.5333, 409, 409,beach
FALSE, 3749.9999,"boat", 60.306,0.0156, 409, 409,boat
TRUE, 3749.9999,"charter", 95.306,0.0058, 409, 409,charter
FALSE, 3749.9999,"pier",212.658,0.4522, 409, 409,pier
FALSE, 3749.9999,"beach",212.658,0.5333, 410, 410,beach
FALSE, 3749.9999,"boat", 60.306,0.0156, 410, 410,boat
TRUE, 3749.9999,"charter", 95.306,0.0058, 410, 410,charter
FALSE, 3749.9999,"pier",212.658,0.4522, 410, 410,pier
FALSE, 2916.6666,"beach", 69.498,0.1049, 411, 411,beach
FALSE, 2916.6666,"boat", 48.906,0.0023, 411, 411,boat
TRUE, 2916.6666,"charter", 72.906,0.0046, 411, 411,charter
FALSE, 2916.6666,"pier", 69.498,0.0451, 411, 411,pier
TRUE, 3749.9999,"beach", 85.698,0.2537, 412, 412,beach
FALSE, 3749.9999,"boat", 85.698,0.0233, 412, 412,boat
FALSE, 3749.9999,"charter",104.198,0.0219, 412, 412,charter
FALSE, 3749.9999,"pier", 85.698,0.1498, 412, 412,pier
FALSE, 2083.3332,"beach", 53.298,0.1049, 413, 413,beach
TRUE, 2083.3332,"boat", 37.506,0.1574, 413, 413,boat
FALSE, 2083.3332,"charter", 61.506,0.4671, 413, 413,charter
FALSE, 2083.3332,"pier", 53.298,0.0451, 413, 413,pier
FALSE, 2916.6666,"beach",172.458,0.5333, 414, 414,beach
TRUE, 2916.6666,"boat", 48.906,0.2413, 414, 414,boat
FALSE, 2916.6666,"charter", 83.906,1.0266, 414, 414,charter
FALSE, 2916.6666,"pier",172.458,0.4522, 414, 414,pier
FALSE, 3749.9999,"beach",212.658,0.5333, 415, 415,beach
FALSE, 3749.9999,"boat", 60.306,0.0361, 415, 415,boat
TRUE, 3749.9999,"charter", 95.306,0.4216, 415, 415,charter
FALSE, 3749.9999,"pier",212.658,0.0069, 415, 415,pier
FALSE, 3749.9999,"beach",224.296,0.5333, 416, 416,beach
FALSE, 3749.9999,"boat", 66.654,0.2413, 416, 416,boat
FALSE, 3749.9999,"charter",101.654,1.0266, 416, 416,charter
TRUE, 3749.9999,"pier",224.296,0.4522, 416, 416,pier
FALSE, 2083.3332,"beach", 34.874,0.0678, 417, 417,beach
FALSE, 2083.3332,"boat", 34.874,0.1643, 417, 417,boat
FALSE, 2083.3332,"charter", 63.874,0.5391, 417, 417,charter
TRUE, 2083.3332,"pier", 34.874,0.0789, 417, 417,pier
FALSE, 5416.6667,"beach",360.126,0.5333, 418, 418,beach
FALSE, 5416.6667,"boat", 77.274,0.0156, 418, 418,boat
TRUE, 5416.6667,"charter",112.274,0.0058, 418, 418,charter
FALSE, 5416.6667,"pier",360.126,0.4522, 418, 418,pier
FALSE, 2083.3332,"beach", 34.874,0.0678, 419, 419,beach
FALSE, 2083.3332,"boat", 34.874,0.0276, 419, 419,boat
TRUE, 2083.3332,"charter", 59.874,0.0029, 419, 419,charter
FALSE, 2083.3332,"pier", 34.874,0.0503, 419, 419,pier
FALSE, 3749.9999,"beach",261.326,0.5333, 420, 420,beach
FALSE, 3749.9999,"boat", 56.074,0.0156, 420, 420,boat
TRUE, 3749.9999,"charter", 91.074,0.0058, 420, 420,charter
FALSE, 3749.9999,"pier",261.326,0.4522, 420, 420,pier
FALSE, 4583.3320,"beach", 66.674,0.0678, 421, 421,beach
FALSE, 4583.3320,"boat",154.734,0.0559, 421, 421,boat
TRUE, 4583.3320,"charter",189.734,0.6456, 421, 421,charter
FALSE, 4583.3320,"pier", 66.674,0.0789, 421, 421,pier
FALSE, 5416.6667,"beach", 77.274,0.0678, 422, 422,beach
FALSE, 5416.6667,"boat", 77.274,0.0971, 422, 422,boat
TRUE, 5416.6667,"charter",106.274,0.1648, 422, 422,charter
FALSE, 5416.6667,"pier", 77.274,0.0789, 422, 422,pier
FALSE, 3749.9999,"beach",266.616,0.5333, 423, 423,beach
FALSE, 3749.9999,"boat",108.974,0.2413, 423, 423,boat
TRUE, 3749.9999,"charter",143.974,1.0266, 423, 423,charter
FALSE, 3749.9999,"pier",266.616,0.4522, 423, 423,pier
FALSE, 2916.6666,"beach",191.334,0.5333, 424, 424,beach
FALSE, 2916.6666,"boat", 64.350,0.2413, 424, 424,boat
TRUE, 2916.6666,"charter", 99.350,1.0266, 424, 424,charter
FALSE, 2916.6666,"pier",191.334,0.4522, 424, 424,pier
FALSE, 9583.3357,"beach",253.174,0.1049, 425, 425,beach
TRUE, 9583.3357,"boat",184.350,0.0023, 425, 425,boat
FALSE, 9583.3357,"charter",208.350,0.0046, 425, 425,charter
FALSE, 9583.3357,"pier",253.174,0.0451, 425, 425,pier
FALSE, 2916.6666,"beach",191.334,0.5333, 426, 426,beach
FALSE, 2916.6666,"boat", 64.350,0.0361, 426, 426,boat
TRUE, 2916.6666,"charter", 99.350,0.4216, 426, 426,charter
FALSE, 2916.6666,"pier",191.334,0.0069, 426, 426,pier
FALSE, 2083.3332,"beach", 49.350,0.0678, 427, 427,beach
TRUE, 2083.3332,"boat", 67.774,0.0897, 427, 427,boat
FALSE, 2083.3332,"charter",102.774,1.0905, 427, 427,charter
FALSE, 2083.3332,"pier", 49.350,0.0789, 427, 427,pier
FALSE, 2916.6666,"beach",191.334,0.5333, 428, 428,beach
TRUE, 2916.6666,"boat", 64.350,0.0361, 428, 428,boat
FALSE, 2916.6666,"charter", 99.350,0.4216, 428, 428,charter
FALSE, 2916.6666,"pier",191.334,0.0069, 428, 428,pier
FALSE, 1249.9998,"beach",102.134,0.5333, 429, 429,beach
TRUE, 1249.9998,"boat", 34.350,0.0051, 429, 429,boat
FALSE, 1249.9998,"charter", 69.350,1.0266, 429, 429,charter
FALSE, 1249.9998,"pier",102.134,0.4522, 429, 429,pier
FALSE, 2916.6666,"beach",191.334,0.5333, 430, 430,beach
FALSE, 2916.6666,"boat", 64.350,0.1665, 430, 430,boat
TRUE, 2916.6666,"charter", 99.350,0.3975, 430, 430,charter
FALSE, 2916.6666,"pier",191.334,0.4522, 430, 430,pier
FALSE, 2083.3332,"beach",146.734,0.5333, 431, 431,beach
FALSE, 2083.3332,"boat", 49.350,0.0361, 431, 431,boat
TRUE, 2083.3332,"charter", 84.350,0.4216, 431, 431,charter
FALSE, 2083.3332,"pier",146.734,0.0069, 431, 431,pier
FALSE, 3749.9999,"beach",235.934,0.5333, 432, 432,beach
FALSE, 3749.9999,"boat", 79.350,0.0361, 432, 432,boat
TRUE, 3749.9999,"charter",114.350,0.4216, 432, 432,charter
FALSE, 3749.9999,"pier",235.934,0.0069, 432, 432,pier
FALSE, 1249.9998,"beach", 34.350,0.0678, 433, 433,beach
FALSE, 1249.9998,"boat", 38.014,0.1643, 433, 433,boat
FALSE, 1249.9998,"charter", 67.014,0.5391, 433, 433,charter
TRUE, 1249.9998,"pier", 34.350,0.0789, 433, 433,pier
FALSE, 2083.3332,"beach", 67.774,0.1049, 434, 434,beach
FALSE, 2083.3332,"boat", 49.350,0.0613, 434, 434,boat
TRUE, 2083.3332,"charter", 73.350,0.3087, 434, 434,charter
FALSE, 2083.3332,"pier", 67.774,0.0079, 434, 434,pier
FALSE, 1249.9998,"beach", 20.152,0.0678, 435, 435,beach
FALSE, 1249.9998,"boat", 20.152,0.1643, 435, 435,boat
FALSE, 1249.9998,"charter", 49.152,0.5391, 435, 435,charter
TRUE, 1249.9998,"pier", 20.152,0.0789, 435, 435,pier
FALSE, 2083.3332,"beach", 74.354,0.1049, 436, 436,beach
TRUE, 2083.3332,"boat", 45.402,0.0023, 436, 436,boat
FALSE, 2083.3332,"charter", 69.402,0.0046, 436, 436,charter
FALSE, 2083.3332,"pier", 74.354,0.0451, 436, 436,pier
FALSE, 2916.6666,"beach",191.334,0.5333, 437, 437,beach
TRUE, 2916.6666,"boat", 64.350,0.2413, 437, 437,boat
FALSE, 2916.6666,"charter", 99.350,1.0266, 437, 437,charter
FALSE, 2916.6666,"pier",191.334,0.4522, 437, 437,pier
FALSE, 5416.6667,"beach",322.218,0.5333, 438, 438,beach
FALSE, 5416.6667,"boat", 94.770,0.1665, 438, 438,boat
TRUE, 5416.6667,"charter",129.770,0.3975, 438, 438,charter
FALSE, 5416.6667,"pier",322.218,0.4522, 438, 438,pier
FALSE, 2916.6666,"beach",189.618,0.5333, 439, 439,beach
TRUE, 2916.6666,"boat", 55.770,0.2413, 439, 439,boat
FALSE, 2916.6666,"charter", 90.770,1.0266, 439, 439,charter
FALSE, 2916.6666,"pier",189.618,0.4522, 439, 439,pier
FALSE, 7916.6663,"beach",489.804,0.5333, 440, 440,beach
FALSE, 7916.6663,"boat", 59.682,0.2413, 440, 440,boat
TRUE, 7916.6663,"charter", 94.682,1.0266, 440, 440,charter
FALSE, 7916.6663,"pier",489.804,0.4522, 440, 440,pier
FALSE, 2083.3332,"beach", 75.012,0.1049, 441, 441,beach
FALSE, 2083.3332,"boat", 19.082,0.0613, 441, 441,boat
TRUE, 2083.3332,"charter", 43.082,0.3087, 441, 441,charter
FALSE, 2083.3332,"pier", 75.012,0.0079, 441, 441,pier
FALSE, 3749.9999,"beach",251.804,0.5333, 442, 442,beach
FALSE, 3749.9999,"boat", 30.682,0.2413, 442, 442,boat
TRUE, 3749.9999,"charter", 65.682,1.0266, 442, 442,charter
FALSE, 3749.9999,"pier",251.804,0.4522, 442, 442,pier
FALSE, 4583.3320,"beach", 36.482,0.0678, 443, 443,beach
FALSE, 4583.3320,"boat", 36.482,0.2601, 443, 443,boat
TRUE, 4583.3320,"charter", 61.482,0.5391, 443, 443,charter
FALSE, 4583.3320,"pier", 36.482,0.0503, 443, 443,pier
FALSE, 1249.9998,"beach", 13.282,0.0678, 444, 444,beach
FALSE, 1249.9998,"boat", 13.282,0.1643, 444, 444,boat
FALSE, 1249.9998,"charter", 42.282,0.5391, 444, 444,charter
TRUE, 1249.9998,"pier", 13.282,0.0789, 444, 444,pier
FALSE, 4583.3320,"beach",322.048,0.5333, 445, 445,beach
TRUE, 4583.3320,"boat",167.314,0.1665, 445, 445,boat
FALSE, 4583.3320,"charter",202.314,0.3975, 445, 445,charter
FALSE, 4583.3320,"pier",322.048,0.4522, 445, 445,pier
TRUE, 1249.9998,"beach", 74.196,0.2537, 446, 446,beach
FALSE, 1249.9998,"boat", 74.196,0.0008, 446, 446,boat
FALSE, 1249.9998,"charter", 92.696,0.0027, 446, 446,charter
FALSE, 1249.9998,"pier", 74.196,0.1498, 446, 446,pier
FALSE, 8750.0010,"beach",578.048,0.5333, 447, 447,beach
FALSE, 8750.0010,"boat",300.314,0.2413, 447, 447,boat
TRUE, 8750.0010,"charter",335.314,1.0266, 447, 447,charter
FALSE, 8750.0010,"pier",578.048,0.4522, 447, 447,pier
FALSE, 2916.6666,"beach",138.996,0.1049, 448, 448,beach
FALSE, 2916.6666,"boat",114.114,0.1574, 448, 448,boat
TRUE, 2916.6666,"charter",138.114,0.4671, 448, 448,charter
FALSE, 2916.6666,"pier",138.996,0.0451, 448, 448,pier
FALSE, 2916.6666,"beach",197.340,0.5333, 449, 449,beach
FALSE, 2916.6666,"boat", 42.900,0.0361, 449, 449,boat
TRUE, 2916.6666,"charter", 77.900,0.4216, 449, 449,charter
FALSE, 2916.6666,"pier",197.340,0.0069, 449, 449,pier
FALSE, 3749.9999,"beach",233.818,0.5333, 450, 450,beach
TRUE, 3749.9999,"boat", 68.770,0.0156, 450, 450,boat
FALSE, 3749.9999,"charter",103.770,0.0058, 450, 450,charter
FALSE, 3749.9999,"pier",233.818,0.4522, 450, 450,pier
FALSE, 7916.6663,"beach",133.770,0.0678, 451, 451,beach
FALSE, 7916.6663,"boat",133.770,0.1491, 451, 451,boat
TRUE, 7916.6663,"charter",158.770,0.2421, 451, 451,charter
FALSE, 7916.6663,"pier",133.770,0.0052, 451, 451,pier
FALSE, 5416.6667,"beach", 94.770,0.0678, 452, 452,beach
FALSE, 5416.6667,"boat", 94.770,0.1643, 452, 452,boat
FALSE, 5416.6667,"charter",123.770,0.5391, 452, 452,charter
TRUE, 5416.6667,"pier", 94.770,0.0789, 452, 452,pier
FALSE, 7916.6663,"beach",133.770,0.0678, 453, 453,beach
FALSE, 7916.6663,"boat",133.770,0.0276, 453, 453,boat
TRUE, 7916.6663,"charter",158.770,0.0029, 453, 453,charter
FALSE, 7916.6663,"pier",133.770,0.0503, 453, 453,pier
FALSE, 4583.3320,"beach",127.058,0.1049, 454, 454,beach
TRUE, 4583.3320,"boat", 81.770,0.0613, 454, 454,boat
FALSE, 4583.3320,"charter",105.770,0.3087, 454, 454,charter
FALSE, 4583.3320,"pier",127.058,0.0079, 454, 454,pier
FALSE, 1249.9998,"beach", 47.174,0.1049, 455, 455,beach
FALSE, 1249.9998,"boat", 34.350,0.0613, 455, 455,boat
TRUE, 1249.9998,"charter", 58.350,0.3087, 455, 455,charter
FALSE, 1249.9998,"pier", 47.174,0.0079, 455, 455,pier
TRUE, 5416.6667,"beach",109.350,0.0678, 456, 456,beach
FALSE, 5416.6667,"boat",121.014,0.1643, 456, 456,boat
FALSE, 5416.6667,"charter",150.014,0.5391, 456, 456,charter
FALSE, 5416.6667,"pier",109.350,0.0789, 456, 456,pier
FALSE, 7083.3317,"beach",154.214,0.0678, 457, 457,beach
TRUE, 7083.3317,"boat",154.214,0.2601, 457, 457,boat
FALSE, 7083.3317,"charter",179.214,0.5391, 457, 457,charter
FALSE, 7083.3317,"pier",154.214,0.0503, 457, 457,pier
FALSE, 9583.3357,"beach",253.174,0.1049, 458, 458,beach
FALSE, 9583.3357,"boat",184.350,0.0613, 458, 458,boat
TRUE, 9583.3357,"charter",208.350,0.3087, 458, 458,charter
FALSE, 9583.3357,"pier",253.174,0.0079, 458, 458,pier
FALSE, 2916.6666,"beach",181.896,0.5333, 459, 459,beach
FALSE, 2916.6666,"boat", 54.054,0.2413, 459, 459,boat
TRUE, 2916.6666,"charter", 89.054,1.0266, 459, 459,charter
FALSE, 2916.6666,"pier",181.896,0.4522, 459, 459,pier
FALSE, 2916.6666,"beach", 78.936,0.1049, 460, 460,beach
TRUE, 2916.6666,"boat", 54.054,0.0023, 460, 460,boat
FALSE, 2916.6666,"charter", 78.054,0.0046, 460, 460,charter
FALSE, 2916.6666,"pier", 78.936,0.0451, 460, 460,pier
FALSE, 6250.0013,"beach",104.454,0.0678, 461, 461,beach
TRUE, 6250.0013,"boat",127.666,0.0014, 461, 461,boat
FALSE, 6250.0013,"charter",156.666,0.0029, 461, 461,charter
FALSE, 6250.0013,"pier",104.454,0.0789, 461, 461,pier
FALSE, 6250.0013,"beach",373.050,0.5333, 462, 462,beach
FALSE, 6250.0013,"boat", 72.952,0.2413, 462, 462,boat
TRUE, 6250.0013,"charter",107.952,1.0266, 462, 462,charter
FALSE, 6250.0013,"pier",373.050,0.4522, 462, 462,pier
FALSE, 2916.6666,"beach", 45.474,0.0678, 463, 463,beach
TRUE, 2916.6666,"boat", 45.474,0.1491, 463, 463,boat
FALSE, 2916.6666,"charter", 70.474,0.2421, 463, 463,charter
FALSE, 2916.6666,"pier", 45.474,0.0052, 463, 463,pier
FALSE, 2916.6666,"beach", 45.474,0.0678, 464, 464,beach
FALSE, 2916.6666,"boat", 45.474,0.1643, 464, 464,boat
FALSE, 2916.6666,"charter", 74.474,0.0041, 464, 464,charter
TRUE, 2916.6666,"pier", 45.474,0.0789, 464, 464,pier
FALSE, 3749.9999,"beach",106.858,0.1049, 465, 465,beach
FALSE, 3749.9999,"boat", 68.770,0.0023, 465, 465,boat
TRUE, 3749.9999,"charter", 92.770,0.0046, 465, 465,charter
FALSE, 3749.9999,"pier",106.858,0.0451, 465, 465,pier
FALSE, 3749.9999,"beach",233.818,0.5333, 466, 466,beach
TRUE, 3749.9999,"boat", 68.770,0.0361, 466, 466,boat
FALSE, 3749.9999,"charter",103.770,0.4216, 466, 466,charter
FALSE, 3749.9999,"pier",233.818,0.0069, 466, 466,pier
FALSE, 5416.6667,"beach",147.258,0.1049, 467, 467,beach
TRUE, 5416.6667,"boat", 94.770,0.0023, 467, 467,boat
FALSE, 5416.6667,"charter",118.770,0.0046, 467, 467,charter
FALSE, 5416.6667,"pier",147.258,0.0451, 467, 467,pier
FALSE, 5416.6667,"beach",147.258,0.1049, 468, 468,beach
TRUE, 5416.6667,"boat", 94.770,0.0238, 468, 468,boat
FALSE, 5416.6667,"charter",118.770,0.0468, 468, 468,charter
FALSE, 5416.6667,"pier",147.258,0.0451, 468, 468,pier
FALSE, 2916.6666,"beach",189.618,0.5333, 469, 469,beach
FALSE, 2916.6666,"boat", 55.770,0.2413, 469, 469,boat
TRUE, 2916.6666,"charter", 90.770,1.0266, 469, 469,charter
FALSE, 2916.6666,"pier",189.618,0.4522, 469, 469,pier
FALSE, 2083.3332,"beach", 66.458,0.1049, 470, 470,beach
FALSE, 2083.3332,"boat", 42.770,0.0613, 470, 470,boat
TRUE, 2083.3332,"charter", 66.770,0.3087, 470, 470,charter
FALSE, 2083.3332,"pier", 66.458,0.0079, 470, 470,pier
FALSE, 4583.3320,"beach",278.018,0.5333, 471, 471,beach
TRUE, 4583.3320,"boat", 81.770,0.1665, 471, 471,boat
FALSE, 4583.3320,"charter",116.770,0.3975, 471, 471,charter
FALSE, 4583.3320,"pier",278.018,0.4522, 471, 471,pier
FALSE, 3749.9999,"beach",233.818,0.5333, 472, 472,beach
FALSE, 3749.9999,"boat", 68.770,0.0156, 472, 472,boat
TRUE, 3749.9999,"charter",103.770,0.0058, 472, 472,charter
FALSE, 3749.9999,"pier",233.818,0.4522, 472, 472,pier
FALSE, 2083.3332,"beach", 66.458,0.1049, 473, 473,beach
FALSE, 2083.3332,"boat", 42.770,0.0238, 473, 473,boat
TRUE, 2083.3332,"charter", 66.770,0.0468, 473, 473,charter
FALSE, 2083.3332,"pier", 66.458,0.0451, 473, 473,pier
FALSE, 4583.3320,"beach",278.018,0.5333, 474, 474,beach
FALSE, 4583.3320,"boat", 81.770,0.0361, 474, 474,boat
TRUE, 4583.3320,"charter",116.770,0.4216, 474, 474,charter
FALSE, 4583.3320,"pier",278.018,0.0069, 474, 474,pier
FALSE, 2916.6666,"beach", 55.770,0.0678, 475, 475,beach
FALSE, 2916.6666,"boat", 55.770,0.1491, 475, 475,boat
TRUE, 2916.6666,"charter", 80.770,0.2421, 475, 475,charter
FALSE, 2916.6666,"pier", 55.770,0.0052, 475, 475,pier
FALSE, 3749.9999,"beach", 68.770,0.0678, 476, 476,beach
FALSE, 3749.9999,"boat", 68.770,0.1643, 476, 476,boat
FALSE, 3749.9999,"charter", 97.770,0.5391, 476, 476,charter
TRUE, 3749.9999,"pier", 68.770,0.0789, 476, 476,pier
FALSE, 5416.6667,"beach", 42.282,0.0678, 477, 477,beach
TRUE, 5416.6667,"boat",166.212,0.0897, 477, 477,boat
FALSE, 5416.6667,"charter",201.212,1.0905, 477, 477,charter
FALSE, 5416.6667,"pier", 42.282,0.0789, 477, 477,pier
FALSE, 4583.3320,"beach", 36.482,0.0678, 478, 478,beach
TRUE, 4583.3320,"boat", 36.482,0.1643, 478, 478,boat
FALSE, 4583.3320,"charter", 65.482,0.5391, 478, 478,charter
FALSE, 4583.3320,"pier", 36.482,0.0789, 478, 478,pier
FALSE, 1249.9998,"beach", 13.282,0.0678, 479, 479,beach
FALSE, 1249.9998,"boat", 13.282,0.2601, 479, 479,boat
TRUE, 1249.9998,"charter", 38.282,0.5391, 479, 479,charter
FALSE, 1249.9998,"pier", 13.282,0.0503, 479, 479,pier
FALSE, 2916.6666,"beach", 97.812,0.1049, 480, 480,beach
TRUE, 2916.6666,"boat", 24.882,0.0023, 480, 480,boat
FALSE, 2916.6666,"charter", 48.882,0.0046, 480, 480,charter
FALSE, 2916.6666,"pier", 97.812,0.0451, 480, 480,pier
FALSE, 4583.3320,"beach", 36.482,0.0678, 481, 481,beach
TRUE, 4583.3320,"boat", 36.482,0.0499, 481, 481,boat
FALSE, 4583.3320,"charter", 65.482,0.2421, 481, 481,charter
FALSE, 4583.3320,"pier", 36.482,0.0025, 481, 481,pier
FALSE, 1249.9998,"beach", 13.282,0.0678, 482, 482,beach
FALSE, 1249.9998,"boat", 13.282,0.0230, 482, 482,boat
TRUE, 1249.9998,"charter", 38.282,0.1648, 482, 482,charter
FALSE, 1249.9998,"pier", 13.282,0.0503, 482, 482,pier
FALSE, 3749.9999,"beach",108.974,0.0678, 483, 483,beach
FALSE, 3749.9999,"boat",139.656,0.0559, 483, 483,boat
TRUE, 3749.9999,"charter",174.656,0.6456, 483, 483,charter
FALSE, 3749.9999,"pier",108.974,0.0789, 483, 483,pier
FALSE, 2916.6666,"beach",216.216,0.5333, 484, 484,beach
FALSE, 2916.6666,"boat", 88.374,0.0361, 484, 484,boat
TRUE, 2916.6666,"charter",123.374,0.4216, 484, 484,charter
FALSE, 2916.6666,"pier",216.216,0.0069, 484, 484,pier
FALSE, 3749.9999,"beach",139.656,0.1049, 485, 485,beach
TRUE, 3749.9999,"boat",108.974,0.1574, 485, 485,boat
FALSE, 3749.9999,"charter",132.974,0.4671, 485, 485,charter
FALSE, 3749.9999,"pier",139.656,0.0451, 485, 485,pier
FALSE, 2916.6666,"beach",113.256,0.1049, 486, 486,beach
FALSE, 2916.6666,"boat", 88.374,0.0023, 486, 486,boat
TRUE, 2916.6666,"charter",112.374,0.0046, 486, 486,charter
FALSE, 2916.6666,"pier",113.256,0.0451, 486, 486,pier
FALSE, 4583.3320,"beach",129.574,0.0678, 487, 487,beach
FALSE, 4583.3320,"boat",147.186,0.1643, 487, 487,boat
FALSE, 4583.3320,"charter",176.186,0.5391, 487, 487,charter
TRUE, 4583.3320,"pier",129.574,0.0789, 487, 487,pier
FALSE, 2083.3332,"beach",146.734,0.5333, 488, 488,beach
FALSE, 2083.3332,"boat", 49.350,0.0361, 488, 488,boat
TRUE, 2083.3332,"charter", 84.350,0.4216, 488, 488,charter
FALSE, 2083.3332,"pier",146.734,0.0069, 488, 488,pier
TRUE, 3749.9999,"beach", 87.814,0.0678, 489, 489,beach
FALSE, 3749.9999,"boat", 87.814,0.2601, 489, 489,boat
FALSE, 3749.9999,"charter",112.814,0.5391, 489, 489,charter
FALSE, 3749.9999,"pier", 87.814,0.0503, 489, 489,pier
FALSE, 7083.3317,"beach",414.334,0.5333, 490, 490,beach
FALSE, 7083.3317,"boat",139.350,0.2413, 490, 490,boat
TRUE, 7083.3317,"charter",174.350,1.0266, 490, 490,charter
FALSE, 7083.3317,"pier",414.334,0.4522, 490, 490,pier
FALSE, 4583.3320,"beach", 94.350,0.0678, 491, 491,beach
TRUE, 4583.3320,"boat",104.414,0.1643, 491, 491,boat
FALSE, 4583.3320,"charter",133.414,0.5391, 491, 491,charter
FALSE, 4583.3320,"pier", 94.350,0.0789, 491, 491,pier
TRUE, 3749.9999,"beach", 66.654,0.0678, 492, 492,beach
FALSE, 3749.9999,"boat", 81.466,0.1643, 492, 492,boat
FALSE, 3749.9999,"charter",110.466,0.5391, 492, 492,charter
FALSE, 3749.9999,"pier", 66.654,0.0789, 492, 492,pier
FALSE, 2083.3332,"beach", 41.454,0.0678, 493, 493,beach
FALSE, 2083.3332,"boat", 50.666,0.1643, 493, 493,boat
TRUE, 2083.3332,"charter", 79.666,0.5391, 493, 493,charter
FALSE, 2083.3332,"pier", 41.454,0.0789, 493, 493,pier
FALSE, 6250.0013,"beach",351.496,0.5333, 494, 494,beach
TRUE, 6250.0013,"boat",104.454,0.0156, 494, 494,boat
FALSE, 6250.0013,"charter",139.454,0.0058, 494, 494,charter
FALSE, 6250.0013,"pier",351.496,0.4522, 494, 494,pier
FALSE, 2083.3332,"beach", 41.454,0.0678, 495, 495,beach
FALSE, 2083.3332,"boat", 50.666,0.0499, 495, 495,boat
FALSE, 2083.3332,"charter", 79.666,0.2421, 495, 495,charter
TRUE, 2083.3332,"pier", 41.454,0.0025, 495, 495,pier
FALSE, 5416.6667,"beach", 91.854,0.0678, 496, 496,beach
FALSE, 5416.6667,"boat",112.266,0.0014, 496, 496,boat
FALSE, 5416.6667,"charter",141.266,0.0029, 496, 496,charter
TRUE, 5416.6667,"pier", 91.854,0.0789, 496, 496,pier
FALSE, 4583.3320,"beach",115.736,0.1049, 497, 497,beach
FALSE, 4583.3320,"boat", 79.254,0.0613, 497, 497,boat
TRUE, 4583.3320,"charter",103.254,0.3087, 497, 497,charter
FALSE, 4583.3320,"pier",115.736,0.0079, 497, 497,pier
FALSE, 2083.3332,"beach", 41.454,0.0678, 498, 498,beach
FALSE, 2083.3332,"boat", 60.536,0.0559, 498, 498,boat
TRUE, 2083.3332,"charter", 95.536,0.6456, 498, 498,charter
FALSE, 2083.3332,"pier", 41.454,0.0789, 498, 498,pier
FALSE, 2083.3332,"beach", 50.666,0.0678, 499, 499,beach
FALSE, 2083.3332,"boat", 60.536,0.0732, 499, 499,boat
TRUE, 2083.3332,"charter", 90.036,0.1726, 499, 499,charter
FALSE, 2083.3332,"pier", 50.666,0.0052, 499, 499,pier
FALSE, 2083.3332,"beach",139.496,0.5333, 500, 500,beach
FALSE, 2083.3332,"boat", 41.454,0.0156, 500, 500,boat
TRUE, 2083.3332,"charter", 76.454,0.0058, 500, 500,charter
FALSE, 2083.3332,"pier",139.496,0.4522, 500, 500,pier
FALSE, 6250.0013,"beach",351.496,0.5333, 501, 501,beach
FALSE, 6250.0013,"boat",104.454,0.0361, 501, 501,boat
TRUE, 6250.0013,"charter",139.454,0.4216, 501, 501,charter
FALSE, 6250.0013,"pier",351.496,0.0069, 501, 501,pier
FALSE, 2916.6666,"beach", 54.054,0.0678, 502, 502,beach
FALSE, 2916.6666,"boat", 66.066,0.1643, 502, 502,boat
FALSE, 2916.6666,"charter", 95.066,0.5391, 502, 502,charter
TRUE, 2916.6666,"pier", 54.054,0.0789, 502, 502,pier
FALSE, 2916.6666,"beach",181.896,0.5333, 503, 503,beach
FALSE, 2916.6666,"boat", 54.054,0.2413, 503, 503,boat
TRUE, 2916.6666,"charter", 89.054,1.0266, 503, 503,charter
FALSE, 2916.6666,"pier",181.896,0.4522, 503, 503,pier
FALSE, 1249.9998,"beach", 28.854,0.0678, 504, 504,beach
FALSE, 1249.9998,"boat", 35.266,0.0499, 504, 504,boat
TRUE, 1249.9998,"charter", 64.266,0.2421, 504, 504,charter
FALSE, 1249.9998,"pier", 28.854,0.0025, 504, 504,pier
FALSE,  416.6667,"beach", 23.736,0.2537, 505, 505,beach
FALSE,  416.6667,"boat", 23.736,0.0233, 505, 505,boat
FALSE,  416.6667,"charter", 42.236,0.0219, 505, 505,charter
TRUE,  416.6667,"pier", 23.736,0.1498, 505, 505,pier
FALSE,  416.6667,"beach", 54.696,0.5333, 506, 506,beach
FALSE,  416.6667,"boat", 16.254,0.0156, 506, 506,boat
TRUE,  416.6667,"charter", 51.254,0.0058, 506, 506,charter
FALSE,  416.6667,"pier", 54.696,0.4522, 506, 506,pier
FALSE, 1249.9998,"beach", 28.854,0.0678, 507, 507,beach
TRUE, 1249.9998,"boat", 35.266,0.0014, 507, 507,boat
FALSE, 1249.9998,"charter", 64.266,0.0029, 507, 507,charter
FALSE, 1249.9998,"pier", 28.854,0.0789, 507, 507,pier
FALSE, 3749.9999,"beach", 56.074,0.0678, 508, 508,beach
FALSE, 3749.9999,"boat", 92.046,0.0102, 508, 508,boat
TRUE, 3749.9999,"charter",127.046,0.0209, 508, 508,charter
FALSE, 3749.9999,"pier", 56.074,0.0789, 508, 508,pier
FALSE, 4583.3320,"beach",260.406,0.5333, 509, 509,beach
FALSE, 4583.3320,"boat", 66.674,0.0156, 509, 509,boat
TRUE, 4583.3320,"charter",101.674,0.0058, 509, 509,charter
FALSE, 4583.3320,"pier",260.406,0.4522, 509, 509,pier
FALSE, 5416.6667,"beach",301.806,0.5333, 510, 510,beach
FALSE, 5416.6667,"boat", 77.274,0.1665, 510, 510,boat
TRUE, 5416.6667,"charter",112.274,0.3975, 510, 510,charter
FALSE, 5416.6667,"pier",301.806,0.4522, 510, 510,pier
FALSE, 2083.3332,"beach", 34.874,0.0678, 511, 511,beach
TRUE, 2083.3332,"boat", 44.086,0.0971, 511, 511,boat
FALSE, 2083.3332,"charter", 73.086,0.1648, 511, 511,charter
FALSE, 2083.3332,"pier", 34.874,0.0789, 511, 511,pier
FALSE, 3749.9999,"beach", 92.046,0.1049, 512, 512,beach
FALSE, 3749.9999,"boat", 56.074,0.0238, 512, 512,boat
TRUE, 3749.9999,"charter", 80.074,0.0468, 512, 512,charter
FALSE, 3749.9999,"pier", 92.046,0.0451, 512, 512,pier
FALSE, 7083.3317,"beach",384.606,0.5333, 513, 513,beach
TRUE, 7083.3317,"boat", 98.474,0.2413, 513, 513,boat
FALSE, 7083.3317,"charter",133.474,1.0266, 513, 513,charter
FALSE, 7083.3317,"pier",384.606,0.4522, 513, 513,pier
FALSE, 4583.3320,"beach",260.406,0.5333, 514, 514,beach
FALSE, 4583.3320,"boat", 66.674,0.0156, 514, 514,boat
TRUE, 4583.3320,"charter",101.674,0.0058, 514, 514,charter
FALSE, 4583.3320,"pier",260.406,0.4522, 514, 514,pier
FALSE, 2083.3332,"beach", 34.874,0.0678, 515, 515,beach
FALSE, 2083.3332,"boat", 44.086,0.0014, 515, 515,boat
FALSE, 2083.3332,"charter", 73.086,0.0029, 515, 515,charter
TRUE, 2083.3332,"pier", 34.874,0.0789, 515, 515,pier
TRUE, 5416.6667,"beach", 97.686,0.0678, 516, 516,beach
FALSE, 5416.6667,"boat", 97.686,0.1491, 516, 516,boat
FALSE, 5416.6667,"charter",122.686,0.2421, 516, 516,charter
FALSE, 5416.6667,"pier", 97.686,0.0052, 516, 516,pier
TRUE, 2083.3332,"beach", 44.086,0.0678, 517, 517,beach
FALSE, 2083.3332,"boat", 44.086,0.2601, 517, 517,boat
FALSE, 2083.3332,"charter", 69.086,0.5391, 517, 517,charter
FALSE, 2083.3332,"pier", 44.086,0.0503, 517, 517,pier
FALSE,  416.6667,"beach", 53.406,0.5333, 518, 518,beach
FALSE,  416.6667,"boat", 13.674,0.0156, 518, 518,boat
TRUE,  416.6667,"charter", 48.674,0.0058, 518, 518,charter
FALSE,  416.6667,"pier", 53.406,0.4522, 518, 518,pier
FALSE, 2916.6666,"beach", 74.646,0.2537, 519, 519,beach
FALSE, 2916.6666,"boat",177.606,0.0531, 519, 519,boat
TRUE, 2916.6666,"charter",202.606,0.0052, 519, 519,charter
FALSE, 2916.6666,"pier", 74.646,0.1498, 519, 519,pier
FALSE, 6250.0013,"beach",144.246,0.2537, 520, 520,beach
FALSE, 6250.0013,"boat",144.246,0.0233, 520, 520,boat
FALSE, 6250.0013,"charter",162.746,0.0219, 520, 520,charter
TRUE, 6250.0013,"pier",144.246,0.1498, 520, 520,pier
FALSE, 3749.9999,"beach", 92.046,0.2537, 521, 521,beach
FALSE, 3749.9999,"boat",219.006,0.6817, 521, 521,boat
TRUE, 3749.9999,"charter",244.006,2.3014, 521, 521,charter
FALSE, 3749.9999,"pier", 92.046,0.1498, 521, 521,pier
FALSE, 2083.3332,"beach",136.206,0.5333, 522, 522,beach
FALSE, 2083.3332,"boat", 34.874,0.1665, 522, 522,boat
FALSE, 2083.3332,"charter", 69.874,0.3975, 522, 522,charter
TRUE, 2083.3332,"pier",136.206,0.4522, 522, 522,pier
FALSE, 6250.0013,"beach",144.246,0.1049, 523, 523,beach
TRUE, 6250.0013,"boat", 87.874,0.0023, 523, 523,boat
FALSE, 6250.0013,"charter",111.874,0.0046, 523, 523,charter
FALSE, 6250.0013,"pier",144.246,0.0451, 523, 523,pier
TRUE, 3749.9999,"beach", 56.074,0.0678, 524, 524,beach
FALSE, 3749.9999,"boat", 70.886,0.1643, 524, 524,boat
FALSE, 3749.9999,"charter", 99.886,0.5391, 524, 524,charter
FALSE, 3749.9999,"pier", 56.074,0.0789, 524, 524,pier
FALSE,12499.9980,"beach",167.374,0.0678, 525, 525,beach
FALSE,12499.9980,"boat",211.586,0.1643, 525, 525,boat
TRUE,12499.9980,"charter",240.586,0.5391, 525, 525,charter
FALSE,12499.9980,"pier",167.374,0.0789, 525, 525,pier
FALSE, 2083.3332,"beach",136.206,0.5333, 526, 526,beach
FALSE, 2083.3332,"boat", 34.874,0.0361, 526, 526,boat
TRUE, 2083.3332,"charter", 69.874,0.4216, 526, 526,charter
FALSE, 2083.3332,"pier",136.206,0.0069, 526, 526,pier
FALSE, 4583.3320,"beach",260.406,0.5333, 527, 527,beach
FALSE, 4583.3320,"boat", 66.674,0.2413, 527, 527,boat
TRUE, 4583.3320,"charter",101.674,1.0266, 527, 527,charter
FALSE, 4583.3320,"pier",260.406,0.4522, 527, 527,pier
FALSE, 6250.0013,"beach",343.206,0.5333, 528, 528,beach
TRUE, 6250.0013,"boat", 87.874,0.1665, 528, 528,boat
FALSE, 6250.0013,"charter",122.874,0.3975, 528, 528,charter
FALSE, 6250.0013,"pier",343.206,0.4522, 528, 528,pier
FALSE, 2916.6666,"beach", 74.646,0.2537, 529, 529,beach
FALSE, 2916.6666,"boat",177.606,0.6817, 529, 529,boat
TRUE, 2916.6666,"charter",202.606,2.3014, 529, 529,charter
FALSE, 2916.6666,"pier", 74.646,0.1498, 529, 529,pier
FALSE, 3749.9999,"beach",233.818,0.5333, 530, 530,beach
TRUE, 3749.9999,"boat", 68.770,0.2413, 530, 530,boat
FALSE, 3749.9999,"charter",103.770,1.0266, 530, 530,charter
FALSE, 3749.9999,"pier",233.818,0.4522, 530, 530,pier
FALSE, 6250.0013,"beach",343.206,0.5333, 531, 531,beach
FALSE, 6250.0013,"boat", 87.874,0.0051, 531, 531,boat
TRUE, 6250.0013,"charter",122.874,1.0266, 531, 531,charter
FALSE, 6250.0013,"pier",343.206,0.4522, 531, 531,pier
FALSE, 3749.9999,"beach",219.006,0.5333, 532, 532,beach
FALSE, 3749.9999,"boat", 56.074,0.2413, 532, 532,boat
TRUE, 3749.9999,"charter", 91.074,1.0266, 532, 532,charter
FALSE, 3749.9999,"pier",219.006,0.4522, 532, 532,pier
FALSE, 6250.0013,"beach", 87.874,0.0678, 533, 533,beach
FALSE, 6250.0013,"boat",111.086,0.0499, 533, 533,boat
FALSE, 6250.0013,"charter",140.086,0.2421, 533, 533,charter
TRUE, 6250.0013,"pier", 87.874,0.0025, 533, 533,pier
FALSE, 2916.6666,"beach",177.606,0.5333, 534, 534,beach
FALSE, 2916.6666,"boat", 45.474,0.0156, 534, 534,boat
TRUE, 2916.6666,"charter", 80.474,0.0058, 534, 534,charter
FALSE, 2916.6666,"pier",177.606,0.4522, 534, 534,pier
FALSE, 7083.3317,"beach",104.048,0.1049, 535, 535,beach
TRUE, 7083.3317,"boat", 70.604,0.1574, 535, 535,boat
FALSE, 7083.3317,"charter", 94.604,0.4671, 535, 535,charter
FALSE, 7083.3317,"pier",104.048,0.0451, 535, 535,pier
FALSE, 2916.6666,"beach",151.008,0.5333, 536, 536,beach
FALSE, 2916.6666,"boat", 32.604,0.0156, 536, 536,boat
TRUE, 2916.6666,"charter", 67.604,0.0058, 536, 536,charter
FALSE, 2916.6666,"pier",151.008,0.4522, 536, 536,pier
FALSE,10416.6660,"beach",101.004,0.0678, 537, 537,beach
FALSE,10416.6660,"boat",212.640,0.0971, 537, 537,boat
TRUE,10416.6660,"charter",241.640,0.1648, 537, 537,charter
FALSE,10416.6660,"pier",101.004,0.0789, 537, 537,pier
FALSE, 2083.3332,"beach",115.808,0.5333, 538, 538,beach
FALSE, 2083.3332,"boat", 25.004,0.2413, 538, 538,boat
TRUE, 2083.3332,"charter", 60.004,1.0266, 538, 538,charter
FALSE, 2083.3332,"pier",115.808,0.4522, 538, 538,pier
FALSE, 7083.3317,"beach",386.464,0.5333, 539, 539,beach
FALSE, 7083.3317,"boat", 42.734,0.2413, 539, 539,boat
TRUE, 7083.3317,"charter", 77.734,1.0266, 539, 539,charter
FALSE, 7083.3317,"pier",386.464,0.4522, 539, 539,pier
FALSE, 7916.6663,"beach",428.064,0.5333, 540, 540,beach
TRUE, 7916.6663,"boat", 47.334,0.0361, 540, 540,boat
FALSE, 7916.6663,"charter", 82.334,0.4216, 540, 540,charter
FALSE, 7916.6663,"pier",428.064,0.0069, 540, 540,pier
FALSE, 2916.6666,"beach", 72.072,0.1049, 541, 541,beach
FALSE, 2916.6666,"boat", 19.734,0.0023, 541, 541,boat
TRUE, 2916.6666,"charter", 43.734,0.0046, 541, 541,charter
FALSE, 2916.6666,"pier", 72.072,0.0451, 541, 541,pier
FALSE, 3749.9999,"beach", 88.872,0.1049, 542, 542,beach
FALSE, 3749.9999,"boat", 24.334,0.0613, 542, 542,boat
TRUE, 3749.9999,"charter", 48.334,0.3087, 542, 542,charter
FALSE, 3749.9999,"pier", 88.872,0.0079, 542, 542,pier
FALSE, 6250.0013,"beach",305.072,0.5333, 543, 543,beach
TRUE, 6250.0013,"boat", 19.896,0.0361, 543, 543,boat
FALSE, 6250.0013,"charter", 54.896,0.4216, 543, 543,charter
FALSE, 6250.0013,"pier",305.072,0.0069, 543, 543,pier
FALSE, 6250.0013,"beach",305.072,0.5333, 544, 544,beach
TRUE, 6250.0013,"boat", 19.896,0.0361, 544, 544,boat
FALSE, 6250.0013,"charter", 54.896,0.4216, 544, 544,charter
FALSE, 6250.0013,"pier",305.072,0.0069, 544, 544,pier
FALSE, 2916.6666,"beach", 54.912,0.1049, 545, 545,beach
TRUE, 2916.6666,"boat", 10.296,0.0613, 545, 545,boat
FALSE, 2916.6666,"charter", 34.296,0.3087, 545, 545,charter
FALSE, 2916.6666,"pier", 54.912,0.0079, 545, 545,pier
FALSE, 2916.6666,"beach",157.872,0.5333, 546, 546,beach
TRUE, 2916.6666,"boat", 10.296,0.0361, 546, 546,boat
FALSE, 2916.6666,"charter", 45.296,0.4216, 546, 546,charter
FALSE, 2916.6666,"pier",157.872,0.0069, 546, 546,pier
FALSE, 5416.6667,"beach",268.272,0.5333, 547, 547,beach
TRUE, 5416.6667,"boat", 17.496,0.2413, 547, 547,boat
FALSE, 5416.6667,"charter", 52.496,1.0266, 547, 547,charter
FALSE, 5416.6667,"pier",268.272,0.4522, 547, 547,pier
FALSE, 1249.9998,"beach", 84.272,0.5333, 548, 548,beach
FALSE, 1249.9998,"boat",  5.496,0.2413, 548, 548,boat
TRUE, 1249.9998,"charter", 40.496,1.0266, 548, 548,charter
FALSE, 1249.9998,"pier", 84.272,0.4522, 548, 548,pier
FALSE, 1249.9998,"beach", 10.534,0.0678, 549, 549,beach
FALSE, 1249.9998,"boat", 13.740,0.1643, 549, 549,boat
FALSE, 1249.9998,"charter", 42.740,0.5391, 549, 549,charter
TRUE, 1249.9998,"pier", 10.534,0.0789, 549, 549,pier
FALSE, 3749.9999,"beach", 24.334,0.0678, 550, 550,beach
FALSE, 3749.9999,"boat", 31.740,0.0499, 550, 550,boat
FALSE, 3749.9999,"charter", 60.740,0.2421, 550, 550,charter
TRUE, 3749.9999,"pier", 24.334,0.0025, 550, 550,pier
TRUE, 2083.3332,"beach", 15.134,0.0678, 551, 551,beach
FALSE, 2083.3332,"boat", 19.740,0.1643, 551, 551,boat
FALSE, 2083.3332,"charter", 48.740,0.5391, 551, 551,charter
FALSE, 2083.3332,"pier", 15.134,0.0789, 551, 551,pier
FALSE, 3749.9999,"beach", 88.872,0.1049, 552, 552,beach
TRUE, 3749.9999,"boat", 24.334,0.0023, 552, 552,boat
FALSE, 3749.9999,"charter", 48.334,0.0046, 552, 552,charter
FALSE, 3749.9999,"pier", 88.872,0.0451, 552, 552,pier
FALSE, 6250.0013,"beach", 38.134,0.0678, 553, 553,beach
FALSE, 6250.0013,"boat", 49.740,0.0499, 553, 553,boat
FALSE, 6250.0013,"charter", 78.740,0.2421, 553, 553,charter
TRUE, 6250.0013,"pier", 38.134,0.0025, 553, 553,pier
FALSE, 3749.9999,"beach", 88.872,0.1049, 554, 554,beach
TRUE, 3749.9999,"boat", 24.334,0.1574, 554, 554,boat
FALSE, 3749.9999,"charter", 48.334,0.4671, 554, 554,charter
FALSE, 3749.9999,"pier", 88.872,0.0451, 554, 554,pier
FALSE, 2916.6666,"beach", 72.072,0.1049, 555, 555,beach
FALSE, 2916.6666,"boat", 19.734,0.0023, 555, 555,boat
TRUE, 2916.6666,"charter", 43.734,0.0046, 555, 555,charter
FALSE, 2916.6666,"pier", 72.072,0.0451, 555, 555,pier
FALSE, 2916.6666,"beach",157.872,0.5333, 556, 556,beach
FALSE, 2916.6666,"boat", 10.296,0.0156, 556, 556,boat
TRUE, 2916.6666,"charter", 45.296,0.0058, 556, 556,charter
FALSE, 2916.6666,"pier",157.872,0.4522, 556, 556,pier
FALSE,12499.9980,"beach",581.072,0.5333, 557, 557,beach
TRUE,12499.9980,"boat", 37.896,0.2413, 557, 557,boat
FALSE,12499.9980,"charter", 72.896,1.0266, 557, 557,charter
FALSE,12499.9980,"pier",581.072,0.4522, 557, 557,pier
FALSE, 7083.3317,"beach",341.872,0.5333, 558, 558,beach
FALSE, 7083.3317,"boat", 22.296,0.0361, 558, 558,boat
TRUE, 7083.3317,"charter", 57.296,0.4216, 558, 558,charter
FALSE, 7083.3317,"pier",341.872,0.0069, 558, 558,pier
FALSE, 5416.6667,"beach",268.272,0.5333, 559, 559,beach
FALSE, 5416.6667,"boat", 17.496,0.0156, 559, 559,boat
TRUE, 5416.6667,"charter", 52.496,0.0058, 559, 559,charter
FALSE, 5416.6667,"pier",268.272,0.4522, 559, 559,pier
FALSE, 7083.3317,"beach",341.872,0.5333, 560, 560,beach
FALSE, 7083.3317,"boat", 22.296,0.1665, 560, 560,boat
TRUE, 7083.3317,"charter", 57.296,0.3975, 560, 560,charter
FALSE, 7083.3317,"pier",341.872,0.4522, 560, 560,pier
TRUE, 5416.6667,"beach", 17.496,0.0678, 561, 561,beach
FALSE, 5416.6667,"boat", 78.732,0.0014, 561, 561,boat
FALSE, 5416.6667,"charter",107.732,0.0029, 561, 561,charter
FALSE, 5416.6667,"pier", 17.496,0.0789, 561, 561,pier
FALSE, 3749.9999,"beach",194.672,0.5333, 562, 562,beach
FALSE, 3749.9999,"boat", 12.696,0.0051, 562, 562,boat
TRUE, 3749.9999,"charter", 47.696,1.0266, 562, 562,charter
FALSE, 3749.9999,"pier",194.672,0.4522, 562, 562,pier
FALSE, 3749.9999,"beach", 67.712,0.1049, 563, 563,beach
TRUE, 3749.9999,"boat", 12.696,0.0002, 563, 563,boat
FALSE, 3749.9999,"charter", 36.696,0.0021, 563, 563,charter
FALSE, 3749.9999,"pier", 67.712,0.0451, 563, 563,pier
FALSE, 3749.9999,"beach", 67.712,0.1049, 564, 564,beach
TRUE, 3749.9999,"boat", 12.696,0.0613, 564, 564,boat
FALSE, 3749.9999,"charter", 36.696,0.3087, 564, 564,charter
FALSE, 3749.9999,"pier", 67.712,0.0079, 564, 564,pier
FALSE, 2083.3332,"beach", 42.112,0.1049, 565, 565,beach
TRUE, 2083.3332,"boat",  7.896,0.0023, 565, 565,boat
FALSE, 2083.3332,"charter", 31.896,0.0046, 565, 565,charter
FALSE, 2083.3332,"pier", 42.112,0.0451, 565, 565,pier
FALSE, 2916.6666,"beach",157.872,0.5333, 566, 566,beach
TRUE, 2916.6666,"boat", 10.296,0.2413, 566, 566,boat
FALSE, 2916.6666,"charter", 45.296,1.0266, 566, 566,charter
FALSE, 2916.6666,"pier",157.872,0.4522, 566, 566,pier
FALSE, 3749.9999,"beach", 12.696,0.0678, 567, 567,beach
FALSE, 3749.9999,"boat", 57.132,0.1643, 567, 567,boat
FALSE, 3749.9999,"charter", 86.132,0.5391, 567, 567,charter
TRUE, 3749.9999,"pier", 12.696,0.0789, 567, 567,pier
TRUE, 6250.0013,"beach", 89.532,0.0678, 568, 568,beach
FALSE, 6250.0013,"boat", 89.532,0.0230, 568, 568,boat
FALSE, 6250.0013,"charter",114.532,0.1648, 568, 568,charter
FALSE, 6250.0013,"pier", 89.532,0.0503, 568, 568,pier
FALSE, 2916.6666,"beach", 46.332,0.0678, 569, 569,beach
TRUE, 2916.6666,"boat", 46.332,0.1491, 569, 569,boat
FALSE, 2916.6666,"charter", 71.332,0.2421, 569, 569,charter
FALSE, 2916.6666,"pier", 46.332,0.0052, 569, 569,pier
FALSE, 6250.0013,"beach",106.112,0.1049, 570, 570,beach
TRUE, 6250.0013,"boat", 19.896,0.0023, 570, 570,boat
FALSE, 6250.0013,"charter", 43.896,0.0046, 570, 570,charter
FALSE, 6250.0013,"pier",106.112,0.0451, 570, 570,pier
FALSE, 7083.3317,"beach", 22.296,0.0678, 571, 571,beach
FALSE, 7083.3317,"boat",100.332,0.1643, 571, 571,boat
FALSE, 7083.3317,"charter",129.332,0.5391, 571, 571,charter
TRUE, 7083.3317,"pier", 22.296,0.0789, 571, 571,pier
FALSE, 2083.3332,"beach",121.072,0.5333, 572, 572,beach
FALSE, 2083.3332,"boat",  7.896,0.2413, 572, 572,boat
TRUE, 2083.3332,"charter", 42.896,1.0266, 572, 572,charter
FALSE, 2083.3332,"pier",121.072,0.4522, 572, 572,pier
FALSE, 2083.3332,"beach",121.072,0.5333, 573, 573,beach
FALSE, 2083.3332,"boat",  7.896,0.1665, 573, 573,boat
TRUE, 2083.3332,"charter", 42.896,0.3975, 573, 573,charter
FALSE, 2083.3332,"pier",121.072,0.4522, 573, 573,pier
FALSE, 5416.6667,"beach", 93.312,0.1049, 574, 574,beach
TRUE, 5416.6667,"boat", 17.496,0.1574, 574, 574,boat
FALSE, 5416.6667,"charter", 41.496,0.4671, 574, 574,charter
FALSE, 5416.6667,"pier", 93.312,0.0451, 574, 574,pier
FALSE, 2916.6666,"beach", 54.912,0.1049, 575, 575,beach
TRUE, 2916.6666,"boat", 10.296,0.0023, 575, 575,boat
FALSE, 2916.6666,"charter", 34.296,0.0046, 575, 575,charter
FALSE, 2916.6666,"pier", 54.912,0.0451, 575, 575,pier
FALSE, 4583.3320,"beach", 80.512,0.1049, 576, 576,beach
TRUE, 4583.3320,"boat", 15.096,0.0613, 576, 576,boat
FALSE, 4583.3320,"charter", 39.096,0.3087, 576, 576,charter
FALSE, 4583.3320,"pier", 80.512,0.0079, 576, 576,pier
FALSE, 3749.9999,"beach", 67.712,0.1049, 577, 577,beach
TRUE, 3749.9999,"boat", 12.696,0.0023, 577, 577,boat
FALSE, 3749.9999,"charter", 36.696,0.0046, 577, 577,charter
FALSE, 3749.9999,"pier", 67.712,0.0451, 577, 577,pier
FALSE, 2916.6666,"beach", 54.912,0.1049, 578, 578,beach
FALSE, 2916.6666,"boat", 10.296,0.0613, 578, 578,boat
TRUE, 2916.6666,"charter", 34.296,0.3087, 578, 578,charter
FALSE, 2916.6666,"pier", 54.912,0.0079, 578, 578,pier
FALSE, 8750.0010,"beach",415.472,0.5333, 579, 579,beach
TRUE, 8750.0010,"boat", 27.096,0.0156, 579, 579,boat
FALSE, 8750.0010,"charter", 62.096,0.0058, 579, 579,charter
FALSE, 8750.0010,"pier",415.472,0.4522, 579, 579,pier
FALSE, 1249.9998,"beach", 95.264,0.5333, 580, 580,beach
FALSE, 1249.9998,"boat", 10.534,0.0361, 580, 580,boat
TRUE, 1249.9998,"charter", 45.534,0.4216, 580, 580,charter
FALSE, 1249.9998,"pier", 95.264,0.0069, 580, 580,pier
TRUE,12499.9980,"beach", 37.896,0.0678, 581, 581,beach
FALSE,12499.9980,"boat",170.532,0.0014, 581, 581,boat
FALSE,12499.9980,"charter",199.532,0.0029, 581, 581,charter
FALSE,12499.9980,"pier", 37.896,0.0789, 581, 581,pier
FALSE, 2083.3332,"beach",121.072,0.5333, 582, 582,beach
FALSE, 2083.3332,"boat",  7.896,0.0361, 582, 582,boat
TRUE, 2083.3332,"charter", 42.896,0.4216, 582, 582,charter
FALSE, 2083.3332,"pier",121.072,0.0069, 582, 582,pier
FALSE, 2916.6666,"beach", 54.912,0.1049, 583, 583,beach
FALSE, 2916.6666,"boat", 10.296,0.0023, 583, 583,boat
TRUE, 2916.6666,"charter", 34.296,0.0046, 583, 583,charter
FALSE, 2916.6666,"pier", 54.912,0.0451, 583, 583,pier
FALSE, 5416.6667,"beach",268.272,0.5333, 584, 584,beach
FALSE, 5416.6667,"boat", 17.496,0.0361, 584, 584,boat
TRUE, 5416.6667,"charter", 52.496,0.4216, 584, 584,charter
FALSE, 5416.6667,"pier",268.272,0.0069, 584, 584,pier
FALSE, 2916.6666,"beach",157.872,0.5333, 585, 585,beach
TRUE, 2916.6666,"boat", 10.296,0.0051, 585, 585,boat
FALSE, 2916.6666,"charter", 45.296,1.0266, 585, 585,charter
FALSE, 2916.6666,"pier",157.872,0.4522, 585, 585,pier
FALSE, 2916.6666,"beach",157.872,0.5333, 586, 586,beach
TRUE, 2916.6666,"boat", 10.296,0.0156, 586, 586,boat
FALSE, 2916.6666,"charter", 45.296,0.0058, 586, 586,charter
FALSE, 2916.6666,"pier",157.872,0.4522, 586, 586,pier
FALSE, 4583.3320,"beach", 80.512,0.1049, 587, 587,beach
TRUE, 4583.3320,"boat", 15.096,0.1574, 587, 587,boat
FALSE, 4583.3320,"charter", 39.096,0.4671, 587, 587,charter
FALSE, 4583.3320,"pier", 80.512,0.0451, 587, 587,pier
TRUE, 2916.6666,"beach", 10.296,0.0678, 588, 588,beach
FALSE, 2916.6666,"boat", 46.332,0.1643, 588, 588,boat
FALSE, 2916.6666,"charter", 75.332,0.5391, 588, 588,charter
FALSE, 2916.6666,"pier", 10.296,0.0789, 588, 588,pier
FALSE, 6250.0013,"beach",106.112,0.2537, 589, 589,beach
FALSE, 6250.0013,"boat",305.072,0.0531, 589, 589,boat
TRUE, 6250.0013,"charter",330.072,0.0052, 589, 589,charter
FALSE, 6250.0013,"pier",106.112,0.1498, 589, 589,pier
FALSE, 2916.6666,"beach",157.872,0.5333, 590, 590,beach
FALSE, 2916.6666,"boat", 10.296,0.1665, 590, 590,boat
TRUE, 2916.6666,"charter", 45.296,0.3975, 590, 590,charter
FALSE, 2916.6666,"pier",157.872,0.4522, 590, 590,pier
FALSE, 6250.0013,"beach", 89.532,0.0678, 591, 591,beach
TRUE, 6250.0013,"boat",106.112,0.0143, 591, 591,boat
FALSE, 6250.0013,"charter",135.612,0.0289, 591, 591,charter
FALSE, 6250.0013,"pier", 89.532,0.0503, 591, 591,pier
FALSE, 2916.6666,"beach", 54.912,0.1049, 592, 592,beach
TRUE, 2916.6666,"boat", 10.296,0.0023, 592, 592,boat
FALSE, 2916.6666,"charter", 34.296,0.0046, 592, 592,charter
FALSE, 2916.6666,"pier", 54.912,0.0451, 592, 592,pier
FALSE, 4583.3320,"beach",231.472,0.5333, 593, 593,beach
TRUE, 4583.3320,"boat", 15.096,0.0156, 593, 593,boat
FALSE, 4583.3320,"charter", 50.096,0.0058, 593, 593,charter
FALSE, 4583.3320,"pier",231.472,0.4522, 593, 593,pier
FALSE, 5416.6667,"beach",268.272,0.5333, 594, 594,beach
TRUE, 5416.6667,"boat", 17.496,0.0361, 594, 594,boat
FALSE, 5416.6667,"charter", 52.496,0.4216, 594, 594,charter
FALSE, 5416.6667,"pier",268.272,0.0069, 594, 594,pier
FALSE, 9583.3357,"beach",157.312,0.1049, 595, 595,beach
FALSE, 9583.3357,"boat", 29.496,0.0023, 595, 595,boat
TRUE, 9583.3357,"charter", 53.496,0.0046, 595, 595,charter
FALSE, 9583.3357,"pier",157.312,0.0451, 595, 595,pier
FALSE, 2083.3332,"beach",121.072,0.5333, 596, 596,beach
FALSE, 2083.3332,"boat",  7.896,0.0361, 596, 596,boat
TRUE, 2083.3332,"charter", 42.896,0.4216, 596, 596,charter
FALSE, 2083.3332,"pier",121.072,0.0069, 596, 596,pier
FALSE, 4583.3320,"beach",231.472,0.5333, 597, 597,beach
FALSE, 4583.3320,"boat", 15.096,0.0361, 597, 597,boat
TRUE, 4583.3320,"charter", 50.096,0.4216, 597, 597,charter
FALSE, 4583.3320,"pier",231.472,0.0069, 597, 597,pier
FALSE, 7083.3317,"beach",341.872,0.5333, 598, 598,beach
TRUE, 7083.3317,"boat", 22.296,0.0361, 598, 598,boat
FALSE, 7083.3317,"charter", 57.296,0.4216, 598, 598,charter
FALSE, 7083.3317,"pier",341.872,0.0069, 598, 598,pier
FALSE, 4583.3320,"beach", 80.512,0.1049, 599, 599,beach
TRUE, 4583.3320,"boat", 15.096,0.1574, 599, 599,boat
FALSE, 4583.3320,"charter", 39.096,0.4671, 599, 599,charter
FALSE, 4583.3320,"pier", 80.512,0.0451, 599, 599,pier
FALSE, 6250.0013,"beach",344.864,0.5333, 600, 600,beach
FALSE, 6250.0013,"boat", 38.134,0.2413, 600, 600,boat
TRUE, 6250.0013,"charter", 73.134,1.0266, 600, 600,charter
FALSE, 6250.0013,"pier",344.864,0.4522, 600, 600,pier
FALSE, 3749.9999,"beach",220.064,0.5333, 601, 601,beach
FALSE, 3749.9999,"boat", 24.334,0.0156, 601, 601,boat
TRUE, 3749.9999,"charter", 59.334,0.0058, 601, 601,charter
FALSE, 3749.9999,"pier",220.064,0.4522, 601, 601,pier
FALSE, 5416.6667,"beach",122.472,0.1049, 602, 602,beach
FALSE, 5416.6667,"boat", 33.534,0.0613, 602, 602,boat
TRUE, 5416.6667,"charter", 57.534,0.3087, 602, 602,charter
FALSE, 5416.6667,"pier",122.472,0.0079, 602, 602,pier
FALSE, 2916.6666,"beach", 72.072,0.1049, 603, 603,beach
FALSE, 2916.6666,"boat", 19.734,0.0023, 603, 603,boat
TRUE, 2916.6666,"charter", 43.734,0.0046, 603, 603,charter
FALSE, 2916.6666,"pier", 72.072,0.0451, 603, 603,pier
TRUE,  416.6667,"beach",  5.934,0.0678, 604, 604,beach
FALSE,  416.6667,"boat",  7.740,0.0014, 604, 604,boat
FALSE,  416.6667,"charter", 36.740,0.0029, 604, 604,charter
FALSE,  416.6667,"pier",  5.934,0.0789, 604, 604,pier
FALSE, 2083.3332,"beach",136.864,0.5333, 605, 605,beach
FALSE, 2083.3332,"boat", 15.134,0.0156, 605, 605,boat
TRUE, 2083.3332,"charter", 50.134,0.0058, 605, 605,charter
FALSE, 2083.3332,"pier",136.864,0.4522, 605, 605,pier
FALSE, 2083.3332,"beach",136.864,0.5333, 606, 606,beach
FALSE, 2083.3332,"boat", 15.134,0.0156, 606, 606,boat
TRUE, 2083.3332,"charter", 50.134,0.0058, 606, 606,charter
FALSE, 2083.3332,"pier",136.864,0.4522, 606, 606,pier
FALSE, 2083.3332,"beach",136.864,0.5333, 607, 607,beach
TRUE, 2083.3332,"boat", 15.134,0.2413, 607, 607,boat
FALSE, 2083.3332,"charter", 50.134,1.0266, 607, 607,charter
FALSE, 2083.3332,"pier",136.864,0.4522, 607, 607,pier
FALSE, 1249.9998,"beach", 95.264,0.5333, 608, 608,beach
FALSE, 1249.9998,"boat", 10.534,0.0361, 608, 608,boat
TRUE, 1249.9998,"charter", 45.534,0.4216, 608, 608,charter
FALSE, 1249.9998,"pier", 95.264,0.0069, 608, 608,pier
FALSE,10416.6660,"beach",223.272,0.1049, 609, 609,beach
TRUE,10416.6660,"boat", 61.134,0.0613, 609, 609,boat
FALSE,10416.6660,"charter", 85.134,0.3087, 609, 609,charter
FALSE,10416.6660,"pier",223.272,0.0079, 609, 609,pier
FALSE, 7083.3317,"beach",386.464,0.5333, 610, 610,beach
TRUE, 7083.3317,"boat", 42.734,0.0361, 610, 610,boat
FALSE, 7083.3317,"charter", 77.734,0.4216, 610, 610,charter
FALSE, 7083.3317,"pier",386.464,0.0069, 610, 610,pier
FALSE, 5416.6667,"beach",303.264,0.5333, 611, 611,beach
FALSE, 5416.6667,"boat", 33.534,0.2413, 611, 611,boat
TRUE, 5416.6667,"charter", 68.534,1.0266, 611, 611,charter
FALSE, 5416.6667,"pier",303.264,0.4522, 611, 611,pier
TRUE, 3749.9999,"beach", 24.334,0.0678, 612, 612,beach
FALSE, 3749.9999,"boat", 31.740,0.1643, 612, 612,boat
FALSE, 3749.9999,"charter", 60.740,0.5391, 612, 612,charter
FALSE, 3749.9999,"pier", 24.334,0.0789, 612, 612,pier
FALSE, 2916.6666,"beach", 72.072,0.1049, 613, 613,beach
FALSE, 2916.6666,"boat", 19.734,0.0613, 613, 613,boat
TRUE, 2916.6666,"charter", 43.734,0.3087, 613, 613,charter
FALSE, 2916.6666,"pier", 72.072,0.0079, 613, 613,pier
FALSE,12499.9980,"beach",265.272,0.1049, 614, 614,beach
TRUE,12499.9980,"boat", 72.634,0.0613, 614, 614,boat
FALSE,12499.9980,"charter", 96.634,0.3087, 614, 614,charter
FALSE,12499.9980,"pier",265.272,0.0079, 614, 614,pier
FALSE, 2916.6666,"beach",178.464,0.5333, 615, 615,beach
TRUE, 2916.6666,"boat", 19.734,0.2413, 615, 615,boat
FALSE, 2916.6666,"charter", 54.734,1.0266, 615, 615,charter
FALSE, 2916.6666,"pier",178.464,0.4522, 615, 615,pier
FALSE, 2916.6666,"beach", 54.912,0.1049, 616, 616,beach
FALSE, 2916.6666,"boat", 10.296,0.1574, 616, 616,boat
TRUE, 2916.6666,"charter", 34.296,0.4671, 616, 616,charter
FALSE, 2916.6666,"pier", 54.912,0.0451, 616, 616,pier
FALSE, 7083.3317,"beach", 22.296,0.0678, 617, 617,beach
FALSE, 7083.3317,"boat",100.332,0.1643, 617, 617,boat
FALSE, 7083.3317,"charter",129.332,0.5391, 617, 617,charter
TRUE, 7083.3317,"pier", 22.296,0.0789, 617, 617,pier
FALSE,12499.9980,"beach",581.072,0.5333, 618, 618,beach
TRUE,12499.9980,"boat", 37.896,0.2413, 618, 618,boat
FALSE,12499.9980,"charter", 72.896,1.0266, 618, 618,charter
FALSE,12499.9980,"pier",581.072,0.4522, 618, 618,pier
FALSE, 3749.9999,"beach", 67.712,0.1049, 619, 619,beach
TRUE, 3749.9999,"boat", 12.696,0.1574, 619, 619,boat
FALSE, 3749.9999,"charter", 36.696,0.4671, 619, 619,charter
FALSE, 3749.9999,"pier", 67.712,0.0451, 619, 619,pier
FALSE, 5416.6667,"beach", 93.312,0.1049, 620, 620,beach
TRUE, 5416.6667,"boat", 17.496,0.0238, 620, 620,boat
FALSE, 5416.6667,"charter", 41.496,0.0468, 620, 620,charter
FALSE, 5416.6667,"pier", 93.312,0.0451, 620, 620,pier
TRUE, 5416.6667,"beach", 93.312,0.2537, 621, 621,beach
FALSE, 5416.6667,"boat", 93.312,0.0233, 621, 621,boat
FALSE, 5416.6667,"charter",111.812,0.0219, 621, 621,charter
FALSE, 5416.6667,"pier", 93.312,0.1498, 621, 621,pier
FALSE, 3749.9999,"beach",220.064,0.5333, 622, 622,beach
FALSE, 3749.9999,"boat", 24.334,0.0156, 622, 622,boat
TRUE, 3749.9999,"charter", 59.334,0.0058, 622, 622,charter
FALSE, 3749.9999,"pier",220.064,0.4522, 622, 622,pier
FALSE, 2916.6666,"beach",178.464,0.5333, 623, 623,beach
FALSE, 2916.6666,"boat", 19.734,0.2413, 623, 623,boat
TRUE, 2916.6666,"charter", 54.734,1.0266, 623, 623,charter
FALSE, 2916.6666,"pier",178.464,0.4522, 623, 623,pier
FALSE,12499.9980,"beach",265.272,0.1049, 624, 624,beach
TRUE,12499.9980,"boat", 72.634,0.1574, 624, 624,boat
FALSE,12499.9980,"charter", 96.634,0.4671, 624, 624,charter
FALSE,12499.9980,"pier",265.272,0.0451, 624, 624,pier
FALSE, 9583.3357,"beach", 56.534,0.0678, 625, 625,beach
FALSE, 9583.3357,"boat", 73.740,0.1643, 625, 625,boat
FALSE, 9583.3357,"charter",102.740,0.5391, 625, 625,charter
TRUE, 9583.3357,"pier", 56.534,0.0789, 625, 625,pier
FALSE, 5416.6667,"beach",122.472,0.1049, 626, 626,beach
FALSE, 5416.6667,"boat", 33.534,0.0238, 626, 626,boat
TRUE, 5416.6667,"charter", 57.534,0.0468, 626, 626,charter
FALSE, 5416.6667,"pier",122.472,0.0451, 626, 626,pier
TRUE, 2083.3332,"beach", 15.134,0.0678, 627, 627,beach
FALSE, 2083.3332,"boat", 19.740,0.1643, 627, 627,boat
FALSE, 2083.3332,"charter", 48.740,0.5391, 627, 627,charter
FALSE, 2083.3332,"pier", 15.134,0.0789, 627, 627,pier
FALSE, 4583.3320,"beach",261.664,0.5333, 628, 628,beach
TRUE, 4583.3320,"boat", 28.934,0.0361, 628, 628,boat
FALSE, 4583.3320,"charter", 63.934,0.4216, 628, 628,charter
FALSE, 4583.3320,"pier",261.664,0.0069, 628, 628,pier
TRUE, 7083.3317,"beach", 42.734,0.0678, 629, 629,beach
FALSE, 7083.3317,"boat", 55.740,0.1643, 629, 629,boat
FALSE, 7083.3317,"charter", 84.740,0.5391, 629, 629,charter
FALSE, 7083.3317,"pier", 42.734,0.0789, 629, 629,pier
FALSE, 8750.0010,"beach",189.672,0.1049, 630, 630,beach
TRUE, 8750.0010,"boat", 51.934,0.0023, 630, 630,boat
FALSE, 8750.0010,"charter", 75.934,0.0046, 630, 630,charter
FALSE, 8750.0010,"pier",189.672,0.0451, 630, 630,pier
FALSE, 6250.0013,"beach",344.864,0.5333, 631, 631,beach
TRUE, 6250.0013,"boat", 38.134,0.2413, 631, 631,boat
FALSE, 6250.0013,"charter", 73.134,1.0266, 631, 631,charter
FALSE, 6250.0013,"pier",344.864,0.4522, 631, 631,pier
FALSE, 2916.6666,"beach", 54.912,0.1049, 632, 632,beach
TRUE, 2916.6666,"boat", 10.296,0.0023, 632, 632,boat
FALSE, 2916.6666,"charter", 34.296,0.0046, 632, 632,charter
FALSE, 2916.6666,"pier", 54.912,0.0451, 632, 632,pier
FALSE, 2916.6666,"beach",157.872,0.5333, 633, 633,beach
TRUE, 2916.6666,"boat", 10.296,0.0361, 633, 633,boat
FALSE, 2916.6666,"charter", 45.296,0.4216, 633, 633,charter
FALSE, 2916.6666,"pier",157.872,0.0069, 633, 633,pier
FALSE, 8750.0010,"beach",415.472,0.5333, 634, 634,beach
FALSE, 8750.0010,"boat", 27.096,0.0361, 634, 634,boat
TRUE, 8750.0010,"charter", 62.096,0.4216, 634, 634,charter
FALSE, 8750.0010,"pier",415.472,0.0069, 634, 634,pier
FALSE,12499.9980,"beach",581.072,0.5333, 635, 635,beach
TRUE,12499.9980,"boat", 37.896,0.0156, 635, 635,boat
FALSE,12499.9980,"charter", 72.896,0.0058, 635, 635,charter
FALSE,12499.9980,"pier",581.072,0.4522, 635, 635,pier
FALSE, 7916.6663,"beach",378.672,0.5333, 636, 636,beach
FALSE, 7916.6663,"boat", 24.696,0.1665, 636, 636,boat
TRUE, 7916.6663,"charter", 59.696,0.3975, 636, 636,charter
FALSE, 7916.6663,"pier",378.672,0.4522, 636, 636,pier
FALSE, 6250.0013,"beach", 19.896,0.0678, 637, 637,beach
TRUE, 6250.0013,"boat",106.112,0.0108, 637, 637,boat
FALSE, 6250.0013,"charter",141.112,0.2377, 637, 637,charter
FALSE, 6250.0013,"pier", 19.896,0.0025, 637, 637,pier
FALSE, 3749.9999,"beach", 67.712,0.1049, 638, 638,beach
FALSE, 3749.9999,"boat", 12.696,0.0238, 638, 638,boat
TRUE, 3749.9999,"charter", 36.696,0.0468, 638, 638,charter
FALSE, 3749.9999,"pier", 67.712,0.0451, 638, 638,pier
FALSE, 5416.6667,"beach", 17.496,0.0678, 639, 639,beach
FALSE, 5416.6667,"boat", 78.732,0.0499, 639, 639,boat
FALSE, 5416.6667,"charter",107.732,0.2421, 639, 639,charter
TRUE, 5416.6667,"pier", 17.496,0.0025, 639, 639,pier
FALSE, 9583.3357,"beach",452.272,0.5333, 640, 640,beach
TRUE, 9583.3357,"boat", 29.496,0.2413, 640, 640,boat
FALSE, 9583.3357,"charter", 64.496,1.0266, 640, 640,charter
FALSE, 9583.3357,"pier",452.272,0.4522, 640, 640,pier
FALSE, 5416.6667,"beach", 93.312,0.1049, 641, 641,beach
FALSE, 5416.6667,"boat", 17.496,0.0613, 641, 641,boat
TRUE, 5416.6667,"charter", 41.496,0.3087, 641, 641,charter
FALSE, 5416.6667,"pier", 93.312,0.0079, 641, 641,pier
FALSE, 3749.9999,"beach", 12.696,0.0678, 642, 642,beach
FALSE, 3749.9999,"boat", 57.132,0.1643, 642, 642,boat
FALSE, 3749.9999,"charter", 86.132,0.5391, 642, 642,charter
TRUE, 3749.9999,"pier", 12.696,0.0789, 642, 642,pier
FALSE,12499.9980,"beach",202.112,0.1049, 643, 643,beach
TRUE,12499.9980,"boat", 37.896,0.0023, 643, 643,boat
FALSE,12499.9980,"charter", 61.896,0.0046, 643, 643,charter
FALSE,12499.9980,"pier",202.112,0.0451, 643, 643,pier
FALSE,10416.6660,"beach",489.072,0.5333, 644, 644,beach
FALSE,10416.6660,"boat", 31.896,0.2413, 644, 644,boat
TRUE,10416.6660,"charter", 66.896,1.0266, 644, 644,charter
FALSE,10416.6660,"pier",489.072,0.4522, 644, 644,pier
FALSE, 2916.6666,"beach", 54.912,0.1049, 645, 645,beach
TRUE, 2916.6666,"boat", 10.296,0.0613, 645, 645,boat
FALSE, 2916.6666,"charter", 34.296,0.3087, 645, 645,charter
FALSE, 2916.6666,"pier", 54.912,0.0079, 645, 645,pier
FALSE, 1249.9998,"beach",  5.496,0.0678, 646, 646,beach
FALSE, 1249.9998,"boat", 24.732,0.0499, 646, 646,boat
FALSE, 1249.9998,"charter", 53.732,0.2421, 646, 646,charter
TRUE, 1249.9998,"pier",  5.496,0.0025, 646, 646,pier
FALSE, 2916.6666,"beach", 10.296,0.0678, 647, 647,beach
FALSE, 2916.6666,"boat", 54.912,0.0897, 647, 647,boat
TRUE, 2916.6666,"charter", 89.912,1.0905, 647, 647,charter
FALSE, 2916.6666,"pier", 10.296,0.0789, 647, 647,pier
FALSE, 3749.9999,"beach", 12.696,0.0678, 648, 648,beach
TRUE, 3749.9999,"boat", 67.712,0.0102, 648, 648,boat
FALSE, 3749.9999,"charter",102.712,0.0209, 648, 648,charter
FALSE, 3749.9999,"pier", 12.696,0.0789, 648, 648,pier
FALSE, 4583.3320,"beach",231.472,0.5333, 649, 649,beach
FALSE, 4583.3320,"boat", 15.096,0.0361, 649, 649,boat
TRUE, 4583.3320,"charter", 50.096,0.4216, 649, 649,charter
FALSE, 4583.3320,"pier",231.472,0.0069, 649, 649,pier
TRUE, 2916.6666,"beach", 10.296,0.0678, 650, 650,beach
FALSE, 2916.6666,"boat", 46.332,0.1643, 650, 650,boat
FALSE, 2916.6666,"charter", 75.332,0.5391, 650, 650,charter
FALSE, 2916.6666,"pier", 10.296,0.0789, 650, 650,pier
FALSE, 2083.3332,"beach", 42.112,0.1049, 651, 651,beach
TRUE, 2083.3332,"boat",  7.896,0.1574, 651, 651,boat
FALSE, 2083.3332,"charter", 31.896,0.4671, 651, 651,charter
FALSE, 2083.3332,"pier", 42.112,0.0451, 651, 651,pier
FALSE, 4583.3320,"beach",231.472,0.5333, 652, 652,beach
FALSE, 4583.3320,"boat", 15.096,0.1665, 652, 652,boat
TRUE, 4583.3320,"charter", 50.096,0.3975, 652, 652,charter
FALSE, 4583.3320,"pier",231.472,0.4522, 652, 652,pier
FALSE, 2083.3332,"beach",121.072,0.5333, 653, 653,beach
FALSE, 2083.3332,"boat",  7.896,0.0361, 653, 653,boat
TRUE, 2083.3332,"charter", 42.896,0.4216, 653, 653,charter
FALSE, 2083.3332,"pier",121.072,0.0069, 653, 653,pier
FALSE, 4583.3320,"beach",231.472,0.5333, 654, 654,beach
TRUE, 4583.3320,"boat", 15.096,0.0156, 654, 654,boat
FALSE, 4583.3320,"charter", 50.096,0.0058, 654, 654,charter
FALSE, 4583.3320,"pier",231.472,0.4522, 654, 654,pier
FALSE, 2916.6666,"beach", 10.296,0.0678, 655, 655,beach
FALSE, 2916.6666,"boat", 46.332,0.1643, 655, 655,boat
FALSE, 2916.6666,"charter", 75.332,0.5391, 655, 655,charter
TRUE, 2916.6666,"pier", 10.296,0.0789, 655, 655,pier
TRUE, 1249.9998,"beach",  5.496,0.0678, 656, 656,beach
FALSE, 1249.9998,"boat", 24.732,0.1643, 656, 656,boat
FALSE, 1249.9998,"charter", 53.732,0.5391, 656, 656,charter
FALSE, 1249.9998,"pier",  5.496,0.0789, 656, 656,pier
FALSE,12499.9980,"beach",202.112,0.1049, 657, 657,beach
TRUE,12499.9980,"boat", 37.896,0.0238, 657, 657,boat
FALSE,12499.9980,"charter", 61.896,0.0468, 657, 657,charter
FALSE,12499.9980,"pier",202.112,0.0451, 657, 657,pier
FALSE, 5416.6667,"beach", 78.732,0.0678, 658, 658,beach
FALSE, 5416.6667,"boat", 78.732,0.2601, 658, 658,boat
FALSE, 5416.6667,"charter",103.732,0.5391, 658, 658,charter
TRUE, 5416.6667,"pier", 78.732,0.0503, 658, 658,pier
FALSE, 5416.6667,"beach",268.272,0.5333, 659, 659,beach
TRUE, 5416.6667,"boat", 17.496,0.2413, 659, 659,boat
FALSE, 5416.6667,"charter", 52.496,1.0266, 659, 659,charter
FALSE, 5416.6667,"pier",268.272,0.4522, 659, 659,pier
TRUE, 2083.3332,"beach",  9.870,0.2537, 660, 660,beach
FALSE, 2083.3332,"boat", 32.900,0.2339, 660, 660,boat
FALSE, 2083.3332,"charter", 51.400,0.6288, 660, 660,charter
FALSE, 2083.3332,"pier",  9.870,0.1498, 660, 660,pier
FALSE, 9583.3357,"beach", 36.870,0.2537, 661, 661,beach
FALSE, 9583.3357,"boat",122.900,0.2339, 661, 661,boat
FALSE, 9583.3357,"charter",141.400,0.6288, 661, 661,charter
TRUE, 9583.3357,"pier", 36.870,0.1498, 661, 661,pier
FALSE,10416.6660,"beach",276.432,0.5333, 662, 662,beach
FALSE,10416.6660,"boat",212.640,0.0361, 662, 662,boat
TRUE,10416.6660,"charter",247.640,0.4216, 662, 662,charter
FALSE,10416.6660,"pier",276.432,0.0069, 662, 662,pier
FALSE, 2083.3332,"beach",100.016,0.0678, 663, 663,beach
FALSE, 2083.3332,"boat",  9.870,0.0732, 663, 663,boat
TRUE, 2083.3332,"charter", 39.370,0.1726, 663, 663,charter
FALSE, 2083.3332,"pier",100.016,0.0052, 663, 663,pier
FALSE, 7083.3317,"beach",193.232,0.5333, 664, 664,beach
FALSE, 7083.3317,"boat",148.640,0.2413, 664, 664,boat
TRUE, 7083.3317,"charter",183.640,1.0266, 664, 664,charter
FALSE, 7083.3317,"pier",193.232,0.4522, 664, 664,pier
FALSE, 2083.3332,"beach", 52.640,0.0678, 665, 665,beach
TRUE, 2083.3332,"boat",  9.870,0.0102, 665, 665,boat
FALSE, 2083.3332,"charter", 44.870,0.0209, 665, 665,charter
FALSE, 2083.3332,"pier", 52.640,0.0789, 665, 665,pier
FALSE, 4583.3320,"beach",191.216,0.0678, 666, 666,beach
TRUE, 4583.3320,"boat", 18.870,0.0143, 666, 666,boat
FALSE, 4583.3320,"charter", 48.370,0.0289, 666, 666,charter
FALSE, 4583.3320,"pier",191.216,0.0503, 666, 666,pier
TRUE,12499.9980,"beach", 47.370,0.2537, 667, 667,beach
FALSE,12499.9980,"boat",157.900,0.0233, 667, 667,boat
FALSE,12499.9980,"charter",176.400,0.0219, 667, 667,charter
FALSE,12499.9980,"pier", 47.370,0.1498, 667, 667,pier
FALSE, 2916.6666,"beach", 68.640,0.0678, 668, 668,beach
FALSE, 2916.6666,"boat", 12.870,0.0897, 668, 668,boat
TRUE, 2916.6666,"charter", 47.870,1.0905, 668, 668,charter
FALSE, 2916.6666,"pier", 68.640,0.0789, 668, 668,pier
FALSE,12499.9980,"beach",252.640,0.0678, 669, 669,beach
TRUE,12499.9980,"boat", 47.370,0.0102, 669, 669,boat
FALSE,12499.9980,"charter", 82.370,0.0209, 669, 669,charter
FALSE,12499.9980,"pier",252.640,0.0789, 669, 669,pier
FALSE, 4583.3320,"beach",191.216,0.0678, 670, 670,beach
TRUE, 4583.3320,"boat", 18.870,0.0143, 670, 670,boat
FALSE, 4583.3320,"charter", 48.370,0.0289, 670, 670,charter
FALSE, 4583.3320,"pier",191.216,0.0503, 670, 670,pier
FALSE, 2916.6666,"beach", 68.640,0.0678, 671, 671,beach
TRUE, 2916.6666,"boat", 12.870,0.0108, 671, 671,boat
FALSE, 2916.6666,"charter", 47.870,0.2377, 671, 671,charter
FALSE, 2916.6666,"pier", 68.640,0.0025, 671, 671,pier
FALSE, 3749.9999,"beach",160.816,0.0678, 672, 672,beach
TRUE, 3749.9999,"boat", 15.870,0.0143, 672, 672,boat
FALSE, 3749.9999,"charter", 45.370,0.0289, 672, 672,charter
FALSE, 3749.9999,"pier",160.816,0.0503, 672, 672,pier
FALSE, 7083.3317,"beach",148.640,0.0678, 673, 673,beach
TRUE, 7083.3317,"boat", 27.870,0.0559, 673, 673,boat
FALSE, 7083.3317,"charter", 62.870,0.6456, 673, 673,charter
FALSE, 7083.3317,"pier",148.640,0.0789, 673, 673,pier
FALSE, 3749.9999,"beach", 84.640,0.0678, 674, 674,beach
TRUE, 3749.9999,"boat", 15.870,0.0102, 674, 674,boat
FALSE, 3749.9999,"charter", 50.870,0.0209, 674, 674,charter
FALSE, 3749.9999,"pier", 84.640,0.0789, 674, 674,pier
FALSE, 8750.0010,"beach",180.640,0.0678, 675, 675,beach
FALSE, 8750.0010,"boat", 33.870,0.0102, 675, 675,boat
TRUE, 8750.0010,"charter", 68.870,0.0209, 675, 675,charter
FALSE, 8750.0010,"pier",180.640,0.0789, 675, 675,pier
TRUE, 2083.3332,"beach",  9.870,0.2537, 676, 676,beach
FALSE, 2083.3332,"boat", 32.900,0.2339, 676, 676,boat
FALSE, 2083.3332,"charter", 51.400,0.6288, 676, 676,charter
FALSE, 2083.3332,"pier",  9.870,0.1498, 676, 676,pier
FALSE, 4583.3320,"beach",100.640,0.0678, 677, 677,beach
FALSE, 4583.3320,"boat", 18.870,0.0897, 677, 677,boat
TRUE, 4583.3320,"charter", 53.870,1.0905, 677, 677,charter
FALSE, 4583.3320,"pier",100.640,0.0789, 677, 677,pier
FALSE, 7083.3317,"beach",148.640,0.0678, 678, 678,beach
TRUE, 7083.3317,"boat", 27.870,0.0102, 678, 678,boat
FALSE, 7083.3317,"charter", 62.870,0.0209, 678, 678,charter
FALSE, 7083.3317,"pier",148.640,0.0789, 678, 678,pier
FALSE, 7083.3317,"beach",148.640,0.0678, 679, 679,beach
TRUE, 7083.3317,"boat", 27.870,0.0102, 679, 679,boat
FALSE, 7083.3317,"charter", 62.870,0.0209, 679, 679,charter
FALSE, 7083.3317,"pier",148.640,0.0789, 679, 679,pier
FALSE, 4583.3320,"beach",191.216,0.0678, 680, 680,beach
TRUE, 4583.3320,"boat", 18.870,0.0143, 680, 680,boat
FALSE, 4583.3320,"charter", 48.370,0.0289, 680, 680,charter
FALSE, 4583.3320,"pier",191.216,0.0503, 680, 680,pier
FALSE, 2916.6666,"beach", 68.640,0.0678, 681, 681,beach
FALSE, 2916.6666,"boat", 12.870,0.0108, 681, 681,boat
TRUE, 2916.6666,"charter", 47.870,0.2377, 681, 681,charter
FALSE, 2916.6666,"pier", 68.640,0.0025, 681, 681,pier
FALSE, 4583.3320,"beach",100.640,0.0678, 682, 682,beach
TRUE, 4583.3320,"boat", 18.870,0.0102, 682, 682,boat
FALSE, 4583.3320,"charter", 53.870,0.0209, 682, 682,charter
FALSE, 4583.3320,"pier",100.640,0.0789, 682, 682,pier
FALSE, 4583.3320,"beach",191.216,0.0678, 683, 683,beach
TRUE, 4583.3320,"boat", 18.870,0.0143, 683, 683,boat
FALSE, 4583.3320,"charter", 48.370,0.0289, 683, 683,charter
FALSE, 4583.3320,"pier",191.216,0.0503, 683, 683,pier
FALSE, 6250.0013,"beach",132.640,0.0678, 684, 684,beach
FALSE, 6250.0013,"boat", 24.870,0.0897, 684, 684,boat
TRUE, 6250.0013,"charter", 59.870,1.0905, 684, 684,charter
FALSE, 6250.0013,"pier",132.640,0.0789, 684, 684,pier
FALSE, 1249.9998,"beach", 36.640,0.0678, 685, 685,beach
FALSE, 1249.9998,"boat",  6.870,0.0559, 685, 685,boat
TRUE, 1249.9998,"charter", 41.870,0.6456, 685, 685,charter
FALSE, 1249.9998,"pier", 36.640,0.0789, 685, 685,pier
FALSE, 2083.3332,"beach", 52.640,0.0678, 686, 686,beach
FALSE, 2083.3332,"boat",  9.870,0.0102, 686, 686,boat
TRUE, 2083.3332,"charter", 44.870,0.0209, 686, 686,charter
FALSE, 2083.3332,"pier", 52.640,0.0789, 686, 686,pier
TRUE, 2916.6666,"beach", 12.870,0.2537, 687, 687,beach
FALSE, 2916.6666,"boat", 42.900,0.2339, 687, 687,boat
FALSE, 2916.6666,"charter", 61.400,0.6288, 687, 687,charter
FALSE, 2916.6666,"pier", 12.870,0.1498, 687, 687,pier
FALSE,12499.9980,"beach", 47.370,0.2537, 688, 688,beach
FALSE,12499.9980,"boat",157.900,0.2339, 688, 688,boat
FALSE,12499.9980,"charter",176.400,0.6288, 688, 688,charter
TRUE,12499.9980,"pier", 47.370,0.1498, 688, 688,pier
TRUE, 7083.3317,"beach", 27.870,0.2537, 689, 689,beach
FALSE, 7083.3317,"boat", 92.900,0.2339, 689, 689,boat
FALSE, 7083.3317,"charter",111.400,0.6288, 689, 689,charter
FALSE, 7083.3317,"pier", 27.870,0.1498, 689, 689,pier
FALSE, 4583.3320,"beach", 18.870,0.2537, 690, 690,beach
FALSE, 4583.3320,"boat", 62.900,0.2339, 690, 690,boat
FALSE, 4583.3320,"charter", 81.400,0.6288, 690, 690,charter
TRUE, 4583.3320,"pier", 18.870,0.1498, 690, 690,pier
FALSE, 3749.9999,"beach",160.816,0.0678, 691, 691,beach
FALSE, 3749.9999,"boat", 15.870,0.0016, 691, 691,boat
TRUE, 3749.9999,"charter", 45.370,0.1176, 691, 691,charter
FALSE, 3749.9999,"pier",160.816,0.0503, 691, 691,pier
FALSE, 7916.6663,"beach",164.640,0.0678, 692, 692,beach
FALSE, 7916.6663,"boat", 30.870,0.0897, 692, 692,boat
TRUE, 7916.6663,"charter", 65.870,1.0905, 692, 692,charter
FALSE, 7916.6663,"pier",164.640,0.0789, 692, 692,pier
FALSE, 4583.3320,"beach",191.216,0.0678, 693, 693,beach
TRUE, 4583.3320,"boat", 18.870,0.0143, 693, 693,boat
FALSE, 4583.3320,"charter", 48.370,0.0289, 693, 693,charter
FALSE, 4583.3320,"pier",191.216,0.0503, 693, 693,pier
FALSE, 3749.9999,"beach", 84.640,0.0678, 694, 694,beach
TRUE, 3749.9999,"boat", 15.870,0.0102, 694, 694,boat
FALSE, 3749.9999,"charter", 50.870,0.0209, 694, 694,charter
FALSE, 3749.9999,"pier", 84.640,0.0789, 694, 694,pier
FALSE, 6250.0013,"beach", 24.870,0.2537, 695, 695,beach
FALSE, 6250.0013,"boat",172.432,0.6817, 695, 695,boat
TRUE, 6250.0013,"charter",197.432,2.3014, 695, 695,charter
FALSE, 6250.0013,"pier", 24.870,0.1498, 695, 695,pier
TRUE, 2916.6666,"beach", 12.870,0.2537, 696, 696,beach
FALSE, 2916.6666,"boat", 42.900,0.0082, 696, 696,boat
FALSE, 2916.6666,"charter", 61.400,0.0044, 696, 696,charter
FALSE, 2916.6666,"pier", 12.870,0.1498, 696, 696,pier
FALSE, 5416.6667,"beach",116.640,0.0678, 697, 697,beach
TRUE, 5416.6667,"boat", 21.870,0.0897, 697, 697,boat
FALSE, 5416.6667,"charter", 56.870,1.0905, 697, 697,charter
FALSE, 5416.6667,"pier",116.640,0.0789, 697, 697,pier
FALSE, 8750.0010,"beach", 33.870,0.2537, 698, 698,beach
FALSE, 8750.0010,"boat",112.900,0.2339, 698, 698,boat
FALSE, 8750.0010,"charter",131.400,0.6288, 698, 698,charter
TRUE, 8750.0010,"pier", 33.870,0.1498, 698, 698,pier
FALSE, 6250.0013,"beach",252.016,0.0678, 699, 699,beach
TRUE, 6250.0013,"boat", 24.870,0.0016, 699, 699,boat
FALSE, 6250.0013,"charter", 54.370,0.1176, 699, 699,charter
FALSE, 6250.0013,"pier",252.016,0.0503, 699, 699,pier
FALSE, 6250.0013,"beach",252.016,0.0678, 700, 700,beach
TRUE, 6250.0013,"boat", 24.870,0.0143, 700, 700,boat
FALSE, 6250.0013,"charter", 54.370,0.0289, 700, 700,charter
FALSE, 6250.0013,"pier",252.016,0.0503, 700, 700,pier
FALSE, 6250.0013,"beach", 24.870,0.2537, 701, 701,beach
FALSE, 6250.0013,"boat", 82.900,0.2339, 701, 701,boat
FALSE, 6250.0013,"charter",101.400,0.6288, 701, 701,charter
TRUE, 6250.0013,"pier", 24.870,0.1498, 701, 701,pier
FALSE, 4583.3320,"beach",100.640,0.0678, 702, 702,beach
TRUE, 4583.3320,"boat", 18.870,0.0559, 702, 702,boat
FALSE, 4583.3320,"charter", 53.870,0.6456, 702, 702,charter
FALSE, 4583.3320,"pier",100.640,0.0789, 702, 702,pier
FALSE, 4583.3320,"beach",100.640,0.0678, 703, 703,beach
FALSE, 4583.3320,"boat", 18.870,0.0559, 703, 703,boat
TRUE, 4583.3320,"charter", 53.870,0.6456, 703, 703,charter
FALSE, 4583.3320,"pier",100.640,0.0789, 703, 703,pier
FALSE, 4583.3320,"beach",100.640,0.0678, 704, 704,beach
TRUE, 4583.3320,"boat", 18.870,0.0559, 704, 704,boat
FALSE, 4583.3320,"charter", 53.870,0.6456, 704, 704,charter
FALSE, 4583.3320,"pier",100.640,0.0789, 704, 704,pier
FALSE, 1249.9998,"beach",  6.870,0.2537, 705, 705,beach
FALSE, 1249.9998,"boat", 22.900,0.0233, 705, 705,boat
FALSE, 1249.9998,"charter", 41.400,0.0219, 705, 705,charter
TRUE, 1249.9998,"pier",  6.870,0.1498, 705, 705,pier
FALSE, 3749.9999,"beach", 15.870,0.2537, 706, 706,beach
FALSE, 3749.9999,"boat", 68.770,0.0233, 706, 706,boat
FALSE, 3749.9999,"charter", 87.270,0.0219, 706, 706,charter
TRUE, 3749.9999,"pier", 15.870,0.1498, 706, 706,pier
FALSE, 4583.3320,"beach",221.408,0.0678, 707, 707,beach
TRUE, 4583.3320,"boat", 18.870,0.0143, 707, 707,boat
FALSE, 4583.3320,"charter", 48.370,0.0289, 707, 707,charter
FALSE, 4583.3320,"pier",221.408,0.0503, 707, 707,pier
TRUE, 7083.3317,"beach", 27.870,0.2537, 708, 708,beach
FALSE, 7083.3317,"boat",120.770,0.0233, 708, 708,boat
FALSE, 7083.3317,"charter",139.270,0.0219, 708, 708,charter
FALSE, 7083.3317,"pier", 27.870,0.1498, 708, 708,pier
TRUE, 2083.3332,"beach",  9.870,0.2537, 709, 709,beach
FALSE, 2083.3332,"boat", 42.770,0.0233, 709, 709,boat
FALSE, 2083.3332,"charter", 61.270,0.0219, 709, 709,charter
FALSE, 2083.3332,"pier",  9.870,0.1498, 709, 709,pier
FALSE, 2083.3332,"beach",  9.870,0.2537, 710, 710,beach
FALSE, 2083.3332,"boat", 42.770,0.2339, 710, 710,boat
FALSE, 2083.3332,"charter", 61.270,0.6288, 710, 710,charter
TRUE, 2083.3332,"pier",  9.870,0.1498, 710, 710,pier
FALSE, 3749.9999,"beach", 15.870,0.2537, 711, 711,beach
FALSE, 3749.9999,"boat", 68.770,0.0233, 711, 711,boat
FALSE, 3749.9999,"charter", 87.270,0.0219, 711, 711,charter
TRUE, 3749.9999,"pier", 15.870,0.1498, 711, 711,pier
TRUE, 4583.3320,"beach", 18.870,0.2537, 712, 712,beach
FALSE, 4583.3320,"boat", 81.770,0.2339, 712, 712,boat
FALSE, 4583.3320,"charter",100.270,0.6288, 712, 712,charter
FALSE, 4583.3320,"pier", 18.870,0.1498, 712, 712,pier
FALSE, 5416.6667,"beach",116.640,0.0678, 713, 713,beach
FALSE, 5416.6667,"boat", 21.870,0.0102, 713, 713,boat
TRUE, 5416.6667,"charter", 56.870,0.0209, 713, 713,charter
FALSE, 5416.6667,"pier",116.640,0.0789, 713, 713,pier
TRUE, 5416.6667,"beach", 21.870,0.2537, 714, 714,beach
FALSE, 5416.6667,"boat", 72.900,0.2339, 714, 714,boat
FALSE, 5416.6667,"charter", 91.400,0.6288, 714, 714,charter
FALSE, 5416.6667,"pier", 21.870,0.1498, 714, 714,pier
FALSE, 2916.6666,"beach", 12.870,0.2537, 715, 715,beach
FALSE, 2916.6666,"boat", 42.900,0.2339, 715, 715,boat
FALSE, 2916.6666,"charter", 61.400,0.6288, 715, 715,charter
TRUE, 2916.6666,"pier", 12.870,0.1498, 715, 715,pier
FALSE, 2916.6666,"beach", 12.870,0.2537, 716, 716,beach
FALSE, 2916.6666,"boat", 42.900,0.0233, 716, 716,boat
FALSE, 2916.6666,"charter", 61.400,0.0219, 716, 716,charter
TRUE, 2916.6666,"pier", 12.870,0.1498, 716, 716,pier
FALSE, 5416.6667,"beach",116.640,0.0678, 717, 717,beach
FALSE, 5416.6667,"boat", 21.870,0.0897, 717, 717,boat
TRUE, 5416.6667,"charter", 56.870,1.0905, 717, 717,charter
FALSE, 5416.6667,"pier",116.640,0.0789, 717, 717,pier
FALSE, 3749.9999,"beach", 84.640,0.0678, 718, 718,beach
FALSE, 3749.9999,"boat", 15.870,0.0108, 718, 718,boat
TRUE, 3749.9999,"charter", 50.870,0.2377, 718, 718,charter
FALSE, 3749.9999,"pier", 84.640,0.0025, 718, 718,pier
FALSE, 6250.0013,"beach",132.640,0.0678, 719, 719,beach
FALSE, 6250.0013,"boat", 24.870,0.0897, 719, 719,boat
TRUE, 6250.0013,"charter", 59.870,1.0905, 719, 719,charter
FALSE, 6250.0013,"pier",132.640,0.0789, 719, 719,pier
FALSE, 2083.3332,"beach", 52.640,0.0678, 720, 720,beach
FALSE, 2083.3332,"boat",  9.870,0.0559, 720, 720,boat
TRUE, 2083.3332,"charter", 44.870,0.6456, 720, 720,charter
FALSE, 2083.3332,"pier", 52.640,0.0789, 720, 720,pier
FALSE, 2083.3332,"beach",  9.870,0.2537, 721, 721,beach
TRUE, 2083.3332,"boat", 32.900,0.2339, 721, 721,boat
FALSE, 2083.3332,"charter", 51.400,0.6288, 721, 721,charter
FALSE, 2083.3332,"pier",  9.870,0.1498, 721, 721,pier
FALSE, 7083.3317,"beach",148.640,0.0678, 722, 722,beach
FALSE, 7083.3317,"boat", 27.870,0.0102, 722, 722,boat
TRUE, 7083.3317,"charter", 62.870,0.0209, 722, 722,charter
FALSE, 7083.3317,"pier",148.640,0.0789, 722, 722,pier
FALSE, 8750.0010,"beach",180.640,0.0678, 723, 723,beach
TRUE, 8750.0010,"boat", 33.870,0.0559, 723, 723,boat
FALSE, 8750.0010,"charter", 68.870,0.6456, 723, 723,charter
FALSE, 8750.0010,"pier",180.640,0.0789, 723, 723,pier
FALSE, 2916.6666,"beach",130.416,0.0678, 724, 724,beach
FALSE, 2916.6666,"boat", 12.870,0.0016, 724, 724,boat
TRUE, 2916.6666,"charter", 42.370,0.1176, 724, 724,charter
FALSE, 2916.6666,"pier",130.416,0.0503, 724, 724,pier
FALSE, 5416.6667,"beach",221.616,0.0678, 725, 725,beach
TRUE, 5416.6667,"boat", 21.870,0.0143, 725, 725,boat
FALSE, 5416.6667,"charter", 51.370,0.0289, 725, 725,charter
FALSE, 5416.6667,"pier",221.616,0.0503, 725, 725,pier
FALSE, 9583.3357,"beach", 36.870,0.2537, 726, 726,beach
FALSE, 9583.3357,"boat",122.900,0.2339, 726, 726,boat
FALSE, 9583.3357,"charter",141.400,0.6288, 726, 726,charter
TRUE, 9583.3357,"pier", 36.870,0.1498, 726, 726,pier
FALSE, 4583.3320,"beach",191.216,0.0678, 727, 727,beach
TRUE, 4583.3320,"boat", 18.870,0.0732, 727, 727,boat
FALSE, 4583.3320,"charter", 48.370,0.1726, 727, 727,charter
FALSE, 4583.3320,"pier",191.216,0.0052, 727, 727,pier
FALSE, 2916.6666,"beach", 68.640,0.0678, 728, 728,beach
FALSE, 2916.6666,"boat", 12.870,0.0102, 728, 728,boat
TRUE, 2916.6666,"charter", 47.870,0.0209, 728, 728,charter
FALSE, 2916.6666,"pier", 68.640,0.0789, 728, 728,pier
FALSE, 7916.6663,"beach", 30.870,0.2537, 729, 729,beach
FALSE, 7916.6663,"boat",102.900,0.2339, 729, 729,boat
FALSE, 7916.6663,"charter",121.400,0.6288, 729, 729,charter
TRUE, 7916.6663,"pier", 30.870,0.1498, 729, 729,pier
FALSE, 7083.3317,"beach",282.416,0.0678, 730, 730,beach
TRUE, 7083.3317,"boat", 27.870,0.0143, 730, 730,boat
FALSE, 7083.3317,"charter", 57.370,0.0289, 730, 730,charter
FALSE, 7083.3317,"pier",282.416,0.0503, 730, 730,pier
FALSE, 5416.6667,"beach",116.640,0.0678, 731, 731,beach
TRUE, 5416.6667,"boat", 21.870,0.0559, 731, 731,boat
FALSE, 5416.6667,"charter", 56.870,0.6456, 731, 731,charter
FALSE, 5416.6667,"pier",116.640,0.0789, 731, 731,pier
FALSE, 3749.9999,"beach", 84.640,0.0678, 732, 732,beach
TRUE, 3749.9999,"boat", 15.870,0.0897, 732, 732,boat
FALSE, 3749.9999,"charter", 50.870,1.0905, 732, 732,charter
FALSE, 3749.9999,"pier", 84.640,0.0789, 732, 732,pier
FALSE, 5416.6667,"beach",116.640,0.0678, 733, 733,beach
FALSE, 5416.6667,"boat", 21.870,0.0897, 733, 733,boat
TRUE, 5416.6667,"charter", 56.870,1.0905, 733, 733,charter
FALSE, 5416.6667,"pier",116.640,0.0789, 733, 733,pier
FALSE, 7083.3317,"beach",148.640,0.0678, 734, 734,beach
TRUE, 7083.3317,"boat", 27.870,0.0559, 734, 734,boat
FALSE, 7083.3317,"charter", 62.870,0.6456, 734, 734,charter
FALSE, 7083.3317,"pier",148.640,0.0789, 734, 734,pier
FALSE, 4583.3320,"beach", 18.870,0.2537, 735, 735,beach
FALSE, 4583.3320,"boat", 62.900,0.0233, 735, 735,boat
FALSE, 4583.3320,"charter", 81.400,0.0219, 735, 735,charter
TRUE, 4583.3320,"pier", 18.870,0.1498, 735, 735,pier
FALSE, 3749.9999,"beach", 84.640,0.0678, 736, 736,beach
FALSE, 3749.9999,"boat", 15.870,0.0897, 736, 736,boat
TRUE, 3749.9999,"charter", 50.870,1.0905, 736, 736,charter
FALSE, 3749.9999,"pier", 84.640,0.0789, 736, 736,pier
FALSE, 4583.3320,"beach",100.640,0.0678, 737, 737,beach
TRUE, 4583.3320,"boat", 18.870,0.0108, 737, 737,boat
FALSE, 4583.3320,"charter", 53.870,0.2377, 737, 737,charter
FALSE, 4583.3320,"pier",100.640,0.0025, 737, 737,pier
FALSE, 3749.9999,"beach", 84.640,0.0678, 738, 738,beach
TRUE, 3749.9999,"boat", 15.870,0.0897, 738, 738,boat
FALSE, 3749.9999,"charter", 50.870,1.0905, 738, 738,charter
FALSE, 3749.9999,"pier", 84.640,0.0789, 738, 738,pier
FALSE, 1249.9998,"beach",  6.870,0.2537, 739, 739,beach
FALSE, 1249.9998,"boat", 47.632,0.6817, 739, 739,boat
TRUE, 1249.9998,"charter", 72.632,2.3014, 739, 739,charter
FALSE, 1249.9998,"pier",  6.870,0.1498, 739, 739,pier
FALSE, 3749.9999,"beach", 84.640,0.0678, 740, 740,beach
FALSE, 3749.9999,"boat", 15.870,0.0897, 740, 740,boat
TRUE, 3749.9999,"charter", 50.870,1.0905, 740, 740,charter
FALSE, 3749.9999,"pier", 84.640,0.0789, 740, 740,pier
FALSE, 2916.6666,"beach", 68.640,0.0678, 741, 741,beach
FALSE, 2916.6666,"boat", 12.870,0.0102, 741, 741,boat
TRUE, 2916.6666,"charter", 47.870,0.0209, 741, 741,charter
FALSE, 2916.6666,"pier", 68.640,0.0789, 741, 741,pier
FALSE, 3749.9999,"beach", 84.640,0.0678, 742, 742,beach
FALSE, 3749.9999,"boat", 15.870,0.0102, 742, 742,boat
TRUE, 3749.9999,"charter", 50.870,0.0209, 742, 742,charter
FALSE, 3749.9999,"pier", 84.640,0.0789, 742, 742,pier
TRUE, 4583.3320,"beach", 18.870,0.2537, 743, 743,beach
FALSE, 4583.3320,"boat", 62.900,0.2339, 743, 743,boat
FALSE, 4583.3320,"charter", 81.400,0.6288, 743, 743,charter
FALSE, 4583.3320,"pier", 18.870,0.1498, 743, 743,pier
FALSE, 3749.9999,"beach",160.816,0.0678, 744, 744,beach
FALSE, 3749.9999,"boat", 15.870,0.0732, 744, 744,boat
TRUE, 3749.9999,"charter", 45.370,0.1726, 744, 744,charter
FALSE, 3749.9999,"pier",160.816,0.0052, 744, 744,pier
FALSE, 3749.9999,"beach", 15.870,0.2537, 745, 745,beach
FALSE, 3749.9999,"boat", 52.900,0.0233, 745, 745,boat
FALSE, 3749.9999,"charter", 71.400,0.0219, 745, 745,charter
TRUE, 3749.9999,"pier", 15.870,0.1498, 745, 745,pier
FALSE, 2083.3332,"beach",100.016,0.0678, 746, 746,beach
TRUE, 2083.3332,"boat",  9.870,0.0143, 746, 746,boat
FALSE, 2083.3332,"charter", 39.370,0.0289, 746, 746,charter
FALSE, 2083.3332,"pier",100.016,0.0503, 746, 746,pier
FALSE, 2083.3332,"beach",  9.870,0.2537, 747, 747,beach
FALSE, 2083.3332,"boat", 32.900,0.0233, 747, 747,boat
FALSE, 2083.3332,"charter", 51.400,0.0219, 747, 747,charter
TRUE, 2083.3332,"pier",  9.870,0.1498, 747, 747,pier
FALSE, 2083.3332,"beach",  9.870,0.2537, 748, 748,beach
FALSE, 2083.3332,"boat", 32.900,0.2339, 748, 748,boat
FALSE, 2083.3332,"charter", 51.400,0.6288, 748, 748,charter
TRUE, 2083.3332,"pier",  9.870,0.1498, 748, 748,pier
FALSE, 3749.9999,"beach", 84.640,0.0678, 749, 749,beach
TRUE, 3749.9999,"boat", 15.870,0.0897, 749, 749,boat
FALSE, 3749.9999,"charter", 50.870,1.0905, 749, 749,charter
FALSE, 3749.9999,"pier", 84.640,0.0789, 749, 749,pier
FALSE, 2916.6666,"beach", 12.870,0.2537, 750, 750,beach
FALSE, 2916.6666,"boat", 42.900,0.2339, 750, 750,boat
FALSE, 2916.6666,"charter", 61.400,0.6288, 750, 750,charter
TRUE, 2916.6666,"pier", 12.870,0.1498, 750, 750,pier
FALSE, 2083.3332,"beach", 52.640,0.0678, 751, 751,beach
FALSE, 2083.3332,"boat",  9.870,0.0559, 751, 751,boat
TRUE, 2083.3332,"charter", 44.870,0.6456, 751, 751,charter
FALSE, 2083.3332,"pier", 52.640,0.0789, 751, 751,pier
FALSE, 2916.6666,"beach", 12.870,0.2537, 752, 752,beach
FALSE, 2916.6666,"boat", 42.900,0.0233, 752, 752,boat
FALSE, 2916.6666,"charter", 61.400,0.0219, 752, 752,charter
TRUE, 2916.6666,"pier", 12.870,0.1498, 752, 752,pier
FALSE, 8750.0010,"beach",180.640,0.0678, 753, 753,beach
TRUE, 8750.0010,"boat", 33.870,0.0102, 753, 753,boat
FALSE, 8750.0010,"charter", 68.870,0.0209, 753, 753,charter
FALSE, 8750.0010,"pier",180.640,0.0789, 753, 753,pier
FALSE, 1249.9998,"beach", 36.640,0.0678, 754, 754,beach
FALSE, 1249.9998,"boat",  6.870,0.0559, 754, 754,boat
TRUE, 1249.9998,"charter", 41.870,0.6456, 754, 754,charter
FALSE, 1249.9998,"pier", 36.640,0.0789, 754, 754,pier
FALSE, 2083.3332,"beach", 52.640,0.0678, 755, 755,beach
TRUE, 2083.3332,"boat",  9.870,0.0897, 755, 755,boat
FALSE, 2083.3332,"charter", 44.870,1.0905, 755, 755,charter
FALSE, 2083.3332,"pier", 52.640,0.0789, 755, 755,pier
FALSE, 3749.9999,"beach", 84.640,0.0678, 756, 756,beach
TRUE, 3749.9999,"boat", 15.870,0.0102, 756, 756,boat
FALSE, 3749.9999,"charter", 50.870,0.0209, 756, 756,charter
FALSE, 3749.9999,"pier", 84.640,0.0789, 756, 756,pier
TRUE, 2083.3332,"beach",  9.870,0.2537, 757, 757,beach
FALSE, 2083.3332,"boat", 32.900,0.2339, 757, 757,boat
FALSE, 2083.3332,"charter", 51.400,0.6288, 757, 757,charter
FALSE, 2083.3332,"pier",  9.870,0.1498, 757, 757,pier
FALSE, 7083.3317,"beach",148.640,0.0678, 758, 758,beach
TRUE, 7083.3317,"boat", 27.870,0.0102, 758, 758,boat
FALSE, 7083.3317,"charter", 62.870,0.0209, 758, 758,charter
FALSE, 7083.3317,"pier",148.640,0.0789, 758, 758,pier
FALSE, 2083.3332,"beach", 52.640,0.0678, 759, 759,beach
FALSE, 2083.3332,"boat",  9.870,0.0102, 759, 759,boat
TRUE, 2083.3332,"charter", 44.870,0.0209, 759, 759,charter
FALSE, 2083.3332,"pier", 52.640,0.0789, 759, 759,pier
TRUE, 3749.9999,"beach", 15.870,0.2537, 760, 760,beach
FALSE, 3749.9999,"boat", 52.900,0.2339, 760, 760,boat
FALSE, 3749.9999,"charter", 71.400,0.6288, 760, 760,charter
FALSE, 3749.9999,"pier", 15.870,0.1498, 760, 760,pier
FALSE,11250.0010,"beach",228.640,0.0678, 761, 761,beach
TRUE,11250.0010,"boat", 42.870,0.0102, 761, 761,boat
FALSE,11250.0010,"charter", 77.870,0.0209, 761, 761,charter
FALSE,11250.0010,"pier",228.640,0.0789, 761, 761,pier
FALSE, 2916.6666,"beach", 68.640,0.0678, 762, 762,beach
FALSE, 2916.6666,"boat", 12.870,0.0559, 762, 762,boat
TRUE, 2916.6666,"charter", 47.870,0.6456, 762, 762,charter
FALSE, 2916.6666,"pier", 68.640,0.0789, 762, 762,pier
FALSE, 2083.3332,"beach", 52.640,0.0678, 763, 763,beach
FALSE, 2083.3332,"boat",  9.870,0.0559, 763, 763,boat
TRUE, 2083.3332,"charter", 44.870,0.6456, 763, 763,charter
FALSE, 2083.3332,"pier", 52.640,0.0789, 763, 763,pier
FALSE, 3749.9999,"beach",160.816,0.0678, 764, 764,beach
TRUE, 3749.9999,"boat", 15.870,0.0143, 764, 764,boat
FALSE, 3749.9999,"charter", 45.370,0.0289, 764, 764,charter
FALSE, 3749.9999,"pier",160.816,0.0503, 764, 764,pier
FALSE, 5416.6667,"beach",116.640,0.0678, 765, 765,beach
TRUE, 5416.6667,"boat", 21.870,0.0102, 765, 765,boat
FALSE, 5416.6667,"charter", 56.870,0.0209, 765, 765,charter
FALSE, 5416.6667,"pier",116.640,0.0789, 765, 765,pier
FALSE, 3749.9999,"beach", 84.640,0.0678, 766, 766,beach
FALSE, 3749.9999,"boat", 15.870,0.0897, 766, 766,boat
TRUE, 3749.9999,"charter", 50.870,1.0905, 766, 766,charter
FALSE, 3749.9999,"pier", 84.640,0.0789, 766, 766,pier
FALSE, 2916.6666,"beach", 12.870,0.2537, 767, 767,beach
FALSE, 2916.6666,"boat", 42.900,0.0233, 767, 767,boat
FALSE, 2916.6666,"charter", 61.400,0.0219, 767, 767,charter
TRUE, 2916.6666,"pier", 12.870,0.1498, 767, 767,pier
FALSE, 5416.6667,"beach",221.616,0.0678, 768, 768,beach
TRUE, 5416.6667,"boat", 21.870,0.1082, 768, 768,boat
FALSE, 5416.6667,"charter", 51.370,0.3240, 768, 768,charter
FALSE, 5416.6667,"pier",221.616,0.0503, 768, 768,pier
FALSE, 2916.6666,"beach", 68.640,0.0678, 769, 769,beach
FALSE, 2916.6666,"boat", 12.870,0.0108, 769, 769,boat
TRUE, 2916.6666,"charter", 47.870,0.2377, 769, 769,charter
FALSE, 2916.6666,"pier", 68.640,0.0025, 769, 769,pier
TRUE, 2083.3332,"beach",  9.870,0.2537, 770, 770,beach
FALSE, 2083.3332,"boat", 32.900,0.2339, 770, 770,boat
FALSE, 2083.3332,"charter", 51.400,0.6288, 770, 770,charter
FALSE, 2083.3332,"pier",  9.870,0.1498, 770, 770,pier
FALSE, 2916.6666,"beach", 12.870,0.2537, 771, 771,beach
FALSE, 2916.6666,"boat", 42.900,0.0233, 771, 771,boat
FALSE, 2916.6666,"charter", 61.400,0.0219, 771, 771,charter
TRUE, 2916.6666,"pier", 12.870,0.1498, 771, 771,pier
FALSE,  416.6667,"beach",  3.870,0.2537, 772, 772,beach
FALSE,  416.6667,"boat", 12.900,0.2339, 772, 772,boat
FALSE,  416.6667,"charter", 31.400,0.6288, 772, 772,charter
TRUE,  416.6667,"pier",  3.870,0.1498, 772, 772,pier
FALSE, 5416.6667,"beach",116.640,0.0678, 773, 773,beach
FALSE, 5416.6667,"boat", 21.870,0.0102, 773, 773,boat
TRUE, 5416.6667,"charter", 56.870,0.0209, 773, 773,charter
FALSE, 5416.6667,"pier",116.640,0.0789, 773, 773,pier
FALSE, 3749.9999,"beach", 84.640,0.0678, 774, 774,beach
FALSE, 3749.9999,"boat", 15.870,0.0559, 774, 774,boat
TRUE, 3749.9999,"charter", 50.870,0.6456, 774, 774,charter
FALSE, 3749.9999,"pier", 84.640,0.0789, 774, 774,pier
TRUE, 2083.3332,"beach",  9.870,0.2537, 775, 775,beach
FALSE, 2083.3332,"boat", 32.900,0.0233, 775, 775,boat
FALSE, 2083.3332,"charter", 51.400,0.0219, 775, 775,charter
FALSE, 2083.3332,"pier",  9.870,0.1498, 775, 775,pier
FALSE, 2083.3332,"beach",  9.870,0.2537, 776, 776,beach
FALSE, 2083.3332,"boat", 32.900,0.0233, 776, 776,boat
FALSE, 2083.3332,"charter", 51.400,0.0219, 776, 776,charter
TRUE, 2083.3332,"pier",  9.870,0.1498, 776, 776,pier
FALSE, 5416.6667,"beach", 43.740,0.2537, 777, 777,beach
FALSE, 5416.6667,"boat", 52.488,0.2339, 777, 777,boat
TRUE, 5416.6667,"charter", 70.988,0.6288, 777, 777,charter
FALSE, 5416.6667,"pier", 43.740,0.1498, 777, 777,pier
FALSE, 6250.0013,"beach",107.770,0.0678, 778, 778,beach
FALSE, 6250.0013,"boat", 49.740,0.0559, 778, 778,boat
TRUE, 6250.0013,"charter", 84.740,0.6456, 778, 778,charter
FALSE, 6250.0013,"pier",107.770,0.0789, 778, 778,pier
FALSE, 2083.3332,"beach", 78.302,0.5333, 779, 779,beach
TRUE, 2083.3332,"boat", 42.770,0.0361, 779, 779,boat
FALSE, 2083.3332,"charter", 77.770,0.4216, 779, 779,charter
FALSE, 2083.3332,"pier", 78.302,0.0069, 779, 779,pier
FALSE, 7083.3317,"beach",120.770,0.0678, 780, 780,beach
FALSE, 7083.3317,"boat", 55.740,0.0897, 780, 780,boat
TRUE, 7083.3317,"charter", 90.740,1.0905, 780, 780,charter
FALSE, 7083.3317,"pier",120.770,0.0789, 780, 780,pier
FALSE, 5416.6667,"beach", 94.770,0.0678, 781, 781,beach
FALSE, 5416.6667,"boat", 43.740,0.0108, 781, 781,boat
TRUE, 5416.6667,"charter", 78.740,0.2377, 781, 781,charter
FALSE, 5416.6667,"pier", 94.770,0.0025, 781, 781,pier
FALSE, 4583.3320,"beach", 81.770,0.0678, 782, 782,beach
FALSE, 4583.3320,"boat", 37.740,0.0559, 782, 782,boat
TRUE, 4583.3320,"charter", 72.740,0.6456, 782, 782,charter
FALSE, 4583.3320,"pier", 81.770,0.0789, 782, 782,pier
FALSE, 3749.9999,"beach",134.366,0.0678, 783, 783,beach
FALSE, 3749.9999,"boat", 31.740,0.1082, 783, 783,boat
TRUE, 3749.9999,"charter", 61.240,0.3240, 783, 783,charter
FALSE, 3749.9999,"pier",134.366,0.0503, 783, 783,pier
FALSE, 2916.6666,"beach", 55.770,0.0678, 784, 784,beach
FALSE, 2916.6666,"boat", 25.740,0.0102, 784, 784,boat
TRUE, 2916.6666,"charter", 60.740,0.0209, 784, 784,charter
FALSE, 2916.6666,"pier", 55.770,0.0789, 784, 784,pier
FALSE, 5416.6667,"beach", 94.770,0.0678, 785, 785,beach
TRUE, 5416.6667,"boat", 43.740,0.0897, 785, 785,boat
FALSE, 5416.6667,"charter", 78.740,1.0905, 785, 785,charter
FALSE, 5416.6667,"pier", 94.770,0.0789, 785, 785,pier
FALSE, 5416.6667,"beach", 43.740,0.2537, 786, 786,beach
FALSE, 5416.6667,"boat", 52.488,0.2339, 786, 786,boat
FALSE, 5416.6667,"charter", 70.988,0.6288, 786, 786,charter
TRUE, 5416.6667,"pier", 43.740,0.1498, 786, 786,pier
FALSE, 5416.6667,"beach", 94.770,0.0678, 787, 787,beach
TRUE, 5416.6667,"boat", 43.740,0.0559, 787, 787,boat
FALSE, 5416.6667,"charter", 78.740,0.6456, 787, 787,charter
FALSE, 5416.6667,"pier", 94.770,0.0789, 787, 787,pier
FALSE, 4583.3320,"beach", 81.770,0.0678, 788, 788,beach
FALSE, 4583.3320,"boat", 37.740,0.0102, 788, 788,boat
TRUE, 4583.3320,"charter", 72.740,0.0209, 788, 788,charter
FALSE, 4583.3320,"pier", 81.770,0.0789, 788, 788,pier
FALSE, 6250.0013,"beach",107.770,0.0678, 789, 789,beach
FALSE, 6250.0013,"boat", 49.740,0.0559, 789, 789,boat
TRUE, 6250.0013,"charter", 84.740,0.6456, 789, 789,charter
FALSE, 6250.0013,"pier",107.770,0.0789, 789, 789,pier
FALSE, 2916.6666,"beach",108.966,0.0678, 790, 790,beach
FALSE, 2916.6666,"boat", 25.740,0.0143, 790, 790,boat
TRUE, 2916.6666,"charter", 55.240,0.0289, 790, 790,charter
FALSE, 2916.6666,"pier",108.966,0.0503, 790, 790,pier
FALSE, 2916.6666,"beach", 25.740,0.2537, 791, 791,beach
FALSE, 2916.6666,"boat", 30.888,0.0082, 791, 791,boat
FALSE, 2916.6666,"charter", 49.388,0.0044, 791, 791,charter
TRUE, 2916.6666,"pier", 25.740,0.1498, 791, 791,pier
FALSE, 2916.6666,"beach",108.966,0.0678, 792, 792,beach
TRUE, 2916.6666,"boat", 25.740,0.0732, 792, 792,boat
FALSE, 2916.6666,"charter", 55.240,0.1726, 792, 792,charter
FALSE, 2916.6666,"pier",108.966,0.0052, 792, 792,pier
FALSE, 5416.6667,"beach", 94.770,0.0678, 793, 793,beach
FALSE, 5416.6667,"boat", 43.740,0.0102, 793, 793,boat
TRUE, 5416.6667,"charter", 78.740,0.0209, 793, 793,charter
FALSE, 5416.6667,"pier", 94.770,0.0789, 793, 793,pier
TRUE, 3749.9999,"beach",125.902,0.5333, 794, 794,beach
FALSE, 3749.9999,"boat", 68.770,0.2413, 794, 794,boat
FALSE, 3749.9999,"charter",103.770,1.0266, 794, 794,charter
FALSE, 3749.9999,"pier",125.902,0.4522, 794, 794,pier
FALSE, 3749.9999,"beach", 68.770,0.0678, 795, 795,beach
FALSE, 3749.9999,"boat", 31.740,0.0897, 795, 795,boat
TRUE, 3749.9999,"charter", 66.740,1.0905, 795, 795,charter
FALSE, 3749.9999,"pier", 68.770,0.0789, 795, 795,pier
FALSE, 4583.3320,"beach",159.766,0.0678, 796, 796,beach
TRUE, 4583.3320,"boat", 37.740,0.0143, 796, 796,boat
FALSE, 4583.3320,"charter", 67.240,0.0289, 796, 796,charter
FALSE, 4583.3320,"pier",159.766,0.0503, 796, 796,pier
FALSE, 4583.3320,"beach", 81.770,0.0678, 797, 797,beach
FALSE, 4583.3320,"boat", 37.740,0.0108, 797, 797,boat
TRUE, 4583.3320,"charter", 72.740,0.2377, 797, 797,charter
FALSE, 4583.3320,"pier", 81.770,0.0025, 797, 797,pier
FALSE, 3749.9999,"beach", 68.770,0.0678, 798, 798,beach
TRUE, 3749.9999,"boat", 31.740,0.0108, 798, 798,boat
FALSE, 3749.9999,"charter", 66.740,0.2377, 798, 798,charter
FALSE, 3749.9999,"pier", 68.770,0.0025, 798, 798,pier
FALSE, 6250.0013,"beach",107.770,0.0678, 799, 799,beach
FALSE, 6250.0013,"boat", 49.740,0.0559, 799, 799,boat
TRUE, 6250.0013,"charter", 84.740,0.6456, 799, 799,charter
FALSE, 6250.0013,"pier",107.770,0.0789, 799, 799,pier
FALSE, 5416.6667,"beach", 94.770,0.0678, 800, 800,beach
TRUE, 5416.6667,"boat", 43.740,0.0108, 800, 800,boat
FALSE, 5416.6667,"charter", 78.740,0.2377, 800, 800,charter
FALSE, 5416.6667,"pier", 94.770,0.0025, 800, 800,pier
FALSE, 1249.9998,"beach", 29.770,0.0678, 801, 801,beach
TRUE, 1249.9998,"boat", 13.740,0.0559, 801, 801,boat
FALSE, 1249.9998,"charter", 48.740,0.6456, 801, 801,charter
FALSE, 1249.9998,"pier", 29.770,0.0789, 801, 801,pier
FALSE, 2916.6666,"beach",108.966,0.0678, 802, 802,beach
TRUE, 2916.6666,"boat", 25.740,0.0143, 802, 802,boat
FALSE, 2916.6666,"charter", 55.240,0.0289, 802, 802,charter
FALSE, 2916.6666,"pier",108.966,0.0503, 802, 802,pier
FALSE, 1249.9998,"beach", 42.594,0.0678, 803, 803,beach
TRUE, 1249.9998,"boat",  6.870,0.0102, 803, 803,boat
FALSE, 1249.9998,"charter", 41.870,0.0209, 803, 803,charter
FALSE, 1249.9998,"pier", 42.594,0.0789, 803, 803,pier
FALSE, 2916.6666,"beach", 79.794,0.0678, 804, 804,beach
FALSE, 2916.6666,"boat", 12.870,0.0559, 804, 804,boat
TRUE, 2916.6666,"charter", 47.870,0.6456, 804, 804,charter
FALSE, 2916.6666,"pier", 79.794,0.0789, 804, 804,pier
FALSE, 2083.3332,"beach",115.808,0.0678, 805, 805,beach
TRUE, 2083.3332,"boat",  9.870,0.0143, 805, 805,boat
FALSE, 2083.3332,"charter", 39.370,0.0289, 805, 805,charter
FALSE, 2083.3332,"pier",115.808,0.0503, 805, 805,pier
FALSE, 6250.0013,"beach",154.194,0.0678, 806, 806,beach
TRUE, 6250.0013,"boat", 24.870,0.0897, 806, 806,boat
FALSE, 6250.0013,"charter", 59.870,1.0905, 806, 806,charter
FALSE, 6250.0013,"pier",154.194,0.0789, 806, 806,pier
FALSE, 1249.9998,"beach", 42.594,0.0678, 807, 807,beach
FALSE, 1249.9998,"boat",  6.870,0.0559, 807, 807,boat
TRUE, 1249.9998,"charter", 41.870,0.6456, 807, 807,charter
FALSE, 1249.9998,"pier", 42.594,0.0789, 807, 807,pier
TRUE, 6250.0013,"beach", 24.870,0.2537, 808, 808,beach
FALSE, 6250.0013,"boat",107.770,0.0082, 808, 808,boat
FALSE, 6250.0013,"charter",126.270,0.0044, 808, 808,charter
FALSE, 6250.0013,"pier", 24.870,0.1498, 808, 808,pier
FALSE, 3749.9999,"beach",186.208,0.0678, 809, 809,beach
FALSE, 3749.9999,"boat", 15.870,0.0732, 809, 809,boat
TRUE, 3749.9999,"charter", 45.370,0.1726, 809, 809,charter
FALSE, 3749.9999,"pier",186.208,0.0052, 809, 809,pier
FALSE, 2083.3332,"beach", 61.194,0.0678, 810, 810,beach
FALSE, 2083.3332,"boat",  9.870,0.0559, 810, 810,boat
TRUE, 2083.3332,"charter", 44.870,0.6456, 810, 810,charter
FALSE, 2083.3332,"pier", 61.194,0.0789, 810, 810,pier
FALSE, 2916.6666,"beach", 12.870,0.2537, 811, 811,beach
FALSE, 2916.6666,"boat", 55.770,0.2339, 811, 811,boat
FALSE, 2916.6666,"charter", 74.270,0.6288, 811, 811,charter
TRUE, 2916.6666,"pier", 12.870,0.1498, 811, 811,pier
FALSE, 2916.6666,"beach", 79.794,0.0678, 812, 812,beach
FALSE, 2916.6666,"boat", 12.870,0.0559, 812, 812,boat
TRUE, 2916.6666,"charter", 47.870,0.6456, 812, 812,charter
FALSE, 2916.6666,"pier", 79.794,0.0789, 812, 812,pier
TRUE, 7083.3317,"beach", 27.870,0.2537, 813, 813,beach
FALSE, 7083.3317,"boat",120.770,0.2339, 813, 813,boat
FALSE, 7083.3317,"charter",139.270,0.6288, 813, 813,charter
FALSE, 7083.3317,"pier", 27.870,0.1498, 813, 813,pier
FALSE, 2916.6666,"beach", 79.794,0.0678, 814, 814,beach
FALSE, 2916.6666,"boat", 12.870,0.0897, 814, 814,boat
TRUE, 2916.6666,"charter", 47.870,1.0905, 814, 814,charter
FALSE, 2916.6666,"pier", 79.794,0.0789, 814, 814,pier
FALSE,12499.9980,"beach",555.808,0.0678, 815, 815,beach
TRUE,12499.9980,"boat", 47.370,0.0143, 815, 815,boat
FALSE,12499.9980,"charter", 76.870,0.0289, 815, 815,charter
FALSE,12499.9980,"pier",555.808,0.0503, 815, 815,pier
FALSE, 1249.9998,"beach", 80.608,0.0678, 816, 816,beach
TRUE, 1249.9998,"boat",  6.870,0.0143, 816, 816,boat
FALSE, 1249.9998,"charter", 36.370,0.0289, 816, 816,charter
FALSE, 1249.9998,"pier", 80.608,0.0503, 816, 816,pier
FALSE,10416.6660,"beach",467.808,0.0678, 817, 817,beach
TRUE,10416.6660,"boat", 39.870,0.0143, 817, 817,boat
FALSE,10416.6660,"charter", 69.370,0.0289, 817, 817,charter
FALSE,10416.6660,"pier",467.808,0.0503, 817, 817,pier
TRUE, 9583.3357,"beach", 36.870,0.2537, 818, 818,beach
FALSE, 9583.3357,"boat",159.770,0.2339, 818, 818,boat
FALSE, 9583.3357,"charter",178.270,0.6288, 818, 818,charter
FALSE, 9583.3357,"pier", 36.870,0.1498, 818, 818,pier
TRUE, 2916.6666,"beach", 12.870,0.2537, 819, 819,beach
FALSE, 2916.6666,"boat", 55.770,0.0082, 819, 819,boat
FALSE, 2916.6666,"charter", 74.270,0.0044, 819, 819,charter
FALSE, 2916.6666,"pier", 12.870,0.1498, 819, 819,pier
TRUE, 1249.9998,"beach",  6.870,0.2537, 820, 820,beach
FALSE, 1249.9998,"boat", 29.770,0.0233, 820, 820,boat
FALSE, 1249.9998,"charter", 48.270,0.0219, 820, 820,charter
FALSE, 1249.9998,"pier",  6.870,0.1498, 820, 820,pier
FALSE, 2083.3332,"beach",115.808,0.0678, 821, 821,beach
FALSE, 2083.3332,"boat",  9.870,0.1082, 821, 821,boat
TRUE, 2083.3332,"charter", 39.370,0.3240, 821, 821,charter
FALSE, 2083.3332,"pier",115.808,0.0503, 821, 821,pier
TRUE, 2916.6666,"beach", 12.870,0.2537, 822, 822,beach
FALSE, 2916.6666,"boat", 55.770,0.2339, 822, 822,boat
FALSE, 2916.6666,"charter", 74.270,0.6288, 822, 822,charter
FALSE, 2916.6666,"pier", 12.870,0.1498, 822, 822,pier
FALSE, 6250.0013,"beach",154.194,0.0678, 823, 823,beach
TRUE, 6250.0013,"boat", 24.870,0.0102, 823, 823,boat
FALSE, 6250.0013,"charter", 59.870,0.0209, 823, 823,charter
FALSE, 6250.0013,"pier",154.194,0.0789, 823, 823,pier
FALSE, 4583.3320,"beach",116.994,0.0678, 824, 824,beach
TRUE, 4583.3320,"boat", 18.870,0.0102, 824, 824,boat
FALSE, 4583.3320,"charter", 53.870,0.0209, 824, 824,charter
FALSE, 4583.3320,"pier",116.994,0.0789, 824, 824,pier
TRUE, 2916.6666,"beach", 12.870,0.2537, 825, 825,beach
FALSE, 2916.6666,"boat", 55.770,0.2339, 825, 825,boat
FALSE, 2916.6666,"charter", 74.270,0.6288, 825, 825,charter
FALSE, 2916.6666,"pier", 12.870,0.1498, 825, 825,pier
FALSE,  416.6667,"beach",  3.870,0.2537, 826, 826,beach
FALSE,  416.6667,"boat", 16.770,0.0233, 826, 826,boat
FALSE,  416.6667,"charter", 35.270,0.0219, 826, 826,charter
TRUE,  416.6667,"pier",  3.870,0.1498, 826, 826,pier
FALSE, 6250.0013,"beach",154.194,0.0678, 827, 827,beach
FALSE, 6250.0013,"boat", 24.870,0.0559, 827, 827,boat
TRUE, 6250.0013,"charter", 59.870,0.6456, 827, 827,charter
FALSE, 6250.0013,"pier",154.194,0.0789, 827, 827,pier
TRUE, 7916.6663,"beach", 30.870,0.2537, 828, 828,beach
FALSE, 7916.6663,"boat",133.770,0.0233, 828, 828,boat
FALSE, 7916.6663,"charter",152.270,0.0219, 828, 828,charter
FALSE, 7916.6663,"pier", 30.870,0.1498, 828, 828,pier
FALSE,  416.6667,"beach",  3.870,0.2537, 829, 829,beach
FALSE,  416.6667,"boat", 16.770,0.0626, 829, 829,boat
FALSE,  416.6667,"charter", 35.270,0.2773, 829, 829,charter
TRUE,  416.6667,"pier",  3.870,0.0014, 829, 829,pier
FALSE, 5416.6667,"beach",135.594,0.0678, 830, 830,beach
FALSE, 5416.6667,"boat", 21.870,0.0102, 830, 830,boat
TRUE, 5416.6667,"charter", 56.870,0.0209, 830, 830,charter
FALSE, 5416.6667,"pier",135.594,0.0789, 830, 830,pier
FALSE, 4583.3320,"beach",116.994,0.0678, 831, 831,beach
FALSE, 4583.3320,"boat", 18.870,0.0102, 831, 831,boat
TRUE, 4583.3320,"charter", 53.870,0.0209, 831, 831,charter
FALSE, 4583.3320,"pier",116.994,0.0789, 831, 831,pier
FALSE, 4583.3320,"beach",116.994,0.0678, 832, 832,beach
FALSE, 4583.3320,"boat", 18.870,0.0897, 832, 832,boat
TRUE, 4583.3320,"charter", 53.870,1.0905, 832, 832,charter
FALSE, 4583.3320,"pier",116.994,0.0789, 832, 832,pier
FALSE,12499.9980,"beach",555.808,0.0678, 833, 833,beach
TRUE,12499.9980,"boat", 47.370,0.0732, 833, 833,boat
FALSE,12499.9980,"charter", 76.870,0.1726, 833, 833,charter
FALSE,12499.9980,"pier",555.808,0.0052, 833, 833,pier
FALSE, 4583.3320,"beach",116.994,0.0678, 834, 834,beach
FALSE, 4583.3320,"boat", 18.870,0.0102, 834, 834,boat
TRUE, 4583.3320,"charter", 53.870,0.0209, 834, 834,charter
FALSE, 4583.3320,"pier",116.994,0.0789, 834, 834,pier
FALSE, 8750.0010,"beach",209.994,0.0678, 835, 835,beach
TRUE, 8750.0010,"boat", 33.870,0.0102, 835, 835,boat
FALSE, 8750.0010,"charter", 68.870,0.0209, 835, 835,charter
FALSE, 8750.0010,"pier",209.994,0.0789, 835, 835,pier
FALSE, 3749.9999,"beach", 98.394,0.0678, 836, 836,beach
TRUE, 3749.9999,"boat", 15.870,0.0559, 836, 836,boat
FALSE, 3749.9999,"charter", 50.870,0.6456, 836, 836,charter
FALSE, 3749.9999,"pier", 98.394,0.0789, 836, 836,pier
FALSE, 2083.3332,"beach",115.808,0.0678, 837, 837,beach
TRUE, 2083.3332,"boat",  9.870,0.0143, 837, 837,boat
FALSE, 2083.3332,"charter", 39.370,0.0289, 837, 837,charter
FALSE, 2083.3332,"pier",115.808,0.0503, 837, 837,pier
FALSE, 1249.9998,"beach", 80.608,0.0678, 838, 838,beach
FALSE, 1249.9998,"boat",  6.870,0.1082, 838, 838,boat
TRUE, 1249.9998,"charter", 36.370,0.3240, 838, 838,charter
FALSE, 1249.9998,"pier", 80.608,0.0503, 838, 838,pier
FALSE, 2916.6666,"beach", 79.794,0.0678, 839, 839,beach
FALSE, 2916.6666,"boat", 12.870,0.0102, 839, 839,boat
TRUE, 2916.6666,"charter", 47.870,0.0209, 839, 839,charter
FALSE, 2916.6666,"pier", 79.794,0.0789, 839, 839,pier
TRUE, 6250.0013,"beach", 24.870,0.2537, 840, 840,beach
FALSE, 6250.0013,"boat",107.770,0.0233, 840, 840,boat
FALSE, 6250.0013,"charter",126.270,0.0219, 840, 840,charter
FALSE, 6250.0013,"pier", 24.870,0.1498, 840, 840,pier
FALSE, 2916.6666,"beach",151.008,0.0678, 841, 841,beach
TRUE, 2916.6666,"boat", 12.870,0.1082, 841, 841,boat
FALSE, 2916.6666,"charter", 42.370,0.3240, 841, 841,charter
FALSE, 2916.6666,"pier",151.008,0.0503, 841, 841,pier
FALSE, 5416.6667,"beach",256.608,0.0678, 842, 842,beach
TRUE, 5416.6667,"boat", 21.870,0.0143, 842, 842,boat
FALSE, 5416.6667,"charter", 51.370,0.0289, 842, 842,charter
FALSE, 5416.6667,"pier",256.608,0.0503, 842, 842,pier
FALSE, 3749.9999,"beach", 98.394,0.0678, 843, 843,beach
TRUE, 3749.9999,"boat", 15.870,0.0559, 843, 843,boat
FALSE, 3749.9999,"charter", 50.870,0.6456, 843, 843,charter
FALSE, 3749.9999,"pier", 98.394,0.0789, 843, 843,pier
FALSE, 2916.6666,"beach", 12.870,0.2537, 844, 844,beach
FALSE, 2916.6666,"boat", 55.770,0.2339, 844, 844,boat
FALSE, 2916.6666,"charter", 74.270,0.6288, 844, 844,charter
TRUE, 2916.6666,"pier", 12.870,0.1498, 844, 844,pier
TRUE, 5416.6667,"beach", 21.870,0.2537, 845, 845,beach
FALSE, 5416.6667,"boat", 94.770,0.0233, 845, 845,boat
FALSE, 5416.6667,"charter",113.270,0.0219, 845, 845,charter
FALSE, 5416.6667,"pier", 21.870,0.1498, 845, 845,pier
FALSE, 2083.3332,"beach",115.808,0.0678, 846, 846,beach
TRUE, 2083.3332,"boat",  9.870,0.1082, 846, 846,boat
FALSE, 2083.3332,"charter", 39.370,0.3240, 846, 846,charter
FALSE, 2083.3332,"pier",115.808,0.0503, 846, 846,pier
FALSE, 5416.6667,"beach",135.594,0.0678, 847, 847,beach
FALSE, 5416.6667,"boat", 21.870,0.0102, 847, 847,boat
TRUE, 5416.6667,"charter", 56.870,0.0209, 847, 847,charter
FALSE, 5416.6667,"pier",135.594,0.0789, 847, 847,pier
FALSE, 5416.6667,"beach",135.594,0.0678, 848, 848,beach
FALSE, 5416.6667,"boat", 21.870,0.0559, 848, 848,boat
TRUE, 5416.6667,"charter", 56.870,0.6456, 848, 848,charter
FALSE, 5416.6667,"pier",135.594,0.0789, 848, 848,pier
FALSE, 6250.0013,"beach", 24.870,0.2537, 849, 849,beach
FALSE, 6250.0013,"boat",107.770,0.2339, 849, 849,boat
FALSE, 6250.0013,"charter",126.270,0.6288, 849, 849,charter
TRUE, 6250.0013,"pier", 24.870,0.1498, 849, 849,pier
FALSE, 2916.6666,"beach", 79.794,0.0678, 850, 850,beach
FALSE, 2916.6666,"boat", 12.870,0.0897, 850, 850,boat
TRUE, 2916.6666,"charter", 47.870,1.0905, 850, 850,charter
FALSE, 2916.6666,"pier", 79.794,0.0789, 850, 850,pier
FALSE,  416.6667,"beach", 23.994,0.0678, 851, 851,beach
TRUE,  416.6667,"boat",  3.870,0.0559, 851, 851,boat
FALSE,  416.6667,"charter", 38.870,0.6456, 851, 851,charter
FALSE,  416.6667,"pier", 23.994,0.0789, 851, 851,pier
FALSE, 3749.9999,"beach", 98.394,0.0678, 852, 852,beach
FALSE, 3749.9999,"boat", 15.870,0.0102, 852, 852,boat
TRUE, 3749.9999,"charter", 50.870,0.0209, 852, 852,charter
FALSE, 3749.9999,"pier", 98.394,0.0789, 852, 852,pier
FALSE, 4583.3320,"beach",221.408,0.0678, 853, 853,beach
TRUE, 4583.3320,"boat", 18.870,0.0143, 853, 853,boat
FALSE, 4583.3320,"charter", 48.370,0.0289, 853, 853,charter
FALSE, 4583.3320,"pier",221.408,0.0503, 853, 853,pier
FALSE, 2916.6666,"beach", 12.870,0.2537, 854, 854,beach
FALSE, 2916.6666,"boat", 53.196,0.6817, 854, 854,boat
TRUE, 2916.6666,"charter", 78.196,2.3014, 854, 854,charter
FALSE, 2916.6666,"pier", 12.870,0.1498, 854, 854,pier
FALSE, 1249.9998,"beach", 80.608,0.0678, 855, 855,beach
TRUE, 1249.9998,"boat",  6.870,0.0732, 855, 855,boat
FALSE, 1249.9998,"charter", 36.370,0.1726, 855, 855,charter
FALSE, 1249.9998,"pier", 80.608,0.0052, 855, 855,pier
FALSE, 5416.6667,"beach",256.608,0.0678, 856, 856,beach
TRUE, 5416.6667,"boat", 21.870,0.0143, 856, 856,boat
FALSE, 5416.6667,"charter", 51.370,0.0289, 856, 856,charter
FALSE, 5416.6667,"pier",256.608,0.0503, 856, 856,pier
FALSE, 1249.9998,"beach", 80.608,0.0678, 857, 857,beach
TRUE, 1249.9998,"boat",  6.870,0.0143, 857, 857,boat
FALSE, 1249.9998,"charter", 36.370,0.0289, 857, 857,charter
FALSE, 1249.9998,"pier", 80.608,0.0503, 857, 857,pier
FALSE, 2916.6666,"beach", 12.870,0.2537, 858, 858,beach
FALSE, 2916.6666,"boat", 55.770,0.2339, 858, 858,boat
FALSE, 2916.6666,"charter", 74.270,0.6288, 858, 858,charter
TRUE, 2916.6666,"pier", 12.870,0.1498, 858, 858,pier
FALSE, 2083.3332,"beach",115.808,0.0678, 859, 859,beach
FALSE, 2083.3332,"boat",115.808,0.2601, 859, 859,boat
TRUE, 2083.3332,"charter",140.808,0.5391, 859, 859,charter
FALSE, 2083.3332,"pier",115.808,0.0503, 859, 859,pier
TRUE, 3749.9999,"beach", 15.870,0.2537, 860, 860,beach
FALSE, 3749.9999,"boat", 68.770,0.2339, 860, 860,boat
FALSE, 3749.9999,"charter", 87.270,0.6288, 860, 860,charter
FALSE, 3749.9999,"pier", 15.870,0.1498, 860, 860,pier
FALSE, 8750.0010,"beach",397.408,0.0678, 861, 861,beach
TRUE, 8750.0010,"boat", 33.870,0.0143, 861, 861,boat
FALSE, 8750.0010,"charter", 63.370,0.0289, 861, 861,charter
FALSE, 8750.0010,"pier",397.408,0.0503, 861, 861,pier
FALSE, 2916.6666,"beach", 79.794,0.0678, 862, 862,beach
TRUE, 2916.6666,"boat", 12.870,0.0102, 862, 862,boat
FALSE, 2916.6666,"charter", 47.870,0.0209, 862, 862,charter
FALSE, 2916.6666,"pier", 79.794,0.0789, 862, 862,pier
FALSE, 1249.9998,"beach", 42.594,0.0678, 863, 863,beach
FALSE, 1249.9998,"boat",  6.870,0.0559, 863, 863,boat
TRUE, 1249.9998,"charter", 41.870,0.6456, 863, 863,charter
FALSE, 1249.9998,"pier", 42.594,0.0789, 863, 863,pier
FALSE, 5416.6667,"beach",256.608,0.0678, 864, 864,beach
TRUE, 5416.6667,"boat", 21.870,0.1082, 864, 864,boat
FALSE, 5416.6667,"charter", 51.370,0.3240, 864, 864,charter
FALSE, 5416.6667,"pier",256.608,0.0503, 864, 864,pier
FALSE,  416.6667,"beach",  3.870,0.2537, 865, 865,beach
FALSE,  416.6667,"boat", 16.770,0.0233, 865, 865,boat
FALSE,  416.6667,"charter", 35.270,0.0219, 865, 865,charter
TRUE,  416.6667,"pier",  3.870,0.1498, 865, 865,pier
FALSE, 5416.6667,"beach", 21.870,0.2537, 866, 866,beach
FALSE, 5416.6667,"boat", 94.770,0.0233, 866, 866,boat
FALSE, 5416.6667,"charter",113.270,0.0219, 866, 866,charter
TRUE, 5416.6667,"pier", 21.870,0.1498, 866, 866,pier
FALSE, 2916.6666,"beach", 79.794,0.0678, 867, 867,beach
TRUE, 2916.6666,"boat", 12.870,0.0559, 867, 867,boat
FALSE, 2916.6666,"charter", 47.870,0.6456, 867, 867,charter
FALSE, 2916.6666,"pier", 79.794,0.0789, 867, 867,pier
FALSE, 7083.3317,"beach",327.008,0.0678, 868, 868,beach
TRUE, 7083.3317,"boat", 27.870,0.0143, 868, 868,boat
FALSE, 7083.3317,"charter", 57.370,0.0289, 868, 868,charter
FALSE, 7083.3317,"pier",327.008,0.0503, 868, 868,pier
FALSE,  416.6667,"beach", 45.408,0.0678, 869, 869,beach
TRUE,  416.6667,"boat",  3.870,0.0022, 869, 869,boat
FALSE,  416.6667,"charter", 33.370,0.3240, 869, 869,charter
FALSE,  416.6667,"pier", 45.408,0.0503, 869, 869,pier
FALSE, 2916.6666,"beach",175.890,0.2537, 870, 870,beach
TRUE, 2916.6666,"boat",121.836,0.6817, 870, 870,boat
FALSE, 2916.6666,"charter",146.836,2.3014, 870, 870,charter
FALSE, 2916.6666,"pier",175.890,0.1498, 870, 870,pier
TRUE, 1249.9998,"beach", 31.144,0.5333, 871, 871,beach
FALSE, 1249.9998,"boat", 70.532,0.0156, 871, 871,boat
FALSE, 1249.9998,"charter",105.532,0.0058, 871, 871,charter
FALSE, 1249.9998,"pier", 31.144,0.4522, 871, 871,pier
FALSE, 1249.9998,"beach", 35.724,0.2537, 872, 872,beach
TRUE, 1249.9998,"boat", 31.144,0.6817, 872, 872,boat
FALSE, 1249.9998,"charter", 56.144,2.3014, 872, 872,charter
FALSE, 1249.9998,"pier", 35.724,0.1498, 872, 872,pier
TRUE, 2916.6666,"beach",121.836,0.5333, 873, 873,beach
FALSE, 2916.6666,"boat",203.346,0.0156, 873, 873,boat
FALSE, 2916.6666,"charter",238.346,0.0058, 873, 873,charter
FALSE, 2916.6666,"pier",121.836,0.4522, 873, 873,pier
FALSE, 2916.6666,"beach",175.890,0.2537, 874, 874,beach
FALSE, 2916.6666,"boat",121.836,0.6817, 874, 874,boat
TRUE, 2916.6666,"charter",146.836,2.3014, 874, 874,charter
FALSE, 2916.6666,"pier",175.890,0.1498, 874, 874,pier
FALSE, 2083.3332,"beach", 93.436,0.5333, 875, 875,beach
FALSE, 2083.3332,"boat",155.946,0.2413, 875, 875,boat
FALSE, 2083.3332,"charter",190.946,1.0266, 875, 875,charter
TRUE, 2083.3332,"pier", 93.436,0.4522, 875, 875,pier
FALSE, 7083.3317,"beach",224.818,0.2537, 876, 876,beach
TRUE, 7083.3317,"boat",245.256,0.6817, 876, 876,boat
FALSE, 7083.3317,"charter",270.256,2.3014, 876, 876,charter
FALSE, 7083.3317,"pier",224.818,0.1498, 876, 876,pier
FALSE, 3749.9999,"beach",128.018,0.2537, 877, 877,beach
FALSE, 3749.9999,"boat",139.656,0.6817, 877, 877,boat
TRUE, 3749.9999,"charter",164.656,2.3014, 877, 877,charter
FALSE, 3749.9999,"pier",128.018,0.1498, 877, 877,pier
FALSE, 2083.3332,"beach", 57.246,0.2537, 878, 878,beach
FALSE, 2083.3332,"boat",  9.870,0.0531, 878, 878,boat
TRUE, 2083.3332,"charter", 34.870,0.0052, 878, 878,charter
FALSE, 2083.3332,"pier", 57.246,0.1498, 878, 878,pier
FALSE,  416.6667,"beach", 22.446,0.2537, 879, 879,beach
TRUE,  416.6667,"boat",  3.870,0.7369, 879, 879,boat
FALSE,  416.6667,"charter", 28.870,2.3101, 879, 879,charter
FALSE,  416.6667,"pier", 22.446,0.1498, 879, 879,pier
FALSE, 2916.6666,"beach", 74.646,0.2537, 880, 880,beach
FALSE, 2916.6666,"boat", 12.870,0.6817, 880, 880,boat
TRUE, 2916.6666,"charter", 37.870,2.3014, 880, 880,charter
FALSE, 2916.6666,"pier", 74.646,0.1498, 880, 880,pier
FALSE, 6250.0013,"beach",144.246,0.2537, 881, 881,beach
TRUE, 6250.0013,"boat", 24.870,0.0531, 881, 881,boat
FALSE, 6250.0013,"charter", 49.870,0.0052, 881, 881,charter
FALSE, 6250.0013,"pier",144.246,0.1498, 881, 881,pier
TRUE, 2083.3332,"beach",  9.870,0.5333, 882, 882,beach
FALSE, 2083.3332,"boat",121.730,0.2413, 882, 882,boat
FALSE, 2083.3332,"charter",156.730,1.0266, 882, 882,charter
FALSE, 2083.3332,"pier",  9.870,0.4522, 882, 882,pier
FALSE,  416.6667,"beach", 22.446,0.2537, 883, 883,beach
FALSE,  416.6667,"boat",  3.870,0.6817, 883, 883,boat
TRUE,  416.6667,"charter", 28.870,2.3014, 883, 883,charter
FALSE,  416.6667,"pier", 22.446,0.1498, 883, 883,pier
FALSE, 2916.6666,"beach", 74.646,0.2537, 884, 884,beach
TRUE, 2916.6666,"boat", 12.870,0.7369, 884, 884,boat
FALSE, 2916.6666,"charter", 37.870,2.3101, 884, 884,charter
FALSE, 2916.6666,"pier", 74.646,0.1498, 884, 884,pier
TRUE, 2083.3332,"beach",  9.870,0.5333, 885, 885,beach
FALSE, 2083.3332,"boat",121.730,0.2413, 885, 885,boat
FALSE, 2083.3332,"charter",156.730,1.0266, 885, 885,charter
FALSE, 2083.3332,"pier",  9.870,0.4522, 885, 885,pier
FALSE, 4583.3320,"beach", 18.870,0.5333, 886, 886,beach
FALSE, 4583.3320,"boat",232.730,0.2413, 886, 886,boat
FALSE, 4583.3320,"charter",267.730,1.0266, 886, 886,charter
TRUE, 4583.3320,"pier", 18.870,0.4522, 886, 886,pier
FALSE, 7083.3317,"beach",161.646,0.2537, 887, 887,beach
TRUE, 7083.3317,"boat", 27.870,0.0531, 887, 887,boat
FALSE, 7083.3317,"charter", 52.870,0.0052, 887, 887,charter
FALSE, 7083.3317,"pier",161.646,0.1498, 887, 887,pier
FALSE, 2083.3332,"beach", 57.246,0.2537, 888, 888,beach
FALSE, 2083.3332,"boat",  9.870,0.6817, 888, 888,boat
TRUE, 2083.3332,"charter", 34.870,2.3014, 888, 888,charter
FALSE, 2083.3332,"pier", 57.246,0.1498, 888, 888,pier
FALSE, 4583.3320,"beach",109.446,0.2537, 889, 889,beach
FALSE, 4583.3320,"boat", 18.870,0.0531, 889, 889,boat
TRUE, 4583.3320,"charter", 43.870,0.0052, 889, 889,charter
FALSE, 4583.3320,"pier",109.446,0.1498, 889, 889,pier
FALSE, 2916.6666,"beach", 74.646,0.2537, 890, 890,beach
TRUE, 2916.6666,"boat", 12.870,0.0531, 890, 890,boat
FALSE, 2916.6666,"charter", 37.870,0.0052, 890, 890,charter
FALSE, 2916.6666,"pier", 74.646,0.1498, 890, 890,pier
FALSE,  416.6667,"beach", 22.446,0.2537, 891, 891,beach
TRUE,  416.6667,"boat",  3.870,0.6817, 891, 891,boat
FALSE,  416.6667,"charter", 28.870,2.3014, 891, 891,charter
FALSE,  416.6667,"pier", 22.446,0.1498, 891, 891,pier
FALSE,  416.6667,"beach",  3.870,0.5333, 892, 892,beach
FALSE,  416.6667,"boat", 47.730,0.2413, 892, 892,boat
FALSE,  416.6667,"charter", 82.730,1.0266, 892, 892,charter
TRUE,  416.6667,"pier",  3.870,0.4522, 892, 892,pier
TRUE,  416.6667,"beach",  3.870,0.5333, 893, 893,beach
FALSE,  416.6667,"boat", 47.730,0.2413, 893, 893,boat
FALSE,  416.6667,"charter", 82.730,1.0266, 893, 893,charter
FALSE,  416.6667,"pier",  3.870,0.4522, 893, 893,pier
FALSE, 2083.3332,"beach", 57.246,0.2537, 894, 894,beach
TRUE, 2083.3332,"boat",  9.870,0.6817, 894, 894,boat
FALSE, 2083.3332,"charter", 34.870,2.3014, 894, 894,charter
FALSE, 2083.3332,"pier", 57.246,0.1498, 894, 894,pier
FALSE, 7083.3317,"beach",161.646,0.2537, 895, 895,beach
TRUE, 7083.3317,"boat", 27.870,0.6817, 895, 895,boat
FALSE, 7083.3317,"charter", 52.870,2.3014, 895, 895,charter
FALSE, 7083.3317,"pier",161.646,0.1498, 895, 895,pier
TRUE, 3749.9999,"beach", 15.870,0.5333, 896, 896,beach
FALSE, 3749.9999,"boat",195.730,0.0156, 896, 896,boat
FALSE, 3749.9999,"charter",230.730,0.0058, 896, 896,charter
FALSE, 3749.9999,"pier", 15.870,0.4522, 896, 896,pier
FALSE, 2916.6666,"beach", 12.870,0.5333, 897, 897,beach
FALSE, 2916.6666,"boat",158.730,0.2413, 897, 897,boat
FALSE, 2916.6666,"charter",193.730,1.0266, 897, 897,charter
TRUE, 2916.6666,"pier", 12.870,0.4522, 897, 897,pier
FALSE, 2083.3332,"beach",  9.870,0.5333, 898, 898,beach
FALSE, 2083.3332,"boat",121.730,0.2413, 898, 898,boat
FALSE, 2083.3332,"charter",156.730,1.0266, 898, 898,charter
TRUE, 2083.3332,"pier",  9.870,0.4522, 898, 898,pier
FALSE, 2916.6666,"beach", 74.646,0.2537, 899, 899,beach
TRUE, 2916.6666,"boat", 12.870,0.0531, 899, 899,boat
FALSE, 2916.6666,"charter", 37.870,0.0052, 899, 899,charter
FALSE, 2916.6666,"pier", 74.646,0.1498, 899, 899,pier
FALSE, 2916.6666,"beach", 74.646,0.2537, 900, 900,beach
TRUE, 2916.6666,"boat", 12.870,0.7369, 900, 900,boat
FALSE, 2916.6666,"charter", 37.870,2.3101, 900, 900,charter
FALSE, 2916.6666,"pier", 74.646,0.1498, 900, 900,pier
FALSE, 2083.3332,"beach", 57.246,0.2537, 901, 901,beach
TRUE, 2083.3332,"boat",  9.870,0.0531, 901, 901,boat
FALSE, 2083.3332,"charter", 34.870,0.0052, 901, 901,charter
FALSE, 2083.3332,"pier", 57.246,0.1498, 901, 901,pier
FALSE, 2083.3332,"beach",176.344,0.0678, 902, 902,beach
TRUE, 2083.3332,"boat", 57.246,0.0143, 902, 902,boat
FALSE, 2083.3332,"charter", 86.746,0.0289, 902, 902,charter
FALSE, 2083.3332,"pier",176.344,0.0503, 902, 902,pier
FALSE, 2916.6666,"beach", 74.646,0.2537, 903, 903,beach
TRUE, 2916.6666,"boat", 12.870,0.6817, 903, 903,boat
FALSE, 2916.6666,"charter", 37.870,2.3014, 903, 903,charter
FALSE, 2916.6666,"pier", 74.646,0.1498, 903, 903,pier
FALSE, 2083.3332,"beach",  9.870,0.5333, 904, 904,beach
FALSE, 2083.3332,"boat",121.730,0.2413, 904, 904,boat
FALSE, 2083.3332,"charter",156.730,1.0266, 904, 904,charter
TRUE, 2083.3332,"pier",  9.870,0.4522, 904, 904,pier
FALSE, 2916.6666,"beach", 74.646,0.2537, 905, 905,beach
FALSE, 2916.6666,"boat", 12.870,0.6817, 905, 905,boat
TRUE, 2916.6666,"charter", 37.870,2.3014, 905, 905,charter
FALSE, 2916.6666,"pier", 74.646,0.1498, 905, 905,pier
FALSE, 1249.9998,"beach",  6.870,0.5333, 906, 906,beach
FALSE, 1249.9998,"boat", 84.730,0.2413, 906, 906,boat
FALSE, 1249.9998,"charter",119.730,1.0266, 906, 906,charter
TRUE, 1249.9998,"pier",  6.870,0.4522, 906, 906,pier
FALSE, 1249.9998,"beach", 39.846,0.2537, 907, 907,beach
TRUE, 1249.9998,"boat",  6.870,0.0531, 907, 907,boat
FALSE, 1249.9998,"charter", 31.870,0.0052, 907, 907,charter
FALSE, 1249.9998,"pier", 39.846,0.1498, 907, 907,pier
FALSE, 3749.9999,"beach", 92.046,0.2537, 908, 908,beach
FALSE, 3749.9999,"boat", 15.870,0.6817, 908, 908,boat
TRUE, 3749.9999,"charter", 40.870,2.3014, 908, 908,charter
FALSE, 3749.9999,"pier", 92.046,0.1498, 908, 908,pier
FALSE, 3749.9999,"beach",283.544,0.0678, 909, 909,beach
TRUE, 3749.9999,"boat", 92.046,0.0143, 909, 909,boat
FALSE, 3749.9999,"charter",121.546,0.0289, 909, 909,charter
FALSE, 3749.9999,"pier",283.544,0.0503, 909, 909,pier
FALSE, 2916.6666,"beach", 74.646,0.2537, 910, 910,beach
TRUE, 2916.6666,"boat", 12.870,0.6817, 910, 910,boat
FALSE, 2916.6666,"charter", 37.870,2.3014, 910, 910,charter
FALSE, 2916.6666,"pier", 74.646,0.1498, 910, 910,pier
FALSE, 2916.6666,"beach", 74.646,0.2537, 911, 911,beach
TRUE, 2916.6666,"boat", 12.870,0.0531, 911, 911,boat
FALSE, 2916.6666,"charter", 37.870,0.0052, 911, 911,charter
FALSE, 2916.6666,"pier", 74.646,0.1498, 911, 911,pier
FALSE, 2083.3332,"beach", 57.246,0.2537, 912, 912,beach
FALSE, 2083.3332,"boat",  9.870,0.6817, 912, 912,boat
TRUE, 2083.3332,"charter", 34.870,2.3014, 912, 912,charter
FALSE, 2083.3332,"pier", 57.246,0.1498, 912, 912,pier
FALSE, 3749.9999,"beach",195.730,0.0678, 913, 913,beach
FALSE, 3749.9999,"boat", 92.046,0.0559, 913, 913,boat
TRUE, 3749.9999,"charter",127.046,0.6456, 913, 913,charter
FALSE, 3749.9999,"pier",195.730,0.0789, 913, 913,pier
FALSE, 2083.3332,"beach",  9.870,0.5333, 914, 914,beach
FALSE, 2083.3332,"boat",121.730,0.2413, 914, 914,boat
FALSE, 2083.3332,"charter",156.730,1.0266, 914, 914,charter
TRUE, 2083.3332,"pier",  9.870,0.4522, 914, 914,pier
FALSE, 6250.0013,"beach",144.246,0.2537, 915, 915,beach
TRUE, 6250.0013,"boat", 24.870,0.6817, 915, 915,boat
FALSE, 6250.0013,"charter", 49.870,2.3014, 915, 915,charter
FALSE, 6250.0013,"pier",144.246,0.1498, 915, 915,pier
FALSE, 6250.0013,"beach",144.246,0.2537, 916, 916,beach
TRUE, 6250.0013,"boat", 24.870,0.6817, 916, 916,boat
FALSE, 6250.0013,"charter", 49.870,2.3014, 916, 916,charter
FALSE, 6250.0013,"pier",144.246,0.1498, 916, 916,pier
FALSE, 4583.3320,"beach",109.446,0.2537, 917, 917,beach
TRUE, 4583.3320,"boat", 18.870,0.0531, 917, 917,boat
FALSE, 4583.3320,"charter", 43.870,0.0052, 917, 917,charter
FALSE, 4583.3320,"pier",109.446,0.1498, 917, 917,pier
FALSE, 1249.9998,"beach", 39.846,0.2537, 918, 918,beach
TRUE, 1249.9998,"boat",  6.870,0.0531, 918, 918,boat
FALSE, 1249.9998,"charter", 31.870,0.0052, 918, 918,charter
FALSE, 1249.9998,"pier", 39.846,0.1498, 918, 918,pier
FALSE, 2083.3332,"beach", 57.246,0.2537, 919, 919,beach
TRUE, 2083.3332,"boat",  9.870,0.0531, 919, 919,boat
FALSE, 2083.3332,"charter", 34.870,0.0052, 919, 919,charter
FALSE, 2083.3332,"pier", 57.246,0.1498, 919, 919,pier
TRUE, 7083.3317,"beach", 27.870,0.5333, 920, 920,beach
FALSE, 7083.3317,"boat",343.730,0.2413, 920, 920,boat
FALSE, 7083.3317,"charter",378.730,1.0266, 920, 920,charter
FALSE, 7083.3317,"pier", 27.870,0.4522, 920, 920,pier
FALSE, 3749.9999,"beach", 92.046,0.2537, 921, 921,beach
FALSE, 3749.9999,"boat", 15.870,0.6817, 921, 921,boat
TRUE, 3749.9999,"charter", 40.870,2.3014, 921, 921,charter
FALSE, 3749.9999,"pier", 92.046,0.1498, 921, 921,pier
FALSE, 3749.9999,"beach", 92.046,0.2537, 922, 922,beach
TRUE, 3749.9999,"boat", 15.870,0.6817, 922, 922,boat
FALSE, 3749.9999,"charter", 40.870,2.3014, 922, 922,charter
FALSE, 3749.9999,"pier", 92.046,0.1498, 922, 922,pier
FALSE, 4583.3320,"beach", 15.096,0.5333, 923, 923,beach
TRUE, 4583.3320,"boat",213.860,0.0361, 923, 923,boat
FALSE, 4583.3320,"charter",248.860,0.4216, 923, 923,charter
FALSE, 4583.3320,"pier", 15.096,0.0069, 923, 923,pier
FALSE, 2083.3332,"beach",  7.896,0.5333, 924, 924,beach
FALSE, 2083.3332,"boat",111.860,0.0156, 924, 924,boat
FALSE, 2083.3332,"charter",146.860,0.0058, 924, 924,charter
TRUE, 2083.3332,"pier",  7.896,0.4522, 924, 924,pier
TRUE, 3749.9999,"beach", 12.696,0.5333, 925, 925,beach
FALSE, 3749.9999,"boat",179.860,0.0051, 925, 925,boat
FALSE, 3749.9999,"charter",214.860,1.0266, 925, 925,charter
FALSE, 3749.9999,"pier", 12.696,0.4522, 925, 925,pier
FALSE, 1249.9998,"beach", 32.976,0.2537, 926, 926,beach
TRUE, 1249.9998,"boat",  5.496,0.7369, 926, 926,boat
FALSE, 1249.9998,"charter", 30.496,2.3101, 926, 926,charter
FALSE, 1249.9998,"pier", 32.976,0.1498, 926, 926,pier
FALSE, 2083.3332,"beach", 47.376,0.2537, 927, 927,beach
TRUE, 2083.3332,"boat",  7.896,0.6817, 927, 927,boat
FALSE, 2083.3332,"charter", 32.896,2.3014, 927, 927,charter
FALSE, 2083.3332,"pier", 47.376,0.1498, 927, 927,pier
TRUE, 6250.0013,"beach", 19.896,0.5333, 928, 928,beach
FALSE, 6250.0013,"boat",281.860,0.2413, 928, 928,boat
FALSE, 6250.0013,"charter",316.860,1.0266, 928, 928,charter
FALSE, 6250.0013,"pier", 19.896,0.4522, 928, 928,pier
FALSE, 3749.9999,"beach", 76.176,0.2537, 929, 929,beach
TRUE, 3749.9999,"boat", 12.696,0.7369, 929, 929,boat
FALSE, 3749.9999,"charter", 37.696,2.3101, 929, 929,charter
FALSE, 3749.9999,"pier", 76.176,0.1498, 929, 929,pier
FALSE, 2083.3332,"beach", 47.376,0.2537, 930, 930,beach
TRUE, 2083.3332,"boat",  7.896,0.7369, 930, 930,boat
FALSE, 2083.3332,"charter", 32.896,2.3101, 930, 930,charter
FALSE, 2083.3332,"pier", 47.376,0.1498, 930, 930,pier
FALSE, 7083.3317,"beach",133.776,0.2537, 931, 931,beach
TRUE, 7083.3317,"boat", 22.296,0.6817, 931, 931,boat
FALSE, 7083.3317,"charter", 47.296,2.3014, 931, 931,charter
FALSE, 7083.3317,"pier",133.776,0.1498, 931, 931,pier
FALSE, 2916.6666,"beach", 61.776,0.2537, 932, 932,beach
FALSE, 2916.6666,"boat", 10.296,0.6817, 932, 932,boat
TRUE, 2916.6666,"charter", 35.296,2.3014, 932, 932,charter
FALSE, 2916.6666,"pier", 61.776,0.1498, 932, 932,pier
FALSE,12499.9980,"beach",227.376,0.2537, 933, 933,beach
TRUE,12499.9980,"boat", 37.896,0.0531, 933, 933,boat
FALSE,12499.9980,"charter", 62.896,0.0052, 933, 933,charter
FALSE,12499.9980,"pier",227.376,0.1498, 933, 933,pier
TRUE, 2083.3332,"beach",  7.896,0.5333, 934, 934,beach
FALSE, 2083.3332,"boat",111.860,0.2413, 934, 934,boat
FALSE, 2083.3332,"charter",146.860,1.0266, 934, 934,charter
FALSE, 2083.3332,"pier",  7.896,0.4522, 934, 934,pier
FALSE, 4583.3320,"beach", 90.576,0.2537, 935, 935,beach
TRUE, 4583.3320,"boat", 15.096,0.7369, 935, 935,boat
FALSE, 4583.3320,"charter", 40.096,2.3101, 935, 935,charter
FALSE, 4583.3320,"pier", 90.576,0.1498, 935, 935,pier
FALSE, 4583.3320,"beach", 90.576,0.2537, 936, 936,beach
FALSE, 4583.3320,"boat", 15.096,0.6817, 936, 936,boat
TRUE, 4583.3320,"charter", 40.096,2.3014, 936, 936,charter
FALSE, 4583.3320,"pier", 90.576,0.1498, 936, 936,pier
TRUE, 4583.3320,"beach", 15.096,0.5333, 937, 937,beach
FALSE, 4583.3320,"boat",213.860,0.2413, 937, 937,boat
FALSE, 4583.3320,"charter",248.860,1.0266, 937, 937,charter
FALSE, 4583.3320,"pier", 15.096,0.4522, 937, 937,pier
TRUE, 2916.6666,"beach", 10.296,0.5333, 938, 938,beach
FALSE, 2916.6666,"boat",145.860,0.2413, 938, 938,boat
FALSE, 2916.6666,"charter",180.860,1.0266, 938, 938,charter
FALSE, 2916.6666,"pier", 10.296,0.4522, 938, 938,pier
FALSE, 7083.3317,"beach",133.776,0.2537, 939, 939,beach
FALSE, 7083.3317,"boat", 22.296,0.0531, 939, 939,boat
TRUE, 7083.3317,"charter", 47.296,0.0052, 939, 939,charter
FALSE, 7083.3317,"pier",133.776,0.1498, 939, 939,pier
FALSE, 2916.6666,"beach", 61.776,0.2537, 940, 940,beach
TRUE, 2916.6666,"boat", 10.296,0.7369, 940, 940,boat
FALSE, 2916.6666,"charter", 35.296,2.3101, 940, 940,charter
FALSE, 2916.6666,"pier", 61.776,0.1498, 940, 940,pier
FALSE, 2916.6666,"beach", 61.776,0.2537, 941, 941,beach
TRUE, 2916.6666,"boat", 10.296,0.6817, 941, 941,boat
FALSE, 2916.6666,"charter", 35.296,2.3014, 941, 941,charter
FALSE, 2916.6666,"pier", 61.776,0.1498, 941, 941,pier
TRUE, 4583.3320,"beach", 15.096,0.5333, 942, 942,beach
FALSE, 4583.3320,"boat",213.860,0.2413, 942, 942,boat
FALSE, 4583.3320,"charter",248.860,1.0266, 942, 942,charter
FALSE, 4583.3320,"pier", 15.096,0.4522, 942, 942,pier
FALSE, 1249.9998,"beach", 32.976,0.2537, 943, 943,beach
TRUE, 1249.9998,"boat",  5.496,0.6817, 943, 943,boat
FALSE, 1249.9998,"charter", 30.496,2.3014, 943, 943,charter
FALSE, 1249.9998,"pier", 32.976,0.1498, 943, 943,pier
FALSE, 8750.0010,"beach",162.576,0.2537, 944, 944,beach
TRUE, 8750.0010,"boat", 27.096,0.7369, 944, 944,boat
FALSE, 8750.0010,"charter", 52.096,2.3101, 944, 944,charter
FALSE, 8750.0010,"pier",162.576,0.1498, 944, 944,pier
FALSE, 3749.9999,"beach", 76.176,0.2537, 945, 945,beach
TRUE, 3749.9999,"boat", 12.696,0.7369, 945, 945,boat
FALSE, 3749.9999,"charter", 37.696,2.3101, 945, 945,charter
FALSE, 3749.9999,"pier", 76.176,0.1498, 945, 945,pier
FALSE, 1249.9998,"beach", 77.860,0.0678, 946, 946,beach
FALSE, 1249.9998,"boat",115.874,0.0014, 946, 946,boat
FALSE, 1249.9998,"charter",144.874,0.0029, 946, 946,charter
TRUE, 1249.9998,"pier", 77.860,0.0789, 946, 946,pier
TRUE, 5416.6667,"beach", 17.496,0.5333, 947, 947,beach
FALSE, 5416.6667,"boat",247.860,0.0156, 947, 947,boat
FALSE, 5416.6667,"charter",282.860,0.0058, 947, 947,charter
FALSE, 5416.6667,"pier", 17.496,0.4522, 947, 947,pier
FALSE, 2916.6666,"beach", 61.776,0.2537, 948, 948,beach
FALSE, 2916.6666,"boat", 10.296,0.6817, 948, 948,boat
TRUE, 2916.6666,"charter", 35.296,2.3014, 948, 948,charter
FALSE, 2916.6666,"pier", 61.776,0.1498, 948, 948,pier
FALSE, 5416.6667,"beach",104.976,0.2537, 949, 949,beach
TRUE, 5416.6667,"boat", 17.496,0.6817, 949, 949,boat
FALSE, 5416.6667,"charter", 42.496,2.3014, 949, 949,charter
FALSE, 5416.6667,"pier",104.976,0.1498, 949, 949,pier
FALSE, 2083.3332,"beach", 47.376,0.2537, 950, 950,beach
FALSE, 2083.3332,"boat",  7.896,0.6817, 950, 950,boat
TRUE, 2083.3332,"charter", 32.896,2.3014, 950, 950,charter
FALSE, 2083.3332,"pier", 47.376,0.1498, 950, 950,pier
FALSE, 5416.6667,"beach",150.174,0.2537, 951, 951,beach
TRUE, 5416.6667,"boat", 45.198,0.6817, 951, 951,boat
FALSE, 5416.6667,"charter", 70.198,2.3014, 951, 951,charter
FALSE, 5416.6667,"pier",150.174,0.1498, 951, 951,pier
TRUE, 2916.6666,"beach", 26.598,0.5333, 952, 952,beach
FALSE, 2916.6666,"boat",172.458,0.2413, 952, 952,boat
FALSE, 2916.6666,"charter",207.458,1.0266, 952, 952,charter
FALSE, 2916.6666,"pier", 26.598,0.4522, 952, 952,pier
FALSE, 2916.6666,"beach", 88.374,0.2537, 953, 953,beach
FALSE, 2916.6666,"boat", 26.598,0.6817, 953, 953,boat
TRUE, 2916.6666,"charter", 51.598,2.3014, 953, 953,charter
FALSE, 2916.6666,"pier", 88.374,0.1498, 953, 953,pier
FALSE, 4583.3320,"beach",129.574,0.2537, 954, 954,beach
TRUE, 4583.3320,"boat", 38.998,0.6817, 954, 954,boat
FALSE, 4583.3320,"charter", 63.998,2.3014, 954, 954,charter
FALSE, 4583.3320,"pier",129.574,0.1498, 954, 954,pier
FALSE, 2083.3332,"beach",132.258,0.0678, 955, 955,beach
FALSE, 2083.3332,"boat", 67.774,0.0559, 955, 955,boat
TRUE, 2083.3332,"charter",102.774,0.6456, 955, 955,charter
FALSE, 2083.3332,"pier",132.258,0.0789, 955, 955,pier
FALSE, 2916.6666,"beach", 26.598,0.5333, 956, 956,beach
FALSE, 2916.6666,"boat",172.458,0.2413, 956, 956,boat
FALSE, 2916.6666,"charter",207.458,1.0266, 956, 956,charter
TRUE, 2916.6666,"pier", 26.598,0.4522, 956, 956,pier
TRUE, 1249.9998,"beach", 14.198,0.5333, 957, 957,beach
FALSE, 1249.9998,"boat", 92.058,0.2413, 957, 957,boat
FALSE, 1249.9998,"charter",127.058,1.0266, 957, 957,charter
FALSE, 1249.9998,"pier", 14.198,0.4522, 957, 957,pier
FALSE, 1249.9998,"beach", 47.174,0.2537, 958, 958,beach
FALSE, 1249.9998,"boat", 14.198,0.6817, 958, 958,boat
TRUE, 1249.9998,"charter", 39.198,2.3014, 958, 958,charter
FALSE, 1249.9998,"pier", 47.174,0.1498, 958, 958,pier
FALSE, 3749.9999,"beach",108.974,0.2537, 959, 959,beach
FALSE, 3749.9999,"boat", 32.798,0.6817, 959, 959,boat
TRUE, 3749.9999,"charter", 57.798,2.3014, 959, 959,charter
FALSE, 3749.9999,"pier",108.974,0.1498, 959, 959,pier
FALSE, 2083.3332,"beach", 20.398,0.5333, 960, 960,beach
FALSE, 2083.3332,"boat",132.258,0.0156, 960, 960,boat
FALSE, 2083.3332,"charter",167.258,0.0058, 960, 960,charter
TRUE, 2083.3332,"pier", 20.398,0.4522, 960, 960,pier
FALSE, 2916.6666,"beach", 88.374,0.2537, 961, 961,beach
FALSE, 2916.6666,"boat", 26.598,0.6817, 961, 961,boat
TRUE, 2916.6666,"charter", 51.598,2.3014, 961, 961,charter
FALSE, 2916.6666,"pier", 88.374,0.1498, 961, 961,pier
FALSE, 4583.3320,"beach",129.574,0.2537, 962, 962,beach
TRUE, 4583.3320,"boat", 38.998,0.7369, 962, 962,boat
FALSE, 4583.3320,"charter", 63.998,2.3101, 962, 962,charter
FALSE, 4583.3320,"pier",129.574,0.1498, 962, 962,pier
FALSE, 2916.6666,"beach", 88.374,0.2537, 963, 963,beach
TRUE, 2916.6666,"boat", 26.598,0.0531, 963, 963,boat
FALSE, 2916.6666,"charter", 51.598,0.0052, 963, 963,charter
FALSE, 2916.6666,"pier", 88.374,0.1498, 963, 963,pier
TRUE, 3749.9999,"beach", 32.798,0.5333, 964, 964,beach
FALSE, 3749.9999,"boat",212.658,0.1665, 964, 964,boat
FALSE, 3749.9999,"charter",247.658,0.3975, 964, 964,charter
FALSE, 3749.9999,"pier", 32.798,0.4522, 964, 964,pier
FALSE, 2916.6666,"beach", 88.374,0.2537, 965, 965,beach
TRUE, 2916.6666,"boat", 26.598,0.6817, 965, 965,boat
FALSE, 2916.6666,"charter", 51.598,2.3014, 965, 965,charter
FALSE, 2916.6666,"pier", 88.374,0.1498, 965, 965,pier
FALSE, 4583.3320,"beach",129.574,0.2537, 966, 966,beach
FALSE, 4583.3320,"boat", 38.998,0.0531, 966, 966,boat
TRUE, 4583.3320,"charter", 63.998,0.0052, 966, 966,charter
FALSE, 4583.3320,"pier",129.574,0.1498, 966, 966,pier
FALSE, 3749.9999,"beach",108.974,0.2537, 967, 967,beach
TRUE, 3749.9999,"boat", 32.798,0.6817, 967, 967,boat
FALSE, 3749.9999,"charter", 57.798,2.3014, 967, 967,charter
FALSE, 3749.9999,"pier",108.974,0.1498, 967, 967,pier
FALSE, 4583.3320,"beach",129.574,0.2537, 968, 968,beach
FALSE, 4583.3320,"boat", 38.998,0.6817, 968, 968,boat
TRUE, 4583.3320,"charter", 63.998,2.3014, 968, 968,charter
FALSE, 4583.3320,"pier",129.574,0.1498, 968, 968,pier
FALSE, 2916.6666,"beach", 26.598,0.5333, 969, 969,beach
FALSE, 2916.6666,"boat",172.458,0.2413, 969, 969,boat
FALSE, 2916.6666,"charter",207.458,1.0266, 969, 969,charter
TRUE, 2916.6666,"pier", 26.598,0.4522, 969, 969,pier
FALSE, 2916.6666,"beach", 26.598,0.5333, 970, 970,beach
FALSE, 2916.6666,"boat",172.458,0.0156, 970, 970,boat
FALSE, 2916.6666,"charter",207.458,0.0058, 970, 970,charter
TRUE, 2916.6666,"pier", 26.598,0.4522, 970, 970,pier
FALSE, 4583.3320,"beach",129.574,0.2537, 971, 971,beach
FALSE, 4583.3320,"boat", 38.998,0.6817, 971, 971,boat
TRUE, 4583.3320,"charter", 63.998,2.3014, 971, 971,charter
FALSE, 4583.3320,"pier",129.574,0.1498, 971, 971,pier
FALSE, 9583.3357,"beach",253.174,0.2537, 972, 972,beach
TRUE, 9583.3357,"boat", 76.198,0.6817, 972, 972,boat
FALSE, 9583.3357,"charter",101.198,2.3014, 972, 972,charter
FALSE, 9583.3357,"pier",253.174,0.1498, 972, 972,pier
FALSE, 3749.9999,"beach",108.974,0.2537, 973, 973,beach
TRUE, 3749.9999,"boat", 32.798,0.0531, 973, 973,boat
FALSE, 3749.9999,"charter", 57.798,0.0052, 973, 973,charter
FALSE, 3749.9999,"pier",108.974,0.1498, 973, 973,pier
FALSE, 2083.3332,"beach", 20.398,0.5333, 974, 974,beach
FALSE, 2083.3332,"boat",132.258,0.2413, 974, 974,boat
FALSE, 2083.3332,"charter",167.258,1.0266, 974, 974,charter
TRUE, 2083.3332,"pier", 20.398,0.4522, 974, 974,pier
FALSE, 1249.9998,"beach", 47.174,0.2537, 975, 975,beach
TRUE, 1249.9998,"boat", 14.198,0.0531, 975, 975,boat
FALSE, 1249.9998,"charter", 39.198,0.0052, 975, 975,charter
FALSE, 1249.9998,"pier", 47.174,0.1498, 975, 975,pier
FALSE, 4583.3320,"beach", 38.998,0.5333, 976, 976,beach
FALSE, 4583.3320,"boat",252.858,0.1665, 976, 976,boat
FALSE, 4583.3320,"charter",287.858,0.3975, 976, 976,charter
TRUE, 4583.3320,"pier", 38.998,0.4522, 976, 976,pier
FALSE, 4583.3320,"beach",129.574,0.2537, 977, 977,beach
TRUE, 4583.3320,"boat", 38.998,0.6817, 977, 977,boat
FALSE, 4583.3320,"charter", 63.998,2.3014, 977, 977,charter
FALSE, 4583.3320,"pier",129.574,0.1498, 977, 977,pier
FALSE, 9583.3357,"beach", 76.198,0.5333, 978, 978,beach
FALSE, 9583.3357,"boat",494.058,0.2413, 978, 978,boat
FALSE, 9583.3357,"charter",529.058,1.0266, 978, 978,charter
TRUE, 9583.3357,"pier", 76.198,0.4522, 978, 978,pier
TRUE,  416.6667,"beach",  7.998,0.5333, 979, 979,beach
FALSE,  416.6667,"boat", 51.858,0.2413, 979, 979,boat
FALSE,  416.6667,"charter", 86.858,1.0266, 979, 979,charter
FALSE,  416.6667,"pier",  7.998,0.4522, 979, 979,pier
FALSE, 2083.3332,"beach",  9.870,0.5333, 980, 980,beach
FALSE, 2083.3332,"boat",121.730,0.0156, 980, 980,boat
FALSE, 2083.3332,"charter",156.730,0.0058, 980, 980,charter
TRUE, 2083.3332,"pier",  9.870,0.4522, 980, 980,pier
TRUE, 2083.3332,"beach", 14.476,0.2537, 981, 981,beach
FALSE, 2083.3332,"boat", 62.510,0.0233, 981, 981,boat
FALSE, 2083.3332,"charter", 81.010,0.0219, 981, 981,charter
FALSE, 2083.3332,"pier", 14.476,0.1498, 981, 981,pier
FALSE,  416.6667,"beach",  2.322,0.5333, 982, 982,beach
FALSE,  416.6667,"boat", 55.470,0.2413, 982, 982,boat
FALSE,  416.6667,"charter", 90.470,1.0266, 982, 982,charter
TRUE,  416.6667,"pier",  2.322,0.4522, 982, 982,pier
FALSE, 1249.9998,"beach", 53.586,0.2537, 983, 983,beach
TRUE, 1249.9998,"boat",  4.122,0.6817, 983, 983,boat
FALSE, 1249.9998,"charter", 29.122,2.3014, 983, 983,charter
FALSE, 1249.9998,"pier", 53.586,0.1498, 983, 983,pier
FALSE, 3749.9999,"beach",123.786,0.2537, 984, 984,beach
TRUE, 3749.9999,"boat",  9.522,0.0531, 984, 984,boat
FALSE, 3749.9999,"charter", 34.522,0.0052, 984, 984,charter
FALSE, 3749.9999,"pier",123.786,0.1498, 984, 984,pier
FALSE, 2916.6666,"beach", 61.776,0.2537, 985, 985,beach
FALSE, 2916.6666,"boat", 10.296,0.0531, 985, 985,boat
TRUE, 2916.6666,"charter", 35.296,0.0052, 985, 985,charter
FALSE, 2916.6666,"pier", 61.776,0.1498, 985, 985,pier
FALSE,  416.6667,"beach",  3.096,0.5333, 986, 986,beach
FALSE,  416.6667,"boat", 43.860,0.2413, 986, 986,boat
FALSE,  416.6667,"charter", 78.860,1.0266, 986, 986,charter
TRUE,  416.6667,"pier",  3.096,0.4522, 986, 986,pier
FALSE, 2083.3332,"beach",  7.896,0.5333, 987, 987,beach
FALSE, 2083.3332,"boat",111.860,0.2413, 987, 987,boat
FALSE, 2083.3332,"charter",146.860,1.0266, 987, 987,charter
TRUE, 2083.3332,"pier",  7.896,0.4522, 987, 987,pier
FALSE, 3749.9999,"beach", 76.176,0.2537, 988, 988,beach
TRUE, 3749.9999,"boat", 12.696,0.7369, 988, 988,boat
FALSE, 3749.9999,"charter", 37.696,2.3101, 988, 988,charter
FALSE, 3749.9999,"pier", 76.176,0.1498, 988, 988,pier
FALSE, 2083.3332,"beach", 47.376,0.2537, 989, 989,beach
TRUE, 2083.3332,"boat",  7.896,0.6817, 989, 989,boat
FALSE, 2083.3332,"charter", 32.896,2.3014, 989, 989,charter
FALSE, 2083.3332,"pier", 47.376,0.1498, 989, 989,pier
FALSE,  416.6667,"beach", 18.576,0.2537, 990, 990,beach
FALSE,  416.6667,"boat",  3.096,0.6817, 990, 990,boat
TRUE,  416.6667,"charter", 28.096,2.3014, 990, 990,charter
FALSE,  416.6667,"pier", 18.576,0.1498, 990, 990,pier
FALSE, 1249.9998,"beach", 32.976,0.2537, 991, 991,beach
FALSE, 1249.9998,"boat",  5.496,0.0531, 991, 991,boat
TRUE, 1249.9998,"charter", 30.496,0.0052, 991, 991,charter
FALSE, 1249.9998,"pier", 32.976,0.1498, 991, 991,pier
FALSE, 6250.0013,"beach",119.376,0.2537, 992, 992,beach
TRUE, 6250.0013,"boat", 19.896,0.6817, 992, 992,boat
FALSE, 6250.0013,"charter", 44.896,2.3014, 992, 992,charter
FALSE, 6250.0013,"pier",119.376,0.1498, 992, 992,pier
FALSE, 2916.6666,"beach", 61.776,0.2537, 993, 993,beach
TRUE, 2916.6666,"boat", 10.296,0.6817, 993, 993,boat
FALSE, 2916.6666,"charter", 35.296,2.3014, 993, 993,charter
FALSE, 2916.6666,"pier", 61.776,0.1498, 993, 993,pier
FALSE, 4583.3320,"beach", 15.096,0.5333, 994, 994,beach
FALSE, 4583.3320,"boat",213.860,0.2413, 994, 994,boat
FALSE, 4583.3320,"charter",248.860,1.0266, 994, 994,charter
TRUE, 4583.3320,"pier", 15.096,0.4522, 994, 994,pier
FALSE, 2916.6666,"beach", 10.296,0.5333, 995, 995,beach
FALSE, 2916.6666,"boat",145.860,0.1665, 995, 995,boat
FALSE, 2916.6666,"charter",180.860,0.3975, 995, 995,charter
TRUE, 2916.6666,"pier", 10.296,0.4522, 995, 995,pier
FALSE, 1249.9998,"beach",  5.496,0.5333, 996, 996,beach
FALSE, 1249.9998,"boat", 77.860,0.2413, 996, 996,boat
FALSE, 1249.9998,"charter",112.860,1.0266, 996, 996,charter
TRUE, 1249.9998,"pier",  5.496,0.4522, 996, 996,pier
FALSE, 1249.9998,"beach", 32.976,0.2537, 997, 997,beach
FALSE, 1249.9998,"boat",  5.496,0.6817, 997, 997,boat
TRUE, 1249.9998,"charter", 30.496,2.3014, 997, 997,charter
FALSE, 1249.9998,"pier", 32.976,0.1498, 997, 997,pier
TRUE, 5416.6667,"beach", 17.496,0.5333, 998, 998,beach
FALSE, 5416.6667,"boat",247.860,0.2413, 998, 998,boat
FALSE, 5416.6667,"charter",282.860,1.0266, 998, 998,charter
FALSE, 5416.6667,"pier", 17.496,0.4522, 998, 998,pier
FALSE, 1249.9998,"beach", 32.976,0.2537, 999, 999,beach
TRUE, 1249.9998,"boat",  5.496,0.0531, 999, 999,boat
FALSE, 1249.9998,"charter", 30.496,0.0052, 999, 999,charter
FALSE, 1249.9998,"pier", 32.976,0.1498, 999, 999,pier
FALSE, 2916.6666,"beach", 61.776,0.2537,1000,1000,beach
TRUE, 2916.6666,"boat", 10.296,0.6817,1000,1000,boat
FALSE, 2916.6666,"charter", 35.296,2.3014,1000,1000,charter
FALSE, 2916.6666,"pier", 61.776,0.1498,1000,1000,pier
FALSE, 3749.9999,"beach", 76.176,0.2537,1001,1001,beach
TRUE, 3749.9999,"boat", 12.696,0.0531,1001,1001,boat
FALSE, 3749.9999,"charter", 37.696,0.0052,1001,1001,charter
FALSE, 3749.9999,"pier", 76.176,0.1498,1001,1001,pier
FALSE, 1249.9998,"beach",  5.496,0.5333,1002,1002,beach
FALSE, 1249.9998,"boat", 77.860,0.2413,1002,1002,boat
FALSE, 1249.9998,"charter",112.860,1.0266,1002,1002,charter
TRUE, 1249.9998,"pier",  5.496,0.4522,1002,1002,pier
FALSE,  416.6667,"beach", 18.576,0.2537,1003,1003,beach
TRUE,  416.6667,"boat",  3.096,0.0531,1003,1003,boat
FALSE,  416.6667,"charter", 28.096,0.0052,1003,1003,charter
FALSE,  416.6667,"pier", 18.576,0.1498,1003,1003,pier
FALSE, 4583.3320,"beach", 90.576,0.2537,1004,1004,beach
TRUE, 4583.3320,"boat", 15.096,0.0531,1004,1004,boat
FALSE, 4583.3320,"charter", 40.096,0.0052,1004,1004,charter
FALSE, 4583.3320,"pier", 90.576,0.1498,1004,1004,pier
TRUE, 3749.9999,"beach", 76.176,0.2537,1005,1005,beach
FALSE, 3749.9999,"boat",139.656,0.2339,1005,1005,boat
FALSE, 3749.9999,"charter",158.156,0.6288,1005,1005,charter
FALSE, 3749.9999,"pier", 76.176,0.1498,1005,1005,pier
FALSE, 3749.9999,"beach", 76.176,0.2537,1006,1006,beach
TRUE, 3749.9999,"boat", 12.696,0.6817,1006,1006,boat
FALSE, 3749.9999,"charter", 37.696,2.3014,1006,1006,charter
FALSE, 3749.9999,"pier", 76.176,0.1498,1006,1006,pier
FALSE,12499.9980,"beach",227.376,0.2537,1007,1007,beach
TRUE,12499.9980,"boat", 37.896,0.0531,1007,1007,boat
FALSE,12499.9980,"charter", 62.896,0.0052,1007,1007,charter
FALSE,12499.9980,"pier",227.376,0.1498,1007,1007,pier
TRUE, 1249.9998,"beach",  5.496,0.5333,1008,1008,beach
FALSE, 1249.9998,"boat", 77.860,0.1665,1008,1008,boat
FALSE, 1249.9998,"charter",112.860,0.3975,1008,1008,charter
FALSE, 1249.9998,"pier",  5.496,0.4522,1008,1008,pier
FALSE, 2083.3332,"beach", 47.376,0.2537,1009,1009,beach
FALSE, 2083.3332,"boat", 86.856,0.2339,1009,1009,boat
FALSE, 2083.3332,"charter",105.356,0.6288,1009,1009,charter
TRUE, 2083.3332,"pier", 47.376,0.1498,1009,1009,pier
TRUE, 2083.3332,"beach",  7.896,0.5333,1010,1010,beach
FALSE, 2083.3332,"boat",111.860,0.2413,1010,1010,boat
FALSE, 2083.3332,"charter",146.860,1.0266,1010,1010,charter
FALSE, 2083.3332,"pier",  7.896,0.4522,1010,1010,pier
FALSE, 2083.3332,"beach", 37.506,0.2537,1011,1011,beach
TRUE, 2083.3332,"boat",  3.290,0.6817,1011,1011,boat
FALSE, 2083.3332,"charter", 28.290,2.3014,1011,1011,charter
FALSE, 2083.3332,"pier", 37.506,0.1498,1011,1011,pier
TRUE, 2083.3332,"beach",  3.290,0.5333,1012,1012,beach
FALSE, 2083.3332,"boat",101.990,0.0051,1012,1012,boat
FALSE, 2083.3332,"charter",136.990,1.0266,1012,1012,charter
FALSE, 2083.3332,"pier",  3.290,0.4522,1012,1012,pier
TRUE, 1249.9998,"beach",  2.290,0.5333,1013,1013,beach
FALSE, 1249.9998,"boat", 70.990,0.1665,1013,1013,boat
FALSE, 1249.9998,"charter",105.990,0.3975,1013,1013,charter
FALSE, 1249.9998,"pier",  2.290,0.4522,1013,1013,pier
TRUE,  416.6667,"beach",  1.290,0.5333,1014,1014,beach
FALSE,  416.6667,"boat", 39.990,0.2413,1014,1014,boat
FALSE,  416.6667,"charter", 74.990,1.0266,1014,1014,charter
FALSE,  416.6667,"pier",  1.290,0.4522,1014,1014,pier
FALSE, 4583.3320,"beach",  6.290,0.5333,1015,1015,beach
FALSE, 4583.3320,"boat",194.990,0.2413,1015,1015,boat
FALSE, 4583.3320,"charter",229.990,1.0266,1015,1015,charter
TRUE, 4583.3320,"pier",  6.290,0.4522,1015,1015,pier
FALSE, 3749.9999,"beach",243.340,0.0678,1016,1016,beach
TRUE, 3749.9999,"boat", 41.262,0.0143,1016,1016,boat
FALSE, 3749.9999,"charter", 70.762,0.0289,1016,1016,charter
FALSE, 3749.9999,"pier",243.340,0.0503,1016,1016,pier
FALSE, 5416.6667,"beach", 56.862,0.2537,1017,1017,beach
TRUE, 5416.6667,"boat", 36.450,0.0531,1017,1017,boat
FALSE, 5416.6667,"charter", 61.450,0.0052,1017,1017,charter
FALSE, 5416.6667,"pier", 56.862,0.1498,1017,1017,pier
FALSE, 4583.3320,"beach", 49.062,0.2537,1018,1018,beach
FALSE, 4583.3320,"boat",149.702,0.0082,1018,1018,boat
FALSE, 4583.3320,"charter",168.202,0.0044,1018,1018,charter
TRUE, 4583.3320,"pier", 49.062,0.1498,1018,1018,pier
FALSE, 4583.3320,"beach", 49.062,0.2537,1019,1019,beach
FALSE, 4583.3320,"boat", 31.450,0.7369,1019,1019,boat
TRUE, 4583.3320,"charter", 56.450,2.3101,1019,1019,charter
FALSE, 4583.3320,"pier", 49.062,0.1498,1019,1019,pier
FALSE, 2083.3332,"beach", 25.662,0.2537,1020,1020,beach
TRUE, 2083.3332,"boat", 16.450,0.6817,1020,1020,boat
FALSE, 2083.3332,"charter", 41.450,2.3014,1020,1020,charter
FALSE, 2083.3332,"pier", 25.662,0.1498,1020,1020,pier
FALSE, 5416.6667,"beach",214.326,0.0678,1021,1021,beach
TRUE, 5416.6667,"boat", 56.862,0.0102,1021,1021,boat
FALSE, 5416.6667,"charter", 91.862,0.0209,1021,1021,charter
FALSE, 5416.6667,"pier",214.326,0.0789,1021,1021,pier
FALSE, 2916.6666,"beach",126.126,0.0678,1022,1022,beach
TRUE, 2916.6666,"boat", 33.462,0.0102,1022,1022,boat
FALSE, 2916.6666,"charter", 68.462,0.0209,1022,1022,charter
FALSE, 2916.6666,"pier",126.126,0.0789,1022,1022,pier
TRUE, 1249.9998,"beach", 11.450,0.5333,1023,1023,beach
FALSE, 1249.9998,"boat", 67.326,0.2413,1023,1023,boat
FALSE, 1249.9998,"charter",102.326,1.0266,1023,1023,charter
FALSE, 1249.9998,"pier", 11.450,0.4522,1023,1023,pier
FALSE, 2083.3332,"beach", 16.450,0.5333,1024,1024,beach
FALSE, 2083.3332,"boat", 96.726,0.2413,1024,1024,boat
TRUE, 2083.3332,"charter",131.726,1.0266,1024,1024,charter
FALSE, 2083.3332,"pier", 16.450,0.4522,1024,1024,pier
FALSE, 3749.9999,"beach",243.340,0.0678,1025,1025,beach
TRUE, 3749.9999,"boat", 41.262,0.0143,1025,1025,boat
FALSE, 3749.9999,"charter", 70.762,0.0289,1025,1025,charter
FALSE, 3749.9999,"pier",243.340,0.0503,1025,1025,pier
FALSE, 7916.6663,"beach", 80.262,0.2537,1026,1026,beach
FALSE, 7916.6663,"boat", 51.450,0.6817,1026,1026,boat
TRUE, 7916.6663,"charter", 76.450,2.3014,1026,1026,charter
FALSE, 7916.6663,"pier", 80.262,0.1498,1026,1026,pier
FALSE, 2083.3332,"beach", 96.726,0.0678,1027,1027,beach
TRUE, 2083.3332,"boat", 25.662,0.0102,1027,1027,boat
FALSE, 2083.3332,"charter", 60.662,0.0209,1027,1027,charter
FALSE, 2083.3332,"pier", 96.726,0.0789,1027,1027,pier
TRUE, 3749.9999,"beach", 26.450,0.5333,1028,1028,beach
FALSE, 3749.9999,"boat",155.526,0.2413,1028,1028,boat
FALSE, 3749.9999,"charter",190.526,1.0266,1028,1028,charter
FALSE, 3749.9999,"pier", 26.450,0.4522,1028,1028,pier
FALSE, 2083.3332,"beach", 25.662,0.2537,1029,1029,beach
FALSE, 2083.3332,"boat", 16.450,0.6817,1029,1029,boat
TRUE, 2083.3332,"charter", 41.450,2.3014,1029,1029,charter
FALSE, 2083.3332,"pier", 25.662,0.1498,1029,1029,pier
FALSE, 3749.9999,"beach", 41.262,0.2537,1030,1030,beach
FALSE, 3749.9999,"boat", 26.450,0.6817,1030,1030,boat
TRUE, 3749.9999,"charter", 51.450,2.3014,1030,1030,charter
FALSE, 3749.9999,"pier", 41.262,0.1498,1030,1030,pier
TRUE, 2916.6666,"beach", 21.450,0.5333,1031,1031,beach
FALSE, 2916.6666,"boat",126.126,0.2413,1031,1031,boat
FALSE, 2916.6666,"charter",161.126,1.0266,1031,1031,charter
FALSE, 2916.6666,"pier", 21.450,0.4522,1031,1031,pier
FALSE, 2916.6666,"beach", 33.462,0.2537,1032,1032,beach
FALSE, 2916.6666,"boat", 21.450,0.0531,1032,1032,boat
TRUE, 2916.6666,"charter", 46.450,0.0052,1032,1032,charter
FALSE, 2916.6666,"pier", 33.462,0.1498,1032,1032,pier
FALSE, 1249.9998,"beach", 67.326,0.0678,1033,1033,beach
TRUE, 1249.9998,"boat", 17.862,0.0897,1033,1033,boat
FALSE, 1249.9998,"charter", 52.862,1.0905,1033,1033,charter
FALSE, 1249.9998,"pier", 67.326,0.0789,1033,1033,pier
FALSE, 2916.6666,"beach", 33.462,0.2537,1034,1034,beach
TRUE, 2916.6666,"boat", 21.450,0.7369,1034,1034,boat
FALSE, 2916.6666,"charter", 46.450,2.3101,1034,1034,charter
FALSE, 2916.6666,"pier", 33.462,0.1498,1034,1034,pier
FALSE, 1249.9998,"beach", 17.862,0.2537,1035,1035,beach
FALSE, 1249.9998,"boat", 54.502,0.0233,1035,1035,boat
FALSE, 1249.9998,"charter", 73.002,0.0219,1035,1035,charter
TRUE, 1249.9998,"pier", 17.862,0.1498,1035,1035,pier
TRUE, 1249.9998,"beach", 11.450,0.5333,1036,1036,beach
FALSE, 1249.9998,"boat", 67.326,0.2413,1036,1036,boat
FALSE, 1249.9998,"charter",102.326,1.0266,1036,1036,charter
FALSE, 1249.9998,"pier", 11.450,0.4522,1036,1036,pier
FALSE, 2916.6666,"beach",176.748,0.0678,1037,1037,beach
FALSE, 2916.6666,"boat", 18.876,0.1082,1037,1037,boat
TRUE, 2916.6666,"charter", 48.376,0.3240,1037,1037,charter
FALSE, 2916.6666,"pier",176.748,0.0503,1037,1037,pier
FALSE, 2083.3332,"beach", 14.476,0.2537,1038,1038,beach
FALSE, 2083.3332,"boat", 22.372,0.0531,1038,1038,boat
TRUE, 2083.3332,"charter", 47.372,0.0052,1038,1038,charter
FALSE, 2083.3332,"pier", 14.476,0.1498,1038,1038,pier
FALSE, 6250.0013,"beach",341.548,0.0678,1039,1039,beach
TRUE, 6250.0013,"boat", 36.476,0.0143,1039,1039,boat
FALSE, 6250.0013,"charter", 65.976,0.0289,1039,1039,charter
FALSE, 6250.0013,"pier",341.548,0.0503,1039,1039,pier
FALSE, 1249.9998,"beach", 39.846,0.2537,1040,1040,beach
TRUE, 1249.9998,"boat",  6.870,0.0531,1040,1040,boat
FALSE, 1249.9998,"charter", 31.870,0.0052,1040,1040,charter
FALSE, 1249.9998,"pier", 39.846,0.1498,1040,1040,pier
FALSE, 1249.9998,"beach", 39.846,0.2537,1041,1041,beach
TRUE, 1249.9998,"boat",  6.870,0.6817,1041,1041,boat
FALSE, 1249.9998,"charter", 31.870,2.3014,1041,1041,charter
FALSE, 1249.9998,"pier", 39.846,0.1498,1041,1041,pier
FALSE, 2916.6666,"beach", 74.646,0.2537,1042,1042,beach
FALSE, 2916.6666,"boat", 12.870,0.6817,1042,1042,boat
TRUE, 2916.6666,"charter", 37.870,2.3014,1042,1042,charter
FALSE, 2916.6666,"pier", 74.646,0.1498,1042,1042,pier
TRUE, 3749.9999,"beach", 15.870,0.5333,1043,1043,beach
FALSE, 3749.9999,"boat",195.730,0.1665,1043,1043,boat
FALSE, 3749.9999,"charter",230.730,0.3975,1043,1043,charter
FALSE, 3749.9999,"pier", 15.870,0.4522,1043,1043,pier
FALSE, 2083.3332,"beach", 57.246,0.2537,1044,1044,beach
FALSE, 2083.3332,"boat",  9.870,0.7369,1044,1044,boat
TRUE, 2083.3332,"charter", 34.870,2.3101,1044,1044,charter
FALSE, 2083.3332,"pier", 57.246,0.1498,1044,1044,pier
FALSE, 3749.9999,"beach", 92.046,0.2537,1045,1045,beach
FALSE, 3749.9999,"boat", 15.870,0.0531,1045,1045,boat
TRUE, 3749.9999,"charter", 40.870,0.0052,1045,1045,charter
FALSE, 3749.9999,"pier", 92.046,0.1498,1045,1045,pier
FALSE, 4583.3320,"beach", 90.576,0.2537,1046,1046,beach
FALSE, 4583.3320,"boat", 15.096,0.7369,1046,1046,boat
TRUE, 4583.3320,"charter", 40.096,2.3101,1046,1046,charter
FALSE, 4583.3320,"pier", 90.576,0.0014,1046,1046,pier
FALSE, 2916.6666,"beach", 61.776,0.2537,1047,1047,beach
FALSE, 2916.6666,"boat", 10.296,0.6817,1047,1047,boat
TRUE, 2916.6666,"charter", 35.296,2.3014,1047,1047,charter
FALSE, 2916.6666,"pier", 61.776,0.1498,1047,1047,pier
FALSE, 2083.3332,"beach",  7.896,0.5333,1048,1048,beach
FALSE, 2083.3332,"boat",111.860,0.2413,1048,1048,boat
FALSE, 2083.3332,"charter",146.860,1.0266,1048,1048,charter
TRUE, 2083.3332,"pier",  7.896,0.4522,1048,1048,pier
FALSE, 4583.3320,"beach", 15.096,0.5333,1049,1049,beach
FALSE, 4583.3320,"boat",213.860,0.2413,1049,1049,boat
FALSE, 4583.3320,"charter",248.860,1.0266,1049,1049,charter
TRUE, 4583.3320,"pier", 15.096,0.4522,1049,1049,pier
FALSE, 2916.6666,"beach", 61.776,0.2537,1050,1050,beach
TRUE, 2916.6666,"boat", 10.296,0.7369,1050,1050,boat
FALSE, 2916.6666,"charter", 35.296,2.3101,1050,1050,charter
FALSE, 2916.6666,"pier", 61.776,0.1498,1050,1050,pier
FALSE, 2916.6666,"beach",145.860,0.0678,1051,1051,beach
FALSE, 2916.6666,"boat",217.074,0.0014,1051,1051,boat
TRUE, 2916.6666,"charter",246.074,0.0029,1051,1051,charter
FALSE, 2916.6666,"pier",145.860,0.0789,1051,1051,pier
FALSE, 3749.9999,"beach", 76.176,0.2537,1052,1052,beach
TRUE, 3749.9999,"boat", 12.696,0.7369,1052,1052,boat
FALSE, 3749.9999,"charter", 37.696,2.3101,1052,1052,charter
FALSE, 3749.9999,"pier", 76.176,0.1498,1052,1052,pier
FALSE, 2916.6666,"beach", 61.776,0.2537,1053,1053,beach
FALSE, 2916.6666,"boat", 10.296,0.6817,1053,1053,boat
TRUE, 2916.6666,"charter", 35.296,2.3014,1053,1053,charter
FALSE, 2916.6666,"pier", 61.776,0.1498,1053,1053,pier
FALSE, 2083.3332,"beach",  7.896,0.5333,1054,1054,beach
FALSE, 2083.3332,"boat",111.860,0.2413,1054,1054,boat
FALSE, 2083.3332,"charter",146.860,1.0266,1054,1054,charter
TRUE, 2083.3332,"pier",  7.896,0.4522,1054,1054,pier
TRUE, 3749.9999,"beach", 12.696,0.5333,1055,1055,beach
FALSE, 3749.9999,"boat",179.860,0.0156,1055,1055,boat
FALSE, 3749.9999,"charter",214.860,0.0058,1055,1055,charter
FALSE, 3749.9999,"pier", 12.696,0.4522,1055,1055,pier
FALSE, 5416.6667,"beach",104.976,0.2537,1056,1056,beach
FALSE, 5416.6667,"boat", 17.496,0.6817,1056,1056,boat
TRUE, 5416.6667,"charter", 42.496,2.3014,1056,1056,charter
FALSE, 5416.6667,"pier",104.976,0.1498,1056,1056,pier
FALSE, 2083.3332,"beach",  7.896,0.5333,1057,1057,beach
FALSE, 2083.3332,"boat",111.860,0.2413,1057,1057,boat
FALSE, 2083.3332,"charter",146.860,1.0266,1057,1057,charter
TRUE, 2083.3332,"pier",  7.896,0.4522,1057,1057,pier
FALSE, 3749.9999,"beach", 76.176,0.2537,1058,1058,beach
FALSE, 3749.9999,"boat", 12.696,0.0531,1058,1058,boat
TRUE, 3749.9999,"charter", 37.696,0.0052,1058,1058,charter
FALSE, 3749.9999,"pier", 76.176,0.1498,1058,1058,pier
FALSE, 5416.6667,"beach",166.212,0.2537,1059,1059,beach
TRUE, 5416.6667,"boat", 52.488,0.0531,1059,1059,boat
FALSE, 5416.6667,"charter", 77.488,0.0052,1059,1059,charter
FALSE, 5416.6667,"pier",166.212,0.1498,1059,1059,pier
FALSE, 1249.9998,"beach", 16.488,0.5333,1060,1060,beach
FALSE, 1249.9998,"boat", 97.096,0.2413,1060,1060,boat
FALSE, 1249.9998,"charter",132.096,1.0266,1060,1060,charter
TRUE, 1249.9998,"pier", 16.488,0.4522,1060,1060,pier
FALSE, 4583.3320,"beach",143.412,0.2537,1061,1061,beach
TRUE, 4583.3320,"boat", 45.288,0.6817,1061,1061,boat
FALSE, 4583.3320,"charter", 70.288,2.3014,1061,1061,charter
FALSE, 4583.3320,"pier",143.412,0.1498,1061,1061,pier
FALSE, 2916.6666,"beach", 97.812,0.2537,1062,1062,beach
TRUE, 2916.6666,"boat", 30.888,0.7369,1062,1062,boat
FALSE, 2916.6666,"charter", 55.888,2.3101,1062,1062,charter
FALSE, 2916.6666,"pier", 97.812,0.1498,1062,1062,pier
FALSE, 2083.3332,"beach", 75.012,0.2537,1063,1063,beach
FALSE, 2083.3332,"boat", 23.688,0.7369,1063,1063,boat
TRUE, 2083.3332,"charter", 48.688,2.3101,1063,1063,charter
FALSE, 2083.3332,"pier", 75.012,0.0014,1063,1063,pier
FALSE, 2916.6666,"beach", 30.888,0.5333,1064,1064,beach
FALSE, 2916.6666,"boat",181.896,0.2413,1064,1064,boat
FALSE, 2916.6666,"charter",216.896,1.0266,1064,1064,charter
TRUE, 2916.6666,"pier", 30.888,0.4522,1064,1064,pier
FALSE, 3749.9999,"beach",120.612,0.2537,1065,1065,beach
TRUE, 3749.9999,"boat", 38.088,0.6817,1065,1065,boat
FALSE, 3749.9999,"charter", 63.088,2.3014,1065,1065,charter
FALSE, 3749.9999,"pier",120.612,0.1498,1065,1065,pier
FALSE, 2916.6666,"beach", 97.812,0.2537,1066,1066,beach
FALSE, 2916.6666,"boat", 30.888,0.6817,1066,1066,boat
TRUE, 2916.6666,"charter", 55.888,2.3014,1066,1066,charter
FALSE, 2916.6666,"pier", 97.812,0.1498,1066,1066,pier
FALSE, 2916.6666,"beach", 30.888,0.5333,1067,1067,beach
FALSE, 2916.6666,"boat",181.896,0.2413,1067,1067,boat
FALSE, 2916.6666,"charter",216.896,1.0266,1067,1067,charter
TRUE, 2916.6666,"pier", 30.888,0.4522,1067,1067,pier
FALSE, 3749.9999,"beach",120.612,0.2537,1068,1068,beach
TRUE, 3749.9999,"boat", 38.088,0.7369,1068,1068,boat
FALSE, 3749.9999,"charter", 63.088,2.3101,1068,1068,charter
FALSE, 3749.9999,"pier",120.612,0.1498,1068,1068,pier
FALSE, 1249.9998,"beach", 97.096,0.0678,1069,1069,beach
FALSE, 1249.9998,"boat", 52.212,0.0897,1069,1069,boat
TRUE, 1249.9998,"charter", 87.212,1.0905,1069,1069,charter
FALSE, 1249.9998,"pier", 97.096,0.0789,1069,1069,pier
FALSE, 6250.0013,"beach",189.012,0.2537,1070,1070,beach
FALSE, 6250.0013,"boat", 59.688,0.6817,1070,1070,boat
TRUE, 6250.0013,"charter", 84.688,2.3014,1070,1070,charter
FALSE, 6250.0013,"pier",189.012,0.1498,1070,1070,pier
FALSE, 1249.9998,"beach", 52.212,0.2537,1071,1071,beach
FALSE, 1249.9998,"boat", 16.488,0.6817,1071,1071,boat
TRUE, 1249.9998,"charter", 41.488,2.3014,1071,1071,charter
FALSE, 1249.9998,"pier", 52.212,0.1498,1071,1071,pier
FALSE, 2083.3332,"beach", 75.012,0.2537,1072,1072,beach
TRUE, 2083.3332,"boat", 23.688,0.6817,1072,1072,boat
FALSE, 2083.3332,"charter", 48.688,2.3014,1072,1072,charter
FALSE, 2083.3332,"pier", 75.012,0.1498,1072,1072,pier
FALSE, 6250.0013,"beach",351.496,0.0678,1073,1073,beach
TRUE, 6250.0013,"boat",189.012,0.0897,1073,1073,boat
FALSE, 6250.0013,"charter",224.012,1.0905,1073,1073,charter
FALSE, 6250.0013,"pier",351.496,0.0789,1073,1073,pier
TRUE, 2916.6666,"beach", 30.888,0.5333,1074,1074,beach
FALSE, 2916.6666,"boat",181.896,0.0156,1074,1074,boat
FALSE, 2916.6666,"charter",216.896,0.0058,1074,1074,charter
FALSE, 2916.6666,"pier", 30.888,0.4522,1074,1074,pier
FALSE, 2916.6666,"beach", 61.776,0.2537,1075,1075,beach
TRUE, 2916.6666,"boat", 10.296,0.7369,1075,1075,boat
FALSE, 2916.6666,"charter", 35.296,2.3101,1075,1075,charter
FALSE, 2916.6666,"pier", 61.776,0.1498,1075,1075,pier
FALSE, 3749.9999,"beach",267.674,0.0678,1076,1076,beach
TRUE, 3749.9999,"boat", 76.176,0.1082,1076,1076,boat
FALSE, 3749.9999,"charter",105.676,0.3240,1076,1076,charter
FALSE, 3749.9999,"pier",267.674,0.0503,1076,1076,pier
FALSE, 3749.9999,"beach", 12.696,0.5333,1077,1077,beach
FALSE, 3749.9999,"boat",179.860,0.2413,1077,1077,boat
FALSE, 3749.9999,"charter",214.860,1.0266,1077,1077,charter
TRUE, 3749.9999,"pier", 12.696,0.4522,1077,1077,pier
FALSE, 1249.9998,"beach", 32.976,0.2537,1078,1078,beach
FALSE, 1249.9998,"boat",  5.496,0.6817,1078,1078,boat
TRUE, 1249.9998,"charter", 30.496,2.3014,1078,1078,charter
FALSE, 1249.9998,"pier", 32.976,0.1498,1078,1078,pier
FALSE, 2083.3332,"beach", 47.376,0.2537,1079,1079,beach
FALSE, 2083.3332,"boat",  7.896,0.0531,1079,1079,boat
TRUE, 2083.3332,"charter", 32.896,0.0052,1079,1079,charter
FALSE, 2083.3332,"pier", 47.376,0.1498,1079,1079,pier
FALSE, 1249.9998,"beach", 32.976,0.2537,1080,1080,beach
TRUE, 1249.9998,"boat",  5.496,0.7369,1080,1080,boat
FALSE, 1249.9998,"charter", 30.496,2.3101,1080,1080,charter
FALSE, 1249.9998,"pier", 32.976,0.1498,1080,1080,pier
FALSE, 2916.6666,"beach", 10.296,0.5333,1081,1081,beach
FALSE, 2916.6666,"boat",145.860,0.2413,1081,1081,boat
FALSE, 2916.6666,"charter",180.860,1.0266,1081,1081,charter
TRUE, 2916.6666,"pier", 10.296,0.4522,1081,1081,pier
FALSE, 3749.9999,"beach",267.674,0.0678,1082,1082,beach
TRUE, 3749.9999,"boat", 76.176,0.0143,1082,1082,boat
FALSE, 3749.9999,"charter",105.676,0.0289,1082,1082,charter
FALSE, 3749.9999,"pier",267.674,0.0503,1082,1082,pier
FALSE, 3749.9999,"beach", 76.176,0.2537,1083,1083,beach
FALSE, 3749.9999,"boat", 12.696,0.6817,1083,1083,boat
TRUE, 3749.9999,"charter", 37.696,2.3014,1083,1083,charter
FALSE, 3749.9999,"pier", 76.176,0.1498,1083,1083,pier
FALSE, 2916.6666,"beach", 61.776,0.2537,1084,1084,beach
FALSE, 2916.6666,"boat", 10.296,0.6817,1084,1084,boat
TRUE, 2916.6666,"charter", 35.296,2.3014,1084,1084,charter
FALSE, 2916.6666,"pier", 61.776,0.1498,1084,1084,pier
FALSE, 2083.3332,"beach",111.860,0.0678,1085,1085,beach
FALSE, 2083.3332,"boat", 47.376,0.0102,1085,1085,boat
TRUE, 2083.3332,"charter", 82.376,0.0209,1085,1085,charter
FALSE, 2083.3332,"pier",111.860,0.0789,1085,1085,pier
FALSE,12499.9980,"beach",227.376,0.2537,1086,1086,beach
TRUE,12499.9980,"boat", 37.896,0.7369,1086,1086,boat
FALSE,12499.9980,"charter", 62.896,2.3101,1086,1086,charter
FALSE,12499.9980,"pier",227.376,0.1498,1086,1086,pier
FALSE, 3749.9999,"beach", 76.176,0.2537,1087,1087,beach
FALSE, 3749.9999,"boat", 12.696,0.6817,1087,1087,boat
TRUE, 3749.9999,"charter", 37.696,2.3014,1087,1087,charter
FALSE, 3749.9999,"pier", 76.176,0.1498,1087,1087,pier
FALSE, 1249.9998,"beach", 32.976,0.2537,1088,1088,beach
FALSE, 1249.9998,"boat",  5.496,0.0531,1088,1088,boat
TRUE, 1249.9998,"charter", 30.496,0.0052,1088,1088,charter
FALSE, 1249.9998,"pier", 32.976,0.1498,1088,1088,pier
FALSE, 2916.6666,"beach", 61.776,0.2537,1089,1089,beach
FALSE, 2916.6666,"boat", 10.296,0.6817,1089,1089,boat
TRUE, 2916.6666,"charter", 35.296,2.3014,1089,1089,charter
FALSE, 2916.6666,"pier", 61.776,0.1498,1089,1089,pier
FALSE, 4583.3320,"beach", 90.576,0.2537,1090,1090,beach
TRUE, 4583.3320,"boat", 15.096,0.0531,1090,1090,boat
FALSE, 4583.3320,"charter", 40.096,0.0052,1090,1090,charter
FALSE, 4583.3320,"pier", 90.576,0.1498,1090,1090,pier
FALSE,12499.9980,"beach",227.376,0.2537,1091,1091,beach
TRUE,12499.9980,"boat", 37.896,0.6817,1091,1091,boat
FALSE,12499.9980,"charter", 62.896,2.3014,1091,1091,charter
FALSE,12499.9980,"pier",227.376,0.1498,1091,1091,pier
FALSE, 1249.9998,"beach", 32.976,0.2537,1092,1092,beach
TRUE, 1249.9998,"boat",  5.496,0.6817,1092,1092,boat
FALSE, 1249.9998,"charter", 30.496,2.3014,1092,1092,charter
FALSE, 1249.9998,"pier", 32.976,0.1498,1092,1092,pier
FALSE, 2083.3332,"beach", 47.376,0.2537,1093,1093,beach
FALSE, 2083.3332,"boat",  7.896,0.7369,1093,1093,boat
TRUE, 2083.3332,"charter", 32.896,2.3101,1093,1093,charter
FALSE, 2083.3332,"pier", 47.376,0.1498,1093,1093,pier
TRUE, 5416.6667,"beach", 17.496,0.5333,1094,1094,beach
FALSE, 5416.6667,"boat",247.860,0.2413,1094,1094,boat
FALSE, 5416.6667,"charter",282.860,1.0266,1094,1094,charter
FALSE, 5416.6667,"pier", 17.496,0.4522,1094,1094,pier
FALSE, 2916.6666,"beach", 97.812,0.2537,1095,1095,beach
TRUE, 2916.6666,"boat", 30.888,0.7369,1095,1095,boat
FALSE, 2916.6666,"charter", 55.888,2.3101,1095,1095,charter
FALSE, 2916.6666,"pier", 97.812,0.1498,1095,1095,pier
FALSE, 1249.9998,"beach", 16.488,0.5333,1096,1096,beach
FALSE, 1249.9998,"boat", 97.096,0.2413,1096,1096,boat
FALSE, 1249.9998,"charter",132.096,1.0266,1096,1096,charter
TRUE, 1249.9998,"pier", 16.488,0.4522,1096,1096,pier
FALSE, 2083.3332,"beach", 75.012,0.2537,1097,1097,beach
FALSE, 2083.3332,"boat", 23.688,0.0531,1097,1097,boat
TRUE, 2083.3332,"charter", 48.688,0.0052,1097,1097,charter
FALSE, 2083.3332,"pier", 75.012,0.1498,1097,1097,pier
FALSE, 2083.3332,"beach", 75.012,0.2537,1098,1098,beach
FALSE, 2083.3332,"boat", 23.688,0.6817,1098,1098,boat
TRUE, 2083.3332,"charter", 48.688,2.3014,1098,1098,charter
FALSE, 2083.3332,"pier", 75.012,0.1498,1098,1098,pier
FALSE, 2083.3332,"beach", 76.986,0.2537,1099,1099,beach
TRUE, 2083.3332,"boat",  5.922,0.6817,1099,1099,boat
FALSE, 2083.3332,"charter", 30.922,2.3014,1099,1099,charter
FALSE, 2083.3332,"pier", 76.986,0.1498,1099,1099,pier
FALSE, 2083.3332,"beach", 63.168,0.2537,1100,1100,beach
TRUE, 2083.3332,"boat", 15.792,0.0531,1100,1100,boat
FALSE, 2083.3332,"charter", 40.792,0.0052,1100,1100,charter
FALSE, 2083.3332,"pier", 63.168,0.1498,1100,1100,pier
FALSE, 2916.6666,"beach", 82.368,0.2537,1101,1101,beach
TRUE, 2916.6666,"boat", 20.592,0.0531,1101,1101,boat
FALSE, 2916.6666,"charter", 45.592,0.0052,1101,1101,charter
FALSE, 2916.6666,"pier", 82.368,0.1498,1101,1101,pier
FALSE, 2916.6666,"beach",  4.290,0.5333,1102,1102,beach
FALSE, 2916.6666,"boat",132.990,0.2413,1102,1102,boat
FALSE, 2916.6666,"charter",167.990,1.0266,1102,1102,charter
TRUE, 2916.6666,"pier",  4.290,0.4522,1102,1102,pier
FALSE, 4583.3320,"beach", 71.706,0.2537,1103,1103,beach
TRUE, 4583.3320,"boat",  6.290,0.0531,1103,1103,boat
FALSE, 4583.3320,"charter", 31.290,0.0052,1103,1103,charter
FALSE, 4583.3320,"pier", 71.706,0.1498,1103,1103,pier
FALSE, 6250.0013,"beach",  8.290,0.5333,1104,1104,beach
FALSE, 6250.0013,"boat",256.990,0.2413,1104,1104,boat
FALSE, 6250.0013,"charter",291.990,1.0266,1104,1104,charter
TRUE, 6250.0013,"pier",  8.290,0.4522,1104,1104,pier
TRUE, 6250.0013,"beach", 94.506,0.2537,1105,1105,beach
FALSE, 6250.0013,"boat",193.986,0.0008,1105,1105,boat
FALSE, 6250.0013,"charter",212.486,0.0027,1105,1105,charter
FALSE, 6250.0013,"pier", 94.506,0.1498,1105,1105,pier
FALSE,  416.6667,"beach",  1.290,0.5333,1106,1106,beach
FALSE,  416.6667,"boat", 39.990,0.0051,1106,1106,boat
FALSE,  416.6667,"charter", 74.990,1.0266,1106,1106,charter
TRUE,  416.6667,"pier",  1.290,0.4522,1106,1106,pier
FALSE, 2083.3332,"beach", 37.506,0.2537,1107,1107,beach
FALSE, 2083.3332,"boat",  3.290,0.6817,1107,1107,boat
TRUE, 2083.3332,"charter", 28.290,2.3014,1107,1107,charter
FALSE, 2083.3332,"pier", 37.506,0.1498,1107,1107,pier
FALSE, 2916.6666,"beach", 48.906,0.2537,1108,1108,beach
FALSE, 2916.6666,"boat",  4.290,0.6817,1108,1108,boat
TRUE, 2916.6666,"charter", 29.290,2.3014,1108,1108,charter
FALSE, 2916.6666,"pier", 48.906,0.1498,1108,1108,pier
FALSE, 2083.3332,"beach", 37.506,0.2537,1109,1109,beach
FALSE, 2083.3332,"boat",  3.290,0.6817,1109,1109,boat
TRUE, 2083.3332,"charter", 28.290,2.3014,1109,1109,charter
FALSE, 2083.3332,"pier", 37.506,0.1498,1109,1109,pier
FALSE, 3749.9999,"beach", 60.306,0.2537,1110,1110,beach
FALSE, 3749.9999,"boat",  5.290,0.6817,1110,1110,boat
TRUE, 3749.9999,"charter", 30.290,2.3014,1110,1110,charter
FALSE, 3749.9999,"pier", 60.306,0.1498,1110,1110,pier
FALSE, 2083.3332,"beach",  3.290,0.5333,1111,1111,beach
FALSE, 2083.3332,"boat",101.990,0.2413,1111,1111,boat
FALSE, 2083.3332,"charter",136.990,1.0266,1111,1111,charter
TRUE, 2083.3332,"pier",  3.290,0.4522,1111,1111,pier
FALSE, 2916.6666,"beach", 48.906,0.2537,1112,1112,beach
FALSE, 2916.6666,"boat",  4.290,0.6817,1112,1112,boat
TRUE, 2916.6666,"charter", 29.290,2.3014,1112,1112,charter
FALSE, 2916.6666,"pier", 48.906,0.1498,1112,1112,pier
FALSE, 1249.9998,"beach", 26.106,0.2537,1113,1113,beach
FALSE, 1249.9998,"boat",  2.290,0.6817,1113,1113,boat
TRUE, 1249.9998,"charter", 27.290,2.3014,1113,1113,charter
FALSE, 1249.9998,"pier", 26.106,0.1498,1113,1113,pier
FALSE, 5416.6667,"beach",347.004,0.0678,1114,1114,beach
FALSE, 5416.6667,"boat", 83.106,0.0143,1114,1114,boat
TRUE, 5416.6667,"charter",112.606,0.0289,1114,1114,charter
FALSE, 5416.6667,"pier",347.004,0.0503,1114,1114,pier
TRUE, 4583.3320,"beach",  6.290,0.5333,1115,1115,beach
FALSE, 4583.3320,"boat",194.990,0.2413,1115,1115,boat
FALSE, 4583.3320,"charter",229.990,1.0266,1115,1115,charter
FALSE, 4583.3320,"pier",  6.290,0.4522,1115,1115,pier
FALSE, 2916.6666,"beach", 48.906,0.2537,1116,1116,beach
FALSE, 2916.6666,"boat",  4.290,0.6817,1116,1116,boat
TRUE, 2916.6666,"charter", 29.290,2.3014,1116,1116,charter
FALSE, 2916.6666,"pier", 48.906,0.1498,1116,1116,pier
FALSE, 1249.9998,"beach",  2.290,0.5333,1117,1117,beach
FALSE, 1249.9998,"boat", 70.990,0.2413,1117,1117,boat
FALSE, 1249.9998,"charter",105.990,1.0266,1117,1117,charter
TRUE, 1249.9998,"pier",  2.290,0.4522,1117,1117,pier
FALSE, 4583.3320,"beach",  6.290,0.5333,1118,1118,beach
FALSE, 4583.3320,"boat",194.990,0.0156,1118,1118,boat
FALSE, 4583.3320,"charter",229.990,0.0058,1118,1118,charter
TRUE, 4583.3320,"pier",  6.290,0.4522,1118,1118,pier
FALSE,12499.9980,"beach",180.006,0.2537,1119,1119,beach
TRUE,12499.9980,"boat", 15.790,0.7369,1119,1119,boat
FALSE,12499.9980,"charter", 40.790,2.3101,1119,1119,charter
FALSE,12499.9980,"pier",180.006,0.1498,1119,1119,pier
TRUE, 2916.6666,"beach",  4.290,0.5333,1120,1120,beach
FALSE, 2916.6666,"boat",132.990,0.2413,1120,1120,boat
FALSE, 2916.6666,"charter",167.990,1.0266,1120,1120,charter
FALSE, 2916.6666,"pier",  4.290,0.4522,1120,1120,pier
TRUE, 2916.6666,"beach",  4.290,0.5333,1121,1121,beach
FALSE, 2916.6666,"boat",132.990,0.2413,1121,1121,boat
FALSE, 2916.6666,"charter",167.990,1.0266,1121,1121,charter
FALSE, 2916.6666,"pier",  4.290,0.4522,1121,1121,pier
FALSE, 2916.6666,"beach",204.204,0.0678,1122,1122,beach
TRUE, 2916.6666,"boat", 48.906,0.0732,1122,1122,boat
FALSE, 2916.6666,"charter", 78.406,0.1726,1122,1122,charter
FALSE, 2916.6666,"pier",204.204,0.0052,1122,1122,pier
TRUE, 4583.3320,"beach",  6.290,0.5333,1123,1123,beach
FALSE, 4583.3320,"boat",194.990,0.1665,1123,1123,boat
FALSE, 4583.3320,"charter",229.990,0.3975,1123,1123,charter
FALSE, 4583.3320,"pier",  6.290,0.4522,1123,1123,pier
TRUE, 7083.3317,"beach",  9.290,0.5333,1124,1124,beach
FALSE, 7083.3317,"boat",287.990,0.2413,1124,1124,boat
FALSE, 7083.3317,"charter",322.990,1.0266,1124,1124,charter
FALSE, 7083.3317,"pier",  9.290,0.4522,1124,1124,pier
FALSE, 3749.9999,"beach", 60.306,0.2537,1125,1125,beach
FALSE, 3749.9999,"boat",  5.290,0.7369,1125,1125,boat
TRUE, 3749.9999,"charter", 30.290,2.3101,1125,1125,charter
FALSE, 3749.9999,"pier", 60.306,0.1498,1125,1125,pier
FALSE, 3749.9999,"beach",  5.290,0.5333,1126,1126,beach
FALSE, 3749.9999,"boat",163.990,0.2413,1126,1126,boat
FALSE, 3749.9999,"charter",198.990,1.0266,1126,1126,charter
TRUE, 3749.9999,"pier",  5.290,0.4522,1126,1126,pier
FALSE, 2916.6666,"beach",  4.290,0.5333,1127,1127,beach
FALSE, 2916.6666,"boat",132.990,0.0156,1127,1127,boat
FALSE, 2916.6666,"charter",167.990,0.0058,1127,1127,charter
TRUE, 2916.6666,"pier",  4.290,0.4522,1127,1127,pier
FALSE, 6250.0013,"beach", 94.506,0.2537,1128,1128,beach
TRUE, 6250.0013,"boat",  8.290,0.7369,1128,1128,boat
FALSE, 6250.0013,"charter", 33.290,2.3101,1128,1128,charter
FALSE, 6250.0013,"pier", 94.506,0.1498,1128,1128,pier
FALSE, 3749.9999,"beach", 60.306,0.2537,1129,1129,beach
FALSE, 3749.9999,"boat",  5.290,0.0531,1129,1129,boat
TRUE, 3749.9999,"charter", 30.290,0.0052,1129,1129,charter
FALSE, 3749.9999,"pier", 60.306,0.1498,1129,1129,pier
FALSE, 2083.3332,"beach", 37.506,0.2537,1130,1130,beach
TRUE, 2083.3332,"boat",  3.290,0.0531,1130,1130,boat
FALSE, 2083.3332,"charter", 28.290,0.0052,1130,1130,charter
FALSE, 2083.3332,"pier", 37.506,0.1498,1130,1130,pier
FALSE, 2083.3332,"beach",  3.290,0.5333,1131,1131,beach
FALSE, 2083.3332,"boat",101.990,0.2413,1131,1131,boat
FALSE, 2083.3332,"charter",136.990,1.0266,1131,1131,charter
TRUE, 2083.3332,"pier",  3.290,0.4522,1131,1131,pier
FALSE, 2916.6666,"beach", 48.906,0.2537,1132,1132,beach
FALSE, 2916.6666,"boat",  4.290,0.7369,1132,1132,boat
TRUE, 2916.6666,"charter", 29.290,2.3101,1132,1132,charter
FALSE, 2916.6666,"pier", 48.906,0.1498,1132,1132,pier
FALSE, 7916.6663,"beach",117.306,0.2537,1133,1133,beach
TRUE, 7916.6663,"boat", 10.290,0.7369,1133,1133,boat
FALSE, 7916.6663,"charter", 35.290,2.3101,1133,1133,charter
FALSE, 7916.6663,"pier",117.306,0.1498,1133,1133,pier
FALSE, 4583.3320,"beach", 71.706,0.2537,1134,1134,beach
TRUE, 4583.3320,"boat",  6.290,0.6817,1134,1134,boat
FALSE, 4583.3320,"charter", 31.290,2.3014,1134,1134,charter
FALSE, 4583.3320,"pier", 71.706,0.1498,1134,1134,pier
FALSE, 2083.3332,"beach", 37.506,0.2537,1135,1135,beach
FALSE, 2083.3332,"boat", 76.986,0.0233,1135,1135,boat
FALSE, 2083.3332,"charter", 95.486,0.0219,1135,1135,charter
TRUE, 2083.3332,"pier", 37.506,0.1498,1135,1135,pier
FALSE, 2083.3332,"beach",101.990,0.0678,1136,1136,beach
TRUE, 2083.3332,"boat", 37.506,0.0102,1136,1136,boat
FALSE, 2083.3332,"charter", 72.506,0.0209,1136,1136,charter
FALSE, 2083.3332,"pier",101.990,0.0789,1136,1136,pier
FALSE, 2083.3332,"beach", 37.506,0.2537,1137,1137,beach
FALSE, 2083.3332,"boat", 76.986,0.0082,1137,1137,boat
FALSE, 2083.3332,"charter", 95.486,0.0044,1137,1137,charter
TRUE, 2083.3332,"pier", 37.506,0.1498,1137,1137,pier
FALSE, 2916.6666,"beach", 48.906,0.2537,1138,1138,beach
FALSE, 2916.6666,"boat",  4.290,0.6817,1138,1138,boat
TRUE, 2916.6666,"charter", 29.290,2.3014,1138,1138,charter
FALSE, 2916.6666,"pier", 48.906,0.1498,1138,1138,pier
FALSE, 3749.9999,"beach", 60.306,0.2537,1139,1139,beach
TRUE, 3749.9999,"boat",  5.290,0.7369,1139,1139,boat
FALSE, 3749.9999,"charter", 30.290,2.3101,1139,1139,charter
FALSE, 3749.9999,"pier", 60.306,0.1498,1139,1139,pier
FALSE, 4583.3320,"beach", 71.706,0.2537,1140,1140,beach
TRUE, 4583.3320,"boat",  6.290,0.6817,1140,1140,boat
FALSE, 4583.3320,"charter", 31.290,2.3014,1140,1140,charter
FALSE, 4583.3320,"pier", 71.706,0.1498,1140,1140,pier
FALSE, 4583.3320,"beach", 71.706,0.2537,1141,1141,beach
TRUE, 4583.3320,"boat",  6.290,0.6817,1141,1141,boat
FALSE, 4583.3320,"charter", 31.290,2.3014,1141,1141,charter
FALSE, 4583.3320,"pier", 71.706,0.1498,1141,1141,pier
FALSE, 2916.6666,"beach",  4.290,0.5333,1142,1142,beach
TRUE, 2916.6666,"boat",132.990,0.0156,1142,1142,boat
FALSE, 2916.6666,"charter",167.990,0.0058,1142,1142,charter
FALSE, 2916.6666,"pier",  4.290,0.4522,1142,1142,pier
FALSE, 3749.9999,"beach",  5.290,0.5333,1143,1143,beach
TRUE, 3749.9999,"boat",163.990,0.0361,1143,1143,boat
FALSE, 3749.9999,"charter",198.990,0.4216,1143,1143,charter
FALSE, 3749.9999,"pier",  5.290,0.0069,1143,1143,pier
FALSE, 2916.6666,"beach", 48.906,0.2537,1144,1144,beach
FALSE, 2916.6666,"boat",  4.290,0.6817,1144,1144,boat
TRUE, 2916.6666,"charter", 29.290,2.3014,1144,1144,charter
FALSE, 2916.6666,"pier", 48.906,0.1498,1144,1144,pier
FALSE, 4583.3320,"beach",  6.290,0.5333,1145,1145,beach
FALSE, 4583.3320,"boat",194.990,0.2413,1145,1145,boat
FALSE, 4583.3320,"charter",229.990,1.0266,1145,1145,charter
TRUE, 4583.3320,"pier",  6.290,0.4522,1145,1145,pier
FALSE,12499.9980,"beach",180.006,0.2537,1146,1146,beach
FALSE,12499.9980,"boat", 15.790,0.7369,1146,1146,boat
TRUE,12499.9980,"charter", 40.790,2.3101,1146,1146,charter
FALSE,12499.9980,"pier",180.006,0.1498,1146,1146,pier
FALSE, 5416.6667,"beach", 83.106,0.2537,1147,1147,beach
FALSE, 5416.6667,"boat",  7.290,0.6817,1147,1147,boat
TRUE, 5416.6667,"charter", 32.290,2.3014,1147,1147,charter
FALSE, 5416.6667,"pier", 83.106,0.1498,1147,1147,pier
FALSE, 5416.6667,"beach", 83.106,0.2537,1148,1148,beach
FALSE, 5416.6667,"boat",  7.290,0.6817,1148,1148,boat
TRUE, 5416.6667,"charter", 32.290,2.3014,1148,1148,charter
FALSE, 5416.6667,"pier", 83.106,0.1498,1148,1148,pier
FALSE, 2083.3332,"beach", 37.506,0.2537,1149,1149,beach
FALSE, 2083.3332,"boat", 76.986,0.0233,1149,1149,boat
FALSE, 2083.3332,"charter", 95.486,0.0219,1149,1149,charter
TRUE, 2083.3332,"pier", 37.506,0.1498,1149,1149,pier
FALSE, 6250.0013,"beach", 94.506,0.2537,1150,1150,beach
FALSE, 6250.0013,"boat",  8.290,0.6817,1150,1150,boat
TRUE, 6250.0013,"charter", 33.290,2.3014,1150,1150,charter
FALSE, 6250.0013,"pier", 94.506,0.1498,1150,1150,pier
FALSE, 4583.3320,"beach", 71.706,0.2537,1151,1151,beach
TRUE, 4583.3320,"boat",  6.290,0.6817,1151,1151,boat
FALSE, 4583.3320,"charter", 31.290,2.3014,1151,1151,charter
FALSE, 4583.3320,"pier", 71.706,0.1498,1151,1151,pier
FALSE, 3749.9999,"beach",163.990,0.0678,1152,1152,beach
TRUE, 3749.9999,"boat", 60.306,0.0102,1152,1152,boat
FALSE, 3749.9999,"charter", 95.306,0.0209,1152,1152,charter
FALSE, 3749.9999,"pier",163.990,0.0789,1152,1152,pier
FALSE, 4583.3320,"beach", 71.706,0.2537,1153,1153,beach
TRUE, 4583.3320,"boat",  6.290,0.0531,1153,1153,boat
FALSE, 4583.3320,"charter", 31.290,0.0052,1153,1153,charter
FALSE, 4583.3320,"pier", 71.706,0.1498,1153,1153,pier
TRUE, 7083.3317,"beach",105.906,0.2537,1154,1154,beach
FALSE, 7083.3317,"boat",217.386,0.0233,1154,1154,boat
FALSE, 7083.3317,"charter",235.886,0.0219,1154,1154,charter
FALSE, 7083.3317,"pier",105.906,0.1498,1154,1154,pier
FALSE,  416.6667,"beach", 30.186,0.1049,1155,1155,beach
TRUE,  416.6667,"boat", 39.990,0.1574,1155,1155,boat
FALSE,  416.6667,"charter", 63.990,0.4671,1155,1155,charter
FALSE,  416.6667,"pier", 30.186,0.0451,1155,1155,pier
FALSE, 1249.9998,"beach",  2.290,0.5333,1156,1156,beach
FALSE, 1249.9998,"boat", 70.990,0.2413,1156,1156,boat
FALSE, 1249.9998,"charter",105.990,1.0266,1156,1156,charter
TRUE, 1249.9998,"pier",  2.290,0.4522,1156,1156,pier
FALSE, 6250.0013,"beach", 94.506,0.2537,1157,1157,beach
FALSE, 6250.0013,"boat",  8.290,0.6817,1157,1157,boat
TRUE, 6250.0013,"charter", 33.290,2.3014,1157,1157,charter
FALSE, 6250.0013,"pier", 94.506,0.1498,1157,1157,pier
FALSE,  416.6667,"beach",  1.290,0.5333,1158,1158,beach
FALSE,  416.6667,"boat", 39.990,0.1665,1158,1158,boat
FALSE,  416.6667,"charter", 74.990,0.3975,1158,1158,charter
TRUE,  416.6667,"pier",  1.290,0.4522,1158,1158,pier
FALSE, 4583.3320,"beach",194.990,0.0678,1159,1159,beach
TRUE, 4583.3320,"boat", 71.706,0.0559,1159,1159,boat
FALSE, 4583.3320,"charter",106.706,0.6456,1159,1159,charter
FALSE, 4583.3320,"pier",194.990,0.0789,1159,1159,pier
TRUE, 2916.6666,"beach", 18.876,0.2537,1160,1160,beach
FALSE, 2916.6666,"boat", 81.510,0.2339,1160,1160,boat
FALSE, 2916.6666,"charter",100.010,0.6288,1160,1160,charter
FALSE, 2916.6666,"pier", 18.876,0.1498,1160,1160,pier
FALSE, 4583.3320,"beach",259.148,0.0678,1161,1161,beach
TRUE, 4583.3320,"boat", 27.676,0.0143,1161,1161,boat
FALSE, 4583.3320,"charter", 57.176,0.0289,1161,1161,charter
FALSE, 4583.3320,"pier",259.148,0.0503,1161,1161,pier
FALSE, 5416.6667,"beach", 32.076,0.2537,1162,1162,beach
FALSE, 5416.6667,"boat", 49.572,0.6817,1162,1162,boat
TRUE, 5416.6667,"charter", 74.572,2.3014,1162,1162,charter
FALSE, 5416.6667,"pier", 32.076,0.1498,1162,1162,pier
FALSE, 4583.3320,"beach",143.412,0.2537,1163,1163,beach
TRUE, 4583.3320,"boat", 45.288,0.0531,1163,1163,boat
FALSE, 4583.3320,"charter", 70.288,0.0052,1163,1163,charter
FALSE, 4583.3320,"pier",143.412,0.1498,1163,1163,pier
FALSE, 3749.9999,"beach", 23.276,0.2537,1164,1164,beach
FALSE, 3749.9999,"boat",100.510,0.0082,1164,1164,boat
FALSE, 3749.9999,"charter",119.010,0.0044,1164,1164,charter
TRUE, 3749.9999,"pier", 23.276,0.1498,1164,1164,pier
FALSE,12499.9980,"beach",388.434,0.0678,1165,1165,beach
TRUE,12499.9980,"boat", 69.476,0.0102,1165,1165,boat
FALSE,12499.9980,"charter",104.476,0.0209,1165,1165,charter
FALSE,12499.9980,"pier",388.434,0.0789,1165,1165,pier
FALSE, 2916.6666,"beach", 97.812,0.2537,1166,1166,beach
FALSE, 2916.6666,"boat", 30.888,0.6817,1166,1166,boat
TRUE, 2916.6666,"charter", 55.888,2.3014,1166,1166,charter
FALSE, 2916.6666,"pier", 97.812,0.1498,1166,1166,pier
FALSE, 5416.6667,"beach", 52.488,0.5333,1167,1167,beach
FALSE, 5416.6667,"boat",309.096,0.0156,1167,1167,boat
FALSE, 5416.6667,"charter",344.096,0.0058,1167,1167,charter
TRUE, 5416.6667,"pier", 52.488,0.4522,1167,1167,pier
TRUE, 2083.3332,"beach", 23.688,0.5333,1168,1168,beach
FALSE, 2083.3332,"boat",139.496,0.0156,1168,1168,boat
FALSE, 2083.3332,"charter",174.496,0.0058,1168,1168,charter
FALSE, 2083.3332,"pier", 23.688,0.4522,1168,1168,pier
FALSE, 2916.6666,"beach",181.896,0.0678,1169,1169,beach
FALSE, 2916.6666,"boat", 97.812,0.0897,1169,1169,boat
TRUE, 2916.6666,"charter",132.812,1.0905,1169,1169,charter
FALSE, 2916.6666,"pier",181.896,0.0789,1169,1169,pier
FALSE, 2083.3332,"beach", 23.688,0.5333,1170,1170,beach
FALSE, 2083.3332,"boat",139.496,0.2413,1170,1170,boat
FALSE, 2083.3332,"charter",174.496,1.0266,1170,1170,charter
TRUE, 2083.3332,"pier", 23.688,0.4522,1170,1170,pier
FALSE, 5416.6667,"beach",255.150,0.5333,1171,1171,beach
TRUE, 5416.6667,"boat",106.434,0.2413,1171,1171,boat
FALSE, 5416.6667,"charter",141.434,1.0266,1171,1171,charter
FALSE, 5416.6667,"pier",255.150,0.4522,1171,1171,pier
FALSE, 8750.0010,"beach",164.834,0.0678,1172,1172,beach
TRUE, 8750.0010,"boat",155.802,0.0108,1172,1172,boat
FALSE, 8750.0010,"charter",190.802,0.2377,1172,1172,charter
FALSE, 8750.0010,"pier",164.834,0.0025,1172,1172,pier
FALSE, 2083.3332,"beach", 45.402,0.2537,1173,1173,beach
FALSE, 2083.3332,"boat", 45.402,0.0233,1173,1173,boat
TRUE, 2083.3332,"charter", 63.902,0.0219,1173,1173,charter
FALSE, 2083.3332,"pier", 45.402,0.1498,1173,1173,pier
TRUE, 2916.6666,"beach", 62.634,0.0678,1174,1174,beach
FALSE, 2916.6666,"boat",123.552,0.0014,1174,1174,boat
FALSE, 2916.6666,"charter",152.552,0.0029,1174,1174,charter
FALSE, 2916.6666,"pier", 62.634,0.0789,1174,1174,pier
FALSE, 4583.3320,"beach", 91.834,0.0678,1175,1175,beach
TRUE, 4583.3320,"boat", 86.802,0.0102,1175,1175,boat
FALSE, 4583.3320,"charter",121.802,0.0209,1175,1175,charter
FALSE, 4583.3320,"pier", 91.834,0.0789,1175,1175,pier
FALSE, 6250.0013,"beach",121.034,0.0678,1176,1176,beach
FALSE, 6250.0013,"boat",114.402,0.0102,1176,1176,boat
TRUE, 6250.0013,"charter",149.402,0.0209,1176,1176,charter
FALSE, 6250.0013,"pier",121.034,0.0789,1176,1176,pier
TRUE, 2916.6666,"beach",121.836,0.5333,1177,1177,beach
FALSE, 2916.6666,"boat",203.346,0.2413,1177,1177,boat
FALSE, 2916.6666,"charter",238.346,1.0266,1177,1177,charter
FALSE, 2916.6666,"pier",121.836,0.4522,1177,1177,pier
FALSE, 3749.9999,"beach",150.236,0.5333,1178,1178,beach
FALSE, 3749.9999,"boat",250.746,0.2413,1178,1178,boat
FALSE, 3749.9999,"charter",285.746,1.0266,1178,1178,charter
TRUE, 3749.9999,"pier",150.236,0.4522,1178,1178,pier
TRUE, 6250.0013,"beach",235.436,0.5333,1179,1179,beach
FALSE, 6250.0013,"boat",392.946,0.2413,1179,1179,boat
FALSE, 6250.0013,"charter",427.946,1.0266,1179,1179,charter
FALSE, 6250.0013,"pier",235.436,0.4522,1179,1179,pier
FALSE, 1249.9998,"beach", 65.036,0.5333,1180,1180,beach
FALSE, 1249.9998,"boat",108.546,0.2413,1180,1180,boat
FALSE, 1249.9998,"charter",143.546,1.0266,1180,1180,charter
TRUE, 1249.9998,"pier", 65.036,0.4522,1180,1180,pier
TRUE,  416.6667,"beach", 36.636,0.5333,1181,1181,beach
FALSE,  416.6667,"boat", 61.146,0.1665,1181,1181,boat
FALSE,  416.6667,"charter", 96.146,0.3975,1181,1181,charter
FALSE,  416.6667,"pier", 36.636,0.4522,1181,1181,pier
FALSE, 6250.0013,"beach",339.890,0.2537,1182,1182,beach
TRUE, 6250.0013,"boat",235.436,0.6817,1182,1182,boat
FALSE, 6250.0013,"charter",260.436,2.3014,1182,1182,charter
FALSE, 6250.0013,"pier",339.890,0.1498,1182,1182,pier
