mode,price,crate,dbeach,dpier,dprivate,dcharter,pbeach,ppier,pprivate,pcharter,qbeach,qpier,qprivate,qcharter,income
charter,182.92999,.53909999,0,0,0,1,157.92999,157.92999,157.92999,182.92999,.0678,.050299998,.26010001,.53909999,7.0833316
charter,34.534,.46709999,0,0,0,1,15.114,15.114,10.534,34.534,.1049,.0451,.1574,.46709999,1.2499998
private,24.334,.2413,0,0,1,0,161.87399,161.87399,24.334,59.334,.53329998,.4522,.2413,1.0266,3.75
pier,15.134,.078900002,0,1,0,0,15.134,15.134,55.93,84.93,.0678,.078900002,.16429999,.53909999,2.0833333
private,41.514,.1082,0,0,1,0,106.93,106.93,41.514,71.014,.0678,.050299998,.1082,.324,4.5833321
charter,63.933998,.39750001,0,0,0,1,192.474,192.474,28.934,63.933998,.53329998,.4522,.1665,.39750001,4.5833321
beach,51.933998,.0678,1,0,0,0,51.933998,51.933998,191.92999,220.92999,.0678,.078900002,.16429999,.53909999,8.750001
charter,56.714001,.0209,0,0,0,1,15.134,15.134,21.714001,56.714001,.0678,.078900002,.0102,.0209,2.0833333
private,34.914001,.0233,0,0,1,0,34.914001,34.914001,34.914001,53.414001,.25369999,.1498,.0233,.0219,3.75
private,28.313999,.0233,0,0,1,0,28.313999,28.313999,28.313999,46.813999,.25369999,.1498,.0233,.0219,2.9166665
pier,34.914001,.0451,0,1,0,0,34.914001,34.914001,24.334,48.334,.1049,.0451,.1574,.46709999,3.75
private,16.722,.2413,0,0,1,0,312.14401,312.14401,16.722,51.722,.53329998,.4522,.2413,1.0266,7.0833316
pier,17.862,.0451,0,1,0,0,17.862,17.862,4.1220002,28.122,.1049,.0451,.0023000001,.0046000001,1.2499998
pier,15.134,.078900002,0,1,0,0,15.134,15.134,55.93,84.93,.0678,.078900002,.0014,.0029,2.0833333
beach,74.514,.25369999,1,0,0,0,74.514,74.514,74.514,93.014,.25369999,.1498,.2339,.62879997,8.750001
pier,33.534,.078900002,0,1,0,0,33.534,33.534,123.93,152.92999,.0678,.078900002,.16429999,.53909999,5.4166665
beach,48.113998,.1049,1,0,0,0,48.113998,48.113998,33.534,57.534,.1049,.0451,.1574,.46709999,5.4166665
pier,33.462002,.0078999996,0,1,0,0,33.462002,33.462002,7.7220001,31.722,.1049,.0078999996,.061299998,.3087,2.9166665
private,11.322,.0361,0,0,1,0,211.34399,211.34399,11.322,46.321999,.53329998,.0068999999,.0361,.42160001,4.5833321
private,11.322,.1574,0,0,1,0,49.062,49.062,11.322,35.321999,.1049,.0451,.1574,.46709999,4.5833321
charter,53.521999,.0057999999,0,0,0,1,345.74399,345.74399,18.521999,53.521999,.53329998,.4522,.0156,.0057999999,7.9166665
charter,44.321999,.0046000001,0,0,0,1,88.061996,88.061996,20.322001,44.321999,.1049,.0451,.0023000001,.0046000001,8.750001
private,15.134,.1665,0,0,1,0,100.674,100.674,15.134,50.133999,.53329998,.4522,.1665,.39750001,2.0833333
charter,43.734001,.3087,0,0,0,1,28.313999,28.313999,19.733999,43.734001,.1049,.0078999996,.061299998,.3087,2.9166665
charter,69.32,.64560002,0,0,0,1,33.462002,33.462002,34.32,69.32,.0678,.078900002,.0559,.64560002,2.9166665
beach,67.783997,.53329998,1,0,0,0,67.783997,67.783997,17.862,52.862,.53329998,.4522,.2413,1.0266,1.2499998
pier,50.32,.0451,0,1,0,0,50.32,50.32,49.062,73.061996,.1049,.0451,.1574,.46709999,4.5833321
private,74.32,.089699998,0,0,1,0,72.461998,72.461998,74.32,109.32,.0678,.078900002,.089699998,1.0905,7.0833316
charter,45.534,.0057999999,0,0,0,1,70.073997,70.073997,10.534,45.534,.53329998,.4522,.0156,.0057999999,1.2499998
charter,54.734001,.0057999999,0,0,0,1,131.274,131.274,19.733999,54.734001,.53329998,.4522,.0156,.0057999999,2.9166665
charter,43.734001,.0046000001,0,0,0,1,28.313999,28.313999,19.733999,43.734001,.1049,.0451,.0023000001,.0046000001,2.9166665
charter,35.321999,.3087,0,0,0,1,49.062,49.062,11.322,35.321999,.1049,.0078999996,.061299998,.3087,4.5833321
private,7.7220001,.0023000001,0,0,1,0,33.462002,33.462002,7.7220001,31.722,.1049,.0451,.0023000001,.0046000001,2.9166665
beach,9.5220003,.0678,1,0,0,0,9.5220003,9.5220003,78.292,107.292,.0678,.078900002,.0014,.0029,3.75
pier,25.662001,.0078999996,0,1,0,0,25.662001,25.662001,5.9219999,29.922001,.1049,.0078999996,.061299998,.3087,2.0833333
charter,42.722,.42160001,0,0,0,1,144.144,144.144,7.7220001,42.722,.53329998,.0068999999,.0361,.42160001,2.9166665
pier,120.004,.078900002,0,1,0,0,120.004,120.004,252.64,281.64001,.0678,.078900002,.0014,.0029,12.499998
private,80.608002,.053100001,0,0,1,0,25.648001,25.648001,80.608002,105.608,.25369999,.1498,.053100001,.0052,1.2499998
charter,60.004002,.0057999999,0,0,0,1,115.808,115.808,25.004,60.004002,.53329998,.4522,.0156,.0057999999,2.0833333
pier,32.604,.078900002,0,1,0,0,32.604,32.604,68.639999,97.639999,.0678,.078900002,.16429999,.53909999,2.9166665
private,46.332001,.16429999,0,0,1,0,10.296,10.296,46.332001,75.332001,.0678,.078900002,.16429999,.53909999,2.9166665
charter,89.912003,1.0905,0,0,0,1,10.296,10.296,54.911999,89.912003,.0678,.078900002,.089699998,1.0905,2.9166665
private,15.096,.2413,0,0,1,0,231.472,231.472,15.096,50.096001,.53329998,.4522,.2413,1.0266,4.5833321
charter,211.20799,2.3101001,0,0,0,1,59.248001,59.248001,186.20799,211.20799,.25369999,.1498,.73689997,2.3101001,3.75
charter,50.096001,1.0266,0,0,0,1,231.472,231.472,15.096,50.096001,.53329998,.4522,.2413,1.0266,4.5833321
pier,19.896,.078900002,0,1,0,0,19.896,19.896,89.531998,118.532,.0678,.078900002,.0014,.0029,6.2500014
charter,57.296001,1.0266,0,0,0,1,341.87201,341.87201,22.296,57.296001,.53329998,.4522,.2413,1.0266,7.0833316
charter,52.403999,1.0266,0,0,0,1,80.608002,80.608002,17.403999,52.403999,.53329998,.4522,.2413,1.0266,1.2499998
beach,24.334,.0678,1,0,0,0,24.334,24.334,89.93,118.93,.0678,.078900002,.16429999,.53909999,3.75
beach,11.322,.0678,1,0,0,0,11.322,11.322,93.092003,122.092,.0678,.078900002,.16429999,.53909999,4.5833321
charter,44.521999,.0057999999,0,0,0,1,177.744,177.744,9.5220003,44.521999,.53329998,.4522,.0156,.0057999999,3.75
pier,5.9219999,.078900002,0,1,0,0,5.9219999,5.9219999,48.692001,77.692001,.0678,.078900002,.16429999,.53909999,2.0833333
private,9.5220003,.2413,0,0,1,0,177.744,177.744,9.5220003,44.521999,.53329998,.4522,.2413,1.0266,3.75
private,10.534,.0361,0,0,1,0,70.073997,70.073997,10.534,45.534,.53329998,.0068999999,.0361,.42160001,1.2499998
charter,52.933998,.3087,0,0,0,1,41.514,41.514,28.934,52.933998,.1049,.0078999996,.061299998,.3087,4.5833321
charter,39.133999,.0046000001,0,0,0,1,21.714001,21.714001,15.134,39.133999,.1049,.0451,.0023000001,.0046000001,2.0833333
charter,42.722,.0057999999,0,0,0,1,144.144,144.144,7.7220001,42.722,.53329998,.4522,.0156,.0057999999,2.9166665
private,5.9219999,.061299998,0,0,1,0,25.662001,25.662001,5.9219999,29.922001,.1049,.0078999996,.061299998,.3087,2.0833333
private,13.122,.0156,0,0,1,0,244.944,244.944,13.122,48.122002,.53329998,.4522,.0156,.0057999999,5.4166665
charter,42.722,1.0266,0,0,0,1,144.144,144.144,7.7220001,42.722,.53329998,.4522,.2413,1.0266,2.9166665
pier,5.9219999,.078900002,0,1,0,0,5.9219999,5.9219999,48.692001,77.692001,.0678,.078900002,.0014,.0029,2.0833333
pier,93.092003,.050299998,0,1,0,0,93.092003,93.092003,93.092003,118.092,.0678,.050299998,.26010001,.53909999,4.5833321
charter,44.521999,.42160001,0,0,0,1,177.744,177.744,9.5220003,44.521999,.53329998,.0068999999,.0361,.42160001,3.75
private,9.5220003,.1574,0,0,1,0,41.262001,41.262001,9.5220003,33.521999,.1049,.0451,.1574,.46709999,3.75
pier,9.5220003,.078900002,0,1,0,0,9.5220003,9.5220003,78.292,107.292,.0678,.078900002,.16429999,.53909999,3.75
charter,39.122002,1.0266,0,0,0,1,76.944,76.944,4.1220002,39.122002,.53329998,.4522,.2413,1.0266,1.2499998
private,9.5220003,.2413,0,0,1,0,177.744,177.744,9.5220003,44.521999,.53329998,.4522,.2413,1.0266,3.75
charter,44.521999,.39750001,0,0,0,1,177.744,177.744,9.5220003,44.521999,.53329998,.4522,.1665,.39750001,3.75
private,13.122,.2413,0,0,1,0,244.944,244.944,13.122,48.122002,.53329998,.4522,.2413,1.0266,5.4166665
pier,33.462002,.0451,0,1,0,0,33.462002,33.462002,7.7220001,31.722,.1049,.0451,.1574,.46709999,2.9166665
private,7.7220001,.0023000001,0,0,1,0,33.462002,33.462002,7.7220001,31.722,.1049,.0451,.0023000001,.0046000001,2.9166665
charter,60.661999,.0209,0,0,0,1,5.9219999,5.9219999,25.662001,60.661999,.0678,.078900002,.0102,.0209,2.0833333
charter,53.521999,.39750001,0,0,0,1,345.74399,345.74399,18.521999,53.521999,.53329998,.4522,.1665,.39750001,7.9166665
private,13.122,.0361,0,0,1,0,244.944,244.944,13.122,48.122002,.53329998,.0068999999,.0361,.42160001,5.4166665
private,14.922,.0023000001,0,0,1,0,64.662003,64.662003,14.922,38.922001,.1049,.0451,.0023000001,.0046000001,6.2500014
beach,9.5220003,.0678,1,0,0,0,9.5220003,9.5220003,78.292,107.292,.0678,.078900002,.16429999,.53909999,3.75
beach,24.695999,.0678,1,0,0,0,24.695999,24.695999,111.132,140.132,.0678,.078900002,.16429999,.53909999,7.9166665
private,33.891998,.26010001,0,0,1,0,33.891998,33.891998,33.891998,58.891998,.0678,.050299998,.26010001,.53909999,1.2499998
charter,42.722,.42160001,0,0,0,1,144.144,144.144,7.7220001,42.722,.53329998,.0068999999,.0361,.42160001,2.9166665
private,5.9219999,.2413,0,0,1,0,110.544,110.544,5.9219999,40.922001,.53329998,.4522,.2413,1.0266,2.0833333
charter,39.122002,.0057999999,0,0,0,1,76.944,76.944,4.1220002,39.122002,.53329998,.4522,.0156,.0057999999,1.2499998
beach,7.7220001,.0678,1,0,0,0,7.7220001,7.7220001,63.492001,92.491997,.0678,.078900002,.0014,.0029,2.9166665
private,9.5220003,.1665,0,0,1,0,177.744,177.744,9.5220003,44.521999,.53329998,.4522,.1665,.39750001,3.75
private,4.1220002,.1574,0,0,1,0,17.862,17.862,4.1220002,28.122,.1049,.0451,.1574,.46709999,1.2499998
charter,51.962002,.2773,0,0,0,1,33.462002,33.462002,33.462002,51.962002,.25369999,.0014,.062600002,.2773,2.9166665
private,39.473999,.68169999,0,0,1,0,8.5139999,8.5139999,39.473999,64.473999,.25369999,.1498,.68169999,2.3013999,.41666669
charter,89.713997,.64560002,0,0,0,1,38.133999,38.133999,54.714001,89.713997,.0678,.078900002,.0559,.64560002,6.2500014
private,34.914001,.089699998,0,0,1,0,24.334,24.334,34.914001,69.914001,.0678,.078900002,.089699998,1.0905,3.75
pier,100.674,.4522,0,1,0,0,100.674,100.674,15.134,50.133999,.53329998,.4522,.2413,1.0266,2.0833333
pier,104.214,.1498,0,1,0,0,104.214,104.214,104.214,122.714,.25369999,.1498,.2339,.62879997,12.499998
charter,59.334,.0057999999,0,0,0,1,161.87399,161.87399,24.334,59.334,.53329998,.4522,.0156,.0057999999,3.75
charter,57.534,.46709999,0,0,0,1,48.113998,48.113998,33.534,57.534,.1049,.0451,.1574,.46709999,5.4166665
private,66.32,.0102,0,0,1,0,64.662003,64.662003,66.32,101.32,.0678,.078900002,.0102,.0209,6.2500014
charter,109.32,.0209,0,0,0,1,72.461998,72.461998,74.32,109.32,.0678,.078900002,.0102,.0209,7.0833316
private,111.462,.0051000002,0,0,1,0,422.98401,422.98401,111.462,146.46201,.53329998,.4522,.0051000002,1.0266,11.250001
charter,93.32,.0209,0,0,0,1,56.862,56.862,58.32,93.32,.0678,.078900002,.0102,.0209,5.4166665
private,74.32,.089699998,0,0,1,0,72.461998,72.461998,74.32,109.32,.0678,.078900002,.089699998,1.0905,7.0833316
charter,79.239998,.1726,0,0,0,1,210.56599,210.56599,49.740002,79.239998,.0678,.0052,.073200002,.1726,6.2500014
pier,43.740002,.1498,0,1,0,0,43.740002,43.740002,52.487999,70.987999,.25369999,.1498,.2339,.62879997,5.4166665
beach,31.74,.25369999,1,0,0,0,31.74,31.74,38.088001,56.588001,.25369999,.1498,.2339,.62879997,3.75
beach,19.74,.25369999,1,0,0,0,19.74,19.74,23.688,42.188,.25369999,.1498,.2339,.62879997,2.0833333
pier,31.74,.1498,0,1,0,0,31.74,31.74,38.088001,56.588001,.25369999,.1498,.2339,.62879997,3.75
charter,60.740002,.2377,0,0,0,1,55.77,55.77,25.74,60.740002,.0678,.0024999999,.0108,.2377,2.9166665
charter,54.740002,.64560002,0,0,0,1,42.77,42.77,19.74,54.740002,.0678,.078900002,.0559,.64560002,2.0833333
charter,91.239998,.1726,0,0,0,1,261.366,261.366,61.740002,91.239998,.0678,.0052,.073200002,.1726,7.9166665
charter,181.77,.39750001,0,0,0,1,268.702,268.702,146.77,181.77,.53329998,.4522,.1665,.39750001,8.750001
charter,246.10201,2.3013999,0,0,0,1,55.740002,55.740002,221.10201,246.10201,.25369999,.1498,.68169999,2.3013999,7.0833316
charter,67.239998,.1726,0,0,0,1,159.76601,159.76601,37.740002,67.239998,.0678,.0052,.073200002,.1726,4.5833321
pier,16.77,.078900002,0,1,0,0,16.77,16.77,32.765999,61.765999,.0678,.078900002,.16429999,.53909999,.41666669
private,68.769997,.2413,0,0,1,0,125.902,125.902,68.769997,103.77,.53329998,.4522,.2413,1.0266,3.75
private,58.32,.0108,0,0,1,0,56.862,56.862,58.32,93.32,.0678,.0024999999,.0108,.2377,5.4166665
charter,61.32,.2377,0,0,0,1,25.662001,25.662001,26.32,61.32,.0678,.0024999999,.0108,.2377,2.0833333
charter,47.82,.1726,0,0,0,1,46.257999,46.257999,18.32,47.82,.0678,.0052,.073200002,.1726,1.2499998
beach,42.32,.25369999,1,0,0,0,42.32,42.32,42.32,60.82,.25369999,.1498,.0233,.0219,3.75
charter,101.32,.64560002,0,0,0,1,64.662003,64.662003,66.32,101.32,.0678,.078900002,.0559,.64560002,6.2500014
charter,65.262001,.46709999,0,0,0,1,42.32,42.32,41.262001,65.262001,.1049,.0451,.1574,.46709999,3.75
private,58.32,.0233,0,0,1,0,58.32,58.32,58.32,76.82,.25369999,.1498,.0233,.0219,5.4166665
charter,108.002,.0209,0,0,0,1,77.234001,77.234001,73.001999,108.002,.0678,.078900002,.0102,.0209,3.75
charter,97.634003,1.0266,0,0,0,1,150.14999,150.14999,62.633999,97.634003,.53329998,.4522,.2413,1.0266,2.9166665
charter,296.552,.0041,0,0,0,1,135.634,135.634,267.552,296.552,.0678,.078900002,.16429999,.0041,7.0833316
beach,73.001999,.25369999,1,0,0,0,73.001999,73.001999,73.001999,91.501999,.25369999,.1498,.2339,.62879997,3.75
private,94.739998,.089699998,0,0,1,0,205.27,205.27,94.739998,129.74001,.0678,.078900002,.089699998,1.0905,12.499998
charter,60.740002,1.0905,0,0,0,1,55.77,55.77,25.74,60.740002,.0678,.078900002,.089699998,1.0905,2.9166665
beach,61.740002,.25369999,1,0,0,0,61.740002,61.740002,74.087997,92.587997,.25369999,.1498,.2339,.62879997,7.9166665
private,55.740002,.0102,0,0,1,0,120.77,120.77,55.740002,90.739998,.0678,.078900002,.0102,.0209,7.0833316
charter,102.74,.0209,0,0,0,1,146.77,146.77,67.739998,102.74,.0678,.078900002,.0102,.0209,8.750001
pier,55.740002,.1498,0,1,0,0,55.740002,55.740002,66.888,85.388,.25369999,.1498,.2339,.62879997,7.0833316
charter,61.240002,.1726,0,0,0,1,134.366,134.366,31.74,61.240002,.0678,.0052,.073200002,.1726,3.75
pier,49.740002,.1498,0,1,0,0,49.740002,49.740002,59.688,78.188004,.25369999,.1498,.2339,.62879997,6.2500014
private,94.739998,.0102,0,0,1,0,205.27,205.27,94.739998,129.74001,.0678,.078900002,.0102,.0209,12.499998
private,94.739998,.0108,0,0,1,0,205.27,205.27,94.739998,129.74001,.0678,.0024999999,.0108,.2377,12.499998
charter,84.739998,.64560002,0,0,0,1,107.77,107.77,49.740002,84.739998,.0678,.078900002,.0559,.64560002,6.2500014
private,61.740002,.073200002,0,0,1,0,261.366,261.366,61.740002,91.239998,.0678,.0052,.073200002,.1726,7.9166665
private,25.74,.0143,0,0,1,0,108.966,108.966,25.74,55.240002,.0678,.050299998,.0143,.028899999,2.9166665
private,67.739998,.0143,0,0,1,0,286.76599,286.76599,67.739998,97.239998,.0678,.050299998,.0143,.028899999,8.750001
private,205.27,.0156,0,0,1,0,375.802,375.802,205.27,240.27,.53329998,.4522,.0156,.0057999999,12.499998
charter,66.739998,.2377,0,0,0,1,68.769997,68.769997,31.74,66.739998,.0678,.0024999999,.0108,.2377,3.75
charter,66.739998,.64560002,0,0,0,1,68.769997,68.769997,31.74,66.739998,.0678,.078900002,.0559,.64560002,3.75
charter,52.862,.42160001,0,0,0,1,67.783997,67.783997,17.862,52.862,.53329998,.0068999999,.0361,.42160001,1.2499998
charter,84.061996,1.0266,0,0,0,1,186.18401,186.18401,49.062,84.061996,.53329998,.4522,.2413,1.0266,4.5833321
private,66.32,.2339,0,0,1,0,66.32,66.32,66.32,84.82,.25369999,.1498,.2339,.62879997,6.2500014
charter,45.062,.39750001,0,0,0,1,38.183998,38.183998,10.062,45.062,.53329998,.4522,.1665,.39750001,.41666669
private,74.32,.089699998,0,0,1,0,72.461998,72.461998,74.32,109.32,.0678,.078900002,.089699998,1.0905,7.0833316
charter,85.32,.2377,0,0,0,1,49.062,49.062,50.32,85.32,.0678,.0024999999,.0108,.2377,4.5833321
private,94.505997,.2413,0,0,1,0,333.258,333.258,94.505997,129.506,.53329998,.4522,.2413,1.0266,6.2500014
charter,84.306,.0046000001,0,0,0,1,85.697998,85.697998,60.306,84.306,.1049,.0451,.0023000001,.0046000001,3.75
charter,185.198,.2773,0,0,0,1,166.698,166.698,166.698,185.198,.25369999,.0014,.062600002,.2773,7.9166665
charter,106.706,.0057999999,0,0,0,1,252.858,252.858,71.706001,106.706,.53329998,.4522,.0156,.0057999999,4.5833321
private,182.89799,.089699998,0,0,1,0,128.70599,128.70599,182.89799,217.89799,.0678,.078900002,.089699998,1.0905,8.750001
charter,95.306,.0057999999,0,0,0,1,212.658,212.658,60.306,95.306,.53329998,.4522,.0156,.0057999999,3.75
charter,95.306,.0057999999,0,0,0,1,212.658,212.658,60.306,95.306,.53329998,.4522,.0156,.0057999999,3.75
charter,61.105999,.0057999999,0,0,0,1,92.057999,92.057999,26.106001,61.105999,.53329998,.4522,.0156,.0057999999,1.2499998
private,63.172001,.061299998,0,0,1,0,139.35001,139.35001,63.172001,87.171997,.1049,.0078999996,.061299998,.3087,7.0833316
private,49.571999,.061299998,0,0,1,0,109.35,109.35,49.571999,73.571999,.1049,.0078999996,.061299998,.3087,5.4166665
private,56.372002,.2413,0,0,1,0,323.31,323.31,56.372002,91.372002,.53329998,.4522,.2413,1.0266,6.2500014
private,71.213997,.0276,0,0,1,0,71.213997,71.213997,71.213997,96.213997,.0678,.050299998,.0276,.0029,2.9166665
private,42.771999,.1574,0,0,1,0,94.349998,94.349998,42.771999,66.772003,.1049,.0451,.1574,.46709999,4.5833321
charter,73.571999,.0046000001,0,0,0,1,109.35,109.35,49.571999,73.571999,.1049,.0451,.0023000001,.0046000001,5.4166665
pier,49.571999,.078900002,0,1,0,0,49.571999,49.571999,121.014,150.01401,.0678,.078900002,.16429999,.53909999,5.4166665
charter,70.972,1.0266,0,0,0,1,206.31,206.31,35.972,70.972,.53329998,.4522,.2413,1.0266,3.75
charter,77.772003,1.0266,0,0,0,1,245.31,245.31,42.771999,77.772003,.53329998,.4522,.0051000002,1.0266,4.5833321
charter,70.972,1.0266,0,0,0,1,206.31,206.31,35.972,70.972,.53329998,.4522,.2413,1.0266,3.75
charter,192.31,2.3013999,0,0,0,1,64.349998,64.349998,167.31,192.31,.25369999,.1498,.68169999,2.3013999,2.9166665
beach,42.771999,.0678,1,0,0,0,42.771999,42.771999,104.414,133.414,.0678,.078900002,.16429999,.53909999,4.5833321
charter,91.372002,.42160001,0,0,0,1,323.31,323.31,56.372002,91.372002,.53329998,.0068999999,.0361,.42160001,6.2500014
beach,15.572,.0678,1,0,0,0,15.572,15.572,38.014,67.014,.0678,.078900002,.16429999,.53909999,1.2499998
private,71.213997,.26010001,0,0,1,0,71.213997,71.213997,71.213997,96.213997,.0678,.050299998,.26010001,.53909999,2.9166665
private,94.349998,.0143,0,0,1,0,104.414,104.414,94.349998,123.85,.0678,.050299998,.0143,.028899999,4.5833321
beach,124.35,.25369999,1,0,0,0,124.35,124.35,124.35,142.85001,.25369999,.1498,.2339,.62879997,6.2500014
charter,129.414,.53909999,0,0,0,1,104.414,104.414,104.414,129.414,.0678,.050299998,.26010001,.53909999,4.5833321
private,175.748,.0233,0,0,1,0,175.748,175.748,175.748,194.248,.25369999,.1498,.0233,.0219,6.2500014
private,72.900002,.0361,0,0,1,0,335.34,335.34,72.900002,107.9,.53329998,.0068999999,.0361,.42160001,5.4166665
charter,87.900002,.0057999999,0,0,0,1,243.34,243.34,52.900002,87.900002,.53329998,.4522,.0156,.0057999999,3.75
beach,22.372,.0678,1,0,0,0,22.372,22.372,54.613998,83.613998,.0678,.078900002,.16429999,.53909999,2.0833333
charter,70.972,.42160001,0,0,0,1,206.31,206.31,35.972,70.972,.53329998,.0068999999,.0361,.42160001,3.75
charter,99.349998,1.0905,0,0,0,1,29.172001,29.172001,64.349998,99.349998,.0678,.078900002,.089699998,1.0905,2.9166665
private,56.372002,.0051000002,0,0,1,0,323.31,323.31,56.372002,91.372002,.53329998,.4522,.0051000002,1.0266,6.2500014
charter,114.35,.64560002,0,0,0,1,35.972,35.972,79.349998,114.35,.0678,.078900002,.0559,.64560002,3.75
private,63.172001,.2413,0,0,1,0,362.31,362.31,63.172001,98.171997,.53329998,.4522,.2413,1.0266,7.0833316
charter,93.849998,.324,0,0,0,1,71.213997,71.213997,64.349998,93.849998,.0678,.050299998,.1082,.324,2.9166665
beach,49.571999,.0678,1,0,0,0,49.571999,49.571999,121.014,150.01401,.0678,.078900002,.16429999,.53909999,5.4166665
charter,67.603996,1.0266,0,0,0,1,151.008,151.008,32.604,67.603996,.53329998,.4522,.2413,1.0266,2.9166665
charter,75.204002,1.0266,0,0,0,1,186.20799,186.20799,40.203999,75.204002,.53329998,.4522,.2413,1.0266,3.75
private,26.106001,.0361,0,0,1,0,92.057999,92.057999,26.106001,61.105999,.53329998,.0068999999,.0361,.42160001,1.2499998
private,57.903999,.0014,0,0,1,0,37.506001,37.506001,57.903999,86.903999,.0678,.078900002,.0014,.0029,2.0833333
charter,72.505997,1.0266,0,0,0,1,132.258,132.258,37.506001,72.505997,.53329998,.4522,.2413,1.0266,2.0833333
charter,106.706,.42160001,0,0,0,1,252.858,252.858,71.706001,106.706,.53329998,.0068999999,.0361,.42160001,4.5833321
private,71.706001,.0361,0,0,1,0,252.858,252.858,71.706001,106.706,.53329998,.0068999999,.0361,.42160001,4.5833321
beach,34.914001,.25369999,1,0,0,0,34.914001,34.914001,34.914001,53.414001,.25369999,.1498,.2339,.62879997,3.75
charter,127.848,.0209,0,0,0,1,63.004002,63.004002,92.848,127.848,.0678,.078900002,.0102,.0209,6.2500014
charter,117.404,.3087,0,0,0,1,137.64799,137.64799,93.403999,117.404,.1049,.0078999996,.061299998,.3087,9.5833359
charter,82.804001,1.0266,0,0,0,1,221.408,221.408,47.804001,82.804001,.53329998,.4522,.0051000002,1.0266,4.5833321
private,35.972,.1665,0,0,1,0,206.31,206.31,35.972,70.972,.53329998,.4522,.1665,.39750001,3.75
pier,21.714001,.1498,0,1,0,0,21.714001,21.714001,21.714001,40.214001,.25369999,.1498,.2339,.62879997,2.0833333
charter,50.113998,.0209,0,0,0,1,10.534,10.534,15.114,50.113998,.0678,.078900002,.0102,.0209,1.2499998
charter,70.972,1.0266,0,0,0,1,206.31,206.31,35.972,70.972,.53329998,.4522,.2413,1.0266,3.75
charter,106.706,.39750001,0,0,0,1,252.858,252.858,71.706001,106.706,.53329998,.4522,.1665,.39750001,4.5833321
pier,75.503998,.050299998,0,1,0,0,75.503998,75.503998,75.503998,100.504,.0678,.050299998,.26010001,.53909999,2.9166665
charter,72.098,.2377,0,0,0,1,26.106001,26.106001,37.098,72.098,.0678,.0024999999,.0108,.2377,1.2499998
charter,50.397999,.1176,0,0,0,1,22.704,22.704,20.898001,50.397999,.0678,.050299998,.0016,.1176,.41666669
private,101.898,.0559,0,0,1,0,71.706001,71.706001,101.898,136.89799,.0678,.078900002,.0559,.64560002,4.5833321
beach,117.306,.0678,1,0,0,0,117.306,117.306,181.104,210.104,.0678,.078900002,.16429999,.53909999,7.9166665
charter,163.70599,.42160001,0,0,0,1,453.858,453.858,128.70599,163.70599,.53329998,.0068999999,.0361,.42160001,8.750001
pier,26.106001,.0024999999,0,1,0,0,26.106001,26.106001,40.304001,69.304001,.0678,.0024999999,.049899999,.2421,1.2499998
charter,72.505997,1.0266,0,0,0,1,132.258,132.258,37.506001,72.505997,.53329998,.4522,.2413,1.0266,2.0833333
private,69.498001,.2339,0,0,1,0,69.498001,69.498001,69.498001,87.998001,.25369999,.1498,.2339,.62879997,2.9166665
private,48.905998,.0023000001,0,0,1,0,69.498001,69.498001,48.905998,72.905998,.1049,.0451,.0023000001,.0046000001,2.9166665
private,47.804001,.1574,0,0,1,0,70.447998,70.447998,47.804001,71.804001,.1049,.0451,.1574,.46709999,4.5833321
charter,141.64,.0029,0,0,0,1,116.64,116.64,116.64,141.64,.0678,.050299998,.0276,.0029,5.4166665
pier,47.804001,.078900002,0,1,0,0,47.804001,47.804001,100.64,129.64,.0678,.078900002,.0014,.0029,4.5833321
charter,52.403999,1.0266,0,0,0,1,80.608002,80.608002,17.403999,52.403999,.53329998,.4522,.2413,1.0266,1.2499998
charter,387.20801,2.3013999,0,0,0,1,115.248,115.248,362.20801,387.20801,.25369999,.1498,.68169999,2.3013999,7.9166665
charter,98.003998,.0057999999,0,0,0,1,291.80801,291.80801,63.004002,98.003998,.53329998,.4522,.0156,.0057999999,6.2500014
pier,32.604,.078900002,0,1,0,0,32.604,32.604,68.639999,97.639999,.0678,.078900002,.16429999,.53909999,2.9166665
charter,61.639999,.2421,0,0,0,1,36.639999,36.639999,36.639999,61.639999,.0678,.0052,.14910001,.2421,1.2499998
charter,40.933998,1.0266,0,0,0,1,39.473999,39.473999,5.934,40.933998,.53329998,.4522,.2413,1.0266,.41666669
beach,120.004,.0678,1,0,0,0,120.004,120.004,252.64,281.64001,.0678,.078900002,.16429999,.53909999,12.499998
charter,50.133999,.0057999999,0,0,0,1,100.674,100.674,15.134,50.133999,.53329998,.4522,.0156,.0057999999,2.0833333
charter,68.533997,.0057999999,0,0,0,1,223.07401,223.07401,33.534,68.533997,.53329998,.4522,.0156,.0057999999,5.4166665
charter,59.334,.0057999999,0,0,0,1,161.87399,161.87399,24.334,59.334,.53329998,.4522,.0156,.0057999999,3.75
charter,163.70599,1.0266,0,0,0,1,453.858,453.858,128.70599,163.70599,.53329998,.4522,.2413,1.0266,8.750001
charter,106.706,.0057999999,0,0,0,1,252.858,252.858,71.706001,106.706,.53329998,.4522,.0156,.0057999999,4.5833321
private,180.006,.1574,0,0,1,0,255.798,255.798,180.006,204.006,.1049,.0451,.1574,.46709999,12.499998
charter,139.70399,.1648,0,0,0,1,71.706001,71.706001,110.704,139.70399,.0678,.078900002,.097099997,.1648,4.5833321
private,26.106001,.2413,0,0,1,0,92.057999,92.057999,26.106001,61.105999,.53329998,.4522,.2413,1.0266,1.2499998
charter,79.403999,.46709999,0,0,0,1,81.648003,81.648003,55.403999,79.403999,.1049,.0451,.1574,.46709999,5.4166665
pier,47.804001,.078900002,0,1,0,0,47.804001,47.804001,100.64,129.64,.0678,.078900002,.0014,.0029,4.5833321
charter,82.804001,.42160001,0,0,0,1,221.408,221.408,47.804001,82.804001,.53329998,.0068999999,.0361,.42160001,4.5833321
charter,50.113998,.0209,0,0,0,1,10.534,10.534,15.114,50.113998,.0678,.078900002,.0102,.0209,1.2499998
pier,5.9219999,.050299998,0,1,0,0,5.9219999,5.9219999,5.9219999,30.922001,.0678,.050299998,.26010001,.53909999,2.0833333
pier,11.322,.050299998,0,1,0,0,11.322,11.322,11.322,36.321999,.0678,.050299998,.0276,.0029,4.5833321
pier,6.29,.078900002,0,1,0,0,6.29,6.29,6.29,35.290001,.0678,.078900002,.16429999,.53909999,4.5833321
private,17.986,.0014,0,0,1,0,17.986,17.986,17.986,46.986,.0678,.078900002,.0014,.0029,3.75
charter,42.986,.1648,0,0,0,1,17.986,17.986,17.986,42.986,.0678,.050299998,.023,.1648,3.75
charter,46.986,.53909999,0,0,0,1,17.986,17.986,17.986,46.986,.0678,.078900002,.16429999,.53909999,3.75
private,45.186001,.26010001,0,0,1,0,45.186001,45.186001,45.186001,70.185997,.0678,.050299998,.26010001,.53909999,10.416666
beach,21.386,.0678,1,0,0,0,21.386,21.386,21.386,46.386002,.0678,.0052,.14910001,.2421,4.5833321
beach,9.5220003,.0678,1,0,0,0,9.5220003,9.5220003,9.5220003,34.521999,.0678,.050299998,.26010001,.53909999,3.75
private,51.841999,.2413,0,0,1,0,316.34201,316.34201,51.841999,86.842003,.53329998,.4522,.2413,1.0266,3.75
private,5.9219999,.0014,0,0,1,0,32.242001,32.242001,5.9219999,34.922001,.0678,.078900002,.0014,.0029,2.0833333
pier,9.5220003,.050299998,0,1,0,0,9.5220003,9.5220003,9.5220003,34.521999,.0678,.050299998,.0276,.0029,3.75
private,11.322,.0276,0,0,1,0,11.322,11.322,11.322,36.321999,.0678,.050299998,.0276,.0029,4.5833321
beach,9.5220003,.0678,1,0,0,0,9.5220003,9.5220003,9.5220003,34.521999,.0678,.050299998,.0276,.0029,3.75
beach,71.442001,.0678,1,0,0,0,71.442001,71.442001,13.122,42.122002,.0678,.078900002,.16429999,.53909999,5.4166665
private,14.58,.26010001,0,0,1,0,14.58,14.58,14.58,39.580002,.0678,.050299998,.26010001,.53909999,5.4166665
charter,33.580002,.2421,0,0,0,1,8.5799999,8.5799999,8.5799999,33.580002,.0678,.0052,.14910001,.2421,2.9166665
charter,41.580002,.2421,0,0,0,1,56.610001,56.610001,12.58,41.580002,.0678,.0024999999,.049899999,.2421,4.5833321
charter,43.580002,.53909999,0,0,0,1,18.58,18.58,18.58,43.580002,.0678,.050299998,.26010001,.53909999,7.0833316
pier,8.5799999,.050299998,0,1,0,0,8.5799999,8.5799999,8.5799999,33.580002,.0678,.050299998,.26010001,.53909999,2.9166665
private,666.10999,.053100001,0,0,1,0,359.022,359.022,666.10999,691.10999,.25369999,.1498,.053100001,.0052,8.750001
charter,35.580002,.2421,0,0,0,1,29.610001,29.610001,6.5799999,35.580002,.0678,.0024999999,.049899999,.2421,2.0833333
private,20.610001,.2413,0,0,1,0,135.11,135.11,20.610001,55.610001,.53329998,.4522,.2413,1.0266,1.2499998
charter,29.58,.1648,0,0,0,1,4.5799999,4.5799999,4.5799999,29.58,.0678,.050299998,.023,.1648,1.2499998
private,6.5799999,.0031000001,0,0,1,0,6.5799999,6.5799999,6.5799999,31.58,.0678,.050299998,.0031000001,.0041,2.0833333
private,31.586,.14910001,0,0,1,0,31.586,31.586,31.586,56.585999,.0678,.0052,.14910001,.2421,7.0833316
charter,49.785999,.2421,0,0,0,1,24.785999,24.785999,24.785999,49.785999,.0678,.0052,.14910001,.2421,5.4166665
pier,13.818,.0024999999,0,1,0,0,13.818,13.818,13.818,42.818001,.0678,.0024999999,.049899999,.2421,2.0833333
charter,59.618,.53909999,0,0,0,1,30.618,30.618,30.618,59.618,.0678,.078900002,.16429999,.53909999,5.4166665
private,4.29,.0051000002,0,0,1,0,214.5,214.5,4.29,39.290001,.53329998,.4522,.0051000002,1.0266,2.9166665
private,5.29,.0156,0,0,1,0,264.5,264.5,5.29,40.290001,.53329998,.4522,.0156,.0057999999,3.75
charter,33.290001,.1648,0,0,0,1,4.29,4.29,4.29,33.290001,.0678,.078900002,.097099997,.1648,2.9166665
beach,4.1220002,.0678,1,0,0,0,4.1220002,4.1220002,4.1220002,29.122,.0678,.050299998,.26010001,.53909999,1.2499998
pier,5.9219999,.050299998,0,1,0,0,5.9219999,5.9219999,5.9219999,30.922001,.0678,.050299998,.0276,.0029,2.0833333
beach,71.442001,.0678,1,0,0,0,71.442001,71.442001,13.122,42.122002,.0678,.0024999999,.049899999,.2421,5.4166665
private,5.9219999,.0276,0,0,1,0,5.9219999,5.9219999,5.9219999,30.922001,.0678,.050299998,.0276,.0029,2.0833333
pier,15.87,.050299998,0,1,0,0,15.87,15.87,15.87,40.869999,.0678,.050299998,.0276,.0029,3.75
private,3.8699999,.0014,0,0,1,0,6.4499998,6.4499998,3.8699999,32.869999,.0678,.078900002,.0014,.0029,.41666669
private,12.58,.0276,0,0,1,0,12.58,12.58,12.58,37.580002,.0678,.050299998,.0276,.0029,4.5833321
private,6.5799999,.14910001,0,0,1,0,6.5799999,6.5799999,6.5799999,31.58,.0678,.0052,.14910001,.2421,2.0833333
pier,6.5799999,.050299998,0,1,0,0,6.5799999,6.5799999,6.5799999,31.58,.0678,.050299998,.26010001,.53909999,2.0833333
charter,32.722,.0029,0,0,0,1,7.7220001,7.7220001,7.7220001,32.722,.0678,.050299998,.0276,.0029,2.9166665
private,3.29,.1665,0,0,1,0,164.5,164.5,3.29,38.290001,.53329998,.4522,.1665,.39750001,2.0833333
charter,30.290001,.0029,0,0,0,1,5.29,5.29,5.29,30.290001,.0678,.050299998,.0276,.0029,3.75
private,3.29,.0014,0,0,1,0,3.29,3.29,3.29,32.290001,.0678,.078900002,.0014,.0029,2.0833333
charter,34.290001,.1648,0,0,0,1,5.29,5.29,5.29,34.290001,.0678,.078900002,.097099997,.1648,3.75
pier,2.29,.078900002,0,1,0,0,2.29,2.29,2.29,31.290001,.0678,.078900002,.097099997,.1648,1.2499998
private,5.29,.0051000002,0,0,1,0,264.5,264.5,5.29,40.290001,.53329998,.4522,.0051000002,1.0266,3.75
charter,36.290001,.0029,0,0,0,1,7.29,7.29,7.29,36.290001,.0678,.078900002,.0014,.0029,5.4166665
beach,13.29,.0678,1,0,0,0,13.29,13.29,13.29,42.290001,.0678,.078900002,.16429999,.0041,10.416666
charter,39.290001,1.0266,0,0,0,1,214.5,214.5,4.29,39.290001,.53329998,.4522,.2413,1.0266,2.9166665
charter,29.290001,.1648,0,0,0,1,4.29,4.29,4.29,29.290001,.0678,.050299998,.023,.1648,2.9166665
charter,31.290001,.3087,0,0,0,1,166.21201,166.21201,7.29,31.290001,.1049,.0078999996,.061299998,.3087,5.4166665
charter,35.290001,.1648,0,0,0,1,6.29,6.29,6.29,35.290001,.0678,.078900002,.097099997,.1648,4.5833321
private,8.29,.061299998,0,0,1,0,189.01199,189.01199,8.29,32.290001,.1049,.0078999996,.061299998,.3087,6.2500014
charter,38.290001,.42160001,0,0,0,1,164.5,164.5,3.29,38.290001,.53329998,.0068999999,.0361,.42160001,2.0833333
charter,33.290001,.2421,0,0,0,1,4.29,4.29,4.29,33.290001,.0678,.0024999999,.049899999,.2421,2.9166665
charter,37.290001,1.0266,0,0,0,1,114.5,114.5,2.29,37.290001,.53329998,.4522,.2413,1.0266,1.2499998
pier,2.29,.078900002,0,1,0,0,2.29,2.29,2.29,31.290001,.0678,.078900002,.16429999,.53909999,1.2499998
pier,75.012001,.1498,0,1,0,0,75.012001,75.012001,75.012001,93.512001,.25369999,.1498,.0233,.0219,2.0833333
pier,4.29,.078900002,0,1,0,0,4.29,4.29,4.29,33.290001,.0678,.078900002,.16429999,.53909999,2.9166665
private,4.29,.0051000002,0,0,1,0,214.5,214.5,4.29,39.290001,.53329998,.4522,.0051000002,1.0266,2.9166665
private,3.29,.1574,0,0,1,0,75.012001,75.012001,3.29,27.290001,.1049,.0451,.1574,.46709999,2.0833333
charter,35.869999,.1648,0,0,0,1,11.45,11.45,6.8699999,35.869999,.0678,.078900002,.097099997,.1648,1.2499998
charter,47.869999,.53909999,0,0,0,1,31.450001,31.450001,18.870001,47.869999,.0678,.078900002,.16429999,.53909999,4.5833321
charter,58.869999,.53909999,0,0,0,1,33.869999,33.869999,33.869999,58.869999,.0678,.050299998,.26010001,.53909999,8.750001
private,53.686001,.2413,0,0,1,0,843.18597,843.18597,53.686001,88.685997,.53329998,.4522,.2413,1.0266,12.499998
charter,42.290001,1.0266,0,0,0,1,364.5,364.5,7.29,42.290001,.53329998,.4522,.0051000002,1.0266,5.4166665
charter,41.290001,1.0266,0,0,0,1,314.5,314.5,6.29,41.290001,.53329998,.4522,.2413,1.0266,4.5833321
charter,30.290001,.1648,0,0,0,1,5.29,5.29,5.29,30.290001,.0678,.050299998,.023,.1648,3.75
private,5.29,.2413,0,0,1,0,264.5,264.5,5.29,40.290001,.53329998,.4522,.2413,1.0266,3.75
charter,36.290001,.1648,0,0,0,1,7.29,7.29,7.29,36.290001,.0678,.078900002,.097099997,.1648,5.4166665
private,4.29,.0023000001,0,0,1,0,97.811996,97.811996,4.29,28.290001,.1049,.0451,.0023000001,.0046000001,2.9166665
pier,3.29,.050299998,0,1,0,0,3.29,3.29,3.29,28.290001,.0678,.050299998,.0276,.0029,2.0833333
beach,8.29,.0678,1,0,0,0,8.29,8.29,8.29,33.290001,.0678,.050299998,.26010001,.53909999,6.2500014
charter,35.580002,.0029,0,0,0,1,10.58,10.58,10.58,35.580002,.0678,.050299998,.0276,.0029,3.75
beach,11.186,.0678,1,0,0,0,11.186,11.186,11.186,36.186001,.0678,.050299998,.26010001,.53909999,2.0833333
beach,38.386002,.0678,1,0,0,0,38.386002,38.386002,38.386002,63.386002,.0678,.050299998,.26010001,.53909999,8.750001
private,8.5799999,.0276,0,0,1,0,8.5799999,8.5799999,8.5799999,33.580002,.0678,.050299998,.0276,.0029,2.9166665
charter,37.580002,.2421,0,0,0,1,38.610001,38.610001,8.5799999,37.580002,.0678,.0024999999,.049899999,.2421,2.9166665
charter,29.290001,.53909999,0,0,0,1,4.29,4.29,4.29,29.290001,.0678,.050299998,.26010001,.53909999,2.9166665
private,4.29,.0276,0,0,1,0,4.29,4.29,4.29,29.290001,.0678,.050299998,.0276,.0029,2.9166665
charter,27.290001,.0046000001,0,0,0,1,75.012001,75.012001,3.29,27.290001,.1049,.0451,.0023000001,.0046000001,2.0833333
private,4.29,.0051000002,0,0,1,0,214.5,214.5,4.29,39.290001,.53329998,.4522,.0051000002,1.0266,2.9166665
private,5.29,.0276,0,0,1,0,5.29,5.29,5.29,30.290001,.0678,.050299998,.0276,.0029,3.75
charter,30.290001,.46709999,0,0,0,1,143.412,143.412,6.29,30.290001,.1049,.0451,.1574,.46709999,4.5833321
charter,29.290001,.2421,0,0,0,1,4.29,4.29,4.29,29.290001,.0678,.0052,.14910001,.2421,2.9166665
charter,35.290001,.53909999,0,0,0,1,6.29,6.29,6.29,35.290001,.0678,.078900002,.16429999,.53909999,4.5833321
private,6.29,.26010001,0,0,1,0,6.29,6.29,6.29,31.290001,.0678,.050299998,.26010001,.53909999,4.5833321
charter,29.290001,.0029,0,0,0,1,4.29,4.29,4.29,29.290001,.0678,.050299998,.0276,.0029,2.9166665
pier,3.29,.0052,0,1,0,0,3.29,3.29,3.29,28.290001,.0678,.0052,.14910001,.2421,2.0833333
charter,32.290001,.0041,0,0,0,1,26.32,26.32,3.29,32.290001,.0678,.078900002,.16429999,.0041,2.0833333
pier,4.29,.050299998,0,1,0,0,4.29,4.29,4.29,29.290001,.0678,.050299998,.26010001,.53909999,2.9166665
pier,2.29,.050299998,0,1,0,0,2.29,2.29,2.29,27.290001,.0678,.050299998,.26010001,.53909999,1.2499998
pier,2.29,.050299998,0,1,0,0,2.29,2.29,2.29,27.290001,.0678,.050299998,.26010001,.53909999,1.2499998
beach,4.29,.0678,1,0,0,0,4.29,4.29,4.29,29.290001,.0678,.050299998,.26010001,.53909999,2.9166665
private,8.29,.26010001,0,0,1,0,8.29,8.29,8.29,33.290001,.0678,.050299998,.26010001,.53909999,6.2500014
private,7.29,.26010001,0,0,1,0,7.29,7.29,7.29,32.290001,.0678,.050299998,.26010001,.53909999,5.4166665
pier,13.29,.050299998,0,1,0,0,13.29,13.29,13.29,38.290001,.0678,.050299998,.26010001,.53909999,10.416666
private,3.29,.023,0,0,1,0,3.29,3.29,3.29,28.290001,.0678,.050299998,.023,.1648,2.0833333
private,6.29,.14910001,0,0,1,0,6.29,6.29,6.29,31.290001,.0678,.0052,.14910001,.2421,4.5833321
charter,32.290001,.1648,0,0,0,1,26.32,26.32,3.29,32.290001,.0678,.078900002,.097099997,.1648,2.0833333
private,4.29,.0276,0,0,1,0,4.29,4.29,4.29,29.290001,.0678,.050299998,.0276,.0029,2.9166665
private,6.29,.0276,0,0,1,0,6.29,6.29,6.29,31.290001,.0678,.050299998,.0276,.0029,4.5833321
charter,45.580002,.2421,0,0,0,1,74.610001,74.610001,16.58,45.580002,.0678,.0024999999,.049899999,.2421,6.2500014
pier,4.29,.050299998,0,1,0,0,4.29,4.29,4.29,29.290001,.0678,.050299998,.26010001,.53909999,2.9166665
charter,31.290001,.53909999,0,0,0,1,6.29,6.29,6.29,31.290001,.0678,.050299998,.26010001,.53909999,4.5833321
beach,2.29,.0678,1,0,0,0,2.29,2.29,2.29,27.290001,.0678,.050299998,.0276,.0029,1.2499998
pier,5.29,.050299998,0,1,0,0,5.29,5.29,5.29,30.290001,.0678,.050299998,.0276,.0029,3.75
private,3.29,.0276,0,0,1,0,3.29,3.29,3.29,28.290001,.0678,.050299998,.0276,.0029,2.0833333
private,2.29,.0276,0,0,1,0,2.29,2.29,2.29,27.290001,.0678,.050299998,.0276,.0029,1.2499998
private,4.29,.0014,0,0,1,0,34.32,34.32,4.29,33.290001,.0678,.078900002,.0014,.0029,2.9166665
charter,31.290001,.0029,0,0,0,1,6.29,6.29,6.29,31.290001,.0678,.050299998,.0276,.0029,4.5833321
private,9.29,.26010001,0,0,1,0,9.29,9.29,9.29,34.290001,.0678,.050299998,.26010001,.53909999,7.0833316
beach,306.82001,.53329998,1,0,0,0,306.82001,306.82001,42.32,77.32,.53329998,.4522,.2413,1.0266,3.75
private,231.82201,.089699998,0,0,1,0,65.610001,65.610001,231.82201,266.82199,.0678,.078900002,.089699998,1.0905,5.4166665
private,8.29,.0276,0,0,1,0,8.29,8.29,8.29,33.290001,.0678,.050299998,.0276,.0029,6.2500014
charter,58.32,.3087,0,0,0,1,132.132,132.132,34.32,58.32,.1049,.0078999996,.061299998,.3087,2.9166665
charter,32.290001,.0029,0,0,0,1,26.32,26.32,3.29,32.290001,.0678,.078900002,.0014,.0029,2.0833333
charter,32.290001,.53909999,0,0,0,1,7.29,7.29,7.29,32.290001,.0678,.050299998,.26010001,.53909999,5.4166665
private,30.870001,.16429999,0,0,1,0,51.450001,51.450001,30.870001,59.869999,.0678,.078900002,.16429999,.53909999,7.9166665
private,30.870001,.26010001,0,0,1,0,30.870001,30.870001,30.870001,55.869999,.0678,.050299998,.26010001,.53909999,7.9166665
private,12.87,.0276,0,0,1,0,12.87,12.87,12.87,37.869999,.0678,.050299998,.0276,.0029,2.9166665
charter,46.869999,.1648,0,0,0,1,21.870001,21.870001,21.870001,46.869999,.0678,.050299998,.023,.1648,5.4166665
beach,24.785999,.0678,1,0,0,0,24.785999,24.785999,24.785999,49.785999,.0678,.050299998,.26010001,.53909999,5.4166665
charter,50.386002,.53909999,0,0,0,1,21.386,21.386,21.386,50.386002,.0678,.078900002,.16429999,.53909999,4.5833321
charter,76.449997,.42160001,0,0,0,1,455.95001,455.95001,41.450001,76.449997,.53329998,.0068999999,.0361,.42160001,6.2500014
private,12.87,.26010001,0,0,1,0,12.87,12.87,12.87,37.869999,.0678,.050299998,.26010001,.53909999,2.9166665
charter,260.95001,.0052,0,0,0,1,119.262,119.262,235.95,260.95001,.25369999,.1498,.053100001,.0052,2.9166665
private,15.87,.26010001,0,0,1,0,15.87,15.87,15.87,40.869999,.0678,.050299998,.26010001,.53909999,3.75
private,24.870001,.26010001,0,0,1,0,24.870001,24.870001,24.870001,49.869999,.0678,.050299998,.26010001,.53909999,6.2500014
charter,56.869999,.0041,0,0,0,1,46.450001,46.450001,27.870001,56.869999,.0678,.078900002,.16429999,.0041,7.0833316
beach,4.1220002,.0678,1,0,0,0,4.1220002,4.1220002,4.1220002,29.122,.0678,.050299998,.26010001,.53909999,1.2499998
pier,4.1220002,.050299998,0,1,0,0,4.1220002,4.1220002,4.1220002,29.122,.0678,.050299998,.26010001,.53909999,1.2499998
private,130.832,.26010001,0,0,1,0,130.832,130.832,130.832,155.832,.0678,.050299998,.26010001,.53909999,4.5833321
private,73.001999,.023800001,0,0,1,0,119.554,119.554,73.001999,97.001999,.1049,.0451,.023800001,.046799999,3.75
private,74.353996,.089699998,0,0,1,0,45.402,45.402,74.353996,109.354,.0678,.078900002,.089699998,1.0905,2.0833333
charter,109.354,.64560002,0,0,0,1,45.402,45.402,74.353996,109.354,.0678,.078900002,.0559,.64560002,2.0833333
private,73.001999,.1574,0,0,1,0,119.554,119.554,73.001999,97.001999,.1049,.0451,.1574,.46709999,3.75
charter,86.753998,.0209,0,0,0,1,31.601999,31.601999,51.754002,86.753998,.0678,.078900002,.0102,.0209,1.2499998
charter,66.601997,.42160001,0,0,0,1,106.714,106.714,31.601999,66.601997,.53329998,.0068999999,.0361,.42160001,1.2499998
beach,37.098,.0678,1,0,0,0,37.098,37.098,37.098,66.098,.0678,.078900002,.16429999,.53909999,1.2499998
pier,20.898001,.078900002,0,1,0,0,20.898001,20.898001,20.898001,49.897999,.0678,.078900002,.16429999,.53909999,.41666669
charter,189.548,.0057999999,0,0,0,1,393.66,393.66,154.548,189.548,.53329998,.4522,.0156,.0057999999,5.4166665
charter,104.748,.42160001,0,0,0,1,177.66,177.66,69.748001,104.748,.53329998,.0068999999,.0361,.42160001,2.0833333
charter,51.832001,.2421,0,0,0,1,26.832001,26.832001,26.832001,51.832001,.0678,.0052,.14910001,.2421,.41666669
charter,135.032,.53909999,0,0,0,1,110.032,110.032,110.032,135.032,.0678,.050299998,.26010001,.53909999,3.75
private,236.196,.0102,0,0,1,0,151.632,151.632,236.196,271.19601,.0678,.078900002,.0102,.0209,5.4166665
private,328.43201,.0023000001,0,0,1,0,511.59601,511.59601,328.43201,352.43201,.1049,.0451,.0023000001,.0046000001,12.499998
charter,165.832,1.0266,0,0,0,1,353.49799,353.49799,130.832,165.832,.53329998,.4522,.2413,1.0266,4.5833321
private,106.596,.0559,0,0,1,0,68.431999,68.431999,106.596,141.59599,.0678,.078900002,.0559,.64560002,2.0833333
pier,90.947998,.078900002,0,1,0,0,90.947998,90.947998,90.947998,119.948,.0678,.078900002,.0014,.0029,2.9166665
private,90.947998,.0023000001,0,0,1,0,132.99001,132.99001,90.947998,114.948,.1049,.0451,.0023000001,.0046000001,2.9166665
charter,162.49001,.1726,0,0,0,1,90.947998,90.947998,132.99001,162.49001,.0678,.0052,.073200002,.1726,2.9166665
charter,61.574001,1.0266,0,0,0,1,65.015999,65.015999,26.573999,61.574001,.53329998,.4522,.2413,1.0266,.41666669
charter,123.374,.0057999999,0,0,0,1,216.216,216.216,88.374001,123.374,.53329998,.4522,.0156,.0057999999,2.9166665
private,247.86,.061299998,0,0,1,0,319.302,319.302,247.86,271.85999,.1049,.0078999996,.061299998,.3087,5.4166665
private,115.196,.1574,0,0,1,0,295.422,295.422,115.196,139.196,.1049,.0451,.1574,.46709999,7.0833316
pier,150.174,.078900002,0,1,0,0,150.174,150.174,170.586,199.586,.0678,.078900002,.16429999,.53909999,5.4166665
charter,185.174,1.0266,0,0,0,1,367.41599,367.41599,150.174,185.174,.53329998,.4522,.2413,1.0266,5.4166665
charter,253.856,.2377,0,0,0,1,170.774,170.774,218.856,253.856,.0678,.0024999999,.0108,.2377,6.2500014
charter,148.256,.64560002,0,0,0,1,88.374001,88.374001,113.256,148.256,.0678,.078900002,.0559,.64560002,2.9166665
beach,47.174,.0678,1,0,0,0,47.174,47.174,53.585999,82.585999,.0678,.078900002,.16429999,.53909999,1.2499998
pier,129.57401,.078900002,0,1,0,0,129.57401,129.57401,147.186,176.186,.0678,.078900002,.16429999,.53909999,4.5833321
pier,108.974,.078900002,0,1,0,0,108.974,108.974,123.786,152.786,.0678,.078900002,.16429999,.53909999,3.75
charter,267.57401,1.0266,0,0,0,1,569.01599,569.01599,232.57401,267.57401,.53329998,.4522,.2413,1.0266,8.750001
charter,129.386,.53909999,0,0,0,1,88.374001,88.374001,100.386,129.386,.0678,.078900002,.16429999,.53909999,2.9166665
charter,164.57401,.39750001,0,0,0,1,317.01599,317.01599,129.57401,164.57401,.53329998,.4522,.1665,.39750001,4.5833321
charter,193.448,2.3013999,0,0,0,1,106.596,106.596,168.448,193.448,.25369999,.1498,.68169999,2.3013999,2.0833333
charter,188.758,.2421,0,0,0,1,140.714,140.714,159.758,188.758,.0678,.0024999999,.049899999,.2421,3.75
private,140.714,.1574,0,0,1,0,171.396,171.396,140.714,164.714,.1049,.0451,.1574,.46709999,3.75
private,270.84799,.053100001,0,0,1,0,171.396,171.396,270.84799,295.84799,.25369999,.1498,.053100001,.0052,3.75
charter,173.59801,.64560002,0,0,0,1,107.916,107.916,138.59801,173.59801,.0678,.078900002,.0559,.64560002,3.75
private,79.253998,.0023000001,0,0,1,0,115.736,115.736,79.253998,103.254,.1049,.0451,.0023000001,.0046000001,4.5833321
charter,114.254,.42160001,0,0,0,1,266.69601,266.69601,79.253998,114.254,.53329998,.0068999999,.0361,.42160001,4.5833321
private,37.751999,.0023000001,0,0,1,0,86.657997,86.657997,37.751999,61.751999,.1049,.0451,.0023000001,.0046000001,2.9166665
private,11.352,.0361,0,0,1,0,58.049999,58.049999,11.352,46.352001,.53329998,.0068999999,.0361,.42160001,.41666669
private,37.751999,.0023000001,0,0,1,0,86.657997,86.657997,37.751999,61.751999,.1049,.0451,.0023000001,.0046000001,2.9166665
charter,84.306,.0046000001,0,0,0,1,85.697998,85.697998,60.306,84.306,.1049,.0451,.0023000001,.0046000001,3.75
charter,95.306,.0057999999,0,0,0,1,212.658,212.658,60.306,95.306,.53329998,.4522,.0156,.0057999999,3.75
charter,95.306,.0057999999,0,0,0,1,212.658,212.658,60.306,95.306,.53329998,.4522,.0156,.0057999999,3.75
charter,72.905998,.0046000001,0,0,0,1,69.498001,69.498001,48.905998,72.905998,.1049,.0451,.0023000001,.0046000001,2.9166665
beach,85.697998,.25369999,1,0,0,0,85.697998,85.697998,85.697998,104.198,.25369999,.1498,.0233,.0219,3.75
private,37.506001,.1574,0,0,1,0,53.298,53.298,37.506001,61.506001,.1049,.0451,.1574,.46709999,2.0833333
private,48.905998,.2413,0,0,1,0,172.45799,172.45799,48.905998,83.905998,.53329998,.4522,.2413,1.0266,2.9166665
charter,95.306,.42160001,0,0,0,1,212.658,212.658,60.306,95.306,.53329998,.0068999999,.0361,.42160001,3.75
pier,224.29601,.4522,0,1,0,0,224.29601,224.29601,66.653999,101.654,.53329998,.4522,.2413,1.0266,3.75
pier,34.874001,.078900002,0,1,0,0,34.874001,34.874001,34.874001,63.874001,.0678,.078900002,.16429999,.53909999,2.0833333
charter,112.274,.0057999999,0,0,0,1,360.12601,360.12601,77.274002,112.274,.53329998,.4522,.0156,.0057999999,5.4166665
charter,59.874001,.0029,0,0,0,1,34.874001,34.874001,34.874001,59.874001,.0678,.050299998,.0276,.0029,2.0833333
charter,91.073997,.0057999999,0,0,0,1,261.32599,261.32599,56.074001,91.073997,.53329998,.4522,.0156,.0057999999,3.75
charter,189.73399,.64560002,0,0,0,1,66.674004,66.674004,154.73399,189.73399,.0678,.078900002,.0559,.64560002,4.5833321
charter,106.274,.1648,0,0,0,1,77.274002,77.274002,77.274002,106.274,.0678,.078900002,.097099997,.1648,5.4166665
charter,143.974,1.0266,0,0,0,1,266.616,266.616,108.974,143.974,.53329998,.4522,.2413,1.0266,3.75
charter,99.349998,1.0266,0,0,0,1,191.334,191.334,64.349998,99.349998,.53329998,.4522,.2413,1.0266,2.9166665
private,184.35001,.0023000001,0,0,1,0,253.174,253.174,184.35001,208.35001,.1049,.0451,.0023000001,.0046000001,9.5833359
charter,99.349998,.42160001,0,0,0,1,191.334,191.334,64.349998,99.349998,.53329998,.0068999999,.0361,.42160001,2.9166665
private,67.774002,.089699998,0,0,1,0,49.349998,49.349998,67.774002,102.774,.0678,.078900002,.089699998,1.0905,2.0833333
private,64.349998,.0361,0,0,1,0,191.334,191.334,64.349998,99.349998,.53329998,.0068999999,.0361,.42160001,2.9166665
private,34.349998,.0051000002,0,0,1,0,102.134,102.134,34.349998,69.349998,.53329998,.4522,.0051000002,1.0266,1.2499998
charter,99.349998,.39750001,0,0,0,1,191.334,191.334,64.349998,99.349998,.53329998,.4522,.1665,.39750001,2.9166665
charter,84.349998,.42160001,0,0,0,1,146.73399,146.73399,49.349998,84.349998,.53329998,.0068999999,.0361,.42160001,2.0833333
charter,114.35,.42160001,0,0,0,1,235.93401,235.93401,79.349998,114.35,.53329998,.0068999999,.0361,.42160001,3.75
pier,34.349998,.078900002,0,1,0,0,34.349998,34.349998,38.014,67.014,.0678,.078900002,.16429999,.53909999,1.2499998
charter,73.349998,.3087,0,0,0,1,67.774002,67.774002,49.349998,73.349998,.1049,.0078999996,.061299998,.3087,2.0833333
pier,20.152,.078900002,0,1,0,0,20.152,20.152,20.152,49.152,.0678,.078900002,.16429999,.53909999,1.2499998
private,45.402,.0023000001,0,0,1,0,74.353996,74.353996,45.402,69.402,.1049,.0451,.0023000001,.0046000001,2.0833333
private,64.349998,.2413,0,0,1,0,191.334,191.334,64.349998,99.349998,.53329998,.4522,.2413,1.0266,2.9166665
charter,129.77,.39750001,0,0,0,1,322.21799,322.21799,94.769997,129.77,.53329998,.4522,.1665,.39750001,5.4166665
private,55.77,.2413,0,0,1,0,189.618,189.618,55.77,90.769997,.53329998,.4522,.2413,1.0266,2.9166665
charter,94.681999,1.0266,0,0,0,1,489.80399,489.80399,59.681999,94.681999,.53329998,.4522,.2413,1.0266,7.9166665
charter,43.082001,.3087,0,0,0,1,75.012001,75.012001,19.082001,43.082001,.1049,.0078999996,.061299998,.3087,2.0833333
charter,65.681999,1.0266,0,0,0,1,251.804,251.804,30.681999,65.681999,.53329998,.4522,.2413,1.0266,3.75
charter,61.481998,.53909999,0,0,0,1,36.481998,36.481998,36.481998,61.481998,.0678,.050299998,.26010001,.53909999,4.5833321
pier,13.282,.078900002,0,1,0,0,13.282,13.282,13.282,42.282001,.0678,.078900002,.16429999,.53909999,1.2499998
private,167.314,.1665,0,0,1,0,322.048,322.048,167.314,202.314,.53329998,.4522,.1665,.39750001,4.5833321
beach,74.195999,.25369999,1,0,0,0,74.195999,74.195999,74.195999,92.695999,.25369999,.1498,.00079999998,.0027000001,1.2499998
charter,335.314,1.0266,0,0,0,1,578.04797,578.04797,300.314,335.314,.53329998,.4522,.2413,1.0266,8.750001
charter,138.114,.46709999,0,0,0,1,138.996,138.996,114.114,138.114,.1049,.0451,.1574,.46709999,2.9166665
charter,77.900002,.42160001,0,0,0,1,197.34,197.34,42.900002,77.900002,.53329998,.0068999999,.0361,.42160001,2.9166665
private,68.769997,.0156,0,0,1,0,233.81799,233.81799,68.769997,103.77,.53329998,.4522,.0156,.0057999999,3.75
charter,158.77,.2421,0,0,0,1,133.77,133.77,133.77,158.77,.0678,.0052,.14910001,.2421,7.9166665
pier,94.769997,.078900002,0,1,0,0,94.769997,94.769997,94.769997,123.77,.0678,.078900002,.16429999,.53909999,5.4166665
charter,158.77,.0029,0,0,0,1,133.77,133.77,133.77,158.77,.0678,.050299998,.0276,.0029,7.9166665
private,81.769997,.061299998,0,0,1,0,127.058,127.058,81.769997,105.77,.1049,.0078999996,.061299998,.3087,4.5833321
charter,58.349998,.3087,0,0,0,1,47.174,47.174,34.349998,58.349998,.1049,.0078999996,.061299998,.3087,1.2499998
beach,109.35,.0678,1,0,0,0,109.35,109.35,121.014,150.01401,.0678,.078900002,.16429999,.53909999,5.4166665
private,154.214,.26010001,0,0,1,0,154.214,154.214,154.214,179.214,.0678,.050299998,.26010001,.53909999,7.0833316
charter,208.35001,.3087,0,0,0,1,253.174,253.174,184.35001,208.35001,.1049,.0078999996,.061299998,.3087,9.5833359
charter,89.054001,1.0266,0,0,0,1,181.896,181.896,54.054001,89.054001,.53329998,.4522,.2413,1.0266,2.9166665
private,54.054001,.0023000001,0,0,1,0,78.935997,78.935997,54.054001,78.054001,.1049,.0451,.0023000001,.0046000001,2.9166665
private,127.666,.0014,0,0,1,0,104.454,104.454,127.666,156.666,.0678,.078900002,.0014,.0029,6.2500014
charter,107.952,1.0266,0,0,0,1,373.04999,373.04999,72.952003,107.952,.53329998,.4522,.2413,1.0266,6.2500014
private,45.473999,.14910001,0,0,1,0,45.473999,45.473999,45.473999,70.473999,.0678,.0052,.14910001,.2421,2.9166665
pier,45.473999,.078900002,0,1,0,0,45.473999,45.473999,45.473999,74.473999,.0678,.078900002,.16429999,.0041,2.9166665
charter,92.769997,.0046000001,0,0,0,1,106.858,106.858,68.769997,92.769997,.1049,.0451,.0023000001,.0046000001,3.75
private,68.769997,.0361,0,0,1,0,233.81799,233.81799,68.769997,103.77,.53329998,.0068999999,.0361,.42160001,3.75
private,94.769997,.0023000001,0,0,1,0,147.258,147.258,94.769997,118.77,.1049,.0451,.0023000001,.0046000001,5.4166665
private,94.769997,.023800001,0,0,1,0,147.258,147.258,94.769997,118.77,.1049,.0451,.023800001,.046799999,5.4166665
charter,90.769997,1.0266,0,0,0,1,189.618,189.618,55.77,90.769997,.53329998,.4522,.2413,1.0266,2.9166665
charter,66.769997,.3087,0,0,0,1,66.458,66.458,42.77,66.769997,.1049,.0078999996,.061299998,.3087,2.0833333
private,81.769997,.1665,0,0,1,0,278.01801,278.01801,81.769997,116.77,.53329998,.4522,.1665,.39750001,4.5833321
charter,103.77,.0057999999,0,0,0,1,233.81799,233.81799,68.769997,103.77,.53329998,.4522,.0156,.0057999999,3.75
charter,66.769997,.046799999,0,0,0,1,66.458,66.458,42.77,66.769997,.1049,.0451,.023800001,.046799999,2.0833333
charter,116.77,.42160001,0,0,0,1,278.01801,278.01801,81.769997,116.77,.53329998,.0068999999,.0361,.42160001,4.5833321
charter,80.769997,.2421,0,0,0,1,55.77,55.77,55.77,80.769997,.0678,.0052,.14910001,.2421,2.9166665
pier,68.769997,.078900002,0,1,0,0,68.769997,68.769997,68.769997,97.769997,.0678,.078900002,.16429999,.53909999,3.75
private,166.21201,.089699998,0,0,1,0,42.282001,42.282001,166.21201,201.21201,.0678,.078900002,.089699998,1.0905,5.4166665
private,36.481998,.16429999,0,0,1,0,36.481998,36.481998,36.481998,65.482002,.0678,.078900002,.16429999,.53909999,4.5833321
charter,38.282001,.53909999,0,0,0,1,13.282,13.282,13.282,38.282001,.0678,.050299998,.26010001,.53909999,1.2499998
private,24.882,.0023000001,0,0,1,0,97.811996,97.811996,24.882,48.882,.1049,.0451,.0023000001,.0046000001,2.9166665
private,36.481998,.049899999,0,0,1,0,36.481998,36.481998,36.481998,65.482002,.0678,.0024999999,.049899999,.2421,4.5833321
charter,38.282001,.1648,0,0,0,1,13.282,13.282,13.282,38.282001,.0678,.050299998,.023,.1648,1.2499998
charter,174.65601,.64560002,0,0,0,1,108.974,108.974,139.65601,174.65601,.0678,.078900002,.0559,.64560002,3.75
charter,123.374,.42160001,0,0,0,1,216.216,216.216,88.374001,123.374,.53329998,.0068999999,.0361,.42160001,2.9166665
private,108.974,.1574,0,0,1,0,139.65601,139.65601,108.974,132.974,.1049,.0451,.1574,.46709999,3.75
charter,112.374,.0046000001,0,0,0,1,113.256,113.256,88.374001,112.374,.1049,.0451,.0023000001,.0046000001,2.9166665
pier,129.57401,.078900002,0,1,0,0,129.57401,129.57401,147.186,176.186,.0678,.078900002,.16429999,.53909999,4.5833321
charter,84.349998,.42160001,0,0,0,1,146.73399,146.73399,49.349998,84.349998,.53329998,.0068999999,.0361,.42160001,2.0833333
beach,87.814003,.0678,1,0,0,0,87.814003,87.814003,87.814003,112.814,.0678,.050299998,.26010001,.53909999,3.75
charter,174.35001,1.0266,0,0,0,1,414.33401,414.33401,139.35001,174.35001,.53329998,.4522,.2413,1.0266,7.0833316
private,104.414,.16429999,0,0,1,0,94.349998,94.349998,104.414,133.414,.0678,.078900002,.16429999,.53909999,4.5833321
beach,66.653999,.0678,1,0,0,0,66.653999,66.653999,81.466003,110.466,.0678,.078900002,.16429999,.53909999,3.75
charter,79.666,.53909999,0,0,0,1,41.453999,41.453999,50.666,79.666,.0678,.078900002,.16429999,.53909999,2.0833333
private,104.454,.0156,0,0,1,0,351.496,351.496,104.454,139.45399,.53329998,.4522,.0156,.0057999999,6.2500014
pier,41.453999,.0024999999,0,1,0,0,41.453999,41.453999,50.666,79.666,.0678,.0024999999,.049899999,.2421,2.0833333
pier,91.853996,.078900002,0,1,0,0,91.853996,91.853996,112.266,141.26601,.0678,.078900002,.0014,.0029,5.4166665
charter,103.254,.3087,0,0,0,1,115.736,115.736,79.253998,103.254,.1049,.0078999996,.061299998,.3087,4.5833321
charter,95.536003,.64560002,0,0,0,1,41.453999,41.453999,60.535999,95.536003,.0678,.078900002,.0559,.64560002,2.0833333
charter,90.036003,.1726,0,0,0,1,50.666,50.666,60.535999,90.036003,.0678,.0052,.073200002,.1726,2.0833333
charter,76.454002,.0057999999,0,0,0,1,139.496,139.496,41.453999,76.454002,.53329998,.4522,.0156,.0057999999,2.0833333
charter,139.45399,.42160001,0,0,0,1,351.496,351.496,104.454,139.45399,.53329998,.0068999999,.0361,.42160001,6.2500014
pier,54.054001,.078900002,0,1,0,0,54.054001,54.054001,66.066002,95.066002,.0678,.078900002,.16429999,.53909999,2.9166665
charter,89.054001,1.0266,0,0,0,1,181.896,181.896,54.054001,89.054001,.53329998,.4522,.2413,1.0266,2.9166665
charter,64.265999,.2421,0,0,0,1,28.854,28.854,35.265999,64.265999,.0678,.0024999999,.049899999,.2421,1.2499998
pier,23.736,.1498,0,1,0,0,23.736,23.736,23.736,42.236,.25369999,.1498,.0233,.0219,.41666669
charter,51.254002,.0057999999,0,0,0,1,54.695999,54.695999,16.254,51.254002,.53329998,.4522,.0156,.0057999999,.41666669
private,35.265999,.0014,0,0,1,0,28.854,28.854,35.265999,64.265999,.0678,.078900002,.0014,.0029,1.2499998
charter,127.046,.0209,0,0,0,1,56.074001,56.074001,92.045998,127.046,.0678,.078900002,.0102,.0209,3.75
charter,101.674,.0057999999,0,0,0,1,260.40601,260.40601,66.674004,101.674,.53329998,.4522,.0156,.0057999999,4.5833321
charter,112.274,.39750001,0,0,0,1,301.806,301.806,77.274002,112.274,.53329998,.4522,.1665,.39750001,5.4166665
private,44.085999,.097099997,0,0,1,0,34.874001,34.874001,44.085999,73.085999,.0678,.078900002,.097099997,.1648,2.0833333
charter,80.073997,.046799999,0,0,0,1,92.045998,92.045998,56.074001,80.073997,.1049,.0451,.023800001,.046799999,3.75
private,98.473999,.2413,0,0,1,0,384.60599,384.60599,98.473999,133.474,.53329998,.4522,.2413,1.0266,7.0833316
charter,101.674,.0057999999,0,0,0,1,260.40601,260.40601,66.674004,101.674,.53329998,.4522,.0156,.0057999999,4.5833321
pier,34.874001,.078900002,0,1,0,0,34.874001,34.874001,44.085999,73.085999,.0678,.078900002,.0014,.0029,2.0833333
beach,97.685997,.0678,1,0,0,0,97.685997,97.685997,97.685997,122.686,.0678,.0052,.14910001,.2421,5.4166665
beach,44.085999,.0678,1,0,0,0,44.085999,44.085999,44.085999,69.085999,.0678,.050299998,.26010001,.53909999,2.0833333
charter,48.674,.0057999999,0,0,0,1,53.405998,53.405998,13.674,48.674,.53329998,.4522,.0156,.0057999999,.41666669
charter,202.606,.0052,0,0,0,1,74.646004,74.646004,177.606,202.606,.25369999,.1498,.053100001,.0052,2.9166665
pier,144.246,.1498,0,1,0,0,144.246,144.246,144.246,162.746,.25369999,.1498,.0233,.0219,6.2500014
charter,244.006,2.3013999,0,0,0,1,92.045998,92.045998,219.006,244.006,.25369999,.1498,.68169999,2.3013999,3.75
pier,136.20599,.4522,0,1,0,0,136.20599,136.20599,34.874001,69.874001,.53329998,.4522,.1665,.39750001,2.0833333
private,87.874001,.0023000001,0,0,1,0,144.246,144.246,87.874001,111.874,.1049,.0451,.0023000001,.0046000001,6.2500014
beach,56.074001,.0678,1,0,0,0,56.074001,56.074001,70.886002,99.886002,.0678,.078900002,.16429999,.53909999,3.75
charter,240.586,.53909999,0,0,0,1,167.37399,167.37399,211.586,240.586,.0678,.078900002,.16429999,.53909999,12.499998
charter,69.874001,.42160001,0,0,0,1,136.20599,136.20599,34.874001,69.874001,.53329998,.0068999999,.0361,.42160001,2.0833333
charter,101.674,1.0266,0,0,0,1,260.40601,260.40601,66.674004,101.674,.53329998,.4522,.2413,1.0266,4.5833321
private,87.874001,.1665,0,0,1,0,343.20599,343.20599,87.874001,122.874,.53329998,.4522,.1665,.39750001,6.2500014
charter,202.606,2.3013999,0,0,0,1,74.646004,74.646004,177.606,202.606,.25369999,.1498,.68169999,2.3013999,2.9166665
private,68.769997,.2413,0,0,1,0,233.81799,233.81799,68.769997,103.77,.53329998,.4522,.2413,1.0266,3.75
charter,122.874,1.0266,0,0,0,1,343.20599,343.20599,87.874001,122.874,.53329998,.4522,.0051000002,1.0266,6.2500014
charter,91.073997,1.0266,0,0,0,1,219.006,219.006,56.074001,91.073997,.53329998,.4522,.2413,1.0266,3.75
pier,87.874001,.0024999999,0,1,0,0,87.874001,87.874001,111.086,140.086,.0678,.0024999999,.049899999,.2421,6.2500014
charter,80.473999,.0057999999,0,0,0,1,177.606,177.606,45.473999,80.473999,.53329998,.4522,.0156,.0057999999,2.9166665
private,70.603996,.1574,0,0,1,0,104.048,104.048,70.603996,94.603996,.1049,.0451,.1574,.46709999,7.0833316
charter,67.603996,.0057999999,0,0,0,1,151.008,151.008,32.604,67.603996,.53329998,.4522,.0156,.0057999999,2.9166665
charter,241.64,.1648,0,0,0,1,101.004,101.004,212.64,241.64,.0678,.078900002,.097099997,.1648,10.416666
charter,60.004002,1.0266,0,0,0,1,115.808,115.808,25.004,60.004002,.53329998,.4522,.2413,1.0266,2.0833333
charter,77.734001,1.0266,0,0,0,1,386.46399,386.46399,42.734001,77.734001,.53329998,.4522,.2413,1.0266,7.0833316
private,47.334,.0361,0,0,1,0,428.064,428.064,47.334,82.334,.53329998,.0068999999,.0361,.42160001,7.9166665
charter,43.734001,.0046000001,0,0,0,1,72.071999,72.071999,19.733999,43.734001,.1049,.0451,.0023000001,.0046000001,2.9166665
charter,48.334,.3087,0,0,0,1,88.872002,88.872002,24.334,48.334,.1049,.0078999996,.061299998,.3087,3.75
private,19.896,.0361,0,0,1,0,305.07199,305.07199,19.896,54.896,.53329998,.0068999999,.0361,.42160001,6.2500014
private,19.896,.0361,0,0,1,0,305.07199,305.07199,19.896,54.896,.53329998,.0068999999,.0361,.42160001,6.2500014
private,10.296,.061299998,0,0,1,0,54.911999,54.911999,10.296,34.296001,.1049,.0078999996,.061299998,.3087,2.9166665
private,10.296,.0361,0,0,1,0,157.87199,157.87199,10.296,45.296001,.53329998,.0068999999,.0361,.42160001,2.9166665
private,17.496,.2413,0,0,1,0,268.272,268.272,17.496,52.495998,.53329998,.4522,.2413,1.0266,5.4166665
charter,40.495998,1.0266,0,0,0,1,84.272003,84.272003,5.4959998,40.495998,.53329998,.4522,.2413,1.0266,1.2499998
pier,10.534,.078900002,0,1,0,0,10.534,10.534,13.74,42.740002,.0678,.078900002,.16429999,.53909999,1.2499998
pier,24.334,.0024999999,0,1,0,0,24.334,24.334,31.74,60.740002,.0678,.0024999999,.049899999,.2421,3.75
beach,15.134,.0678,1,0,0,0,15.134,15.134,19.74,48.740002,.0678,.078900002,.16429999,.53909999,2.0833333
private,24.334,.0023000001,0,0,1,0,88.872002,88.872002,24.334,48.334,.1049,.0451,.0023000001,.0046000001,3.75
pier,38.133999,.0024999999,0,1,0,0,38.133999,38.133999,49.740002,78.739998,.0678,.0024999999,.049899999,.2421,6.2500014
private,24.334,.1574,0,0,1,0,88.872002,88.872002,24.334,48.334,.1049,.0451,.1574,.46709999,3.75
charter,43.734001,.0046000001,0,0,0,1,72.071999,72.071999,19.733999,43.734001,.1049,.0451,.0023000001,.0046000001,2.9166665
charter,45.296001,.0057999999,0,0,0,1,157.87199,157.87199,10.296,45.296001,.53329998,.4522,.0156,.0057999999,2.9166665
private,37.896,.2413,0,0,1,0,581.07202,581.07202,37.896,72.896004,.53329998,.4522,.2413,1.0266,12.499998
charter,57.296001,.42160001,0,0,0,1,341.87201,341.87201,22.296,57.296001,.53329998,.0068999999,.0361,.42160001,7.0833316
charter,52.495998,.0057999999,0,0,0,1,268.272,268.272,17.496,52.495998,.53329998,.4522,.0156,.0057999999,5.4166665
charter,57.296001,.39750001,0,0,0,1,341.87201,341.87201,22.296,57.296001,.53329998,.4522,.1665,.39750001,7.0833316
beach,17.496,.0678,1,0,0,0,17.496,17.496,78.732002,107.732,.0678,.078900002,.0014,.0029,5.4166665
charter,47.695999,1.0266,0,0,0,1,194.672,194.672,12.696,47.695999,.53329998,.4522,.0051000002,1.0266,3.75
private,12.696,.00019999999,0,0,1,0,67.711998,67.711998,12.696,36.695999,.1049,.0451,.00019999999,.0020999999,3.75
private,12.696,.061299998,0,0,1,0,67.711998,67.711998,12.696,36.695999,.1049,.0078999996,.061299998,.3087,3.75
private,7.8959999,.0023000001,0,0,1,0,42.112,42.112,7.8959999,31.896,.1049,.0451,.0023000001,.0046000001,2.0833333
private,10.296,.2413,0,0,1,0,157.87199,157.87199,10.296,45.296001,.53329998,.4522,.2413,1.0266,2.9166665
pier,12.696,.078900002,0,1,0,0,12.696,12.696,57.132,86.132004,.0678,.078900002,.16429999,.53909999,3.75
beach,89.531998,.0678,1,0,0,0,89.531998,89.531998,89.531998,114.532,.0678,.050299998,.023,.1648,6.2500014
private,46.332001,.14910001,0,0,1,0,46.332001,46.332001,46.332001,71.332001,.0678,.0052,.14910001,.2421,2.9166665
private,19.896,.0023000001,0,0,1,0,106.112,106.112,19.896,43.896,.1049,.0451,.0023000001,.0046000001,6.2500014
pier,22.296,.078900002,0,1,0,0,22.296,22.296,100.332,129.332,.0678,.078900002,.16429999,.53909999,7.0833316
charter,42.896,1.0266,0,0,0,1,121.072,121.072,7.8959999,42.896,.53329998,.4522,.2413,1.0266,2.0833333
charter,42.896,.39750001,0,0,0,1,121.072,121.072,7.8959999,42.896,.53329998,.4522,.1665,.39750001,2.0833333
private,17.496,.1574,0,0,1,0,93.311996,93.311996,17.496,41.495998,.1049,.0451,.1574,.46709999,5.4166665
private,10.296,.0023000001,0,0,1,0,54.911999,54.911999,10.296,34.296001,.1049,.0451,.0023000001,.0046000001,2.9166665
private,15.096,.061299998,0,0,1,0,80.512001,80.512001,15.096,39.096001,.1049,.0078999996,.061299998,.3087,4.5833321
private,12.696,.0023000001,0,0,1,0,67.711998,67.711998,12.696,36.695999,.1049,.0451,.0023000001,.0046000001,3.75
charter,34.296001,.3087,0,0,0,1,54.911999,54.911999,10.296,34.296001,.1049,.0078999996,.061299998,.3087,2.9166665
private,27.096001,.0156,0,0,1,0,415.47198,415.47198,27.096001,62.096001,.53329998,.4522,.0156,.0057999999,8.750001
charter,45.534,.42160001,0,0,0,1,95.264,95.264,10.534,45.534,.53329998,.0068999999,.0361,.42160001,1.2499998
beach,37.896,.0678,1,0,0,0,37.896,37.896,170.532,199.532,.0678,.078900002,.0014,.0029,12.499998
charter,42.896,.42160001,0,0,0,1,121.072,121.072,7.8959999,42.896,.53329998,.0068999999,.0361,.42160001,2.0833333
charter,34.296001,.0046000001,0,0,0,1,54.911999,54.911999,10.296,34.296001,.1049,.0451,.0023000001,.0046000001,2.9166665
charter,52.495998,.42160001,0,0,0,1,268.272,268.272,17.496,52.495998,.53329998,.0068999999,.0361,.42160001,5.4166665
private,10.296,.0051000002,0,0,1,0,157.87199,157.87199,10.296,45.296001,.53329998,.4522,.0051000002,1.0266,2.9166665
private,10.296,.0156,0,0,1,0,157.87199,157.87199,10.296,45.296001,.53329998,.4522,.0156,.0057999999,2.9166665
private,15.096,.1574,0,0,1,0,80.512001,80.512001,15.096,39.096001,.1049,.0451,.1574,.46709999,4.5833321
beach,10.296,.0678,1,0,0,0,10.296,10.296,46.332001,75.332001,.0678,.078900002,.16429999,.53909999,2.9166665
charter,330.07199,.0052,0,0,0,1,106.112,106.112,305.07199,330.07199,.25369999,.1498,.053100001,.0052,6.2500014
charter,45.296001,.39750001,0,0,0,1,157.87199,157.87199,10.296,45.296001,.53329998,.4522,.1665,.39750001,2.9166665
private,106.112,.0143,0,0,1,0,89.531998,89.531998,106.112,135.612,.0678,.050299998,.0143,.028899999,6.2500014
private,10.296,.0023000001,0,0,1,0,54.911999,54.911999,10.296,34.296001,.1049,.0451,.0023000001,.0046000001,2.9166665
private,15.096,.0156,0,0,1,0,231.472,231.472,15.096,50.096001,.53329998,.4522,.0156,.0057999999,4.5833321
private,17.496,.0361,0,0,1,0,268.272,268.272,17.496,52.495998,.53329998,.0068999999,.0361,.42160001,5.4166665
charter,53.495998,.0046000001,0,0,0,1,157.312,157.312,29.496,53.495998,.1049,.0451,.0023000001,.0046000001,9.5833359
charter,42.896,.42160001,0,0,0,1,121.072,121.072,7.8959999,42.896,.53329998,.0068999999,.0361,.42160001,2.0833333
charter,50.096001,.42160001,0,0,0,1,231.472,231.472,15.096,50.096001,.53329998,.0068999999,.0361,.42160001,4.5833321
private,22.296,.0361,0,0,1,0,341.87201,341.87201,22.296,57.296001,.53329998,.0068999999,.0361,.42160001,7.0833316
private,15.096,.1574,0,0,1,0,80.512001,80.512001,15.096,39.096001,.1049,.0451,.1574,.46709999,4.5833321
charter,73.134003,1.0266,0,0,0,1,344.86401,344.86401,38.133999,73.134003,.53329998,.4522,.2413,1.0266,6.2500014
charter,59.334,.0057999999,0,0,0,1,220.064,220.064,24.334,59.334,.53329998,.4522,.0156,.0057999999,3.75
charter,57.534,.3087,0,0,0,1,122.472,122.472,33.534,57.534,.1049,.0078999996,.061299998,.3087,5.4166665
charter,43.734001,.0046000001,0,0,0,1,72.071999,72.071999,19.733999,43.734001,.1049,.0451,.0023000001,.0046000001,2.9166665
beach,5.934,.0678,1,0,0,0,5.934,5.934,7.7399998,36.740002,.0678,.078900002,.0014,.0029,.41666669
charter,50.133999,.0057999999,0,0,0,1,136.864,136.864,15.134,50.133999,.53329998,.4522,.0156,.0057999999,2.0833333
charter,50.133999,.0057999999,0,0,0,1,136.864,136.864,15.134,50.133999,.53329998,.4522,.0156,.0057999999,2.0833333
private,15.134,.2413,0,0,1,0,136.864,136.864,15.134,50.133999,.53329998,.4522,.2413,1.0266,2.0833333
charter,45.534,.42160001,0,0,0,1,95.264,95.264,10.534,45.534,.53329998,.0068999999,.0361,.42160001,1.2499998
private,61.133999,.061299998,0,0,1,0,223.272,223.272,61.133999,85.134003,.1049,.0078999996,.061299998,.3087,10.416666
private,42.734001,.0361,0,0,1,0,386.46399,386.46399,42.734001,77.734001,.53329998,.0068999999,.0361,.42160001,7.0833316
charter,68.533997,1.0266,0,0,0,1,303.26401,303.26401,33.534,68.533997,.53329998,.4522,.2413,1.0266,5.4166665
beach,24.334,.0678,1,0,0,0,24.334,24.334,31.74,60.740002,.0678,.078900002,.16429999,.53909999,3.75
charter,43.734001,.3087,0,0,0,1,72.071999,72.071999,19.733999,43.734001,.1049,.0078999996,.061299998,.3087,2.9166665
private,72.634003,.061299998,0,0,1,0,265.272,265.272,72.634003,96.634003,.1049,.0078999996,.061299998,.3087,12.499998
private,19.733999,.2413,0,0,1,0,178.464,178.464,19.733999,54.734001,.53329998,.4522,.2413,1.0266,2.9166665
charter,34.296001,.46709999,0,0,0,1,54.911999,54.911999,10.296,34.296001,.1049,.0451,.1574,.46709999,2.9166665
pier,22.296,.078900002,0,1,0,0,22.296,22.296,100.332,129.332,.0678,.078900002,.16429999,.53909999,7.0833316
private,37.896,.2413,0,0,1,0,581.07202,581.07202,37.896,72.896004,.53329998,.4522,.2413,1.0266,12.499998
private,12.696,.1574,0,0,1,0,67.711998,67.711998,12.696,36.695999,.1049,.0451,.1574,.46709999,3.75
private,17.496,.023800001,0,0,1,0,93.311996,93.311996,17.496,41.495998,.1049,.0451,.023800001,.046799999,5.4166665
beach,93.311996,.25369999,1,0,0,0,93.311996,93.311996,93.311996,111.812,.25369999,.1498,.0233,.0219,5.4166665
charter,59.334,.0057999999,0,0,0,1,220.064,220.064,24.334,59.334,.53329998,.4522,.0156,.0057999999,3.75
charter,54.734001,1.0266,0,0,0,1,178.464,178.464,19.733999,54.734001,.53329998,.4522,.2413,1.0266,2.9166665
private,72.634003,.1574,0,0,1,0,265.272,265.272,72.634003,96.634003,.1049,.0451,.1574,.46709999,12.499998
pier,56.534,.078900002,0,1,0,0,56.534,56.534,73.739998,102.74,.0678,.078900002,.16429999,.53909999,9.5833359
charter,57.534,.046799999,0,0,0,1,122.472,122.472,33.534,57.534,.1049,.0451,.023800001,.046799999,5.4166665
beach,15.134,.0678,1,0,0,0,15.134,15.134,19.74,48.740002,.0678,.078900002,.16429999,.53909999,2.0833333
private,28.934,.0361,0,0,1,0,261.664,261.664,28.934,63.933998,.53329998,.0068999999,.0361,.42160001,4.5833321
beach,42.734001,.0678,1,0,0,0,42.734001,42.734001,55.740002,84.739998,.0678,.078900002,.16429999,.53909999,7.0833316
private,51.933998,.0023000001,0,0,1,0,189.672,189.672,51.933998,75.933998,.1049,.0451,.0023000001,.0046000001,8.750001
private,38.133999,.2413,0,0,1,0,344.86401,344.86401,38.133999,73.134003,.53329998,.4522,.2413,1.0266,6.2500014
private,10.296,.0023000001,0,0,1,0,54.911999,54.911999,10.296,34.296001,.1049,.0451,.0023000001,.0046000001,2.9166665
private,10.296,.0361,0,0,1,0,157.87199,157.87199,10.296,45.296001,.53329998,.0068999999,.0361,.42160001,2.9166665
charter,62.096001,.42160001,0,0,0,1,415.47198,415.47198,27.096001,62.096001,.53329998,.0068999999,.0361,.42160001,8.750001
private,37.896,.0156,0,0,1,0,581.07202,581.07202,37.896,72.896004,.53329998,.4522,.0156,.0057999999,12.499998
charter,59.695999,.39750001,0,0,0,1,378.672,378.672,24.695999,59.695999,.53329998,.4522,.1665,.39750001,7.9166665
private,106.112,.0108,0,0,1,0,19.896,19.896,106.112,141.112,.0678,.0024999999,.0108,.2377,6.2500014
charter,36.695999,.046799999,0,0,0,1,67.711998,67.711998,12.696,36.695999,.1049,.0451,.023800001,.046799999,3.75
pier,17.496,.0024999999,0,1,0,0,17.496,17.496,78.732002,107.732,.0678,.0024999999,.049899999,.2421,5.4166665
private,29.496,.2413,0,0,1,0,452.272,452.272,29.496,64.496002,.53329998,.4522,.2413,1.0266,9.5833359
charter,41.495998,.3087,0,0,0,1,93.311996,93.311996,17.496,41.495998,.1049,.0078999996,.061299998,.3087,5.4166665
pier,12.696,.078900002,0,1,0,0,12.696,12.696,57.132,86.132004,.0678,.078900002,.16429999,.53909999,3.75
private,37.896,.0023000001,0,0,1,0,202.112,202.112,37.896,61.896,.1049,.0451,.0023000001,.0046000001,12.499998
charter,66.896004,1.0266,0,0,0,1,489.07199,489.07199,31.896,66.896004,.53329998,.4522,.2413,1.0266,10.416666
private,10.296,.061299998,0,0,1,0,54.911999,54.911999,10.296,34.296001,.1049,.0078999996,.061299998,.3087,2.9166665
pier,5.4959998,.0024999999,0,1,0,0,5.4959998,5.4959998,24.732,53.731998,.0678,.0024999999,.049899999,.2421,1.2499998
charter,89.912003,1.0905,0,0,0,1,10.296,10.296,54.911999,89.912003,.0678,.078900002,.089699998,1.0905,2.9166665
private,67.711998,.0102,0,0,1,0,12.696,12.696,67.711998,102.712,.0678,.078900002,.0102,.0209,3.75
charter,50.096001,.42160001,0,0,0,1,231.472,231.472,15.096,50.096001,.53329998,.0068999999,.0361,.42160001,4.5833321
beach,10.296,.0678,1,0,0,0,10.296,10.296,46.332001,75.332001,.0678,.078900002,.16429999,.53909999,2.9166665
private,7.8959999,.1574,0,0,1,0,42.112,42.112,7.8959999,31.896,.1049,.0451,.1574,.46709999,2.0833333
charter,50.096001,.39750001,0,0,0,1,231.472,231.472,15.096,50.096001,.53329998,.4522,.1665,.39750001,4.5833321
charter,42.896,.42160001,0,0,0,1,121.072,121.072,7.8959999,42.896,.53329998,.0068999999,.0361,.42160001,2.0833333
private,15.096,.0156,0,0,1,0,231.472,231.472,15.096,50.096001,.53329998,.4522,.0156,.0057999999,4.5833321
pier,10.296,.078900002,0,1,0,0,10.296,10.296,46.332001,75.332001,.0678,.078900002,.16429999,.53909999,2.9166665
beach,5.4959998,.0678,1,0,0,0,5.4959998,5.4959998,24.732,53.731998,.0678,.078900002,.16429999,.53909999,1.2499998
private,37.896,.023800001,0,0,1,0,202.112,202.112,37.896,61.896,.1049,.0451,.023800001,.046799999,12.499998
pier,78.732002,.050299998,0,1,0,0,78.732002,78.732002,78.732002,103.732,.0678,.050299998,.26010001,.53909999,5.4166665
private,17.496,.2413,0,0,1,0,268.272,268.272,17.496,52.495998,.53329998,.4522,.2413,1.0266,5.4166665
beach,9.8699999,.25369999,1,0,0,0,9.8699999,9.8699999,32.900002,51.400002,.25369999,.1498,.2339,.62879997,2.0833333
pier,36.869999,.1498,0,1,0,0,36.869999,36.869999,122.9,141.39999,.25369999,.1498,.2339,.62879997,9.5833359
charter,247.64,.42160001,0,0,0,1,276.43201,276.43201,212.64,247.64,.53329998,.0068999999,.0361,.42160001,10.416666
charter,39.369999,.1726,0,0,0,1,100.016,100.016,9.8699999,39.369999,.0678,.0052,.073200002,.1726,2.0833333
charter,183.64,1.0266,0,0,0,1,193.23199,193.23199,148.64,183.64,.53329998,.4522,.2413,1.0266,7.0833316
private,9.8699999,.0102,0,0,1,0,52.639999,52.639999,9.8699999,44.869999,.0678,.078900002,.0102,.0209,2.0833333
private,18.870001,.0143,0,0,1,0,191.216,191.216,18.870001,48.369999,.0678,.050299998,.0143,.028899999,4.5833321
beach,47.369999,.25369999,1,0,0,0,47.369999,47.369999,157.89999,176.39999,.25369999,.1498,.0233,.0219,12.499998
charter,47.869999,1.0905,0,0,0,1,68.639999,68.639999,12.87,47.869999,.0678,.078900002,.089699998,1.0905,2.9166665
private,47.369999,.0102,0,0,1,0,252.64,252.64,47.369999,82.370003,.0678,.078900002,.0102,.0209,12.499998
private,18.870001,.0143,0,0,1,0,191.216,191.216,18.870001,48.369999,.0678,.050299998,.0143,.028899999,4.5833321
private,12.87,.0108,0,0,1,0,68.639999,68.639999,12.87,47.869999,.0678,.0024999999,.0108,.2377,2.9166665
private,15.87,.0143,0,0,1,0,160.81599,160.81599,15.87,45.369999,.0678,.050299998,.0143,.028899999,3.75
private,27.870001,.0559,0,0,1,0,148.64,148.64,27.870001,62.869999,.0678,.078900002,.0559,.64560002,7.0833316
private,15.87,.0102,0,0,1,0,84.639999,84.639999,15.87,50.869999,.0678,.078900002,.0102,.0209,3.75
charter,68.870003,.0209,0,0,0,1,180.64,180.64,33.869999,68.870003,.0678,.078900002,.0102,.0209,8.750001
beach,9.8699999,.25369999,1,0,0,0,9.8699999,9.8699999,32.900002,51.400002,.25369999,.1498,.2339,.62879997,2.0833333
charter,53.869999,1.0905,0,0,0,1,100.64,100.64,18.870001,53.869999,.0678,.078900002,.089699998,1.0905,4.5833321
private,27.870001,.0102,0,0,1,0,148.64,148.64,27.870001,62.869999,.0678,.078900002,.0102,.0209,7.0833316
private,27.870001,.0102,0,0,1,0,148.64,148.64,27.870001,62.869999,.0678,.078900002,.0102,.0209,7.0833316
private,18.870001,.0143,0,0,1,0,191.216,191.216,18.870001,48.369999,.0678,.050299998,.0143,.028899999,4.5833321
charter,47.869999,.2377,0,0,0,1,68.639999,68.639999,12.87,47.869999,.0678,.0024999999,.0108,.2377,2.9166665
private,18.870001,.0102,0,0,1,0,100.64,100.64,18.870001,53.869999,.0678,.078900002,.0102,.0209,4.5833321
private,18.870001,.0143,0,0,1,0,191.216,191.216,18.870001,48.369999,.0678,.050299998,.0143,.028899999,4.5833321
charter,59.869999,1.0905,0,0,0,1,132.64,132.64,24.870001,59.869999,.0678,.078900002,.089699998,1.0905,6.2500014
charter,41.869999,.64560002,0,0,0,1,36.639999,36.639999,6.8699999,41.869999,.0678,.078900002,.0559,.64560002,1.2499998
charter,44.869999,.0209,0,0,0,1,52.639999,52.639999,9.8699999,44.869999,.0678,.078900002,.0102,.0209,2.0833333
beach,12.87,.25369999,1,0,0,0,12.87,12.87,42.900002,61.400002,.25369999,.1498,.2339,.62879997,2.9166665
pier,47.369999,.1498,0,1,0,0,47.369999,47.369999,157.89999,176.39999,.25369999,.1498,.2339,.62879997,12.499998
beach,27.870001,.25369999,1,0,0,0,27.870001,27.870001,92.900002,111.4,.25369999,.1498,.2339,.62879997,7.0833316
pier,18.870001,.1498,0,1,0,0,18.870001,18.870001,62.900002,81.400002,.25369999,.1498,.2339,.62879997,4.5833321
charter,45.369999,.1176,0,0,0,1,160.81599,160.81599,15.87,45.369999,.0678,.050299998,.0016,.1176,3.75
charter,65.870003,1.0905,0,0,0,1,164.64,164.64,30.870001,65.870003,.0678,.078900002,.089699998,1.0905,7.9166665
private,18.870001,.0143,0,0,1,0,191.216,191.216,18.870001,48.369999,.0678,.050299998,.0143,.028899999,4.5833321
private,15.87,.0102,0,0,1,0,84.639999,84.639999,15.87,50.869999,.0678,.078900002,.0102,.0209,3.75
charter,197.43201,2.3013999,0,0,0,1,24.870001,24.870001,172.43201,197.43201,.25369999,.1498,.68169999,2.3013999,6.2500014
beach,12.87,.25369999,1,0,0,0,12.87,12.87,42.900002,61.400002,.25369999,.1498,.0082,.0044,2.9166665
private,21.870001,.089699998,0,0,1,0,116.64,116.64,21.870001,56.869999,.0678,.078900002,.089699998,1.0905,5.4166665
pier,33.869999,.1498,0,1,0,0,33.869999,33.869999,112.9,131.39999,.25369999,.1498,.2339,.62879997,8.750001
private,24.870001,.0016,0,0,1,0,252.01601,252.01601,24.870001,54.369999,.0678,.050299998,.0016,.1176,6.2500014
private,24.870001,.0143,0,0,1,0,252.01601,252.01601,24.870001,54.369999,.0678,.050299998,.0143,.028899999,6.2500014
pier,24.870001,.1498,0,1,0,0,24.870001,24.870001,82.900002,101.4,.25369999,.1498,.2339,.62879997,6.2500014
private,18.870001,.0559,0,0,1,0,100.64,100.64,18.870001,53.869999,.0678,.078900002,.0559,.64560002,4.5833321
charter,53.869999,.64560002,0,0,0,1,100.64,100.64,18.870001,53.869999,.0678,.078900002,.0559,.64560002,4.5833321
private,18.870001,.0559,0,0,1,0,100.64,100.64,18.870001,53.869999,.0678,.078900002,.0559,.64560002,4.5833321
pier,6.8699999,.1498,0,1,0,0,6.8699999,6.8699999,22.9,41.400002,.25369999,.1498,.0233,.0219,1.2499998
pier,15.87,.1498,0,1,0,0,15.87,15.87,68.769997,87.269997,.25369999,.1498,.0233,.0219,3.75
private,18.870001,.0143,0,0,1,0,221.408,221.408,18.870001,48.369999,.0678,.050299998,.0143,.028899999,4.5833321
beach,27.870001,.25369999,1,0,0,0,27.870001,27.870001,120.77,139.27,.25369999,.1498,.0233,.0219,7.0833316
beach,9.8699999,.25369999,1,0,0,0,9.8699999,9.8699999,42.77,61.27,.25369999,.1498,.0233,.0219,2.0833333
pier,9.8699999,.1498,0,1,0,0,9.8699999,9.8699999,42.77,61.27,.25369999,.1498,.2339,.62879997,2.0833333
pier,15.87,.1498,0,1,0,0,15.87,15.87,68.769997,87.269997,.25369999,.1498,.0233,.0219,3.75
beach,18.870001,.25369999,1,0,0,0,18.870001,18.870001,81.769997,100.27,.25369999,.1498,.2339,.62879997,4.5833321
charter,56.869999,.0209,0,0,0,1,116.64,116.64,21.870001,56.869999,.0678,.078900002,.0102,.0209,5.4166665
beach,21.870001,.25369999,1,0,0,0,21.870001,21.870001,72.900002,91.400002,.25369999,.1498,.2339,.62879997,5.4166665
pier,12.87,.1498,0,1,0,0,12.87,12.87,42.900002,61.400002,.25369999,.1498,.2339,.62879997,2.9166665
pier,12.87,.1498,0,1,0,0,12.87,12.87,42.900002,61.400002,.25369999,.1498,.0233,.0219,2.9166665
charter,56.869999,1.0905,0,0,0,1,116.64,116.64,21.870001,56.869999,.0678,.078900002,.089699998,1.0905,5.4166665
charter,50.869999,.2377,0,0,0,1,84.639999,84.639999,15.87,50.869999,.0678,.0024999999,.0108,.2377,3.75
charter,59.869999,1.0905,0,0,0,1,132.64,132.64,24.870001,59.869999,.0678,.078900002,.089699998,1.0905,6.2500014
charter,44.869999,.64560002,0,0,0,1,52.639999,52.639999,9.8699999,44.869999,.0678,.078900002,.0559,.64560002,2.0833333
private,32.900002,.2339,0,0,1,0,9.8699999,9.8699999,32.900002,51.400002,.25369999,.1498,.2339,.62879997,2.0833333
charter,62.869999,.0209,0,0,0,1,148.64,148.64,27.870001,62.869999,.0678,.078900002,.0102,.0209,7.0833316
private,33.869999,.0559,0,0,1,0,180.64,180.64,33.869999,68.870003,.0678,.078900002,.0559,.64560002,8.750001
charter,42.369999,.1176,0,0,0,1,130.416,130.416,12.87,42.369999,.0678,.050299998,.0016,.1176,2.9166665
private,21.870001,.0143,0,0,1,0,221.616,221.616,21.870001,51.369999,.0678,.050299998,.0143,.028899999,5.4166665
pier,36.869999,.1498,0,1,0,0,36.869999,36.869999,122.9,141.39999,.25369999,.1498,.2339,.62879997,9.5833359
private,18.870001,.073200002,0,0,1,0,191.216,191.216,18.870001,48.369999,.0678,.0052,.073200002,.1726,4.5833321
charter,47.869999,.0209,0,0,0,1,68.639999,68.639999,12.87,47.869999,.0678,.078900002,.0102,.0209,2.9166665
pier,30.870001,.1498,0,1,0,0,30.870001,30.870001,102.9,121.4,.25369999,.1498,.2339,.62879997,7.9166665
private,27.870001,.0143,0,0,1,0,282.41599,282.41599,27.870001,57.369999,.0678,.050299998,.0143,.028899999,7.0833316
private,21.870001,.0559,0,0,1,0,116.64,116.64,21.870001,56.869999,.0678,.078900002,.0559,.64560002,5.4166665
private,15.87,.089699998,0,0,1,0,84.639999,84.639999,15.87,50.869999,.0678,.078900002,.089699998,1.0905,3.75
charter,56.869999,1.0905,0,0,0,1,116.64,116.64,21.870001,56.869999,.0678,.078900002,.089699998,1.0905,5.4166665
private,27.870001,.0559,0,0,1,0,148.64,148.64,27.870001,62.869999,.0678,.078900002,.0559,.64560002,7.0833316
pier,18.870001,.1498,0,1,0,0,18.870001,18.870001,62.900002,81.400002,.25369999,.1498,.0233,.0219,4.5833321
charter,50.869999,1.0905,0,0,0,1,84.639999,84.639999,15.87,50.869999,.0678,.078900002,.089699998,1.0905,3.75
private,18.870001,.0108,0,0,1,0,100.64,100.64,18.870001,53.869999,.0678,.0024999999,.0108,.2377,4.5833321
private,15.87,.089699998,0,0,1,0,84.639999,84.639999,15.87,50.869999,.0678,.078900002,.089699998,1.0905,3.75
charter,72.632004,2.3013999,0,0,0,1,6.8699999,6.8699999,47.632,72.632004,.25369999,.1498,.68169999,2.3013999,1.2499998
charter,50.869999,1.0905,0,0,0,1,84.639999,84.639999,15.87,50.869999,.0678,.078900002,.089699998,1.0905,3.75
charter,47.869999,.0209,0,0,0,1,68.639999,68.639999,12.87,47.869999,.0678,.078900002,.0102,.0209,2.9166665
charter,50.869999,.0209,0,0,0,1,84.639999,84.639999,15.87,50.869999,.0678,.078900002,.0102,.0209,3.75
beach,18.870001,.25369999,1,0,0,0,18.870001,18.870001,62.900002,81.400002,.25369999,.1498,.2339,.62879997,4.5833321
charter,45.369999,.1726,0,0,0,1,160.81599,160.81599,15.87,45.369999,.0678,.0052,.073200002,.1726,3.75
pier,15.87,.1498,0,1,0,0,15.87,15.87,52.900002,71.400002,.25369999,.1498,.0233,.0219,3.75
private,9.8699999,.0143,0,0,1,0,100.016,100.016,9.8699999,39.369999,.0678,.050299998,.0143,.028899999,2.0833333
pier,9.8699999,.1498,0,1,0,0,9.8699999,9.8699999,32.900002,51.400002,.25369999,.1498,.0233,.0219,2.0833333
pier,9.8699999,.1498,0,1,0,0,9.8699999,9.8699999,32.900002,51.400002,.25369999,.1498,.2339,.62879997,2.0833333
private,15.87,.089699998,0,0,1,0,84.639999,84.639999,15.87,50.869999,.0678,.078900002,.089699998,1.0905,3.75
pier,12.87,.1498,0,1,0,0,12.87,12.87,42.900002,61.400002,.25369999,.1498,.2339,.62879997,2.9166665
charter,44.869999,.64560002,0,0,0,1,52.639999,52.639999,9.8699999,44.869999,.0678,.078900002,.0559,.64560002,2.0833333
pier,12.87,.1498,0,1,0,0,12.87,12.87,42.900002,61.400002,.25369999,.1498,.0233,.0219,2.9166665
private,33.869999,.0102,0,0,1,0,180.64,180.64,33.869999,68.870003,.0678,.078900002,.0102,.0209,8.750001
charter,41.869999,.64560002,0,0,0,1,36.639999,36.639999,6.8699999,41.869999,.0678,.078900002,.0559,.64560002,1.2499998
private,9.8699999,.089699998,0,0,1,0,52.639999,52.639999,9.8699999,44.869999,.0678,.078900002,.089699998,1.0905,2.0833333
private,15.87,.0102,0,0,1,0,84.639999,84.639999,15.87,50.869999,.0678,.078900002,.0102,.0209,3.75
beach,9.8699999,.25369999,1,0,0,0,9.8699999,9.8699999,32.900002,51.400002,.25369999,.1498,.2339,.62879997,2.0833333
private,27.870001,.0102,0,0,1,0,148.64,148.64,27.870001,62.869999,.0678,.078900002,.0102,.0209,7.0833316
charter,44.869999,.0209,0,0,0,1,52.639999,52.639999,9.8699999,44.869999,.0678,.078900002,.0102,.0209,2.0833333
beach,15.87,.25369999,1,0,0,0,15.87,15.87,52.900002,71.400002,.25369999,.1498,.2339,.62879997,3.75
private,42.869999,.0102,0,0,1,0,228.64,228.64,42.869999,77.870003,.0678,.078900002,.0102,.0209,11.250001
charter,47.869999,.64560002,0,0,0,1,68.639999,68.639999,12.87,47.869999,.0678,.078900002,.0559,.64560002,2.9166665
charter,44.869999,.64560002,0,0,0,1,52.639999,52.639999,9.8699999,44.869999,.0678,.078900002,.0559,.64560002,2.0833333
private,15.87,.0143,0,0,1,0,160.81599,160.81599,15.87,45.369999,.0678,.050299998,.0143,.028899999,3.75
private,21.870001,.0102,0,0,1,0,116.64,116.64,21.870001,56.869999,.0678,.078900002,.0102,.0209,5.4166665
charter,50.869999,1.0905,0,0,0,1,84.639999,84.639999,15.87,50.869999,.0678,.078900002,.089699998,1.0905,3.75
pier,12.87,.1498,0,1,0,0,12.87,12.87,42.900002,61.400002,.25369999,.1498,.0233,.0219,2.9166665
private,21.870001,.1082,0,0,1,0,221.616,221.616,21.870001,51.369999,.0678,.050299998,.1082,.324,5.4166665
charter,47.869999,.2377,0,0,0,1,68.639999,68.639999,12.87,47.869999,.0678,.0024999999,.0108,.2377,2.9166665
beach,9.8699999,.25369999,1,0,0,0,9.8699999,9.8699999,32.900002,51.400002,.25369999,.1498,.2339,.62879997,2.0833333
pier,12.87,.1498,0,1,0,0,12.87,12.87,42.900002,61.400002,.25369999,.1498,.0233,.0219,2.9166665
pier,3.8699999,.1498,0,1,0,0,3.8699999,3.8699999,12.9,31.4,.25369999,.1498,.2339,.62879997,.41666669
charter,56.869999,.0209,0,0,0,1,116.64,116.64,21.870001,56.869999,.0678,.078900002,.0102,.0209,5.4166665
charter,50.869999,.64560002,0,0,0,1,84.639999,84.639999,15.87,50.869999,.0678,.078900002,.0559,.64560002,3.75
beach,9.8699999,.25369999,1,0,0,0,9.8699999,9.8699999,32.900002,51.400002,.25369999,.1498,.0233,.0219,2.0833333
pier,9.8699999,.1498,0,1,0,0,9.8699999,9.8699999,32.900002,51.400002,.25369999,.1498,.0233,.0219,2.0833333
charter,70.987999,.62879997,0,0,0,1,43.740002,43.740002,52.487999,70.987999,.25369999,.1498,.2339,.62879997,5.4166665
charter,84.739998,.64560002,0,0,0,1,107.77,107.77,49.740002,84.739998,.0678,.078900002,.0559,.64560002,6.2500014
private,42.77,.0361,0,0,1,0,78.302002,78.302002,42.77,77.769997,.53329998,.0068999999,.0361,.42160001,2.0833333
charter,90.739998,1.0905,0,0,0,1,120.77,120.77,55.740002,90.739998,.0678,.078900002,.089699998,1.0905,7.0833316
charter,78.739998,.2377,0,0,0,1,94.769997,94.769997,43.740002,78.739998,.0678,.0024999999,.0108,.2377,5.4166665
charter,72.739998,.64560002,0,0,0,1,81.769997,81.769997,37.740002,72.739998,.0678,.078900002,.0559,.64560002,4.5833321
charter,61.240002,.324,0,0,0,1,134.366,134.366,31.74,61.240002,.0678,.050299998,.1082,.324,3.75
charter,60.740002,.0209,0,0,0,1,55.77,55.77,25.74,60.740002,.0678,.078900002,.0102,.0209,2.9166665
private,43.740002,.089699998,0,0,1,0,94.769997,94.769997,43.740002,78.739998,.0678,.078900002,.089699998,1.0905,5.4166665
pier,43.740002,.1498,0,1,0,0,43.740002,43.740002,52.487999,70.987999,.25369999,.1498,.2339,.62879997,5.4166665
private,43.740002,.0559,0,0,1,0,94.769997,94.769997,43.740002,78.739998,.0678,.078900002,.0559,.64560002,5.4166665
charter,72.739998,.0209,0,0,0,1,81.769997,81.769997,37.740002,72.739998,.0678,.078900002,.0102,.0209,4.5833321
charter,84.739998,.64560002,0,0,0,1,107.77,107.77,49.740002,84.739998,.0678,.078900002,.0559,.64560002,6.2500014
charter,55.240002,.028899999,0,0,0,1,108.966,108.966,25.74,55.240002,.0678,.050299998,.0143,.028899999,2.9166665
pier,25.74,.1498,0,1,0,0,25.74,25.74,30.888,49.388,.25369999,.1498,.0082,.0044,2.9166665
private,25.74,.073200002,0,0,1,0,108.966,108.966,25.74,55.240002,.0678,.0052,.073200002,.1726,2.9166665
charter,78.739998,.0209,0,0,0,1,94.769997,94.769997,43.740002,78.739998,.0678,.078900002,.0102,.0209,5.4166665
beach,125.902,.53329998,1,0,0,0,125.902,125.902,68.769997,103.77,.53329998,.4522,.2413,1.0266,3.75
charter,66.739998,1.0905,0,0,0,1,68.769997,68.769997,31.74,66.739998,.0678,.078900002,.089699998,1.0905,3.75
private,37.740002,.0143,0,0,1,0,159.76601,159.76601,37.740002,67.239998,.0678,.050299998,.0143,.028899999,4.5833321
charter,72.739998,.2377,0,0,0,1,81.769997,81.769997,37.740002,72.739998,.0678,.0024999999,.0108,.2377,4.5833321
private,31.74,.0108,0,0,1,0,68.769997,68.769997,31.74,66.739998,.0678,.0024999999,.0108,.2377,3.75
charter,84.739998,.64560002,0,0,0,1,107.77,107.77,49.740002,84.739998,.0678,.078900002,.0559,.64560002,6.2500014
private,43.740002,.0108,0,0,1,0,94.769997,94.769997,43.740002,78.739998,.0678,.0024999999,.0108,.2377,5.4166665
private,13.74,.0559,0,0,1,0,29.77,29.77,13.74,48.740002,.0678,.078900002,.0559,.64560002,1.2499998
private,25.74,.0143,0,0,1,0,108.966,108.966,25.74,55.240002,.0678,.050299998,.0143,.028899999,2.9166665
private,6.8699999,.0102,0,0,1,0,42.594002,42.594002,6.8699999,41.869999,.0678,.078900002,.0102,.0209,1.2499998
charter,47.869999,.64560002,0,0,0,1,79.793999,79.793999,12.87,47.869999,.0678,.078900002,.0559,.64560002,2.9166665
private,9.8699999,.0143,0,0,1,0,115.808,115.808,9.8699999,39.369999,.0678,.050299998,.0143,.028899999,2.0833333
private,24.870001,.089699998,0,0,1,0,154.194,154.194,24.870001,59.869999,.0678,.078900002,.089699998,1.0905,6.2500014
charter,41.869999,.64560002,0,0,0,1,42.594002,42.594002,6.8699999,41.869999,.0678,.078900002,.0559,.64560002,1.2499998
beach,24.870001,.25369999,1,0,0,0,24.870001,24.870001,107.77,126.27,.25369999,.1498,.0082,.0044,6.2500014
charter,45.369999,.1726,0,0,0,1,186.20799,186.20799,15.87,45.369999,.0678,.0052,.073200002,.1726,3.75
charter,44.869999,.64560002,0,0,0,1,61.194,61.194,9.8699999,44.869999,.0678,.078900002,.0559,.64560002,2.0833333
pier,12.87,.1498,0,1,0,0,12.87,12.87,55.77,74.269997,.25369999,.1498,.2339,.62879997,2.9166665
charter,47.869999,.64560002,0,0,0,1,79.793999,79.793999,12.87,47.869999,.0678,.078900002,.0559,.64560002,2.9166665
beach,27.870001,.25369999,1,0,0,0,27.870001,27.870001,120.77,139.27,.25369999,.1498,.2339,.62879997,7.0833316
charter,47.869999,1.0905,0,0,0,1,79.793999,79.793999,12.87,47.869999,.0678,.078900002,.089699998,1.0905,2.9166665
private,47.369999,.0143,0,0,1,0,555.80798,555.80798,47.369999,76.870003,.0678,.050299998,.0143,.028899999,12.499998
private,6.8699999,.0143,0,0,1,0,80.608002,80.608002,6.8699999,36.369999,.0678,.050299998,.0143,.028899999,1.2499998
private,39.869999,.0143,0,0,1,0,467.80801,467.80801,39.869999,69.370003,.0678,.050299998,.0143,.028899999,10.416666
beach,36.869999,.25369999,1,0,0,0,36.869999,36.869999,159.77,178.27,.25369999,.1498,.2339,.62879997,9.5833359
beach,12.87,.25369999,1,0,0,0,12.87,12.87,55.77,74.269997,.25369999,.1498,.0082,.0044,2.9166665
beach,6.8699999,.25369999,1,0,0,0,6.8699999,6.8699999,29.77,48.27,.25369999,.1498,.0233,.0219,1.2499998
charter,39.369999,.324,0,0,0,1,115.808,115.808,9.8699999,39.369999,.0678,.050299998,.1082,.324,2.0833333
beach,12.87,.25369999,1,0,0,0,12.87,12.87,55.77,74.269997,.25369999,.1498,.2339,.62879997,2.9166665
private,24.870001,.0102,0,0,1,0,154.194,154.194,24.870001,59.869999,.0678,.078900002,.0102,.0209,6.2500014
private,18.870001,.0102,0,0,1,0,116.994,116.994,18.870001,53.869999,.0678,.078900002,.0102,.0209,4.5833321
beach,12.87,.25369999,1,0,0,0,12.87,12.87,55.77,74.269997,.25369999,.1498,.2339,.62879997,2.9166665
pier,3.8699999,.1498,0,1,0,0,3.8699999,3.8699999,16.77,35.27,.25369999,.1498,.0233,.0219,.41666669
charter,59.869999,.64560002,0,0,0,1,154.194,154.194,24.870001,59.869999,.0678,.078900002,.0559,.64560002,6.2500014
beach,30.870001,.25369999,1,0,0,0,30.870001,30.870001,133.77,152.27,.25369999,.1498,.0233,.0219,7.9166665
pier,3.8699999,.0014,0,1,0,0,3.8699999,3.8699999,16.77,35.27,.25369999,.0014,.062600002,.2773,.41666669
charter,56.869999,.0209,0,0,0,1,135.59399,135.59399,21.870001,56.869999,.0678,.078900002,.0102,.0209,5.4166665
charter,53.869999,.0209,0,0,0,1,116.994,116.994,18.870001,53.869999,.0678,.078900002,.0102,.0209,4.5833321
charter,53.869999,1.0905,0,0,0,1,116.994,116.994,18.870001,53.869999,.0678,.078900002,.089699998,1.0905,4.5833321
private,47.369999,.073200002,0,0,1,0,555.80798,555.80798,47.369999,76.870003,.0678,.0052,.073200002,.1726,12.499998
charter,53.869999,.0209,0,0,0,1,116.994,116.994,18.870001,53.869999,.0678,.078900002,.0102,.0209,4.5833321
private,33.869999,.0102,0,0,1,0,209.994,209.994,33.869999,68.870003,.0678,.078900002,.0102,.0209,8.750001
private,15.87,.0559,0,0,1,0,98.393997,98.393997,15.87,50.869999,.0678,.078900002,.0559,.64560002,3.75
private,9.8699999,.0143,0,0,1,0,115.808,115.808,9.8699999,39.369999,.0678,.050299998,.0143,.028899999,2.0833333
charter,36.369999,.324,0,0,0,1,80.608002,80.608002,6.8699999,36.369999,.0678,.050299998,.1082,.324,1.2499998
charter,47.869999,.0209,0,0,0,1,79.793999,79.793999,12.87,47.869999,.0678,.078900002,.0102,.0209,2.9166665
beach,24.870001,.25369999,1,0,0,0,24.870001,24.870001,107.77,126.27,.25369999,.1498,.0233,.0219,6.2500014
private,12.87,.1082,0,0,1,0,151.008,151.008,12.87,42.369999,.0678,.050299998,.1082,.324,2.9166665
private,21.870001,.0143,0,0,1,0,256.608,256.608,21.870001,51.369999,.0678,.050299998,.0143,.028899999,5.4166665
private,15.87,.0559,0,0,1,0,98.393997,98.393997,15.87,50.869999,.0678,.078900002,.0559,.64560002,3.75
pier,12.87,.1498,0,1,0,0,12.87,12.87,55.77,74.269997,.25369999,.1498,.2339,.62879997,2.9166665
beach,21.870001,.25369999,1,0,0,0,21.870001,21.870001,94.769997,113.27,.25369999,.1498,.0233,.0219,5.4166665
private,9.8699999,.1082,0,0,1,0,115.808,115.808,9.8699999,39.369999,.0678,.050299998,.1082,.324,2.0833333
charter,56.869999,.0209,0,0,0,1,135.59399,135.59399,21.870001,56.869999,.0678,.078900002,.0102,.0209,5.4166665
charter,56.869999,.64560002,0,0,0,1,135.59399,135.59399,21.870001,56.869999,.0678,.078900002,.0559,.64560002,5.4166665
pier,24.870001,.1498,0,1,0,0,24.870001,24.870001,107.77,126.27,.25369999,.1498,.2339,.62879997,6.2500014
charter,47.869999,1.0905,0,0,0,1,79.793999,79.793999,12.87,47.869999,.0678,.078900002,.089699998,1.0905,2.9166665
private,3.8699999,.0559,0,0,1,0,23.993999,23.993999,3.8699999,38.869999,.0678,.078900002,.0559,.64560002,.41666669
charter,50.869999,.0209,0,0,0,1,98.393997,98.393997,15.87,50.869999,.0678,.078900002,.0102,.0209,3.75
private,18.870001,.0143,0,0,1,0,221.408,221.408,18.870001,48.369999,.0678,.050299998,.0143,.028899999,4.5833321
charter,78.195999,2.3013999,0,0,0,1,12.87,12.87,53.195999,78.195999,.25369999,.1498,.68169999,2.3013999,2.9166665
private,6.8699999,.073200002,0,0,1,0,80.608002,80.608002,6.8699999,36.369999,.0678,.0052,.073200002,.1726,1.2499998
private,21.870001,.0143,0,0,1,0,256.608,256.608,21.870001,51.369999,.0678,.050299998,.0143,.028899999,5.4166665
private,6.8699999,.0143,0,0,1,0,80.608002,80.608002,6.8699999,36.369999,.0678,.050299998,.0143,.028899999,1.2499998
pier,12.87,.1498,0,1,0,0,12.87,12.87,55.77,74.269997,.25369999,.1498,.2339,.62879997,2.9166665
charter,140.808,.53909999,0,0,0,1,115.808,115.808,115.808,140.808,.0678,.050299998,.26010001,.53909999,2.0833333
beach,15.87,.25369999,1,0,0,0,15.87,15.87,68.769997,87.269997,.25369999,.1498,.2339,.62879997,3.75
private,33.869999,.0143,0,0,1,0,397.40799,397.40799,33.869999,63.369999,.0678,.050299998,.0143,.028899999,8.750001
private,12.87,.0102,0,0,1,0,79.793999,79.793999,12.87,47.869999,.0678,.078900002,.0102,.0209,2.9166665
charter,41.869999,.64560002,0,0,0,1,42.594002,42.594002,6.8699999,41.869999,.0678,.078900002,.0559,.64560002,1.2499998
private,21.870001,.1082,0,0,1,0,256.608,256.608,21.870001,51.369999,.0678,.050299998,.1082,.324,5.4166665
pier,3.8699999,.1498,0,1,0,0,3.8699999,3.8699999,16.77,35.27,.25369999,.1498,.0233,.0219,.41666669
pier,21.870001,.1498,0,1,0,0,21.870001,21.870001,94.769997,113.27,.25369999,.1498,.0233,.0219,5.4166665
private,12.87,.0559,0,0,1,0,79.793999,79.793999,12.87,47.869999,.0678,.078900002,.0559,.64560002,2.9166665
private,27.870001,.0143,0,0,1,0,327.008,327.008,27.870001,57.369999,.0678,.050299998,.0143,.028899999,7.0833316
private,3.8699999,.0022,0,0,1,0,45.408001,45.408001,3.8699999,33.369999,.0678,.050299998,.0022,.324,.41666669
private,121.836,.68169999,0,0,1,0,175.89,175.89,121.836,146.836,.25369999,.1498,.68169999,2.3013999,2.9166665
beach,31.143999,.53329998,1,0,0,0,31.143999,31.143999,70.531998,105.532,.53329998,.4522,.0156,.0057999999,1.2499998
private,31.143999,.68169999,0,0,1,0,35.723999,35.723999,31.143999,56.144001,.25369999,.1498,.68169999,2.3013999,1.2499998
beach,121.836,.53329998,1,0,0,0,121.836,121.836,203.34599,238.34599,.53329998,.4522,.0156,.0057999999,2.9166665
charter,146.836,2.3013999,0,0,0,1,175.89,175.89,121.836,146.836,.25369999,.1498,.68169999,2.3013999,2.9166665
pier,93.435997,.4522,0,1,0,0,93.435997,93.435997,155.946,190.946,.53329998,.4522,.2413,1.0266,2.0833333
private,245.256,.68169999,0,0,1,0,224.81799,224.81799,245.256,270.25601,.25369999,.1498,.68169999,2.3013999,7.0833316
charter,164.65601,2.3013999,0,0,0,1,128.01801,128.01801,139.65601,164.65601,.25369999,.1498,.68169999,2.3013999,3.75
charter,34.869999,.0052,0,0,0,1,57.245998,57.245998,9.8699999,34.869999,.25369999,.1498,.053100001,.0052,2.0833333
private,3.8699999,.73689997,0,0,1,0,22.445999,22.445999,3.8699999,28.870001,.25369999,.1498,.73689997,2.3101001,.41666669
charter,37.869999,2.3013999,0,0,0,1,74.646004,74.646004,12.87,37.869999,.25369999,.1498,.68169999,2.3013999,2.9166665
private,24.870001,.053100001,0,0,1,0,144.246,144.246,24.870001,49.869999,.25369999,.1498,.053100001,.0052,6.2500014
beach,9.8699999,.53329998,1,0,0,0,9.8699999,9.8699999,121.73,156.73,.53329998,.4522,.2413,1.0266,2.0833333
charter,28.870001,2.3013999,0,0,0,1,22.445999,22.445999,3.8699999,28.870001,.25369999,.1498,.68169999,2.3013999,.41666669
private,12.87,.73689997,0,0,1,0,74.646004,74.646004,12.87,37.869999,.25369999,.1498,.73689997,2.3101001,2.9166665
beach,9.8699999,.53329998,1,0,0,0,9.8699999,9.8699999,121.73,156.73,.53329998,.4522,.2413,1.0266,2.0833333
pier,18.870001,.4522,0,1,0,0,18.870001,18.870001,232.73,267.73001,.53329998,.4522,.2413,1.0266,4.5833321
private,27.870001,.053100001,0,0,1,0,161.646,161.646,27.870001,52.869999,.25369999,.1498,.053100001,.0052,7.0833316
charter,34.869999,2.3013999,0,0,0,1,57.245998,57.245998,9.8699999,34.869999,.25369999,.1498,.68169999,2.3013999,2.0833333
charter,43.869999,.0052,0,0,0,1,109.446,109.446,18.870001,43.869999,.25369999,.1498,.053100001,.0052,4.5833321
private,12.87,.053100001,0,0,1,0,74.646004,74.646004,12.87,37.869999,.25369999,.1498,.053100001,.0052,2.9166665
private,3.8699999,.68169999,0,0,1,0,22.445999,22.445999,3.8699999,28.870001,.25369999,.1498,.68169999,2.3013999,.41666669
pier,3.8699999,.4522,0,1,0,0,3.8699999,3.8699999,47.73,82.730003,.53329998,.4522,.2413,1.0266,.41666669
beach,3.8699999,.53329998,1,0,0,0,3.8699999,3.8699999,47.73,82.730003,.53329998,.4522,.2413,1.0266,.41666669
private,9.8699999,.68169999,0,0,1,0,57.245998,57.245998,9.8699999,34.869999,.25369999,.1498,.68169999,2.3013999,2.0833333
private,27.870001,.68169999,0,0,1,0,161.646,161.646,27.870001,52.869999,.25369999,.1498,.68169999,2.3013999,7.0833316
beach,15.87,.53329998,1,0,0,0,15.87,15.87,195.73,230.73,.53329998,.4522,.0156,.0057999999,3.75
pier,12.87,.4522,0,1,0,0,12.87,12.87,158.73,193.73,.53329998,.4522,.2413,1.0266,2.9166665
pier,9.8699999,.4522,0,1,0,0,9.8699999,9.8699999,121.73,156.73,.53329998,.4522,.2413,1.0266,2.0833333
private,12.87,.053100001,0,0,1,0,74.646004,74.646004,12.87,37.869999,.25369999,.1498,.053100001,.0052,2.9166665
private,12.87,.73689997,0,0,1,0,74.646004,74.646004,12.87,37.869999,.25369999,.1498,.73689997,2.3101001,2.9166665
private,9.8699999,.053100001,0,0,1,0,57.245998,57.245998,9.8699999,34.869999,.25369999,.1498,.053100001,.0052,2.0833333
private,57.245998,.0143,0,0,1,0,176.34399,176.34399,57.245998,86.746002,.0678,.050299998,.0143,.028899999,2.0833333
private,12.87,.68169999,0,0,1,0,74.646004,74.646004,12.87,37.869999,.25369999,.1498,.68169999,2.3013999,2.9166665
pier,9.8699999,.4522,0,1,0,0,9.8699999,9.8699999,121.73,156.73,.53329998,.4522,.2413,1.0266,2.0833333
charter,37.869999,2.3013999,0,0,0,1,74.646004,74.646004,12.87,37.869999,.25369999,.1498,.68169999,2.3013999,2.9166665
pier,6.8699999,.4522,0,1,0,0,6.8699999,6.8699999,84.730003,119.73,.53329998,.4522,.2413,1.0266,1.2499998
private,6.8699999,.053100001,0,0,1,0,39.846001,39.846001,6.8699999,31.870001,.25369999,.1498,.053100001,.0052,1.2499998
charter,40.869999,2.3013999,0,0,0,1,92.045998,92.045998,15.87,40.869999,.25369999,.1498,.68169999,2.3013999,3.75
private,92.045998,.0143,0,0,1,0,283.54401,283.54401,92.045998,121.546,.0678,.050299998,.0143,.028899999,3.75
private,12.87,.68169999,0,0,1,0,74.646004,74.646004,12.87,37.869999,.25369999,.1498,.68169999,2.3013999,2.9166665
private,12.87,.053100001,0,0,1,0,74.646004,74.646004,12.87,37.869999,.25369999,.1498,.053100001,.0052,2.9166665
charter,34.869999,2.3013999,0,0,0,1,57.245998,57.245998,9.8699999,34.869999,.25369999,.1498,.68169999,2.3013999,2.0833333
charter,127.046,.64560002,0,0,0,1,195.73,195.73,92.045998,127.046,.0678,.078900002,.0559,.64560002,3.75
pier,9.8699999,.4522,0,1,0,0,9.8699999,9.8699999,121.73,156.73,.53329998,.4522,.2413,1.0266,2.0833333
private,24.870001,.68169999,0,0,1,0,144.246,144.246,24.870001,49.869999,.25369999,.1498,.68169999,2.3013999,6.2500014
private,24.870001,.68169999,0,0,1,0,144.246,144.246,24.870001,49.869999,.25369999,.1498,.68169999,2.3013999,6.2500014
private,18.870001,.053100001,0,0,1,0,109.446,109.446,18.870001,43.869999,.25369999,.1498,.053100001,.0052,4.5833321
private,6.8699999,.053100001,0,0,1,0,39.846001,39.846001,6.8699999,31.870001,.25369999,.1498,.053100001,.0052,1.2499998
private,9.8699999,.053100001,0,0,1,0,57.245998,57.245998,9.8699999,34.869999,.25369999,.1498,.053100001,.0052,2.0833333
beach,27.870001,.53329998,1,0,0,0,27.870001,27.870001,343.73001,378.73001,.53329998,.4522,.2413,1.0266,7.0833316
charter,40.869999,2.3013999,0,0,0,1,92.045998,92.045998,15.87,40.869999,.25369999,.1498,.68169999,2.3013999,3.75
private,15.87,.68169999,0,0,1,0,92.045998,92.045998,15.87,40.869999,.25369999,.1498,.68169999,2.3013999,3.75
private,213.86,.0361,0,0,1,0,15.096,15.096,213.86,248.86,.53329998,.0068999999,.0361,.42160001,4.5833321
pier,7.8959999,.4522,0,1,0,0,7.8959999,7.8959999,111.86,146.86,.53329998,.4522,.0156,.0057999999,2.0833333
beach,12.696,.53329998,1,0,0,0,12.696,12.696,179.86,214.86,.53329998,.4522,.0051000002,1.0266,3.75
private,5.4959998,.73689997,0,0,1,0,32.976002,32.976002,5.4959998,30.496,.25369999,.1498,.73689997,2.3101001,1.2499998
private,7.8959999,.68169999,0,0,1,0,47.375999,47.375999,7.8959999,32.896,.25369999,.1498,.68169999,2.3013999,2.0833333
beach,19.896,.53329998,1,0,0,0,19.896,19.896,281.85999,316.85999,.53329998,.4522,.2413,1.0266,6.2500014
private,12.696,.73689997,0,0,1,0,76.176003,76.176003,12.696,37.695999,.25369999,.1498,.73689997,2.3101001,3.75
private,7.8959999,.73689997,0,0,1,0,47.375999,47.375999,7.8959999,32.896,.25369999,.1498,.73689997,2.3101001,2.0833333
private,22.296,.68169999,0,0,1,0,133.776,133.776,22.296,47.296001,.25369999,.1498,.68169999,2.3013999,7.0833316
charter,35.296001,2.3013999,0,0,0,1,61.776001,61.776001,10.296,35.296001,.25369999,.1498,.68169999,2.3013999,2.9166665
private,37.896,.053100001,0,0,1,0,227.37601,227.37601,37.896,62.896,.25369999,.1498,.053100001,.0052,12.499998
beach,7.8959999,.53329998,1,0,0,0,7.8959999,7.8959999,111.86,146.86,.53329998,.4522,.2413,1.0266,2.0833333
private,15.096,.73689997,0,0,1,0,90.575996,90.575996,15.096,40.096001,.25369999,.1498,.73689997,2.3101001,4.5833321
charter,40.096001,2.3013999,0,0,0,1,90.575996,90.575996,15.096,40.096001,.25369999,.1498,.68169999,2.3013999,4.5833321
beach,15.096,.53329998,1,0,0,0,15.096,15.096,213.86,248.86,.53329998,.4522,.2413,1.0266,4.5833321
beach,10.296,.53329998,1,0,0,0,10.296,10.296,145.86,180.86,.53329998,.4522,.2413,1.0266,2.9166665
charter,47.296001,.0052,0,0,0,1,133.776,133.776,22.296,47.296001,.25369999,.1498,.053100001,.0052,7.0833316
private,10.296,.73689997,0,0,1,0,61.776001,61.776001,10.296,35.296001,.25369999,.1498,.73689997,2.3101001,2.9166665
private,10.296,.68169999,0,0,1,0,61.776001,61.776001,10.296,35.296001,.25369999,.1498,.68169999,2.3013999,2.9166665
beach,15.096,.53329998,1,0,0,0,15.096,15.096,213.86,248.86,.53329998,.4522,.2413,1.0266,4.5833321
private,5.4959998,.68169999,0,0,1,0,32.976002,32.976002,5.4959998,30.496,.25369999,.1498,.68169999,2.3013999,1.2499998
private,27.096001,.73689997,0,0,1,0,162.576,162.576,27.096001,52.096001,.25369999,.1498,.73689997,2.3101001,8.750001
private,12.696,.73689997,0,0,1,0,76.176003,76.176003,12.696,37.695999,.25369999,.1498,.73689997,2.3101001,3.75
pier,77.860001,.078900002,0,1,0,0,77.860001,77.860001,115.874,144.87399,.0678,.078900002,.0014,.0029,1.2499998
beach,17.496,.53329998,1,0,0,0,17.496,17.496,247.86,282.85999,.53329998,.4522,.0156,.0057999999,5.4166665
charter,35.296001,2.3013999,0,0,0,1,61.776001,61.776001,10.296,35.296001,.25369999,.1498,.68169999,2.3013999,2.9166665
private,17.496,.68169999,0,0,1,0,104.976,104.976,17.496,42.495998,.25369999,.1498,.68169999,2.3013999,5.4166665
charter,32.896,2.3013999,0,0,0,1,47.375999,47.375999,7.8959999,32.896,.25369999,.1498,.68169999,2.3013999,2.0833333
private,45.198002,.68169999,0,0,1,0,150.174,150.174,45.198002,70.197998,.25369999,.1498,.68169999,2.3013999,5.4166665
beach,26.598,.53329998,1,0,0,0,26.598,26.598,172.45799,207.45799,.53329998,.4522,.2413,1.0266,2.9166665
charter,51.598,2.3013999,0,0,0,1,88.374001,88.374001,26.598,51.598,.25369999,.1498,.68169999,2.3013999,2.9166665
private,38.998001,.68169999,0,0,1,0,129.57401,129.57401,38.998001,63.998001,.25369999,.1498,.68169999,2.3013999,4.5833321
charter,102.774,.64560002,0,0,0,1,132.258,132.258,67.774002,102.774,.0678,.078900002,.0559,.64560002,2.0833333
pier,26.598,.4522,0,1,0,0,26.598,26.598,172.45799,207.45799,.53329998,.4522,.2413,1.0266,2.9166665
beach,14.198,.53329998,1,0,0,0,14.198,14.198,92.057999,127.058,.53329998,.4522,.2413,1.0266,1.2499998
charter,39.198002,2.3013999,0,0,0,1,47.174,47.174,14.198,39.198002,.25369999,.1498,.68169999,2.3013999,1.2499998
charter,57.798,2.3013999,0,0,0,1,108.974,108.974,32.798,57.798,.25369999,.1498,.68169999,2.3013999,3.75
pier,20.398001,.4522,0,1,0,0,20.398001,20.398001,132.258,167.258,.53329998,.4522,.0156,.0057999999,2.0833333
charter,51.598,2.3013999,0,0,0,1,88.374001,88.374001,26.598,51.598,.25369999,.1498,.68169999,2.3013999,2.9166665
private,38.998001,.73689997,0,0,1,0,129.57401,129.57401,38.998001,63.998001,.25369999,.1498,.73689997,2.3101001,4.5833321
private,26.598,.053100001,0,0,1,0,88.374001,88.374001,26.598,51.598,.25369999,.1498,.053100001,.0052,2.9166665
beach,32.798,.53329998,1,0,0,0,32.798,32.798,212.658,247.658,.53329998,.4522,.1665,.39750001,3.75
private,26.598,.68169999,0,0,1,0,88.374001,88.374001,26.598,51.598,.25369999,.1498,.68169999,2.3013999,2.9166665
charter,63.998001,.0052,0,0,0,1,129.57401,129.57401,38.998001,63.998001,.25369999,.1498,.053100001,.0052,4.5833321
private,32.798,.68169999,0,0,1,0,108.974,108.974,32.798,57.798,.25369999,.1498,.68169999,2.3013999,3.75
charter,63.998001,2.3013999,0,0,0,1,129.57401,129.57401,38.998001,63.998001,.25369999,.1498,.68169999,2.3013999,4.5833321
pier,26.598,.4522,0,1,0,0,26.598,26.598,172.45799,207.45799,.53329998,.4522,.2413,1.0266,2.9166665
pier,26.598,.4522,0,1,0,0,26.598,26.598,172.45799,207.45799,.53329998,.4522,.0156,.0057999999,2.9166665
charter,63.998001,2.3013999,0,0,0,1,129.57401,129.57401,38.998001,63.998001,.25369999,.1498,.68169999,2.3013999,4.5833321
private,76.197998,.68169999,0,0,1,0,253.174,253.174,76.197998,101.198,.25369999,.1498,.68169999,2.3013999,9.5833359
private,32.798,.053100001,0,0,1,0,108.974,108.974,32.798,57.798,.25369999,.1498,.053100001,.0052,3.75
pier,20.398001,.4522,0,1,0,0,20.398001,20.398001,132.258,167.258,.53329998,.4522,.2413,1.0266,2.0833333
private,14.198,.053100001,0,0,1,0,47.174,47.174,14.198,39.198002,.25369999,.1498,.053100001,.0052,1.2499998
pier,38.998001,.4522,0,1,0,0,38.998001,38.998001,252.858,287.858,.53329998,.4522,.1665,.39750001,4.5833321
private,38.998001,.68169999,0,0,1,0,129.57401,129.57401,38.998001,63.998001,.25369999,.1498,.68169999,2.3013999,4.5833321
pier,76.197998,.4522,0,1,0,0,76.197998,76.197998,494.05801,529.05798,.53329998,.4522,.2413,1.0266,9.5833359
beach,7.9980001,.53329998,1,0,0,0,7.9980001,7.9980001,51.858002,86.858002,.53329998,.4522,.2413,1.0266,.41666669
pier,9.8699999,.4522,0,1,0,0,9.8699999,9.8699999,121.73,156.73,.53329998,.4522,.0156,.0057999999,2.0833333
beach,14.476,.25369999,1,0,0,0,14.476,14.476,62.509998,81.010002,.25369999,.1498,.0233,.0219,2.0833333
pier,2.322,.4522,0,1,0,0,2.322,2.322,55.470001,90.470001,.53329998,.4522,.2413,1.0266,.41666669
private,4.1220002,.68169999,0,0,1,0,53.585999,53.585999,4.1220002,29.122,.25369999,.1498,.68169999,2.3013999,1.2499998
private,9.5220003,.053100001,0,0,1,0,123.786,123.786,9.5220003,34.521999,.25369999,.1498,.053100001,.0052,3.75
charter,35.296001,.0052,0,0,0,1,61.776001,61.776001,10.296,35.296001,.25369999,.1498,.053100001,.0052,2.9166665
pier,3.096,.4522,0,1,0,0,3.096,3.096,43.860001,78.860001,.53329998,.4522,.2413,1.0266,.41666669
pier,7.8959999,.4522,0,1,0,0,7.8959999,7.8959999,111.86,146.86,.53329998,.4522,.2413,1.0266,2.0833333
private,12.696,.73689997,0,0,1,0,76.176003,76.176003,12.696,37.695999,.25369999,.1498,.73689997,2.3101001,3.75
private,7.8959999,.68169999,0,0,1,0,47.375999,47.375999,7.8959999,32.896,.25369999,.1498,.68169999,2.3013999,2.0833333
charter,28.096001,2.3013999,0,0,0,1,18.576,18.576,3.096,28.096001,.25369999,.1498,.68169999,2.3013999,.41666669
charter,30.496,.0052,0,0,0,1,32.976002,32.976002,5.4959998,30.496,.25369999,.1498,.053100001,.0052,1.2499998
private,19.896,.68169999,0,0,1,0,119.376,119.376,19.896,44.896,.25369999,.1498,.68169999,2.3013999,6.2500014
private,10.296,.68169999,0,0,1,0,61.776001,61.776001,10.296,35.296001,.25369999,.1498,.68169999,2.3013999,2.9166665
pier,15.096,.4522,0,1,0,0,15.096,15.096,213.86,248.86,.53329998,.4522,.2413,1.0266,4.5833321
pier,10.296,.4522,0,1,0,0,10.296,10.296,145.86,180.86,.53329998,.4522,.1665,.39750001,2.9166665
pier,5.4959998,.4522,0,1,0,0,5.4959998,5.4959998,77.860001,112.86,.53329998,.4522,.2413,1.0266,1.2499998
charter,30.496,2.3013999,0,0,0,1,32.976002,32.976002,5.4959998,30.496,.25369999,.1498,.68169999,2.3013999,1.2499998
beach,17.496,.53329998,1,0,0,0,17.496,17.496,247.86,282.85999,.53329998,.4522,.2413,1.0266,5.4166665
private,5.4959998,.053100001,0,0,1,0,32.976002,32.976002,5.4959998,30.496,.25369999,.1498,.053100001,.0052,1.2499998
private,10.296,.68169999,0,0,1,0,61.776001,61.776001,10.296,35.296001,.25369999,.1498,.68169999,2.3013999,2.9166665
private,12.696,.053100001,0,0,1,0,76.176003,76.176003,12.696,37.695999,.25369999,.1498,.053100001,.0052,3.75
pier,5.4959998,.4522,0,1,0,0,5.4959998,5.4959998,77.860001,112.86,.53329998,.4522,.2413,1.0266,1.2499998
private,3.096,.053100001,0,0,1,0,18.576,18.576,3.096,28.096001,.25369999,.1498,.053100001,.0052,.41666669
private,15.096,.053100001,0,0,1,0,90.575996,90.575996,15.096,40.096001,.25369999,.1498,.053100001,.0052,4.5833321
beach,76.176003,.25369999,1,0,0,0,76.176003,76.176003,139.65601,158.15601,.25369999,.1498,.2339,.62879997,3.75
private,12.696,.68169999,0,0,1,0,76.176003,76.176003,12.696,37.695999,.25369999,.1498,.68169999,2.3013999,3.75
private,37.896,.053100001,0,0,1,0,227.37601,227.37601,37.896,62.896,.25369999,.1498,.053100001,.0052,12.499998
beach,5.4959998,.53329998,1,0,0,0,5.4959998,5.4959998,77.860001,112.86,.53329998,.4522,.1665,.39750001,1.2499998
pier,47.375999,.1498,0,1,0,0,47.375999,47.375999,86.856003,105.356,.25369999,.1498,.2339,.62879997,2.0833333
beach,7.8959999,.53329998,1,0,0,0,7.8959999,7.8959999,111.86,146.86,.53329998,.4522,.2413,1.0266,2.0833333
private,3.29,.68169999,0,0,1,0,37.506001,37.506001,3.29,28.290001,.25369999,.1498,.68169999,2.3013999,2.0833333
beach,3.29,.53329998,1,0,0,0,3.29,3.29,101.99,136.99001,.53329998,.4522,.0051000002,1.0266,2.0833333
beach,2.29,.53329998,1,0,0,0,2.29,2.29,70.989998,105.99,.53329998,.4522,.1665,.39750001,1.2499998
beach,1.29,.53329998,1,0,0,0,1.29,1.29,39.990002,74.989998,.53329998,.4522,.2413,1.0266,.41666669
pier,6.29,.4522,0,1,0,0,6.29,6.29,194.99001,229.99001,.53329998,.4522,.2413,1.0266,4.5833321
private,41.262001,.0143,0,0,1,0,243.34,243.34,41.262001,70.762001,.0678,.050299998,.0143,.028899999,3.75
private,36.450001,.053100001,0,0,1,0,56.862,56.862,36.450001,61.450001,.25369999,.1498,.053100001,.0052,5.4166665
pier,49.062,.1498,0,1,0,0,49.062,49.062,149.702,168.202,.25369999,.1498,.0082,.0044,4.5833321
charter,56.450001,2.3101001,0,0,0,1,49.062,49.062,31.450001,56.450001,.25369999,.1498,.73689997,2.3101001,4.5833321
private,16.450001,.68169999,0,0,1,0,25.662001,25.662001,16.450001,41.450001,.25369999,.1498,.68169999,2.3013999,2.0833333
private,56.862,.0102,0,0,1,0,214.326,214.326,56.862,91.862,.0678,.078900002,.0102,.0209,5.4166665
private,33.462002,.0102,0,0,1,0,126.126,126.126,33.462002,68.461998,.0678,.078900002,.0102,.0209,2.9166665
beach,11.45,.53329998,1,0,0,0,11.45,11.45,67.325996,102.326,.53329998,.4522,.2413,1.0266,1.2499998
charter,131.726,1.0266,0,0,0,1,16.450001,16.450001,96.725998,131.726,.53329998,.4522,.2413,1.0266,2.0833333
private,41.262001,.0143,0,0,1,0,243.34,243.34,41.262001,70.762001,.0678,.050299998,.0143,.028899999,3.75
charter,76.449997,2.3013999,0,0,0,1,80.262001,80.262001,51.450001,76.449997,.25369999,.1498,.68169999,2.3013999,7.9166665
private,25.662001,.0102,0,0,1,0,96.725998,96.725998,25.662001,60.661999,.0678,.078900002,.0102,.0209,2.0833333
beach,26.450001,.53329998,1,0,0,0,26.450001,26.450001,155.526,190.526,.53329998,.4522,.2413,1.0266,3.75
charter,41.450001,2.3013999,0,0,0,1,25.662001,25.662001,16.450001,41.450001,.25369999,.1498,.68169999,2.3013999,2.0833333
charter,51.450001,2.3013999,0,0,0,1,41.262001,41.262001,26.450001,51.450001,.25369999,.1498,.68169999,2.3013999,3.75
beach,21.450001,.53329998,1,0,0,0,21.450001,21.450001,126.126,161.12601,.53329998,.4522,.2413,1.0266,2.9166665
charter,46.450001,.0052,0,0,0,1,33.462002,33.462002,21.450001,46.450001,.25369999,.1498,.053100001,.0052,2.9166665
private,17.862,.089699998,0,0,1,0,67.325996,67.325996,17.862,52.862,.0678,.078900002,.089699998,1.0905,1.2499998
private,21.450001,.73689997,0,0,1,0,33.462002,33.462002,21.450001,46.450001,.25369999,.1498,.73689997,2.3101001,2.9166665
pier,17.862,.1498,0,1,0,0,17.862,17.862,54.501999,73.001999,.25369999,.1498,.0233,.0219,1.2499998
beach,11.45,.53329998,1,0,0,0,11.45,11.45,67.325996,102.326,.53329998,.4522,.2413,1.0266,1.2499998
charter,48.375999,.324,0,0,0,1,176.748,176.748,18.875999,48.375999,.0678,.050299998,.1082,.324,2.9166665
charter,47.372002,.0052,0,0,0,1,14.476,14.476,22.372,47.372002,.25369999,.1498,.053100001,.0052,2.0833333
private,36.476002,.0143,0,0,1,0,341.548,341.548,36.476002,65.975998,.0678,.050299998,.0143,.028899999,6.2500014
private,6.8699999,.053100001,0,0,1,0,39.846001,39.846001,6.8699999,31.870001,.25369999,.1498,.053100001,.0052,1.2499998
private,6.8699999,.68169999,0,0,1,0,39.846001,39.846001,6.8699999,31.870001,.25369999,.1498,.68169999,2.3013999,1.2499998
charter,37.869999,2.3013999,0,0,0,1,74.646004,74.646004,12.87,37.869999,.25369999,.1498,.68169999,2.3013999,2.9166665
beach,15.87,.53329998,1,0,0,0,15.87,15.87,195.73,230.73,.53329998,.4522,.1665,.39750001,3.75
charter,34.869999,2.3101001,0,0,0,1,57.245998,57.245998,9.8699999,34.869999,.25369999,.1498,.73689997,2.3101001,2.0833333
charter,40.869999,.0052,0,0,0,1,92.045998,92.045998,15.87,40.869999,.25369999,.1498,.053100001,.0052,3.75
charter,40.096001,2.3101001,0,0,0,1,90.575996,90.575996,15.096,40.096001,.25369999,.0014,.73689997,2.3101001,4.5833321
charter,35.296001,2.3013999,0,0,0,1,61.776001,61.776001,10.296,35.296001,.25369999,.1498,.68169999,2.3013999,2.9166665
pier,7.8959999,.4522,0,1,0,0,7.8959999,7.8959999,111.86,146.86,.53329998,.4522,.2413,1.0266,2.0833333
pier,15.096,.4522,0,1,0,0,15.096,15.096,213.86,248.86,.53329998,.4522,.2413,1.0266,4.5833321
private,10.296,.73689997,0,0,1,0,61.776001,61.776001,10.296,35.296001,.25369999,.1498,.73689997,2.3101001,2.9166665
charter,246.07401,.0029,0,0,0,1,145.86,145.86,217.07401,246.07401,.0678,.078900002,.0014,.0029,2.9166665
private,12.696,.73689997,0,0,1,0,76.176003,76.176003,12.696,37.695999,.25369999,.1498,.73689997,2.3101001,3.75
charter,35.296001,2.3013999,0,0,0,1,61.776001,61.776001,10.296,35.296001,.25369999,.1498,.68169999,2.3013999,2.9166665
pier,7.8959999,.4522,0,1,0,0,7.8959999,7.8959999,111.86,146.86,.53329998,.4522,.2413,1.0266,2.0833333
beach,12.696,.53329998,1,0,0,0,12.696,12.696,179.86,214.86,.53329998,.4522,.0156,.0057999999,3.75
charter,42.495998,2.3013999,0,0,0,1,104.976,104.976,17.496,42.495998,.25369999,.1498,.68169999,2.3013999,5.4166665
pier,7.8959999,.4522,0,1,0,0,7.8959999,7.8959999,111.86,146.86,.53329998,.4522,.2413,1.0266,2.0833333
charter,37.695999,.0052,0,0,0,1,76.176003,76.176003,12.696,37.695999,.25369999,.1498,.053100001,.0052,3.75
private,52.487999,.053100001,0,0,1,0,166.21201,166.21201,52.487999,77.487999,.25369999,.1498,.053100001,.0052,5.4166665
pier,16.488001,.4522,0,1,0,0,16.488001,16.488001,97.096001,132.09599,.53329998,.4522,.2413,1.0266,1.2499998
private,45.287998,.68169999,0,0,1,0,143.412,143.412,45.287998,70.288002,.25369999,.1498,.68169999,2.3013999,4.5833321
private,30.888,.73689997,0,0,1,0,97.811996,97.811996,30.888,55.888,.25369999,.1498,.73689997,2.3101001,2.9166665
charter,48.688,2.3101001,0,0,0,1,75.012001,75.012001,23.688,48.688,.25369999,.0014,.73689997,2.3101001,2.0833333
pier,30.888,.4522,0,1,0,0,30.888,30.888,181.896,216.896,.53329998,.4522,.2413,1.0266,2.9166665
private,38.088001,.68169999,0,0,1,0,120.612,120.612,38.088001,63.088001,.25369999,.1498,.68169999,2.3013999,3.75
charter,55.888,2.3013999,0,0,0,1,97.811996,97.811996,30.888,55.888,.25369999,.1498,.68169999,2.3013999,2.9166665
pier,30.888,.4522,0,1,0,0,30.888,30.888,181.896,216.896,.53329998,.4522,.2413,1.0266,2.9166665
private,38.088001,.73689997,0,0,1,0,120.612,120.612,38.088001,63.088001,.25369999,.1498,.73689997,2.3101001,3.75
charter,87.211998,1.0905,0,0,0,1,97.096001,97.096001,52.212002,87.211998,.0678,.078900002,.089699998,1.0905,1.2499998
charter,84.688004,2.3013999,0,0,0,1,189.01199,189.01199,59.688,84.688004,.25369999,.1498,.68169999,2.3013999,6.2500014
charter,41.487999,2.3013999,0,0,0,1,52.212002,52.212002,16.488001,41.487999,.25369999,.1498,.68169999,2.3013999,1.2499998
private,23.688,.68169999,0,0,1,0,75.012001,75.012001,23.688,48.688,.25369999,.1498,.68169999,2.3013999,2.0833333
private,189.01199,.089699998,0,0,1,0,351.496,351.496,189.01199,224.01199,.0678,.078900002,.089699998,1.0905,6.2500014
beach,30.888,.53329998,1,0,0,0,30.888,30.888,181.896,216.896,.53329998,.4522,.0156,.0057999999,2.9166665
private,10.296,.73689997,0,0,1,0,61.776001,61.776001,10.296,35.296001,.25369999,.1498,.73689997,2.3101001,2.9166665
private,76.176003,.1082,0,0,1,0,267.67401,267.67401,76.176003,105.676,.0678,.050299998,.1082,.324,3.75
pier,12.696,.4522,0,1,0,0,12.696,12.696,179.86,214.86,.53329998,.4522,.2413,1.0266,3.75
charter,30.496,2.3013999,0,0,0,1,32.976002,32.976002,5.4959998,30.496,.25369999,.1498,.68169999,2.3013999,1.2499998
charter,32.896,.0052,0,0,0,1,47.375999,47.375999,7.8959999,32.896,.25369999,.1498,.053100001,.0052,2.0833333
private,5.4959998,.73689997,0,0,1,0,32.976002,32.976002,5.4959998,30.496,.25369999,.1498,.73689997,2.3101001,1.2499998
pier,10.296,.4522,0,1,0,0,10.296,10.296,145.86,180.86,.53329998,.4522,.2413,1.0266,2.9166665
private,76.176003,.0143,0,0,1,0,267.67401,267.67401,76.176003,105.676,.0678,.050299998,.0143,.028899999,3.75
charter,37.695999,2.3013999,0,0,0,1,76.176003,76.176003,12.696,37.695999,.25369999,.1498,.68169999,2.3013999,3.75
charter,35.296001,2.3013999,0,0,0,1,61.776001,61.776001,10.296,35.296001,.25369999,.1498,.68169999,2.3013999,2.9166665
charter,82.375999,.0209,0,0,0,1,111.86,111.86,47.375999,82.375999,.0678,.078900002,.0102,.0209,2.0833333
private,37.896,.73689997,0,0,1,0,227.37601,227.37601,37.896,62.896,.25369999,.1498,.73689997,2.3101001,12.499998
charter,37.695999,2.3013999,0,0,0,1,76.176003,76.176003,12.696,37.695999,.25369999,.1498,.68169999,2.3013999,3.75
charter,30.496,.0052,0,0,0,1,32.976002,32.976002,5.4959998,30.496,.25369999,.1498,.053100001,.0052,1.2499998
charter,35.296001,2.3013999,0,0,0,1,61.776001,61.776001,10.296,35.296001,.25369999,.1498,.68169999,2.3013999,2.9166665
private,15.096,.053100001,0,0,1,0,90.575996,90.575996,15.096,40.096001,.25369999,.1498,.053100001,.0052,4.5833321
private,37.896,.68169999,0,0,1,0,227.37601,227.37601,37.896,62.896,.25369999,.1498,.68169999,2.3013999,12.499998
private,5.4959998,.68169999,0,0,1,0,32.976002,32.976002,5.4959998,30.496,.25369999,.1498,.68169999,2.3013999,1.2499998
charter,32.896,2.3101001,0,0,0,1,47.375999,47.375999,7.8959999,32.896,.25369999,.1498,.73689997,2.3101001,2.0833333
beach,17.496,.53329998,1,0,0,0,17.496,17.496,247.86,282.85999,.53329998,.4522,.2413,1.0266,5.4166665
private,30.888,.73689997,0,0,1,0,97.811996,97.811996,30.888,55.888,.25369999,.1498,.73689997,2.3101001,2.9166665
pier,16.488001,.4522,0,1,0,0,16.488001,16.488001,97.096001,132.09599,.53329998,.4522,.2413,1.0266,1.2499998
charter,48.688,.0052,0,0,0,1,75.012001,75.012001,23.688,48.688,.25369999,.1498,.053100001,.0052,2.0833333
charter,48.688,2.3013999,0,0,0,1,75.012001,75.012001,23.688,48.688,.25369999,.1498,.68169999,2.3013999,2.0833333
private,5.9219999,.68169999,0,0,1,0,76.986,76.986,5.9219999,30.922001,.25369999,.1498,.68169999,2.3013999,2.0833333
private,15.792,.053100001,0,0,1,0,63.167999,63.167999,15.792,40.792,.25369999,.1498,.053100001,.0052,2.0833333
private,20.591999,.053100001,0,0,1,0,82.367996,82.367996,20.591999,45.591999,.25369999,.1498,.053100001,.0052,2.9166665
pier,4.29,.4522,0,1,0,0,4.29,4.29,132.99001,167.99001,.53329998,.4522,.2413,1.0266,2.9166665
private,6.29,.053100001,0,0,1,0,71.706001,71.706001,6.29,31.290001,.25369999,.1498,.053100001,.0052,4.5833321
pier,8.29,.4522,0,1,0,0,8.29,8.29,256.98999,291.98999,.53329998,.4522,.2413,1.0266,6.2500014
beach,94.505997,.25369999,1,0,0,0,94.505997,94.505997,193.98599,212.48599,.25369999,.1498,.00079999998,.0027000001,6.2500014
pier,1.29,.4522,0,1,0,0,1.29,1.29,39.990002,74.989998,.53329998,.4522,.0051000002,1.0266,.41666669
charter,28.290001,2.3013999,0,0,0,1,37.506001,37.506001,3.29,28.290001,.25369999,.1498,.68169999,2.3013999,2.0833333
charter,29.290001,2.3013999,0,0,0,1,48.905998,48.905998,4.29,29.290001,.25369999,.1498,.68169999,2.3013999,2.9166665
charter,28.290001,2.3013999,0,0,0,1,37.506001,37.506001,3.29,28.290001,.25369999,.1498,.68169999,2.3013999,2.0833333
charter,30.290001,2.3013999,0,0,0,1,60.306,60.306,5.29,30.290001,.25369999,.1498,.68169999,2.3013999,3.75
pier,3.29,.4522,0,1,0,0,3.29,3.29,101.99,136.99001,.53329998,.4522,.2413,1.0266,2.0833333
charter,29.290001,2.3013999,0,0,0,1,48.905998,48.905998,4.29,29.290001,.25369999,.1498,.68169999,2.3013999,2.9166665
charter,27.290001,2.3013999,0,0,0,1,26.106001,26.106001,2.29,27.290001,.25369999,.1498,.68169999,2.3013999,1.2499998
charter,112.606,.028899999,0,0,0,1,347.004,347.004,83.106003,112.606,.0678,.050299998,.0143,.028899999,5.4166665
beach,6.29,.53329998,1,0,0,0,6.29,6.29,194.99001,229.99001,.53329998,.4522,.2413,1.0266,4.5833321
charter,29.290001,2.3013999,0,0,0,1,48.905998,48.905998,4.29,29.290001,.25369999,.1498,.68169999,2.3013999,2.9166665
pier,2.29,.4522,0,1,0,0,2.29,2.29,70.989998,105.99,.53329998,.4522,.2413,1.0266,1.2499998
pier,6.29,.4522,0,1,0,0,6.29,6.29,194.99001,229.99001,.53329998,.4522,.0156,.0057999999,4.5833321
private,15.79,.73689997,0,0,1,0,180.006,180.006,15.79,40.790001,.25369999,.1498,.73689997,2.3101001,12.499998
beach,4.29,.53329998,1,0,0,0,4.29,4.29,132.99001,167.99001,.53329998,.4522,.2413,1.0266,2.9166665
beach,4.29,.53329998,1,0,0,0,4.29,4.29,132.99001,167.99001,.53329998,.4522,.2413,1.0266,2.9166665
private,48.905998,.073200002,0,0,1,0,204.20399,204.20399,48.905998,78.405998,.0678,.0052,.073200002,.1726,2.9166665
beach,6.29,.53329998,1,0,0,0,6.29,6.29,194.99001,229.99001,.53329998,.4522,.1665,.39750001,4.5833321
beach,9.29,.53329998,1,0,0,0,9.29,9.29,287.98999,322.98999,.53329998,.4522,.2413,1.0266,7.0833316
charter,30.290001,2.3101001,0,0,0,1,60.306,60.306,5.29,30.290001,.25369999,.1498,.73689997,2.3101001,3.75
pier,5.29,.4522,0,1,0,0,5.29,5.29,163.99001,198.99001,.53329998,.4522,.2413,1.0266,3.75
pier,4.29,.4522,0,1,0,0,4.29,4.29,132.99001,167.99001,.53329998,.4522,.0156,.0057999999,2.9166665
private,8.29,.73689997,0,0,1,0,94.505997,94.505997,8.29,33.290001,.25369999,.1498,.73689997,2.3101001,6.2500014
charter,30.290001,.0052,0,0,0,1,60.306,60.306,5.29,30.290001,.25369999,.1498,.053100001,.0052,3.75
private,3.29,.053100001,0,0,1,0,37.506001,37.506001,3.29,28.290001,.25369999,.1498,.053100001,.0052,2.0833333
pier,3.29,.4522,0,1,0,0,3.29,3.29,101.99,136.99001,.53329998,.4522,.2413,1.0266,2.0833333
charter,29.290001,2.3101001,0,0,0,1,48.905998,48.905998,4.29,29.290001,.25369999,.1498,.73689997,2.3101001,2.9166665
private,10.29,.73689997,0,0,1,0,117.306,117.306,10.29,35.290001,.25369999,.1498,.73689997,2.3101001,7.9166665
private,6.29,.68169999,0,0,1,0,71.706001,71.706001,6.29,31.290001,.25369999,.1498,.68169999,2.3013999,4.5833321
pier,37.506001,.1498,0,1,0,0,37.506001,37.506001,76.986,95.486,.25369999,.1498,.0233,.0219,2.0833333
private,37.506001,.0102,0,0,1,0,101.99,101.99,37.506001,72.505997,.0678,.078900002,.0102,.0209,2.0833333
pier,37.506001,.1498,0,1,0,0,37.506001,37.506001,76.986,95.486,.25369999,.1498,.0082,.0044,2.0833333
charter,29.290001,2.3013999,0,0,0,1,48.905998,48.905998,4.29,29.290001,.25369999,.1498,.68169999,2.3013999,2.9166665
private,5.29,.73689997,0,0,1,0,60.306,60.306,5.29,30.290001,.25369999,.1498,.73689997,2.3101001,3.75
private,6.29,.68169999,0,0,1,0,71.706001,71.706001,6.29,31.290001,.25369999,.1498,.68169999,2.3013999,4.5833321
private,6.29,.68169999,0,0,1,0,71.706001,71.706001,6.29,31.290001,.25369999,.1498,.68169999,2.3013999,4.5833321
private,132.99001,.0156,0,0,1,0,4.29,4.29,132.99001,167.99001,.53329998,.4522,.0156,.0057999999,2.9166665
private,163.99001,.0361,0,0,1,0,5.29,5.29,163.99001,198.99001,.53329998,.0068999999,.0361,.42160001,3.75
charter,29.290001,2.3013999,0,0,0,1,48.905998,48.905998,4.29,29.290001,.25369999,.1498,.68169999,2.3013999,2.9166665
pier,6.29,.4522,0,1,0,0,6.29,6.29,194.99001,229.99001,.53329998,.4522,.2413,1.0266,4.5833321
charter,40.790001,2.3101001,0,0,0,1,180.006,180.006,15.79,40.790001,.25369999,.1498,.73689997,2.3101001,12.499998
charter,32.290001,2.3013999,0,0,0,1,83.106003,83.106003,7.29,32.290001,.25369999,.1498,.68169999,2.3013999,5.4166665
charter,32.290001,2.3013999,0,0,0,1,83.106003,83.106003,7.29,32.290001,.25369999,.1498,.68169999,2.3013999,5.4166665
pier,37.506001,.1498,0,1,0,0,37.506001,37.506001,76.986,95.486,.25369999,.1498,.0233,.0219,2.0833333
charter,33.290001,2.3013999,0,0,0,1,94.505997,94.505997,8.29,33.290001,.25369999,.1498,.68169999,2.3013999,6.2500014
private,6.29,.68169999,0,0,1,0,71.706001,71.706001,6.29,31.290001,.25369999,.1498,.68169999,2.3013999,4.5833321
private,60.306,.0102,0,0,1,0,163.99001,163.99001,60.306,95.306,.0678,.078900002,.0102,.0209,3.75
private,6.29,.053100001,0,0,1,0,71.706001,71.706001,6.29,31.290001,.25369999,.1498,.053100001,.0052,4.5833321
beach,105.906,.25369999,1,0,0,0,105.906,105.906,217.386,235.886,.25369999,.1498,.0233,.0219,7.0833316
private,39.990002,.1574,0,0,1,0,30.186001,30.186001,39.990002,63.990002,.1049,.0451,.1574,.46709999,.41666669
pier,2.29,.4522,0,1,0,0,2.29,2.29,70.989998,105.99,.53329998,.4522,.2413,1.0266,1.2499998
charter,33.290001,2.3013999,0,0,0,1,94.505997,94.505997,8.29,33.290001,.25369999,.1498,.68169999,2.3013999,6.2500014
pier,1.29,.4522,0,1,0,0,1.29,1.29,39.990002,74.989998,.53329998,.4522,.1665,.39750001,.41666669
private,71.706001,.0559,0,0,1,0,194.99001,194.99001,71.706001,106.706,.0678,.078900002,.0559,.64560002,4.5833321
beach,18.875999,.25369999,1,0,0,0,18.875999,18.875999,81.510002,100.01,.25369999,.1498,.2339,.62879997,2.9166665
private,27.676001,.0143,0,0,1,0,259.14801,259.14801,27.676001,57.175999,.0678,.050299998,.0143,.028899999,4.5833321
charter,74.571999,2.3013999,0,0,0,1,32.076,32.076,49.571999,74.571999,.25369999,.1498,.68169999,2.3013999,5.4166665
private,45.287998,.053100001,0,0,1,0,143.412,143.412,45.287998,70.288002,.25369999,.1498,.053100001,.0052,4.5833321
pier,23.275999,.1498,0,1,0,0,23.275999,23.275999,100.51,119.01,.25369999,.1498,.0082,.0044,3.75
private,69.475998,.0102,0,0,1,0,388.43399,388.43399,69.475998,104.476,.0678,.078900002,.0102,.0209,12.499998
charter,55.888,2.3013999,0,0,0,1,97.811996,97.811996,30.888,55.888,.25369999,.1498,.68169999,2.3013999,2.9166665
pier,52.487999,.4522,0,1,0,0,52.487999,52.487999,309.09601,344.09601,.53329998,.4522,.0156,.0057999999,5.4166665
beach,23.688,.53329998,1,0,0,0,23.688,23.688,139.496,174.496,.53329998,.4522,.0156,.0057999999,2.0833333
charter,132.812,1.0905,0,0,0,1,181.896,181.896,97.811996,132.812,.0678,.078900002,.089699998,1.0905,2.9166665
pier,23.688,.4522,0,1,0,0,23.688,23.688,139.496,174.496,.53329998,.4522,.2413,1.0266,2.0833333
private,106.434,.2413,0,0,1,0,255.14999,255.14999,106.434,141.43401,.53329998,.4522,.2413,1.0266,5.4166665
private,155.802,.0108,0,0,1,0,164.834,164.834,155.802,190.802,.0678,.0024999999,.0108,.2377,8.750001
charter,63.902,.0219,0,0,0,1,45.402,45.402,45.402,63.902,.25369999,.1498,.0233,.0219,2.0833333
beach,62.633999,.0678,1,0,0,0,62.633999,62.633999,123.552,152.552,.0678,.078900002,.0014,.0029,2.9166665
private,86.802002,.0102,0,0,1,0,91.834,91.834,86.802002,121.802,.0678,.078900002,.0102,.0209,4.5833321
charter,149.40199,.0209,0,0,0,1,121.034,121.034,114.402,149.40199,.0678,.078900002,.0102,.0209,6.2500014
beach,121.836,.53329998,1,0,0,0,121.836,121.836,203.34599,238.34599,.53329998,.4522,.2413,1.0266,2.9166665
pier,150.23599,.4522,0,1,0,0,150.23599,150.23599,250.746,285.746,.53329998,.4522,.2413,1.0266,3.75
beach,235.436,.53329998,1,0,0,0,235.436,235.436,392.94601,427.94601,.53329998,.4522,.2413,1.0266,6.2500014
pier,65.036003,.4522,0,1,0,0,65.036003,65.036003,108.546,143.54601,.53329998,.4522,.2413,1.0266,1.2499998
beach,36.636002,.53329998,1,0,0,0,36.636002,36.636002,61.146,96.146004,.53329998,.4522,.1665,.39750001,.41666669
private,235.436,.68169999,0,0,1,0,339.89001,339.89001,235.436,260.436,.25369999,.1498,.68169999,2.3013999,6.2500014
