Name,Date,Open,High,Low,Close,Volume
BOVESPA,19950102,4353.90,4397.60,4300.10,4301.00,0
BOVESPA,19950103,4369.90,4385.90,4093.70,4098.00,0
BOVESPA,19950104,4098.00,4098.00,3860.90,3967.90,0
BOVESPA,19950105,3967.90,4040.30,3944.50,4036.70,0
BOVESPA,19950106,4036.70,4105.70,3813.00,3827.40,0
BOVESPA,19950109,3827.40,3835.70,3570.40,3627.80,0
BOVESPA,19950110,3627.80,3691.90,3175.30,3270.00,0
BOVESPA,19950111,3270.00,3504.70,3108.60,3499.10,0
BOVESPA,19950112,3499.10,3840.70,3499.10,3840.60,0
BOVESPA,19950113,3840.60,4107.60,3785.40,4103.80,0
BOVESPA,19950116,4103.80,4103.80,3864.70,4056.40,0
BOVESPA,19950117,4056.40,4255.90,3984.70,4209.80,0
BOVESPA,19950118,4209.80,4220.70,4078.20,4078.50,0
BOVESPA,19950119,4078.50,4078.50,3776.00,3809.40,0
BOVESPA,19950120,3809.40,3870.60,3809.40,3862.30,0
BOVESPA,19950123,3862.30,3862.30,3679.80,3758.50,0
BOVESPA,19950124,3758.50,3863.70,3758.50,3840.30,0
BOVESPA,19950126,3840.30,3973.00,3840.30,3926.90,0
BOVESPA,19950127,3926.90,3951.20,3734.20,3784.30,0
BOVESPA,19950130,3784.30,3784.30,3580.70,3580.70,0
BOVESPA,19950131,3580.70,3913.50,3546.80,3885.00,0
BOVESPA,19950201,3885.00,4067.20,3885.00,3989.80,0
BOVESPA,19950202,3989.80,3989.80,3828.60,3897.90,0
BOVESPA,19950203,3897.90,3975.00,3837.20,3944.40,0
BOVESPA,19950206,3944.40,3987.10,3811.30,3829.80,0
BOVESPA,19950207,3829.80,3829.80,3637.40,3637.40,0
BOVESPA,19950208,3637.40,3706.50,3553.20,3556.30,0
BOVESPA,19950209,3556.30,3556.30,3284.50,3401.60,0
BOVESPA,19950210,3401.60,3401.60,3256.50,3307.70,0
BOVESPA,19950213,3307.70,3433.00,3288.20,3294.90,0
BOVESPA,19950214,3294.90,3294.90,3137.50,3192.20,0
BOVESPA,19950215,3192.20,3285.00,3061.10,3069.40,0
BOVESPA,19950216,3069.40,3069.40,2809.70,2863.80,0
BOVESPA,19950217,2863.80,3023.30,2863.80,3023.30,0
BOVESPA,19950220,3023.30,3053.80,2954.80,2961.60,0
BOVESPA,19950221,2961.60,2963.00,2782.20,2793.10,0
BOVESPA,19950222,2793.10,2883.30,2762.00,2872.40,0
BOVESPA,19950223,2872.40,3217.40,2872.40,3217.40,0
BOVESPA,19950224,3217.40,3345.80,3184.40,3270.90,0
BOVESPA,19950302,3270.90,3270.90,2970.20,2989.10,0
BOVESPA,19950303,2989.10,3018.10,2841.70,2988.00,0
BOVESPA,19950306,2988.00,3035.70,2856.50,2867.20,0
BOVESPA,19950307,2867.20,2956.40,2607.20,2615.70,0
BOVESPA,19950308,2615.70,2701.10,2351.30,2363.30,0
BOVESPA,19950309,2363.30,2448.70,2110.00,2138.30,0
BOVESPA,19950310,2138.30,2686.20,2138.30,2686.20,0
BOVESPA,19950313,2686.20,2787.90,2542.40,2670.90,0
BOVESPA,19950314,2670.90,3056.20,2670.90,3016.90,0
BOVESPA,19950315,3016.90,3082.80,2901.40,2939.40,0
BOVESPA,19950316,2939.40,3141.90,2915.20,3141.70,0
BOVESPA,19950317,3141.70,3164.70,2899.20,2981.10,0
BOVESPA,19950320,2981.10,3038.90,2844.10,2870.10,0
BOVESPA,19950321,2870.10,3034.60,2870.10,3006.10,0
BOVESPA,19950322,3006.10,3148.80,2944.40,3003.90,0
BOVESPA,19950323,3003.90,3145.60,2914.70,3145.60,0
BOVESPA,19950324,3145.60,3388.00,3145.60,3361.20,0
BOVESPA,19950327,3361.20,3494.90,3336.20,3372.30,0
BOVESPA,19950328,3372.30,3372.30,3237.50,3255.80,0
BOVESPA,19950329,3255.80,3309.50,3154.00,3198.20,0
BOVESPA,19950330,3198.20,3356.00,3116.70,3125.50,0
BOVESPA,19950331,3125.50,3125.50,2947.00,2979.00,0
BOVESPA,19950403,2979.00,2983.10,2867.10,2893.50,0
BOVESPA,19950404,2893.50,3125.10,2893.50,3125.10,0
BOVESPA,19950405,3125.10,3191.80,3072.80,3180.30,0
BOVESPA,19950406,3180.40,3302.00,3180.40,3254.60,0
BOVESPA,19950407,3254.60,3257.10,3159.70,3203.00,0
BOVESPA,19950410,3192.60,3192.60,3104.90,3114.10,0
BOVESPA,19950411,3114.10,3114.10,2944.00,3017.80,0
BOVESPA,19950412,3017.80,3030.90,2897.40,3020.80,0
BOVESPA,19950417,3020.80,3163.40,3013.60,3113.10,0
BOVESPA,19950418,3113.10,3197.70,3081.20,3193.90,0
BOVESPA,19950419,3193.90,3337.50,3181.70,3330.70,0
BOVESPA,19950420,3330.70,3402.40,3270.20,3384.30,0
BOVESPA,19950424,3384.30,3516.30,3377.10,3512.90,0
BOVESPA,19950425,3512.90,3776.90,3477.80,3699.10,0
BOVESPA,19950426,3699.10,3908.10,3699.10,3825.90,0
BOVESPA,19950427,3825.90,3913.10,3782.10,3851.10,0
BOVESPA,19950428,3851.10,3923.60,3787.20,3813.70,0
BOVESPA,19950502,3813.70,3879.30,3727.00,3861.50,0
BOVESPA,19950503,3861.50,4053.30,3861.50,3976.00,0
BOVESPA,19950504,3976.00,4063.60,3945.20,4043.90,0
BOVESPA,19950505,4043.90,4080.60,3986.00,4008.20,0
BOVESPA,19950508,4008.20,4008.20,3900.70,3914.20,0
BOVESPA,19950509,3914.20,4091.50,3914.20,4065.40,0
BOVESPA,19950510,4065.40,4151.10,4044.40,4050.40,0
BOVESPA,19950511,4050.40,4079.00,3927.90,3951.10,0
BOVESPA,19950512,3951.10,3998.30,3922.60,3998.30,0
BOVESPA,19950515,3998.30,4044.30,3882.00,3894.00,0
BOVESPA,19950516,3894.00,3895.50,3787.00,3835.10,0
BOVESPA,19950517,3835.10,3976.70,3835.10,3964.40,0
BOVESPA,19950518,3964.40,4038.00,3964.40,4008.10,0
BOVESPA,19950519,4008.10,4008.10,3888.30,3950.00,0
BOVESPA,19950522,3950.00,4042.50,3935.20,4033.70,0
BOVESPA,19950523,4033.70,4110.40,4027.90,4048.70,0
BOVESPA,19950524,4048.70,4146.30,4041.90,4099.60,0
BOVESPA,19950525,4099.60,4185.10,4015.20,4019.00,0
BOVESPA,19950526,4019.00,4019.00,3905.00,3905.00,0
BOVESPA,19950529,3905.00,3905.00,3797.30,3896.30,0
BOVESPA,19950530,3896.30,3911.60,3700.10,3706.80,0
BOVESPA,19950531,3706.80,3824.40,3688.90,3720.60,0
BOVESPA,19950601,3720.60,3783.60,3661.60,3773.60,0
BOVESPA,19950602,3773.60,3982.10,3773.60,3966.50,0
BOVESPA,19950605,3966.50,4067.30,3966.50,4062.80,0
BOVESPA,19950606,4062.80,4062.80,3900.50,3933.30,0
BOVESPA,19950607,3933.30,3935.30,3782.40,3808.20,0
BOVESPA,19950608,3808.20,3879.80,3726.40,3818.50,0
BOVESPA,19950609,3818.50,3819.10,3637.20,3670.70,0
BOVESPA,19950612,3670.70,3714.80,3589.80,3704.80,0
BOVESPA,19950613,3704.80,3790.50,3673.00,3789.30,0
BOVESPA,19950614,3789.30,3789.30,3649.00,3665.00,0
BOVESPA,19950616,3665.00,3730.20,3635.20,3717.90,0
BOVESPA,19950619,3717.90,3764.70,3673.70,3696.10,0
BOVESPA,19950620,3696.10,3697.60,3562.60,3576.90,0
BOVESPA,19950621,3576.90,3638.70,3517.60,3631.60,0
BOVESPA,19950622,3631.60,3658.70,3575.20,3598.80,0
BOVESPA,19950623,3598.80,3671.80,3545.00,3585.60,0
BOVESPA,19950626,3585.60,3586.80,3516.00,3537.00,0
BOVESPA,19950627,3537.00,3693.00,3537.00,3661.30,0
BOVESPA,19950628,3661.30,3693.00,3537.00,3661.30,0
BOVESPA,19950629,3715.40,3715.40,3664.10,3678.00,0
BOVESPA,19950630,3678.00,3710.00,3601.40,3603.40,0
BOVESPA,19950703,3603.40,3629.20,3574.40,3594.40,0
BOVESPA,19950704,3594.40,3641.10,3585.50,3633.60,0
BOVESPA,19950705,3633.60,3732.30,3588.90,3700.30,0
BOVESPA,19950706,3700.30,3821.00,3700.30,3821.00,0
BOVESPA,19950707,3821.00,3968.70,3819.50,3961.70,0
BOVESPA,19950710,3961.70,4013.30,3941.70,3958.40,0
BOVESPA,19950711,3958.40,3963.10,3878.10,3889.20,0
BOVESPA,19950712,3889.20,4026.70,3861.60,4026.50,0
BOVESPA,19950713,4026.50,4079.50,3989.80,4007.50,0
BOVESPA,19950714,4007.50,4027.50,3935.10,4026.80,0
BOVESPA,19950717,4026.80,4051.20,3963.20,4016.10,0
BOVESPA,19950718,4016.10,4017.50,3903.60,3919.20,0
BOVESPA,19950719,3919.20,3933.70,3818.80,3829.40,0
BOVESPA,19950720,3829.40,3943.20,3829.40,3939.00,0
BOVESPA,19950721,3939.00,3950.80,3858.50,3862.40,0
BOVESPA,19950724,3862.40,3903.20,3852.00,3899.70,0
BOVESPA,19950725,3899.70,3945.30,3887.10,3917.90,0
BOVESPA,19950726,3917.90,3921.00,3857.90,3878.80,0
BOVESPA,19950727,3878.80,3923.80,3815.70,3912.90,0
BOVESPA,19950728,3912.90,3952.10,3874.60,3888.40,0
BOVESPA,19950731,3888.40,3888.40,3846.20,3877.50,0
BOVESPA,19950801,3877.50,3893.30,3817.70,3870.80,0
BOVESPA,19950802,3870.80,3971.00,3870.80,3918.50,0
BOVESPA,19950803,3918.50,4025.50,3878.00,4025.50,0
BOVESPA,19950804,4025.50,4200.60,4025.50,4200.40,0
BOVESPA,19950807,4200.40,4393.90,4194.40,4393.90,0
BOVESPA,19950808,4393.90,4393.90,4248.20,4310.80,0
BOVESPA,19950809,4310.80,4364.20,4251.40,4279.80,0
BOVESPA,19950810,4279.80,4337.00,4252.60,4337.00,0
BOVESPA,19950811,4337.00,4337.00,4147.70,4193.00,0
BOVESPA,19950814,4193.00,4193.00,4043.00,4081.20,0
BOVESPA,19950815,4081.20,4235.80,4079.10,4156.40,0
BOVESPA,19950816,4156.40,4236.50,4077.10,4223.30,0
BOVESPA,19950817,4223.30,4298.10,4206.20,4229.20,0
BOVESPA,19950818,4229.20,4276.70,4213.40,4235.40,0
BOVESPA,19950821,4235.40,4303.90,4231.00,4299.00,0
BOVESPA,19950822,4299.00,4353.40,4262.00,4305.60,0
BOVESPA,19950823,4305.60,4489.40,4305.60,4471.20,0
BOVESPA,19950824,4471.20,4538.50,4417.20,4445.00,0
BOVESPA,19950825,4445.00,4488.60,4408.40,4459.20,0
BOVESPA,19950828,4459.20,4554.60,4459.20,4515.00,0
BOVESPA,19950829,4515.00,4515.00,4358.80,4367.80,0
BOVESPA,19950830,4367.80,4367.80,4185.70,4236.10,0
BOVESPA,19950831,4236.10,4343.30,4215.00,4310.50,0
BOVESPA,19950901,4310.50,4455.10,4310.50,4450.00,0
BOVESPA,19950904,4450.00,4520.20,4445.00,4520.20,0
BOVESPA,19950905,4520.20,4565.30,4493.00,4563.10,0
BOVESPA,19950906,4563.10,4582.50,4527.80,4550.00,0
BOVESPA,19950908,4550.00,4568.10,4529.50,4531.60,0
BOVESPA,19950911,4531.60,4638.60,4517.20,4638.60,0
BOVESPA,19950912,4638.60,4730.80,4638.60,4703.70,0
BOVESPA,19950913,4703.70,4829.00,4659.90,4737.40,0
BOVESPA,19950914,4737.40,4870.10,4733.60,4810.50,0
BOVESPA,19950915,4810.50,4849.00,4770.90,4801.80,0
BOVESPA,19950918,4801.80,4883.20,4801.80,4851.40,0
BOVESPA,19950919,4851.40,4885.10,4812.20,4861.20,0
BOVESPA,19950920,4861.20,4882.20,4767.40,4776.60,0
BOVESPA,19950921,4776.60,4783.30,4676.20,4693.60,0
BOVESPA,19950922,4693.60,4693.60,4607.50,4673.80,0
BOVESPA,19950925,4673.80,4673.80,4568.50,4579.10,0
BOVESPA,19950926,4579.10,4637.10,4530.30,4544.00,0
BOVESPA,19950927,4544.00,4576.10,4483.50,4548.00,0
BOVESPA,19950928,4548.00,4616.00,4548.00,4566.70,0
BOVESPA,19950929,4556.70,4673.70,4556.50,4670.10,0
BOVESPA,19951002,4670.10,4684.90,4538.00,4538.00,0
BOVESPA,19951003,4538.00,4555.50,4424.40,4504.20,0
BOVESPA,19951004,4504.20,4506.60,4411.60,4426.30,0
BOVESPA,19951005,4426.30,4521.00,4424.00,4498.70,0
BOVESPA,19951006,4498.70,4545.10,4485.80,4514.60,0
BOVESPA,19951009,4514.60,4515.10,4436.40,4456.70,0
BOVESPA,19951010,4456.70,4456.70,4345.40,4409.50,0
BOVESPA,19951011,4409.50,4501.70,4409.50,4500.70,0
BOVESPA,19951013,4500.70,4537.50,4495.80,4513.60,0
BOVESPA,19951016,4513.60,4551.70,4483.90,4549.60,0
BOVESPA,19951017,4549.60,4621.00,4549.60,4621.00,0
BOVESPA,19951018,4621.00,4631.70,4582.20,4601.70,0
BOVESPA,19951019,4601.70,4601.70,4571.50,4585.00,0
BOVESPA,19951020,4585.00,4672.50,4585.00,4668.80,0
BOVESPA,19951023,4668.80,4668.80,4563.00,4563.90,0
BOVESPA,19951024,4563.90,4573.40,4477.30,4528.20,0
BOVESPA,19951025,4528.20,4558.80,4343.50,4343.80,0
BOVESPA,19951026,4343.80,4343.80,4059.30,4060.30,0
BOVESPA,19951027,4060.30,4177.50,3922.70,4140.60,0
BOVESPA,19951030,4140.60,4174.00,4053.60,4069.10,0
BOVESPA,19951031,4069.10,4140.50,4066.40,4128.40,0
BOVESPA,19951101,4128.40,4170.20,4072.80,4099.80,0
BOVESPA,19951103,4099.80,4180.30,4097.80,4158.80,0
BOVESPA,19951106,4158.80,4168.50,4081.90,4094.30,0
BOVESPA,19951107,4089.60,4114.80,4002.90,4111.20,0
BOVESPA,19951108,4111.20,4172.80,4050.90,4117.10,0
BOVESPA,19951109,4117.10,4158.00,4072.00,4112.90,0
BOVESPA,19951110,4112.90,4126.40,3930.60,3958.00,0
BOVESPA,19951113,3953.30,3953.30,3760.50,3787.00,0
BOVESPA,19951114,3787.00,3842.80,3713.70,3797.30,0
BOVESPA,19951115,3787.00,3842.80,3713.70,3797.30,0
BOVESPA,19951116,3799.70,4003.60,3799.70,4003.60,0
BOVESPA,19951117,4003.60,4106.20,3996.20,4063.60,0
BOVESPA,19951120,4063.60,4063.60,3903.30,3966.10,0
BOVESPA,19951121,3966.10,4059.50,3897.20,4059.50,0
BOVESPA,19951122,4059.50,4157.80,4033.30,4105.80,0
BOVESPA,19951123,4105.80,4197.80,4051.40,4191.00,0
BOVESPA,19951124,4191.00,4209.10,4070.70,4081.60,0
BOVESPA,19951127,4081.60,4128.50,3982.70,4105.20,0
BOVESPA,19951128,4105.20,4170.10,4043.50,4049.80,0
BOVESPA,19951129,4049.80,4182.50,4047.50,4182.50,0
BOVESPA,19951130,4184.80,4390.70,4184.80,4378.60,0
BOVESPA,19951201,4378.60,4388.20,4249.00,4346.00,0
BOVESPA,19951204,4346.00,4390.10,4296.30,4334.20,0
BOVESPA,19951205,4334.20,4346.50,4263.60,4281.10,0
BOVESPA,19951206,4281.10,4392.80,4277.80,4303.60,0
BOVESPA,19951207,4303.60,4351.40,4277.90,4318.80,0
BOVESPA,19951208,4318.80,4356.30,4292.50,4299.30,0
BOVESPA,19951211,4299.30,4310.10,4267.30,4306.30,0
BOVESPA,19951212,4306.30,4376.50,4305.30,4365.60,0
BOVESPA,19951213,4365.60,4392.30,4350.10,4369.80,0
BOVESPA,19951214,4369.80,4370.70,4135.70,4183.30,0
BOVESPA,19951215,4183.30,4216.80,4110.10,4158.70,0
BOVESPA,19951218,4151.60,4151.60,4015.40,4056.00,0
BOVESPA,19951219,4056.00,4073.50,3957.60,4035.00,0
BOVESPA,19951220,4036.10,4205.70,4036.10,4205.70,0
BOVESPA,19951221,4205.70,4260.50,4190.40,4252.00,0
BOVESPA,19951222,4254.40,4373.20,4254.40,4343.20,0
BOVESPA,19951226,4382.70,4382.70,4345.60,4364.00,0
BOVESPA,19951227,4364.00,4397.30,4336.30,4346.30,0
BOVESPA,19951228,4346.30,4347.50,4272.30,4299.00,0
BOVESPA,19960102,4299.00,4393.40,4299.00,4390.10,0
BOVESPA,19960103,4392.60,4685.60,4392.60,4681.50,0
BOVESPA,19960104,4681.50,4746.30,4651.10,4684.10,0
BOVESPA,19960105,4684.10,4711.10,4582.40,4694.30,0
BOVESPA,19960108,4796.80,4796.80,4695.10,4741.00,0
BOVESPA,19960109,4740.40,4740.40,4620.70,4653.90,0
BOVESPA,19960110,4653.90,4676.90,4562.40,4622.20,0
BOVESPA,19960111,4622.20,4749.20,4619.30,4748.70,0
BOVESPA,19960112,4748.70,4852.90,4748.00,4846.60,0
BOVESPA,19960115,4846.60,4896.80,4810.80,4895.40,0
BOVESPA,19960116,4895.40,4964.10,4832.30,4846.80,0
BOVESPA,19960117,4846.80,4860.50,4793.10,4836.20,0
BOVESPA,19960118,4836.20,4838.70,4753.40,4833.90,0
BOVESPA,19960119,4833.90,4912.80,4803.20,4909.00,0
BOVESPA,19960122,4909.00,4922.10,4838.00,4893.80,0
BOVESPA,19960123,4985.50,4985.50,4896.70,4985.20,0
BOVESPA,19960124,4985.50,5020.00,4920.20,4945.20,0
BOVESPA,19960126,4939.50,4939.50,4831.90,4907.70,0
BOVESPA,19960129,4907.70,4947.50,4875.00,4934.80,0
BOVESPA,19960130,5147.90,5147.90,4937.70,5133.50,0
BOVESPA,19960131,5133.50,5171.60,5083.70,5151.50,0
BOVESPA,19960201,5151.50,5292.10,5098.30,5269.40,0
BOVESPA,19960202,5269.40,5410.90,5256.90,5410.90,0
BOVESPA,19960205,5410.90,5410.90,5293.00,5332.90,0
BOVESPA,19960206,5332.90,5379.80,5296.30,5354.10,0
BOVESPA,19960207,5354.10,5362.00,5279.70,5283.00,0
BOVESPA,19960208,5283.00,5324.00,5193.10,5322.60,0
BOVESPA,19960209,5322.60,5352.00,5271.00,5305.40,0
BOVESPA,19960212,5305.40,5343.50,5248.90,5339.00,0
BOVESPA,19960213,5339.00,5398.10,5315.10,5385.60,0
BOVESPA,19960214,5385.60,5385.60,5273.90,5330.80,0
BOVESPA,19960215,5328.80,5328.80,5256.40,5273.70,0
BOVESPA,19960216,5273.70,5280.40,5149.80,5173.00,0
BOVESPA,19960222,5173.00,5240.20,5117.10,5237.70,0
BOVESPA,19960223,5237.70,5358.10,5237.70,5267.40,0
BOVESPA,19960226,5274.40,5287.70,5230.60,5245.20,0
BOVESPA,19960227,5245.20,5245.40,5176.80,5193.00,0
BOVESPA,19960228,5193.00,5231.20,5168.40,5199.30,0
BOVESPA,19960229,5199.30,5199.30,4939.60,4957.70,0
BOVESPA,19960301,5120.80,5120.80,4960.60,5083.40,0
BOVESPA,19960304,5083.40,5153.80,5081.40,5152.70,0
BOVESPA,19960305,5152.70,5224.40,5087.40,5198.00,0
BOVESPA,19960306,5195.60,5195.60,4969.50,4975.30,0
BOVESPA,19960307,4966.70,4966.70,4658.60,4756.00,0
BOVESPA,19960308,4756.00,4835.90,4643.20,4721.90,0
BOVESPA,19960311,4721.90,4771.80,4595.60,4771.80,0
BOVESPA,19960312,4771.80,4805.30,4710.00,4739.40,0
BOVESPA,19960313,4848.40,4848.40,4741.80,4805.60,0
BOVESPA,19960314,4870.30,4870.30,4778.70,4841.30,0
BOVESPA,19960315,4853.90,4853.90,4776.60,4852.50,0
BOVESPA,19960318,4923.20,4923.20,4849.50,4887.00,0
BOVESPA,19960319,4920.10,4920.10,4838.80,4851.50,0
BOVESPA,19960320,4871.90,4871.90,4745.80,4868.40,0
BOVESPA,19960321,5002.60,5002.60,4871.40,4979.70,0
BOVESPA,19960322,5062.10,5062.10,4980.60,5051.20,0
BOVESPA,19960325,5112.40,5112.40,5031.60,5031.60,0
BOVESPA,19960326,5047.40,5047.40,4928.00,4981.70,0
BOVESPA,19960327,5043.10,5043.10,4936.30,5039.60,0
BOVESPA,19960328,5039.00,5039.00,4942.70,4980.50,0
BOVESPA,19960329,5014.90,5014.90,4923.30,4954.90,0
BOVESPA,19960401,5022.40,5022.40,4951.80,5009.30,0
BOVESPA,19960402,5032.30,5032.30,4972.40,4985.60,0
BOVESPA,19960403,4987.30,4987.30,4913.60,4977.60,0
BOVESPA,19960408,4976.80,4976.80,4831.20,4853.70,0
BOVESPA,19960409,4894.30,4894.30,4834.50,4866.50,0
BOVESPA,19960410,4926.90,4926.90,4860.80,4889.60,0
BOVESPA,19960411,4909.70,4909.70,4842.30,4885.20,0
BOVESPA,19960412,5015.70,5015.70,4885.20,5015.60,0
BOVESPA,19960415,5023.10,5023.10,4967.30,5022.40,0
BOVESPA,19960416,5025.60,5025.60,4974.60,4989.30,0
BOVESPA,19960417,5015.50,5015.50,4963.40,5003.90,0
BOVESPA,19960418,5012.70,5012.70,4954.10,5002.00,0
BOVESPA,19960419,5080.90,5080.90,4994.90,5075.60,0
BOVESPA,19960422,5136.90,5136.90,5070.10,5079.70,0
BOVESPA,19960423,5079.70,5079.70,5032.40,5061.90,0
BOVESPA,19960424,5090.60,5090.60,5038.00,5047.00,0
BOVESPA,19960425,5121.90,5121.90,5049.30,5121.90,0
BOVESPA,19960426,5161.20,5161.20,5120.80,5142.60,0
BOVESPA,19960429,5149.30,5149.30,5097.50,5149.30,0
BOVESPA,19960430,5175.20,5175.20,5134.10,5164.10,0
BOVESPA,19960502,5191.50,5191.50,5130.50,5146.00,0
BOVESPA,19960503,5170.20,5170.20,5098.70,5101.50,0
BOVESPA,19960506,5154.00,5154.00,5097.30,5153.00,0
BOVESPA,19960507,5284.60,5284.60,5139.40,5284.20,0
BOVESPA,19960508,5363.80,5363.80,5268.80,5360.50,0
BOVESPA,19960509,5406.90,5406.90,5336.70,5388.50,0
BOVESPA,19960510,5411.60,5411.60,5338.00,5345.50,0
BOVESPA,19960513,5483.80,5483.80,5345.60,5480.20,0
BOVESPA,19960514,5508.30,5508.30,5413.50,5428.10,0
BOVESPA,19960515,5499.70,5499.70,5422.20,5442.50,0
BOVESPA,19960516,5495.00,5495.00,5379.40,5475.60,0
BOVESPA,19960517,5573.30,5573.30,5475.60,5560.40,0
BOVESPA,19960520,5661.90,5661.90,5532.40,5655.70,0
BOVESPA,19960521,5675.70,5675.70,5589.50,5602.00,0
BOVESPA,19960522,5683.70,5683.80,5551.10,5681.50,0
BOVESPA,19960523,5679.30,5679.30,5519.10,5530.90,0
BOVESPA,19960524,5602.90,5602.90,5530.90,5600.70,0
BOVESPA,19960527,5632.50,5632.50,5584.80,5628.00,0
BOVESPA,19960528,5721.80,5721.80,5628.00,5710.80,0
BOVESPA,19960529,5713.00,5713.00,5622.10,5625.70,0
BOVESPA,19960530,5689.80,5689.80,5610.50,5687.80,0
BOVESPA,19960531,5764.20,5764.20,5662.40,5728.00,0
BOVESPA,19960603,5725.80,5725.80,5623.40,5635.10,0
BOVESPA,19960604,5696.00,5696.00,5579.90,5599.40,0
BOVESPA,19960605,5616.70,5616.70,5543.80,5567.90,0
BOVESPA,19960607,5567.90,5567.90,5496.20,5530.20,0
BOVESPA,19960610,5575.60,5575.60,5434.50,5457.20,0
BOVESPA,19960611,5477.90,5477.90,5400.20,5413.40,0
BOVESPA,19960612,5536.40,5536.40,5397.80,5532.50,0
BOVESPA,19960613,5530.50,5530.50,5443.90,5503.80,0
BOVESPA,19960614,5634.90,5634.90,5483.30,5634.90,0
BOVESPA,19960617,5807.90,5807.90,5648.70,5804.90,0
BOVESPA,19960618,5804.90,5873.20,5799.00,5834.60,0
BOVESPA,19960619,5864.30,5864.30,5792.40,5817.10,0
BOVESPA,19960620,5824.50,5824.50,5780.40,5823.00,0
BOVESPA,19960621,6065.80,6065.80,5820.80,6053.10,0
BOVESPA,19960624,6215.70,6215.70,6053.10,6201.80,0
BOVESPA,19960625,6204.80,6204.80,6077.30,6082.40,0
BOVESPA,19960626,6278.90,6278.90,6074.60,6227.20,0
BOVESPA,19960627,6278.90,6278.90,6074.60,6227.20,0
BOVESPA,19960628,6181.60,6212.20,6020.20,6043.90,0
BOVESPA,19960701,6043.90,6173.50,6043.60,6156.20,0
BOVESPA,19960702,6288.90,6288.90,6156.90,6245.50,0
BOVESPA,19960703,6373.30,6373.30,6245.50,6355.90,0
BOVESPA,19960704,6473.20,6473.20,6310.70,6432.10,0
BOVESPA,19960705,6429.90,6429.90,6274.00,6286.50,0
BOVESPA,19960708,6381.90,6381.90,6243.80,6338.80,0
BOVESPA,19960709,6526.30,6526.30,6338.70,6488.00,0
BOVESPA,19960710,6544.00,6544.00,6380.40,6444.70,0
BOVESPA,19960711,6520.50,6520.50,6384.60,6508.50,0
BOVESPA,19960712,6713.20,6713.20,6505.60,6652.20,0
BOVESPA,19960715,6675.90,6675.90,6428.60,6432.90,0
BOVESPA,19960716,6458.80,6485.50,6055.10,6293.40,0
BOVESPA,19960717,6444.60,6444.60,6201.40,6214.70,0
BOVESPA,19960718,6313.40,6313.40,6155.10,6188.80,0
BOVESPA,19960719,6429.90,6429.90,6188.80,6411.70,0
BOVESPA,19960722,6445.10,6445.10,6275.10,6299.10,0
BOVESPA,19960723,6331.10,6331.10,6216.80,6222.60,0
BOVESPA,19960724,6222.60,6222.60,6038.00,6051.00,0
BOVESPA,19960725,6112.40,6112.40,5898.20,6096.30,0
BOVESPA,19960726,6162.30,6162.30,5968.10,5968.50,0
BOVESPA,19960729,6007.70,6007.70,5889.00,5909.40,0
BOVESPA,19960730,6149.40,6149.40,5879.40,6143.30,0
BOVESPA,19960731,6271.90,6271.90,6086.10,6123.30,0
BOVESPA,19960801,6308.30,6308.30,6158.30,6277.30,0
BOVESPA,19960802,6400.80,6400.80,6280.00,6363.60,0
BOVESPA,19960805,6365.60,6365.60,6228.00,6244.10,0
BOVESPA,19960806,6244.10,6244.10,6092.00,6130.80,0
BOVESPA,19960807,6190.80,6190.80,6099.00,6165.30,0
BOVESPA,19960808,6261.00,6261.00,6135.50,6257.30,0
BOVESPA,19960809,6337.50,6337.50,6197.30,6222.80,0
BOVESPA,19960812,6315.00,6315.00,6158.10,6304.20,0
BOVESPA,19960813,6335.20,6335.20,6179.30,6227.70,0
BOVESPA,19960814,6289.10,6289.10,6188.10,6227.10,0
BOVESPA,19960815,6374.30,6374.30,6229.00,6348.40,0
BOVESPA,19960816,6395.10,6395.10,6330.80,6352.90,0
BOVESPA,19960819,6356.00,6356.00,6265.50,6292.10,0
BOVESPA,19960820,6337.80,6337.80,6270.80,6337.10,0
BOVESPA,19960821,6380.60,6380.60,6284.20,6314.80,0
BOVESPA,19960822,6327.50,6327.50,6237.30,6248.90,0
BOVESPA,19960823,6249.00,6249.00,6141.30,6202.70,0
BOVESPA,19960826,6214.40,6214.40,6016.00,6028.10,0
BOVESPA,19960827,6126.20,6126.20,6030.30,6126.10,0
BOVESPA,19960828,6303.30,6303.30,6127.70,6294.80,0
BOVESPA,19960829,6354.70,6354.70,6237.90,6270.00,0
BOVESPA,19960830,6290.10,6290.10,6169.70,6259.40,0
BOVESPA,19960902,6269.10,6269.10,6219.50,6232.50,0
BOVESPA,19960903,6232.50,6284.00,6132.30,6270.00,0
BOVESPA,19960904,6279.90,6279.90,6237.40,6276.90,0
BOVESPA,19960905,6295.10,6295.10,6233.00,6254.00,0
BOVESPA,19960906,6353.40,6353.40,6261.20,6334.60,0
BOVESPA,19960909,6386.90,6386.90,6330.90,6382.80,0
BOVESPA,19960910,6416.80,6416.80,6378.70,6415.80,0
BOVESPA,19960911,6426.90,6426.90,6345.20,6358.10,0
BOVESPA,19960912,6414.30,6414.30,6359.90,6391.00,0
BOVESPA,19960913,6497.10,6497.10,6391.20,6464.30,0
BOVESPA,19960916,6539.30,6539.30,6466.10,6534.30,0
BOVESPA,19960917,6557.70,6557.70,6482.20,6512.40,0
BOVESPA,19960918,6512.10,6512.10,6457.70,6489.60,0
BOVESPA,19960919,6562.30,6562.30,6468.20,6560.20,0
BOVESPA,19960920,6631.50,6631.50,6560.20,6588.30,0
BOVESPA,19960923,6588.30,6588.90,6514.00,6551.70,0
BOVESPA,19960924,6621.30,6621.30,6542.00,6557.00,0
BOVESPA,19960925,6573.10,6573.10,6499.20,6513.90,0
BOVESPA,19960926,6513.90,6545.10,6502.20,6535.90,0
BOVESPA,19960927,6535.90,6544.70,6453.40,6458.90,0
BOVESPA,19960930,6476.60,6476.60,6422.50,6446.90,0
BOVESPA,19961001,6446.90,6525.80,6431.40,6521.80,0
BOVESPA,19961002,6612.00,6612.00,6522.80,6605.80,0
BOVESPA,19961004,6659.30,6659.30,6591.90,6626.90,0
BOVESPA,19961007,6627.30,6627.30,6575.30,6612.70,0
BOVESPA,19961008,6627.30,6659.40,6609.50,6651.60,0
BOVESPA,19961009,6651.60,6669.80,6592.50,6631.10,0
BOVESPA,19961010,6631.10,6634.70,6592.50,6626.70,0
BOVESPA,19961011,6626.70,6678.20,6596.60,6608.70,0
BOVESPA,19961014,6631.30,6631.30,6578.90,6631.30,0
BOVESPA,19961015,6747.00,6747.00,6631.30,6744.90,0
BOVESPA,19961016,6775.90,6775.90,6670.80,6733.50,0
BOVESPA,19961017,6786.40,6786.40,6714.50,6766.00,0
BOVESPA,19961018,6766.00,6816.10,6742.70,6798.10,0
BOVESPA,19961021,6851.50,6851.50,6761.70,6798.90,0
BOVESPA,19961022,6798.90,6798.90,6659.90,6675.60,0
BOVESPA,19961023,6658.10,6658.10,6543.00,6648.60,0
BOVESPA,19961024,6645.00,6645.00,6562.60,6588.80,0
BOVESPA,19961025,6595.00,6595.00,6492.60,6503.40,0
BOVESPA,19961028,6544.70,6544.70,6401.10,6401.10,0
BOVESPA,19961029,6401.10,6556.90,6316.90,6549.80,0
BOVESPA,19961030,6549.80,6591.10,6486.60,6543.20,0
BOVESPA,19961031,6543.20,6548.20,6477.00,6533.20,0
BOVESPA,19961101,6533.20,6670.10,6532.80,6641.20,0
BOVESPA,19961104,6641.20,6690.70,6614.30,6658.50,0
BOVESPA,19961105,6756.40,6756.40,6661.30,6697.60,0
BOVESPA,19961106,6757.80,6757.80,6682.90,6704.60,0
BOVESPA,19961107,6704.40,6704.40,6636.30,6666.70,0
BOVESPA,19961108,6666.70,6682.60,6558.80,6559.60,0
BOVESPA,19961111,6595.50,6595.50,6552.80,6582.90,0
BOVESPA,19961112,6624.20,6624.30,6512.20,6523.30,0
BOVESPA,19961113,6571.80,6571.80,6481.70,6571.00,0
BOVESPA,19961114,6595.40,6595.40,6508.90,6523.00,0
BOVESPA,19961118,6559.00,6559.00,6478.90,6556.30,0
BOVESPA,19961119,6571.60,6571.60,6517.00,6557.00,0
BOVESPA,19961120,6561.00,6561.00,6514.20,6541.30,0
BOVESPA,19961121,6633.10,6633.10,6541.30,6625.90,0
BOVESPA,19961122,6692.20,6692.20,6639.90,6645.30,0
BOVESPA,19961125,6689.60,6689.60,6637.20,6649.20,0
BOVESPA,19961126,6676.30,6676.30,6617.60,6631.50,0
BOVESPA,19961127,6635.10,6635.10,6562.40,6591.90,0
BOVESPA,19961128,6646.40,6646.40,6573.60,6644.90,0
BOVESPA,19961129,6691.70,6691.70,6639.30,6666.10,0
BOVESPA,19961202,6739.30,6739.30,6656.30,6735.60,0
BOVESPA,19961203,6854.80,6854.80,6750.10,6836.80,0
BOVESPA,19961204,6879.10,6879.10,6785.40,6797.60,0
BOVESPA,19961205,6964.40,6964.40,6791.60,6947.10,0
BOVESPA,19961206,6946.50,6946.50,6737.60,6872.90,0
BOVESPA,19961209,6912.80,6912.80,6819.50,6836.40,0
BOVESPA,19961210,6868.50,6868.50,6816.50,6855.90,0
BOVESPA,19961211,6835.20,6835.20,6658.90,6677.80,0
BOVESPA,19961212,6740.90,6740.90,6628.40,6657.50,0
BOVESPA,19961213,6691.40,6691.40,6613.50,6680.20,0
BOVESPA,19961216,6686.40,6686.40,6612.40,6654.40,0
BOVESPA,19961217,6794.40,6794.40,6599.10,6784.60,0
BOVESPA,19961218,6915.70,6915.70,6445.10,6910.40,0
BOVESPA,19961219,6965.50,6965.50,6872.70,6891.60,0
BOVESPA,19961220,6942.20,6942.20,6901.60,6942.20,0
BOVESPA,19961223,6931.80,6931.80,6887.50,6912.60,0
BOVESPA,19961226,6963.70,6963.70,6868.40,6957.80,0
BOVESPA,19961227,7010.30,7010.30,6959.20,7006.90,0
BOVESPA,19961230,7052.50,7052.50,7007.90,7039.90,0
BOVESPA,19970102,7040.00,7040.00,6955.40,6955.50,0
BOVESPA,19970103,7008.70,7008.70,6952.50,6997.80,0
BOVESPA,19970106,7171.70,7171.70,6993.60,7159.50,0
BOVESPA,19970107,7171.70,7171.70,6993.60,7159.50,0
BOVESPA,19970108,7463.40,7463.40,7297.50,7427.00,0
BOVESPA,19970109,7490.10,7490.10,7325.40,7454.20,0
BOVESPA,19970110,7493.40,7493.40,7348.40,7478.30,0
BOVESPA,19970113,7478.30,7478.30,7360.30,7411.80,0
BOVESPA,19970114,7631.90,7631.90,7411.80,7621.10,0
BOVESPA,19970115,7671.40,7671.40,7557.00,7667.60,0
BOVESPA,19970116,7742.50,7742.50,7632.90,7655.80,0
BOVESPA,19970117,7827.30,7827.30,7642.70,7816.30,0
BOVESPA,19970120,7836.20,7836.20,7734.70,7835.40,0
BOVESPA,19970121,7923.00,7923.00,7752.30,7904.90,0
BOVESPA,19970122,7931.60,7931.60,7788.20,7817.50,0
BOVESPA,19970123,7894.30,7894.30,7776.40,7890.70,0
BOVESPA,19970124,7890.70,7890.70,7740.10,7759.80,0
BOVESPA,19970127,7832.70,7832.70,7744.00,7759.10,0
BOVESPA,19970128,7871.30,7871.30,7755.20,7849.80,0
BOVESPA,19970129,7852.10,7852.10,7722.80,7736.90,0
BOVESPA,19970130,7802.10,7802.10,7720.40,7788.80,0
BOVESPA,19970131,7991.80,7991.80,7785.70,7964.70,0
BOVESPA,19970203,8104.10,8104.10,7963.30,8095.90,0
BOVESPA,19970204,8125.20,8125.20,8051.60,8102.30,0
BOVESPA,19970205,8232.40,8232.40,8103.00,8171.20,0
BOVESPA,19970206,8172.00,8172.00,8104.90,8147.90,0
BOVESPA,19970207,8172.00,8172.00,8104.90,8147.90,0
BOVESPA,19970211,8125.20,8125.20,8051.60,8102.30,0
BOVESPA,19970212,8679.00,8679.00,8317.70,8670.60,0
BOVESPA,19970213,8670.60,8931.50,8496.80,8764.90,0
BOVESPA,19970214,8764.90,8908.70,8645.20,8700.00,0
BOVESPA,19970217,8824.00,8824.00,8636.60,8816.10,0
BOVESPA,19970218,8951.80,8951.80,8738.90,8950.20,0
BOVESPA,19970219,9062.90,9062.90,8748.80,8771.30,0
BOVESPA,19970220,8808.00,8808.00,8635.10,8701.80,0
BOVESPA,19970221,8743.90,8743.90,8652.50,8719.50,0
BOVESPA,19970224,8964.90,8964.90,8645.30,8959.30,0
BOVESPA,19970225,9181.10,9181.10,8959.30,9149.10,0
BOVESPA,19970226,9150.40,9150.40,8810.20,8927.90,0
BOVESPA,19970227,8982.70,8982.70,8721.70,8776.80,0
BOVESPA,19970228,8828.70,8828.70,8685.40,8828.70,0
BOVESPA,19970303,8982.00,8982.00,8707.00,8978.00,0
BOVESPA,19970304,9157.00,9157.00,8930.00,8961.00,0
BOVESPA,19970305,9096.00,9096.00,8926.00,9074.00,0
BOVESPA,19970306,9189.00,9189.00,9069.00,9126.00,0
BOVESPA,19970307,9224.00,9224.00,9063.00,9181.00,0
BOVESPA,19970310,9423.00,9423.00,9180.00,9419.00,0
BOVESPA,19970311,9568.00,9568.00,9346.00,9565.00,0
BOVESPA,19970312,9565.00,9565.00,9291.00,9317.00,0
BOVESPA,19970313,9352.00,9352.00,9235.00,9314.00,0
BOVESPA,19970314,9507.00,9507.00,9315.00,9499.00,0
BOVESPA,19970317,9507.00,9507.00,9315.00,9499.00,0
BOVESPA,19970318,9323.00,9323.00,9153.00,9172.00,0
BOVESPA,19970319,9185.00,9185.00,9043.00,9088.00,0
BOVESPA,19970320,9337.00,9337.00,9089.00,9303.00,0
BOVESPA,19970321,9430.00,9430.00,9279.00,9302.00,0
BOVESPA,19970324,9332.00,9332.00,9190.00,9328.00,0
BOVESPA,19970325,9472.00,9472.00,9326.00,9380.00,0
BOVESPA,19970326,9382.00,9382.00,9244.00,9272.00,0
BOVESPA,19970331,9272.00,9272.00,9020.00,9044.00,0
BOVESPA,19970401,9140.00,9140.00,8982.00,9138.00,0
BOVESPA,19970402,9254.00,9254.00,9121.00,9237.00,0
BOVESPA,19970403,9364.00,9364.00,9221.00,9302.00,0
BOVESPA,19970404,9705.00,9705.00,9307.00,9705.00,0
BOVESPA,19970407,9937.00,9937.00,9705.00,9837.00,0
BOVESPA,19970408,9884.00,9884.00,9702.00,9738.00,0
BOVESPA,19970409,9914.00,9914.00,9746.00,9819.00,0
BOVESPA,19970410,9819.00,9906.00,9728.00,9733.00,0
BOVESPA,19970411,9733.00,9733.00,9502.00,9518.00,0
BOVESPA,19970414,9538.00,9538.00,9418.00,9456.00,0
BOVESPA,19970415,9610.00,9610.00,9456.00,9490.00,0
BOVESPA,19970416,9576.00,9576.00,9449.00,9566.00,0
BOVESPA,19970417,9566.00,9566.00,9399.00,9419.00,0
BOVESPA,19970418,9452.00,9452.00,9360.00,9422.00,0
BOVESPA,19970422,9480.00,9480.00,9419.00,9474.00,0
BOVESPA,19970423,9636.00,9636.00,9466.00,9634.00,0
BOVESPA,19970424,9747.00,9747.00,9633.00,9709.00,0
BOVESPA,19970425,9756.00,9756.00,9670.00,9732.00,0
BOVESPA,19970428,9787.00,9787.00,9702.00,9762.00,0
BOVESPA,19970429,9859.00,9859.00,9762.00,9858.00,0
BOVESPA,19970430,10000.00,10000.00,9847.00,9982.00,0
BOVESPA,19970502,10116.00,10116.00,9982.00,10074.00,0
BOVESPA,19970505,10099.00,10099.00,9994.00,9994.00,0
BOVESPA,19970506,10264.00,10264.00,9996.00,10219.00,0
BOVESPA,19970507,10236.00,10236.00,10118.00,10180.00,0
BOVESPA,19970508,10503.00,10503.00,10155.00,10437.00,0
BOVESPA,19970509,10596.00,10596.00,10437.00,10492.00,0
BOVESPA,19970512,10699.00,10699.00,10492.00,10681.00,0
BOVESPA,19970513,10725.00,10725.00,10577.00,10648.00,0
BOVESPA,19970514,10650.00,10650.00,10188.00,10283.00,0
BOVESPA,19970515,10560.00,10560.00,10256.00,10354.00,0
BOVESPA,19970516,10354.00,10511.00,10354.00,10499.00,0
BOVESPA,19970519,10556.00,10556.00,10471.00,10506.00,0
BOVESPA,19970520,10641.00,10641.00,10374.00,10641.00,0
BOVESPA,19970521,10836.00,10836.00,10641.00,10715.00,0
BOVESPA,19970522,10863.00,10863.00,10686.00,10745.00,0
BOVESPA,19970523,10808.00,10808.00,10717.00,10764.00,0
BOVESPA,19970526,10961.00,10961.00,10754.00,10961.00,0
BOVESPA,19970527,11134.00,11134.00,10923.00,11133.00,0
BOVESPA,19970528,11133.00,11330.00,11072.00,11301.00,0
BOVESPA,19970530,11458.00,11458.00,11150.00,11345.00,0
BOVESPA,19970602,11398.00,11398.00,11326.00,11361.00,0
BOVESPA,19970603,11414.00,11414.00,11058.00,11110.00,0
BOVESPA,19970604,11181.00,11181.00,11010.00,11030.00,0
BOVESPA,19970605,11141.00,11141.00,10988.00,11106.00,0
BOVESPA,19970606,11338.00,11338.00,11106.00,11334.00,0
BOVESPA,19970609,11510.00,11510.00,11333.00,11396.00,0
BOVESPA,19970610,11492.00,11492.00,11319.00,11429.00,0
BOVESPA,19970611,11490.00,11490.00,11360.00,11490.00,0
BOVESPA,19970612,11876.00,11876.00,11491.00,11852.00,0
BOVESPA,19970613,11852.00,11975.00,11752.00,11828.00,0
BOVESPA,19970616,11954.00,11954.00,11760.00,11954.00,0
BOVESPA,19970617,12218.00,12218.00,11944.00,12119.00,0
BOVESPA,19970618,12229.00,12229.00,12020.00,12206.00,0
BOVESPA,19970619,12206.00,12424.00,12181.00,12205.00,0
BOVESPA,19970620,12205.00,12218.00,12024.00,12121.00,0
BOVESPA,19970623,12121.00,12323.00,12109.00,12239.00,0
BOVESPA,19970624,12673.00,12673.00,12239.00,12587.00,0
BOVESPA,19970625,13056.00,13056.00,12587.00,13053.00,0
BOVESPA,19970626,13223.00,13223.00,12831.00,12874.00,0
BOVESPA,19970627,12920.00,12920.00,12662.00,12758.00,0
BOVESPA,19970630,12773.00,12773.00,12501.00,12568.00,0
BOVESPA,19970701,13013.00,13013.00,12556.00,13002.00,0
BOVESPA,19970702,13271.00,13271.00,12992.00,13260.00,0
BOVESPA,19970703,13414.00,13414.00,13137.00,13285.00,0
BOVESPA,19970704,13500.00,13500.00,13242.00,13494.00,0
BOVESPA,19970707,13597.00,13597.00,13412.00,13502.00,0
BOVESPA,19970708,13617.00,13617.00,13240.00,13617.00,0
BOVESPA,19970710,14005.00,14005.00,13567.00,13609.00,0
BOVESPA,19970711,13609.00,13609.00,13114.00,13153.00,0
BOVESPA,19970714,13153.00,13424.00,12453.00,12698.00,0
BOVESPA,19970715,12701.00,12701.00,11504.00,11617.00,0
BOVESPA,19970716,11617.00,12646.00,11617.00,12640.00,0
BOVESPA,19970717,12787.00,12787.00,11655.00,11728.00,0
BOVESPA,19970718,11740.00,11740.00,10765.00,11182.00,0
BOVESPA,19970721,11318.00,11318.00,10967.00,11292.00,0
BOVESPA,19970722,12253.00,12253.00,11294.00,12235.00,0
BOVESPA,19970723,11759.00,12705.00,11759.00,12427.00,0
BOVESPA,19970724,12642.00,12642.00,12326.00,12544.00,0
BOVESPA,19970725,12573.00,12573.00,12400.00,12523.00,0
BOVESPA,19970728,13061.00,13061.00,12561.00,12938.00,0
BOVESPA,19970729,13188.00,13188.00,12860.00,13044.00,0
BOVESPA,19970730,13239.00,13239.00,12937.00,13019.00,0
BOVESPA,19970731,13046.00,13046.00,12775.00,12872.00,0
BOVESPA,19970801,12846.00,12846.00,12178.00,12259.00,0
BOVESPA,19970804,12259.00,12259.00,11868.00,12017.00,0
BOVESPA,19970805,12224.00,12224.00,11887.00,11909.00,0
BOVESPA,19970806,12224.00,12544.00,11864.00,12523.00,0
BOVESPA,19970807,12620.00,12620.00,12268.00,12323.00,0
BOVESPA,19970808,12324.00,12324.00,12018.00,12129.00,0
BOVESPA,19970811,12239.00,12239.00,11845.00,11949.00,0
BOVESPA,19970812,12150.00,12150.00,11798.00,11810.00,0
BOVESPA,19970813,12045.00,12045.00,11696.00,11851.00,0
BOVESPA,19970814,12097.00,12097.00,11811.00,11905.00,0
BOVESPA,19970815,11891.00,11891.00,11316.00,11335.00,0
BOVESPA,19970818,10945.00,11370.00,10945.00,11338.00,0
BOVESPA,19970819,11481.00,11481.00,11160.00,11211.00,0
BOVESPA,19970820,11211.00,11211.00,10764.00,10849.00,0
BOVESPA,19970821,11207.00,11207.00,10849.00,11180.00,0
BOVESPA,19970822,10920.00,11180.00,10920.00,11158.00,0
BOVESPA,19970825,11422.00,11422.00,11155.00,11422.00,0
BOVESPA,19970826,11651.00,11651.00,11323.00,11626.00,0
BOVESPA,19970827,11589.00,11802.00,11589.00,11719.00,0
BOVESPA,19970828,11721.00,11721.00,11260.00,11267.00,0
BOVESPA,19970829,11267.00,11267.00,10518.00,10609.00,0
BOVESPA,19970901,10643.00,10643.00,9921.00,10109.00,0
BOVESPA,19970902,11065.00,11065.00,10112.00,11063.00,0
BOVESPA,19970903,11353.00,11353.00,10949.00,11119.00,0
BOVESPA,19970904,11456.00,11456.00,11011.00,11431.00,0
BOVESPA,19970905,11465.00,11928.00,11465.00,11838.00,0
BOVESPA,19970908,12020.00,12020.00,11666.00,11685.00,0
BOVESPA,19970909,11572.00,11822.00,11572.00,11735.00,0
BOVESPA,19970910,11773.00,11773.00,11297.00,11361.00,0
BOVESPA,19970911,11362.00,11362.00,10809.00,11094.00,0
BOVESPA,19970912,11377.00,11377.00,10918.00,11292.00,0
BOVESPA,19970915,11320.00,11320.00,10851.00,10865.00,0
BOVESPA,19970916,10791.00,11271.00,10791.00,11204.00,0
BOVESPA,19970917,11152.00,11553.00,11152.00,11524.00,0
BOVESPA,19970918,11457.00,11782.00,11457.00,11714.00,0
BOVESPA,19970919,11830.00,11830.00,11570.00,11650.00,0
BOVESPA,19970922,11880.00,11880.00,11650.00,11712.00,0
BOVESPA,19970923,11698.00,11698.00,11405.00,11516.00,0
BOVESPA,19970924,11647.00,11647.00,11463.00,11482.00,0
BOVESPA,19970925,11476.00,11476.00,11309.00,11385.00,0
BOVESPA,19970926,11385.00,11558.00,11385.00,11534.00,0
BOVESPA,19970929,11534.00,11614.00,11485.00,11614.00,0
BOVESPA,19970930,11840.00,11840.00,11619.00,11797.00,0
BOVESPA,19971001,11799.00,12183.00,11799.00,12173.00,0
BOVESPA,19971002,12173.00,12471.00,12173.00,12397.00,0
BOVESPA,19971003,12814.00,12814.00,12281.00,12541.00,0
BOVESPA,19971006,12770.00,12770.00,12575.00,12688.00,0
BOVESPA,19971007,12737.00,12737.00,12458.00,12481.00,0
BOVESPA,19971008,12530.00,12530.00,12270.00,12433.00,0
BOVESPA,19971009,12325.00,12725.00,12325.00,12684.00,0
BOVESPA,19971010,12609.00,12778.00,12609.00,12737.00,0
BOVESPA,19971013,12817.00,12817.00,12615.00,12698.00,0
BOVESPA,19971014,12911.00,12911.00,12635.00,12895.00,0
BOVESPA,19971015,12895.00,12960.00,12750.00,12830.00,0
BOVESPA,19971016,12910.00,12910.00,12568.00,12578.00,0
BOVESPA,19971017,12704.00,12704.00,12385.00,12488.00,0
BOVESPA,19971020,12718.00,12718.00,12446.00,12704.00,0
BOVESPA,19971021,12704.00,13037.00,12704.00,13016.00,0
BOVESPA,19971022,12835.00,13019.00,12835.00,12956.00,0
BOVESPA,19971023,12955.00,12955.00,11881.00,11899.00,0
BOVESPA,19971024,12308.00,12308.00,11234.00,11545.00,0
BOVESPA,19971027,11545.00,11545.00,9800.00,9817.00,0
BOVESPA,19971028,8564.00,10594.00,8564.00,10447.00,0
BOVESPA,19971029,10759.00,10759.00,9493.00,9818.00,0
BOVESPA,19971030,9819.00,9819.00,8855.00,8855.00,0
BOVESPA,19971031,9609.00,9609.00,8456.00,8986.00,0
BOVESPA,19971103,8986.00,9883.00,8986.00,9858.00,0
BOVESPA,19971104,9625.00,10279.00,9625.00,10254.00,0
BOVESPA,19971105,9922.00,10334.00,9922.00,9988.00,0
BOVESPA,19971106,9989.00,9989.00,9382.00,9435.00,0
BOVESPA,19971107,9434.00,9434.00,8443.00,8833.00,0
BOVESPA,19971110,8823.00,9266.00,8823.00,9006.00,0
BOVESPA,19971111,9067.00,9067.00,8704.00,8711.00,0
BOVESPA,19971112,8556.00,8556.00,7767.00,7822.00,0
BOVESPA,19971113,7522.00,8236.00,7522.00,8072.00,0
BOVESPA,19971114,8074.00,8779.00,8074.00,8732.00,0
BOVESPA,19971117,8735.00,9258.00,8735.00,9083.00,0
BOVESPA,19971118,8691.00,9084.00,8691.00,9028.00,0
BOVESPA,19971119,8904.00,9353.00,8904.00,9332.00,0
BOVESPA,19971120,9479.00,9479.00,9132.00,9189.00,0
BOVESPA,19971121,9189.00,9671.00,9189.00,9422.00,0
BOVESPA,19971124,9420.00,9420.00,9047.00,9070.00,0
BOVESPA,19971125,8862.00,9168.00,8862.00,9151.00,0
BOVESPA,19971126,9153.00,9451.00,9153.00,9373.00,0
BOVESPA,19971127,9371.00,9619.00,9371.00,9619.00,0
BOVESPA,19971128,9623.00,9623.00,9382.00,9395.00,0
BOVESPA,19971201,9396.00,9653.00,9396.00,9648.00,0
BOVESPA,19971202,9650.00,9982.00,9650.00,9964.00,0
BOVESPA,19971203,10072.00,10072.00,9906.00,9992.00,0
BOVESPA,19971204,10212.00,10212.00,10043.00,10046.00,0
BOVESPA,19971205,9946.00,10086.00,9946.00,10080.00,0
BOVESPA,19971208,10210.00,10210.00,10059.00,10079.00,0
BOVESPA,19971209,10076.00,10076.00,9794.00,9840.00,0
BOVESPA,19971210,9839.00,9839.00,9349.00,9462.00,0
BOVESPA,19971211,8853.00,9454.00,8853.00,9109.00,0
BOVESPA,19971212,8941.00,9362.00,8941.00,9147.00,0
BOVESPA,19971215,9035.00,9551.00,9035.00,9551.00,0
BOVESPA,19971216,9551.00,9854.00,9551.00,9743.00,0
BOVESPA,19971217,9923.00,9923.00,9712.00,9854.00,0
BOVESPA,19971218,9854.00,9854.00,9426.00,9483.00,0
BOVESPA,19971219,8910.00,9482.00,8910.00,9139.00,0
BOVESPA,19971222,9139.00,9504.00,9139.00,9494.00,0
BOVESPA,19971223,9641.00,9641.00,9469.00,9554.00,0
BOVESPA,19971226,9557.00,9713.00,9557.00,9707.00,0
BOVESPA,19971229,9794.00,10075.00,9794.00,10052.00,0
BOVESPA,19971230,10208.00,10208.00,10055.00,10197.00,0
BOVESPA,19980102,10197.00,10498.00,10197.00,10480.00,0
BOVESPA,19980105,10427.00,10655.00,10427.00,10607.00,0
BOVESPA,19980106,10607.00,10607.00,10135.00,10185.00,0
BOVESPA,19980107,10215.00,10215.00,9760.00,9879.00,0
BOVESPA,19980108,9874.00,9874.00,9495.00,9658.00,0
BOVESPA,19980109,9656.00,9656.00,9118.00,9118.00,0
BOVESPA,19980112,8441.00,9254.00,8441.00,9227.00,0
BOVESPA,19980113,9228.00,9587.00,9228.00,9416.00,0
BOVESPA,19980114,9744.00,9744.00,9324.00,9349.00,0
BOVESPA,19980115,9082.00,9358.00,9082.00,9140.00,0
BOVESPA,19980116,9145.00,9457.00,9145.00,9448.00,0
BOVESPA,19980119,9451.00,9767.00,9451.00,9753.00,0
BOVESPA,19980120,9817.00,9817.00,9529.00,9568.00,0
BOVESPA,19980121,9568.00,9568.00,9348.00,9385.00,0
BOVESPA,19980122,9234.00,9746.00,9234.00,9709.00,0
BOVESPA,19980123,9782.00,9782.00,9417.00,9468.00,0
BOVESPA,19980126,9667.00,9667.00,9465.00,9513.00,0
BOVESPA,19980127,9725.00,9725.00,9518.00,9651.00,0
BOVESPA,19980128,9651.00,9848.00,9651.00,9773.00,0
BOVESPA,19980129,9910.00,9910.00,9755.00,9786.00,0
BOVESPA,19980130,9840.00,9840.00,9638.00,9720.00,0
BOVESPA,19980202,9716.00,9992.00,9716.00,9973.00,0
BOVESPA,19980203,9810.00,10055.00,9810.00,10055.00,0
BOVESPA,19980204,10056.00,10056.00,9886.00,9971.00,0
BOVESPA,19980205,10159.00,10159.00,9875.00,9948.00,0
BOVESPA,19980206,9925.00,10030.00,9925.00,10011.00,0
BOVESPA,19980209,10007.00,10256.00,10007.00,10240.00,0
BOVESPA,19980210,10313.00,10313.00,10232.00,10278.00,0
BOVESPA,19980211,10278.00,10495.00,10278.00,10485.00,0
BOVESPA,19980212,10486.00,10486.00,10238.00,10350.00,0
BOVESPA,19980213,10291.00,10393.00,10291.00,10391.00,0
BOVESPA,19980216,10365.00,10365.00,10200.00,10233.00,0
BOVESPA,19980217,10234.00,10420.00,10234.00,10420.00,0
BOVESPA,19980218,10445.00,10445.00,10286.00,10322.00,0
BOVESPA,19980219,10163.00,10316.00,10163.00,10236.00,0
BOVESPA,19980220,10198.00,10319.00,10198.00,10319.00,0
BOVESPA,19980223,10198.00,10319.00,10198.00,10319.00,0
BOVESPA,19980225,10291.00,10546.00,10291.00,10546.00,0
BOVESPA,19980226,10626.00,10626.00,10516.00,10557.00,0
BOVESPA,19980227,10421.00,10577.00,10421.00,10571.00,0
BOVESPA,19980302,10572.00,10901.00,10572.00,10845.00,0
BOVESPA,19980303,10572.00,10901.00,10572.00,10845.00,0
BOVESPA,19980304,10939.00,10939.00,10798.00,10899.00,0
BOVESPA,19980305,10749.00,10990.00,10749.00,10948.00,0
BOVESPA,19980306,10948.00,11204.00,10948.00,11159.00,0
BOVESPA,19980309,11296.00,11296.00,11137.00,11167.00,0
BOVESPA,19980310,11228.00,11228.00,11121.00,11181.00,0
BOVESPA,19980311,11331.00,11331.00,11181.00,11223.00,0
BOVESPA,19980312,11183.00,11365.00,11183.00,11356.00,0
BOVESPA,19980313,11358.00,11604.00,11358.00,11566.00,0
BOVESPA,19980316,11495.00,11614.00,11495.00,11601.00,0
BOVESPA,19980317,11568.00,11808.00,11568.00,11808.00,0
BOVESPA,19980318,11964.00,11964.00,11724.00,11894.00,0
BOVESPA,19980319,11913.00,11913.00,11793.00,11832.00,0
BOVESPA,19980320,11812.00,11971.00,11812.00,11919.00,0
BOVESPA,19980323,11804.00,12037.00,11804.00,12025.00,0
BOVESPA,19980324,12082.00,12082.00,11897.00,11905.00,0
BOVESPA,19980325,11998.00,11998.00,11734.00,11756.00,0
BOVESPA,19980326,11689.00,11945.00,11689.00,11945.00,0
BOVESPA,19980327,11945.00,12112.00,11864.00,11900.00,0
BOVESPA,19980330,11902.00,11902.00,11717.00,11750.00,0
BOVESPA,19980331,11753.00,11975.00,11753.00,11947.00,0
BOVESPA,19980401,11950.00,11950.00,11752.00,11837.00,0
BOVESPA,19980402,11750.00,11959.00,11750.00,11858.00,0
BOVESPA,19980403,11855.00,11855.00,11494.00,11634.00,0
BOVESPA,19980406,11637.00,11968.00,11637.00,11948.00,0
BOVESPA,19980407,11993.00,11993.00,11815.00,11847.00,0
BOVESPA,19980408,11807.00,12008.00,11807.00,11975.00,0
BOVESPA,19980413,11975.00,12121.00,11975.00,12121.00,0
BOVESPA,19980414,12121.00,12273.00,12121.00,12270.00,0
BOVESPA,19980415,12160.00,12339.00,12160.00,12299.00,0
BOVESPA,19980416,12250.00,12250.00,12042.00,12091.00,0
BOVESPA,19980417,11965.00,12109.00,11965.00,12109.00,0
BOVESPA,19980420,11988.00,12202.00,11988.00,12028.00,0
BOVESPA,19980422,11936.00,11936.00,11661.00,11703.00,0
BOVESPA,19980423,11918.00,11918.00,11551.00,11572.00,0
BOVESPA,19980424,11548.00,11755.00,11548.00,11728.00,0
BOVESPA,19980427,11620.00,11620.00,11051.00,11057.00,0
BOVESPA,19980428,11057.00,11395.00,11057.00,11377.00,0
BOVESPA,19980429,11377.00,11610.00,11311.00,11528.00,0
BOVESPA,19980430,11532.00,11784.00,11532.00,11677.00,0
BOVESPA,19980504,11719.00,11789.00,11457.00,11507.00,0
BOVESPA,19980505,11507.00,11559.00,11346.00,11555.00,0
BOVESPA,19980506,11555.00,11625.00,11152.00,11165.00,0
BOVESPA,19980507,11165.00,11233.00,11009.00,11063.00,0
BOVESPA,19980508,11065.00,11342.00,11065.00,11220.00,0
BOVESPA,19980511,11220.00,11369.00,10948.00,10983.00,0
BOVESPA,19980512,10983.00,10985.00,10591.00,10798.00,0
BOVESPA,19980513,10798.00,10853.00,10675.00,10779.00,0
BOVESPA,19980514,10779.00,10981.00,10724.00,10734.00,0
BOVESPA,19980515,10736.00,10924.00,10736.00,10906.00,0
BOVESPA,19980518,10906.00,10908.00,10010.00,10205.00,0
BOVESPA,19980519,10209.00,10452.00,10209.00,10343.00,0
BOVESPA,19980520,10343.00,10519.00,10007.00,10408.00,0
BOVESPA,19980521,10408.00,10592.00,10243.00,10269.00,0
BOVESPA,19980522,10269.00,10279.00,10072.00,10240.00,0
BOVESPA,19980525,10240.00,10240.00,9891.00,10015.00,0
BOVESPA,19980526,10015.00,10017.00,9414.00,9436.00,0
BOVESPA,19980527,9436.00,9748.00,8971.00,9748.00,0
BOVESPA,19980528,9748.00,10213.00,9685.00,10152.00,0
BOVESPA,19980529,10152.00,10162.00,9843.00,9847.00,0
BOVESPA,19980601,9750.00,9750.00,9486.00,9605.00,0
BOVESPA,19980602,9609.00,10151.00,9609.00,10150.00,0
BOVESPA,19980603,10150.00,10287.00,9761.00,9856.00,0
BOVESPA,19980604,9856.00,10211.00,9853.00,10191.00,0
BOVESPA,19980605,10191.00,10447.00,10151.00,10370.00,0
BOVESPA,19980608,10370.00,10563.00,10267.00,10540.00,0
BOVESPA,19980609,10540.00,10550.00,10333.00,10370.00,0
BOVESPA,19980610,10369.00,10369.00,9835.00,9868.00,0
BOVESPA,19980612,9863.00,9863.00,9311.00,9585.00,0
BOVESPA,19980615,9582.00,9582.00,9062.00,9074.00,0
BOVESPA,19980616,9077.00,9321.00,9077.00,9249.00,0
BOVESPA,19980617,9416.00,9908.00,9416.00,9897.00,0
BOVESPA,19980618,9897.00,9897.00,9461.00,9539.00,0
BOVESPA,19980619,9539.00,9746.00,9539.00,9687.00,0
BOVESPA,19980622,9687.00,9694.00,9520.00,9623.00,0
BOVESPA,19980623,9622.00,9955.00,9622.00,9937.00,0
BOVESPA,19980624,9937.00,9948.00,9775.00,9856.00,0
BOVESPA,19980625,9856.00,9978.00,9513.00,9528.00,0
BOVESPA,19980626,9528.00,9565.00,9269.00,9464.00,0
BOVESPA,19980629,9464.00,9632.00,9464.00,9604.00,0
BOVESPA,19980630,9604.00,9809.00,9604.00,9678.00,0
BOVESPA,19980701,9678.00,9925.00,9678.00,9915.00,0
BOVESPA,19980702,9915.00,9915.00,9788.00,9901.00,0
BOVESPA,19980703,9901.00,10116.00,9901.00,10116.00,0
BOVESPA,19980706,10116.00,10116.00,9886.00,10018.00,0
BOVESPA,19980707,10018.00,10218.00,10013.00,10205.00,0
BOVESPA,19980708,10205.00,10387.00,10202.00,10336.00,0
BOVESPA,19980710,10336.00,10381.00,10173.00,10327.00,0
BOVESPA,19980713,10353.00,10462.00,10353.00,10420.00,0
BOVESPA,19980714,10420.00,10673.00,10419.00,10642.00,0
BOVESPA,19980715,10642.00,10792.00,10579.00,10649.00,0
BOVESPA,19980716,10691.00,10921.00,10691.00,10908.00,0
BOVESPA,19980717,10908.00,11110.00,10908.00,11057.00,0
BOVESPA,19980720,11057.00,11097.00,10950.00,11041.00,0
BOVESPA,19980721,11041.00,11156.00,10899.00,10923.00,0
BOVESPA,19980722,10923.00,10932.00,10719.00,10912.00,0
BOVESPA,19980723,10912.00,10913.00,10635.00,10640.00,0
BOVESPA,19980724,10640.00,10784.00,10403.00,10575.00,0
BOVESPA,19980727,10575.00,10580.00,10324.00,10564.00,0
BOVESPA,19980728,10564.00,10710.00,10234.00,10318.00,0
BOVESPA,19980729,10319.00,10756.00,10319.00,10542.00,0
BOVESPA,19980730,10543.00,11064.00,10543.00,10939.00,0
BOVESPA,19980731,10939.00,10996.00,10643.00,10707.00,0
BOVESPA,19980803,10705.00,10705.00,10399.00,10413.00,0
BOVESPA,19980804,10413.00,10510.00,9840.00,9860.00,0
BOVESPA,19980805,9860.00,9961.00,9558.00,9828.00,0
BOVESPA,19980806,9780.00,9780.00,9617.00,9690.00,0
BOVESPA,19980807,9690.00,9690.00,9194.00,9319.00,0
BOVESPA,19980810,9319.00,9319.00,9031.00,9182.00,0
BOVESPA,19980811,9174.00,9174.00,8658.00,8802.00,0
BOVESPA,19980812,8802.00,9066.00,8400.00,8417.00,0
BOVESPA,19980813,8417.00,8786.00,8364.00,8711.00,0
BOVESPA,19980814,8711.00,8981.00,8609.00,8744.00,0
BOVESPA,19980817,8744.00,8747.00,8492.00,8610.00,0
BOVESPA,19980818,8610.00,8679.00,8383.00,8643.00,0
BOVESPA,19980819,8643.00,8842.00,8496.00,8542.00,0
BOVESPA,19980820,8542.00,8542.00,7972.00,7992.00,0
BOVESPA,19980821,7800.00,7991.00,7191.00,7764.00,0
BOVESPA,19980824,7764.00,7888.00,7496.00,7655.00,0
BOVESPA,19980825,7655.00,7933.00,7520.00,7648.00,0
BOVESPA,19980826,7645.00,7645.00,7302.00,7348.00,0
BOVESPA,19980827,7339.00,7339.00,6577.00,6617.00,0
BOVESPA,19980828,6617.00,6890.00,6530.00,6746.00,0
BOVESPA,19980831,6746.00,6788.00,6454.00,6472.00,0
BOVESPA,19980901,6472.00,6950.00,6387.00,6917.00,0
BOVESPA,19980902,6917.00,7105.00,6794.00,6805.00,0
BOVESPA,19980903,6782.00,6782.00,6187.00,6219.00,0
BOVESPA,19980904,6219.00,6441.00,5354.00,5837.00,0
BOVESPA,19980908,5837.00,6130.00,5687.00,5818.00,0
BOVESPA,19980909,5816.00,5816.00,5627.00,5655.00,0
BOVESPA,19980910,5653.00,5653.00,4751.00,4761.00,0
BOVESPA,19980911,4761.00,5400.00,4576.00,5398.00,0
BOVESPA,19980914,5398.00,5844.00,5275.00,5818.00,0
BOVESPA,19980915,5819.00,6905.00,5601.00,6905.00,0
BOVESPA,19980916,6905.00,7453.00,6509.00,6760.00,0
BOVESPA,19980917,6758.00,6758.00,6078.00,6432.00,0
BOVESPA,19980918,6432.00,6737.00,6432.00,6710.00,0
BOVESPA,19980921,6707.00,6707.00,6201.00,6450.00,0
BOVESPA,19980922,6451.00,6725.00,6451.00,6560.00,0
BOVESPA,19980923,6561.00,7295.00,6561.00,7280.00,0
BOVESPA,19980924,7280.00,7385.00,6812.00,6844.00,0
BOVESPA,19980925,6834.00,6834.00,6411.00,6712.00,0
BOVESPA,19980928,6755.00,7036.00,6755.00,6827.00,0
BOVESPA,19980929,6827.00,6884.00,6651.00,6869.00,0
BOVESPA,19980930,6866.00,6866.00,6565.00,6593.00,0
BOVESPA,19981001,6593.00,6593.00,5951.00,5960.00,0
BOVESPA,19981002,5961.00,6419.00,5961.00,6410.00,0
BOVESPA,19981005,6354.00,6354.00,5997.00,6123.00,0
BOVESPA,19981006,6139.00,6524.00,6139.00,6336.00,0
BOVESPA,19981007,6336.00,6423.00,6009.00,6157.00,0
BOVESPA,19981008,6157.00,6195.00,5878.00,6175.00,0
BOVESPA,19981009,6180.00,6528.00,6180.00,6528.00,0
BOVESPA,19981013,6528.00,6681.00,6516.00,6618.00,0
BOVESPA,19981014,6617.00,6617.00,6440.00,6445.00,0
BOVESPA,19981015,6445.00,6889.00,6291.00,6874.00,0
BOVESPA,19981016,6874.00,6926.00,6634.00,6707.00,0
BOVESPA,19981019,6707.00,6971.00,6659.00,6844.00,0
BOVESPA,19981020,6845.00,7074.00,6845.00,6973.00,0
BOVESPA,19981021,6973.00,7381.00,6944.00,7350.00,0
BOVESPA,19981022,7350.00,7630.00,7276.00,7603.00,0
BOVESPA,19981023,7602.00,7602.00,7268.00,7272.00,0
BOVESPA,19981026,7272.00,7331.00,6944.00,6972.00,0
BOVESPA,19981027,6972.00,7173.00,6759.00,6869.00,0
BOVESPA,19981028,6869.00,7139.00,6738.00,6827.00,0
BOVESPA,19981029,6820.00,6820.00,6462.00,6538.00,0
BOVESPA,19981030,6611.00,7108.00,6611.00,7047.00,0
BOVESPA,19981103,7047.00,7515.00,7047.00,7509.00,0
BOVESPA,19981104,7509.00,7835.00,7509.00,7656.00,0
BOVESPA,19981105,7656.00,8113.00,7585.00,8093.00,0
BOVESPA,19981106,8113.00,8370.00,8113.00,8214.00,0
BOVESPA,19981109,8214.00,8348.00,8157.00,8242.00,0
BOVESPA,19981110,8242.00,8242.00,7964.00,8000.00,0
BOVESPA,19981111,8000.00,8228.00,7751.00,7763.00,0
BOVESPA,19981112,7763.00,7928.00,7444.00,7471.00,0
BOVESPA,19981113,7471.00,7844.00,7463.00,7615.00,0
BOVESPA,19981116,7615.00,8004.00,7615.00,8004.00,0
BOVESPA,19981117,8004.00,8356.00,8004.00,8330.00,0
BOVESPA,19981118,8330.00,8628.00,8280.00,8547.00,0
BOVESPA,19981119,8547.00,8609.00,8307.00,8318.00,0
BOVESPA,19981120,8318.00,8615.00,8317.00,8531.00,0
BOVESPA,19981123,8531.00,8731.00,8518.00,8636.00,0
BOVESPA,19981124,8636.00,8636.00,8392.00,8607.00,0
BOVESPA,19981125,8607.00,8935.00,8548.00,8910.00,0
BOVESPA,19981126,8910.00,9065.00,8875.00,8954.00,0
BOVESPA,19981127,8954.00,9128.00,8918.00,9094.00,0
BOVESPA,19981130,9094.00,9095.00,8628.00,8631.00,0
BOVESPA,19981201,8631.00,8631.00,8242.00,8545.00,0
BOVESPA,19981202,8545.00,8738.00,8348.00,8449.00,0
BOVESPA,19981203,8446.00,8446.00,7626.00,7706.00,0
BOVESPA,19981204,7706.00,7936.00,7506.00,7627.00,0
BOVESPA,19981207,7627.00,7972.00,7627.00,7946.00,0
BOVESPA,19981208,7946.00,8024.00,7606.00,7629.00,0
BOVESPA,19981209,7629.00,7773.00,7431.00,7573.00,0
BOVESPA,19981210,7573.00,7734.00,7502.00,7530.00,0
BOVESPA,19981211,7530.00,7531.00,7146.00,7195.00,0
BOVESPA,19981214,7195.00,7196.00,6554.00,6584.00,0
BOVESPA,19981215,6584.00,6968.00,6481.00,6934.00,0
BOVESPA,19981216,6934.00,7039.00,6430.00,6619.00,0
BOVESPA,19981217,6619.00,6756.00,6378.00,6645.00,0
BOVESPA,19981218,6645.00,6787.00,6588.00,6782.00,0
BOVESPA,19981221,6782.00,7205.00,6782.00,7202.00,0
BOVESPA,19981222,7202.00,7269.00,7083.00,7115.00,0
BOVESPA,19981223,7115.00,7233.00,7106.00,7176.00,0
BOVESPA,19981228,7176.00,7210.00,6853.00,6899.00,0
BOVESPA,19981229,6897.00,6897.00,6626.00,6715.00,0
BOVESPA,19981230,6715.00,6865.00,6712.00,6784.00,0
BOVESPA,19990104,6787.00,7052.00,6787.00,6942.00,0
BOVESPA,19990105,6942.00,7147.00,6843.00,7111.00,0
BOVESPA,19990106,7111.00,7334.00,7110.00,7331.00,0
BOVESPA,19990107,7161.00,7161.00,6841.00,6954.00,0
BOVESPA,19990108,6955.00,7100.00,6706.00,6781.00,0
BOVESPA,19990111,6784.00,6784.00,6268.00,6403.00,0
BOVESPA,19990112,6408.00,6408.00,5792.00,5916.00,0
BOVESPA,19990113,5657.00,5742.00,5278.00,5617.00,0
BOVESPA,19990114,5702.00,5857.00,5050.00,5057.00,0
BOVESPA,19990115,5039.00,6782.00,4797.00,6747.00,0
BOVESPA,19990118,6760.00,7342.00,6485.00,7113.00,0
BOVESPA,19990119,7115.00,7413.00,7013.00,7381.00,0
BOVESPA,19990120,7418.00,7721.00,7293.00,7674.00,0
BOVESPA,19990121,7674.00,7677.00,7116.00,7321.00,0
BOVESPA,19990122,7317.00,7413.00,7048.00,7190.00,0
BOVESPA,19990126,7194.00,7789.00,7194.00,7645.00,0
BOVESPA,19990127,7647.00,7848.00,7553.00,7687.00,0
BOVESPA,19990128,7735.00,7989.00,7735.00,7987.00,0
BOVESPA,19990129,8052.00,8540.00,8052.00,8172.00,0
BOVESPA,19990201,8187.00,8891.00,8160.00,8891.00,0
BOVESPA,19990202,8886.00,8912.00,8510.00,8732.00,0
BOVESPA,19990203,8828.00,8898.00,8586.00,8676.00,0
BOVESPA,19990204,8682.00,8715.00,8416.00,8653.00,0
BOVESPA,19990205,8654.00,8654.00,8309.00,8435.00,0
BOVESPA,19990208,8435.00,8828.00,8321.00,8824.00,0
BOVESPA,19990209,8841.00,8975.00,8656.00,8674.00,0
BOVESPA,19990210,8660.00,8853.00,8565.00,8853.00,0
BOVESPA,19990211,8862.00,9116.00,8860.00,8990.00,0
BOVESPA,19990212,8991.00,8996.00,8839.00,8952.00,0
BOVESPA,19990217,8952.00,9091.00,8928.00,8974.00,0
BOVESPA,19990218,8976.00,9023.00,8830.00,8861.00,0
BOVESPA,19990219,8861.00,9013.00,8760.00,9013.00,0
BOVESPA,19990222,9013.00,9143.00,8960.00,9075.00,0
BOVESPA,19990223,9075.00,9267.00,8931.00,8943.00,0
BOVESPA,19990224,8942.00,9005.00,8823.00,8953.00,0
BOVESPA,19990225,8955.00,8999.00,8603.00,8674.00,0
BOVESPA,19990226,8675.00,8911.00,8670.00,8911.00,0
BOVESPA,19990301,8912.00,9198.00,8912.00,9198.00,0
BOVESPA,19990302,9200.00,9205.00,9052.00,9071.00,0
BOVESPA,19990303,9071.00,9360.00,9008.00,9155.00,0
BOVESPA,19990304,9155.00,9508.00,9155.00,9508.00,0
BOVESPA,19990305,9509.00,9717.00,9434.00,9465.00,0
BOVESPA,19990308,9465.00,9786.00,9461.00,9786.00,0
BOVESPA,19990309,9786.00,9802.00,9459.00,9484.00,0
BOVESPA,19990310,9485.00,9817.00,9485.00,9778.00,0
BOVESPA,19990311,9781.00,10080.00,9686.00,9698.00,0
BOVESPA,19990312,9694.00,9755.00,9470.00,9574.00,0
BOVESPA,19990315,9626.00,10414.00,9587.00,10414.00,0
BOVESPA,19990316,10414.00,10731.00,10346.00,10658.00,0
BOVESPA,19990317,10658.00,10726.00,10493.00,10635.00,0
BOVESPA,19990318,10635.00,10977.00,10586.00,10894.00,0
BOVESPA,19990319,10897.00,11101.00,10787.00,10836.00,0
BOVESPA,19990322,10836.00,10836.00,10466.00,10527.00,0
BOVESPA,19990323,10526.00,10835.00,10324.00,10417.00,0
BOVESPA,19990324,10416.00,10588.00,10350.00,10429.00,0
BOVESPA,19990325,10449.00,10995.00,10449.00,10937.00,0
BOVESPA,19990326,10937.00,11029.00,10802.00,10865.00,0
BOVESPA,19990329,10866.00,10966.00,10751.00,10869.00,0
BOVESPA,19990330,10869.00,11075.00,10859.00,11028.00,0
BOVESPA,19990331,11029.00,11060.00,10660.00,10696.00,0
BOVESPA,19990405,10697.00,11022.00,10680.00,11022.00,0
BOVESPA,19990406,11022.00,11331.00,11022.00,11120.00,0
BOVESPA,19990407,11165.00,11530.00,11165.00,11530.00,0
BOVESPA,19990408,11530.00,11827.00,11261.00,11466.00,0
BOVESPA,19990409,11473.00,11616.00,11257.00,11295.00,0
BOVESPA,19990412,11208.00,11459.00,11007.00,11432.00,0
BOVESPA,19990413,11432.00,11601.00,11194.00,11321.00,0
BOVESPA,19990414,11219.00,11398.00,11144.00,11306.00,0
BOVESPA,19990415,11306.00,11369.00,11141.00,11246.00,0
BOVESPA,19990416,11252.00,11558.00,11252.00,11429.00,0
BOVESPA,19990419,11533.00,11746.00,11068.00,11197.00,0
BOVESPA,19990420,11194.00,11194.00,10735.00,10989.00,0
BOVESPA,19990422,11004.00,11304.00,10966.00,11084.00,0
BOVESPA,19990423,11087.00,11132.00,10984.00,11032.00,0
BOVESPA,19990426,11042.00,11164.00,10798.00,10798.00,0
BOVESPA,19990427,10808.00,10969.00,10676.00,10885.00,0
BOVESPA,19990428,10882.00,11155.00,10860.00,11127.00,0
BOVESPA,19990429,11148.00,11296.00,11015.00,11085.00,0
BOVESPA,19990430,11065.00,11464.00,11065.00,11351.00,0
BOVESPA,19990503,11351.00,11465.00,11214.00,11437.00,0
BOVESPA,19990504,11439.00,11472.00,11101.00,11268.00,0
BOVESPA,19990505,11267.00,11588.00,11222.00,11578.00,0
BOVESPA,19990506,11587.00,11918.00,11546.00,11889.00,0
BOVESPA,19990507,11890.00,12233.00,11824.00,12233.00,0
BOVESPA,19990510,12234.00,12530.00,12119.00,12412.00,0
BOVESPA,19990511,12383.00,12473.00,12224.00,12267.00,0
BOVESPA,19990512,12268.00,12268.00,11988.00,12148.00,0
BOVESPA,19990513,12148.00,12589.00,12148.00,12459.00,0
BOVESPA,19990514,12399.00,12407.00,12212.00,12335.00,0
BOVESPA,19990517,12331.00,12338.00,11973.00,12151.00,0
BOVESPA,19990518,12152.00,12354.00,12101.00,12268.00,0
BOVESPA,19990519,12286.00,12350.00,12008.00,12118.00,0
BOVESPA,19990520,12116.00,12243.00,11995.00,12088.00,0
BOVESPA,19990521,12088.00,12092.00,11646.00,11728.00,0
BOVESPA,19990524,11727.00,11840.00,11104.00,11155.00,0
BOVESPA,19990525,11151.00,11151.00,10563.00,10602.00,0
BOVESPA,19990526,10610.00,11245.00,10610.00,11245.00,0
BOVESPA,19990527,11256.00,11284.00,10875.00,10937.00,0
BOVESPA,19990528,10941.00,11007.00,10843.00,10930.00,0
BOVESPA,19990531,10932.00,11106.00,10794.00,11090.00,0
BOVESPA,19990601,11090.00,11090.00,10742.00,11051.00,0
BOVESPA,19990602,11052.00,11101.00,10748.00,10997.00,0
BOVESPA,19990604,10998.00,11296.00,10993.00,11234.00,0
BOVESPA,19990607,11234.00,11308.00,11045.00,11047.00,0
BOVESPA,19990608,11052.00,11227.00,10980.00,11033.00,0
BOVESPA,19990609,11043.00,11156.00,10890.00,10890.00,0
BOVESPA,19990610,10858.00,11128.00,10800.00,11089.00,0
BOVESPA,19990611,11140.00,11292.00,11061.00,11105.00,0
BOVESPA,19990614,11108.00,11260.00,11040.00,11084.00,0
BOVESPA,19990615,11084.00,11240.00,10666.00,11183.00,0
BOVESPA,19990616,11192.00,11677.00,11192.00,11644.00,0
BOVESPA,19990617,11642.00,11820.00,11476.00,11629.00,0
BOVESPA,19990618,11629.00,11903.00,11548.00,11877.00,0
BOVESPA,19990621,11895.00,12010.00,11632.00,12005.00,0
BOVESPA,19990622,12007.00,12118.00,11931.00,11974.00,0
BOVESPA,19990623,11976.00,11976.00,11752.00,11792.00,0
BOVESPA,19990624,11792.00,11806.00,11404.00,11431.00,0
BOVESPA,19990625,11427.00,11525.00,11146.00,11220.00,0
BOVESPA,19990628,11222.00,11382.00,11201.00,11264.00,0
BOVESPA,19990629,11264.00,11442.00,11254.00,11379.00,0
BOVESPA,19990630,11380.00,11683.00,11190.00,11627.00,0
BOVESPA,19990701,11634.00,11815.00,11596.00,11708.00,0
BOVESPA,19990702,11706.00,11861.00,11674.00,11836.00,0
BOVESPA,19990705,11834.00,11996.00,11834.00,11936.00,0
BOVESPA,19990706,11930.00,11937.00,11642.00,11674.00,0
BOVESPA,19990707,11671.00,11753.00,11617.00,11745.00,0
BOVESPA,19990708,11745.00,11745.00,11429.00,11509.00,0
BOVESPA,19990712,11509.00,11590.00,11138.00,11273.00,0
BOVESPA,19990713,11268.00,11312.00,10860.00,11303.00,0
BOVESPA,19990714,11311.00,11461.00,11274.00,11349.00,0
BOVESPA,19990715,11382.00,11476.00,11348.00,11362.00,0
BOVESPA,19990716,11356.00,11413.00,11247.00,11407.00,0
BOVESPA,19990719,11410.00,11483.00,11364.00,11452.00,0
BOVESPA,19990720,11453.00,11465.00,11235.00,11274.00,0
BOVESPA,19990721,11274.00,11362.00,11215.00,11303.00,0
BOVESPA,19990722,11307.00,11329.00,11197.00,11239.00,0
BOVESPA,19990723,11240.00,11261.00,10975.00,10989.00,0
BOVESPA,19990726,10989.00,10990.00,10645.00,10675.00,0
BOVESPA,19990727,10675.00,10850.00,10675.00,10735.00,0
BOVESPA,19990728,10747.00,10867.00,10684.00,10691.00,0
BOVESPA,19990729,10712.00,10721.00,10345.00,10568.00,0
BOVESPA,19990730,10565.00,10629.00,10379.00,10442.00,0
BOVESPA,19990802,10441.00,10566.00,10209.00,10211.00,0
BOVESPA,19990803,10210.00,10326.00,10111.00,10265.00,0
BOVESPA,19990804,10271.00,10310.00,10125.00,10172.00,0
BOVESPA,19990805,10124.00,10197.00,9950.00,10196.00,0
BOVESPA,19990806,10197.00,10265.00,10001.00,10039.00,0
BOVESPA,19990809,10040.00,10055.00,9919.00,9948.00,0
BOVESPA,19990810,9948.00,9948.00,9584.00,9835.00,0
BOVESPA,19990811,9836.00,10150.00,9836.00,10137.00,0
BOVESPA,19990812,10143.00,10317.00,10030.00,10046.00,0
BOVESPA,19990813,10048.00,10186.00,10048.00,10181.00,0
BOVESPA,19990816,10181.00,10202.00,10070.00,10119.00,0
BOVESPA,19990817,10157.00,10192.00,9925.00,9925.00,0
BOVESPA,19990818,9922.00,9922.00,9593.00,9689.00,0
BOVESPA,19990819,9688.00,9920.00,9579.00,9818.00,0
BOVESPA,19990820,9819.00,10145.00,9819.00,10143.00,0
BOVESPA,19990823,10142.00,10213.00,10078.00,10181.00,0
BOVESPA,19990824,10181.00,10361.00,10126.00,10314.00,0
BOVESPA,19990825,10318.00,10679.00,10318.00,10650.00,0
BOVESPA,19990826,10700.00,10726.00,10496.00,10496.00,0
BOVESPA,19990827,10497.00,10627.00,10475.00,10545.00,0
BOVESPA,19990830,10547.00,10676.00,10489.00,10524.00,0
BOVESPA,19990831,10525.00,10610.00,10376.00,10565.00,0
BOVESPA,19990901,10583.00,10902.00,10583.00,10902.00,0
BOVESPA,19990902,10845.00,11033.00,10754.00,10998.00,0
BOVESPA,19990903,11025.00,11254.00,11025.00,11156.00,0
BOVESPA,19990906,11158.00,11190.00,11113.00,11185.00,0
BOVESPA,19990908,11185.00,11185.00,11003.00,11090.00,0
BOVESPA,19990909,11088.00,11305.00,11088.00,11292.00,0
BOVESPA,19990910,11298.00,11435.00,11298.00,11363.00,0
BOVESPA,19990913,11363.00,11505.00,11313.00,11478.00,0
BOVESPA,19990914,11477.00,11594.00,11365.00,11459.00,0
BOVESPA,19990915,11465.00,11502.00,11213.00,11263.00,0
BOVESPA,19990916,11264.00,11288.00,11048.00,11094.00,0
BOVESPA,19990917,11096.00,11345.00,11096.00,11290.00,0
BOVESPA,19990920,11293.00,11586.00,11293.00,11586.00,0
BOVESPA,19990921,11588.00,11594.00,11400.00,11449.00,0
BOVESPA,19990922,11448.00,11555.00,11394.00,11531.00,0
BOVESPA,19990923,11531.00,11735.00,11368.00,11385.00,0
BOVESPA,19990924,11382.00,11533.00,11289.00,11533.00,0
BOVESPA,19990927,11580.00,11632.00,11502.00,11542.00,0
BOVESPA,19990928,11541.00,11541.00,11315.00,11442.00,0
BOVESPA,19990929,11443.00,11553.00,11401.00,11434.00,0
BOVESPA,19990930,11435.00,11581.00,11106.00,11106.00,0
BOVESPA,19991001,11105.00,11105.00,10796.00,10960.00,0
BOVESPA,19991004,10979.00,11080.00,10961.00,11055.00,0
BOVESPA,19991005,11051.00,11064.00,10856.00,10924.00,0
BOVESPA,19991006,10927.00,11357.00,10927.00,11345.00,0
BOVESPA,19991007,11349.00,11469.00,11103.00,11338.00,0
BOVESPA,19991008,11338.00,11460.00,11185.00,11460.00,0
BOVESPA,19991011,11473.00,11536.00,11449.00,11478.00,0
BOVESPA,19991013,11466.00,11466.00,11247.00,11298.00,0
BOVESPA,19991014,11301.00,11383.00,11301.00,11330.00,0
BOVESPA,19991015,11307.00,11307.00,11120.00,11146.00,0
BOVESPA,19991018,11146.00,11152.00,10901.00,10978.00,0
BOVESPA,19991019,10982.00,11216.00,10982.00,11098.00,0
BOVESPA,19991020,11108.00,11283.00,11108.00,11275.00,0
BOVESPA,19991021,11281.00,11282.00,11162.00,11254.00,0
BOVESPA,19991022,11259.00,11498.00,11259.00,11461.00,0
BOVESPA,19991025,11459.00,11483.00,11336.00,11394.00,0
BOVESPA,19991026,11399.00,11541.00,11398.00,11470.00,0
BOVESPA,19991027,11470.00,11540.00,11452.00,11531.00,0
BOVESPA,19991028,11585.00,11720.00,11582.00,11700.00,0
BOVESPA,19991029,11717.00,11826.00,11678.00,11700.00,0
BOVESPA,19991101,11701.00,11767.00,11685.00,11763.00,0
BOVESPA,19991103,11763.00,12347.00,11763.00,12347.00,0
BOVESPA,19991104,12346.00,12651.00,12341.00,12406.00,0
BOVESPA,19991105,12409.00,12737.00,12359.00,12714.00,0
BOVESPA,19991108,12700.00,12968.00,12519.00,12960.00,0
BOVESPA,19991109,12972.00,13070.00,12847.00,12880.00,0
BOVESPA,19991110,12876.00,13150.00,12814.00,13101.00,0
BOVESPA,19991111,13101.00,13281.00,12985.00,13189.00,0
BOVESPA,19991112,13189.00,13294.00,13049.00,13114.00,0
BOVESPA,19991116,13122.00,13208.00,13083.00,13128.00,0
BOVESPA,19991117,13132.00,13132.00,12736.00,12813.00,0
BOVESPA,19991118,12813.00,13123.00,12726.00,13087.00,0
BOVESPA,19991119,13090.00,13509.00,13090.00,13463.00,0
BOVESPA,19991122,13466.00,13660.00,13312.00,13436.00,0
BOVESPA,19991123,13445.00,13694.00,13351.00,13565.00,0
BOVESPA,19991124,13570.00,13630.00,13366.00,13393.00,0
BOVESPA,19991125,13385.00,13568.00,13321.00,13536.00,0
BOVESPA,19991126,13538.00,14007.00,13538.00,13888.00,0
BOVESPA,19991129,13903.00,14054.00,13785.00,13855.00,0
BOVESPA,19991130,13857.00,13857.00,13659.00,13779.00,0
BOVESPA,19991201,13784.00,13875.00,13556.00,13874.00,0
BOVESPA,19991202,13890.00,14273.00,13884.00,14213.00,0
BOVESPA,19991203,14225.00,14573.00,14193.00,14409.00,0
BOVESPA,19991206,14415.00,14543.00,14306.00,14344.00,0
BOVESPA,19991207,14344.00,14509.00,14262.00,14300.00,0
BOVESPA,19991208,14302.00,14410.00,14196.00,14410.00,0
BOVESPA,19991209,14420.00,14738.00,14420.00,14584.00,0
BOVESPA,19991210,14596.00,14785.00,14596.00,14784.00,0
BOVESPA,19991213,14785.00,14977.00,14693.00,14812.00,0
BOVESPA,19991214,14821.00,14893.00,14587.00,14644.00,0
BOVESPA,19991215,14654.00,14654.00,14322.00,14322.00,0
BOVESPA,19991216,14327.00,14681.00,14327.00,14497.00,0
BOVESPA,19991217,14524.00,14793.00,14524.00,14789.00,0
BOVESPA,19991220,14803.00,15178.00,14781.00,15110.00,0
BOVESPA,19991221,15112.00,15592.00,15112.00,15592.00,0
BOVESPA,19991222,15606.00,15916.00,15401.00,15916.00,0
BOVESPA,19991223,15926.00,16000.00,15749.00,15954.00,0
BOVESPA,19991227,15956.00,16120.00,15880.00,16011.00,0
BOVESPA,19991228,16017.00,16399.00,15969.00,16377.00,0
BOVESPA,19991229,16391.00,16812.00,16363.00,16773.00,0
BOVESPA,19991230,16778.00,17105.00,16778.00,17092.00,0
BOVESPA,20000103,17098.00,17408.00,16719.00,16930.00,0
BOVESPA,20000104,16908.00,16908.00,15851.00,15851.00,0
BOVESPA,20000105,15871.00,16302.00,15350.00,16245.00,0
BOVESPA,20000106,16237.00,16499.00,15977.00,16107.00,0
BOVESPA,20000107,16125.00,16449.00,16125.00,16309.00,0
BOVESPA,20000110,16325.00,17057.00,16325.00,17022.00,0
BOVESPA,20000111,17045.00,17197.00,16573.00,16573.00,0
BOVESPA,20000112,16574.00,16724.00,16331.00,16617.00,0
BOVESPA,20000113,16663.00,17715.00,16663.00,17298.00,0
BOVESPA,20000114,17306.00,17800.00,17306.00,17658.00,0
BOVESPA,20000117,17678.00,18099.00,17678.00,18053.00,0
BOVESPA,20000118,18062.00,18062.00,17625.00,17903.00,0
BOVESPA,20000119,17905.00,18075.00,17470.00,17470.00,0
BOVESPA,20000120,17487.00,17622.00,17029.00,17177.00,0
BOVESPA,20000121,17188.00,17372.00,16901.00,17034.00,0
BOVESPA,20000124,17049.00,17263.00,16972.00,16972.00,0
BOVESPA,20000126,16972.00,17105.00,16727.00,17105.00,0
BOVESPA,20000127,17114.00,17422.00,17081.00,17081.00,0
BOVESPA,20000128,17150.00,17252.00,16547.00,16734.00,0
BOVESPA,20000131,16744.00,16749.00,16167.00,16388.00,0
BOVESPA,20000201,16389.00,16675.00,16389.00,16522.00,0
BOVESPA,20000202,16546.00,16875.00,16546.00,16868.00,0
BOVESPA,20000203,16892.00,17457.00,16892.00,17457.00,0
BOVESPA,20000204,17471.00,17962.00,17471.00,17932.00,0
BOVESPA,20000207,17937.00,18126.00,17746.00,18126.00,0
BOVESPA,20000208,18249.00,18729.00,18249.00,18686.00,0
BOVESPA,20000209,18759.00,18886.00,18224.00,18361.00,0
BOVESPA,20000210,18367.00,18672.00,18155.00,18604.00,0
BOVESPA,20000211,18635.00,18775.00,18027.00,18083.00,0
BOVESPA,20000214,18083.00,18264.00,17746.00,17819.00,0
BOVESPA,20000215,17818.00,17932.00,17451.00,17921.00,0
BOVESPA,20000216,17921.00,18247.00,17743.00,18112.00,0
BOVESPA,20000217,18116.00,18297.00,17979.00,17979.00,0
BOVESPA,20000218,17979.00,18008.00,17489.00,17625.00,0
BOVESPA,20000221,17626.00,17887.00,17364.00,17700.00,0
BOVESPA,20000222,17698.00,17913.00,17466.00,17489.00,0
BOVESPA,20000223,17489.00,17855.00,17479.00,17833.00,0
BOVESPA,20000224,17846.00,18119.00,17706.00,17776.00,0
BOVESPA,20000225,17784.00,17988.00,17758.00,17787.00,0
BOVESPA,20000228,17787.00,17787.00,17383.00,17543.00,0
BOVESPA,20000229,17545.00,17818.00,17545.00,17660.00,0
BOVESPA,20000301,17668.00,17953.00,17655.00,17953.00,0
BOVESPA,20000302,17966.00,18154.00,17809.00,18016.00,0
BOVESPA,20000303,18016.00,18632.00,18016.00,18632.00,0
BOVESPA,20000308,18617.00,18617.00,18184.00,18283.00,0
BOVESPA,20000309,18285.00,18650.00,18285.00,18650.00,0
BOVESPA,20000310,18650.00,18720.00,18233.00,18280.00,0
BOVESPA,20000313,18279.00,18279.00,17506.00,17595.00,0
BOVESPA,20000314,17595.00,17941.00,17222.00,17222.00,0
BOVESPA,20000315,17229.00,17469.00,16922.00,17382.00,0
BOVESPA,20000316,17397.00,17661.00,17397.00,17642.00,0
BOVESPA,20000317,17654.00,17733.00,17470.00,17511.00,0
BOVESPA,20000320,17511.00,17733.00,17435.00,17526.00,0
BOVESPA,20000321,17528.00,18343.00,17510.00,18343.00,0
BOVESPA,20000322,18346.00,18860.00,18314.00,18314.00,0
BOVESPA,20000323,18314.00,18644.00,18183.00,18331.00,0
BOVESPA,20000324,18332.00,18692.00,18332.00,18675.00,0
BOVESPA,20000327,18675.00,19047.00,18533.00,18951.00,0
BOVESPA,20000328,18952.00,18960.00,18335.00,18338.00,0
BOVESPA,20000329,18339.00,18575.00,17973.00,18053.00,0
BOVESPA,20000330,18053.00,18053.00,17455.00,17647.00,0
BOVESPA,20000331,17660.00,17950.00,17560.00,17820.00,0
BOVESPA,20000403,17826.00,17826.00,17173.00,17245.00,0
BOVESPA,20000404,17253.00,17450.00,16095.00,16758.00,0
BOVESPA,20000405,16762.00,17043.00,16230.00,16714.00,0
BOVESPA,20000406,16719.00,17152.00,16719.00,17146.00,0
BOVESPA,20000407,17150.00,17514.00,17150.00,17514.00,0
BOVESPA,20000410,17519.00,17572.00,16782.00,16783.00,0
BOVESPA,20000411,16787.00,16867.00,16309.00,16539.00,0
BOVESPA,20000412,16542.00,16785.00,16311.00,16323.00,0
BOVESPA,20000413,16325.00,16605.00,15501.00,15501.00,0
BOVESPA,20000414,15501.00,15501.00,14596.00,14794.00,0
BOVESPA,20000417,14761.00,14821.00,14029.00,14816.00,0
BOVESPA,20000418,14817.00,15469.00,14767.00,15408.00,0
BOVESPA,20000419,15438.00,15536.00,14850.00,14926.00,0
BOVESPA,20000420,14938.00,15204.00,14938.00,15203.00,0
BOVESPA,20000424,15204.00,15225.00,14625.00,14794.00,0
BOVESPA,20000425,14798.00,15403.00,14798.00,15401.00,0
BOVESPA,20000426,15401.00,15517.00,15268.00,15446.00,0
BOVESPA,20000427,15446.00,15487.00,14835.00,15440.00,0
BOVESPA,20000428,15450.00,15907.00,15450.00,15538.00,0
BOVESPA,20000502,15596.00,15944.00,15523.00,15524.00,0
BOVESPA,20000503,15525.00,15525.00,14980.00,15109.00,0
BOVESPA,20000504,15111.00,15144.00,14873.00,14970.00,0
BOVESPA,20000505,14967.00,15218.00,14811.00,15218.00,0
BOVESPA,20000508,15220.00,15223.00,14867.00,14891.00,0
BOVESPA,20000509,14897.00,15041.00,14412.00,14582.00,0
BOVESPA,20000510,14570.00,14586.00,14238.00,14434.00,0
BOVESPA,20000511,14447.00,14723.00,14398.00,14499.00,0
BOVESPA,20000512,14496.00,14638.00,14350.00,14459.00,0
BOVESPA,20000515,14469.00,15070.00,14397.00,15056.00,0
BOVESPA,20000516,15074.00,15445.00,15074.00,15360.00,0
BOVESPA,20000517,15361.00,15361.00,14856.00,14871.00,0
BOVESPA,20000518,14876.00,14973.00,14620.00,14627.00,0
BOVESPA,20000519,14594.00,14619.00,13920.00,14327.00,0
BOVESPA,20000522,14330.00,14369.00,13583.00,13891.00,0
BOVESPA,20000523,13891.00,14145.00,13583.00,13587.00,0
BOVESPA,20000524,13592.00,14197.00,13556.00,14166.00,0
BOVESPA,20000525,14187.00,14499.00,14027.00,14186.00,0
BOVESPA,20000526,14204.00,14549.00,14172.00,14542.00,0
BOVESPA,20000529,14541.00,14858.00,14541.00,14773.00,0
BOVESPA,20000530,14815.00,15308.00,14815.00,15249.00,0
BOVESPA,20000531,15251.00,15328.00,14931.00,14957.00,0
BOVESPA,20000601,14967.00,15473.00,14967.00,15450.00,0
BOVESPA,20000602,15518.00,16261.00,15518.00,16222.00,0
BOVESPA,20000605,16222.00,16312.00,15975.00,16023.00,0
BOVESPA,20000606,16018.00,16173.00,15827.00,15947.00,0
BOVESPA,20000607,15955.00,16278.00,15709.00,16272.00,0
BOVESPA,20000608,16286.00,16640.00,16227.00,16399.00,0
BOVESPA,20000609,16421.00,16561.00,16200.00,16342.00,0
BOVESPA,20000612,16351.00,16365.00,16084.00,16097.00,0
BOVESPA,20000613,16100.00,16360.00,16075.00,16354.00,0
BOVESPA,20000614,16365.00,16523.00,16135.00,16366.00,0
BOVESPA,20000615,16369.00,16630.00,16325.00,16561.00,0
BOVESPA,20000616,16567.00,16598.00,16379.00,16425.00,0
BOVESPA,20000619,16423.00,16863.00,16411.00,16850.00,0
BOVESPA,20000620,16854.00,16952.00,16708.00,16844.00,0
BOVESPA,20000621,16854.00,17396.00,16834.00,17254.00,0
BOVESPA,20000622,16854.00,17396.00,16834.00,17254.00,0
BOVESPA,20000623,16977.00,17266.00,16910.00,16977.00,0
BOVESPA,20000626,16977.00,17019.00,16685.00,16745.00,0
BOVESPA,20000627,16743.00,16780.00,16388.00,16512.00,0
BOVESPA,20000628,16532.00,17101.00,16493.00,16842.00,0
BOVESPA,20000629,16830.00,16850.00,16329.00,16407.00,0
BOVESPA,20000630,16404.00,16836.00,16400.00,16728.00,0
BOVESPA,20000703,16747.00,17099.00,16743.00,17089.00,0
BOVESPA,20000704,17106.00,17340.00,17088.00,17279.00,0
BOVESPA,20000705,17285.00,17362.00,17086.00,17135.00,0
BOVESPA,20000706,17148.00,17366.00,17024.00,17348.00,0
BOVESPA,20000707,17352.00,17754.00,17352.00,17599.00,0
BOVESPA,20000710,17620.00,17795.00,17444.00,17472.00,0
BOVESPA,20000711,17473.00,17473.00,16827.00,16881.00,0
BOVESPA,20000712,16893.00,17176.00,16693.00,17053.00,0
BOVESPA,20000713,17057.00,17383.00,16416.00,16444.00,0
BOVESPA,20000714,16439.00,16885.00,16390.00,16881.00,0
BOVESPA,20000717,16890.00,17395.00,16890.00,17388.00,0
BOVESPA,20000718,17379.00,17566.00,17281.00,17369.00,0
BOVESPA,20000719,17354.00,17358.00,16868.00,16928.00,0
BOVESPA,20000720,16951.00,17353.00,16951.00,17204.00,0
BOVESPA,20000721,17207.00,17365.00,17071.00,17318.00,0
BOVESPA,20000724,17314.00,17588.00,17314.00,17386.00,0
BOVESPA,20000725,17390.00,17530.00,17046.00,17049.00,0
BOVESPA,20000726,17049.00,17211.00,16840.00,17121.00,0
BOVESPA,20000727,17121.00,17225.00,16923.00,16949.00,0
BOVESPA,20000728,16949.00,17039.00,16448.00,16486.00,0
BOVESPA,20000731,16487.00,16713.00,16455.00,16455.00,0
BOVESPA,20000801,16475.00,16591.00,16127.00,16290.00,0
BOVESPA,20000802,16284.00,16535.00,16121.00,16314.00,0
BOVESPA,20000803,16248.00,16761.00,16073.00,16721.00,0
BOVESPA,20000804,16727.00,16907.00,16716.00,16761.00,0
BOVESPA,20000807,16772.00,17014.00,16769.00,16996.00,0
BOVESPA,20000808,17005.00,17062.00,16858.00,16885.00,0
BOVESPA,20000809,16894.00,16977.00,16511.00,16534.00,0
BOVESPA,20000810,16519.00,17023.00,16501.00,16835.00,0
BOVESPA,20000811,16846.00,17395.00,16705.00,17395.00,0
BOVESPA,20000814,17402.00,17926.00,17334.00,17811.00,0
BOVESPA,20000815,17811.00,17910.00,17690.00,17744.00,0
BOVESPA,20000816,17741.00,17771.00,17275.00,17331.00,0
BOVESPA,20000817,17326.00,17858.00,17321.00,17703.00,0
BOVESPA,20000818,17703.00,17780.00,17258.00,17314.00,0
BOVESPA,20000821,17317.00,17420.00,17066.00,17083.00,0
BOVESPA,20000822,17086.00,17428.00,17086.00,17224.00,0
BOVESPA,20000823,17253.00,17455.00,17137.00,17450.00,0
BOVESPA,20000824,17454.00,17454.00,17187.00,17311.00,0
BOVESPA,20000825,17316.00,17668.00,17316.00,17643.00,0
BOVESPA,20000828,17657.00,17686.00,17380.00,17460.00,0
BOVESPA,20000829,17454.00,17490.00,17235.00,17355.00,0
BOVESPA,20000830,17359.00,17563.00,17309.00,17414.00,0
BOVESPA,20000831,17422.90,17549.40,17329.50,17346.70,0
BOVESPA,20000901,17360.00,17577.00,17360.00,17577.00,0
BOVESPA,20000904,17577.00,17716.00,17569.00,17613.00,0
BOVESPA,20000905,17614.00,17639.00,17417.00,17425.00,0
BOVESPA,20000906,17442.00,17648.00,17442.00,17590.00,0
BOVESPA,20000908,17594.00,17692.00,17428.00,17433.00,0
BOVESPA,20000911,17443.00,17475.00,17236.00,17288.00,0
BOVESPA,20000912,17285.00,17304.00,16883.00,16883.00,0
BOVESPA,20000913,16888.00,17092.00,16877.00,16999.00,0
BOVESPA,20000914,17032.00,17108.00,16731.00,16769.00,0
BOVESPA,20000915,16771.00,16771.00,16515.00,16563.00,0
BOVESPA,20000918,16562.00,16609.00,15913.00,15913.00,0
BOVESPA,20000919,15923.00,16189.00,15824.00,16188.00,0
BOVESPA,20000920,16196.00,16216.00,15813.00,16078.00,0
BOVESPA,20000921,16065.00,16172.00,15946.00,16146.00,0
BOVESPA,20000922,16093.00,16426.00,15705.00,16353.00,0
BOVESPA,20000925,16361.00,16521.00,16318.00,16319.00,0
BOVESPA,20000926,16319.00,16468.00,16196.00,16255.00,0
BOVESPA,20000927,16289.00,16404.00,15745.00,15848.00,0
BOVESPA,20000928,15849.00,16041.00,15657.00,16014.00,0
BOVESPA,20000929,16020.00,16135.00,15821.00,15928.00,0
BOVESPA,20001002,15950.00,16090.00,15537.00,15559.00,0
BOVESPA,20001003,15562.00,15917.00,15562.00,15633.00,0
BOVESPA,20001004,15653.00,15883.00,15651.00,15876.00,0
BOVESPA,20001005,15876.00,16398.00,15876.00,16362.00,0
BOVESPA,20001006,16370.00,16404.00,15817.00,15946.00,0
BOVESPA,20001009,15946.00,15975.00,15617.00,15855.00,0
BOVESPA,20001010,15846.00,16008.00,15726.00,15747.00,0
BOVESPA,20001011,15738.00,15738.00,15463.00,15526.00,0
BOVESPA,20001013,15441.00,15441.00,15067.00,15385.00,0
BOVESPA,20001016,15387.00,15585.00,15214.00,15242.00,0
BOVESPA,20001017,15267.00,15386.00,14841.00,14870.00,0
BOVESPA,20001018,14837.00,14837.00,14218.00,14421.00,0
BOVESPA,20001019,14490.00,14869.00,14490.00,14845.00,0
BOVESPA,20001020,14846.00,14918.00,14490.00,14529.00,0
BOVESPA,20001023,14533.00,14535.00,13982.00,13990.00,0
BOVESPA,20001024,14014.00,14161.00,13672.00,13799.00,0
BOVESPA,20001025,13796.00,13927.00,13571.00,13665.00,0
BOVESPA,20001026,13705.00,14223.00,13679.00,14223.00,0
BOVESPA,20001027,14251.00,14700.00,14251.00,14692.00,0
BOVESPA,20001030,14707.00,14951.00,14489.00,14891.00,0
BOVESPA,20001031,14916.00,15099.00,14859.00,14867.00,0
BOVESPA,20001101,14858.00,14859.00,14571.00,14791.00,0
BOVESPA,20001103,14785.00,14925.00,14425.00,14534.00,0
BOVESPA,20001106,14534.00,14868.00,14478.00,14801.00,0
BOVESPA,20001107,14780.00,15029.00,14543.00,14969.00,0
BOVESPA,20001108,14982.00,15191.00,14650.00,14656.00,0
BOVESPA,20001109,14667.00,14782.00,14409.00,14524.00,0
BOVESPA,20001110,14542.00,14701.00,14449.00,14626.00,0
BOVESPA,20001113,14606.00,14609.00,14199.00,14372.00,0
BOVESPA,20001114,14395.00,14632.00,14395.00,14540.00,0
BOVESPA,20001116,14546.00,14575.00,14419.00,14490.00,0
BOVESPA,20001117,14479.00,14570.00,14091.00,14323.00,0
BOVESPA,20001120,14323.00,14535.00,14103.00,14500.00,0
BOVESPA,20001121,14497.00,14845.00,14487.00,14784.00,0
BOVESPA,20001122,14766.00,14766.00,14555.00,14577.00,0
BOVESPA,20001123,14579.00,14604.00,14187.00,14314.00,0
BOVESPA,20001124,14316.00,14413.00,14190.00,14336.00,0
BOVESPA,20001127,14340.00,14495.00,13941.00,14008.00,0
BOVESPA,20001128,14011.00,14011.00,13756.00,13914.00,0
BOVESPA,20001129,13921.00,14074.00,13782.00,13788.00,0
BOVESPA,20001130,13779.00,13779.00,13287.00,13287.00,0
BOVESPA,20001201,13303.00,13578.00,13282.00,13437.00,0
BOVESPA,20001204,13396.00,13538.00,13242.00,13510.00,0
BOVESPA,20001205,13513.00,14188.00,13513.00,14182.00,0
BOVESPA,20001206,14180.00,14277.00,13945.00,13945.00,0
BOVESPA,20001207,13947.00,14460.00,13918.00,14460.00,0
BOVESPA,20001208,14462.00,15062.00,14461.00,14983.00,0
BOVESPA,20001211,14991.00,15355.00,14991.00,15188.00,0
BOVESPA,20001212,15186.00,15186.00,14869.00,14906.00,0
BOVESPA,20001213,14916.00,15389.00,14900.00,15291.00,0
BOVESPA,20001214,15261.00,15329.00,15080.00,15259.00,0
BOVESPA,20001215,15253.00,15253.00,14833.00,14988.00,0
BOVESPA,20001218,15002.00,15282.00,14093.00,15083.00,0
BOVESPA,20001219,15085.00,15415.00,15085.00,15336.00,0
BOVESPA,20001220,15306.00,15328.00,14618.00,14622.00,0
BOVESPA,20001221,14727.00,14958.00,14461.00,14505.00,0
BOVESPA,20001222,14533.00,14802.00,14532.00,14652.00,0
BOVESPA,20001226,14663.00,14851.00,14659.00,14795.00,0
BOVESPA,20001227,14805.00,15223.00,14805.00,15186.00,0
BOVESPA,20001228,15188.00,15269.00,15132.00,15259.00,0
BOVESPA,20010102,15242.00,15621.00,15174.00,15425.00,0
BOVESPA,20010103,15425.00,16599.00,15251.00,16599.00,0
BOVESPA,20010104,16597.00,16933.00,16587.00,16675.00,0
BOVESPA,20010105,16679.00,16888.00,16380.00,16410.00,0
BOVESPA,20010108,16398.00,16623.00,16226.00,16562.00,0
BOVESPA,20010109,16566.00,17096.00,16566.00,16976.00,0
BOVESPA,20010110,16964.00,17093.00,16701.00,16919.00,0
BOVESPA,20010111,16908.00,17045.00,16797.00,17024.00,0
BOVESPA,20010112,17034.00,17212.00,16821.00,16850.00,0
BOVESPA,20010115,16858.00,17038.00,16858.00,16963.00,0
BOVESPA,20010116,16973.00,17035.00,16662.00,16721.00,0
BOVESPA,20010117,16748.00,17255.00,16745.00,17191.00,0
BOVESPA,20010118,17204.00,17642.00,17151.00,17521.00,0
BOVESPA,20010119,17525.00,17816.00,17512.00,17530.00,0
BOVESPA,20010122,17548.00,17578.00,17297.00,17392.00,0
BOVESPA,20010123,17381.00,17864.00,17376.00,17832.00,0
BOVESPA,20010124,17849.00,18022.00,17698.00,17772.00,0
BOVESPA,20010126,17776.00,17933.00,17591.00,17889.00,0
BOVESPA,20010129,17906.00,18023.00,17704.00,17883.00,0
BOVESPA,20010130,17882.00,17898.00,17668.00,17723.00,0
BOVESPA,20010131,17725.00,17921.00,17637.00,17673.00,0
BOVESPA,20010201,17670.00,17673.00,16977.00,17039.00,0
BOVESPA,20010202,17027.00,17206.00,16781.00,16915.00,0
BOVESPA,20010205,16914.00,16941.00,16539.00,16731.00,0
BOVESPA,20010206,16734.00,17017.00,16734.00,17007.00,0
BOVESPA,20010207,17003.00,17003.00,16630.00,16812.00,0
BOVESPA,20010208,16814.00,17279.00,16814.00,17243.00,0
BOVESPA,20010209,17257.00,17270.00,17050.00,17138.00,0
BOVESPA,20010212,17163.00,17234.00,16883.00,16917.00,0
BOVESPA,20010213,16922.00,17174.00,16883.00,17096.00,0
BOVESPA,20010214,17078.00,17286.00,16890.00,17120.00,0
BOVESPA,20010215,17121.00,17262.00,16922.00,16937.00,0
BOVESPA,20010216,16934.00,16950.00,16100.00,16259.00,0
BOVESPA,20010219,16263.00,16392.00,16023.00,16061.00,0
BOVESPA,20010220,16066.00,16242.00,15783.00,15911.00,0
BOVESPA,20010221,15909.00,15909.00,15568.00,15594.00,0
BOVESPA,20010222,15604.00,15914.00,15558.00,15910.00,0
BOVESPA,20010223,15920.00,16223.00,15831.00,16158.00,0
BOVESPA,20010228,16158.00,16274.00,15891.00,15891.00,0
BOVESPA,20010301,15891.00,16439.00,15875.00,16417.00,0
BOVESPA,20010302,16423.00,16723.00,16233.00,16581.00,0
BOVESPA,20010305,16620.00,16737.00,16471.00,16537.00,0
BOVESPA,20010306,16573.00,16813.00,16279.00,16324.00,0
BOVESPA,20010307,16329.00,16430.00,16223.00,16395.00,0
BOVESPA,20010308,16401.00,16531.00,16096.00,16227.00,0
BOVESPA,20010309,16233.00,16248.00,16018.00,16123.00,0
BOVESPA,20010312,16125.00,16143.00,15523.00,15527.00,0
BOVESPA,20010313,15536.00,15768.00,15444.00,15584.00,0
BOVESPA,20010314,15583.00,15583.00,15070.00,15245.00,0
BOVESPA,20010315,15252.00,15482.00,14977.00,15061.00,0
BOVESPA,20010316,15076.00,15356.00,15047.00,15237.00,0
BOVESPA,20010319,15249.00,15378.00,14802.00,14836.00,0
BOVESPA,20010320,14854.00,15076.00,14854.00,14903.00,0
BOVESPA,20010321,14914.00,15198.00,14755.00,14853.00,0
BOVESPA,20010322,14847.00,14847.00,13761.00,14067.00,0
BOVESPA,20010323,14070.00,14435.00,13855.00,14435.00,0
BOVESPA,20010326,14443.00,14912.00,14443.00,14712.00,0
BOVESPA,20010327,14733.00,14951.00,14594.00,14835.00,0
BOVESPA,20010328,14846.00,14852.00,14574.00,14632.00,0
BOVESPA,20010329,14647.00,14713.00,14226.00,14282.00,0
BOVESPA,20010330,14292.00,14438.00,13922.00,14438.00,0
BOVESPA,20010402,14441.00,14482.00,13981.00,13981.00,0
BOVESPA,20010403,13988.00,14001.00,13664.00,13737.00,0
BOVESPA,20010404,13740.00,14135.00,13740.00,13855.00,0
BOVESPA,20010405,13865.00,14482.00,13865.00,14443.00,0
BOVESPA,20010406,14428.00,14702.00,14371.00,14485.00,0
BOVESPA,20010409,14489.00,14719.00,14446.00,14719.00,0
BOVESPA,20010410,14725.00,15097.00,14725.00,15048.00,0
BOVESPA,20010411,15057.00,15267.00,14724.00,14819.00,0
BOVESPA,20010412,14811.00,14969.00,14490.00,14969.00,0
BOVESPA,20010416,14974.00,14976.00,14385.00,14445.00,0
BOVESPA,20010417,14443.00,14555.00,14223.00,14337.00,0
BOVESPA,20010418,14345.00,15151.00,14323.00,14955.00,0
BOVESPA,20010419,14956.00,15017.00,14420.00,14431.00,0
BOVESPA,20010420,14408.00,14408.00,13618.00,13696.00,0
BOVESPA,20010423,13734.00,13893.00,13325.00,13893.00,0
BOVESPA,20010424,13894.00,14207.00,13894.00,14068.00,0
BOVESPA,20010425,14062.00,14223.00,13785.00,14163.00,0
BOVESPA,20010426,14204.00,14770.00,14202.00,14757.00,0
BOVESPA,20010427,14752.00,15135.00,14752.00,14928.00,0
BOVESPA,20010430,14944.00,15210.00,14838.00,14918.00,0
BOVESPA,20010502,14877.00,14920.00,14636.00,14897.00,0
BOVESPA,20010503,14906.00,15142.00,14762.00,15142.00,0
BOVESPA,20010504,15142.00,15304.00,15041.00,15093.00,0
BOVESPA,20010507,15103.00,15222.00,14862.00,14875.00,0
BOVESPA,20010508,14861.00,14958.00,14656.00,14747.00,0
BOVESPA,20010509,14717.00,14867.00,14576.00,14779.00,0
BOVESPA,20010510,14796.00,15117.00,14796.00,14993.00,0
BOVESPA,20010511,15012.00,15018.00,14410.00,14493.00,0
BOVESPA,20010514,14499.00,14507.00,14104.00,14237.00,0
BOVESPA,20010515,14141.00,14314.00,14110.00,14226.00,0
BOVESPA,20010516,14256.00,14738.00,14256.00,14714.00,0
BOVESPA,20010517,14727.00,15095.00,14725.00,14794.00,0
BOVESPA,20010518,14848.00,15012.00,14800.00,14884.00,0
BOVESPA,20010521,14871.00,15158.00,14807.00,15128.00,0
BOVESPA,20010522,15142.00,15197.00,14794.00,14829.00,0
BOVESPA,20010523,14829.00,14905.00,14627.00,14692.00,0
BOVESPA,20010524,14694.00,14834.00,14431.00,14523.00,0
BOVESPA,20010525,14523.00,14589.00,14179.00,14310.00,0
BOVESPA,20010528,14328.00,14439.00,14056.00,14302.00,0
BOVESPA,20010529,14302.00,14489.00,14301.00,14454.00,0
BOVESPA,20010530,14459.00,14579.00,14347.00,14489.00,0
BOVESPA,20010531,14514.00,14724.00,14508.00,14650.00,0
BOVESPA,20010601,14654.00,14792.00,14409.00,14792.00,0
BOVESPA,20010604,14798.00,15141.00,14798.00,15104.00,0
BOVESPA,20010605,15107.00,15406.00,15032.00,15395.00,0
BOVESPA,20010606,15393.00,15569.00,15268.00,15329.00,0
BOVESPA,20010607,15319.00,15546.00,15201.00,15464.00,0
BOVESPA,20010608,15469.00,15644.00,15355.00,15366.00,0
BOVESPA,20010611,15291.00,15397.00,15159.00,15224.00,0
BOVESPA,20010612,15238.00,15238.00,14956.00,15173.00,0
BOVESPA,20010613,15175.00,15600.00,15175.00,15403.00,0
BOVESPA,20010615,15386.00,15386.00,14964.00,14985.00,0
BOVESPA,20010618,14982.00,14982.00,14333.00,14355.00,0
BOVESPA,20010619,14375.00,14541.00,14245.00,14401.00,0
BOVESPA,20010620,14396.00,14599.00,14393.00,14571.00,0
BOVESPA,20010621,14534.00,14841.00,14506.00,14823.00,0
BOVESPA,20010622,14870.00,15104.00,14677.00,14682.00,0
BOVESPA,20010625,14682.00,14871.00,14479.00,14540.00,0
BOVESPA,20010626,14521.00,14620.00,14401.00,14460.00,0
BOVESPA,20010627,14477.00,14630.00,14265.00,14308.00,0
BOVESPA,20010628,14321.00,14426.00,14164.00,14391.00,0
BOVESPA,20010629,14412.00,14640.00,14376.00,14560.00,0
BOVESPA,20010702,14579.00,14659.00,14483.00,14555.00,0
BOVESPA,20010703,14561.00,14771.00,14325.00,14353.00,0
BOVESPA,20010704,14352.00,14395.00,13980.00,14056.00,0
BOVESPA,20010705,14084.00,14281.00,13943.00,14048.00,0
BOVESPA,20010706,14030.00,14062.00,13788.00,13907.00,0
BOVESPA,20010710,13930.00,14060.00,13564.00,13570.00,0
BOVESPA,20010711,13508.00,13853.00,13361.00,13812.00,0
BOVESPA,20010712,13812.00,13987.00,13636.00,13916.00,0
BOVESPA,20010713,13907.00,14087.00,13737.00,14078.00,0
BOVESPA,20010716,14081.00,14120.00,13811.00,13811.00,0
BOVESPA,20010717,13813.00,14218.00,13813.00,14169.00,0
BOVESPA,20010718,14171.00,14236.00,13778.00,13791.00,0
BOVESPA,20010719,13795.00,13953.00,13641.00,13762.00,0
BOVESPA,20010720,13766.00,14092.00,13659.00,14092.00,0
BOVESPA,20010723,14108.00,14239.00,14058.00,14068.00,0
BOVESPA,20010724,14049.00,14106.00,13725.00,13738.00,0
BOVESPA,20010725,13738.00,13956.00,13679.00,13956.00,0
BOVESPA,20010726,13963.00,13980.00,13736.00,13810.00,0
BOVESPA,20010727,13825.00,13910.00,13759.00,13910.00,0
BOVESPA,20010730,13948.00,14117.00,13704.00,13704.00,0
BOVESPA,20010731,13703.00,13830.00,13639.00,13754.00,0
BOVESPA,20010801,13757.00,13837.00,13606.00,13743.00,0
BOVESPA,20010802,13746.00,13846.00,13690.00,13823.00,0
BOVESPA,20010803,13840.00,13902.00,13733.00,13838.00,0
BOVESPA,20010806,13856.00,14067.00,13854.00,14047.00,0
BOVESPA,20010807,14049.00,14143.00,14003.00,14036.00,0
BOVESPA,20010808,14036.00,14113.00,13917.00,13919.00,0
BOVESPA,20010809,13921.00,13930.00,13705.00,13834.00,0
BOVESPA,20010810,13836.00,13920.00,13738.00,13915.00,0
BOVESPA,20010813,13914.00,13929.00,13716.00,13771.00,0
BOVESPA,20010814,13770.00,13841.00,13732.00,13829.00,0
BOVESPA,20010815,13834.00,13856.00,13615.00,13659.00,0
BOVESPA,20010816,13686.00,13722.00,13415.00,13509.00,0
BOVESPA,20010817,13507.00,13507.00,13010.00,13044.00,0
BOVESPA,20010820,13044.00,13228.00,12916.00,13115.00,0
BOVESPA,20010821,13170.40,13170.40,12891.70,12891.70,0
BOVESPA,20010822,12907.00,13161.00,12853.00,12952.00,0
BOVESPA,20010823,12961.00,13013.00,12703.00,12751.00,0
BOVESPA,20010824,12749.00,13007.00,12681.00,13001.00,0
BOVESPA,20010827,13000.00,13048.00,12849.00,12996.00,0
BOVESPA,20010828,13005.00,13114.00,12942.00,13018.00,0
BOVESPA,20010829,13040.00,13182.00,13012.00,13077.00,0
BOVESPA,20010830,13074.00,13114.00,12798.00,12892.00,0
BOVESPA,20010831,12906.00,12949.00,12789.00,12841.00,0
BOVESPA,20010903,12849.00,12863.00,12696.00,12800.00,0
BOVESPA,20010904,12812.00,12947.00,12767.00,12767.00,0
BOVESPA,20010905,12767.00,12768.00,12462.00,12591.00,0
BOVESPA,20010906,12594.00,12599.00,12251.00,12255.00,0
BOVESPA,20010910,12238.00,12238.00,11901.00,11922.00,0
BOVESPA,20010911,11898.00,11984.80,10828.00,10828.00,0
BOVESPA,20010912,11005.30,11303.10,11001.70,11113.50,0
BOVESPA,20010913,11141.30,11141.30,10295.80,10306.30,0
BOVESPA,20010914,10031.00,10034.40,10007.30,10034.40,0
BOVESPA,20010917,10032.00,10577.00,10032.00,10550.00,0
BOVESPA,20010918,10543.00,10708.00,10321.00,10554.00,0
BOVESPA,20010919,10560.00,10836.00,10485.00,10745.00,0
BOVESPA,20010920,10719.00,10719.00,10470.00,10543.00,0
BOVESPA,20010921,10493.00,10493.00,9890.00,10419.00,0
BOVESPA,20010924,10453.00,10694.00,10453.00,10533.00,0
BOVESPA,20010925,10539.00,10596.00,10195.00,10229.00,0
BOVESPA,20010926,10227.00,10274.00,9893.00,10006.00,0
BOVESPA,20010927,9996.00,10462.00,9705.00,10405.00,0
BOVESPA,20010928,10412.00,10714.00,10412.00,10636.00,0
BOVESPA,20011001,10633.00,10633.00,10354.00,10501.00,0
BOVESPA,20011002,10492.00,10556.00,10299.00,10351.00,0
BOVESPA,20011003,10356.00,10356.00,10189.00,10233.00,0
BOVESPA,20011004,10241.00,10329.00,10026.00,10062.00,0
BOVESPA,20011005,10068.00,10271.00,9985.00,10197.00,0
BOVESPA,20011008,10120.00,10175.00,9986.00,10095.00,0
BOVESPA,20011009,10109.00,10323.00,10103.00,10284.00,0
BOVESPA,20011010,10284.00,10462.00,10255.00,10462.00,0
BOVESPA,20011011,10462.00,10790.00,10461.00,10785.00,0
BOVESPA,20011015,10775.00,11330.00,10695.00,11329.00,0
BOVESPA,20011016,11326.00,11475.00,11165.00,11258.00,0
BOVESPA,20011017,11287.00,11485.00,11166.00,11271.00,0
BOVESPA,20011018,11260.00,11263.00,10948.00,10995.00,0
BOVESPA,20011019,11003.00,11413.00,10894.00,11332.00,0
BOVESPA,20011022,11343.00,11725.00,11293.00,11700.00,0
BOVESPA,20011023,11699.00,11803.00,11584.00,11613.00,0
BOVESPA,20011024,11611.00,11666.00,11430.00,11468.00,0
BOVESPA,20011025,11459.00,11783.00,11307.00,11724.00,0
BOVESPA,20011026,11725.00,11924.00,11715.00,11781.00,0
BOVESPA,20011029,11784.00,11784.00,11331.00,11377.00,0
BOVESPA,20011030,11334.00,11396.00,11024.00,11024.00,0
BOVESPA,20011031,11057.00,11365.00,11047.00,11365.00,0
BOVESPA,20011101,11362.00,11498.00,11177.00,11388.00,0
BOVESPA,20011105,11389.00,12177.00,11389.00,12165.00,0
BOVESPA,20011106,12154.00,12481.00,12139.00,12416.00,0
BOVESPA,20011107,12405.00,12982.00,12331.00,12616.00,0
BOVESPA,20011108,12786.24,12821.21,12472.92,12553.64,0
BOVESPA,20011109,12447.95,12770.52,12439.75,12730.71,0
BOVESPA,20011112,12736.84,12767.14,12245.86,12567.12,0
BOVESPA,20011113,12862.37,13093.62,12861.66,12918.09,0
BOVESPA,20011114,12928.00,13077.00,12746.00,12826.00,0
BOVESPA,20011116,12838.00,13046.00,12807.00,12883.00,0
BOVESPA,20011119,12906.00,13137.00,12902.00,12987.00,0
BOVESPA,20011120,12992.00,12998.00,12619.00,12638.00,0
BOVESPA,20011121,12646.00,12832.00,12560.00,12794.00,0
BOVESPA,20011122,12794.00,13056.00,12794.00,13019.00,0
BOVESPA,20011123,13037.00,13529.00,13037.00,13424.00,0
BOVESPA,20011126,13443.00,13760.00,13443.00,13760.00,0
BOVESPA,20011127,13771.00,13791.00,13490.00,13603.00,0
BOVESPA,20011128,13553.00,13553.00,12913.00,13019.00,0
BOVESPA,20011129,13019.00,13187.00,12622.00,12736.00,0
BOVESPA,20011130,12744.00,13053.00,12704.00,12932.00,0
BOVESPA,20011203,12914.00,13336.00,12870.00,13336.00,0
BOVESPA,20011204,13374.00,13565.00,13071.00,13147.00,0
BOVESPA,20011205,13186.00,13382.00,13103.00,13382.00,0
BOVESPA,20011206,13382.00,13575.00,13230.00,13539.00,0
BOVESPA,20011207,13565.00,13662.00,13233.00,13299.00,0
BOVESPA,20011210,13299.00,13446.00,13193.00,13446.00,0
BOVESPA,20011211,13455.00,13595.00,13337.00,13348.00,0
BOVESPA,20011212,13350.00,13576.00,13297.00,13563.00,0
BOVESPA,20011213,13577.00,13580.00,13144.00,13148.00,0
BOVESPA,20011214,13129.00,13154.00,12894.00,12959.00,0
BOVESPA,20011217,12965.00,13063.00,12912.00,12912.00,0
BOVESPA,20011218,12935.00,13414.00,12924.00,13397.00,0
BOVESPA,20011219,13405.00,13508.00,13284.00,13290.00,0
BOVESPA,20011220,13271.00,13271.00,12809.00,12918.00,0
BOVESPA,20011221,12935.00,13385.00,12935.00,13369.00,0
BOVESPA,20011226,13367.00,13446.00,13245.00,13358.00,0
BOVESPA,20011227,13371.00,13823.00,13369.00,13756.00,0
BOVESPA,20011228,13741.00,13969.00,13510.00,13578.00,0
BOVESPA,20020102,13586.00,13902.00,13571.00,13872.00,0
BOVESPA,20020103,14125.00,14286.00,14121.00,14265.00,0
BOVESPA,20020104,14250.00,14358.00,14103.00,14332.00,0
BOVESPA,20020107,14327.00,14413.00,14273.00,14379.00,0
BOVESPA,20020108,14385.00,14385.00,14099.00,14168.00,0
BOVESPA,20020109,14157.00,14190.00,13919.00,14021.00,0
BOVESPA,20020110,14010.00,14010.00,13511.00,13570.00,0
BOVESPA,20020111,13554.00,13835.00,13554.00,13587.00,0
BOVESPA,20020114,13594.00,13601.00,13068.00,13122.00,0
BOVESPA,20020115,13131.00,13362.00,12937.00,13011.00,0
BOVESPA,20020116,13006.00,13186.00,12941.00,13084.00,0
BOVESPA,20020117,13109.00,13359.00,13109.00,13337.00,0
BOVESPA,20020118,13340.00,13407.00,13262.00,13373.00,0
BOVESPA,20020121,13367.00,13367.00,13134.00,13155.00,0
BOVESPA,20020122,13177.00,13331.00,12956.00,13004.00,0
BOVESPA,20020123,13025.00,13285.00,12982.00,13232.00,0
BOVESPA,20020124,13239.00,13309.00,13147.00,13162.00,0
BOVESPA,20020128,13161.00,13215.00,12990.00,13002.00,0
BOVESPA,20020129,13010.00,13182.00,12476.00,12501.00,0
BOVESPA,20020130,12512.00,12627.00,12301.00,12532.00,0
BOVESPA,20020131,12563.00,12812.00,12561.00,12721.00,0
BOVESPA,20020201,12723.00,12783.00,12567.00,12659.00,0
BOVESPA,20020204,12648.00,12655.00,12416.00,12513.00,0
BOVESPA,20020205,12557.00,12778.00,12415.00,12748.00,0
BOVESPA,20020206,12751.00,12883.00,12666.00,12751.00,0
BOVESPA,20020207,12752.00,12774.00,12684.00,12684.00,0
BOVESPA,20020208,12684.00,12693.00,12591.00,12598.00,0
BOVESPA,20020213,12599.00,12961.00,12504.00,12961.00,0
BOVESPA,20020214,12962.00,13245.00,12908.00,13245.00,0
BOVESPA,20020215,13222.00,13300.00,13169.00,13300.00,0
BOVESPA,20020218,13208.00,13238.00,13027.00,13122.00,0
BOVESPA,20020219,13125.00,13245.00,12984.00,12992.00,0
BOVESPA,20020220,13001.00,13330.00,12919.00,13303.00,0
BOVESPA,20020221,13328.00,13677.00,13328.00,13530.00,0
BOVESPA,20020222,13535.00,13641.00,13513.00,13563.00,0
BOVESPA,20020225,13567.00,14005.00,13567.00,13978.00,0
BOVESPA,20020226,13975.00,14053.00,13832.00,13964.00,0
BOVESPA,20020227,13978.00,14251.00,13978.00,14212.00,0
BOVESPA,20020228,14216.00,14221.00,14033.00,14033.00,0
BOVESPA,20020301,14047.00,14355.00,13978.00,14343.00,0
BOVESPA,20020304,14373.00,14474.00,14100.00,14471.00,0
BOVESPA,20020305,14455.00,14482.00,14011.00,14011.00,0
BOVESPA,20020306,14007.00,14007.00,13683.00,13839.00,0
BOVESPA,20020307,13836.00,14011.00,13640.00,13726.00,0
BOVESPA,20020308,13783.00,13962.00,13767.00,13962.00,0
BOVESPA,20020311,13959.00,14032.00,13593.00,13696.00,0
BOVESPA,20020312,13717.00,14213.00,13710.00,14181.00,0
BOVESPA,20020313,14191.00,14352.00,14100.00,14244.00,0
BOVESPA,20020314,14240.00,14337.00,14025.00,14117.00,0
BOVESPA,20020315,14120.00,14370.00,14089.00,14365.00,0
BOVESPA,20020318,14366.00,14495.00,14217.00,14245.00,0
BOVESPA,20020319,14266.00,14330.00,14069.00,14118.00,0
BOVESPA,20020320,14123.00,14158.00,13895.00,14090.00,0
BOVESPA,20020321,14086.00,14086.00,13662.00,13717.00,0
BOVESPA,20020322,13723.00,13726.00,13283.00,13312.00,0
BOVESPA,20020325,13359.00,13430.00,13183.00,13278.00,0
BOVESPA,20020326,13309.00,13570.00,13309.00,13570.00,0
BOVESPA,20020327,13569.00,13579.00,13425.00,13425.00,0
BOVESPA,20020328,13428.00,13498.00,13226.00,13255.00,0
BOVESPA,20020401,13256.00,13499.00,13068.00,13467.00,0
BOVESPA,20020402,13482.00,13535.00,13245.00,13245.00,0
BOVESPA,20020403,13280.00,13345.00,13061.00,13085.00,0
BOVESPA,20020404,13090.00,13370.00,13041.00,13360.00,0
BOVESPA,20020405,13362.00,13445.00,13233.00,13276.00,0
BOVESPA,20020408,13248.00,13248.00,13114.00,13160.00,0
BOVESPA,20020409,13165.00,13243.00,13147.00,13195.00,0
BOVESPA,20020410,13183.00,13445.00,13182.00,13416.00,0
BOVESPA,20020411,13419.00,13559.00,13385.00,13411.00,0
BOVESPA,20020412,13418.00,13764.00,13418.00,13751.00,0
BOVESPA,20020415,13772.00,13822.00,13438.00,13472.00,0
BOVESPA,20020416,13476.00,13693.00,13476.00,13623.00,0
BOVESPA,20020417,13633.00,13872.00,13633.00,13732.00,0
BOVESPA,20020418,13729.00,13729.00,13446.00,13573.00,0
BOVESPA,20020419,13568.00,13631.00,13448.00,13478.00,0
BOVESPA,20020422,13484.00,13485.00,13056.00,13224.00,0
BOVESPA,20020423,13224.00,13302.00,13076.00,13188.00,0
BOVESPA,20020424,13182.00,13394.00,13176.00,13381.00,0
BOVESPA,20020425,13384.00,13384.00,13113.00,13273.00,0
BOVESPA,20020426,13273.00,13367.00,13037.00,13076.00,0
BOVESPA,20020429,13076.00,13142.00,13032.00,13090.00,0
BOVESPA,20020430,13096.00,13267.00,13065.00,13085.00,0
BOVESPA,20020502,13088.00,13090.00,12510.00,12538.00,0
BOVESPA,20020503,12557.00,12679.00,12431.00,12610.00,0
BOVESPA,20020506,12594.00,12595.00,12272.00,12430.00,0
BOVESPA,20020507,12433.00,12631.00,12291.00,12342.00,0
BOVESPA,20020508,12353.00,12664.00,12353.00,12617.00,0
BOVESPA,20020509,12602.00,12603.00,12077.00,12102.00,0
BOVESPA,20020510,12106.00,12180.00,11944.00,12130.00,0
BOVESPA,20020513,12147.00,12212.00,11943.00,12002.00,0
BOVESPA,20020514,11999.00,12327.00,11999.00,12204.00,0
BOVESPA,20020515,12207.00,12468.00,12114.00,12350.00,0
BOVESPA,20020516,12396.00,12691.00,12396.00,12660.00,0
BOVESPA,20020517,12665.00,12739.00,12563.00,12699.00,0
BOVESPA,20020520,12700.00,12770.00,12606.00,12668.00,0
BOVESPA,20020521,12674.00,12774.00,12627.00,12701.00,0
BOVESPA,20020522,12697.00,12845.00,12352.00,12368.00,0
BOVESPA,20020523,12380.00,12561.00,12244.00,12556.00,0
BOVESPA,20020524,12544.00,12689.00,12445.00,12574.00,0
BOVESPA,20020527,12578.00,12708.00,12528.00,12698.00,0
BOVESPA,20020528,12703.00,12861.00,12703.00,12728.00,0
BOVESPA,20020529,12728.00,13003.00,12720.00,12985.00,0
BOVESPA,20020530,12728.00,13003.00,12720.00,12985.00,0
BOVESPA,20020531,12992.00,13013.00,12861.00,12861.00,0
BOVESPA,20020603,12859.00,12919.00,12641.00,12659.00,0
BOVESPA,20020604,12637.00,12642.00,12493.00,12600.00,0
BOVESPA,20020605,12580.00,12707.00,12574.00,12590.00,0
BOVESPA,20020606,12591.00,12595.00,12113.00,12113.00,0
BOVESPA,20020607,12051.00,12310.00,11955.00,12283.00,0
BOVESPA,20020610,12306.00,12600.00,12304.00,12600.00,0
BOVESPA,20020611,12609.00,12686.00,12170.00,12210.00,0
BOVESPA,20020612,12221.00,12400.00,12058.00,12133.00,0
BOVESPA,20020613,12133.00,12313.00,11962.00,11962.00,0
BOVESPA,20020614,11985.00,11985.00,11601.00,11699.00,0
BOVESPA,20020617,11705.00,11955.00,11705.00,11937.00,0
BOVESPA,20020618,11942.00,12116.00,11809.00,11821.00,0
BOVESPA,20020619,11822.00,11901.00,11485.00,11493.00,0
BOVESPA,20020620,11508.00,11603.00,10894.00,10909.00,0
BOVESPA,20020621,10917.00,11010.00,10298.00,10398.00,0
BOVESPA,20020624,10438.00,10814.00,10247.00,10759.00,0
BOVESPA,20020625,10773.00,10973.00,10597.00,10706.00,0
BOVESPA,20020626,10676.00,10694.00,10430.00,10691.00,0
BOVESPA,20020627,10690.00,11013.00,10690.00,11013.00,0
BOVESPA,20020628,11018.00,11271.00,11018.00,11139.00,0
BOVESPA,20020701,11138.00,11173.00,10853.00,10892.00,0
BOVESPA,20020702,10891.00,10908.00,10711.00,10846.00,0
BOVESPA,20020703,10854.00,10868.00,10520.00,10636.00,0
BOVESPA,20020704,10659.99,10721.44,10593.97,10655.47,0
BOVESPA,20020705,10663.00,10668.00,10425.00,10524.00,0
BOVESPA,20020708,10524.00,10708.00,10506.00,10687.00,0
BOVESPA,20020710,10689.68,10850.89,10539.10,10555.99,0
BOVESPA,20020711,10545.03,10810.45,10470.57,10806.45,0
BOVESPA,20020712,10812.42,10967.53,10698.30,10967.00,0
BOVESPA,20020715,10966.00,10969.00,10474.00,10633.00,0
BOVESPA,20020716,10646.00,10743.00,10522.00,10578.00,0
BOVESPA,20020717,10594.38,10808.12,10594.38,10754.62,0
BOVESPA,20020718,10765.31,10915.41,10735.82,10812.78,0
BOVESPA,20020719,10801.40,10801.40,10544.72,10583.15,0
BOVESPA,20020722,10567.90,10567.90,9879.33,9892.33,0
BOVESPA,20020723,9923.32,10025.00,9604.58,9745.83,0
BOVESPA,20020724,9739.12,9969.11,9432.78,9937.38,0
BOVESPA,20020725,9944.66,9944.66,9487.30,9665.90,0
BOVESPA,20020726,9671.92,9778.31,9155.37,9217.15,0
BOVESPA,20020729,9251.03,9670.87,9240.47,9240.47,0
BOVESPA,20020730,9247.25,9611.36,9188.02,9341.88,0
BOVESPA,20020731,9343.69,9896.20,9343.69,9762.59,0
BOVESPA,20020801,9781.76,9857.80,9537.66,9759.64,0
BOVESPA,20020802,9768.08,9943.06,9737.73,9850.29,0
BOVESPA,20020805,9848.40,9848.40,9451.70,9465.97,0
BOVESPA,20020806,9469.80,9794.80,9469.80,9755.10,0
BOVESPA,20020807,9755.10,10763.30,9649.40,9869.60,0
BOVESPA,20020808,9911.50,10420.00,9911.50,10315.70,0
BOVESPA,20020809,10314.83,10314.83,9971.01,9985.77,0
BOVESPA,20020812,9985.80,10009.20,9687.50,9723.70,0
BOVESPA,20020813,9723.95,9842.02,9444.10,9444.10,0
BOVESPA,20020814,9444.11,9587.30,9018.57,9343.04,0
BOVESPA,20020815,9372.59,9472.63,9160.93,9183.25,0
BOVESPA,20020816,9214.92,9538.65,9212.60,9526.28,0
BOVESPA,20020819,9512.15,9656.67,9403.97,9416.73,0
BOVESPA,20020820,9455.12,9552.42,9258.04,9263.03,0
BOVESPA,20020821,9263.04,9494.97,9263.04,9437.66,0
BOVESPA,20020822,9441.42,9703.30,9411.91,9702.58,0
BOVESPA,20020823,9702.59,9761.36,9594.02,9676.39,0
BOVESPA,20020826,9690.18,10100.01,9689.19,10097.56,0
BOVESPA,20020827,10097.57,10388.93,10097.57,10371.98,0
BOVESPA,20020828,10371.99,10436.39,10230.63,10379.86,0
BOVESPA,20020829,10379.87,10519.13,10175.17,10455.32,0
BOVESPA,20020830,10455.33,10604.30,10381.76,10382.20,0
BOVESPA,20020902,10382.72,10477.18,10312.13,10378.42,0
BOVESPA,20020903,10364.59,10364.59,10064.99,10135.80,0
BOVESPA,20020904,10166.60,10166.60,9921.83,9996.86,0
BOVESPA,20020905,9992.79,9992.79,9708.81,9723.47,0
BOVESPA,20020906,9738.68,9881.80,9643.03,9716.97,0
BOVESPA,20020909,9725.21,9954.68,9715.76,9954.36,0
BOVESPA,20020910,9962.38,10051.83,9840.73,9960.18,0
BOVESPA,20020911,9967.35,10247.59,9967.35,10182.22,0
BOVESPA,20020912,10182.17,10187.66,10031.56,10172.54,0
BOVESPA,20020913,10172.55,10218.87,10086.46,10180.94,0
BOVESPA,20020916,10180.95,10180.95,9821.98,9831.05,0
BOVESPA,20020917,9855.22,9942.74,9613.42,9650.08,0
BOVESPA,20020918,9626.19,9637.66,9399.09,9505.38,0
BOVESPA,20020919,9505.39,9626.27,9352.77,9372.32,0
BOVESPA,20020920,9372.33,9637.61,9372.33,9585.48,0
BOVESPA,20020923,9585.49,9585.49,9137.21,9264.17,0
BOVESPA,20020924,9245.14,9341.47,9069.40,9148.43,0
BOVESPA,20020925,9148.44,9357.47,9148.44,9227.69,0
BOVESPA,20020926,9250.78,9386.25,9169.90,9199.01,0
BOVESPA,20020927,9199.90,9202.36,8703.46,8715.87,0
BOVESPA,20020930,8718.34,8718.34,8352.30,8622.54,0
BOVESPA,20021001,8642.43,9021.31,8636.63,8997.53,0
BOVESPA,20021002,8997.54,9131.97,8810.57,8820.05,0
BOVESPA,20021003,8820.06,9170.30,8807.44,9139.88,0
BOVESPA,20021004,9139.88,9319.28,9091.70,9259.76,0
BOVESPA,20021007,9268.30,9287.86,8841.46,8863.13,0
BOVESPA,20021008,8863.14,8909.43,8690.60,8846.53,0
BOVESPA,20021009,8846.54,9290.50,8603.92,8714.90,0
BOVESPA,20021010,8708.02,8932.12,8706.62,8866.24,0
BOVESPA,20021011,8866.25,9042.14,8832.44,8854.85,0
BOVESPA,20021014,8853.11,8853.11,8429.95,8450.85,0
BOVESPA,20021015,8450.86,8621.80,8445.67,8506.91,0
BOVESPA,20021016,8509.92,8513.30,8224.61,8370.88,0
BOVESPA,20021017,8397.12,8902.07,8397.12,8852.54,0
BOVESPA,20021018,8902.03,9075.55,8873.00,9022.49,0
BOVESPA,20021021,9021.85,9161.08,8979.27,9147.49,0
BOVESPA,20021022,9128.03,9331.36,8982.06,9331.36,0
BOVESPA,20021023,9341.56,9840.03,9263.12,9840.03,0
BOVESPA,20021024,9840.04,10106.60,9763.46,9799.16,0
BOVESPA,20021025,9799.17,10597.62,9697.93,10014.82,0
BOVESPA,20021028,10022.18,10092.04,9573.27,9573.94,0
BOVESPA,20021029,9573.95,9655.57,9439.07,9600.76,0
BOVESPA,20021030,9600.77,10096.54,9600.77,10068.64,0
BOVESPA,20021031,10098.93,10241.12,9732.57,10167.71,0
BOVESPA,20021101,10172.28,10265.75,10086.69,10140.05,0
BOVESPA,20021104,10146.94,10377.91,9912.76,9912.76,0
BOVESPA,20021105,9904.12,9992.55,9825.05,9861.22,0
BOVESPA,20021106,9856.87,9861.46,9583.32,9702.76,0
BOVESPA,20021107,9734.24,9893.11,9618.49,9799.30,0
BOVESPA,20021108,9858.56,10030.46,9856.89,9860.29,0
BOVESPA,20021111,9873.42,9976.41,9867.75,9885.65,0
BOVESPA,20021112,9885.66,9885.66,9647.45,9720.55,0
BOVESPA,20021113,9720.82,9812.98,9569.19,9763.65,0
BOVESPA,20021114,9762.25,9903.78,9738.16,9884.27,0
BOVESPA,20021118,9910.16,10099.85,9910.16,9970.89,0
BOVESPA,20021119,9970.89,10051.63,9839.29,9971.23,0
BOVESPA,20021120,9971.24,10111.80,9901.33,10087.57,0
BOVESPA,20021121,10104.54,10318.21,10085.91,10289.47,0
BOVESPA,20021122,10289.48,10433.04,10123.66,10404.12,0
BOVESPA,20021125,10407.09,10447.17,10234.37,10245.50,0
BOVESPA,20021126,10243.12,10283.13,10084.24,10131.69,0
BOVESPA,20021127,10131.70,10286.16,10123.12,10226.44,0
BOVESPA,20021128,10222.44,10276.87,10187.08,10239.18,0
BOVESPA,20021129,10239.19,10518.71,10239.19,10508.81,0
BOVESPA,20021202,10516.98,10734.84,10516.98,10673.79,0
BOVESPA,20021203,10673.80,10673.84,10575.75,10662.83,0
BOVESPA,20021204,10664.37,10681.25,10505.20,10640.11,0
BOVESPA,20021205,10640.12,10650.56,10345.68,10413.09,0
BOVESPA,20021206,10414.48,10575.45,10412.23,10569.02,0
BOVESPA,20021209,10562.09,10562.09,10338.75,10338.75,0
BOVESPA,20021210,10344.82,10497.46,10307.17,10331.33,0
BOVESPA,20021211,10339.65,10652.12,10339.65,10613.62,0
BOVESPA,20021212,10616.80,10742.86,10568.92,10586.92,0
BOVESPA,20021213,10597.76,10647.96,10493.65,10564.35,0
BOVESPA,20021216,10619.53,10798.40,10611.29,10771.08,0
BOVESPA,20021217,10778.32,10948.21,10525.53,10832.56,0
BOVESPA,20021218,10833.40,11006.68,10722.99,10984.50,0
BOVESPA,20021219,10986.89,11222.03,10983.91,11207.50,0
BOVESPA,20021220,11275.27,11605.57,11262.15,11489.99,0
BOVESPA,20021223,11490.00,11648.37,11383.63,11470.15,0
BOVESPA,20021226,11470.16,11475.23,11300.69,11318.08,0
BOVESPA,20021227,11318.09,11325.58,11207.30,11234.49,0
BOVESPA,20021230,11235.28,11324.79,11211.74,11268.47,0
BOVESPA,20030102,11290.76,11602.98,11290.76,11602.98,0
BOVESPA,20030103,11602.99,11797.79,11600.23,11600.23,0
BOVESPA,20030106,11600.24,12031.90,11600.24,12019.70,0
BOVESPA,20030107,12009.62,12017.60,11842.13,11876.09,0
BOVESPA,20030108,11874.51,11874.51,11759.19,11785.54,0
BOVESPA,20030109,11813.59,11964.22,11780.34,11911.72,0
BOVESPA,20030110,11911.73,12242.92,11911.73,12242.92,0
BOVESPA,20030113,12242.86,12349.75,12095.01,12110.27,0
BOVESPA,20030114,12131.30,12174.66,12070.57,12174.66,0
BOVESPA,20030115,12150.69,12150.69,11898.88,11971.31,0
BOVESPA,20030116,11973.03,12193.11,11920.77,11951.93,0
BOVESPA,20030117,11951.77,11951.77,11555.17,11675.70,0
BOVESPA,20030120,11675.01,11742.26,11544.90,11648.38,0
BOVESPA,20030121,11610.12,11661.79,11433.56,11434.71,0
BOVESPA,20030122,11428.10,11428.10,11132.18,11142.48,0
BOVESPA,20030123,11147.69,11335.62,11027.41,11162.14,0
BOVESPA,20030124,11162.15,11162.15,10752.97,10783.65,0
BOVESPA,20030127,10783.66,10783.66,10461.76,10529.77,0
BOVESPA,20030128,10529.78,10650.24,10495.00,10516.84,0
BOVESPA,20030129,10514.44,10863.31,10456.63,10863.31,0
BOVESPA,20030130,10885.80,10931.83,10708.21,10750.79,0
BOVESPA,20030131,10760.72,11004.26,10741.03,10941.09,0
BOVESPA,20030203,10943.23,11067.09,10852.23,10910.01,0
BOVESPA,20030204,10878.94,10878.94,10534.04,10577.17,0
BOVESPA,20030205,10577.18,10760.94,10496.51,10591.81,0
BOVESPA,20030206,10587.30,10588.87,10360.07,10565.83,0
BOVESPA,20030207,10566.72,10691.77,10354.69,10380.59,0
BOVESPA,20030210,10387.79,10526.70,10309.64,10479.61,0
BOVESPA,20030211,10490.87,10649.45,10475.16,10509.42,0
BOVESPA,20030212,10509.43,10587.32,10445.06,10509.87,0
BOVESPA,20030213,10509.02,10509.02,10090.67,10107.77,0
BOVESPA,20030214,10107.78,10162.73,9968.08,10080.83,0
BOVESPA,20030217,10089.39,10229.32,10089.39,10188.99,0
BOVESPA,20030218,10191.86,10465.97,10165.72,10449.69,0
BOVESPA,20030219,10434.25,10434.25,10206.14,10251.86,0
BOVESPA,20030220,10251.87,10267.93,10118.25,10216.84,0
BOVESPA,20030221,10216.85,10339.62,10143.86,10330.87,0
BOVESPA,20030224,10333.77,10454.35,10251.24,10253.51,0
BOVESPA,20030225,10253.52,10253.52,10022.26,10191.93,0
BOVESPA,20030226,10191.64,10270.72,9976.54,9994.89,0
BOVESPA,20030227,10006.12,10145.77,9998.19,10126.05,0
BOVESPA,20030228,10153.01,10280.61,10152.23,10280.61,0
BOVESPA,20030305,10262.88,10318.46,10104.25,10305.52,0
BOVESPA,20030306,10311.05,10626.24,10310.59,10615.31,0
BOVESPA,20030307,10608.04,10800.37,10438.48,10723.79,0
BOVESPA,20030310,10723.80,10723.80,10294.29,10308.61,0
BOVESPA,20030311,10308.62,10407.51,10199.41,10339.68,0
BOVESPA,20030312,10343.28,10578.66,10289.56,10576.93,0
BOVESPA,20030313,10581.63,10839.61,10581.63,10783.04,0
BOVESPA,20030314,10783.05,10923.89,10755.27,10817.36,0
BOVESPA,20030317,10782.89,10940.21,10608.71,10874.75,0
BOVESPA,20030318,10890.53,11192.21,10890.53,11150.99,0
BOVESPA,20030319,11151.00,11151.00,10944.36,11006.39,0
BOVESPA,20030320,10993.12,11174.27,10857.51,11158.98,0
BOVESPA,20030321,11176.49,11413.49,11176.49,11377.42,0
BOVESPA,20030324,11377.43,11377.43,11024.05,11052.62,0
BOVESPA,20030325,11047.47,11242.89,11034.79,11232.26,0
BOVESPA,20030326,11232.27,11296.32,11186.42,11206.30,0
BOVESPA,20030327,11203.99,11261.57,11035.66,11233.48,0
BOVESPA,20030328,11272.80,11420.99,11220.70,11396.20,0
BOVESPA,20030331,11396.20,11396.20,11214.70,11273.63,0
BOVESPA,20030401,11282.62,11616.55,11282.62,11598.12,0
BOVESPA,20030402,11608.64,11997.63,11608.26,11872.00,0
BOVESPA,20030403,11877.05,12132.48,11876.36,12006.20,0
BOVESPA,20030404,12024.33,12134.56,11923.59,12065.51,0
BOVESPA,20030407,12153.97,12435.81,12120.41,12135.96,0
BOVESPA,20030408,12124.17,12135.93,11732.01,11778.52,0
BOVESPA,20030409,11783.61,11891.43,11754.10,11758.90,0
BOVESPA,20030410,11783.68,11818.94,11577.77,11591.45,0
BOVESPA,20030411,11613.95,11752.95,11608.00,11718.77,0
BOVESPA,20030414,11725.97,11888.85,11719.47,11873.91,0
BOVESPA,20030415,11865.41,12110.69,11827.51,12106.00,0
BOVESPA,20030416,12119.65,12244.60,12011.56,12043.14,0
BOVESPA,20030417,12051.78,12431.59,12051.78,12395.40,0
BOVESPA,20030422,12392.90,12502.41,12245.25,12452.48,0
BOVESPA,20030423,12455.21,12455.21,12314.59,12394.36,0
BOVESPA,20030424,12370.18,12382.64,12100.48,12120.34,0
BOVESPA,20030425,12124.07,12185.31,12058.81,12126.05,0
BOVESPA,20030428,12128.44,12480.44,12008.85,12462.40,0
BOVESPA,20030429,12470.07,12854.24,12470.07,12677.98,0
BOVESPA,20030430,12713.29,12746.13,12556.70,12556.70,0
BOVESPA,20030502,12564.69,12865.95,12541.69,12810.08,0
BOVESPA,20030505,12829.37,12869.96,12717.25,12832.76,0
BOVESPA,20030506,12828.87,12846.48,12608.37,12643.57,0
BOVESPA,20030507,12669.16,12981.49,12664.08,12956.15,0
BOVESPA,20030508,12968.56,13028.13,12864.14,12920.88,0
BOVESPA,20030509,12949.71,13247.05,12949.71,13214.10,0
BOVESPA,20030512,13206.38,13344.93,13096.42,13320.34,0
BOVESPA,20030513,13322.04,13564.80,13316.15,13420.65,0
BOVESPA,20030514,13428.15,13482.66,13336.27,13459.37,0
BOVESPA,20030515,13464.82,13464.99,13092.08,13129.69,0
BOVESPA,20030516,13143.23,13224.98,12876.51,13224.98,0
BOVESPA,20030519,13178.84,13181.85,12731.50,12745.94,0
BOVESPA,20030520,12752.56,12752.56,12576.42,12745.10,0
BOVESPA,20030521,12749.06,13076.52,12710.72,13033.66,0
BOVESPA,20030522,13031.09,13166.41,12970.96,13100.90,0
BOVESPA,20030523,13100.90,13245.58,13029.30,13142.69,0
BOVESPA,20030526,13148.99,13239.00,12852.46,12852.46,0
BOVESPA,20030527,12861.41,13320.90,12859.14,13246.26,0
BOVESPA,20030528,13256.58,13426.73,13256.58,13294.34,0
BOVESPA,20030529,13302.53,13507.26,13300.91,13405.29,0
BOVESPA,20030530,13412.68,13541.09,13312.30,13421.60,0
BOVESPA,20030602,13441.01,13504.51,13211.75,13228.78,0
BOVESPA,20030603,13230.58,13350.11,13106.19,13350.11,0
BOVESPA,20030604,13386.02,13760.37,13253.81,13718.08,0
BOVESPA,20030605,13689.89,13908.09,13588.16,13779.88,0
BOVESPA,20030606,13794.02,14071.32,13794.02,13923.11,0
BOVESPA,20030609,13926.43,13978.96,13809.68,13845.73,0
BOVESPA,20030610,13868.98,14072.35,13808.32,13893.73,0
BOVESPA,20030611,13898.48,13930.24,13720.84,13876.52,0
BOVESPA,20030612,13901.31,14007.13,13738.47,13982.72,0
BOVESPA,20030613,13980.43,14047.19,13677.40,13733.70,0
BOVESPA,20030616,13736.86,13963.04,13696.55,13832.86,0
BOVESPA,20030617,13843.07,13973.22,13731.68,13776.63,0
BOVESPA,20030618,13789.86,13889.60,13372.18,13510.50,0
BOVESPA,20030620,13514.12,13514.12,13104.87,13130.96,0
BOVESPA,20030623,13132.44,13273.37,12894.51,12991.28,0
BOVESPA,20030624,12993.09,13204.18,12993.09,13108.41,0
BOVESPA,20030625,13071.80,13285.90,13014.57,13025.71,0
BOVESPA,20030626,13030.50,13225.21,13030.03,13111.71,0
BOVESPA,20030627,13111.71,13193.34,12975.73,13024.12,0
BOVESPA,20030630,13026.68,13066.32,12930.17,12972.58,0
BOVESPA,20030701,12967.27,13291.10,12893.22,13291.10,0
BOVESPA,20030702,13291.10,13376.36,13239.59,13310.47,0
BOVESPA,20030703,13307.92,13308.74,13134.41,13134.41,0
BOVESPA,20030704,13134.64,13292.14,13067.44,13273.65,0
BOVESPA,20030707,13273.65,13444.07,13272.91,13402.01,0
BOVESPA,20030708,13401.37,13618.80,13338.81,13618.80,0
BOVESPA,20030710,13622.27,13622.27,13407.40,13501.29,0
BOVESPA,20030711,13498.29,13517.43,13420.50,13427.24,0
BOVESPA,20030714,13320.58,13593.07,13320.58,13588.14,0
BOVESPA,20030715,13592.81,13735.72,13567.94,13614.10,0
BOVESPA,20030716,13612.50,13633.18,13435.36,13487.24,0
BOVESPA,20030717,13486.65,13635.67,13359.89,13622.29,0
BOVESPA,20030718,13622.29,13809.31,13622.29,13794.26,0
BOVESPA,20030721,13794.26,13859.19,13675.85,13675.85,0
BOVESPA,20030722,13675.85,13867.27,13671.17,13835.20,0
BOVESPA,20030723,13851.68,13942.20,13755.27,13798.79,0
BOVESPA,20030724,13799.40,13946.96,13754.95,13761.10,0
BOVESPA,20030725,13761.13,13867.76,13660.69,13750.36,0
BOVESPA,20030728,13751.59,13783.49,13604.77,13643.37,0
BOVESPA,20030729,13651.76,13703.77,13576.50,13623.34,0
BOVESPA,20030730,13623.34,13697.69,13473.98,13474.58,0
BOVESPA,20030731,13475.46,13615.31,13475.46,13571.73,0
BOVESPA,20030801,13578.72,13578.72,13129.81,13129.81,0
BOVESPA,20030804,13127.81,13127.81,12756.58,12938.85,0
BOVESPA,20030805,12940.09,13110.63,12940.09,13059.27,0
BOVESPA,20030806,13059.27,13188.17,12839.31,12887.73,0
BOVESPA,20030807,12891.94,13350.14,12891.94,13328.37,0
BOVESPA,20030808,13332.62,13513.34,13332.62,13499.97,0
BOVESPA,20030811,13499.83,13581.78,13442.22,13560.26,0
BOVESPA,20030812,13558.50,13765.72,13553.03,13602.41,0
BOVESPA,20030813,13597.18,13857.57,13194.31,13682.25,0
BOVESPA,20030814,13683.02,13848.91,13528.94,13812.12,0
BOVESPA,20030815,13809.86,13951.58,13744.08,13889.57,0
BOVESPA,20030818,13900.20,14146.62,13900.20,14146.29,0
BOVESPA,20030819,14146.69,14235.87,14091.02,14157.94,0
BOVESPA,20030820,14157.80,14500.24,14057.81,14466.90,0
BOVESPA,20030821,14469.56,14686.71,14398.48,14669.91,0
BOVESPA,20030822,14669.91,14764.50,14588.50,14613.03,0
BOVESPA,20030825,14613.03,14713.72,14425.72,14473.17,0
BOVESPA,20030826,14474.66,14880.00,14425.06,14877.66,0
BOVESPA,20030827,14875.70,15142.59,14875.70,15142.59,0
BOVESPA,20030828,15151.27,15252.36,14928.74,15064.56,0
BOVESPA,20030829,15064.56,15196.76,14856.62,15174.49,0
BOVESPA,20030901,15174.49,15374.12,15074.71,15352.12,0
BOVESPA,20030902,15352.12,15474.58,15320.74,15454.31,0
BOVESPA,20030903,15454.76,15690.32,15454.76,15633.80,0
BOVESPA,20030904,15634.54,15884.35,15564.45,15704.80,0
BOVESPA,20030905,15706.67,15947.47,15610.05,15899.64,0
BOVESPA,20030908,15904.35,16238.63,15894.73,16050.22,0
BOVESPA,20030909,16051.01,16062.18,15699.17,15718.30,0
BOVESPA,20030910,15716.37,15997.06,15491.83,15983.27,0
BOVESPA,20030911,15985.45,16454.23,15985.45,16292.43,0
BOVESPA,20030912,16283.11,16508.38,16058.26,16421.35,0
BOVESPA,20030915,16422.77,16600.92,16277.22,16341.75,0
BOVESPA,20030916,16353.72,16496.36,16257.56,16269.58,0
BOVESPA,20030917,16279.79,16492.38,16225.19,16492.38,0
BOVESPA,20030918,16492.38,16910.69,16423.66,16889.41,0
BOVESPA,20030919,16889.82,17104.03,16822.23,16851.49,0
BOVESPA,20030922,16850.33,16850.33,16449.64,16485.60,0
BOVESPA,20030923,16488.29,16541.94,16225.59,16443.53,0
BOVESPA,20030924,16446.22,16636.35,16052.83,16057.85,0
BOVESPA,20030925,16058.08,16203.16,15775.44,15806.02,0
BOVESPA,20030926,15807.47,16112.54,15773.47,15810.66,0
BOVESPA,20030929,15809.86,16115.13,15767.88,16108.73,0
BOVESPA,20030930,16108.79,16286.68,16009.95,16010.67,0
BOVESPA,20031001,16009.83,16609.45,16009.83,16578.74,0
BOVESPA,20031002,16581.79,17070.14,16581.79,16893.61,0
BOVESPA,20031003,16898.40,17290.20,16898.40,17074.73,0
BOVESPA,20031006,17089.57,17345.58,17026.05,17273.38,0
BOVESPA,20031007,17278.45,17537.34,17134.18,17470.14,0
BOVESPA,20031008,17474.00,17952.11,17474.00,17804.80,0
BOVESPA,20031009,17804.80,18060.14,17553.46,17708.17,0
BOVESPA,20031010,17698.85,17833.60,17495.56,17676.14,0
BOVESPA,20031013,17676.16,18075.53,17676.16,18061.94,0
BOVESPA,20031014,18063.10,18245.67,18063.10,18178.01,0
BOVESPA,20031015,18175.62,18313.00,17818.72,17942.04,0
BOVESPA,20031016,17944.37,18075.41,17833.52,17955.04,0
BOVESPA,20031017,17922.79,17945.96,17678.96,17790.71,0
BOVESPA,20031020,17790.71,18399.47,17770.04,18369.59,0
BOVESPA,20031021,18369.96,18659.96,18369.96,18448.72,0
BOVESPA,20031022,18448.72,18448.72,18220.95,18234.83,0
BOVESPA,20031023,18234.62,18234.62,17592.48,17689.81,0
BOVESPA,20031024,17686.68,17835.04,17340.41,17813.91,0
BOVESPA,20031027,17819.59,17964.07,17663.62,17750.48,0
BOVESPA,20031028,17750.48,18227.64,17691.47,18227.64,0
BOVESPA,20031029,18227.64,18454.28,17944.84,17944.84,0
BOVESPA,20031030,17944.91,18192.51,17730.78,18093.83,0
BOVESPA,20031031,18094.98,18217.71,17911.81,17982.49,0
BOVESPA,20031103,17982.80,18517.16,17982.80,18517.16,0
BOVESPA,20031104,18519.19,18713.80,18456.33,18541.18,0
BOVESPA,20031105,18544.83,18562.75,18266.94,18307.06,0
BOVESPA,20031106,18307.06,18659.54,18307.06,18612.96,0
BOVESPA,20031107,18613.82,18906.57,18613.82,18672.19,0
BOVESPA,20031110,18672.19,18724.84,18434.83,18572.29,0
BOVESPA,20031111,18571.53,18572.36,18260.91,18408.62,0
BOVESPA,20031112,18408.55,18812.18,18352.29,18793.54,0
BOVESPA,20031113,18794.60,19115.22,18676.96,18754.55,0
BOVESPA,20031114,18763.47,19051.96,18711.69,18985.87,0
BOVESPA,20031117,18984.66,18984.66,18648.48,18668.71,0
BOVESPA,20031118,18668.71,19021.52,18668.71,18812.97,0
BOVESPA,20031119,18819.25,18857.35,18610.34,18807.34,0
BOVESPA,20031120,18815.04,19261.50,18815.04,19199.14,0
BOVESPA,20031121,19197.42,19376.07,19143.72,19248.39,0
BOVESPA,20031124,19257.94,19729.77,19257.94,19690.54,0
BOVESPA,20031125,19694.16,19820.07,19615.37,19809.89,0
BOVESPA,20031126,19809.89,20001.89,19667.08,19694.82,0
BOVESPA,20031127,19694.56,19960.77,19615.91,19960.77,0
BOVESPA,20031128,19962.23,20187.96,19848.33,20183.97,0
BOVESPA,20031201,20183.97,20522.14,20183.97,20520.60,0
BOVESPA,20031202,20523.05,20629.68,20354.41,20458.49,0
BOVESPA,20031203,20462.02,20586.22,20322.25,20539.60,0
BOVESPA,20031204,20539.60,20570.16,20322.67,20394.18,0
BOVESPA,20031205,20418.21,20922.43,20418.21,20879.81,0
BOVESPA,20031208,20882.27,20937.16,20672.57,20888.91,0
BOVESPA,20031209,20889.09,21362.94,20889.09,21259.75,0
BOVESPA,20031210,21258.45,21394.27,20929.99,20972.60,0
BOVESPA,20031211,20970.78,21459.07,20970.78,21296.30,0
BOVESPA,20031212,21296.30,21513.77,20872.82,20973.94,0
BOVESPA,20031215,20973.94,21381.37,20709.24,20709.75,0
BOVESPA,20031216,20709.75,20842.43,20544.24,20759.56,0
BOVESPA,20031217,20763.46,21317.95,20763.46,21199.27,0
BOVESPA,20031218,21199.27,21502.15,21195.23,21489.27,0
BOVESPA,20031219,21488.65,21671.36,21381.31,21385.54,0
BOVESPA,20031222,21385.54,21630.23,21344.08,21630.23,0
BOVESPA,20031223,21630.95,21913.59,21630.95,21688.40,0
BOVESPA,20031226,21688.40,21824.29,21688.33,21774.98,0
BOVESPA,20031229,22010.57,22046.46,21871.52,22045.48,0
BOVESPA,20031230,22050.86,22310.27,22050.86,22236.39,0
BOVESPA,20040102,22232.53,22449.93,22208.32,22444.71,0
BOVESPA,20040105,22444.71,23531.74,22444.71,23531.74,0
BOVESPA,20040106,23531.74,23976.02,23179.79,23576.44,0
BOVESPA,20040107,23576.05,23899.32,23320.12,23320.12,0
BOVESPA,20040108,23333.99,23718.43,23122.40,23716.82,0
BOVESPA,20040109,23722.31,24088.32,23710.03,23916.72,0
BOVESPA,20040112,23895.92,24323.20,23891.68,24236.98,0
BOVESPA,20040113,24236.89,24518.15,23866.61,23939.63,0
BOVESPA,20040114,23947.11,24009.75,22878.39,23398.64,0
BOVESPA,20040115,23399.83,23399.83,22961.70,22961.70,0
BOVESPA,20040116,22964.11,23243.07,22687.05,23154.58,0
BOVESPA,20040119,23161.55,23492.82,23090.42,23385.17,0
BOVESPA,20040120,23381.95,23723.72,23381.95,23678.75,0
BOVESPA,20040121,23679.72,23679.72,23213.04,23301.82,0
BOVESPA,20040122,23299.22,23299.22,22681.98,22968.78,0
BOVESPA,20040123,22968.78,23514.92,22740.09,23471.00,0
BOVESPA,20040126,23471.00,24349.78,23471.00,24349.78,0
BOVESPA,20040127,24354.94,24472.73,23908.25,24226.04,0
BOVESPA,20040128,24226.04,24460.15,23786.77,23851.62,0
BOVESPA,20040129,23849.15,23859.08,22299.80,22386.18,0
BOVESPA,20040130,22384.23,22615.48,21649.30,21851.44,0
BOVESPA,20040202,21841.74,21866.78,21336.03,21786.95,0
BOVESPA,20040203,21794.08,22287.15,21794.08,22280.99,0
BOVESPA,20040204,22288.81,22718.28,21554.84,21684.53,0
BOVESPA,20040205,21684.53,21908.83,21077.25,21091.68,0
BOVESPA,20040206,21091.68,21968.81,20597.93,21968.81,0
BOVESPA,20040209,21969.68,22493.21,21852.51,21961.58,0
BOVESPA,20040210,21935.77,22215.95,21693.72,22171.49,0
BOVESPA,20040211,22172.66,23240.77,22056.82,23197.11,0
BOVESPA,20040212,23197.11,23374.24,22929.49,23063.45,0
BOVESPA,20040213,23067.19,23230.08,22187.59,22529.80,0
BOVESPA,20040216,22529.80,22532.83,21901.09,22188.88,0
BOVESPA,20040217,22195.32,22520.13,22016.79,22426.27,0
BOVESPA,20040218,22429.55,22667.59,21899.40,22000.12,0
BOVESPA,20040219,21998.07,21998.07,20876.72,20950.98,0
BOVESPA,20040220,20949.21,21341.97,20091.65,21336.91,0
BOVESPA,20040225,21341.09,21732.07,21341.09,21609.23,0
BOVESPA,20040226,21608.42,21608.42,21180.48,21449.61,0
BOVESPA,20040227,21455.07,21755.02,21447.59,21755.02,0
BOVESPA,20040301,21760.52,22527.74,21760.52,22498.59,0
BOVESPA,20040302,22496.36,22714.45,21941.66,22442.42,0
BOVESPA,20040303,22442.42,22800.79,22191.32,22550.49,0
BOVESPA,20040304,22541.50,22743.51,22255.54,22392.99,0
BOVESPA,20040305,22397.17,22937.00,22349.44,22872.94,0
BOVESPA,20040308,22873.86,23372.87,22873.86,22993.31,0
BOVESPA,20040309,22993.31,23093.65,22502.75,22673.76,0
BOVESPA,20040310,22673.51,22673.51,21670.28,21670.28,0
BOVESPA,20040311,21673.47,21749.99,20755.57,20763.14,0
BOVESPA,20040312,20769.64,21799.65,20769.64,21775.77,0
BOVESPA,20040315,21775.85,21836.41,21162.36,21233.65,0
BOVESPA,20040316,21234.25,21647.00,21234.25,21612.94,0
BOVESPA,20040317,21619.85,22034.18,21619.85,21900.98,0
BOVESPA,20040318,21901.26,22411.39,21678.74,22369.86,0
BOVESPA,20040319,22369.86,22470.15,22217.36,22260.64,0
BOVESPA,20040322,22247.78,22247.78,21569.02,21663.09,0
BOVESPA,20040323,21760.63,21816.47,21204.93,21204.93,0
BOVESPA,20040324,21202.17,21317.34,20833.87,20984.71,0
BOVESPA,20040325,20984.99,21323.08,20856.86,21000.38,0
BOVESPA,20040326,21001.25,21650.50,21001.25,21541.01,0
BOVESPA,20040329,21544.08,21816.98,21435.47,21530.70,0
BOVESPA,20040330,21531.24,22044.51,21531.24,22042.68,0
BOVESPA,20040331,22041.88,22255.98,21872.68,22082.61,0
BOVESPA,20040401,22142.26,22774.08,22142.26,22647.07,0
BOVESPA,20040402,22649.92,23034.40,22629.33,22948.95,0
BOVESPA,20040405,22948.95,23260.41,22772.57,23146.07,0
BOVESPA,20040406,23146.07,23178.84,22858.79,23071.60,0
BOVESPA,20040407,23060.99,23060.99,22443.38,22443.38,0
BOVESPA,20040408,22451.21,22739.80,22307.06,22724.70,0
BOVESPA,20040412,22724.70,22970.01,22496.26,22779.62,0
BOVESPA,20040413,22777.21,22994.87,22554.55,22619.62,0
BOVESPA,20040414,22618.03,22618.03,22165.14,22311.96,0
BOVESPA,20040415,22311.96,22311.96,21488.67,21739.46,0
BOVESPA,20040416,21726.62,21937.89,21591.96,21768.93,0
BOVESPA,20040419,21772.78,21863.99,21417.42,21626.72,0
BOVESPA,20040420,21626.72,21665.33,21067.96,21077.59,0
BOVESPA,20040422,21077.52,21182.03,20731.52,21141.61,0
BOVESPA,20040423,21141.61,21625.27,21141.61,21590.47,0
BOVESPA,20040426,21588.32,21778.27,21286.43,21323.63,0
BOVESPA,20040427,21324.02,21714.66,21253.73,21316.64,0
BOVESPA,20040428,21316.64,21373.68,20473.62,20473.62,0
BOVESPA,20040429,20632.52,20756.13,19675.56,19865.21,0
BOVESPA,20040430,19870.76,20172.16,19508.19,19607.23,0
BOVESPA,20040503,19621.85,19777.48,19085.75,19708.58,0
BOVESPA,20040504,19708.53,20194.87,19708.53,19987.56,0
BOVESPA,20040505,20013.14,20342.10,19835.40,20026.24,0
BOVESPA,20040506,20018.84,20018.84,19188.54,19190.48,0
BOVESPA,20040507,19183.87,19183.87,18572.54,18620.01,0
BOVESPA,20040510,18620.01,18620.01,17601.07,17604.12,0
BOVESPA,20040511,17607.33,18582.77,17607.33,18536.62,0
BOVESPA,20040512,18543.39,18745.32,17885.24,18325.66,0
BOVESPA,20040513,18325.66,18619.30,17901.54,18401.76,0
BOVESPA,20040514,18420.63,18951.94,18420.63,18611.21,0
BOVESPA,20040517,18608.81,18608.81,17973.14,18122.37,0
BOVESPA,20040518,18124.71,18610.24,18124.71,18556.29,0
BOVESPA,20040519,18601.61,19120.34,18601.61,18688.22,0
BOVESPA,20040520,18688.01,18688.01,18228.76,18240.06,0
BOVESPA,20040521,18239.12,18386.84,18041.20,18285.49,0
BOVESPA,20040524,18287.67,18670.07,18287.67,18669.30,0
BOVESPA,20040525,18674.68,18869.04,18589.94,18859.52,0
BOVESPA,20040526,18859.52,19078.75,18737.20,19069.44,0
BOVESPA,20040527,19068.98,19763.09,19060.54,19734.35,0
BOVESPA,20040528,19734.35,19990.85,19579.84,19667.38,0
BOVESPA,20040531,19671.82,19769.44,19420.60,19544.67,0
BOVESPA,20040601,19544.72,19613.00,19176.53,19545.82,0
BOVESPA,20040602,19552.64,19922.55,19552.64,19716.63,0
BOVESPA,20040603,19723.31,19775.68,19332.38,19399.96,0
BOVESPA,20040604,19404.32,19901.98,19404.32,19818.73,0
BOVESPA,20040607,19825.85,20487.09,19825.85,20446.77,0
BOVESPA,20040608,20427.37,20529.32,20158.54,20283.70,0
BOVESPA,20040609,20269.08,20297.93,19798.09,19864.70,0
BOVESPA,20040611,19864.70,19979.26,19788.95,19834.46,0
BOVESPA,20040614,19833.17,19833.17,19370.88,19487.69,0
BOVESPA,20040615,19496.25,20047.46,19496.25,20047.46,0
BOVESPA,20040616,20050.10,20514.31,20006.10,20459.75,0
BOVESPA,20040617,20459.75,20697.29,20202.83,20334.60,0
BOVESPA,20040618,20329.96,20454.80,20076.41,20333.33,0
BOVESPA,20040621,20335.61,20654.09,20274.03,20293.04,0
BOVESPA,20040622,20293.04,20359.77,20069.93,20199.20,0
BOVESPA,20040623,20199.20,20836.11,20199.20,20836.11,0
BOVESPA,20040624,20837.22,21068.22,20681.35,20708.33,0
BOVESPA,20040625,20708.33,20939.98,20668.62,20750.23,0
BOVESPA,20040628,20750.23,20892.24,20350.91,20350.91,0
BOVESPA,20040629,20352.28,20832.98,20352.28,20800.84,0
BOVESPA,20040630,20809.07,21183.47,20733.04,21148.91,0
BOVESPA,20040701,21152.18,21394.15,21094.33,21348.67,0
BOVESPA,20040702,21348.67,21746.75,21348.67,21568.36,0
BOVESPA,20040705,21565.18,21774.62,21428.55,21670.29,0
BOVESPA,20040706,21669.44,21669.44,21123.86,21188.05,0
BOVESPA,20040707,21190.38,21364.45,21118.31,21171.23,0
BOVESPA,20040708,21167.00,21167.00,20821.24,20887.39,0
BOVESPA,20040712,20885.02,21560.53,20885.02,21532.23,0
BOVESPA,20040713,21533.29,21759.33,21455.50,21676.63,0
BOVESPA,20040714,21675.54,22090.01,21372.64,21672.67,0
BOVESPA,20040715,21679.23,22197.82,21679.23,22064.66,0
BOVESPA,20040716,22064.17,22676.00,22064.17,22447.13,0
BOVESPA,20040719,22444.52,22517.83,22046.73,22102.43,0
BOVESPA,20040720,22115.47,22425.57,22045.60,22361.24,0
BOVESPA,20040721,22362.42,22516.22,21775.64,21810.32,0
BOVESPA,20040722,21821.29,21937.52,21489.83,21730.32,0
BOVESPA,20040723,21728.69,22100.13,21558.58,21591.09,0
BOVESPA,20040726,21634.94,21930.30,21056.09,21317.70,0
BOVESPA,20040727,21325.22,21813.49,21235.68,21737.00,0
BOVESPA,20040728,21740.00,22213.37,21613.23,22168.28,0
BOVESPA,20040729,22168.61,22365.75,22019.44,22227.78,0
BOVESPA,20040730,22224.13,22533.91,22110.86,22336.87,0
BOVESPA,20040802,22341.86,22493.12,21928.85,22448.01,0
BOVESPA,20040803,22453.46,22600.15,22340.18,22372.90,0
BOVESPA,20040804,22370.30,22522.78,22159.32,22177.92,0
BOVESPA,20040805,22174.32,22244.17,21233.56,21330.25,0
BOVESPA,20040806,21340.71,21701.64,21193.78,21652.71,0
BOVESPA,20040809,21652.71,21744.63,21242.69,21260.91,0
BOVESPA,20040810,21261.46,21736.72,21261.46,21736.72,0
BOVESPA,20040811,21735.63,21735.63,21410.61,21569.71,0
BOVESPA,20040812,21573.94,21722.69,21483.61,21493.08,0
BOVESPA,20040813,21570.24,21705.65,21307.39,21401.26,0
BOVESPA,20040816,21403.52,21828.69,21360.61,21763.76,0
BOVESPA,20040817,21766.52,22159.49,21766.52,22060.50,0
BOVESPA,20040818,22059.41,22778.77,21897.55,22778.77,0
BOVESPA,20040819,22778.74,23284.79,22772.24,22934.83,0
BOVESPA,20040820,22934.61,23248.30,22919.39,23088.88,0
BOVESPA,20040823,23195.63,23240.52,22772.55,22852.13,0
BOVESPA,20040824,22863.28,23111.08,22743.29,22870.14,0
BOVESPA,20040825,22870.16,23144.89,22744.93,23058.41,0
BOVESPA,20040826,23046.60,23046.60,22478.99,22582.04,0
BOVESPA,20040827,22582.76,22801.31,22503.88,22596.84,0
BOVESPA,20040830,22600.11,22869.15,22315.73,22869.15,0
BOVESPA,20040831,22885.74,23071.45,22685.17,22803.19,0
BOVESPA,20040901,22802.51,22970.82,22362.77,22512.87,0
BOVESPA,20040902,22515.74,22767.74,22267.25,22688.07,0
BOVESPA,20040903,22688.04,22768.88,22378.33,22415.05,0
BOVESPA,20040906,22415.63,22537.00,22415.63,22501.53,0
BOVESPA,20040908,22508.06,22977.11,22508.06,22534.32,0
BOVESPA,20040909,22535.52,22622.03,22070.54,22286.49,0
BOVESPA,20040910,22276.25,22299.03,21846.14,21968.08,0
BOVESPA,20040913,21970.07,22225.60,21738.88,21809.22,0
BOVESPA,20040914,21810.12,22337.13,21740.64,22309.43,0
BOVESPA,20040915,22310.39,22576.81,22213.35,22343.52,0
BOVESPA,20040916,22345.80,22896.74,22345.80,22875.77,0
BOVESPA,20040917,22875.95,23190.24,22875.95,23073.59,0
BOVESPA,20040920,23078.77,23484.89,23078.24,23078.24,0
BOVESPA,20040921,23077.65,23267.54,22915.87,23105.76,0
BOVESPA,20040922,23105.56,23206.88,22696.72,22748.97,0
BOVESPA,20040923,22748.97,23006.21,22748.97,22943.55,0
BOVESPA,20040924,22943.55,23110.24,22891.96,22972.07,0
BOVESPA,20040927,22980.93,22980.93,22732.82,22834.06,0
BOVESPA,20040928,22834.06,23275.32,22593.24,23230.64,0
BOVESPA,20040929,23230.33,23286.65,23069.24,23208.35,0
BOVESPA,20040930,23209.80,23422.63,23182.95,23245.24,0
BOVESPA,20041001,23245.88,23777.02,23245.88,23777.02,0
BOVESPA,20041004,23784.44,24173.32,23784.44,24150.39,0
BOVESPA,20041005,24150.39,24362.04,23945.60,24205.25,0
BOVESPA,20041006,24205.42,24205.42,23898.84,24027.14,0
BOVESPA,20041007,24013.62,24141.06,23813.82,24104.18,0
BOVESPA,20041008,24120.26,24345.66,23913.88,23926.85,0
BOVESPA,20041011,23928.47,24090.95,23921.43,23953.95,0
BOVESPA,20041013,23952.96,24065.95,23067.88,23289.29,0
BOVESPA,20041014,23286.87,23286.87,22865.44,22959.48,0
BOVESPA,20041015,22961.03,23422.22,22961.03,23367.84,0
BOVESPA,20041018,23367.84,23448.27,23020.92,23411.07,0
BOVESPA,20041019,23411.26,23620.93,22886.55,22892.99,0
BOVESPA,20041020,22892.99,22928.59,22565.48,22873.49,0
BOVESPA,20041021,22872.99,23115.80,22779.27,23058.95,0
BOVESPA,20041022,23061.43,23326.20,22691.69,22735.47,0
BOVESPA,20041025,22735.47,22735.47,22389.55,22602.60,0
BOVESPA,20041026,22602.68,22848.91,22557.09,22848.91,0
BOVESPA,20041027,22861.08,23228.39,22782.64,23170.78,0
BOVESPA,20041028,23170.78,23170.78,22825.97,22928.50,0
BOVESPA,20041029,22944.72,23088.85,22877.43,23052.18,0
BOVESPA,20041101,23049.70,23309.32,22940.68,23272.98,0
BOVESPA,20041103,23274.93,23770.22,23274.93,23660.11,0
BOVESPA,20041104,23660.11,23963.07,23628.95,23879.62,0
BOVESPA,20041105,23864.07,24000.21,23498.64,23541.63,0
BOVESPA,20041108,23541.63,23541.63,23071.51,23211.89,0
BOVESPA,20041109,23212.66,23304.82,23021.59,23215.87,0
BOVESPA,20041110,23223.30,23478.84,23223.30,23454.55,0
BOVESPA,20041111,23457.05,23520.70,23191.55,23520.70,0
BOVESPA,20041112,23523.63,24035.42,23523.63,24035.42,0
BOVESPA,20041116,24035.42,24035.42,23697.77,23772.06,0
BOVESPA,20041117,23772.06,24289.18,23772.06,24169.83,0
BOVESPA,20041118,24166.55,24324.70,23844.86,24143.05,0
BOVESPA,20041119,24146.67,24361.23,23848.28,24034.19,0
BOVESPA,20041122,24034.01,24508.19,23839.23,24444.90,0
BOVESPA,20041123,24445.55,24684.03,24290.41,24340.46,0
BOVESPA,20041124,24338.70,24692.95,24338.70,24368.33,0
BOVESPA,20041125,24371.52,24871.93,24371.52,24866.63,0
BOVESPA,20041126,24866.63,25071.99,24755.66,24997.82,0
BOVESPA,20041129,24999.86,25083.86,24653.31,24854.76,0
BOVESPA,20041130,24855.12,25160.26,24760.65,25128.33,0
BOVESPA,20041201,25129.09,25381.09,25117.61,25234.70,0
BOVESPA,20041202,25234.70,25359.60,25057.09,25200.40,0
BOVESPA,20041203,25217.71,25603.97,25217.71,25467.97,0
BOVESPA,20041206,25473.66,25708.53,25430.29,25632.50,0
BOVESPA,20041207,25632.49,25667.21,24945.30,24955.89,0
BOVESPA,20041208,24988.26,25010.57,24614.82,24968.39,0
BOVESPA,20041209,24969.67,25052.73,24451.57,24526.04,0
BOVESPA,20041210,24529.56,24954.27,24493.72,24933.32,0
BOVESPA,20041213,24933.32,25259.52,24867.26,25225.16,0
BOVESPA,20041214,25226.20,25567.64,25226.20,25563.13,0
BOVESPA,20041215,25568.04,25919.31,25362.54,25575.83,0
BOVESPA,20041216,25560.82,25876.75,25543.23,25831.13,0
BOVESPA,20041217,25834.82,25834.82,25474.43,25659.14,0
BOVESPA,20041220,25661.14,25771.87,25455.55,25536.63,0
BOVESPA,20041221,25536.53,25898.43,25465.32,25889.72,0
BOVESPA,20041222,25892.45,26075.07,25712.50,25723.19,0
BOVESPA,20041223,25719.08,25971.42,25617.96,25878.19,0
BOVESPA,20041227,25861.93,26084.37,25861.93,25936.93,0
BOVESPA,20041228,25936.93,26145.44,25918.67,26116.61,0
BOVESPA,20041229,26116.74,26244.56,26090.96,26161.31,0
BOVESPA,20041230,26170.84,26269.62,26108.38,26196.25,0
BOVESPA,20050103,26193.48,26492.24,25671.02,25722.01,0
BOVESPA,20050104,25722.01,25873.02,24790.57,24848.04,0
BOVESPA,20050105,24859.33,25000.61,24522.68,24691.80,0
BOVESPA,20050106,24695.19,24807.97,24250.38,24366.93,0
BOVESPA,20050107,24375.64,24874.35,24375.64,24747.22,0
BOVESPA,20050110,24747.22,24825.45,24085.91,24291.89,0
BOVESPA,20050111,24294.76,24456.58,24127.05,24371.21,0
BOVESPA,20050112,24369.87,24560.43,23983.04,24509.60,0
BOVESPA,20050113,24523.41,24918.74,24523.41,24805.74,0
BOVESPA,20050114,24802.27,24965.91,24481.45,24924.13,0
BOVESPA,20050117,24924.13,25022.14,24515.22,24515.22,0
BOVESPA,20050118,24515.22,24515.22,24019.19,24089.19,0
BOVESPA,20050119,24091.28,24465.31,24091.28,24271.23,0
BOVESPA,20050120,24271.22,24271.22,23533.84,23609.97,0
BOVESPA,20050121,23618.30,24005.81,23608.58,23818.37,0
BOVESPA,20050124,23818.94,24301.79,23812.51,24197.72,0
BOVESPA,20050126,24206.93,24555.49,24206.93,24529.38,0
BOVESPA,20050127,24528.85,24528.85,23868.64,24029.70,0
BOVESPA,20050128,24006.34,24056.18,23594.57,23968.09,0
BOVESPA,20050131,23969.96,24399.13,23969.96,24350.62,0
BOVESPA,20050201,24392.09,24506.43,24073.23,24149.46,0
BOVESPA,20050202,24149.81,24624.36,24139.11,24605.36,0
BOVESPA,20050203,24606.01,24896.15,24548.18,24873.63,0
BOVESPA,20050204,24873.63,25735.65,24818.01,25731.94,0
BOVESPA,20050209,25732.97,26313.50,25732.97,26313.50,0
BOVESPA,20050210,26313.50,26456.49,25881.80,26415.79,0
BOVESPA,20050211,26413.67,26786.45,26132.01,26670.52,0
BOVESPA,20050214,26660.39,26753.03,26321.40,26531.89,0
BOVESPA,20050215,26531.89,26659.69,26211.73,26610.12,0
BOVESPA,20050216,26610.79,26683.38,26312.33,26384.08,0
BOVESPA,20050217,26385.48,27159.19,26385.48,27090.91,0
BOVESPA,20050218,27086.48,27184.45,26707.08,26756.25,0
BOVESPA,20050221,26729.56,27094.41,26697.95,26853.05,0
BOVESPA,20050222,26856.08,27328.63,26620.00,26740.06,0
BOVESPA,20050223,26745.90,27198.46,26745.90,27198.46,0
BOVESPA,20050224,27197.77,28436.17,27197.77,28436.17,0
BOVESPA,20050225,28428.88,28778.40,28178.10,28425.04,0
BOVESPA,20050228,28422.74,28554.57,27799.40,28139.13,0
BOVESPA,20050301,28135.07,28136.75,27643.17,27729.98,0
BOVESPA,20050302,27729.90,28199.70,27498.30,28199.70,0
BOVESPA,20050303,28203.74,28766.44,28203.74,28668.40,0
BOVESPA,20050304,28676.49,29227.78,28676.49,29197.19,0
BOVESPA,20050307,29463.81,29584.21,29200.83,29455.42,0
BOVESPA,20050308,29452.04,29452.04,28883.14,29021.20,0
BOVESPA,20050309,29017.56,29058.35,28380.83,28514.46,0
BOVESPA,20050310,28510.73,28681.84,28049.38,28567.49,0
BOVESPA,20050311,28566.82,28931.73,28008.21,28074.91,0
BOVESPA,20050314,28074.91,28135.03,27714.82,28098.89,0
BOVESPA,20050315,28106.90,28300.14,27455.45,27587.71,0
BOVESPA,20050316,27587.02,27840.76,27260.30,27826.71,0
BOVESPA,20050317,27823.90,28162.17,27319.42,28085.83,0
BOVESPA,20050318,28088.14,28173.70,27498.41,27593.25,0
BOVESPA,20050321,27587.28,27632.79,27213.82,27411.34,0
BOVESPA,20050322,27418.97,27843.62,26479.95,26618.06,0
BOVESPA,20050323,26612.92,26791.66,26130.50,26248.27,0
BOVESPA,20050324,26267.13,26827.29,26267.13,26701.88,0
BOVESPA,20050328,26705.15,26705.15,26225.45,26257.32,0
BOVESPA,20050329,26264.59,26619.84,25760.87,25842.08,0
BOVESPA,20050330,25861.43,26469.78,25861.43,26469.78,0
BOVESPA,20050331,26470.81,26767.88,26258.57,26610.65,0
BOVESPA,20050401,26612.16,27178.18,26612.16,26891.42,0
BOVESPA,20050404,26769.96,26769.96,26204.07,26406.75,0
BOVESPA,20050405,26407.39,26723.91,25965.23,26038.44,0
BOVESPA,20050406,26037.98,26253.88,25614.72,25695.05,0
BOVESPA,20050407,25875.93,26307.83,25655.75,26307.83,0
BOVESPA,20050408,26304.93,26309.99,25825.97,25884.63,0
BOVESPA,20050411,25883.69,25943.20,25698.13,25899.73,0
BOVESPA,20050412,25899.73,26323.74,25610.94,26206.21,0
BOVESPA,20050413,26206.21,26578.53,26057.41,26066.11,0
BOVESPA,20050414,26068.91,26112.91,24948.68,24984.00,0
BOVESPA,20050415,25000.05,25115.02,24574.99,24655.85,0
BOVESPA,20050418,24655.85,24964.50,24419.63,24877.04,0
BOVESPA,20050419,24877.10,25566.17,24877.10,25566.17,0
BOVESPA,20050420,25565.94,25691.43,24953.12,25062.44,0
BOVESPA,20050422,25062.44,25428.45,24691.36,24767.06,0
BOVESPA,20050425,24769.03,25297.44,24744.21,25231.50,0
BOVESPA,20050426,25231.50,25563.43,25066.66,25304.75,0
BOVESPA,20050427,25295.40,25295.40,24885.65,25241.70,0
BOVESPA,20050428,25238.40,25238.40,24423.37,24439.71,0
BOVESPA,20050429,24453.67,24858.26,24154.13,24858.26,0
BOVESPA,20050502,24847.23,24904.08,24468.15,24704.60,0
BOVESPA,20050503,24710.59,24925.50,24547.60,24715.63,0
BOVESPA,20050504,24715.63,25559.61,24715.63,25474.47,0
BOVESPA,20050505,25477.76,25697.23,25224.60,25435.82,0
BOVESPA,20050506,25436.92,25808.21,25436.92,25589.20,0
BOVESPA,20050509,25593.22,25623.14,25403.93,25464.75,0
BOVESPA,20050510,25466.93,25530.35,24636.17,24762.71,0
BOVESPA,20050511,24764.50,24837.39,24290.34,24698.66,0
BOVESPA,20050512,24698.56,24923.32,23985.32,24117.27,0
BOVESPA,20050513,24115.07,24259.56,23679.65,23887.44,0
BOVESPA,20050516,23883.42,24380.92,23765.25,24378.50,0
BOVESPA,20050517,24361.52,24513.35,24023.91,24412.76,0
BOVESPA,20050518,24409.89,24955.74,24409.89,24898.12,0
BOVESPA,20050519,24881.85,24881.85,24530.33,24829.01,0
BOVESPA,20050520,24827.15,24835.96,24494.38,24522.41,0
BOVESPA,20050523,24525.15,24586.19,24208.33,24214.89,0
BOVESPA,20050524,24214.89,24582.55,24011.71,24545.24,0
BOVESPA,20050525,24541.45,24681.62,24345.29,24478.42,0
BOVESPA,20050527,24479.52,25270.23,24479.52,25255.48,0
BOVESPA,20050530,25248.05,25616.32,25215.01,25424.22,0
BOVESPA,20050531,25426.40,25632.89,25153.61,25207.07,0
BOVESPA,20050601,25209.31,25992.50,25209.31,25948.83,0
BOVESPA,20050602,25949.75,26755.09,25929.68,26639.83,0
BOVESPA,20050603,26642.49,26691.52,26144.84,26365.62,0
BOVESPA,20050606,26362.60,26362.60,25216.75,25556.26,0
BOVESPA,20050607,25556.26,25556.26,24933.25,25026.10,0
BOVESPA,20050608,25026.16,25423.38,24645.05,24701.50,0
BOVESPA,20050609,24701.50,24701.50,24224.34,24483.55,0
BOVESPA,20050610,24483.55,25048.78,24483.55,24950.95,0
BOVESPA,20050613,24954.88,25309.22,24896.08,24901.83,0
BOVESPA,20050614,24898.33,25789.01,24329.90,25744.24,0
BOVESPA,20050615,25744.24,25744.24,24915.57,25481.38,0
BOVESPA,20050616,25479.46,25895.29,25479.46,25750.53,0
BOVESPA,20050617,25751.69,26266.55,25751.69,26092.88,0
BOVESPA,20050620,26092.88,26142.08,25764.36,26045.50,0
BOVESPA,20050621,26046.07,26130.05,25578.21,25721.68,0
BOVESPA,20050622,25729.54,25755.08,25324.05,25678.25,0
BOVESPA,20050623,25678.46,25704.40,24815.58,24815.58,0
BOVESPA,20050624,24811.43,25011.44,24724.88,24916.91,0
BOVESPA,20050627,24916.91,25305.78,24640.05,25225.77,0
BOVESPA,20050628,25225.77,25453.65,25097.71,25261.04,0
BOVESPA,20050629,25267.17,25450.55,25031.36,25126.36,0
BOVESPA,20050630,25132.13,25279.18,25051.21,25051.21,0
BOVESPA,20050701,25051.21,25409.44,25046.95,25265.86,0
BOVESPA,20050704,25311.44,25313.97,24898.95,25044.53,0
BOVESPA,20050705,25042.31,25059.10,24525.96,24674.77,0
BOVESPA,20050706,24676.52,24676.52,24266.53,24516.86,0
BOVESPA,20050707,24512.55,24603.00,24192.36,24449.51,0
BOVESPA,20050708,24451.98,24657.48,24332.51,24422.91,0
BOVESPA,20050711,24424.88,25031.61,24424.88,25015.58,0
BOVESPA,20050712,25026.92,25575.75,24931.89,25536.25,0
BOVESPA,20050713,25556.83,26043.16,25556.83,25855.91,0
BOVESPA,20050714,25858.68,26141.72,25724.68,25919.95,0
BOVESPA,20050715,25916.22,25916.22,25221.53,25221.53,0
BOVESPA,20050718,25221.53,25411.94,24916.02,25321.08,0
BOVESPA,20050719,25312.19,25312.19,24959.84,25270.60,0
BOVESPA,20050720,25268.34,25795.19,24969.59,25704.76,0
BOVESPA,20050721,25706.36,25964.15,25505.03,25842.37,0
BOVESPA,20050722,25834.33,25848.24,25244.24,25391.23,0
BOVESPA,20050725,24629.53,24773.26,24409.98,24530.79,0
BOVESPA,20050726,24506.33,24899.33,24327.74,24868.47,0
BOVESPA,20050727,24881.95,25362.01,24773.52,25337.82,0
BOVESPA,20050728,25340.41,26125.48,25340.41,26068.37,0
BOVESPA,20050729,26065.15,26305.77,26064.48,26086.75,0
BOVESPA,20050801,26042.36,26452.46,25911.43,26298.07,0
BOVESPA,20050802,26325.04,26823.69,26325.04,26788.54,0
BOVESPA,20050803,26788.54,27317.15,26638.05,26714.07,0
BOVESPA,20050804,26714.07,26959.62,26440.36,26469.90,0
BOVESPA,20050805,26469.17,26881.12,26350.25,26517.92,0
BOVESPA,20050808,26521.04,26984.84,26521.04,26711.19,0
BOVESPA,20050809,26711.45,27291.44,26711.45,27291.44,0
BOVESPA,20050810,27291.46,27605.93,26935.25,27116.92,0
BOVESPA,20050811,27099.18,27512.40,26493.72,26633.12,0
BOVESPA,20050812,26628.59,26950.74,25733.64,26950.74,0
BOVESPA,20050815,26959.96,27412.51,26944.41,27375.02,0
BOVESPA,20050816,27376.44,27696.29,26967.02,27080.10,0
BOVESPA,20050817,27084.33,27518.56,27057.35,27416.12,0
BOVESPA,20050818,27394.83,27418.69,26805.67,26899.74,0
BOVESPA,20050819,26908.58,27182.52,26128.62,26643.77,0
BOVESPA,20050822,26646.68,27287.01,26646.68,27260.68,0
BOVESPA,20050823,27260.59,27263.78,26647.85,26769.28,0
BOVESPA,20050824,26769.28,26861.75,26478.84,26712.38,0
BOVESPA,20050825,26712.38,27402.91,26712.38,27401.63,0
BOVESPA,20050826,27397.19,27421.63,27008.49,27094.61,0
BOVESPA,20050829,27113.04,27432.01,26980.65,27384.83,0
BOVESPA,20050830,27384.83,27619.34,27339.05,27603.74,0
BOVESPA,20050831,27626.45,28071.81,27626.45,28044.83,0
BOVESPA,20050901,28100.40,28237.31,27798.63,27962.19,0
BOVESPA,20050902,27972.26,28346.79,27972.26,28319.11,0
BOVESPA,20050905,28379.76,28579.34,28379.34,28522.00,0
BOVESPA,20050906,28523.38,28854.92,28337.59,28854.92,0
BOVESPA,20050908,28854.92,28956.34,28709.35,28828.06,0
BOVESPA,20050909,28836.62,29386.56,28820.19,29307.91,0
BOVESPA,20050912,29307.91,29330.53,28990.71,29086.48,0
BOVESPA,20050913,29083.71,29194.41,28814.36,28873.30,0
BOVESPA,20050914,28873.64,29152.36,28841.98,29049.99,0
BOVESPA,20050915,29048.28,29561.27,29048.28,29366.24,0
BOVESPA,20050916,29367.85,29863.43,29367.85,29815.83,0
BOVESPA,20050919,29815.83,30076.02,29715.29,30076.02,0
BOVESPA,20050920,30076.14,30369.50,29889.45,30058.99,0
BOVESPA,20050921,30058.99,30889.99,29814.61,30837.29,0
BOVESPA,20050922,30839.03,30931.34,30421.53,30678.43,0
BOVESPA,20050923,30683.20,31370.69,30683.20,31294.11,0
BOVESPA,20050926,31300.89,31564.61,30957.08,31141.20,0
BOVESPA,20050927,31145.94,31218.89,30593.45,30874.94,0
BOVESPA,20050928,30879.46,31405.45,30879.46,31317.24,0
BOVESPA,20050929,31318.21,31524.36,30838.57,31208.82,0
BOVESPA,20050930,31208.82,31583.79,31135.43,31583.79,0
BOVESPA,20051003,31581.50,31985.09,31542.01,31856.13,0
BOVESPA,20051004,31856.96,32051.51,31234.51,31283.83,0
BOVESPA,20051005,30583.54,30792.49,30118.29,30163.52,0
BOVESPA,20051006,30164.88,30240.77,28893.41,29227.40,0
BOVESPA,20051007,29227.40,30213.33,29227.40,29972.99,0
BOVESPA,20051010,29982.00,30501.76,29982.00,30277.22,0
BOVESPA,20051011,30275.17,30774.65,30275.17,30614.23,0
BOVESPA,20051013,30561.02,30561.02,29337.44,29880.04,0
BOVESPA,20051014,29880.04,30251.46,29090.31,29770.22,0
BOVESPA,20051017,29776.57,30377.48,29776.57,30241.61,0
BOVESPA,20051018,30241.27,30450.70,29067.91,29067.91,0
BOVESPA,20051019,29072.49,29558.34,28596.29,29297.11,0
BOVESPA,20051020,29299.57,29974.57,28161.24,28344.08,0
BOVESPA,20051021,28346.17,29175.79,28346.17,29175.79,0
BOVESPA,20051024,29175.79,29834.99,29120.22,29834.99,0
BOVESPA,20051025,29837.05,30094.84,29395.77,29498.03,0
BOVESPA,20051026,29491.65,29970.91,29243.81,29729.97,0
BOVESPA,20051027,29729.97,29841.81,29004.62,29132.52,0
BOVESPA,20051028,29132.52,29566.60,29132.52,29318.18,0
BOVESPA,20051031,29332.87,30251.81,29332.87,30193.51,0
BOVESPA,20051101,30193.51,30981.23,30193.51,30899.71,0
BOVESPA,20051103,30898.50,31486.83,30898.50,31099.97,0
BOVESPA,20051104,31079.93,31233.73,30584.19,30887.50,0
BOVESPA,20051107,30887.69,31362.57,30735.46,30952.24,0
BOVESPA,20051108,30951.38,31077.67,30586.59,30970.60,0
BOVESPA,20051109,30970.84,31232.37,30492.96,30666.07,0
BOVESPA,20051110,30664.63,30725.94,30218.31,30724.60,0
BOVESPA,20051111,30542.41,30743.82,30409.82,30510.89,0
BOVESPA,20051114,30510.21,30510.21,29948.18,30218.88,0
BOVESPA,20051116,30343.76,30515.95,30263.05,30482.12,0
BOVESPA,20051117,30482.87,31247.88,30482.87,31087.00,0
BOVESPA,20051118,31086.83,31179.64,30887.29,31102.37,0
BOVESPA,20051121,31102.37,31289.34,30969.42,31110.07,0
BOVESPA,20051122,31109.80,31499.55,30472.88,31489.01,0
BOVESPA,20051123,31489.01,32013.74,31489.01,31942.56,0
BOVESPA,20051124,31816.16,32122.50,31677.96,31944.73,0
BOVESPA,20051125,31946.77,32058.68,31840.37,31919.66,0
BOVESPA,20051128,31919.66,32350.47,31337.10,31749.33,0
BOVESPA,20051129,31359.60,31766.84,31357.55,31651.55,0
BOVESPA,20051130,31651.90,31917.69,31295.76,31916.76,0
BOVESPA,20051201,31920.61,32700.43,31920.61,32617.18,0
BOVESPA,20051202,32617.30,32936.30,32617.18,32832.45,0
BOVESPA,20051205,32834.87,32909.58,32546.85,32701.17,0
BOVESPA,20051206,32712.09,33327.60,32712.09,33223.42,0
BOVESPA,20051207,33224.00,33271.28,32648.84,32756.79,0
BOVESPA,20051208,32756.29,32997.05,32476.44,32480.04,0
BOVESPA,20051209,32482.60,32971.00,32482.60,32921.76,0
BOVESPA,20051212,32924.87,33299.41,32867.86,32970.60,0
BOVESPA,20051213,32970.60,33432.12,32835.02,33419.65,0
BOVESPA,20051214,33419.65,33837.27,33369.07,33629.47,0
BOVESPA,20051215,33625.46,33798.95,33102.62,33193.27,0
BOVESPA,20051216,33193.27,33578.78,33193.27,33291.82,0
BOVESPA,20051219,33283.80,33495.86,32907.95,33005.27,0
BOVESPA,20051220,33007.84,33139.95,32767.53,33066.53,0
BOVESPA,20051221,33068.48,33553.15,33068.48,33517.05,0
BOVESPA,20051222,33521.05,33652.31,33462.77,33512.86,0
BOVESPA,20051223,33508.75,33574.94,33280.09,33331.26,0
BOVESPA,20051227,33296.62,33631.24,33238.93,33370.73,0
BOVESPA,20051228,33370.84,33463.10,32964.96,33052.35,0
BOVESPA,20051229,33137.44,33455.94,33137.44,33455.94,0
BOVESPA,20060102,33461.54,33518.91,32860.17,33507.27,0
BOVESPA,20060103,33507.36,34562.66,33507.36,34540.58,0
BOVESPA,20060104,34539.95,35223.14,34539.95,35002.37,0
BOVESPA,20060105,35005.58,35088.42,34680.99,34936.11,0
BOVESPA,20060106,35169.99,35529.45,35159.78,35475.02,0
BOVESPA,20060109,35475.02,35601.31,35108.24,35337.33,0
BOVESPA,20060110,35338.15,35338.15,34686.50,35049.42,0
BOVESPA,20060111,35049.72,35952.77,35049.72,35952.24,0
BOVESPA,20060112,35952.78,36286.08,35641.42,35779.30,0
BOVESPA,20060113,36006.89,36006.89,35479.72,35897.12,0
BOVESPA,20060116,35897.12,36533.68,35897.12,36533.68,0
BOVESPA,20060117,36533.68,36533.68,35816.63,36041.19,0
BOVESPA,20060118,36119.37,36119.37,35380.30,35652.20,0
BOVESPA,20060119,35812.58,36978.68,35812.58,36858.19,0
BOVESPA,20060120,36775.12,36938.47,36432.27,36694.65,0
BOVESPA,20060123,36694.65,36770.97,36212.84,36631.75,0
BOVESPA,20060124,36412.93,37427.76,36402.94,37234.65,0
BOVESPA,20060126,37399.67,38031.40,37399.67,38014.36,0
BOVESPA,20060127,38017.89,38803.99,37688.21,37822.22,0
BOVESPA,20060130,37823.97,38276.43,37501.28,38242.04,0
BOVESPA,20060131,38242.93,38456.16,37629.91,38382.80,0
BOVESPA,20060201,38382.33,38500.02,37891.89,38484.84,0
BOVESPA,20060202,38482.37,38505.75,37236.55,37304.19,0
BOVESPA,20060203,37304.19,37608.90,36526.26,37261.73,0
BOVESPA,20060206,37261.73,37775.69,37229.43,37321.20,0
BOVESPA,20060207,37320.01,37376.12,36555.52,36561.70,0
BOVESPA,20060208,36553.37,36783.85,36182.89,36499.41,0
BOVESPA,20060209,36500.94,37176.90,36500.94,36882.31,0
BOVESPA,20060210,36885.56,37813.30,36633.34,36975.27,0
BOVESPA,20060213,36975.32,37075.67,36113.95,36113.95,0
BOVESPA,20060214,36116.94,36733.87,35891.24,36626.88,0
BOVESPA,20060215,36628.77,37446.65,36422.27,37239.30,0
BOVESPA,20060216,37245.27,38268.23,37245.27,38256.39,0
BOVESPA,20060217,38256.33,38642.32,38256.33,38421.83,0
BOVESPA,20060220,38418.28,38677.59,38152.69,38539.18,0
BOVESPA,20060221,38540.81,38978.05,38165.97,38165.97,0
BOVESPA,20060222,38166.08,38632.84,38056.13,38246.40,0
BOVESPA,20060223,38242.23,38522.05,37747.00,38405.48,0
BOVESPA,20060224,38405.64,38610.39,38337.16,38610.39,0
BOVESPA,20060301,38610.39,39203.21,38532.85,39177.87,0
BOVESPA,20060302,39181.92,39366.74,38989.25,39125.84,0
BOVESPA,20060303,39128.73,39355.67,38716.38,39239.75,0
BOVESPA,20060306,39241.40,39394.91,38347.97,38353.98,0
BOVESPA,20060307,38350.28,38350.28,37130.33,37422.58,0
BOVESPA,20060308,37420.62,37420.62,36446.22,37289.08,0
BOVESPA,20060309,37289.08,37738.67,36084.50,36312.27,0
BOVESPA,20060310,36328.47,37160.57,36217.69,36890.69,0
BOVESPA,20060313,36890.69,37258.71,36513.35,36792.98,0
BOVESPA,20060314,36788.64,37541.49,36416.75,37541.49,0
BOVESPA,20060315,37545.54,38341.29,37542.96,38243.99,0
BOVESPA,20060316,38244.66,38577.53,37962.45,38156.64,0
BOVESPA,20060317,38158.53,38267.86,37769.11,38049.17,0
BOVESPA,20060320,38048.77,38500.38,37977.96,38203.53,0
BOVESPA,20060321,38203.53,38203.53,37350.93,37398.01,0
BOVESPA,20060322,37398.01,37850.59,37156.34,37850.59,0
BOVESPA,20060323,37850.43,38127.98,37206.73,37473.85,0
BOVESPA,20060324,37558.04,37775.47,37301.12,37577.05,0
BOVESPA,20060327,37576.83,37893.47,37152.54,37641.06,0
BOVESPA,20060328,37640.37,37731.02,36681.53,36682.21,0
BOVESPA,20060329,36684.11,37491.57,36684.11,37491.57,0
BOVESPA,20060330,37492.56,38088.77,37469.11,37776.76,0
BOVESPA,20060331,37782.75,38003.95,37608.00,37946.37,0
BOVESPA,20060403,38448.74,38850.55,38448.74,38717.07,0
BOVESPA,20060404,38717.81,39086.43,38606.37,38802.26,0
BOVESPA,20060405,38802.26,39053.76,38475.38,39053.20,0
BOVESPA,20060406,39053.04,39310.25,38699.83,39285.04,0
BOVESPA,20060407,39285.04,39396.74,38630.19,38926.49,0
BOVESPA,20060410,38927.33,38927.33,38239.49,38474.73,0
BOVESPA,20060411,38478.46,38884.82,37823.02,37901.19,0
BOVESPA,20060412,37901.19,38447.96,37816.41,38427.41,0
BOVESPA,20060413,38431.37,38479.08,37983.62,38082.13,0
BOVESPA,20060417,38085.53,38698.26,38085.53,38462.48,0
BOVESPA,20060418,39004.18,39067.03,39004.18,39004.18,0
BOVESPA,20060419,39580.75,40026.03,39492.35,39937.74,0
BOVESPA,20060420,39941.40,40278.38,39435.06,39774.59,0
BOVESPA,20060424,39774.59,40088.69,39616.30,39751.30,0
BOVESPA,20060425,39752.93,39953.12,39577.10,39738.07,0
BOVESPA,20060426,39738.95,40422.19,39738.95,40410.06,0
BOVESPA,20060427,40409.86,40409.86,39631.03,39751.44,0
BOVESPA,20060428,39751.68,40424.95,39751.68,40363.42,0
BOVESPA,20060502,40364.79,41016.58,40276.96,41016.58,0
BOVESPA,20060503,41015.85,41068.19,40574.44,40919.76,0
BOVESPA,20060504,40925.94,41257.72,40894.40,40975.78,0
BOVESPA,20060509,41504.79,42015.66,41446.29,41979.29,0
BOVESPA,20060510,41980.96,41985.15,41417.76,41751.50,0
BOVESPA,20060511,41757.78,42061.59,40776.52,40847.07,0
BOVESPA,20060512,40846.89,40862.45,39861.85,40211.97,0
BOVESPA,20060515,40209.11,40209.11,38870.77,39271.45,0
BOVESPA,20060516,39271.45,39952.55,38922.73,39416.44,0
BOVESPA,20060517,39411.11,39411.11,38098.62,38290.68,0
BOVESPA,20060518,38289.78,38591.10,37807.15,37807.15,0
BOVESPA,20060519,37819.84,38464.60,37325.12,37732.86,0
BOVESPA,20060522,37732.33,37732.33,35663.81,36496.92,0
BOVESPA,20060523,36498.01,37566.65,36099.31,36110.00,0
BOVESPA,20060524,36103.52,36341.37,34911.34,35791.96,0
BOVESPA,20060525,35793.52,37568.66,35793.52,37568.66,0
BOVESPA,20060526,37574.23,38327.45,37574.23,38296.83,0
BOVESPA,20060529,38633.88,38733.58,38055.49,38095.34,0
BOVESPA,20060530,38149.37,38149.37,36412.51,36412.51,0
BOVESPA,20060531,36414.20,37215.74,36362.31,36530.04,0
BOVESPA,20060601,36531.41,37748.30,36502.47,37748.30,0
BOVESPA,20060602,37749.93,38437.12,37410.67,37942.18,0
BOVESPA,20060605,37938.57,37975.50,36670.10,36739.86,0
BOVESPA,20060606,36739.86,36739.86,35672.54,36557.80,0
BOVESPA,20060607,36558.71,36770.96,35262.47,35264.00,0
BOVESPA,20060608,35262.37,35607.55,34359.54,35437.78,0
BOVESPA,20060609,35438.46,36181.10,35111.31,35132.64,0
BOVESPA,20060612,35082.86,35265.95,33537.16,33554.52,0
BOVESPA,20060613,33534.56,33582.33,32824.17,32847.61,0
BOVESPA,20060614,32847.95,33474.14,32057.32,32941.46,0
BOVESPA,20060616,32942.14,34543.49,32942.14,34398.92,0
BOVESPA,20060619,34407.05,34669.16,33549.49,33897.35,0
BOVESPA,20060620,33897.41,34156.24,33567.82,33632.14,0
BOVESPA,20060621,33631.72,34601.28,33215.59,34546.64,0
BOVESPA,20060622,34543.55,34714.12,34225.82,34316.77,0
BOVESPA,20060623,34313.55,34864.49,33879.84,34661.22,0
BOVESPA,20060626,34652.67,34875.30,34584.22,34631.24,0
BOVESPA,20060627,34631.24,35015.42,34367.75,34375.73,0
BOVESPA,20060628,34374.10,34836.95,34349.22,34834.65,0
BOVESPA,20060629,34834.65,36486.67,34834.65,36486.67,0
BOVESPA,20060630,36486.67,37035.55,36359.26,36630.66,0
BOVESPA,20060703,36628.58,37402.36,36533.87,37357.20,0
BOVESPA,20060704,37357.72,37600.63,37187.72,37367.34,0
BOVESPA,20060705,37365.98,37365.98,36304.19,36378.03,0
BOVESPA,20060706,36380.22,36992.70,36380.22,36533.13,0
BOVESPA,20060707,36541.26,36795.91,35849.93,36101.98,0
BOVESPA,20060710,36107.34,36426.82,35863.16,36140.64,0
BOVESPA,20060711,36137.01,36580.70,35589.94,36553.56,0
BOVESPA,20060712,36555.35,36747.06,36189.22,36229.71,0
BOVESPA,20060713,36220.65,36220.65,35343.84,35354.28,0
BOVESPA,20060714,35352.70,35651.25,35001.02,35349.68,0
BOVESPA,20060717,35344.17,35469.43,34813.92,34866.31,0
BOVESPA,20060718,34870.65,35310.88,34590.83,35130.42,0
BOVESPA,20060719,35135.99,36785.45,35135.99,36785.45,0
BOVESPA,20060720,36786.49,37043.42,35846.84,35846.84,0
BOVESPA,20060721,35847.28,36143.52,35307.13,35510.40,0
BOVESPA,20060724,35525.17,36282.76,35525.17,36212.36,0
BOVESPA,20060725,36224.39,36709.33,36010.88,36680.83,0
BOVESPA,20060726,36680.83,36951.28,36475.13,36594.30,0
BOVESPA,20060727,36594.81,37111.65,36593.12,36887.72,0
BOVESPA,20060728,36885.54,37521.89,36841.24,37381.06,0
BOVESPA,20060731,37380.80,37398.62,37077.12,37077.12,0
BOVESPA,20060801,37077.12,37083.55,36535.92,36839.31,0
BOVESPA,20060802,36842.93,37481.15,36833.78,37288.40,0
BOVESPA,20060803,37288.40,37688.25,36892.81,37451.19,0
BOVESPA,20060804,37461.92,38172.37,37461.92,37847.88,0
BOVESPA,20060807,37844.79,37879.47,37518.05,37697.55,0
BOVESPA,20060808,37699.17,38081.27,37531.61,37600.44,0
BOVESPA,20060809,37601.80,38086.46,37179.71,37255.12,0
BOVESPA,20060810,37254.93,37423.42,36928.75,37353.76,0
BOVESPA,20060811,37353.76,37501.82,36886.15,36944.43,0
BOVESPA,20060814,36950.00,37183.73,36490.15,36556.88,0
BOVESPA,20060815,36558.73,37416.97,36558.73,37295.93,0
BOVESPA,20060816,37296.01,37697.46,37209.91,37677.81,0
BOVESPA,20060817,37679.38,38022.17,37401.67,37558.89,0
BOVESPA,20060818,37558.95,37588.67,37178.15,37551.71,0
BOVESPA,20060821,37549.86,37549.86,37139.04,37160.60,0
BOVESPA,20060822,37160.99,37255.43,36510.72,36677.51,0
BOVESPA,20060823,36674.98,36689.91,35512.10,35512.10,0
BOVESPA,20060824,35514.05,35872.19,35122.96,35797.26,0
BOVESPA,20060825,35795.40,36128.42,35586.26,35957.52,0
BOVESPA,20060828,35957.56,36389.02,35649.32,36374.51,0
BOVESPA,20060829,36383.58,36616.66,36013.01,36303.67,0
BOVESPA,20060830,36303.33,36520.72,36124.78,36313.43,0
BOVESPA,20060831,36313.27,36606.25,36013.15,36232.22,0
BOVESPA,20060901,36232.22,37329.15,36232.22,37329.15,0
BOVESPA,20060904,37330.40,37739.46,37286.53,37693.35,0
BOVESPA,20060905,37693.35,37693.35,37271.12,37367.96,0
BOVESPA,20060906,37368.40,37368.40,36709.87,36709.87,0
BOVESPA,20060908,36705.39,36725.01,36494.79,36558.48,0
BOVESPA,20060911,36561.37,36561.37,35666.12,35772.49,0
BOVESPA,20060912,35777.16,36146.66,35626.01,36146.66,0
BOVESPA,20060913,36146.66,36726.48,36033.36,36549.71,0
BOVESPA,20060914,36548.27,36680.16,36087.37,36153.09,0
BOVESPA,20060915,36153.09,36469.08,35878.06,36169.93,0
BOVESPA,20060918,36168.07,36669.68,36133.77,36482.78,0
BOVESPA,20060919,36476.89,36486.92,35554.86,35885.68,0
BOVESPA,20060920,35888.63,36069.15,34927.85,35196.59,0
BOVESPA,20060921,35199.10,35331.76,34624.42,34830.08,0
BOVESPA,20060922,34828.53,34896.93,34396.74,34798.80,0
BOVESPA,20060925,34802.89,35054.44,34127.48,34972.74,0
BOVESPA,20060926,34972.15,35826.61,34972.15,35818.97,0
BOVESPA,20060927,35816.88,36114.03,35610.84,36105.64,0
BOVESPA,20060928,36105.47,36486.99,36031.24,36486.19,0
BOVESPA,20060929,36485.56,36570.33,36260.63,36449.40,0
BOVESPA,20061002,36450.33,37316.83,36450.33,37057.75,0
BOVESPA,20061003,37056.66,37056.66,36437.55,36437.55,0
BOVESPA,20061004,36441.32,37779.57,36441.32,37749.29,0
BOVESPA,20061005,37750.38,38204.62,37623.88,37976.86,0
BOVESPA,20061006,37975.93,37975.93,37492.59,37940.44,0
BOVESPA,20061009,37930.07,38626.23,37735.73,38406.37,0
BOVESPA,20061010,38411.03,38777.75,38406.93,38654.69,0
BOVESPA,20061011,38651.94,38651.94,38090.57,38322.21,0
BOVESPA,20061013,38327.90,39177.06,38327.90,38850.16,0
BOVESPA,20061016,38851.93,39261.49,38672.45,39229.06,0
BOVESPA,20061017,39225.72,39225.72,38671.75,38897.50,0
BOVESPA,20061018,38897.99,39445.56,38556.71,38685.99,0
BOVESPA,20061019,38687.85,38939.71,38560.83,38919.75,0
BOVESPA,20061020,38919.26,38957.76,38440.21,38642.82,0
BOVESPA,20061023,38642.82,39226.76,38273.28,39226.76,0
BOVESPA,20061024,39227.11,39552.44,39091.38,39498.98,0
BOVESPA,20061025,39498.98,39721.47,39341.34,39562.63,0
BOVESPA,20061026,39562.92,39843.16,39365.46,39644.78,0
BOVESPA,20061027,39639.68,39745.84,39293.33,39328.47,0
BOVESPA,20061030,39327.29,39340.33,38681.44,38900.49,0
BOVESPA,20061031,38900.49,39262.79,38880.31,39262.79,0
BOVESPA,20061101,39278.99,40102.72,39278.99,39930.05,0
BOVESPA,20061103,39930.39,40482.36,39923.96,40435.18,0
BOVESPA,20061106,40436.77,41255.82,40436.77,41246.61,0
BOVESPA,20061107,41246.61,41401.94,40862.92,41048.31,0
BOVESPA,20061108,41041.92,41344.69,40623.96,41334.23,0
BOVESPA,20061109,41334.23,41812.65,40657.26,40815.48,0
BOVESPA,20061110,40815.07,40941.96,40322.26,40719.92,0
BOVESPA,20061113,40724.37,40724.37,40038.07,40605.79,0
BOVESPA,20061114,40607.11,41342.29,40607.11,41270.48,0
BOVESPA,20061116,41295.75,41781.12,41153.16,41161.87,0
BOVESPA,20061117,41164.01,41164.01,40481.78,41029.43,0
BOVESPA,20061121,41029.43,41570.40,40986.23,41570.40,0
BOVESPA,20061122,41579.33,41950.69,41308.27,41912.92,0
BOVESPA,20061123,41912.58,42308.39,41912.58,42069.83,0
BOVESPA,20061124,42070.51,42070.51,41467.56,41757.72,0
BOVESPA,20061127,41757.82,41757.82,40722.38,40914.63,0
BOVESPA,20061128,40914.63,41083.45,40428.49,41043.15,0
BOVESPA,20061129,41041.49,41987.60,41041.49,41970.01,0
BOVESPA,20061130,41971.25,42174.65,41497.34,41931.84,0
BOVESPA,20061201,41929.93,42095.22,41192.16,41327.07,0
BOVESPA,20061204,41329.05,42659.51,41281.63,42654.33,0
BOVESPA,20061205,42652.02,43257.51,42635.67,43157.28,0
BOVESPA,20061206,43157.91,43422.12,42831.33,43096.16,0
BOVESPA,20061207,43096.93,43506.17,42757.59,42909.29,0
BOVESPA,20061208,42910.37,43303.08,42817.96,42977.58,0
BOVESPA,20061211,42967.98,43432.07,42967.98,43297.06,0
BOVESPA,20061212,43297.06,43297.23,42793.53,43018.45,0
BOVESPA,20061213,43025.52,43393.72,42783.09,43284.52,0
BOVESPA,20061214,43291.07,43797.06,43291.07,43754.56,0
BOVESPA,20061215,43754.97,44263.08,43446.96,43595.70,0
BOVESPA,20061218,43595.70,44048.24,43400.36,43508.73,0
BOVESPA,20061219,43504.28,43589.72,42890.98,43589.72,0
BOVESPA,20061220,43591.54,43946.19,43379.04,43502.36,0
BOVESPA,20061221,43504.72,43688.65,43099.52,43385.02,0
BOVESPA,20061222,43385.16,43602.14,43124.57,43355.73,0
BOVESPA,20061226,43355.73,43610.64,43355.73,43603.08,0
BOVESPA,20061227,43602.23,44526.36,43602.23,44526.36,0
BOVESPA,20061228,44526.36,44674.75,44372.96,44473.71,0
BOVESPA,20070102,44476.48,45387.98,44476.48,45382.61,0
BOVESPA,20070103,45378.56,45378.56,44284.13,44445.29,0
BOVESPA,20070104,44442.27,44442.27,43622.75,44019.77,0
BOVESPA,20070105,44018.87,44080.76,42159.88,42245.16,0
BOVESPA,20070108,42248.83,42926.06,42144.34,42829.93,0
BOVESPA,20070109,42831.06,43000.93,41437.96,42006.78,0
BOVESPA,20070110,42000.91,42335.67,41266.21,42335.67,0
BOVESPA,20070111,42335.67,43127.95,41940.03,42670.32,0
BOVESPA,20070112,42669.48,43188.46,42526.26,43094.97,0
BOVESPA,20070115,43095.19,43472.73,42874.83,42919.17,0
BOVESPA,20070116,42915.61,42915.61,42415.48,42624.22,0
BOVESPA,20070117,42625.81,42929.97,42252.02,42735.48,0
BOVESPA,20070118,42740.98,43402.25,42406.65,42477.92,0
BOVESPA,20070119,42476.95,43427.64,42476.95,43427.64,0
BOVESPA,20070122,43431.12,43879.48,43182.57,43553.30,0
BOVESPA,20070123,43549.37,44243.06,43432.47,44177.20,0
BOVESPA,20070124,44177.21,44808.37,44041.07,44686.73,0
BOVESPA,20070126,44686.54,44686.54,43870.41,44412.35,0
BOVESPA,20070129,44413.60,44434.64,43555.24,43573.49,0
BOVESPA,20070130,43573.49,44065.27,43508.45,44044.23,0
BOVESPA,20070131,44046.04,44642.91,43824.45,44641.60,0
BOVESPA,20070201,44642.33,45211.92,44642.33,44815.01,0
BOVESPA,20070202,44815.23,45203.72,44597.32,44997.83,0
BOVESPA,20070205,44998.70,45286.17,44850.69,45286.17,0
BOVESPA,20070206,45286.73,45485.59,45038.04,45351.80,0
BOVESPA,20070207,45352.25,45425.04,44488.21,44587.96,0
BOVESPA,20070208,44584.54,44891.94,44069.55,44891.94,0
BOVESPA,20070209,44899.12,45050.32,44179.57,44284.40,0
BOVESPA,20070212,44286.31,44464.16,43849.50,43934.75,0
BOVESPA,20070213,43931.88,45197.45,43931.88,45197.45,0
BOVESPA,20070214,45198.15,46105.91,45198.15,45995.60,0
BOVESPA,20070215,45955.60,46178.25,45734.32,45955.07,0
BOVESPA,20070216,45955.07,45965.57,45614.44,45849.03,0
BOVESPA,20070221,45848.85,46095.30,45557.15,46090.24,0
BOVESPA,20070222,46097.39,46752.13,46097.39,46452.26,0
BOVESPA,20070223,46452.26,46517.28,45812.63,46015.79,0
BOVESPA,20070226,46020.55,46450.25,45884.59,46207.29,0
BOVESPA,20070227,46190.28,46190.28,42570.93,43145.33,0
BOVESPA,20070228,43149.58,43922.97,43121.93,43892.31,0
BOVESPA,20070301,43886.08,43886.08,42036.56,43516.91,0
BOVESPA,20070302,43518.44,43518.44,42297.18,42369.84,0
BOVESPA,20070305,42369.84,42369.84,41117.02,41179.16,0
BOVESPA,20070306,41192.04,43218.40,41192.04,43218.40,0
BOVESPA,20070307,43224.00,43396.09,42660.33,42667.18,0
BOVESPA,20070308,42672.19,43726.41,42672.19,43465.83,0
BOVESPA,20070309,43466.05,44172.76,43466.05,44133.42,0
BOVESPA,20070312,44133.42,44405.78,43845.04,44249.23,0
BOVESPA,20070313,44249.07,44249.07,42723.64,42749.38,0
BOVESPA,20070314,42748.77,43289.93,42051.24,43280.44,0
BOVESPA,20070315,43289.06,43573.57,42951.71,43278.19,0
BOVESPA,20070316,43278.19,43567.98,42597.66,42730.04,0
BOVESPA,20070319,42733.94,43713.71,42733.94,43712.55,0
BOVESPA,20070320,43713.33,44352.81,43679.18,44350.87,0
BOVESPA,20070321,44349.78,45630.86,44349.78,45630.86,0
BOVESPA,20070322,45631.39,45949.59,45271.72,45424.18,0
BOVESPA,20070323,45425.12,45758.61,45167.73,45532.53,0
BOVESPA,20070326,45532.53,45711.98,44965.01,45644.56,0
BOVESPA,20070327,45645.71,45645.71,45143.78,45206.53,0
BOVESPA,20070328,45203.62,45203.62,44315.23,44484.10,0
BOVESPA,20070329,44492.93,45569.78,44492.93,45355.13,0
BOVESPA,20070330,45355.13,45804.66,45138.37,45804.66,0
BOVESPA,20070402,45804.66,45804.66,45225.23,45597.48,0
BOVESPA,20070403,45601.44,46480.94,45601.44,46288.16,0
BOVESPA,20070404,46289.53,46692.44,46112.73,46553.93,0
BOVESPA,20070405,46555.45,46766.59,46418.05,46646.57,0
BOVESPA,20070409,46649.90,47239.27,46649.90,46854.71,0
BOVESPA,20070410,46854.62,47239.85,46821.72,47174.07,0
BOVESPA,20070411,47172.96,47572.91,46680.23,46939.19,0
BOVESPA,20070412,46941.01,47388.63,46506.48,47346.56,0
BOVESPA,20070413,47346.93,47967.57,47267.19,47926.23,0
BOVESPA,20070416,47924.52,49021.54,47924.52,48921.21,0
BOVESPA,20070417,48923.32,49155.82,48631.02,48755.48,0
BOVESPA,20070418,48759.79,49338.69,48455.93,48709.84,0
BOVESPA,20070419,48704.87,48836.80,47917.24,48762.13,0
BOVESPA,20070420,48762.99,49458.96,48762.99,49408.18,0
BOVESPA,20070423,49408.80,49476.92,49096.49,49158.09,0
BOVESPA,20070424,49162.09,49258.59,48601.76,49070.86,0
BOVESPA,20070425,49072.27,49815.97,49072.27,49675.59,0
BOVESPA,20070426,49677.88,49856.49,49059.53,49067.69,0
BOVESPA,20070427,49066.82,49231.77,48311.08,49229.60,0
BOVESPA,20070430,49221.91,49481.53,48744.49,48956.39,0
BOVESPA,20070502,48954.51,49630.02,48952.66,49471.54,0
BOVESPA,20070503,49471.54,50318.44,49471.54,50218.22,0
BOVESPA,20070504,50218.22,50898.32,50218.22,50597.79,0
BOVESPA,20070507,50590.88,50618.73,50153.83,50281.73,0
BOVESPA,20070508,50275.90,50368.59,49525.93,50277.69,0
BOVESPA,20070509,50277.13,51369.18,50148.63,51300.13,0
BOVESPA,20070510,51298.03,51298.03,50205.24,50234.68,0
BOVESPA,20070511,50234.97,51083.25,50234.97,50902.38,0
BOVESPA,20070514,50909.78,51066.06,50298.46,50510.76,0
BOVESPA,20070515,50510.76,51041.78,50370.07,50518.21,0
BOVESPA,20070516,50518.46,51737.56,50518.46,51737.56,0
BOVESPA,20070517,51740.76,51958.63,51374.11,51631.47,0
BOVESPA,20070518,51633.26,52088.08,51498.84,52077.68,0
BOVESPA,20070521,52077.94,52691.17,52077.94,52423.45,0
BOVESPA,20070522,52423.91,52560.50,52039.04,52208.09,0
BOVESPA,20070523,52209.60,52505.37,51670.09,51812.50,0
BOVESPA,20070524,51813.21,51890.65,50214.29,50530.65,0
BOVESPA,20070525,50541.22,51632.73,50541.22,51617.97,0
BOVESPA,20070528,51616.29,52208.88,51616.29,52119.97,0
BOVESPA,20070529,52121.28,52544.92,51270.98,51713.18,0
BOVESPA,20070530,51706.27,52595.52,50606.54,52527.65,0
BOVESPA,20070531,52535.94,52877.49,52097.83,52268.46,0
BOVESPA,20070601,52270.96,53422.67,52270.96,53422.67,0
BOVESPA,20070604,53422.98,53422.98,52651.23,53242.68,0
BOVESPA,20070605,53244.53,53270.61,52672.76,53162.21,0
BOVESPA,20070606,53162.18,53162.18,51868.57,52049.31,0
BOVESPA,20070608,52044.89,52500.31,50884.39,52329.68,0
BOVESPA,20070611,52324.19,52951.86,52183.52,52776.84,0
BOVESPA,20070612,52775.58,52775.58,51642.61,51797.14,0
BOVESPA,20070613,51798.60,53226.44,51798.60,52993.73,0
BOVESPA,20070614,53010.54,53797.61,53008.61,53712.89,0
BOVESPA,20070615,53723.06,54725.52,53723.06,54518.63,0
BOVESPA,20070618,54518.63,54999.98,54354.80,54730.44,0
BOVESPA,20070619,54729.91,54797.22,54450.08,54643.72,0
BOVESPA,20070620,54643.72,55003.28,54029.24,54029.24,0
BOVESPA,20070621,54029.77,54844.21,53910.78,54656.88,0
BOVESPA,20070622,54643.61,54643.61,53951.99,54267.10,0
BOVESPA,20070625,54270.17,54604.98,53605.11,54041.57,0
BOVESPA,20070626,54044.87,54412.95,53841.65,53851.68,0
BOVESPA,20070627,53851.68,54163.65,53201.62,54143.07,0
BOVESPA,20070628,54153.79,54648.36,54146.59,54146.59,0
BOVESPA,20070629,54149.89,54783.04,53958.15,54392.06,0
BOVESPA,20070702,54396.23,55386.47,54396.23,55371.21,0
BOVESPA,20070703,55370.54,55782.85,55258.62,55699.69,0
BOVESPA,20070704,55698.09,56000.22,55597.71,55696.47,0
BOVESPA,20070705,55696.47,55932.34,55344.94,55932.34,0
BOVESPA,20070706,55931.64,56443.73,55931.64,56443.73,0
BOVESPA,20070710,56443.73,56543.55,55677.50,55882.70,0
BOVESPA,20070711,55881.76,56494.80,55628.28,56356.13,0
BOVESPA,20070712,56380.02,57676.24,56377.93,57613.05,0
BOVESPA,20070713,57613.11,57981.17,57327.02,57644.16,0
BOVESPA,20070716,57644.16,57665.69,57035.30,57374.36,0
BOVESPA,20070717,57375.68,57799.19,57307.15,57659.65,0
BOVESPA,20070718,57660.28,57660.28,56903.48,57555.85,0
BOVESPA,20070719,57555.85,58292.88,57555.85,58124.57,0
BOVESPA,20070720,58125.12,58125.12,57103.13,57442.74,0
BOVESPA,20070723,57442.74,58070.06,57442.74,58036.77,0
BOVESPA,20070724,58036.27,58056.99,55165.47,55794.57,0
BOVESPA,20070725,55797.38,56409.33,54520.01,56001.30,0
BOVESPA,20070726,55998.13,55998.13,52627.44,53893.15,0
BOVESPA,20070727,53893.15,54407.05,52922.23,52922.23,0
BOVESPA,20070730,52924.64,54789.55,52924.64,54572.61,0
BOVESPA,20070731,54602.05,55662.44,54169.41,54182.50,0
BOVESPA,20070801,54170.45,54234.87,53036.04,54234.87,0
BOVESPA,20070802,54245.44,54959.06,54202.13,54690.92,0
BOVESPA,20070803,54696.74,54725.43,52574.67,52846.38,0
BOVESPA,20070806,52846.13,53207.13,51317.36,53091.10,0
BOVESPA,20070807,53092.14,54112.71,52745.57,53802.48,0
BOVESPA,20070808,53854.35,55615.84,53803.63,55241.37,0
BOVESPA,20070809,55213.46,55213.46,53323.52,53430.84,0
BOVESPA,20070810,53430.84,53430.84,51681.78,52638.13,0
BOVESPA,20070813,52646.57,53669.66,52201.57,52434.01,0
BOVESPA,20070814,52434.24,52944.51,50911.75,50911.75,0
BOVESPA,20070815,50911.69,51285.66,49106.44,49285.30,0
BOVESPA,20070816,49280.59,49280.59,44937.65,48015.55,0
BOVESPA,20070817,48025.94,49588.36,46877.46,48558.76,0
BOVESPA,20070820,48560.76,49573.92,48560.76,49206.36,0
BOVESPA,20070821,49207.84,50064.39,48739.15,49815.08,0
BOVESPA,20070822,49815.08,51749.19,49815.08,51744.56,0
BOVESPA,20070823,51744.56,52350.97,51081.89,51848.23,0
BOVESPA,20070824,51844.66,52997.56,51389.55,52997.56,0
BOVESPA,20070827,52994.79,53395.84,52502.32,53078.15,0
BOVESPA,20070828,53071.76,53071.76,51389.95,51645.33,0
BOVESPA,20070829,51647.50,52809.88,51647.07,52734.64,0
BOVESPA,20070830,52728.38,53644.79,52223.49,52857.84,0
BOVESPA,20070831,52873.78,54714.82,52873.78,54637.24,0
BOVESPA,20070903,54641.11,54997.63,54519.16,54832.51,0
BOVESPA,20070904,54833.88,55566.48,54587.92,55250.47,0
BOVESPA,20070905,55243.23,55243.23,54155.74,54407.83,0
BOVESPA,20070906,54413.09,55093.97,54413.09,54569.00,0
BOVESPA,20070910,54554.02,54554.02,52320.99,52652.57,0
BOVESPA,20070911,52659.64,53953.99,52659.64,53920.57,0
BOVESPA,20070912,53921.81,54621.83,53718.36,53882.71,0
BOVESPA,20070913,53882.71,55086.96,53882.71,54908.18,0
BOVESPA,20070914,54909.01,55465.17,54378.19,54671.00,0
BOVESPA,20070917,54671.00,54733.00,53690.65,54340.54,0
BOVESPA,20070918,54351.04,56844.21,54351.04,56666.30,0
BOVESPA,20070919,56674.65,58079.23,56674.65,57264.22,0
BOVESPA,20070920,57262.52,57609.08,56607.45,56906.44,0
BOVESPA,20070921,56919.43,57899.41,56919.43,57798.79,0
BOVESPA,20070924,57799.05,58719.37,57799.05,58719.37,0
BOVESPA,20070925,58717.11,58861.96,57968.77,58857.78,0
BOVESPA,20070926,58858.70,59825.45,58858.70,59714.83,0
BOVESPA,20070927,59713.22,61052.44,59713.22,61052.44,0
BOVESPA,20070928,61054.34,61054.34,60086.15,60465.06,0
BOVESPA,20071001,60465.06,62355.43,60465.06,62340.34,0
BOVESPA,20071002,62340.81,62356.09,61240.82,62017.12,0
BOVESPA,20071003,62020.95,62020.95,60093.52,60098.57,0
BOVESPA,20071004,60102.34,61080.12,59535.84,60406.72,0
BOVESPA,20071005,60408.44,62704.03,60408.44,62318.72,0
BOVESPA,20071008,62318.56,62724.95,61841.04,62660.85,0
BOVESPA,20071009,62660.85,63658.27,62660.85,63548.69,0
BOVESPA,20071010,63549.84,63565.13,62894.13,63197.04,0
BOVESPA,20071011,63197.04,64168.92,61487.32,62455.77,0
BOVESPA,20071015,62455.77,63841.34,62411.96,62969.44,0
BOVESPA,20071016,62964.72,62964.72,61564.64,61717.90,0
BOVESPA,20071017,61720.18,63193.67,61459.80,63193.67,0
BOVESPA,20071018,63192.24,63322.03,61943.44,63261.33,0
BOVESPA,20071019,63270.18,63348.94,60882.69,60894.29,0
BOVESPA,20071022,60884.38,61378.65,59472.98,61215.13,0
BOVESPA,20071023,61213.66,62773.27,61213.66,62697.14,0
BOVESPA,20071024,62693.17,62815.64,61447.77,62624.81,0
BOVESPA,20071025,62627.95,63206.11,61968.42,62341.49,0
BOVESPA,20071026,62345.55,64319.88,62345.55,64275.58,0
BOVESPA,20071029,64275.19,65670.01,64275.19,65044.31,0
BOVESPA,20071030,65041.41,65147.10,64264.33,64383.13,0
BOVESPA,20071031,64385.35,65948.89,64385.35,65317.70,0
BOVESPA,20071101,65316.79,65316.86,63773.65,64050.08,0
BOVESPA,20071105,64049.03,64049.03,62720.43,62959.55,0
BOVESPA,20071106,62967.10,64523.51,62967.10,64503.43,0
BOVESPA,20071107,64503.43,64602.92,63222.55,63500.62,0
BOVESPA,20071108,63503.35,65282.55,63140.30,63561.91,0
BOVESPA,20071109,63571.45,65281.09,62279.04,64320.56,0
BOVESPA,20071112,64320.56,64320.56,61451.64,61526.87,0
BOVESPA,20071113,61525.89,62932.68,61034.29,62927.03,0
BOVESPA,20071114,62918.68,64895.91,62918.68,64630.87,0
BOVESPA,20071116,64634.18,64801.70,63627.27,64609.38,0
BOVESPA,20071119,64609.38,64609.38,62320.70,62336.02,0
BOVESPA,20071121,62335.11,62335.11,59846.62,60581.54,0
BOVESPA,20071122,60581.54,61101.71,60124.43,60653.01,0
BOVESPA,20071123,60661.94,61334.35,60661.94,60970.90,0
BOVESPA,20071126,60973.22,61559.60,59067.25,59069.17,0
BOVESPA,20071127,59067.48,59971.23,58095.92,59431.50,0
BOVESPA,20071128,59431.92,61857.99,59431.92,61714.64,0
BOVESPA,20071129,61719.68,63190.40,61465.20,62156.34,0
BOVESPA,20071130,62157.10,63701.32,62157.10,63006.16,0
BOVESPA,20071203,63018.43,63681.63,62729.47,63199.85,0
BOVESPA,20071204,63202.76,63722.00,62372.56,63481.53,0
BOVESPA,20071205,63482.96,65203.83,63482.96,64927.96,0
BOVESPA,20071206,64929.09,65790.81,64691.82,65790.81,0
BOVESPA,20071207,65789.02,66528.64,65278.28,65638.54,0
BOVESPA,20071210,65642.23,65873.99,65227.91,65445.96,0
BOVESPA,20071211,65448.20,66450.51,64127.46,64512.26,0
BOVESPA,20071212,64512.42,66171.43,64502.06,64741.69,0
BOVESPA,20071213,64735.30,64735.30,62466.29,62860.99,0
BOVESPA,20071214,62867.81,63454.75,62444.97,62444.97,0
BOVESPA,20071217,62444.64,62444.64,59820.27,59828.21,0
BOVESPA,20071218,59832.24,61421.47,59414.24,61096.28,0
BOVESPA,20071219,61107.88,61733.68,60914.75,61721.71,0
BOVESPA,20071220,61723.57,62466.67,61416.21,61716.20,0
BOVESPA,20071221,61725.40,63397.61,61725.40,63097.71,0
BOVESPA,20071226,63100.57,64304.39,63100.57,64288.26,0
BOVESPA,20071227,64287.00,64583.78,63589.81,63774.38,0
BOVESPA,20071228,63776.07,64123.55,63598.17,63886.10,0
BOVESPA,20080102,63884.68,63906.07,62658.66,62815.13,0
BOVESPA,20080103,62814.32,63129.16,62555.62,62891.97,0
BOVESPA,20080104,62898.15,63436.15,60574.03,61036.61,0
BOVESPA,20080107,61054.20,61505.40,60091.60,60772.15,0
BOVESPA,20080108,60771.31,62650.11,60771.31,62080.73,0
BOVESPA,20080109,62078.00,62673.69,61486.54,62673.69,0
BOVESPA,20080110,62677.21,63614.65,62593.99,63515.48,0
BOVESPA,20080111,63514.16,63514.16,61942.36,61942.36,0
BOVESPA,20080114,61950.01,62536.20,61643.08,62187.78,0
BOVESPA,20080115,62179.80,62179.80,59896.79,59907.06,0
BOVESPA,20080116,59905.53,59905.53,58077.04,58777.45,0
BOVESPA,20080117,58773.45,59643.17,56734.43,57036.85,0
BOVESPA,20080118,57039.43,58290.57,56241.32,57506.47,0
BOVESPA,20080121,57503.31,57503.31,53486.83,53709.11,0
BOVESPA,20080122,53704.88,56540.56,53609.69,56097.18,0
BOVESPA,20080123,56098.33,56098.33,53010.96,54234.82,0
BOVESPA,20080124,54242.44,57674.99,54242.44,57463.31,0
BOVESPA,20080128,57456.89,58721.43,56360.45,58593.78,0
BOVESPA,20080129,58597.30,59714.71,58597.30,59529.50,0
BOVESPA,20080130,59521.56,60289.41,58751.65,60289.41,0
BOVESPA,20080131,60287.65,60287.65,57886.07,59490.40,0
BOVESPA,20080201,59490.90,61186.94,59490.90,61079.83,0
BOVESPA,20080206,61076.25,61186.90,58742.10,58968.53,0
BOVESPA,20080207,58965.18,59581.40,58029.70,58965.48,0
BOVESPA,20080208,58966.60,59519.68,58842.96,59075.98,0
BOVESPA,20080211,59080.53,60805.18,59080.53,60643.22,0
BOVESPA,20080212,60645.01,62827.74,60645.01,61805.47,0
BOVESPA,20080213,61801.70,63001.92,61801.70,62590.65,0
BOVESPA,20080214,62595.11,63224.11,61737.14,61818.90,0
BOVESPA,20080215,61803.04,61803.04,60716.70,61271.87,0
BOVESPA,20080218,61291.53,62883.46,61291.53,62801.43,0
BOVESPA,20080219,62801.43,63589.61,62180.10,62296.54,0
BOVESPA,20080220,62292.08,63780.00,61634.16,63747.49,0
BOVESPA,20080221,63747.65,64631.28,63620.38,63792.23,0
BOVESPA,20080222,63780.45,64608.78,63360.23,64608.78,0
BOVESPA,20080225,64604.69,65012.87,64060.18,65000.94,0
BOVESPA,20080226,64994.08,65399.12,63983.12,65182.61,0
BOVESPA,20080227,65177.83,65968.16,64647.43,65494.85,0
BOVESPA,20080228,65494.85,66005.16,65248.24,65555.08,0
BOVESPA,20080229,65552.93,65552.93,63482.34,63489.30,0
BOVESPA,20080303,63496.48,64643.52,63158.90,64490.46,0
BOVESPA,20080304,64486.40,64530.40,62745.40,63655.50,0
BOVESPA,20080305,63653.49,65044.79,63653.49,64629.48,0
BOVESPA,20080306,64630.53,64676.49,62974.65,62974.65,0
BOVESPA,20080307,62972.65,62972.65,61382.10,61867.99,0
BOVESPA,20080310,61868.59,61923.27,59995.85,59999.27,0
BOVESPA,20080311,60005.77,62367.72,60005.77,62367.72,0
BOVESPA,20080312,62378.06,63036.19,62022.17,62176.58,0
BOVESPA,20080313,62174.62,62412.62,60167.90,62279.71,0
BOVESPA,20080314,62279.71,63027.51,60709.60,61990.99,0
BOVESPA,20080317,61987.30,61987.36,59342.48,60011.84,0
BOVESPA,20080318,60039.82,61932.78,60039.82,61932.78,0
BOVESPA,20080319,61936.19,62372.37,58805.40,58827.36,0
BOVESPA,20080320,58818.12,59169.98,57824.19,58987.31,0
BOVESPA,20080324,58993.66,61083.26,58993.60,59812.53,0
BOVESPA,20080325,59820.02,61616.29,59820.02,61234.06,0
BOVESPA,20080326,61234.06,61848.84,60758.65,61415.28,0
BOVESPA,20080327,61418.15,62199.83,60678.78,60761.68,0
BOVESPA,20080328,60762.15,61061.67,60192.38,60452.12,0
BOVESPA,20080331,60449.01,60982.43,59916.60,60968.07,0
BOVESPA,20080401,60965.07,62787.75,60965.00,62774.85,0
BOVESPA,20080402,62775.20,63816.23,62775.20,63364.36,0
BOVESPA,20080403,63367.23,64731.13,62792.84,64175.05,0
BOVESPA,20080404,64177.36,64629.65,63905.50,64445.97,0
BOVESPA,20080407,64446.55,65409.19,63919.40,64175.58,0
BOVESPA,20080408,64179.94,64832.82,63452.80,64539.54,0
BOVESPA,20080409,64539.54,64620.65,63166.70,63476.90,0
BOVESPA,20080410,63475.45,63645.70,62712.00,63527.11,0
BOVESPA,20080411,63525.64,63525.64,62458.54,62585.21,0
BOVESPA,20080414,62592.09,62733.20,61466.50,62153.45,0
BOVESPA,20080415,62150.93,62824.68,62150.93,62618.39,0
BOVESPA,20080416,62624.53,64314.35,62624.53,64151.94,0
BOVESPA,20080417,64150.05,64944.64,63598.52,64552.42,0
BOVESPA,20080418,64553.71,65384.35,64553.71,64922.67,0
BOVESPA,20080422,64921.81,65689.32,64921.81,65412.66,0
BOVESPA,20080423,65413.43,65689.38,64913.77,64947.54,0
BOVESPA,20080424,64946.22,65086.20,64223.04,64576.26,0
BOVESPA,20080425,64576.44,65252.90,64172.24,65187.34,0
BOVESPA,20080428,65191.00,66025.06,65191.00,65677.74,0
BOVESPA,20080429,65677.74,65677.74,63705.59,63825.74,0
BOVESPA,20080430,63825.74,68037.83,63825.74,67868.46,0
BOVESPA,20080502,67868.89,70973.02,67865.02,69366.39,0
BOVESPA,20080505,69366.39,70434.74,69366.39,70174.88,0
BOVESPA,20080506,70175.12,70215.17,69561.40,70195.27,0
BOVESPA,20080507,70201.34,70545.12,68599.17,69017.66,0
BOVESPA,20080508,69020.94,69876.93,69013.57,69722.25,0
BOVESPA,20080509,69721.85,69721.85,68764.04,69645.70,0
BOVESPA,20080512,69645.70,70420.32,69068.13,70415.82,0
BOVESPA,20080513,70422.26,71084.38,70107.60,70503.25,0
BOVESPA,20080514,70495.06,70966.32,70026.62,70026.62,0
BOVESPA,20080515,70031.14,71492.36,70031.14,71492.36,0
BOVESPA,20080516,71496.17,72766.88,71496.17,72766.88,0
BOVESPA,20080519,72766.93,73794.14,72457.54,73438.83,0
BOVESPA,20080520,73444.94,73522.49,72146.36,73516.81,0
BOVESPA,20080521,73507.68,73779.61,72149.62,72294.80,0
BOVESPA,20080523,72295.23,72295.23,70774.19,71451.80,0
BOVESPA,20080526,71451.80,71988.11,71423.36,71628.74,0
BOVESPA,20080527,71629.19,71659.24,70334.89,70992.06,0
BOVESPA,20080528,70994.79,73179.78,70733.51,73153.23,0
BOVESPA,20080529,73154.13,73920.38,71694.88,71797.54,0
BOVESPA,20080530,71797.54,72861.92,71766.37,72592.50,0
BOVESPA,20080602,72592.50,72592.50,71352.16,71897.25,0
BOVESPA,20080603,71897.25,72018.71,69602.09,70011.92,0
BOVESPA,20080604,70011.92,70011.92,68464.59,68673.14,0
BOVESPA,20080605,68673.87,71234.88,68673.81,71234.88,0
BOVESPA,20080606,71207.84,71210.86,69515.31,69785.87,0
BOVESPA,20080609,69785.87,69989.89,68534.14,69281.20,0
BOVESPA,20080610,69275.43,69275.43,67066.83,67774.94,0
BOVESPA,20080611,67774.94,68061.40,66714.69,66794.76,0
BOVESPA,20080612,66797.72,67958.44,66797.69,67752.88,0
BOVESPA,20080613,67325.52,67884.51,66906.50,67203.52,0
BOVESPA,20080616,67205.58,67617.63,66430.35,67284.61,0
BOVESPA,20080617,67284.10,69028.88,67284.10,68437.50,0
BOVESPA,20080618,68430.93,68430.93,66917.43,67090.44,0
BOVESPA,20080619,67089.95,67338.60,66182.20,66590.41,0
BOVESPA,20080620,66584.22,66610.52,64602.04,64613.79,0
BOVESPA,20080623,64621.50,65400.71,64440.24,64640.45,0
BOVESPA,20080624,64635.81,65083.85,63713.42,64167.77,0
BOVESPA,20080625,64172.90,66307.88,64172.90,65853.31,0
BOVESPA,20080626,65804.44,65804.44,63688.90,63946.92,0
BOVESPA,20080627,63951.27,64623.64,63880.73,64321.11,0
BOVESPA,20080630,64326.13,65352.54,64326.13,65017.58,0
BOVESPA,20080701,65017.58,65017.58,62910.95,63396.19,0
BOVESPA,20080702,63396.57,63944.70,61027.50,61106.22,0
BOVESPA,20080703,61093.82,61600.61,59242.85,59273.38,0
BOVESPA,20080704,59266.14,59778.93,58785.94,59365.35,0
BOVESPA,20080707,59372.01,60794.74,58730.71,59088.20,0
BOVESPA,20080708,59081.05,59535.95,57945.36,59535.95,0
BOVESPA,20080710,59527.60,60588.93,58337.52,60252.74,0
BOVESPA,20080711,60256.07,61053.44,59602.76,60148.26,0
BOVESPA,20080714,60155.75,61305.82,60155.75,60720.90,0
BOVESPA,20080715,60714.78,61678.51,58789.86,61015.09,0
BOVESPA,20080716,61018.09,62183.00,60863.47,62056.47,0
BOVESPA,20080717,62062.53,62606.12,59984.68,60108.72,0
BOVESPA,20080718,60105.81,61298.98,59479.22,59988.10,0
BOVESPA,20080721,60002.47,61275.19,60002.47,60771.79,0
BOVESPA,20080722,60771.79,60779.70,59230.55,59647.32,0
BOVESPA,20080723,59646.25,60242.02,59312.55,59420.86,0
BOVESPA,20080724,59425.41,59640.92,57333.53,57434.37,0
BOVESPA,20080725,57419.58,57710.57,56417.98,57199.14,0
BOVESPA,20080728,57206.97,58175.83,56839.19,56869.02,0
BOVESPA,20080729,56869.02,58042.87,56869.02,58042.87,0
BOVESPA,20080730,58069.19,59997.64,58069.19,59997.64,0
BOVESPA,20080731,59997.64,60022.54,59225.49,59505.17,0
BOVESPA,20080801,59505.17,59505.17,57491.90,57630.35,0
BOVESPA,20080804,57619.11,57641.35,55366.53,55609.07,0
BOVESPA,20080805,55609.07,56974.24,55609.07,56470.59,0
BOVESPA,20080806,56472.73,57812.74,56472.73,57542.49,0
BOVESPA,20080807,57546.42,57941.98,56960.27,57017.55,0
BOVESPA,20080808,57017.58,57146.40,56151.64,56584.40,0
BOVESPA,20080811,56589.81,56973.60,54568.81,54720.25,0
BOVESPA,20080812,54721.04,55355.30,54324.61,54502.97,0
BOVESPA,20080813,54509.03,55491.72,54035.14,54573.18,0
BOVESPA,20080814,54573.15,55725.01,54573.15,55138.35,0
BOVESPA,20080815,55136.96,55306.52,53831.34,54244.03,0
BOVESPA,20080818,54252.29,54928.46,53050.02,53326.54,0
BOVESPA,20080819,53326.23,54328.94,52344.56,53638.69,0
BOVESPA,20080820,53640.51,55545.42,53640.51,55377.15,0
BOVESPA,20080821,55379.54,56144.39,55379.54,55934.69,0
BOVESPA,20080822,55933.21,56430.48,55201.61,55850.13,0
BOVESPA,20080825,55854.02,55906.48,54468.01,54477.25,0
BOVESPA,20080826,54477.25,55088.13,54152.96,54358.70,0
BOVESPA,20080827,54365.76,55591.07,54365.76,55519.24,0
BOVESPA,20080828,55515.95,56523.72,55515.95,56382.22,0
BOVESPA,20080829,56388.21,56856.23,55677.65,55680.41,0
BOVESPA,20080901,55665.33,55665.33,54933.12,55162.14,0
BOVESPA,20080902,55161.44,55412.49,54207.07,54404.41,0
BOVESPA,20080903,54413.83,55241.03,52891.08,53527.01,0
BOVESPA,20080904,53527.01,53749.46,51156.99,51408.54,0
BOVESPA,20080905,51404.44,51939.60,50091.55,51939.60,0
BOVESPA,20080908,51939.60,53706.24,50645.50,50717.97,0
BOVESPA,20080909,50710.98,50710.98,48418.56,48435.30,0
BOVESPA,20080910,48439.44,49956.55,47606.11,49633.16,0
BOVESPA,20080911,49628.61,51270.40,48216.77,51270.40,0
BOVESPA,20080912,51267.07,52590.63,50789.43,52392.86,0
BOVESPA,20080915,52385.64,52385.64,48408.91,48416.33,0
BOVESPA,20080916,48403.94,49312.82,46260.53,49228.92,0
BOVESPA,20080917,49218.19,49218.19,45859.02,45908.51,0
BOVESPA,20080918,45908.51,49002.18,45294.81,48422.75,0
BOVESPA,20080919,48423.60,53168.32,48423.60,53055.38,0
BOVESPA,20080922,53055.38,53455.18,51530.27,51540.58,0
BOVESPA,20080923,51536.57,51856.04,49288.71,49593.17,0
BOVESPA,20080924,49598.31,50747.35,49598.31,49842.99,0
BOVESPA,20080925,49848.14,51866.67,49848.14,51828.46,0
BOVESPA,20080926,51824.40,51824.40,49902.43,50782.99,0
BOVESPA,20080929,50742.95,50742.95,43766.34,46028.06,0
BOVESPA,20080930,46026.37,49541.27,46026.37,49541.27,0
BOVESPA,20081001,49537.66,49833.82,47640.83,49798.65,0
BOVESPA,20081002,49805.26,49805.26,45113.44,46145.10,0
BOVESPA,20081003,46155.22,48075.40,44158.09,44517.32,0
BOVESPA,20081006,44502.06,44502.06,37616.74,42100.79,0
BOVESPA,20081007,42103.51,43166.65,39582.63,40139.85,0
BOVESPA,20081008,40136.99,40439.46,37597.49,38593.54,0
BOVESPA,20081009,38593.54,40478.99,36832.45,37080.30,0
BOVESPA,20081010,37079.21,37079.21,33237.71,35609.54,0
BOVESPA,20081013,35609.02,40829.13,35609.02,40829.13,0
BOVESPA,20081014,40833.05,43753.27,40218.33,41569.03,0
BOVESPA,20081015,41567.07,41567.07,35411.20,36833.02,0
BOVESPA,20081016,36835.46,37393.50,33752.08,36441.72,0
BOVESPA,20081017,36439.98,38341.77,35834.15,36399.09,0
BOVESPA,20081020,36401.17,39453.27,36401.17,39441.08,0
BOVESPA,20081021,39439.81,39979.88,38083.32,39043.39,0
BOVESPA,20081022,39042.77,39042.77,35027.86,35069.73,0
BOVESPA,20081023,35069.28,35776.51,32706.01,33818.49,0
BOVESPA,20081024,33809.11,33809.11,30787.62,31481.55,0
BOVESPA,20081027,31479.73,31479.73,29435.11,29435.11,0
BOVESPA,20081028,29438.28,33386.65,29438.28,33386.65,0
BOVESPA,20081029,33386.65,35765.99,33386.65,34845.21,0
BOVESPA,20081030,34851.56,37589.69,34851.56,37448.77,0
BOVESPA,20081031,37447.16,37944.97,35858.00,37256.84,0
BOVESPA,20081103,37260.65,38545.08,36937.67,38249.44,0
BOVESPA,20081104,38256.12,41002.95,38256.12,40254.80,0
BOVESPA,20081105,40245.35,40245.35,37710.75,37785.66,0
BOVESPA,20081106,37785.66,37785.66,35386.61,36361.91,0
BOVESPA,20081107,36361.91,37716.28,36296.70,36665.11,0
BOVESPA,20081110,36672.34,38724.56,36297.56,36776.27,0
BOVESPA,20081111,36775.18,37628.78,35499.20,37261.90,0
BOVESPA,20081112,37260.80,37261.02,34220.80,34373.99,0
BOVESPA,20081113,34373.88,36244.00,33645.08,35993.33,0
BOVESPA,20081114,36002.88,36696.86,35015.93,35789.10,0
BOVESPA,20081117,35777.43,36372.63,34426.70,35717.21,0
BOVESPA,20081118,35698.06,35698.06,33882.26,34094.66,0
BOVESPA,20081119,34097.76,34785.53,33274.96,33404.55,0
BOVESPA,20081121,33402.82,33402.82,31080.99,31250.60,0
BOVESPA,20081124,31255.44,34381.63,31255.44,34188.83,0
BOVESPA,20081125,34189.05,35531.90,33620.31,34812.86,0
BOVESPA,20081126,34813.77,36877.21,34318.76,36469.61,0
BOVESPA,20081127,36470.37,36817.16,36114.26,36212.65,0
BOVESPA,20081128,36216.48,37216.66,35943.96,36595.87,0
BOVESPA,20081201,36595.87,36595.87,34396.18,34740.50,0
BOVESPA,20081202,34742.83,35734.49,34742.83,35000.84,0
BOVESPA,20081203,35001.31,35476.30,33798.48,35296.70,0
BOVESPA,20081204,35310.90,35943.94,35127.77,35127.77,0
BOVESPA,20081205,35124.83,35434.53,34012.69,35347.39,0
BOVESPA,20081208,35347.46,38426.08,35347.46,38284.91,0
BOVESPA,20081209,38285.20,38863.49,37652.93,37968.11,0
BOVESPA,20081210,37972.37,39748.21,37972.37,39004.40,0
BOVESPA,20081211,39009.01,39879.77,38515.18,38519.07,0
BOVESPA,20081212,38516.79,39373.86,37013.62,39373.86,0
BOVESPA,20081215,39368.08,39735.06,38320.19,38320.19,0
BOVESPA,20081216,38323.71,39993.46,38323.71,39993.46,0
BOVESPA,20081217,39993.46,40361.19,39121.47,39947.43,0
BOVESPA,20081218,39947.43,40497.88,38994.84,39536.27,0
BOVESPA,20081219,39535.10,39784.67,38727.96,39131.23,0
BOVESPA,20081222,39140.26,39451.69,37477.58,37618.50,0
BOVESPA,20081223,37616.88,38004.69,36452.06,36470.78,0
BOVESPA,20081226,36470.41,37135.82,36333.59,36864.13,0
BOVESPA,20081229,36864.13,37631.35,36637.71,37060.16,0
BOVESPA,20081230,37069.56,37782.80,37064.77,37550.31,0
BOVESPA,20090102,37550.31,40264.72,37550.31,40244.22,0
BOVESPA,20090105,40243.40,41889.34,39525.70,41518.66,0
BOVESPA,20090106,41520.07,42363.19,41520.07,42312.28,0
BOVESPA,20090107,42308.27,42308.27,40563.43,40820.25,0
BOVESPA,20090108,40819.37,41990.55,40250.57,41990.55,0
BOVESPA,20090109,41991.77,42525.21,41181.49,41582.94,0
BOVESPA,20090112,41584.89,41584.89,39345.40,39403.47,0
BOVESPA,20090113,39397.15,40322.58,38623.25,39544.23,0
BOVESPA,20090114,39537.37,39569.88,37658.34,37981.77,0
BOVESPA,20090115,37992.56,39196.90,36805.84,39151.08,0
BOVESPA,20090116,39149.40,39904.10,38578.43,39341.54,0
BOVESPA,20090119,39351.36,39570.02,38700.11,38828.32,0
BOVESPA,20090120,38828.32,39174.26,37272.07,37272.07,0
BOVESPA,20090121,37279.25,38542.90,37279.25,38542.90,0
BOVESPA,20090122,38542.57,38844.76,37255.49,37894.33,0
BOVESPA,20090123,37891.30,38660.44,36743.71,38132.35,0
BOVESPA,20090126,38130.01,39065.32,37830.58,38509.45,0
BOVESPA,20090127,38511.30,39024.99,38421.71,38698.92,0
BOVESPA,20090128,38704.49,40438.46,38704.49,40227.45,0
BOVESPA,20090129,40228.99,40228.99,39368.57,39638.42,0
BOVESPA,20090130,39636.91,40273.15,39185.48,39300.79,0
BOVESPA,20090202,39296.48,39363.85,38452.88,38666.44,0
BOVESPA,20090203,38665.33,39765.46,38654.75,39746.76,0
BOVESPA,20090204,39745.77,41490.17,39745.77,40129.04,0
BOVESPA,20090205,40119.98,41373.47,39790.86,41108.65,0
BOVESPA,20090206,41109.68,42872.88,41109.68,42755.50,0
BOVESPA,20090209,42754.84,43441.48,41977.06,42100.12,0
BOVESPA,20090210,42100.70,42819.27,40960.37,41207.43,0
BOVESPA,20090211,41207.43,42032.30,40285.93,40845.62,0
BOVESPA,20090212,40826.53,41082.13,39992.36,40500.79,0
BOVESPA,20090213,40512.44,41833.48,40512.44,41673.62,0
BOVESPA,20090216,41672.45,41841.32,41026.00,41841.32,0
BOVESPA,20090217,41837.80,41837.80,39817.34,39846.97,0
BOVESPA,20090218,39848.18,40434.45,39209.14,39674.39,0
BOVESPA,20090219,39675.16,40433.34,39630.25,39730.33,0
BOVESPA,20090220,39724.59,39724.59,38102.61,38714.64,0
BOVESPA,20090225,38712.23,38933.40,37693.81,38231.58,0
BOVESPA,20090226,38233.52,39218.78,38180.18,38180.18,0
BOVESPA,20090227,38177.64,38800.86,37324.44,38183.31,0
BOVESPA,20090302,38179.79,38179.79,36195.86,36234.69,0
BOVESPA,20090303,36235.89,37084.97,35721.83,36467.56,0
BOVESPA,20090304,36467.54,38554.19,36467.54,38402.24,0
BOVESPA,20090305,38391.36,38391.36,36973.25,37368.93,0
BOVESPA,20090306,37367.24,38308.58,36475.86,37105.09,0
BOVESPA,20090309,37102.89,37464.11,36392.06,36741.35,0
BOVESPA,20090310,36744.85,38803.60,36744.85,38794.55,0
BOVESPA,20090311,38794.80,39310.30,38238.30,38804.80,0
BOVESPA,20090312,38805.90,39304.10,38286.30,39151.90,0
BOVESPA,20090313,39151.89,39707.23,38579.84,39015.37,0
BOVESPA,20090316,39018.26,39712.57,38466.72,38607.20,0
BOVESPA,20090317,38607.54,39510.72,38080.47,39510.72,0
BOVESPA,20090318,39507.82,40551.18,38849.71,40142.29,0
BOVESPA,20090319,40146.17,41136.61,40146.17,40453.43,0
BOVESPA,20090320,40453.43,41053.15,40075.70,40076.41,0
BOVESPA,20090323,40077.02,42508.96,40077.02,42438.55,0
BOVESPA,20090324,42438.69,42438.69,41475.83,41475.83,0
BOVESPA,20090325,41477.77,42622.91,41113.69,41799.30,0
BOVESPA,20090326,41801.32,42679.98,41801.32,42588.66,0
BOVESPA,20090327,42588.66,42588.66,41752.21,41907.29,0
BOVESPA,20090330,41908.97,41908.97,40351.06,40653.13,0
BOVESPA,20090331,40661.18,41609.59,40661.18,40925.87,0
BOVESPA,20090401,40917.90,42004.63,40256.17,41976.33,0
BOVESPA,20090402,41977.44,44286.02,41977.44,43736.45,0
BOVESPA,20090403,43737.77,44610.12,43519.92,44390.98,0
BOVESPA,20090406,44385.11,44385.11,43429.30,44167.26,0
BOVESPA,20090407,44162.84,44471.10,43593.06,43824.53,0
BOVESPA,20090408,43827.93,44389.50,43706.36,44181.98,0
BOVESPA,20090409,44182.76,45702.19,44182.76,45538.71,0
BOVESPA,20090413,45536.36,46178.86,45225.81,45991.89,0
BOVESPA,20090414,45988.79,46591.44,45284.36,45418.18,0
BOVESPA,20090415,45419.65,45453.34,44810.90,45272.65,0
BOVESPA,20090416,45277.22,46211.47,45277.22,46024.78,0
BOVESPA,20090417,46017.55,46187.43,45722.69,45778.28,0
BOVESPA,20090420,45778.28,45778.28,44274.88,44433.15,0
BOVESPA,20090422,44433.80,45369.13,44433.80,44888.20,0
BOVESPA,20090423,44887.64,45803.68,44887.64,45801.17,0
BOVESPA,20090424,45801.11,46946.07,45801.11,46771.79,0
BOVESPA,20090427,46771.53,46771.53,45662.17,45819.71,0
BOVESPA,20090428,45819.29,46137.61,44965.82,45821.44,0
BOVESPA,20090429,45825.05,47410.04,45825.05,47226.79,0
BOVESPA,20090430,47235.00,48125.73,47235.00,47289.53,0
BOVESPA,20090504,47289.53,50404.53,47289.53,50404.53,0
BOVESPA,20090505,50403.88,50909.36,50013.10,50669.78,0
BOVESPA,20090506,50675.11,52095.85,50671.84,51499.48,0
BOVESPA,20090507,51499.05,52078.59,49742.55,50058.06,0
BOVESPA,20090508,50065.58,51395.99,50050.81,51395.99,0
BOVESPA,20090511,51388.80,51388.80,50059.98,50976.39,0
BOVESPA,20090512,50979.77,51564.81,49807.80,50325.78,0
BOVESPA,20090513,50316.88,50316.88,48430.04,48679.19,0
BOVESPA,20090514,48670.86,49460.60,48283.78,49446.02,0
BOVESPA,20090515,49446.97,49552.07,48796.01,49007.21,0
BOVESPA,20090518,49011.98,51489.52,49011.98,51463.02,0
BOVESPA,20090519,51465.13,52145.12,50987.25,51346.61,0
BOVESPA,20090520,51348.75,52640.38,51142.88,51245.09,0
BOVESPA,20090521,51244.04,51244.04,49565.26,50087.33,0
BOVESPA,20090522,50089.06,50893.03,49989.19,50568.49,0
BOVESPA,20090525,50558.47,50968.65,50558.47,50816.24,0
BOVESPA,20090526,50817.29,51933.94,50073.57,51840.80,0
BOVESPA,20090527,51840.43,53092.36,51636.55,51791.61,0
BOVESPA,20090528,51795.15,53040.74,51795.15,53040.74,0
BOVESPA,20090529,53046.59,53805.93,52431.83,53197.73,0
BOVESPA,20090601,53202.37,54857.00,53202.37,54486.29,0
BOVESPA,20090602,54486.33,54955.23,53850.22,53999.52,0
BOVESPA,20090603,53999.01,54000.51,51643.28,52086.63,0
BOVESPA,20090604,52093.86,53463.90,51745.33,53463.90,0
BOVESPA,20090605,53474.08,54626.55,53050.18,53341.01,0
BOVESPA,20090608,53340.17,53904.98,52482.51,53630.39,0
BOVESPA,20090609,53632.78,54102.37,52844.66,53157.13,0
BOVESPA,20090610,53158.69,54047.58,52819.04,53410.93,0
BOVESPA,20090612,53410.93,53935.51,53142.68,53558.23,0
BOVESPA,20090615,53558.06,53558.06,51252.03,52033.82,0
BOVESPA,20090616,52035.19,52493.65,51165.62,51205.78,0
BOVESPA,20090617,51196.88,51196.88,50264.97,51045.84,0
BOVESPA,20090618,51049.68,51275.10,50510.19,50903.02,0
BOVESPA,20090619,50907.73,51665.37,50907.73,51373.77,0
BOVESPA,20090622,51366.56,51366.56,49410.66,49494.80,0
BOVESPA,20090623,49496.14,49902.20,49130.02,49813.58,0
BOVESPA,20090624,49818.78,50758.35,49519.79,49672.12,0
BOVESPA,20090625,49668.29,51514.81,49327.30,51514.81,0
BOVESPA,20090626,51516.50,51934.60,51340.84,51485.61,0
BOVESPA,20090629,51488.28,52275.39,51488.28,52137.58,0
BOVESPA,20090630,52142.84,52435.45,51101.68,51465.46,0
BOVESPA,20090701,51464.03,52382.59,51464.03,51543.78,0
BOVESPA,20090702,51538.30,51538.30,50607.51,51024.94,0
BOVESPA,20090703,51025.80,51167.36,50914.83,50934.69,0
BOVESPA,20090706,50931.55,50931.55,49691.06,50622.47,0
BOVESPA,20090707,50619.12,50621.42,49399.98,49456.70,0
BOVESPA,20090708,49460.27,49845.94,48455.81,49177.55,0
BOVESPA,20090710,49174.87,49326.35,48714.46,49220.78,0
BOVESPA,20090713,49221.29,49643.72,48261.84,49186.93,0
BOVESPA,20090714,49185.91,49646.96,48573.38,48872.58,0
BOVESPA,20090715,48875.63,51488.37,48875.63,51296.66,0
BOVESPA,20090716,51291.70,52338.14,50702.65,51918.20,0
BOVESPA,20090717,51918.20,52352.32,51736.11,52072.49,0
BOVESPA,20090720,52072.88,53262.15,52072.88,53154.93,0
BOVESPA,20090721,53154.83,53715.54,52519.67,53233.57,0
BOVESPA,20090722,53232.03,53663.62,52543.47,53072.57,0
BOVESPA,20090723,53073.53,54628.73,53064.85,54249.36,0
BOVESPA,20090724,54249.36,54600.26,54036.54,54457.29,0
BOVESPA,20090727,54457.64,54885.66,53942.98,54548.99,0
BOVESPA,20090728,54546.89,54546.89,53779.40,54471.54,0
BOVESPA,20090729,54469.67,54469.67,53255.83,53734.53,0
BOVESPA,20090730,53734.96,55083.23,53734.96,54478.43,0
BOVESPA,20090731,54474.10,54979.68,54206.02,54765.72,0
BOVESPA,20090803,54765.65,56200.47,54765.65,55997.81,0
BOVESPA,20090804,55997.81,56656.02,55727.42,56038.07,0
BOVESPA,20090805,56041.34,56585.96,55406.73,56384.08,0
BOVESPA,20090806,56384.67,56780.48,55361.08,55754.88,0
BOVESPA,20090807,55757.58,56643.57,55757.58,56329.51,0
BOVESPA,20090810,56329.02,56830.01,56150.83,56830.01,0
BOVESPA,20090811,56816.14,56816.21,55568.27,55761.16,0
BOVESPA,20090812,55761.23,56696.08,55713.57,56588.26,0
BOVESPA,20090813,56588.26,57366.78,56532.89,57047.98,0
BOVESPA,20090814,57047.50,57189.79,55978.55,56638.00,0
BOVESPA,20090817,56635.66,56635.66,54881.36,55218.37,0
BOVESPA,20090818,55218.80,55891.12,55215.93,55748.92,0
BOVESPA,20090819,55748.48,56211.58,54917.80,56156.28,0
BOVESPA,20090820,56172.78,56896.80,56142.75,56831.48,0
BOVESPA,20090821,56835.61,57782.26,56835.61,57728.59,0
BOVESPA,20090824,57731.07,58633.67,57697.90,57775.37,0
BOVESPA,20090825,57778.47,58311.49,57400.76,57421.43,0
BOVESPA,20090826,57424.82,57791.23,57105.60,57765.69,0
BOVESPA,20090827,57768.66,57877.77,56845.23,57703.85,0
BOVESPA,20090828,57703.99,58135.87,57343.97,57700.57,0
BOVESPA,20090831,57697.68,57697.68,56169.87,56488.98,0
BOVESPA,20090901,56489.40,57001.66,55764.10,55814.96,0
BOVESPA,20090902,55813.10,55948.24,55385.72,55385.72,0
BOVESPA,20090903,55389.31,55887.74,55338.92,55707.17,0
BOVESPA,20090904,55707.10,56728.85,55656.02,56652.28,0
BOVESPA,20090908,56654.97,57854.80,56654.97,57854.80,0
BOVESPA,20090909,57844.32,58089.27,57533.71,57909.95,0
BOVESPA,20090910,57908.38,58538.33,57614.92,58535.79,0
BOVESPA,20090911,58536.71,58833.99,58144.87,58366.38,0
BOVESPA,20090914,58363.24,58867.55,57753.24,58867.55,0
BOVESPA,20090915,58867.55,59401.20,58691.40,59263.86,0
BOVESPA,20090916,59264.66,60526.09,59264.66,60410.66,0
BOVESPA,20090917,60408.66,61027.02,60115.81,60236.03,0
BOVESPA,20090918,60236.13,60709.87,60158.24,60703.01,0
BOVESPA,20090921,60703.03,61065.50,60014.43,60928.02,0
BOVESPA,20090922,60937.90,62017.03,60937.90,61493.39,0
BOVESPA,20090923,61488.83,61630.49,60477.67,60496.19,0
BOVESPA,20090924,60496.30,60977.68,59599.75,60046.28,0
BOVESPA,20090925,60044.63,60471.81,59755.31,60355.73,0
BOVESPA,20090928,60356.89,61316.62,60356.89,61316.62,0
BOVESPA,20090929,61315.50,61599.45,60750.46,61235.26,0
BOVESPA,20090930,61240.92,61926.31,60978.36,61517.89,0
BOVESPA,20091001,61518.95,61518.95,60305.66,60459.33,0
BOVESPA,20091002,60453.34,61332.97,59677.90,61171.99,0
BOVESPA,20091005,61177.82,62459.54,61177.82,62369.30,0
BOVESPA,20091006,62377.61,63291.00,62002.03,62670.59,0
BOVESPA,20091007,62666.02,63015.20,62104.18,62638.28,0
BOVESPA,20091008,62640.02,63816.30,62640.02,63759.87,0
BOVESPA,20091009,63771.52,64177.01,63493.12,64071.01,0
BOVESPA,20091013,64074.53,64645.59,63966.67,64645.59,0
BOVESPA,20091014,64653.43,66393.42,64653.43,66201.13,0
BOVESPA,20091015,66199.03,66703.32,65836.77,66703.32,0
BOVESPA,20091016,66703.05,66703.05,65498.54,66200.49,0
BOVESPA,20091019,66200.49,67529.90,66193.95,67239.45,0
BOVESPA,20091020,67230.77,67230.77,64075.98,65303.11,0
BOVESPA,20091021,65302.45,67157.32,65221.46,65485.59,0
BOVESPA,20091022,65489.75,66502.26,65453.97,66134.97,0
BOVESPA,20091023,66143.96,66982.08,64987.84,65058.84,0
BOVESPA,20091026,65054.29,65901.10,64500.69,65085.55,0
BOVESPA,20091027,65089.71,65497.97,63161.04,63161.04,0
BOVESPA,20091028,63161.04,63173.10,60146.38,60162.31,0
BOVESPA,20091029,60166.65,63906.98,60166.65,63720.58,0
BOVESPA,20091030,63720.72,64226.11,60912.74,61545.50,0
BOVESPA,20091103,61539.20,63237.17,60723.96,62643.23,0
BOVESPA,20091104,62649.99,64142.27,62649.99,63912.57,0
BOVESPA,20091105,63907.38,64829.66,63699.86,64815.72,0
BOVESPA,20091106,64820.15,65093.65,63586.55,64466.13,0
BOVESPA,20091109,64474.89,66235.54,64474.89,66214.35,0
BOVESPA,20091110,66214.35,66708.69,65705.50,66303.49,0
BOVESPA,20091111,66303.49,67170.30,66027.66,66431.24,0
BOVESPA,20091112,66427.12,66613.81,64318.86,64447.93,0
BOVESPA,20091113,64451.89,65788.32,64228.85,65325.63,0
BOVESPA,20091116,65325.52,66896.16,65325.52,66627.10,0
BOVESPA,20091117,66632.03,67409.12,66231.84,67405.98,0
BOVESPA,20091118,67430.23,68059.62,66494.21,66515.66,0
BOVESPA,20091119,66513.92,66564.35,65547.15,66327.28,0
BOVESPA,20091123,66335.44,67365.23,66335.44,66809.40,0
BOVESPA,20091124,66811.72,67317.00,65969.21,67317.00,0
BOVESPA,20091125,67319.38,67997.06,67240.75,67917.08,0
BOVESPA,20091126,67911.39,67911.39,66235.56,66391.80,0
BOVESPA,20091127,66370.84,67085.89,65737.25,67082.15,0
BOVESPA,20091130,67082.15,67545.13,66875.75,67044.44,0
BOVESPA,20091201,67050.75,68757.28,67050.75,68408.40,0
BOVESPA,20091202,68412.09,69139.03,68412.09,68614.79,0
BOVESPA,20091203,68622.33,69336.14,68307.71,68314.82,0
BOVESPA,20091204,68315.62,69361.00,67328.31,67603.52,0
BOVESPA,20091207,67610.86,68866.33,67610.81,68512.19,0
BOVESPA,20091208,68510.92,68510.92,67470.25,67728.51,0
BOVESPA,20091209,67735.52,68271.71,67483.56,68011.99,0
BOVESPA,20091210,68021.41,68912.33,68021.41,68728.29,0
BOVESPA,20091211,68749.60,69502.27,68749.60,69267.47,0
BOVESPA,20091214,69272.57,69785.41,69193.31,69349.40,0
BOVESPA,20091215,69344.96,69514.59,68821.61,69310.81,0
BOVESPA,20091216,69309.75,69622.18,68465.56,68622.40,0
BOVESPA,20091217,68618.62,68618.62,66791.94,67067.96,0
BOVESPA,20091218,67068.40,67281.12,66321.93,66794.21,0
BOVESPA,20091221,66806.27,67670.94,65925.19,65925.19,0
BOVESPA,20091222,65940.18,67421.45,65940.18,67417.93,0
BOVESPA,20091223,67418.35,67810.17,66943.11,67588.86,0
BOVESPA,20091228,67591.06,68277.39,67591.06,67901.70,0
BOVESPA,20091229,67901.70,68308.78,67901.69,68296.04,0
BOVESPA,20091230,68276.54,68588.41,67748.99,68588.41,0
BOVESPA,20100104,68587.13,70080.97,68587.13,70045.08,0
BOVESPA,20100105,70045.67,70594.55,69927.75,70239.82,0
BOVESPA,20100106,70236.50,70936.60,70016.44,70729.34,0
BOVESPA,20100107,70722.91,70722.91,70045.06,70451.12,0
BOVESPA,20100108,70455.24,70765.88,70158.13,70262.70,0
BOVESPA,20100111,70267.24,71068.06,70158.31,70433.49,0
BOVESPA,20100112,70428.82,70428.82,69284.00,70075.78,0
BOVESPA,20100113,70080.52,70626.26,69535.22,70385.47,0
BOVESPA,20100114,70376.84,70508.21,69661.25,69801.42,0
BOVESPA,20100115,69779.55,69787.85,68695.25,68978.30,0
BOVESPA,20100118,68983.21,69748.16,68983.21,69400.93,0
BOVESPA,20100119,69396.20,70036.49,68867.31,69908.59,0
BOVESPA,20100120,69901.39,69901.39,67546.31,68200.07,0
BOVESPA,20100121,68200.22,68458.38,65996.25,66270.14,0
BOVESPA,20100122,66263.64,66660.15,65445.43,66220.04,0
BOVESPA,20100126,66212.90,66212.90,64718.91,65523.73,0
BOVESPA,20100127,65527.31,65663.40,64553.09,65069.79,0
BOVESPA,20100128,65071.45,66049.09,64541.49,65587.81,0
BOVESPA,20100129,65591.31,66575.98,65140.33,65401.77,0
BOVESPA,20100201,65402.25,66763.43,65361.80,66571.74,0
BOVESPA,20100202,66588.78,67320.58,66538.84,67163.21,0
BOVESPA,20100203,67163.04,67346.55,66774.19,67108.56,0
BOVESPA,20100204,67100.49,67100.49,63749.52,63934.01,0
BOVESPA,20100205,63934.14,64000.62,61341.11,62762.70,0
BOVESPA,20100208,62759.82,63922.92,62727.60,63153.09,0
BOVESPA,20100209,63163.50,65525.94,63163.50,64718.17,0
BOVESPA,20100210,64721.30,65169.82,64320.46,65051.42,0
BOVESPA,20100211,65049.67,66145.28,64344.48,66128.94,0
BOVESPA,20100212,66128.94,66133.39,65122.58,65854.97,0
BOVESPA,20100217,65863.45,67542.19,65863.44,67284.57,0
BOVESPA,20100218,67284.83,67836.08,66550.06,67836.08,0
BOVESPA,20100219,67810.51,67935.23,67210.14,67597.43,0
BOVESPA,20100222,67598.38,68119.58,67035.01,67184.16,0
BOVESPA,20100223,67178.74,67178.74,65660.25,66108.33,0
BOVESPA,20100224,66110.33,66513.64,65534.34,65794.77,0
BOVESPA,20100225,65765.44,66324.75,64428.97,66121.04,0
BOVESPA,20100226,66117.81,66510.01,65607.46,66503.27,0
BOVESPA,20100301,66510.94,67397.38,66510.94,67227.93,0
BOVESPA,20100302,67227.93,68249.64,67227.93,67779.16,0
BOVESPA,20100303,67779.71,68813.44,67481.90,67641.34,0
BOVESPA,20100304,67642.97,68197.72,66923.97,67814.71,0
BOVESPA,20100305,67822.75,68930.38,67822.75,68846.50,0
BOVESPA,20100308,68850.80,69070.06,68318.25,68575.47,0
BOVESPA,20100309,68573.29,70143.94,68255.02,69576.38,0
BOVESPA,20100310,69577.54,70476.34,69577.54,69979.28,0
BOVESPA,20100311,69980.85,70183.45,69411.40,69884.61,0
BOVESPA,20100312,69900.63,70486.15,69341.38,69341.38,0
BOVESPA,20100315,69339.50,69384.10,68622.76,69023.76,0
BOVESPA,20100316,69023.46,69948.99,69021.80,69942.21,0
BOVESPA,20100317,69944.69,70423.95,69376.19,69723.24,0
BOVESPA,20100318,69725.92,70127.72,68972.41,69697.33,0
BOVESPA,20100319,69701.14,69998.36,68773.09,68828.98,0
BOVESPA,20100322,68813.61,69121.09,67899.04,69041.73,0
BOVESPA,20100323,69048.74,69612.73,68913.43,69386.72,0
BOVESPA,20100324,69382.16,69677.20,68743.65,68913.40,0
BOVESPA,20100325,68915.99,69571.96,68376.52,68441.66,0
BOVESPA,20100326,68442.21,68909.82,68024.37,68682.66,0
BOVESPA,20100329,68681.26,69942.63,68681.25,69939.12,0
BOVESPA,20100330,69941.84,70450.66,69750.47,69959.58,0
BOVESPA,20100331,69959.58,70391.80,69573.05,70371.54,0
BOVESPA,20100401,70374.54,71401.09,70373.04,71136.34,0
BOVESPA,20100405,71148.46,71645.26,71148.44,71289.68,0
BOVESPA,20100406,71289.64,71711.44,70822.82,71095.65,0
BOVESPA,20100407,71092.38,71257.35,70531.05,70792.94,0
BOVESPA,20100408,70792.54,71805.04,70461.58,71784.78,0
BOVESPA,20100409,71783.17,71989.18,71306.97,71417.27,0
BOVESPA,20100412,71413.68,71606.81,70505.44,70614.36,0
BOVESPA,20100413,70618.37,71053.50,70168.88,70792.40,0
BOVESPA,20100414,70793.63,71207.26,70628.28,71034.85,0
BOVESPA,20100415,71036.07,71065.50,70429.28,70524.35,0
BOVESPA,20100416,70521.83,70521.83,69012.98,69421.35,0
BOVESPA,20100419,69418.33,69431.13,68377.96,69097.58,0
BOVESPA,20100420,69100.69,69701.84,69100.69,69318.44,0
BOVESPA,20100422,69312.97,69527.72,68080.81,69386.41,0
BOVESPA,20100423,69387.87,69709.07,68831.86,69509.49,0
BOVESPA,20100426,69509.36,69810.19,68813.31,68871.94,0
BOVESPA,20100427,68868.17,68868.17,66499.10,66511.10,0
BOVESPA,20100428,66512.66,67253.27,65914.20,66655.71,0
BOVESPA,20100429,66660.74,68012.40,66660.74,67978.05,0
BOVESPA,20100430,67975.08,67975.08,67242.66,67529.73,0
BOVESPA,20100503,67533.75,67968.73,66722.64,67119.41,0
BOVESPA,20100504,67116.31,67116.31,64588.17,64869.32,0
BOVESPA,20100505,64859.43,65611.84,63533.43,64914.17,0
BOVESPA,20100506,64914.73,65533.22,60774.25,63414.22,0
BOVESPA,20100507,63416.45,63945.25,61662.52,62870.88,0
BOVESPA,20100510,62871.98,66083.32,62871.98,65452.68,0
BOVESPA,20100511,65448.75,65732.60,64424.89,64424.89,0
BOVESPA,20100512,64438.10,65351.09,64438.10,65223.63,0
BOVESPA,20100513,65222.63,65427.44,64737.75,64788.22,0
BOVESPA,20100514,64786.55,64786.55,63049.80,63412.47,0
BOVESPA,20100517,63406.48,63593.46,61824.60,62866.26,0
BOVESPA,20100518,62870.62,63529.29,60809.83,60841.08,0
BOVESPA,20100519,60841.08,60849.87,59068.09,59689.32,0
BOVESPA,20100520,59684.32,59684.32,57633.90,58192.08,0
BOVESPA,20100521,58192.39,60302.72,57996.60,60259.33,0
BOVESPA,20100524,60254.88,60849.81,59814.59,59915.14,0
BOVESPA,20100525,59911.80,59911.80,57876.18,59184.08,0
BOVESPA,20100526,59182.17,60701.42,59178.74,60190.36,0
BOVESPA,20100527,60191.17,62261.95,60188.55,62091.77,0
BOVESPA,20100528,62080.34,62246.90,61305.31,61946.99,0
BOVESPA,20100531,61949.75,63046.51,61949.75,63046.51,0
BOVESPA,20100601,63033.10,63033.10,61605.43,61840.99,0
BOVESPA,20100602,61836.08,63197.71,61813.53,62942.91,0
BOVESPA,20100604,62940.34,62940.34,61422.19,61675.75,0
BOVESPA,20100607,61674.96,62118.67,61099.17,61182.92,0
BOVESPA,20100608,61186.76,62000.13,61186.76,61855.52,0
BOVESPA,20100609,61799.45,62684.49,61478.61,61478.61,0
BOVESPA,20100610,61484.49,63146.32,61484.49,63048.80,0
BOVESPA,20100611,63043.83,63766.11,62370.79,63605.38,0
BOVESPA,20100614,63613.29,64295.85,63529.36,63532.85,0
BOVESPA,20100615,63533.58,64554.35,63533.58,64442.27,0
BOVESPA,20100616,64442.19,65097.18,63974.28,64750.71,0
BOVESPA,20100617,64744.60,65182.01,64114.55,64540.91,0
BOVESPA,20100618,64542.01,64940.57,64239.13,64437.58,0
BOVESPA,20100621,64441.79,65516.85,64441.79,64829.03,0
BOVESPA,20100622,64833.90,65830.88,64689.59,64810.62,0
BOVESPA,20100623,64811.84,65160.67,64247.47,65160.33,0
BOVESPA,20100624,65153.81,65153.81,63735.61,63936.70,0
BOVESPA,20100625,63936.70,64868.94,63806.08,64823.83,0
BOVESPA,20100628,64825.14,65104.67,64225.22,64225.22,0
BOVESPA,20100629,64215.55,64215.55,61670.12,61977.91,0
BOVESPA,20100630,61971.59,62644.69,60935.90,60935.90,0
BOVESPA,20100701,60934.58,61381.03,60055.71,61236.20,0
BOVESPA,20100702,61236.20,61811.57,60763.62,61429.79,0
BOVESPA,20100705,61435.53,61667.07,60796.20,60865.27,0
BOVESPA,20100706,60869.54,62450.61,60869.54,62064.75,0
BOVESPA,20100707,62066.90,63313.36,62004.44,63283.80,0
BOVESPA,20100708,63281.52,63595.70,62894.62,63476.32,0
BOVESPA,20100712,63477.43,63972.36,62749.61,62960.10,0
BOVESPA,20100713,62964.31,63777.14,62964.31,63685.56,0
BOVESPA,20100714,63685.65,63687.50,63014.77,63479.46,0
BOVESPA,20100715,63482.46,63612.24,62960.36,63489.37,0
BOVESPA,20100716,63486.97,63492.16,62298.21,62339.27,0
BOVESPA,20100719,62350.90,63299.85,62350.90,63297.04,0
BOVESPA,20100720,63289.83,64481.19,62901.91,64462.50,0
BOVESPA,20100721,64468.10,65136.20,64209.24,64476.84,0
BOVESPA,20100722,64503.73,66212.81,64503.73,65748.10,0
BOVESPA,20100723,65748.10,66322.99,65427.34,66322.99,0
BOVESPA,20100726,66321.87,66618.63,66150.64,66443.26,0
BOVESPA,20100727,66449.41,67102.19,66293.03,66674.44,0
BOVESPA,20100728,66669.63,67050.77,66427.17,66808.25,0
BOVESPA,20100729,66795.63,67428.20,66596.03,66953.83,0
BOVESPA,20100730,66950.94,67608.09,66217.88,67515.40,0
BOVESPA,20100802,67523.94,68753.77,67523.94,68517.46,0
BOVESPA,20100803,68516.80,68560.68,67942.44,67997.36,0
BOVESPA,20100804,67995.90,68534.20,67577.40,68272.00,0
BOVESPA,20100805,68271.44,68471.00,68002.47,68411.72,0
BOVESPA,20100806,68416.11,68508.95,67685.68,68094.76,0
BOVESPA,20100809,68096.39,68512.67,67749.39,67862.28,0
BOVESPA,20100810,67836.11,67836.11,66946.43,67223.23,0
BOVESPA,20100811,67216.74,67216.74,65690.39,65790.29,0
BOVESPA,20100812,65787.87,66027.35,65257.27,65966.17,0
BOVESPA,20100813,65963.88,66589.90,65921.43,66264.43,0
BOVESPA,20100816,66260.42,66867.71,66186.95,66701.89,0
BOVESPA,20100817,66701.89,67665.64,66701.89,67583.77,0
BOVESPA,20100818,67583.61,67745.45,67005.75,67638.38,0
BOVESPA,20100819,67640.83,67712.83,66823.59,66887.13,0
BOVESPA,20100820,66891.65,66891.65,66336.57,66677.16,0
BOVESPA,20100823,66677.71,67175.24,65981.86,65981.86,0
BOVESPA,20100824,65946.32,65946.32,65012.56,65156.36,0
BOVESPA,20100825,65156.20,65156.20,64163.55,64803.43,0
BOVESPA,20100826,64801.59,65270.95,63803.94,63867.48,0
BOVESPA,20100827,63875.28,65589.15,63847.56,65585.14,0
BOVESPA,20100830,65585.14,65585.14,64254.51,64260.79,0
BOVESPA,20100831,64261.77,65181.93,64201.99,65145.45,0
BOVESPA,20100901,65154.26,67072.53,65154.26,67072.53,0
BOVESPA,20100902,67072.53,67167.76,66404.82,66808.08,0
BOVESPA,20100903,66811.92,67672.77,66541.10,66678.62,0
BOVESPA,20100906,66678.62,66949.28,66379.67,66747.30,0
BOVESPA,20100908,66739.29,66739.29,66101.43,66407.28,0
BOVESPA,20100909,66411.30,66806.50,66352.84,66624.10,0
BOVESPA,20100910,66621.87,66919.80,66459.39,66806.79,0
BOVESPA,20100913,66807.35,68141.51,66807.35,68030.58,0
BOVESPA,20100914,68029.68,68092.84,67561.34,67691.85,0
BOVESPA,20100915,67689.67,68107.21,67119.35,68106.85,0
BOVESPA,20100916,68102.83,68102.83,67506.97,67662.99,0
BOVESPA,20100917,67664.74,67773.06,66992.96,67089.12,0
BOVESPA,20100920,67087.46,68241.11,67009.45,68190.46,0
BOVESPA,20100921,68188.93,68255.32,67528.23,67719.13,0
BOVESPA,20100922,67710.59,68549.08,67346.31,68325.18,0
BOVESPA,20100923,68320.66,69600.85,67892.34,68794.32,0
BOVESPA,20100924,68800.33,69571.16,68021.31,68196.48,0
BOVESPA,20100927,68197.38,68926.35,68011.36,68815.97,0
BOVESPA,20100928,68817.16,69431.02,68454.87,69227.63,0
BOVESPA,20100929,69224.78,69419.89,68958.05,69228.24,0
BOVESPA,20100930,69229.71,69736.76,68924.43,69429.78,0
BOVESPA,20101001,69438.23,70242.59,69227.96,70229.35,0
BOVESPA,20101004,70230.07,70551.26,70089.01,70384.92,0
BOVESPA,20101005,70389.77,71285.03,70389.77,71283.11,0
BOVESPA,20101006,71284.08,71290.43,70342.87,70541.37,0
BOVESPA,20101007,70545.06,70738.87,69313.57,69918.40,0
BOVESPA,20101008,69920.89,70827.75,69698.03,70808.80,0
BOVESPA,20101011,70810.22,71110.51,70810.22,70946.49,0
BOVESPA,20101013,70949.95,71994.80,70949.95,71674.90,0
BOVESPA,20101014,71675.65,71961.27,71263.87,71692.29,0
BOVESPA,20101015,71698.63,72139.59,71351.38,71830.18,0
BOVESPA,20101018,71830.18,71884.32,71340.66,71735.53,0
BOVESPA,20101019,71734.93,71734.93,69672.04,69863.58,0
BOVESPA,20101020,69863.49,70720.32,69813.73,70404.68,0
BOVESPA,20101021,70406.16,70958.17,68951.65,69652.10,0
BOVESPA,20101022,69658.34,70311.63,68847.04,69529.73,0
BOVESPA,20101025,69535.66,70230.79,69450.62,69580.28,0
BOVESPA,20101026,69582.37,70833.85,69054.69,70740.39,0
BOVESPA,20101027,70735.05,70844.41,70059.33,70568.94,0
BOVESPA,20101028,70572.73,71262.91,70233.67,70320.13,0
BOVESPA,20101029,70322.43,70775.70,70322.43,70673.30,0
BOVESPA,20101101,70686.21,71751.32,70673.21,71560.93,0
BOVESPA,20101103,71560.33,72109.97,71510.43,71904.77,0
BOVESPA,20101104,71909.64,73103.28,71909.64,72995.69,0
BOVESPA,20101105,72987.20,72987.20,72534.04,72606.58,0
BOVESPA,20101108,72606.58,72875.38,72336.04,72657.37,0
BOVESPA,20101109,72654.23,73044.68,71651.17,71679.47,0
BOVESPA,20101110,71673.52,71854.38,70867.86,71638.38,0
BOVESPA,20101111,71638.98,71638.98,70940.60,71195.16,0
BOVESPA,20101112,71191.01,71191.01,70004.48,70367.15,0
BOVESPA,20101116,70364.37,70364.37,68662.39,69192.41,0
BOVESPA,20101117,69189.09,70079.75,69187.22,69708.63,0
BOVESPA,20101118,69716.02,70904.26,69716.02,70781.40,0
BOVESPA,20101119,70773.84,70897.90,70235.98,70897.90,0
BOVESPA,20101122,70897.90,70897.90,69201.58,69632.50,0
BOVESPA,20101123,69628.88,69628.88,67727.97,67952.55,0
BOVESPA,20101124,67954.79,69745.71,67954.79,69629.36,0
BOVESPA,20101125,69634.29,69780.23,69361.63,69361.63,0
BOVESPA,20101126,69349.48,69349.48,68219.09,68226.10,0
BOVESPA,20101129,68218.18,68421.65,67102.94,67908.18,0
BOVESPA,20101130,67900.95,68476.44,67270.63,67705.40,0
BOVESPA,20101201,67731.17,69605.38,67731.17,69345.85,0
BOVESPA,20101202,69341.09,69942.88,69218.63,69527.07,0
BOVESPA,20101203,69529.04,69963.06,68943.28,69766.09,0
BOVESPA,20101206,69759.37,69931.66,69377.85,69551.81,0
BOVESPA,20101207,69563.37,70589.07,69337.64,69337.64,0
BOVESPA,20101208,69338.22,69353.53,68046.17,68174.92,0
BOVESPA,20101209,68173.28,68561.34,67563.46,67879.46,0
BOVESPA,20101210,67889.34,68514.35,67866.49,68341.83,0
BOVESPA,20101213,68341.83,69221.06,68341.83,69126.32,0
BOVESPA,20101214,69126.84,69126.84,68531.27,68742.97,0
BOVESPA,20101215,68740.65,68740.65,67711.25,67870.14,0
BOVESPA,20101216,67874.90,68376.82,67137.97,67306.39,0
BOVESPA,20101217,67304.16,67981.22,66947.65,67981.22,0
BOVESPA,20101220,67979.21,68196.06,67263.60,67263.60,0
BOVESPA,20101221,67261.39,68461.32,67261.39,68214.86,0
BOVESPA,20101222,68218.33,68471.83,67727.33,68470.76,0
BOVESPA,20101223,68470.30,68561.56,68249.62,68485.96,0
BOVESPA,20101227,68476.32,68476.32,67803.16,67803.16,0
BOVESPA,20101228,67810.36,68104.26,67810.36,68040.94,0
BOVESPA,20101229,68043.00,69039.76,68043.00,68952.42,0
BOVESPA,20101230,68953.18,69527.17,68940.08,69304.81,0
BOVESPA,20110103,69309.98,70470.97,69304.67,69962.32,0
BOVESPA,20110104,69962.10,70317.79,69559.92,70317.79,0
BOVESPA,20110105,70311.43,71172.96,69801.71,71091.03,0
BOVESPA,20110106,71092.50,71167.10,70469.17,70578.83,0
BOVESPA,20110107,70579.90,70782.83,69718.11,70057.20,0
BOVESPA,20110110,70056.05,70133.39,69666.37,70127.04,0
BOVESPA,20110111,70145.55,70647.44,70145.28,70423.44,0
BOVESPA,20110112,70429.44,71632.90,70429.44,71632.90,0
BOVESPA,20110113,71631.13,71923.84,70719.10,70721.44,0
BOVESPA,20110114,70722.96,71184.30,70396.86,70940.22,0
BOVESPA,20110117,70939.58,70939.58,70544.10,70609.07,0
BOVESPA,20110118,70612.23,71093.97,70612.23,70919.75,0
BOVESPA,20110119,70921.27,71189.81,69966.21,70058.08,0
BOVESPA,20110120,70056.42,70083.35,69176.61,69561.53,0
BOVESPA,20110121,69559.87,70026.52,69095.15,69133.09,0
BOVESPA,20110124,69134.47,69512.61,68786.28,69426.57,0
BOVESPA,20110126,69426.64,69556.15,68514.92,68709.22,0
BOVESPA,20110127,68716.83,69107.89,67774.57,68050.71,0
BOVESPA,20110128,68050.71,68181.74,65897.63,66697.57,0
BOVESPA,20110131,66697.12,67165.91,66270.66,66574.88,0
BOVESPA,20110201,66574.88,67921.76,66574.88,67847.34,0
BOVESPA,20110202,67844.37,68011.96,66643.00,66688.48,0
BOVESPA,20110203,66688.32,66848.63,66090.81,66764.84,0
BOVESPA,20110204,66752.08,66946.48,65159.73,65269.15,0
BOVESPA,20110207,65272.38,65892.76,64915.83,65362.04,0
BOVESPA,20110208,65359.40,66237.76,65110.46,65771.33,0
BOVESPA,20110209,65767.21,65767.21,64016.36,64217.52,0
BOVESPA,20110210,64217.36,65106.23,64184.89,64577.83,0
BOVESPA,20110211,64581.60,65890.07,64562.16,65755.66,0
BOVESPA,20110214,65751.32,66743.42,65461.57,66557.55,0
BOVESPA,20110215,66557.75,66860.77,66117.13,66341.39,0
BOVESPA,20110216,66341.97,67793.44,66341.97,67570.76,0
BOVESPA,20110217,67579.55,67875.96,67106.62,67684.99,0
BOVESPA,20110218,67684.99,68225.66,67385.93,68066.82,0
BOVESPA,20110221,68066.82,68066.82,67084.92,67258.66,0
BOVESPA,20110222,67254.54,67569.79,66342.18,66439.83,0
BOVESPA,20110223,66439.95,67265.75,66049.36,66910.48,0
BOVESPA,20110224,66909.27,67343.60,66692.81,66948.99,0
BOVESPA,20110225,66951.70,67632.46,66331.06,66902.53,0
BOVESPA,20110228,66909.30,67458.28,66686.78,67383.22,0
BOVESPA,20110301,67380.70,67708.40,66242.63,66242.63,0
BOVESPA,20110302,66241.50,67281.51,66101.24,67281.51,0
BOVESPA,20110303,67283.78,68188.22,67283.78,68145.53,0
BOVESPA,20110304,68137.80,68219.94,67513.60,68012.10,0
BOVESPA,20110309,68010.36,68056.82,67108.77,67263.75,0
BOVESPA,20110310,67255.94,67255.94,65853.94,66040.66,0
BOVESPA,20110311,66041.33,67014.07,65558.87,66684.60,0
BOVESPA,20110314,66684.44,67333.15,66087.73,67169.25,0
BOVESPA,20110315,67167.57,67167.57,65463.02,67005.22,0
BOVESPA,20110316,67010.83,67502.05,65662.68,66002.57,0
BOVESPA,20110317,66016.52,66950.20,66014.71,66215.93,0
BOVESPA,20110318,66216.94,67384.47,66216.94,66879.89,0
BOVESPA,20110321,66886.98,67675.88,66656.48,66689.61,0
BOVESPA,20110322,66683.81,67630.53,66531.26,67578.33,0
BOVESPA,20110323,67570.22,67917.92,67316.69,67795.51,0
BOVESPA,20110324,67798.87,68008.95,67405.91,67532.97,0
BOVESPA,20110325,67528.40,68256.24,67496.93,67765.94,0
BOVESPA,20110328,67766.50,68070.47,67192.82,67192.82,0
BOVESPA,20110329,67194.24,67862.19,67046.08,67418.76,0
BOVESPA,20110330,67422.96,68003.87,67422.96,67997.06,0
BOVESPA,20110331,68000.46,68606.06,68000.46,68586.70,0
BOVESPA,20110401,68588.06,69387.19,68588.06,69268.29,0
BOVESPA,20110404,69269.87,69787.27,69269.87,69703.80,0
BOVESPA,20110405,69703.80,70046.53,69464.82,69837.52,0
BOVESPA,20110406,69841.40,70107.71,68954.26,69036.91,0
BOVESPA,20110407,69039.70,69333.75,68695.01,69176.12,0
BOVESPA,20110408,69179.54,69429.86,68471.84,68718.01,0
BOVESPA,20110411,68718.82,69176.75,68029.30,68164.36,0
BOVESPA,20110412,68153.32,68153.32,66721.12,66896.23,0
BOVESPA,20110413,66908.61,67410.69,66251.35,66486.49,0
BOVESPA,20110414,66483.42,67041.79,66089.50,66278.89,0
BOVESPA,20110415,66281.46,66765.19,65832.39,66684.21,0
BOVESPA,20110418,66688.81,66705.72,65158.47,65415.49,0
BOVESPA,20110419,65416.70,66256.94,65416.70,66158.09,0
BOVESPA,20110420,66164.94,67076.76,66164.94,67058.02,0
BOVESPA,20110425,67058.02,67124.33,66552.06,66972.37,0
BOVESPA,20110426,66971.89,67413.16,66722.43,67144.26,0
BOVESPA,20110427,67142.73,67228.28,65885.44,66264.47,0
BOVESPA,20110428,66249.18,66249.18,65105.31,65673.21,0
BOVESPA,20110429,65664.39,66293.78,65460.92,66132.86,0
BOVESPA,20110502,66119.40,66500.26,65345.68,65462.75,0
BOVESPA,20110503,65457.68,65468.32,64243.67,64318.18,0
BOVESPA,20110504,64320.41,64807.13,63547.51,63615.50,0
BOVESPA,20110505,63608.91,64267.79,62972.77,63407.01,0
BOVESPA,20110506,63422.21,64703.92,63422.21,64417.34,0
BOVESPA,20110509,64415.96,64781.87,64149.50,64621.97,0
BOVESPA,20110510,64621.97,65143.41,64618.83,64876.88,0
BOVESPA,20110511,64876.70,64876.70,63621.99,63775.82,0
BOVESPA,20110512,63771.66,64328.93,63125.39,64003.16,0
BOVESPA,20110513,64003.16,64165.24,63063.44,63235.30,0
BOVESPA,20110516,63233.37,63828.54,62675.59,62829.68,0
BOVESPA,20110517,62830.37,63680.44,62414.43,63673.34,0
BOVESPA,20110518,63675.18,64015.02,62830.45,62840.61,0
BOVESPA,20110519,62843.91,63607.37,62224.69,62367.36,0
BOVESPA,20110520,62369.83,63043.20,62086.18,62596.52,0
BOVESPA,20110523,62596.52,62596.52,61658.74,62345.18,0
BOVESPA,20110524,62350.11,63414.80,62350.11,63336.75,0
BOVESPA,20110525,63328.63,63857.12,63024.77,63388.44,0
BOVESPA,20110526,63388.69,64121.25,63231.95,64098.57,0
BOVESPA,20110527,64100.77,64548.22,64092.40,64294.96,0
BOVESPA,20110530,64294.96,64460.27,63914.64,63953.93,0
BOVESPA,20110531,63960.93,64620.08,63931.64,64620.08,0
BOVESPA,20110601,64616.35,64673.73,63401.14,63411.48,0
BOVESPA,20110602,63410.91,64218.08,63277.37,64218.08,0
BOVESPA,20110603,64216.34,64978.78,63628.20,64340.50,0
BOVESPA,20110606,64340.50,64512.02,62959.77,63067.73,0
BOVESPA,20110607,63071.86,63784.38,63071.86,63217.85,0
BOVESPA,20110608,63204.22,63353.54,62709.41,63032.97,0
BOVESPA,20110609,63036.69,63772.64,62872.35,63468.82,0
BOVESPA,20110610,63470.09,63478.36,62495.24,62697.16,0
BOVESPA,20110613,62701.28,62967.84,62021.60,62022.92,0
BOVESPA,20110614,62023.41,62697.43,62023.41,62204.83,0
BOVESPA,20110615,62198.11,62198.11,61448.14,61603.74,0
BOVESPA,20110616,61602.06,62040.31,60489.27,60880.62,0
BOVESPA,20110617,60882.59,61268.47,60565.54,61059.98,0
BOVESPA,20110620,61059.23,61571.37,60783.78,61168.24,0
BOVESPA,20110621,61187.62,61542.51,61178.94,61423.61,0
BOVESPA,20110622,61420.04,61858.97,61194.09,61194.09,0
BOVESPA,20110624,61191.88,61458.80,60920.80,61016.72,0
BOVESPA,20110627,61017.23,61456.22,60771.93,61216.98,0
BOVESPA,20110628,61216.26,62308.77,61216.26,62303.37,0
BOVESPA,20110629,62303.24,62624.62,62032.74,62333.97,0
BOVESPA,20110630,62337.41,62574.33,61959.40,62403.64,0
BOVESPA,20110701,62403.64,63454.86,62148.39,63394.34,0
BOVESPA,20110704,63396.72,63891.31,63314.23,63891.31,0
BOVESPA,20110705,63886.43,63886.43,63030.22,63038.81,0
BOVESPA,20110706,63038.81,63038.81,62390.69,62565.46,0
BOVESPA,20110707,62573.09,63206.29,62207.33,62207.33,0
BOVESPA,20110708,62206.58,62206.58,61366.49,61513.24,0
BOVESPA,20110711,61501.58,61501.58,60098.31,60223.63,0
BOVESPA,20110712,60219.64,60516.11,59704.75,59704.75,0
BOVESPA,20110713,59717.78,60846.71,59717.78,60669.89,0
BOVESPA,20110714,60672.96,60684.53,59451.77,59679.35,0
BOVESPA,20110715,59679.35,60104.24,59180.29,59478.01,0
BOVESPA,20110718,59478.93,59479.33,58630.94,58837.61,0
BOVESPA,20110719,58837.61,59394.20,58676.82,59082.13,0
BOVESPA,20110720,59094.07,59551.61,59044.51,59119.71,0
BOVESPA,20110721,59120.22,60441.00,59119.63,60262.95,0
BOVESPA,20110722,60263.22,60696.38,60076.88,60270.47,0
BOVESPA,20110725,60263.66,60285.41,59639.98,59970.54,0
BOVESPA,20110726,59972.15,60204.29,59261.08,59339.90,0
BOVESPA,20110727,59336.48,59336.48,58168.70,58288.46,0
BOVESPA,20110728,58297.14,59166.51,58290.36,58708.25,0
BOVESPA,20110729,58703.07,58952.40,58009.00,58823.45,0
BOVESPA,20110801,58823.45,59541.92,58167.64,58535.74,0
BOVESPA,20110802,58525.82,58673.42,57258.93,57310.78,0
BOVESPA,20110803,57318.10,57352.34,55249.49,56017.22,0
BOVESPA,20110804,55999.45,55999.45,52628.91,52811.36,0
BOVESPA,20110805,52811.36,53865.79,51152.63,52949.22,0
BOVESPA,20110808,52938.30,52938.30,47793.49,48668.29,0
BOVESPA,20110809,48670.63,51150.90,48666.26,51150.90,0
BOVESPA,20110810,51150.90,52163.66,49946.78,51395.29,0
BOVESPA,20110811,51398.02,53723.67,51398.02,53343.11,0
BOVESPA,20110812,53343.58,53642.56,52649.91,53473.35,0
BOVESPA,20110815,53478.31,54967.63,53474.38,54651.83,0
BOVESPA,20110816,54651.09,54651.09,53539.24,54323.61,0
BOVESPA,20110817,54323.61,55073.02,53827.51,55073.02,0
BOVESPA,20110818,55036.82,55036.82,52246.02,53134.10,0
BOVESPA,20110819,53135.05,53601.16,52335.73,52447.63,0
BOVESPA,20110822,52471.60,53552.02,52397.21,52440.23,0
BOVESPA,20110823,52439.67,53786.63,51853.07,53786.63,0
BOVESPA,20110824,53786.63,54279.18,52992.81,53795.70,0
BOVESPA,20110825,53796.37,54155.02,52677.40,52953.30,0
BOVESPA,20110826,52955.34,53597.69,51971.15,53350.79,0
BOVESPA,20110829,53356.07,55026.66,53356.07,54860.73,0
BOVESPA,20110830,54860.58,55768.45,54424.94,55385.03,0
BOVESPA,20110831,55399.37,56495.12,55399.37,56495.12,0
BOVESPA,20110901,56498.24,58589.26,56498.24,58118.20,0
BOVESPA,20110902,58113.63,58113.63,56301.62,56531.62,0
BOVESPA,20110905,56520.65,56520.65,54817.61,54998.41,0
BOVESPA,20110906,54998.03,56676.35,54121.36,56607.30,0
BOVESPA,20110908,56608.50,58241.99,56608.50,57623.63,0
BOVESPA,20110909,57614.13,57614.13,55527.65,55778.39,0
BOVESPA,20110912,55772.83,55792.14,54309.85,55685.47,0
BOVESPA,20110913,55690.08,56336.47,55166.08,55543.97,0
BOVESPA,20110914,55543.89,56776.46,55089.93,56286.04,0
BOVESPA,20110915,56287.36,57161.24,56196.22,56381.46,0
BOVESPA,20110916,56381.46,57210.11,56257.38,57210.11,0
BOVESPA,20110919,57208.19,57208.19,56059.71,57102.78,0
BOVESPA,20110920,57104.54,57619.74,56378.63,56378.63,0
BOVESPA,20110921,56381.14,57599.95,55914.82,55981.90,0
BOVESPA,20110922,55980.65,55980.65,52706.24,53280.28,0
BOVESPA,20110923,53272.66,53855.03,52754.06,53230.36,0
BOVESPA,20110926,53242.67,53872.53,52398.89,53747.52,0
BOVESPA,20110927,53751.49,54992.05,53751.49,53920.36,0
BOVESPA,20110928,53921.25,54796.10,53257.76,53270.36,0
BOVESPA,20110929,53276.05,54207.35,52848.74,53384.67,0
BOVESPA,20110930,53384.84,53384.84,51897.35,52324.42,0
BOVESPA,20111003,52319.00,52319.00,50791.53,50791.53,0
BOVESPA,20111004,50789.99,50789.99,49432.89,50686.34,0
BOVESPA,20111005,50682.55,51198.72,50209.42,51013.85,0
BOVESPA,20111006,51015.88,52728.70,51015.88,52290.37,0
BOVESPA,20111007,52290.37,52891.24,50901.83,51243.62,0
BOVESPA,20111010,51243.62,53293.55,51243.62,53273.11,0
BOVESPA,20111011,53270.73,54113.19,52819.81,53838.47,0
BOVESPA,20111013,53836.31,54751.06,53308.44,54601.07,0
BOVESPA,20111014,54602.89,55179.01,54447.23,55030.45,0
BOVESPA,20111017,55021.16,55021.16,53535.69,53911.33,0
BOVESPA,20111018,53915.13,55224.72,53188.37,55031.93,0
BOVESPA,20111019,55037.10,55244.27,54483.16,54966.13,0
BOVESPA,20111020,54953.11,54953.11,53609.97,54009.98,0
BOVESPA,20111021,54013.69,55504.42,54013.69,55255.23,0
BOVESPA,20111024,55259.40,57225.54,55259.40,56891.97,0
BOVESPA,20111025,56884.83,56884.83,55769.70,56285.99,0
BOVESPA,20111026,56305.69,57333.59,56248.61,57143.79,0
BOVESPA,20111027,57145.56,59901.47,57145.56,59270.13,0
BOVESPA,20111028,59270.13,59668.18,58759.83,59513.13,0
BOVESPA,20111031,59512.50,59512.50,58093.72,58338.39,0
BOVESPA,20111101,58300.30,58300.30,56099.28,57322.75,0
BOVESPA,20111103,57326.69,58481.04,57326.69,58196.30,0
BOVESPA,20111104,58185.82,58804.07,57546.52,58669.92,0
BOVESPA,20111107,58669.92,59440.49,58645.37,59198.77,0
BOVESPA,20111108,59205.10,59616.35,58505.05,59026.13,0
BOVESPA,20111109,59010.77,59010.77,57201.19,57549.74,0
BOVESPA,20111110,57560.97,58313.68,57294.17,57321.81,0
BOVESPA,20111111,57324.84,58747.00,57324.84,58546.97,0
BOVESPA,20111114,58538.76,58716.73,58013.24,58258.23,0
BOVESPA,20111116,58255.72,58877.13,57784.04,58559.99,0
BOVESPA,20111117,58549.51,58555.43,56663.29,56988.90,0
BOVESPA,20111118,56988.55,57477.15,56417.99,56731.34,0
BOVESPA,20111121,56721.91,56721.91,55504.98,56284.59,0
BOVESPA,20111122,56289.66,56570.18,55608.61,55878.44,0
BOVESPA,20111123,55878.64,55878.64,54812.93,54972.08,0
BOVESPA,20111124,54978.33,55519.29,54537.40,55279.88,0
BOVESPA,20111125,55270.66,55609.85,54741.62,54894.49,0
BOVESPA,20111128,54899.23,56443.93,54899.23,56017.35,0
BOVESPA,20111129,56027.74,56363.52,55299.76,55299.76,0
BOVESPA,20111130,55307.29,57591.90,55307.29,56874.98,0
BOVESPA,20111201,56876.07,58302.07,56876.07,58143.42,0
BOVESPA,20111202,58146.93,58979.52,57618.32,57885.85,0
BOVESPA,20111205,57893.71,59244.99,57893.71,58910.48,0
BOVESPA,20111206,58909.62,59575.99,58496.76,59536.16,0
BOVESPA,20111207,59533.69,59534.72,58580.92,58662.83,0
BOVESPA,20111208,58664.31,59216.53,57259.55,57455.02,0
BOVESPA,20111209,57455.42,58540.13,57455.42,58236.46,0
BOVESPA,20111212,58234.59,58234.87,56838.62,57346.86,0
BOVESPA,20111213,57355.43,58153.33,57333.08,57494.85,0
BOVESPA,20111214,57495.06,57495.06,56646.87,56646.87,0
BOVESPA,20111215,56646.87,57332.08,56232.01,56331.15,0
BOVESPA,20111216,56334.17,56823.04,56086.53,56096.93,0
BOVESPA,20111219,56100.14,56375.66,55298.33,55298.33,0
BOVESPA,20111220,55301.27,56864.85,55301.27,56864.85,0
BOVESPA,20111221,56864.83,56864.83,56046.18,56653.37,0
BOVESPA,20111222,56655.99,57459.24,56557.49,57347.87,0
BOVESPA,20111223,57347.87,57791.59,57347.87,57701.07,0
BOVESPA,20111226,57701.67,57856.10,57669.48,57669.48,0
BOVESPA,20111227,57665.91,58110.85,57610.75,58005.20,0
BOVESPA,20111228,58006.40,58010.14,56447.13,56533.76,0
BOVESPA,20111229,56533.76,56945.39,56312.62,56754.08,0
BOVESPA,20120102,56755.13,57993.40,56649.27,57829.27,0
BOVESPA,20120103,57835.75,59288.17,57835.75,59264.87,0
BOVESPA,20120104,59263.03,59518.98,58557.77,59364.95,0
BOVESPA,20120105,59353.52,59353.52,57962.51,58546.08,0
BOVESPA,20120106,58564.78,59260.95,58355.19,58600.37,0
BOVESPA,20120109,58601.23,59220.07,58598.70,59082.88,0
BOVESPA,20120110,59089.85,60111.75,59089.85,59805.96,0
BOVESPA,20120111,59798.62,60093.91,59422.64,59962.40,0
BOVESPA,20120112,59965.80,60503.93,59586.37,59920.78,0
BOVESPA,20120113,59917.89,59917.89,58874.06,59146.58,0
BOVESPA,20120116,59146.32,59981.82,59146.32,59956.46,0
BOVESPA,20120117,59961.04,60890.75,59961.04,60645.90,0
BOVESPA,20120118,60643.27,61722.86,60610.36,61722.86,0
BOVESPA,20120119,61726.31,62181.26,61565.51,61926.69,0
BOVESPA,20120120,61932.40,62312.13,61592.70,62312.13,0
BOVESPA,20120123,62311.63,62693.26,61908.47,62386.24,0
BOVESPA,20120124,62386.24,62535.83,61666.80,62486.22,0
BOVESPA,20120126,62486.22,63804.73,62485.21,62953.06,0
BOVESPA,20120127,62954.57,63263.32,62769.35,62904.20,0
BOVESPA,20120130,62901.79,62901.79,61989.10,62770.01,0
BOVESPA,20120131,62772.40,63393.65,62663.96,63072.31,0
BOVESPA,20120201,63085.06,64567.18,63085.06,64567.18,0
BOVESPA,20120202,64568.51,64854.70,64224.18,64593.10,0
BOVESPA,20120203,64588.66,65619.19,64136.58,65217.37,0
BOVESPA,20120206,65216.83,65229.12,64743.00,65223.72,0
BOVESPA,20120207,65213.10,65944.38,64800.64,65917.02,0
BOVESPA,20120208,65917.69,66383.21,65647.06,65831.16,0
BOVESPA,20120209,65831.23,66323.77,65188.89,65530.49,0
BOVESPA,20120210,65525.47,65525.47,63879.92,63997.86,0
BOVESPA,20120213,63998.62,65713.45,63998.62,65691.53,0
BOVESPA,20120214,65699.38,65855.22,64825.86,65038.53,0
BOVESPA,20120215,65041.18,66003.69,65041.18,65368.49,0
BOVESPA,20120216,65364.12,66161.38,64798.30,66141.70,0
BOVESPA,20120217,66158.46,66562.00,65823.37,66203.50,0
BOVESPA,20120222,66204.96,66290.89,65850.86,66092.77,0
BOVESPA,20120223,66084.23,66328.56,65589.51,65819.62,0
BOVESPA,20120224,65819.62,66335.22,65819.62,65942.73,0
BOVESPA,20120227,65938.01,65953.72,65067.72,65241.49,0
BOVESPA,20120228,65244.89,66152.37,65240.13,65958.78,0
BOVESPA,20120229,65970.33,66661.66,65532.78,65811.73,0
BOVESPA,20120301,65811.96,66930.56,65811.96,66809.80,0
BOVESPA,20120302,66810.11,67790.71,66810.11,67781.60,0
BOVESPA,20120305,67782.00,67782.00,66755.76,66964.03,0
BOVESPA,20120306,66962.06,66962.06,64892.29,65114.15,0
BOVESPA,20120307,65123.38,66052.86,65123.38,66016.76,0
BOVESPA,20120308,66032.15,67271.64,66032.15,66908.39,0
BOVESPA,20120309,66908.01,67419.34,66679.16,66703.96,0
BOVESPA,20120312,66686.53,66686.53,65965.01,66384.76,0
BOVESPA,20120313,66385.80,68419.61,66385.80,68394.33,0
BOVESPA,20120314,68386.26,68969.99,67797.25,68257.22,0
BOVESPA,20120315,68259.35,68259.35,67458.08,67749.49,0
BOVESPA,20120316,67749.49,68152.89,67504.68,67684.13,0
BOVESPA,20120319,67684.53,68159.36,67546.64,67730.31,0
BOVESPA,20120320,67724.88,67724.88,66704.16,67295.56,0
BOVESPA,20120321,67297.24,67436.27,66762.19,66860.05,0
BOVESPA,20120322,66860.05,66860.05,65534.25,65828.19,0
BOVESPA,20120323,65831.30,66252.81,65576.28,65812.95,0
BOVESPA,20120326,65817.72,66775.65,65817.72,66684.59,0
BOVESPA,20120327,66682.62,66967.92,65924.64,66037.35,0
BOVESPA,20120328,66031.90,66031.90,64819.41,65079.34,0
BOVESPA,20120329,65074.24,65074.24,64095.70,64871.99,0
BOVESPA,20120330,64875.21,65363.30,64245.36,64510.97,0
BOVESPA,20120402,64514.56,65593.15,64198.56,65216.25,0
BOVESPA,20120403,65217.73,65530.22,64015.27,64284.26,0
BOVESPA,20120404,64301.29,64301.29,63450.34,63528.65,0
BOVESPA,20120405,63518.32,64298.85,63383.54,63691.18,0
BOVESPA,20120409,63690.35,63690.35,62461.79,62923.21,0
BOVESPA,20120410,62922.45,62922.45,61343.91,61738.28,0
BOVESPA,20120411,61741.42,62356.08,61291.33,61293.14,0
BOVESPA,20120412,61300.03,63061.13,61300.03,63058.00,0
BOVESPA,20120413,63039.45,63039.45,61777.78,62105.60,0
BOVESPA,20120416,62119.82,62688.46,61465.28,61954.55,0
BOVESPA,20120417,61959.26,62961.35,61959.26,62698.87,0
BOVESPA,20120418,62695.82,63243.43,62429.43,63010.48,0
BOVESPA,20120419,63007.43,63274.30,62478.12,62618.41,0
BOVESPA,20120420,62620.49,63369.47,62430.75,62494.08,0
BOVESPA,20120423,62494.08,62494.08,60897.25,61539.38,0
BOVESPA,20120424,61536.70,62000.67,61380.23,61971.14,0
BOVESPA,20120425,61988.57,62440.57,61327.64,61750.38,0
BOVESPA,20120426,61750.38,62282.00,61032.82,62198.06,0
BOVESPA,20120427,62202.85,62486.15,61666.99,61691.21,0
BOVESPA,20120430,61691.11,61900.06,61230.61,61820.26,0
BOVESPA,20120502,61820.26,62502.33,61593.93,62423.56,0
BOVESPA,20120503,62426.66,62782.95,61731.09,62104.15,0
BOVESPA,20120504,62103.61,62166.92,60438.18,60820.93,0
BOVESPA,20120507,60801.88,61299.15,60391.00,61220.43,0
BOVESPA,20120508,61217.94,61217.94,59871.03,60365.48,0
BOVESPA,20120509,60345.76,60345.76,59198.99,59786.12,0
BOVESPA,20120510,59795.55,60751.68,59636.96,59702.05,0
BOVESPA,20120511,59702.62,60340.00,59138.44,59445.21,0
BOVESPA,20120514,59443.21,59443.21,57538.83,57539.61,0
BOVESPA,20120515,57539.61,58024.07,56144.55,56237.97,0
BOVESPA,20120516,56245.47,57693.21,55415.13,55887.57,0
BOVESPA,20120517,55886.30,56295.93,54038.20,54038.20,0
BOVESPA,20120518,54032.23,54913.65,53856.02,54513.16,0
BOVESPA,20120521,54515.71,56678.26,54515.71,56590.24,0
BOVESPA,20120522,56586.03,56586.03,54886.46,55038.75,0
BOVESPA,20120523,55038.75,55051.70,53028.11,54619.48,0
BOVESPA,20120524,54619.98,54819.95,53176.42,54063.00,0
BOVESPA,20120525,54061.68,54970.03,53846.85,54463.16,0
BOVESPA,20120528,54466.91,55608.56,54466.91,55212.69,0
BOVESPA,20120529,55213.60,55763.24,54554.22,54633.06,0
BOVESPA,20120530,54632.11,54632.11,53382.14,53797.91,0
BOVESPA,20120531,53804.77,54508.80,53089.51,54490.41,0
BOVESPA,20120601,54488.05,54488.05,53086.80,53402.90,0
BOVESPA,20120604,53407.54,53959.82,53367.46,53416.75,0
BOVESPA,20120605,53413.16,53917.35,52481.44,52481.44,0
BOVESPA,20120606,52486.29,54194.55,52486.29,54156.04,0
BOVESPA,20120608,54149.69,54432.00,53684.93,54429.85,0
BOVESPA,20120611,54434.12,55400.91,53904.50,54001.45,0
BOVESPA,20120612,54001.45,55049.03,53906.10,55049.03,0
BOVESPA,20120613,55041.48,55988.80,54523.49,55650.51,0
BOVESPA,20120614,55641.01,55768.92,54952.35,55351.67,0
BOVESPA,20120615,55349.45,56104.69,55202.78,56104.69,0
BOVESPA,20120618,56066.04,56578.65,55486.34,56195.21,0
BOVESPA,20120619,56210.07,57567.40,56210.07,57195.49,0
BOVESPA,20120620,57196.13,57611.46,56528.73,57166.55,0
BOVESPA,20120621,57162.02,57218.09,55505.17,55505.17,0
BOVESPA,20120622,55518.04,56019.35,55083.33,55439.50,0
BOVESPA,20120625,55405.71,55405.71,53745.09,53811.85,0
BOVESPA,20120626,53805.59,54193.25,53397.60,53836.57,0
BOVESPA,20120627,53837.07,54005.92,53083.76,53108.93,0
BOVESPA,20120628,53106.58,53305.99,52271.27,52652.25,0
BOVESPA,20120629,52656.26,54354.63,52656.26,54354.63,0
BOVESPA,20120702,54355.43,54753.84,53960.78,54692.79,0
BOVESPA,20120703,54703.51,56228.30,54703.51,55780.32,0
BOVESPA,20120704,55780.32,56322.19,55485.39,56076.82,0
BOVESPA,20120705,56083.48,56943.09,55828.18,56379.06,0
BOVESPA,20120706,56376.09,56376.09,54967.22,55394.05,0
BOVESPA,20120710,55392.42,55588.20,53667.73,53705.82,0
BOVESPA,20120711,53708.42,54135.48,53232.74,53569.14,0
BOVESPA,20120712,53563.56,53615.77,52489.08,53420.87,0
BOVESPA,20120713,53421.95,54427.51,53420.33,54330.51,0
BOVESPA,20120716,54315.89,54418.25,53215.81,53401.80,0
BOVESPA,20120717,53402.58,54037.28,53118.50,53909.47,0
BOVESPA,20120718,53908.82,54587.50,53551.46,54583.13,0
BOVESPA,20120719,54587.83,55490.84,54587.83,55346.65,0
BOVESPA,20120720,55337.37,55337.37,54137.60,54194.79,0
BOVESPA,20120723,54183.29,54183.29,52212.92,53033.96,0
BOVESPA,20120724,53037.82,53416.10,52399.02,52638.63,0
BOVESPA,20120725,52658.46,53232.62,52345.81,52607.54,0
BOVESPA,20120726,52638.42,54126.31,52638.42,54002.72,0
BOVESPA,20120727,54024.19,57046.30,54024.19,56553.12,0
BOVESPA,20120730,56550.61,57240.92,56089.96,57240.92,0
BOVESPA,20120731,57242.83,57465.94,56097.05,56097.05,0
BOVESPA,20120801,56091.30,56735.06,55424.79,56291.93,0
BOVESPA,20120802,56288.58,56288.58,55239.02,55520.40,0
BOVESPA,20120803,55523.58,57399.37,55523.58,57255.22,0
BOVESPA,20120806,57255.02,58995.91,56893.19,58344.61,0
BOVESPA,20120807,58342.84,59316.14,57678.65,57725.66,0
BOVESPA,20120808,57723.08,58963.63,57603.14,58950.98,0
BOVESPA,20120809,58949.78,59201.79,58115.01,58797.13,0
BOVESPA,20120810,58774.27,59365.43,58127.92,59280.93,0
BOVESPA,20120813,59280.83,59543.16,58600.68,59122.74,0
BOVESPA,20120814,59122.74,59605.11,57903.99,58082.92,0
BOVESPA,20120815,58082.92,58374.74,57630.11,58189.28,0
BOVESPA,20120816,58190.19,59543.61,58190.19,59445.79,0
BOVESPA,20120817,59443.15,59822.40,58943.89,59082.37,0
BOVESPA,20120820,59082.88,59462.33,58629.18,59283.09,0
BOVESPA,20120821,59297.60,60208.85,58684.16,58917.73,0
BOVESPA,20120822,58917.73,59584.60,58442.54,59380.76,0
BOVESPA,20120823,59381.56,59381.56,58145.43,58511.55,0
BOVESPA,20120824,58510.69,58750.42,57833.06,58425.76,0
BOVESPA,20120827,58424.36,58461.74,57852.74,58111.46,0
BOVESPA,20120828,58108.86,58745.24,57976.17,58406.40,0
BOVESPA,20120829,58413.68,58552.67,57060.95,57369.19,0
BOVESPA,20120830,57365.86,57507.82,56900.85,57256.43,0
BOVESPA,20120831,57257.43,57834.73,56719.36,57061.45,0
BOVESPA,20120903,57065.06,57456.87,56954.47,57281.45,0
BOVESPA,20120904,57272.08,57272.08,56202.50,56233.90,0
BOVESPA,20120905,56236.32,56904.02,56236.32,56863.91,0
BOVESPA,20120906,56868.20,58328.33,56868.20,58321.24,0
BOVESPA,20120910,58324.63,59420.96,58324.63,58404.10,0
BOVESPA,20120911,58404.68,59514.81,58404.08,59422.55,0
BOVESPA,20120912,59428.91,60135.78,59205.35,59921.80,0
BOVESPA,20120913,59920.71,62116.61,59629.04,61958.12,0
BOVESPA,20120914,61954.87,63428.28,61823.43,62105.47,0
BOVESPA,20120917,62105.75,62691.86,61551.85,61805.98,0
BOVESPA,20120918,61805.75,62131.76,61446.85,61804.33,0
BOVESPA,20120919,61806.12,62514.28,61518.90,61651.83,0
BOVESPA,20120920,61651.83,61908.39,60960.61,61687.97,0
BOVESPA,20120921,61694.81,62223.38,61300.05,61320.07,0
BOVESPA,20120924,61319.09,61931.64,61075.11,61909.99,0
BOVESPA,20120925,61913.20,61947.23,60357.18,60501.10,0
BOVESPA,20120926,60506.24,60506.24,59724.75,60478.05,0
BOVESPA,20120927,60482.86,60888.83,59876.33,60239.79,0
BOVESPA,20120928,60239.79,60239.79,58864.37,59175.86,0
BOVESPA,20121001,59171.24,60215.51,59171.24,59570.80,0
BOVESPA,20121002,59574.68,60090.61,59027.58,59222.08,0
BOVESPA,20121003,59222.08,59483.26,58541.87,58627.33,0
BOVESPA,20121004,58627.49,59002.07,58104.97,58458.00,0
BOVESPA,20121005,58460.25,59440.58,58414.42,58571.59,0
BOVESPA,20121008,58571.59,59317.85,58169.60,59317.15,0
BOVESPA,20121009,59318.84,59696.58,58615.57,58939.46,0
BOVESPA,20121010,58944.13,59319.88,58340.53,58456.28,0
BOVESPA,20121011,58460.02,59359.63,58460.02,59161.72,0
BOVESPA,20121015,59164.26,59757.71,58789.83,59601.71,0
BOVESPA,20121016,59602.21,60411.52,59484.16,59743.87,0
BOVESPA,20121017,59742.40,60397.85,59682.88,60087.29,0
BOVESPA,20121018,60087.38,60087.38,59321.52,59733.90,0
BOVESPA,20121019,59701.02,59846.13,58782.08,58922.04,0
BOVESPA,20121022,58924.81,59204.62,58540.97,58700.30,0
BOVESPA,20121023,58678.92,58678.92,57387.79,57690.24,0
BOVESPA,20121024,57685.63,57985.95,57158.65,57160.74,0
BOVESPA,20121025,57160.74,58273.55,57160.74,57836.78,0
BOVESPA,20121026,57833.44,57833.44,57060.99,57276.81,0
BOVESPA,20121029,57266.83,57266.83,56580.85,57176.58,0
BOVESPA,20121030,57178.08,57763.82,57178.08,57683.76,0
BOVESPA,20121031,57682.24,57935.41,56929.03,57068.18,0
BOVESPA,20121101,57065.39,58382.68,56959.94,58382.68,0
BOVESPA,20121105,58374.29,58374.29,57550.95,58209.76,0
BOVESPA,20121106,58220.49,59560.83,58173.63,59458.59,0
BOVESPA,20121107,59460.27,59460.27,58274.14,58517.35,0
BOVESPA,20121108,58522.69,59007.92,57420.19,57524.45,0
BOVESPA,20121109,57516.89,58108.93,56861.95,57357.71,0
BOVESPA,20121112,57357.90,57712.20,56987.62,57064.31,0
BOVESPA,20121113,57048.98,57529.42,56593.18,57486.07,0
BOVESPA,20121114,57472.27,57472.27,56038.37,56279.36,0
BOVESPA,20121116,56276.66,56276.66,55125.56,55402.33,0
BOVESPA,20121119,55387.40,56666.23,55387.40,56450.86,0
BOVESPA,20121121,56453.44,56789.16,55946.10,56242.12,0
BOVESPA,20121122,56245.41,56642.79,56242.49,56436.97,0
BOVESPA,20121123,56438.59,57574.03,56247.86,57574.03,0
BOVESPA,20121126,57177.69,57572.19,56501.67,56737.10,0
BOVESPA,20121127,56737.10,57419.83,56248.09,56248.09,0
BOVESPA,20121128,56205.84,56590.93,55685.72,56539.40,0
BOVESPA,20121129,56562.17,57852.53,56562.17,57852.53,0
BOVESPA,20121130,57845.08,58030.54,56704.10,57474.57,0
BOVESPA,20121203,57479.38,58332.48,57479.38,58202.35,0
BOVESPA,20121204,58211.51,58519.56,57546.53,57563.23,0
BOVESPA,20121205,57596.93,58126.86,57231.43,57678.62,0
BOVESPA,20121206,57684.76,57860.15,57128.67,57656.42,0
BOVESPA,20121207,57656.42,58594.03,57635.60,58487.32,0
BOVESPA,20121210,58467.91,59248.23,58090.95,59248.23,0
BOVESPA,20121211,59257.43,59746.87,58950.76,59623.34,0
BOVESPA,20121212,59625.54,59858.53,59290.68,59474.18,0
BOVESPA,20121213,59458.60,59968.66,59153.76,59316.75,0
BOVESPA,20121214,59319.83,59824.35,59272.85,59604.92,0
BOVESPA,20121217,59604.41,59914.09,59322.71,59566.52,0
BOVESPA,20121218,59568.29,60538.73,59565.27,60460.73,0
BOVESPA,20121219,60460.73,61212.33,60395.57,60998.34,0
BOVESPA,20121220,60991.87,61276.12,60621.68,61276.12,0
BOVESPA,20121221,61270.79,61270.79,60221.04,61007.03,0
BOVESPA,20121226,61002.73,61322.17,60860.95,60959.79,0
BOVESPA,20121227,60963.66,61191.26,60232.51,60415.95,0
BOVESPA,20121228,60415.95,61066.34,60415.95,60952.08,0
BOVESPA,20130102,60990.34,62886.96,60990.34,62550.10,0
BOVESPA,20130103,62555.04,63472.55,62341.48,63312.46,0
BOVESPA,20130104,63314.22,63314.22,62414.98,62523.06,0
BOVESPA,20130107,62523.06,62698.87,61639.34,61932.54,0
BOVESPA,20130108,61932.87,62264.99,61080.92,61127.84,0
BOVESPA,20130109,61128.79,61811.77,61102.69,61578.58,0
BOVESPA,20130110,61578.02,61947.20,61156.05,61678.31,0
BOVESPA,20130111,61661.87,61682.83,61198.00,61497.43,0
BOVESPA,20130114,61511.35,62284.76,61511.35,62080.79,0
BOVESPA,20130115,62078.96,62151.36,61694.62,61727.61,0
BOVESPA,20130116,61725.63,61787.35,61241.06,61787.35,0
BOVESPA,20130117,61806.18,62309.42,61683.11,62194.06,0
BOVESPA,20130118,62196.86,62395.20,61822.46,61956.14,0
BOVESPA,20130121,61962.34,62051.78,61804.24,61899.71,0
BOVESPA,20130122,61904.35,61995.23,61534.06,61692.29,0
BOVESPA,20130123,61692.29,61969.36,61542.52,61966.26,0
BOVESPA,20130124,61965.59,62249.42,60838.29,61169.83,0
BOVESPA,20130128,61177.74,61312.86,59921.35,60027.07,0
BOVESPA,20130129,60027.00,60427.64,59757.70,60406.33,0
BOVESPA,20130130,60404.64,60404.64,59305.44,59336.70,0
BOVESPA,20130131,59344.44,59771.23,59114.02,59761.49,0
BOVESPA,20130201,59764.49,60496.05,59742.40,60351.16,0
BOVESPA,20130204,60350.37,60350.37,59256.01,59575.66,0
BOVESPA,20130205,59575.66,59974.37,59132.34,59444.97,0
BOVESPA,20130206,59441.63,59582.09,58587.81,58951.07,0
BOVESPA,20130207,58936.31,59435.43,58115.51,58372.46,0
BOVESPA,20130208,58374.10,58638.39,58024.56,58497.83,0
BOVESPA,20130213,58494.50,58754.45,58251.89,58405.74,0
BOVESPA,20130214,58405.74,58405.74,57750.70,58077.31,0
BOVESPA,20130215,58075.64,58352.45,57801.67,57903.30,0
BOVESPA,20130218,57905.69,57929.12,57420.30,57613.90,0
BOVESPA,20130219,57619.38,58060.89,57233.95,57314.40,0
BOVESPA,20130220,57312.46,57568.89,56034.29,56177.60,0
BOVESPA,20130221,56152.66,56227.24,55430.26,56154.68,0
BOVESPA,20130222,56158.58,56742.25,56106.88,56697.06,0
BOVESPA,20130225,56697.56,57157.14,56418.75,56617.56,0
BOVESPA,20130226,56616.07,57007.27,56047.16,56948.87,0
BOVESPA,20130227,56948.35,57402.28,56684.50,57273.88,0
BOVESPA,20130228,57273.10,57798.48,56925.18,57424.29,0
BOVESPA,20130301,57422.21,57422.21,56525.66,56883.99,0
BOVESPA,20130304,56877.80,56877.80,56067.07,56499.17,0
BOVESPA,20130305,56508.07,57226.86,55950.73,55950.73,0
BOVESPA,20130306,55953.35,58149.84,55953.35,57940.14,0
BOVESPA,20130307,57939.66,59472.49,57939.66,58846.81,0
BOVESPA,20130308,58841.63,59031.27,58128.87,58432.75,0
BOVESPA,20130311,58440.49,58546.69,57800.36,58544.79,0
BOVESPA,20130312,58542.43,58709.47,58112.59,58208.61,0
BOVESPA,20130313,58204.14,58410.67,57285.74,57385.90,0
BOVESPA,20130314,57385.56,57850.20,56722.47,57281.02,0
BOVESPA,20130315,57274.83,57532.36,56805.27,56869.28,0
BOVESPA,20130318,56868.76,57151.85,56139.18,56972.96,0
BOVESPA,20130319,56972.96,57037.99,56099.90,56361.24,0
BOVESPA,20130320,56360.72,56396.16,55831.35,56030.03,0
BOVESPA,20130321,56025.39,56043.70,55382.45,55576.67,0
BOVESPA,20130322,55576.67,55893.25,55097.97,55243.40,0
BOVESPA,20130325,55250.06,55450.26,54647.97,54873.12,0
BOVESPA,20130326,54878.68,55763.34,54878.68,55671.39,0
BOVESPA,20130327,55670.35,56177.85,55129.57,56034.29,0
BOVESPA,20130328,56035.45,56373.70,55873.53,56352.09,0
BOVESPA,20130401,56348.07,56348.07,55896.60,55902.18,0
BOVESPA,20130402,55900.63,56257.34,54809.26,54889.10,0
BOVESPA,20130403,54888.22,55573.80,54739.72,55562.74,0
BOVESPA,20130404,55562.74,55579.41,54432.05,54648.15,0
BOVESPA,20130405,54646.07,55226.74,53794.47,55050.60,0
BOVESPA,20130408,55048.75,55136.34,54333.30,55092.31,0
BOVESPA,20130409,55100.83,56304.60,55100.83,55912.04,0
BOVESPA,20130410,55913.41,56975.82,55913.41,56186.56,0
BOVESPA,20130411,56189.83,56283.65,55173.52,55400.91,0
BOVESPA,20130412,55398.42,55530.62,54458.10,54962.65,0
BOVESPA,20130415,54951.90,54951.90,52949.93,52949.93,0
BOVESPA,20130416,52952.86,54095.06,52952.86,53990.83,0
BOVESPA,20130417,53984.01,53984.01,52540.44,52881.96,0
BOVESPA,20130418,52886.60,53473.82,52391.52,53165.91,0
BOVESPA,20130419,53168.92,54017.87,53168.92,53939.13,0
BOVESPA,20130422,53926.50,54297.97,53419.90,54297.73,0
BOVESPA,20130423,54301.03,55282.00,54164.91,54884.75,0
BOVESPA,20130424,54875.06,55546.48,54722.56,54984.23,0
BOVESPA,20130425,54989.18,55543.92,54792.00,54963.32,0
BOVESPA,20130426,54963.32,55033.92,54146.57,54252.04,0
BOVESPA,20130429,54253.72,55335.83,54253.72,54887.25,0
BOVESPA,20130430,54888.27,55910.37,54584.95,55910.37,0
BOVESPA,20130502,55918.73,55918.73,55103.93,55321.93,0
BOVESPA,20130503,55329.51,56366.29,55329.51,55488.08,0
BOVESPA,20130506,55487.90,55541.73,54651.57,55429.88,0
BOVESPA,20130507,55428.83,56450.43,55206.72,56274.66,0
BOVESPA,20130508,56280.83,56813.65,55804.80,55804.80,0
BOVESPA,20130509,55804.80,56071.93,54905.26,55447.56,0
BOVESPA,20130510,55445.64,55445.64,54831.69,55107.80,0
BOVESPA,20130513,55105.81,55105.81,54388.81,54447.77,0
BOVESPA,20130514,54442.45,55029.81,54326.92,54666.82,0
BOVESPA,20130515,54667.90,55215.64,54487.57,54936.41,0
BOVESPA,20130516,54943.26,55538.62,54592.32,54772.62,0
BOVESPA,20130517,54779.57,55489.38,54779.57,55164.27,0
BOVESPA,20130520,55161.95,55704.57,54630.26,55700.77,0
BOVESPA,20130521,55698.55,56265.32,55378.89,56265.32,0
BOVESPA,20130522,56268.62,57098.62,56036.99,56429.27,0
BOVESPA,20130523,56423.39,56423.39,55379.26,56349.91,0
BOVESPA,20130524,56349.91,56506.04,55901.06,56406.21,0
BOVESPA,20130527,56414.73,56562.35,56352.61,56395.94,0
BOVESPA,20130528,56399.27,56978.67,56008.52,56036.26,0
BOVESPA,20130529,56032.13,56032.13,54634.69,54634.69,0
BOVESPA,20130531,54632.53,54775.79,52942.22,53506.08,0
BOVESPA,20130603,53512.25,53993.32,53143.42,53944.36,0
BOVESPA,20130604,53944.36,54289.07,53497.96,54017.90,0
BOVESPA,20130605,54019.42,54206.54,52773.96,52798.63,0
BOVESPA,20130606,52813.29,52937.07,52244.10,52884.83,0
BOVESPA,20130607,52876.77,52876.77,51427.73,51618.63,0
BOVESPA,20130610,51618.63,51835.51,51159.85,51316.65,0
BOVESPA,20130611,51314.33,51314.33,49708.50,49769.93,0
BOVESPA,20130612,49777.40,50380.13,48746.14,49180.58,0
BOVESPA,20130613,49178.71,50444.11,48968.03,50414.89,0
BOVESPA,20130614,50415.23,50655.93,49329.71,49332.34,0
BOVESPA,20130617,49336.66,50123.30,49074.42,49088.65,0
BOVESPA,20130618,49088.98,49550.32,48414.03,49464.94,0
BOVESPA,20130619,49456.96,49698.20,47838.39,47893.06,0
BOVESPA,20130620,47884.37,48214.43,45929.82,48214.43,0
BOVESPA,20130621,48209.44,48209.44,46917.82,47056.04,0
BOVESPA,20130624,47038.97,47038.97,45405.94,45965.05,0
BOVESPA,20130625,45966.75,47119.15,45966.75,46893.04,0
BOVESPA,20130626,46903.29,47725.03,46903.29,47171.98,0
BOVESPA,20130627,47171.98,48053.15,47134.88,47609.46,0
BOVESPA,20130628,47609.02,47638.60,47058.94,47457.13,0
BOVESPA,20130701,47457.90,47674.01,46675.95,47229.59,0
BOVESPA,20130702,47221.61,47221.61,44818.64,45228.95,0
BOVESPA,20130703,45227.18,45826.80,44552.00,45044.03,0
BOVESPA,20130704,45046.24,46097.03,45046.24,45763.16,0
BOVESPA,20130705,45756.93,45756.93,44107.06,45210.49,0
BOVESPA,20130708,45211.42,45740.37,44838.92,45075.50,0
BOVESPA,20130710,45081.76,45955.32,45081.76,45483.43,0
BOVESPA,20130711,45493.56,46719.05,45493.56,46626.26,0
BOVESPA,20130712,46624.21,46624.21,45528.67,45533.24,0
BOVESPA,20130715,45533.24,46839.90,45533.24,46738.90,0
BOVESPA,20130716,46748.92,47329.70,46416.78,46869.29,0
BOVESPA,20130717,46869.29,47710.10,46869.29,47407.31,0
BOVESPA,20130718,47404.42,48056.89,47092.82,47656.92,0
BOVESPA,20130719,47650.26,47650.26,47163.00,47400.23,0
BOVESPA,20130722,47407.17,48879.39,47407.17,48574.09,0
BOVESPA,20130723,48579.49,49379.07,48579.49,48819.52,0
BOVESPA,20130724,48815.55,48887.73,47998.92,48374.23,0
BOVESPA,20130725,48371.68,49122.81,48006.85,49066.75,0
BOVESPA,20130726,49068.08,49422.10,48632.72,49422.05,0
BOVESPA,20130729,49414.43,49461.16,48975.24,49212.33,0
BOVESPA,20130730,49220.23,49669.15,48560.28,48561.78,0
BOVESPA,20130731,48558.25,48823.70,48139.64,48234.49,0
BOVESPA,20130801,48235.00,49281.33,48235.00,49140.78,0
BOVESPA,20130802,49140.78,49549.87,48448.30,48474.04,0
BOVESPA,20130805,48477.42,48707.32,48263.85,48436.44,0
BOVESPA,20130806,48436.44,48522.48,47224.79,47421.85,0
BOVESPA,20130807,47421.73,47665.37,47164.25,47446.71,0
BOVESPA,20130808,47452.88,49230.41,47452.88,48928.82,0
BOVESPA,20130809,48948.82,50000.50,48835.74,49874.90,0
BOVESPA,20130812,49878.26,51380.23,49878.26,50299.49,0
BOVESPA,20130813,50298.84,50733.89,50040.34,50600.55,0
BOVESPA,20130814,50593.66,51364.06,50414.08,50895.92,0
BOVESPA,20130815,50880.05,51452.85,50049.53,50908.34,0
BOVESPA,20130816,50906.33,51554.77,50800.13,51538.78,0
BOVESPA,20130819,51540.00,52089.26,51115.35,51574.09,0
BOVESPA,20130820,51561.17,51561.17,50498.82,50507.02,0
BOVESPA,20130821,50500.85,51170.94,50055.36,50405.20,0
BOVESPA,20130822,50408.11,51458.19,50408.11,51397.66,0
BOVESPA,20130823,51400.79,52197.06,51166.27,52197.06,0
BOVESPA,20130826,52199.97,52398.44,51429.48,51429.48,0
BOVESPA,20130827,51425.00,51425.00,50017.93,50091.55,0
BOVESPA,20130828,50091.55,50591.03,49530.29,49866.92,0
BOVESPA,20130829,49866.92,50557.90,49845.00,49921.88,0
BOVESPA,20130830,49932.22,50480.08,49648.91,50008.38,0
BOVESPA,20130902,50012.33,51976.44,50012.33,51835.15,0
BOVESPA,20130903,51833.25,52289.16,51422.03,51625.50,0
BOVESPA,20130904,51621.39,51829.52,51107.58,51716.16,0
BOVESPA,20130905,51715.30,52498.24,51255.52,52351.86,0
BOVESPA,20130906,52353.88,54124.87,52353.88,53749.42,0
BOVESPA,20130909,53751.60,54531.11,53257.16,54251.85,0
BOVESPA,20130910,54252.26,54739.92,53769.25,53979.03,0
BOVESPA,20130911,53982.47,54303.81,53307.40,53570.46,0
BOVESPA,20130912,53570.46,53838.99,52945.21,53307.09,0
BOVESPA,20130913,53311.05,53858.68,52917.36,53797.51,0
BOVESPA,20130916,53799.17,54462.78,53559.49,53821.63,0
BOVESPA,20130917,53823.40,54271.25,53576.06,54271.25,0
BOVESPA,20130918,54272.50,55827.16,53981.55,55702.90,0
BOVESPA,20130919,55702.61,55900.01,54965.85,55095.69,0
BOVESPA,20130920,55095.27,55242.53,54018.51,54110.03,0
BOVESPA,20130923,54110.03,54682.51,54026.79,54602.38,0
BOVESPA,20130924,54600.34,54818.37,54163.92,54431.05,0
BOVESPA,20130925,54425.47,54611.87,53967.94,54261.11,0
BOVESPA,20130926,54262.84,54344.01,53428.74,53782.97,0
BOVESPA,20130927,53780.99,54131.01,53611.24,53738.92,0
BOVESPA,20130930,53736.75,53736.75,52290.93,52338.19,0
BOVESPA,20131001,52337.32,53179.46,52093.15,53179.46,0
BOVESPA,20131002,53176.01,53473.88,52870.80,53100.18,0
BOVESPA,20131003,53101.05,53429.11,52296.25,52489.86,0
BOVESPA,20131004,52488.87,52871.88,52113.32,52848.97,0
BOVESPA,20131007,52841.20,52912.03,52273.90,52417.10,0
BOVESPA,20131008,52413.38,52555.87,51870.33,52312.44,0
BOVESPA,20131009,52312.85,52835.62,51955.38,52547.71,0
BOVESPA,20131010,52550.42,53132.78,52511.74,52996.64,0
BOVESPA,20131011,52999.89,53301.17,52738.72,53149.62,0
BOVESPA,20131014,53149.62,54196.88,52833.13,54170.60,0
BOVESPA,20131015,54175.55,55190.11,54053.24,54980.64,0
BOVESPA,20131016,54983.18,56747.03,54901.83,55973.03,0
BOVESPA,20131017,55965.87,56167.76,55145.98,55358.13,0
BOVESPA,20131018,55359.99,56052.46,55003.77,55378.46,0
BOVESPA,20131021,55380.32,56109.15,55256.84,56077.43,0
BOVESPA,20131022,56074.18,56720.21,55897.80,56460.38,0
BOVESPA,20131023,56458.88,56458.88,55379.85,55440.03,0
BOVESPA,20131024,55440.03,55864.10,54442.62,54877.15,0
BOVESPA,20131025,54863.43,54910.86,54141.40,54154.15,0
BOVESPA,20131028,54156.36,55076.06,54070.48,55073.37,0
BOVESPA,20131029,55075.80,55266.83,54223.63,54538.80,0
BOVESPA,20131030,54540.57,54764.15,53917.28,54172.82,0
BOVESPA,20131031,54174.11,54466.49,53602.45,54256.20,0
BOVESPA,20131101,54255.03,54387.33,53752.67,54013.24,0
BOVESPA,20131104,54014.21,54531.03,54008.39,54436.92,0
BOVESPA,20131105,54435.62,54538.63,53730.82,53831.85,0
BOVESPA,20131106,53839.76,53856.75,53073.47,53384.60,0
BOVESPA,20131107,53390.36,53890.99,52558.39,52740.79,0
BOVESPA,20131108,52738.90,52867.92,51735.25,52248.86,0
BOVESPA,20131111,52246.97,52645.52,52072.18,52623.87,0
BOVESPA,20131112,52624.45,52811.40,51635.66,51804.33,0
BOVESPA,20131113,51804.33,52271.39,51290.28,52230.29,0
BOVESPA,20131114,52232.73,53566.32,52232.73,53451.60,0
BOVESPA,20131118,53451.60,54317.16,53451.60,54307.04,0
BOVESPA,20131119,54303.64,54303.64,52831.06,53032.91,0
BOVESPA,20131121,53026.58,53026.58,52190.27,52688.02,0
BOVESPA,20131122,52685.61,53221.40,52095.78,52800.74,0
BOVESPA,20131125,52807.05,52995.10,52115.83,52263.51,0
BOVESPA,20131126,52258.64,52410.49,51433.29,51446.91,0
BOVESPA,20131127,51447.68,52112.99,51447.68,51861.21,0
BOVESPA,20131128,51861.51,52458.01,51696.89,51846.83,0
BOVESPA,20131129,51846.83,52482.49,51846.83,52482.49,0
BOVESPA,20131202,52479.11,52479.11,51244.87,51244.87,0
BOVESPA,20131203,51239.59,51257.25,50223.54,50348.89,0
BOVESPA,20131204,50358.89,50744.43,50113.76,50215.79,0
BOVESPA,20131205,50220.17,51123.76,50220.17,50787.63,0
BOVESPA,20131206,50787.63,51364.94,50609.96,50944.27,0
BOVESPA,20131209,50942.39,51298.21,50832.11,51165.38,0
BOVESPA,20131210,51166.59,51334.25,50955.66,50993.02,0
BOVESPA,20131211,50990.62,51038.59,50067.99,50067.99,0
BOVESPA,20131212,50076.84,50331.27,49842.31,50121.61,0
BOVESPA,20131213,50133.03,50518.64,50006.11,50051.18,0
BOVESPA,20131216,50048.67,50611.49,50048.67,50279.61,0
BOVESPA,20131217,50279.25,50563.21,50049.08,50090.35,0
BOVESPA,20131218,50110.39,50869.31,50110.39,50563.43,0
BOVESPA,20131219,50577.86,51633.43,50577.86,51633.43,0
BOVESPA,20131220,51619.60,51640.98,51024.65,51185.74,0
BOVESPA,20131223,51187.57,51604.98,51187.57,51356.10,0
BOVESPA,20131226,51357.99,51609.85,51184.96,51221.01,0
BOVESPA,20131227,51239.46,51395.28,51207.00,51266.56,0
BOVESPA,20131230,51274.46,51995.79,51274.46,51507.16,0
BOVESPA,20140102,51522.19,51656.14,50246.30,50341.25,0
BOVESPA,20140103,50348.27,50981.09,50268.72,50981.09,0
BOVESPA,20140106,50980.15,51002.29,50451.42,50973.62,0
BOVESPA,20140107,50981.58,51477.81,50429.14,50430.02,0
BOVESPA,20140108,50431.23,50792.61,50423.58,50576.64,0
BOVESPA,20140109,50575.78,50575.78,49258.63,49321.68,0
BOVESPA,20140110,49321.68,50145.37,49267.26,49696.45,0
BOVESPA,20140113,49708.29,50003.23,49308.77,49426.90,0
BOVESPA,20140114,49421.07,49833.53,49263.11,49703.10,0
BOVESPA,20140115,49714.97,50229.75,49714.97,50105.37,0
BOVESPA,20140116,50106.34,50577.38,49628.01,49696.28,0
BOVESPA,20140117,49696.28,49868.22,49174.03,49181.86,0
BOVESPA,20140120,49180.62,49292.20,48673.05,48708.41,0
BOVESPA,20140121,48728.20,49123.53,48440.05,48542.07,0
BOVESPA,20140122,48542.99,49487.04,48542.99,49299.66,0
BOVESPA,20140123,49293.58,49598.35,48320.64,48320.64,0
BOVESPA,20140124,48325.32,48327.15,47493.97,47787.38,0
BOVESPA,20140127,47781.54,48146.88,47492.69,47701.05,0
BOVESPA,20140128,47749.85,48487.51,47749.85,47840.93,0
BOVESPA,20140129,47839.04,47884.07,47153.97,47556.78,0
BOVESPA,20140130,47553.80,48034.03,47114.73,47244.26,0
BOVESPA,20140131,47233.71,47652.37,46813.69,47638.99,0
BOVESPA,20140203,47622.76,47622.76,46109.45,46147.52,0
BOVESPA,20140204,46147.52,47131.61,46145.89,46964.22,0
BOVESPA,20140205,46964.22,47148.43,46224.19,46624.39,0
BOVESPA,20140206,46632.17,48033.74,46632.17,47738.09,0
BOVESPA,20140207,47739.46,48253.16,47556.95,48073.60,0
BOVESPA,20140210,48070.25,48135.89,47464.56,47710.82,0
BOVESPA,20140211,47715.35,48603.74,47588.97,48462.79,0
BOVESPA,20140212,48467.19,48669.22,48044.39,48216.89,0
BOVESPA,20140213,48211.04,48211.04,47128.98,47812.83,0
BOVESPA,20140214,47815.64,48313.77,47756.18,48201.11,0
BOVESPA,20140217,48199.79,48297.85,47540.26,47576.33,0
BOVESPA,20140218,47575.30,47712.25,46599.76,46599.76,0
BOVESPA,20140219,46597.40,47155.22,46133.66,47150.83,0
BOVESPA,20140220,47126.94,47600.35,46634.22,47288.61,0
BOVESPA,20140221,47289.79,47815.61,47075.28,47380.24,0
BOVESPA,20140224,47375.76,47538.55,46991.26,47393.50,0
BOVESPA,20140225,47388.11,47388.11,46613.59,46715.91,0
BOVESPA,20140226,46717.53,47009.89,46402.96,46599.21,0
BOVESPA,20140227,46621.81,47781.38,46621.81,47606.75,0
BOVESPA,20140228,47613.49,47813.10,47043.47,47094.40,0
BOVESPA,20140305,47092.24,47153.51,46472.87,46589.00,0
BOVESPA,20140306,46591.90,47400.49,46501.58,47093.13,0
BOVESPA,20140307,47093.13,47218.16,46086.17,46244.07,0
BOVESPA,20140310,46241.82,46241.82,45203.49,45533.20,0
BOVESPA,20140311,45533.20,46049.65,45401.10,45697.62,0
BOVESPA,20140312,45686.97,45915.56,45507.87,45861.81,0
BOVESPA,20140313,45863.88,46176.34,45250.32,45443.83,0
BOVESPA,20140314,45444.32,45561.67,44904.83,44965.66,0
BOVESPA,20140317,44978.98,45498.67,44968.66,45117.80,0
BOVESPA,20140318,45115.44,46217.33,45074.72,46150.96,0
BOVESPA,20140319,46152.99,46803.23,45909.96,46567.23,0
BOVESPA,20140320,46565.15,47484.02,46150.51,47278.48,0
BOVESPA,20140321,47272.00,47831.73,46720.98,47380.94,0
BOVESPA,20140324,47381.98,48141.79,47381.98,47993.42,0
BOVESPA,20140325,47993.42,48440.70,47949.92,48180.14,0
BOVESPA,20140326,48181.86,48725.06,47963.01,47965.61,0
BOVESPA,20140327,47964.65,49646.79,47962.03,49646.79,0
BOVESPA,20140328,49653.28,50180.53,49606.04,49768.06,0
BOVESPA,20140331,49769.69,50417.58,49769.69,50414.92,0
BOVESPA,20140401,50412.05,50626.86,49773.62,50270.37,0
BOVESPA,20140402,50273.11,51794.21,50200.86,51701.05,0
BOVESPA,20140403,51711.81,51990.84,51059.14,51408.21,0
BOVESPA,20140404,51428.33,52288.24,51034.40,51081.78,0
BOVESPA,20140407,51115.31,52228.69,51115.31,52155.28,0
BOVESPA,20140408,52173.00,53393.57,51377.19,51629.07,0
BOVESPA,20140409,51628.57,51628.57,50652.82,51185.40,0
BOVESPA,20140410,51185.40,51522.00,50732.13,51127.48,0
BOVESPA,20140411,51127.48,51870.75,50517.86,51867.29,0
BOVESPA,20140414,51867.15,52110.10,51361.27,51596.55,0
BOVESPA,20140415,51593.24,51593.24,49890.16,50454.35,0
BOVESPA,20140416,50469.16,51288.03,50469.16,51200.56,0
BOVESPA,20140417,51200.69,52338.07,50886.75,52111.85,0
BOVESPA,20140422,52112.30,52460.08,51681.90,51976.86,0
BOVESPA,20140423,51974.51,51974.51,51399.88,51569.69,0
BOVESPA,20140424,51569.69,51963.17,51237.58,51817.45,0
BOVESPA,20140425,51817.04,51817.04,51019.33,51399.35,0
BOVESPA,20140428,51396.82,51471.48,50776.61,51383.68,0
BOVESPA,20140429,51386.17,52415.86,51386.17,51838.61,0
BOVESPA,20140430,51837.56,51837.56,51250.61,51626.69,0
BOVESPA,20140502,51630.28,53060.11,51628.19,52980.31,0
BOVESPA,20140505,52988.81,53505.90,52931.22,53446.17,0
BOVESPA,20140506,53446.17,53985.95,53093.52,53779.74,0
BOVESPA,20140507,53786.09,54225.85,53498.81,54052.74,0
BOVESPA,20140508,54052.63,54249.42,53222.35,53422.37,0
BOVESPA,20140509,53422.45,53639.20,53056.62,53100.34,0
BOVESPA,20140512,53102.68,54053.22,53102.68,54052.90,0
BOVESPA,20140513,54056.45,54242.98,53730.94,53907.46,0
BOVESPA,20140514,53913.33,54459.39,53866.76,54412.54,0
BOVESPA,20140515,54403.66,54403.66,53565.32,53855.54,0
BOVESPA,20140516,53855.54,54382.28,53708.83,53975.76,0
BOVESPA,20140519,53975.51,53991.22,53266.63,53353.10,0
BOVESPA,20140520,53352.60,53842.56,52312.54,52366.19,0
BOVESPA,20140521,52366.43,52875.42,52203.37,52203.37,0
BOVESPA,20140522,52205.81,52850.55,52132.77,52806.22,0
BOVESPA,20140523,52807.48,52935.97,52403.14,52626.41,0
BOVESPA,20140526,52649.77,53044.35,52649.77,52932.91,0
BOVESPA,20140527,52931.62,53309.39,52079.19,52172.36,0
BOVESPA,20140528,52173.98,52858.31,52009.35,52639.75,0
BOVESPA,20140529,52649.31,52889.29,52031.29,52239.34,0
BOVESPA,20140530,52233.42,52233.42,51239.34,51239.34,0
BOVESPA,20140602,51239.34,51878.79,51239.34,51605.83,0
BOVESPA,20140603,51605.83,52032.38,51377.36,52032.38,0
BOVESPA,20140604,52032.38,52032.38,51608.67,51832.98,0
BOVESPA,20140605,51832.98,52245.35,51469.82,51558.79,0
BOVESPA,20140606,51561.80,53174.80,51561.80,53128.66,0
BOVESPA,20140609,53128.72,54462.43,53091.17,54273.16,0
BOVESPA,20140610,54273.08,54604.34,53959.52,54604.34,0
BOVESPA,20140611,54676.49,55283.71,54676.49,55102.44,0
BOVESPA,20140613,55102.23,55104.18,54648.67,54806.64,0
BOVESPA,20140616,54806.64,54854.81,54474.66,54629.55,0
BOVESPA,20140617,54629.83,54638.01,54150.11,54299.95,0
BOVESPA,20140618,54300.97,55202.54,54046.42,55202.54,0
BOVESPA,20140620,55191.99,55191.99,54540.17,54638.19,0
BOVESPA,20140623,54636.62,54724.33,54097.06,54210.05,0
BOVESPA,20140624,54194.33,55002.46,54093.89,54280.78,0
BOVESPA,20140625,54280.78,54392.68,53362.56,53425.74,0
BOVESPA,20140626,53426.69,53790.15,53331.32,53506.75,0
BOVESPA,20140627,53506.71,53614.40,52918.65,53157.30,0
BOVESPA,20140630,53158.48,53311.04,52709.38,53168.22,0
BOVESPA,20140701,53170.46,53697.76,52886.78,53171.49,0
BOVESPA,20140702,53170.90,53244.84,52734.67,53028.78,0
BOVESPA,20140703,53028.78,53877.08,52759.60,53874.58,0
BOVESPA,20140704,53892.85,54086.56,53703.70,54055.90,0
BOVESPA,20140707,54041.71,54041.71,53376.06,53801.83,0
BOVESPA,20140708,53813.86,53905.12,53459.46,53634.69,0
BOVESPA,20140710,53642.99,54599.50,53642.99,54592.75,0
BOVESPA,20140711,54592.75,54952.45,54319.78,54785.93,0
BOVESPA,20140714,54785.97,55896.00,54785.97,55743.98,0
BOVESPA,20140715,55742.19,56106.53,55629.07,55973.61,0
BOVESPA,20140716,55973.47,56331.99,55573.09,55717.36,0
BOVESPA,20140717,55711.60,56190.12,55237.04,55637.51,0
BOVESPA,20140718,55638.90,57483.80,55638.90,57012.90,0
BOVESPA,20140721,57013.91,57756.10,56864.15,57633.92,0
BOVESPA,20140722,57635.77,58138.03,57500.09,57983.32,0
BOVESPA,20140723,57982.73,57982.73,57141.89,57419.96,0
BOVESPA,20140724,57420.23,58122.03,57357.06,57977.56,0
BOVESPA,20140725,57977.56,58069.20,57648.42,57821.08,0
BOVESPA,20140728,57823.15,58040.46,57414.51,57695.72,0
BOVESPA,20140729,57697.44,58013.45,57082.90,57118.81,0
BOVESPA,20140730,57118.67,57439.06,56705.96,56877.97,0
BOVESPA,20140731,56877.89,56877.89,55502.21,55829.41,0
BOVESPA,20140801,55827.37,56058.64,55266.87,55902.87,0
BOVESPA,20140804,55906.45,56620.27,55585.52,56616.33,0
BOVESPA,20140805,56621.07,56937.41,56063.55,56202.10,0
BOVESPA,20140806,56201.64,56797.17,55695.59,56487.18,0
BOVESPA,20140807,56487.18,56922.92,55985.49,56188.05,0
BOVESPA,20140808,56186.89,56186.89,55319.36,55572.93,0
BOVESPA,20140811,55578.04,56657.15,55578.04,56613.32,0
BOVESPA,20140812,56613.17,56811.11,56312.08,56442.34,0
BOVESPA,20140813,56454.17,56736.04,55238.61,55581.19,0
BOVESPA,20140814,55557.50,55946.54,55436.88,55780.41,0
BOVESPA,20140815,55783.18,56965.35,55783.18,56963.65,0
BOVESPA,20140818,56968.35,57664.90,56968.35,57560.72,0
BOVESPA,20140819,57561.23,58474.93,57370.97,58449.29,0
BOVESPA,20140820,58449.92,59010.08,58320.02,58878.24,0
BOVESPA,20140821,58878.24,59207.06,58558.19,58992.11,0
BOVESPA,20140822,58991.72,58991.72,58164.22,58407.32,0
BOVESPA,20140825,58407.85,59742.65,58407.85,59735.17,0
BOVESPA,20140826,59735.17,60092.95,59522.40,59821.45,0
BOVESPA,20140827,59821.81,61246.67,59821.81,60950.57,0
BOVESPA,20140828,60945.24,60980.10,60188.78,60290.87,0
BOVESPA,20140829,60291.37,61442.93,60272.51,61288.15,0
BOVESPA,20140901,61294.48,62279.27,61141.27,61141.27,0
BOVESPA,20140902,61141.50,62231.23,60930.48,61895.98,0
BOVESPA,20140903,61899.83,62304.88,61198.91,61837.04,0
BOVESPA,20140904,61836.36,61836.36,60739.25,60800.02,0
BOVESPA,20140905,60800.26,61029.65,60243.71,60681.98,0
BOVESPA,20140908,60708.13,61512.60,59191.34,59192.75,0
BOVESPA,20140909,59157.79,59484.88,58306.19,58676.34,0
BOVESPA,20140910,58674.60,58674.60,57449.62,58198.66,0
BOVESPA,20140911,58202.26,58808.63,58112.43,58337.29,0
BOVESPA,20140912,58336.31,58336.31,56666.42,56927.81,0
BOVESPA,20140915,56929.91,57948.76,56851.71,57948.76,0
BOVESPA,20140916,57948.76,60242.79,57946.15,59114.66,0
BOVESPA,20140917,59115.30,60024.60,59095.71,59108.19,0
BOVESPA,20140918,59107.69,59266.72,58118.28,58374.48,0
BOVESPA,20140919,58355.90,58516.35,57513.84,57788.70,0
BOVESPA,20140922,57787.94,57787.94,55974.22,56818.11,0
BOVESPA,20140923,56818.11,57332.20,56086.44,56540.50,0
BOVESPA,20140924,56538.98,57130.70,55933.81,56824.42,0
BOVESPA,20140925,56821.56,56821.56,55875.78,55962.08,0
BOVESPA,20140926,55965.21,57488.78,55946.01,57212.38,0
BOVESPA,20140929,57210.61,57210.61,54124.13,54625.35,0
BOVESPA,20140930,54625.83,54625.83,53536.38,54115.98,0
BOVESPA,20141001,54115.21,54115.21,52646.55,52858.43,0
BOVESPA,20141002,52858.61,54022.44,52480.48,53518.57,0
BOVESPA,20141003,53518.57,54539.55,53367.72,54539.55,0
BOVESPA,20141006,54542.32,58897.45,54542.32,57115.90,0
BOVESPA,20141007,57124.37,58317.95,57124.37,57436.33,0
BOVESPA,20141008,57440.31,58190.86,56198.62,57058.48,0
BOVESPA,20141009,57079.24,58246.08,57076.88,57267.53,0
BOVESPA,20141010,57266.06,57266.06,55311.59,55311.59,0
BOVESPA,20141013,55312.91,58747.38,55312.91,57956.53,0
BOVESPA,20141014,57945.60,58856.25,57258.12,58015.46,0
BOVESPA,20141015,58012.31,58012.31,54919.04,56135.27,0
BOVESPA,20141016,56123.85,56123.85,54132.08,54298.33,0
BOVESPA,20141017,54298.33,55948.64,54298.33,55723.79,0
BOVESPA,20141020,55720.22,55720.22,54299.88,54302.57,0
BOVESPA,20141021,54300.11,54300.11,51922.45,52432.43,0
BOVESPA,20141022,52427.12,53229.42,52064.40,52411.03,0
BOVESPA,20141023,52409.43,52409.43,50653.54,50713.26,0
BOVESPA,20141024,50687.41,53145.51,50595.70,51940.73,0
BOVESPA,20141027,51937.39,51937.39,48722.29,50503.66,0
BOVESPA,20141028,50503.66,52374.30,50502.95,52330.03,0
BOVESPA,20141029,52330.03,52330.03,51049.32,51049.32,0
BOVESPA,20141030,51049.32,52574.39,51049.32,52336.83,0
BOVESPA,20141031,52338.15,54628.60,52334.81,54628.60,0
BOVESPA,20141103,54628.60,54628.60,53053.95,53947.21,0
BOVESPA,20141104,53947.21,54383.59,53431.87,54383.59,0
BOVESPA,20141105,54383.59,54383.59,53588.79,53698.42,0
BOVESPA,20141106,53696.81,53696.81,52417.76,52637.06,0
BOVESPA,20141107,52637.06,53483.00,52197.07,53222.85,0
BOVESPA,20141110,53222.85,53829.63,52716.20,52725.38,0
BOVESPA,20141111,52718.22,52718.22,52003.02,52474.27,0
BOVESPA,20141112,52473.34,53435.43,52187.22,52978.89,0
BOVESPA,20141113,52978.83,53322.89,51846.03,51846.03,0
BOVESPA,20141114,51833.71,51899.90,50885.65,51772.40,0
BOVESPA,20141117,51772.40,52222.64,51047.00,51256.99,0
BOVESPA,20141118,51257.05,52122.23,51067.46,52061.86,0
BOVESPA,20141119,52061.86,53402.81,52031.54,53402.81,0
BOVESPA,20141121,53403.06,56214.05,53403.06,56084.04,0
BOVESPA,20141124,56085.98,57359.27,55292.35,55406.91,0
BOVESPA,20141125,55410.27,56386.64,55204.32,55560.81,0
BOVESPA,20141126,55561.00,56099.79,54977.20,55098.47,0
BOVESPA,20141127,55099.55,56065.13,54592.74,54721.32,0
BOVESPA,20141128,54731.41,55436.29,54664.36,54664.36,0
BOVESPA,20141201,54719.47,54719.47,52156.49,52276.58,0
BOVESPA,20141202,52277.58,52639.71,51471.07,51612.47,0
BOVESPA,20141203,51610.92,52470.58,51610.92,52320.48,0
BOVESPA,20141204,52320.48,52539.13,51073.96,51426.87,0
BOVESPA,20141205,51427.37,52023.97,51163.82,51992.89,0
BOVESPA,20141208,51992.89,51992.89,50015.72,50274.07,0
BOVESPA,20141209,50250.80,50260.12,49395.62,50193.47,0
BOVESPA,20141210,50192.39,50192.39,49297.07,49548.08,0
BOVESPA,20141211,49548.58,49946.34,48808.99,49861.81,0
BOVESPA,20141212,49861.33,49861.33,47973.27,48001.98,0
BOVESPA,20141215,48002.48,48401.15,46409.71,47018.68,0
BOVESPA,20141216,47016.18,47594.75,45852.81,47007.51,0
BOVESPA,20141217,47008.01,49257.88,47008.01,48713.64,0
BOVESPA,20141218,48714.43,49564.55,48295.68,48495.70,0
BOVESPA,20141219,48491.95,49657.58,48435.43,49650.98,0
BOVESPA,20141222,49650.98,50120.86,49104.55,50120.86,0
BOVESPA,20141223,50120.86,50889.81,49814.97,50889.81,0
BOVESPA,20141226,50890.81,50973.42,49913.81,50144.63,0
BOVESPA,20141229,50145.18,50902.96,50008.01,50593.82,0
BOVESPA,20141230,50601.00,50841.24,49992.91,50007.41,0
BOVESPA,20150102,50004.50,50004.50,48345.26,48512.22,0
BOVESPA,20150105,48512.22,48512.22,47263.91,47516.82,0
BOVESPA,20150106,47517.14,48061.28,47337.71,48000.92,0
BOVESPA,20150107,48006.05,49882.26,48006.05,49462.91,0
BOVESPA,20150108,49463.15,50260.72,49017.31,49943.30,0
BOVESPA,20150109,49954.70,49954.70,48500.66,48840.25,0
BOVESPA,20150112,48839.73,48839.73,47955.85,48139.74,0
BOVESPA,20150113,48144.29,48939.41,48041.67,48041.67,0
BOVESPA,20150114,48037.63,48280.82,47372.27,47645.87,0
BOVESPA,20150115,47647.56,48853.42,47647.56,48026.31,0
BOVESPA,20150116,48028.38,49263.77,48028.38,49016.52,0
BOVESPA,20150119,49009.03,49009.03,47502.99,47758.01,0
BOVESPA,20150120,47758.95,48687.34,47619.06,47876.66,0
BOVESPA,20150121,47887.90,49328.56,47887.90,49224.08,0
BOVESPA,20150122,49227.04,50281.33,49227.04,49442.62,0
BOVESPA,20150123,49432.13,49523.26,48496.12,48775.30,0
BOVESPA,20150126,48711.61,48711.61,48004.44,48576.55,0
BOVESPA,20150127,48576.55,48864.04,47351.88,48591.23,0
BOVESPA,20150128,48589.22,48589.22,47550.17,47694.54,0
BOVESPA,20150129,47696.22,47893.92,47006.51,47762.24,0
BOVESPA,20150130,47759.19,47759.19,46484.32,46907.68,0
BOVESPA,20150202,46933.49,47683.64,46760.19,47650.73,0
BOVESPA,20150203,47664.19,48992.88,47664.19,48963.66,0
BOVESPA,20150204,48964.93,49718.23,48213.76,49301.05,0
BOVESPA,20150205,49299.26,49816.29,49019.74,49233.85,0
BOVESPA,20150206,49231.42,49231.42,48209.30,48792.27,0
BOVESPA,20150209,48791.92,49522.27,48415.52,49382.58,0
BOVESPA,20150210,49359.04,49798.73,48510.28,48510.28,0
BOVESPA,20150211,48508.21,48762.32,47841.00,48239.67,0
BOVESPA,20150212,48240.39,49689.79,48240.39,49532.72,0
BOVESPA,20150213,49545.82,50726.24,49475.52,50635.92,0
BOVESPA,20150218,50639.31,51867.82,50639.31,51280.36,0
BOVESPA,20150219,51280.78,51638.40,50869.51,51294.03,0
BOVESPA,20150220,51301.38,51450.30,50711.24,51237.70,0
BOVESPA,20150223,51237.70,51689.75,50861.31,51280.64,0
BOVESPA,20150224,51288.45,51956.03,51049.05,51874.17,0
BOVESPA,20150225,51862.94,51862.94,51050.85,51811.02,0
BOVESPA,20150226,51812.18,51922.43,51181.33,51760.54,0
BOVESPA,20150227,51760.01,52457.05,51474.36,51583.09,0
BOVESPA,20150302,51579.99,51579.99,50774.73,51020.81,0
BOVESPA,20150303,51020.81,51432.21,50995.26,51304.10,0
BOVESPA,20150304,51303.15,51303.15,50399.11,50468.05,0
BOVESPA,20150305,50472.10,50734.01,50114.42,50365.20,0
BOVESPA,20150306,50355.37,50400.94,49779.36,49981.19,0
BOVESPA,20150309,49978.36,49978.36,48951.61,49181.01,0
BOVESPA,20150310,49177.14,49177.14,48292.94,48293.40,0
BOVESPA,20150311,48308.69,48936.86,48308.69,48905.58,0
BOVESPA,20150312,48907.69,49632.75,48684.32,48880.40,0
BOVESPA,20150313,48858.37,48858.37,47904.85,48595.81,0
BOVESPA,20150316,48601.62,49205.30,48393.50,48848.21,0
BOVESPA,20150317,48849.26,50384.20,48840.99,50285.12,0
BOVESPA,20150318,50283.51,51772.78,49787.68,51526.19,0
BOVESPA,20150319,51530.22,51547.21,50790.52,50953.53,0
BOVESPA,20150320,50964.41,52285.68,50964.41,51966.58,0
BOVESPA,20150323,51969.99,52177.88,51515.95,51908.46,0
BOVESPA,20150324,51907.94,52222.91,51006.40,51506.07,0
BOVESPA,20150325,51507.37,52318.75,51507.37,51858.30,0
BOVESPA,20150326,51835.48,51835.48,50528.10,50579.85,0
BOVESPA,20150327,50574.93,50574.93,49908.52,50094.66,0
BOVESPA,20150330,50099.79,51264.67,50099.79,51243.45,0
BOVESPA,20150331,51242.72,51465.78,50612.12,51150.16,0
BOVESPA,20150401,51186.27,52613.04,51186.27,52321.76,0
BOVESPA,20150402,52321.76,53311.58,52321.76,53123.02,0
BOVESPA,20150406,53123.69,54146.32,53122.06,53737.26,0
BOVESPA,20150407,53737.99,54002.37,53436.15,53729.16,0
BOVESPA,20150408,53731.93,54458.42,53507.77,53661.11,0
BOVESPA,20150409,53638.15,54002.39,53292.23,53802.66,0
BOVESPA,20150410,53802.66,54413.46,53555.96,54214.11,0
BOVESPA,20150413,54213.65,54866.24,54004.28,54239.77,0
BOVESPA,20150414,54240.43,54625.38,53773.31,53981.92,0
BOVESPA,20150415,54037.28,54960.16,54037.28,54918.74,0
BOVESPA,20150416,54918.74,54918.74,54315.74,54674.21,0
BOVESPA,20150417,54671.54,54671.54,53896.00,53954.79,0
BOVESPA,20150420,53965.25,54384.98,53510.41,53761.27,0
BOVESPA,20150422,53762.09,54847.67,53762.09,54617.36,0
BOVESPA,20150423,54615.89,55781.72,54063.82,55684.85,0
BOVESPA,20150424,55687.49,56965.16,55687.49,56594.22,0
BOVESPA,20150427,56554.31,56962.20,55515.39,55534.50,0
BOVESPA,20150428,55549.05,56017.63,54972.93,55812.03,0
BOVESPA,20150429,55808.64,55808.64,55067.39,55325.29,0
BOVESPA,20150430,55312.11,56229.38,55079.75,56229.38,0
BOVESPA,20150504,56230.03,57519.55,56230.03,57353.98,0
BOVESPA,20150505,57349.52,58146.74,57096.00,58051.61,0
BOVESPA,20150506,58050.31,58574.79,56819.70,57103.14,0
BOVESPA,20150507,57103.14,57289.51,56507.22,56921.39,0
BOVESPA,20150508,56964.90,57620.54,56595.09,57149.33,0
BOVESPA,20150511,57166.46,57489.84,57013.10,57197.10,0
BOVESPA,20150512,57193.39,57423.61,56752.57,56792.05,0
BOVESPA,20150513,56790.23,56899.73,56199.12,56372.04,0
BOVESPA,20150514,56376.28,56920.94,56104.78,56656.57,0
BOVESPA,20150515,56655.82,57287.70,56422.19,57248.63,0
BOVESPA,20150518,57249.93,57605.86,55926.47,56204.23,0
BOVESPA,20150519,56204.23,56211.95,55027.09,55498.82,0
BOVESPA,20150520,55497.12,55644.97,54819.80,54901.02,0
BOVESPA,20150521,54900.29,55112.05,54526.08,55112.05,0
BOVESPA,20150522,55112.05,55223.01,54037.59,54377.29,0
BOVESPA,20150525,54377.96,54867.86,53971.60,54609.25,0
BOVESPA,20150526,54609.25,54609.25,53548.19,53629.78,0
BOVESPA,20150527,53630.63,54292.52,53135.89,54236.25,0
BOVESPA,20150528,54230.41,54230.41,53363.08,53976.28,0
BOVESPA,20150529,53974.26,53974.26,52760.48,52760.48,0
BOVESPA,20150601,52752.91,53232.93,52665.81,53031.32,0
BOVESPA,20150602,53035.02,54236.43,53035.02,54236.43,0
BOVESPA,20150603,54253.75,54253.75,53462.34,53522.91,0
BOVESPA,20150605,53517.60,53517.60,52808.05,52973.38,0
BOVESPA,20150608,52974.73,53324.57,52809.64,52809.64,0
BOVESPA,20150609,52809.64,53292.41,52687.89,52815.99,0
BOVESPA,20150610,52817.46,54102.19,52817.46,53876.45,0
BOVESPA,20150611,53876.45,54270.81,53443.54,53688.52,0
BOVESPA,20150612,53689.17,53689.17,53032.88,53347.53,0
BOVESPA,20150615,53338.14,53338.14,52548.20,53137.53,0
BOVESPA,20150616,53143.75,53968.99,53106.92,53702.15,0
BOVESPA,20150617,53697.73,53755.11,52965.07,53248.54,0
BOVESPA,20150618,53251.15,54351.87,53213.64,54238.59,0
BOVESPA,20150619,54236.08,54236.08,53479.43,53749.41,0
BOVESPA,20150622,53750.07,54341.55,53655.41,53863.68,0
BOVESPA,20150623,53864.79,54360.80,53772.43,53772.43,0
BOVESPA,20150624,53772.43,54236.28,53628.09,53842.54,0
BOVESPA,20150625,53840.40,53840.40,52879.40,53175.67,0
BOVESPA,20150626,53181.02,54076.06,53150.52,54016.97,0
BOVESPA,20150629,54012.65,54012.65,52647.35,53014.21,0
BOVESPA,20150630,53014.21,53345.15,52812.50,53080.88,0
BOVESPA,20150701,53080.88,53456.41,52603.38,52757.54,0
BOVESPA,20150702,52757.72,53356.61,52757.72,53106.19,0
BOVESPA,20150703,53105.61,53105.61,52370.32,52519.41,0
BOVESPA,20150706,52510.51,52678.52,51682.82,52149.37,0
BOVESPA,20150707,52148.89,52387.82,51129.79,52343.71,0
BOVESPA,20150708,52343.39,52467.52,51574.12,51781.75,0
BOVESPA,20150710,51782.26,52785.52,51782.26,52590.72,0
BOVESPA,20150713,52590.72,53163.57,52590.72,53119.47,0
BOVESPA,20150714,53119.47,53415.87,52652.75,53239.18,0
BOVESPA,20150715,53239.18,53333.82,52790.46,52902.28,0
BOVESPA,20150716,52902.28,53416.98,52713.87,53069.75,0
BOVESPA,20150717,53069.75,53310.20,52221.14,52341.80,0
BOVESPA,20150720,52341.42,52423.68,51525.45,51600.08,0
BOVESPA,20150721,51603.33,51997.68,51244.05,51474.28,0
BOVESPA,20150722,51473.92,51473.92,50592.47,50915.79,0
BOVESPA,20150723,50915.79,51063.48,49668.23,49806.63,0
BOVESPA,20150724,49804.29,49831.46,48624.14,49245.85,0
BOVESPA,20150727,49245.85,49298.39,48639.95,48735.54,0
BOVESPA,20150728,48740.25,49871.17,48740.25,49601.60,0
BOVESPA,20150729,49601.91,50332.57,49421.70,50245.14,0
BOVESPA,20150730,50245.14,50644.62,49612.04,49897.40,0
BOVESPA,20150731,49897.40,50894.51,49892.29,50864.77,0
BOVESPA,20150803,50866.92,50866.92,50053.82,50138.05,0
BOVESPA,20150804,50137.62,50574.01,49826.74,50058.49,0
BOVESPA,20150805,50066.85,50852.53,50066.85,50287.27,0
BOVESPA,20150806,50279.64,50534.18,49623.61,50011.32,0
BOVESPA,20150807,50013.41,50013.41,48511.68,48577.32,0
BOVESPA,20150810,48578.05,49511.63,48578.05,49353.00,0
BOVESPA,20150811,49339.86,49339.86,48305.66,49072.34,0
BOVESPA,20150812,49063.87,49063.87,48027.56,48388.05,0
BOVESPA,20150813,48389.64,48605.89,47721.75,48009.57,0
BOVESPA,20150814,48010.09,48186.03,47508.41,47508.41,0
BOVESPA,20150817,47508.83,47787.95,47217.43,47217.43,0
BOVESPA,20150818,47220.49,48084.31,46675.92,47450.58,0
BOVESPA,20150819,47450.58,47450.58,45977.39,46588.39,0
BOVESPA,20150820,46587.51,46780.82,46029.56,46649.23,0
BOVESPA,20150821,46649.35,46649.35,45676.77,45719.64,0
BOVESPA,20150824,45714.92,45714.92,42749.23,44336.47,0
BOVESPA,20150825,44337.54,45587.89,44337.54,44544.86,0
BOVESPA,20150826,44545.67,46039.43,44540.18,46038.08,0
BOVESPA,20150827,46038.08,47996.65,46038.08,47715.27,0
BOVESPA,20150828,47696.83,47872.39,46847.37,47153.87,0
BOVESPA,20150831,47151.43,47151.43,45569.94,46625.52,0
BOVESPA,20150901,46625.07,46625.07,45278.27,45477.06,0
BOVESPA,20150902,45484.22,46473.75,45445.07,46463.96,0
BOVESPA,20150903,46467.97,47532.38,46279.41,47365.87,0
BOVESPA,20150904,47365.51,47377.23,46320.43,46497.72,0
BOVESPA,20150908,46500.89,47243.23,46496.79,46762.07,0
BOVESPA,20150909,46762.07,47839.78,46614.14,46657.10,0
BOVESPA,20150910,46655.83,46819.09,45592.08,46503.99,0
BOVESPA,20150911,46508.91,46558.07,46175.88,46400.50,0
BOVESPA,20150914,46399.98,47385.76,46217.71,47281.52,0
BOVESPA,20150915,47281.04,47688.88,46745.85,47364.07,0
BOVESPA,20150916,47364.07,48680.97,47364.07,48553.10,0
BOVESPA,20150917,48552.71,49395.62,48081.62,48551.08,0
BOVESPA,20150918,48549.50,48549.50,46927.83,47264.08,0
BOVESPA,20150921,47263.27,47390.54,46424.61,46590.20,0
BOVESPA,20150922,46585.35,46585.35,45276.23,46264.61,0
BOVESPA,20150923,46262.52,46480.08,45340.11,45340.11,0
BOVESPA,20150924,45339.70,45571.86,44182.73,45291.96,0
BOVESPA,20150925,45300.34,45968.66,44697.01,44831.46,0
BOVESPA,20150928,44831.62,44831.62,43766.61,43956.63,0
BOVESPA,20150929,43956.46,44530.71,43956.04,44131.82,0
BOVESPA,20150930,44131.76,45294.37,44131.76,45059.34,0
BOVESPA,20151001,45064.26,45547.33,44788.93,45313.27,0
BOVESPA,20151002,45313.39,47033.46,44973.40,47033.46,0
BOVESPA,20151005,47033.28,48081.44,47018.61,47598.07,0
BOVESPA,20151006,47598.49,48091.62,47388.54,47735.11,0
BOVESPA,20151007,47735.32,49290.26,47714.69,48914.32,0
BOVESPA,20151008,48915.37,49247.28,48657.64,49106.56,0
BOVESPA,20151009,49105.12,49752.04,48698.44,49338.41,0
BOVESPA,20151013,49339.14,49339.14,47134.90,47362.64,0
BOVESPA,20151014,47349.43,47714.78,46700.73,46710.44,0
BOVESPA,20151015,46730.25,47187.58,46321.48,47161.15,0
BOVESPA,20151016,47161.02,47727.44,46516.85,47236.11,0
BOVESPA,20151019,47242.47,47536.25,46916.77,47447.31,0
BOVESPA,20151020,47446.94,47727.54,46622.87,47076.55,0
BOVESPA,20151021,47076.55,47273.73,46653.85,47025.87,0
BOVESPA,20151022,47026.71,47909.00,47026.71,47772.14,0
BOVESPA,20151023,47774.30,48837.01,47502.27,47596.59,0
BOVESPA,20151026,47606.63,47874.87,47104.57,47209.32,0
BOVESPA,20151027,47204.79,47338.43,46742.44,47042.95,0
BOVESPA,20151028,47037.92,47441.50,46388.14,46740.85,0
BOVESPA,20151029,46740.16,46740.16,45628.35,45628.35,0
BOVESPA,20151030,45628.35,45975.27,45400.69,45868.82,0
BOVESPA,20151103,45868.81,48053.67,45866.30,48053.67,0
BOVESPA,20151104,48058.82,49054.38,47440.69,47710.10,0
BOVESPA,20151105,47711.77,48061.34,47430.37,48046.76,0
BOVESPA,20151106,48046.47,48046.47,46397.11,46918.52,0
BOVESPA,20151109,46914.80,47000.50,46057.43,46194.92,0
BOVESPA,20151110,46195.05,46206.57,45396.88,46206.57,0
BOVESPA,20151111,46207.25,47231.25,46207.25,47065.01,0
BOVESPA,20151112,47065.01,47459.93,46695.80,46883.58,0
BOVESPA,20151113,46883.71,46883.71,46311.23,46517.04,0
BOVESPA,20151116,46518.63,46905.35,46398.64,46846.88,0
BOVESPA,20151117,46847.97,47697.60,46847.97,47247.80,0
BOVESPA,20151118,47241.44,47950.71,47241.44,47345.58,0
BOVESPA,20151119,47437.26,48226.83,47437.26,48138.89,0
BOVESPA,20151123,48138.04,48745.08,47987.58,48150.27,0
BOVESPA,20151124,48142.66,48320.34,47441.65,48284.19,0
BOVESPA,20151125,48269.74,48269.74,46742.27,46866.63,0
BOVESPA,20151126,46867.13,47199.04,46867.13,47145.63,0
BOVESPA,20151127,47144.45,47144.45,45811.69,45872.91,0
BOVESPA,20151130,45871.33,45930.70,45105.89,45120.36,0
BOVESPA,20151201,45121.10,45482.20,44775.35,45046.75,0
BOVESPA,20151202,45046.39,45338.44,44579.30,44914.53,0
BOVESPA,20151203,44923.47,47142.43,44923.47,46393.26,0
BOVESPA,20151204,46384.75,46384.75,45022.70,45360.76,0
BOVESPA,20151207,45361.25,46156.94,45217.39,45222.70,0
BOVESPA,20151208,45223.32,45233.02,44232.00,44443.26,0
BOVESPA,20151209,44444.27,46438.23,44444.27,46108.03,0
BOVESPA,20151210,46084.06,46322.66,45351.06,45630.71,0
BOVESPA,20151211,45629.61,45981.46,45068.43,45262.72,0
BOVESPA,20151214,45257.91,45257.91,44530.72,44747.31,0
BOVESPA,20151215,44748.43,45423.04,44748.43,44872.47,0
BOVESPA,20151216,44867.65,45098.94,44094.84,45015.84,0
BOVESPA,20151217,45016.16,46251.30,45016.16,45261.48,0
BOVESPA,20151218,45248.66,45248.66,43690.31,43910.60,0
BOVESPA,20151221,43912.28,44222.53,43196.16,43199.95,0
BOVESPA,20151222,43208.17,43632.08,43136.97,43469.52,0
BOVESPA,20151223,43478.91,44232.58,43478.91,44014.93,0
BOVESPA,20151228,44015.68,44087.02,43709.01,43764.34,0
BOVESPA,20151229,43781.17,44041.53,43523.30,43653.97,0
BOVESPA,20151230,43653.43,43662.46,43217.38,43349.96,0
BOVESPA,20160104,43348.91,43348.91,42125.02,42141.04,0
BOVESPA,20160105,42139.23,42533.62,42137.26,42419.32,0
BOVESPA,20160106,42409.95,42409.95,41589.97,41773.14,0
BOVESPA,20160107,41772.16,41772.16,40694.72,40694.72,0
BOVESPA,20160108,40695.04,41217.81,40463.49,40612.21,0
BOVESPA,20160111,40612.09,40973.62,39924.22,39950.49,0
BOVESPA,20160112,39954.86,40261.32,39425.97,39513.83,0
BOVESPA,20160113,39518.39,40050.31,38822.29,38944.44,0
BOVESPA,20160114,38944.20,39501.93,38458.69,39500.11,0
BOVESPA,20160115,39493.86,39493.86,37986.07,38569.12,0
BOVESPA,20160118,38572.28,38633.08,37937.27,37937.27,0
BOVESPA,20160119,37941.23,38856.51,37941.23,38057.02,0
BOVESPA,20160120,38056.02,38056.02,37046.07,37645.48,0
BOVESPA,20160121,37647.04,38079.18,37494.82,37717.11,0
BOVESPA,20160122,37736.93,38443.80,37736.93,38031.22,0
BOVESPA,20160126,38031.22,38031.22,37112.35,37497.48,0
BOVESPA,20160127,37500.79,38765.60,37402.09,38376.37,0
BOVESPA,20160128,38376.37,39099.82,37996.09,38630.19,0
BOVESPA,20160129,38634.71,40405.99,38634.71,40405.99,0
BOVESPA,20160201,40396.52,40570.04,39738.09,40570.04,0
BOVESPA,20160202,40563.78,40563.78,38596.17,38596.17,0
BOVESPA,20160203,38596.53,39725.69,38596.53,39588.82,0
BOVESPA,20160204,39589.18,41444.20,39589.18,40821.73,0
BOVESPA,20160205,40811.80,41248.75,40565.83,40592.09,0
BOVESPA,20160210,40592.09,40592.09,39960.18,40376.58,0
BOVESPA,20160211,40370.02,40370.02,38927.56,39318.30,0
BOVESPA,20160212,39324.24,39900.58,39324.24,39808.05,0
BOVESPA,20160215,39808.41,40671.42,39808.41,40092.89,0
BOVESPA,20160216,40093.26,41206.47,40074.23,40947.70,0
BOVESPA,20160217,40957.61,42436.44,40957.61,41630.82,0
BOVESPA,20160218,41623.94,41697.80,41183.40,41477.63,0
BOVESPA,20160219,41476.89,41827.97,41070.88,41543.41,0
BOVESPA,20160222,41544.38,43345.22,41544.38,43234.86,0
BOVESPA,20160223,43235.10,43601.33,42358.66,42520.94,0
BOVESPA,20160224,42520.70,42520.70,41210.72,42084.56,0
BOVESPA,20160225,42083.55,42326.63,41441.70,41887.90,0
BOVESPA,20160226,41889.06,42495.22,41416.54,41593.08,0
BOVESPA,20160229,41599.44,43052.61,41599.44,42793.86,0
BOVESPA,20160301,42795.17,44181.29,42795.17,44121.79,0
BOVESPA,20160302,44121.93,44982.91,43841.19,44893.48,0
BOVESPA,20160303,44900.39,47374.52,44900.39,47193.39,0
BOVESPA,20160304,47193.68,50023.75,47193.68,49084.87,0
BOVESPA,20160307,49089.16,49639.26,48746.43,49246.10,0
BOVESPA,20160308,49244.43,49913.77,48846.92,49102.14,0
BOVESPA,20160309,49102.41,50000.84,48623.35,48665.09,0
BOVESPA,20160310,48666.75,49974.18,47922.39,49571.11,0
BOVESPA,20160311,49573.88,50038.37,49156.02,49638.68,0
BOVESPA,20160314,49639.02,50165.85,48756.51,48867.34,0
BOVESPA,20160315,48866.35,48866.35,46684.42,47130.02,0
BOVESPA,20160316,47129.73,47813.79,46520.81,47763.43,0
BOVESPA,20160317,47770.46,51268.15,47770.46,50913.79,0
BOVESPA,20160318,50915.46,51307.69,50202.02,50814.66,0
BOVESPA,20160321,50815.53,51370.19,50764.53,51171.55,0
BOVESPA,20160322,51170.48,51215.14,50811.59,51010.19,0
BOVESPA,20160323,51004.57,51004.57,49490.73,49690.05,0
BOVESPA,20160324,49686.04,49686.04,48777.80,49657.39,0
BOVESPA,20160328,49686.52,51149.11,49686.52,50838.23,0
BOVESPA,20160329,50839.28,51764.75,50387.33,51154.99,0
BOVESPA,20160330,51154.99,52261.94,50899.85,51248.93,0
BOVESPA,20160331,51248.29,51248.29,49642.15,50055.27,0
BOVESPA,20160401,50054.41,50767.88,49360.87,50561.53,0
BOVESPA,20160404,50556.18,50556.18,48600.45,48779.99,0
BOVESPA,20160405,48778.04,49629.43,48148.75,49053.62,0
BOVESPA,20160406,49053.82,49053.82,47873.65,48096.24,0
BOVESPA,20160407,48099.11,48940.48,48099.11,48513.10,0
BOVESPA,20160408,48517.02,50485.98,48517.02,50292.93,0
BOVESPA,20160411,50303.34,51088.89,50078.23,50165.47,0
BOVESPA,20160412,50166.46,52327.21,50166.46,52001.86,0
BOVESPA,20160413,52009.52,53843.74,52009.52,53149.84,0
BOVESPA,20160414,53150.34,53699.35,52242.23,52411.02,0
BOVESPA,20160415,52414.24,53390.41,52414.24,53227.74,0
BOVESPA,20160418,53228.74,53478.75,52305.37,52894.08,0
BOVESPA,20160419,52894.08,54054.03,52894.08,53710.05,0
BOVESPA,20160420,53710.68,53857.36,53149.00,53630.93,0
BOVESPA,20160422,53630.07,53630.07,52629.48,52907.88,0
BOVESPA,20160425,52911.07,52948.66,51748.28,51861.71,0
BOVESPA,20160426,51867.04,53107.76,51838.25,53082.50,0
BOVESPA,20160427,53094.22,54559.56,53094.22,54477.78,0
BOVESPA,20160428,54475.29,54977.70,53963.10,54311.96,0
BOVESPA,20160429,54316.76,54705.14,53591.60,53910.51,0
BOVESPA,20160502,53909.53,54112.79,53265.28,53561.53,0
BOVESPA,20160503,53557.14,53557.14,52260.19,52260.19,0
BOVESPA,20160504,52253.14,52672.44,51930.77,52552.80,0
BOVESPA,20160505,52568.61,53070.71,51310.97,51671.04,0
BOVESPA,20160506,51670.57,52158.95,51204.04,51717.83,0
BOVESPA,20160509,51716.51,51716.51,49907.77,50990.06,0
BOVESPA,20160510,50994.01,53070.91,50994.01,53070.91,0
BOVESPA,20160511,53072.40,53976.29,52735.94,52764.46,0
BOVESPA,20160512,52765.27,53703.13,52424.04,53241.32,0
BOVESPA,20160513,53236.48,53249.73,51365.57,51804.31,0
BOVESPA,20160516,51803.33,52305.46,51584.51,51802.92,0
BOVESPA,20160517,51795.46,51946.10,50689.36,50839.44,0
BOVESPA,20160518,50836.07,51373.21,50300.63,50561.70,0
BOVESPA,20160519,50556.06,50556.06,49588.26,50132.53,0
BOVESPA,20160520,50132.65,50821.74,49722.75,49722.75,0
BOVESPA,20160523,49709.17,49709.17,48694.73,49330.42,0
BOVESPA,20160524,49330.42,50002.07,49152.88,49345.19,0
BOVESPA,20160525,49346.50,50356.95,49346.50,49482.86,0
BOVESPA,20160527,49481.32,49805.14,48868.56,49051.49,0
BOVESPA,20160530,49051.17,49203.06,48799.22,48964.34,0
BOVESPA,20160531,48963.18,49269.22,48291.51,48471.71,0
BOVESPA,20160601,48468.19,49056.89,48199.87,49012.65,0
BOVESPA,20160602,49007.81,49905.57,48780.54,49887.24,0
BOVESPA,20160603,49888.31,50634.36,49888.31,50619.50,0
BOVESPA,20160606,50627.24,50923.54,50097.27,50431.80,0
BOVESPA,20160607,50431.68,50641.12,50004.67,50487.86,0
BOVESPA,20160608,50490.11,51811.58,50490.11,51629.29,0
BOVESPA,20160609,51632.81,51632.81,50831.67,51118.46,0
BOVESPA,20160610,51117.44,51117.44,49420.98,49422.16,0
BOVESPA,20160613,49418.63,49763.54,48803.56,49660.79,0
BOVESPA,20160614,49662.11,49894.40,48216.36,48648.29,0
BOVESPA,20160615,48649.41,49414.95,48323.67,48914.74,0
BOVESPA,20160616,48900.91,49411.62,48066.67,49411.62,0
BOVESPA,20160617,49409.25,50190.52,49404.79,49533.84,0
BOVESPA,20160620,49539.40,50781.55,49539.40,50329.36,0
BOVESPA,20160621,50326.04,50870.42,49677.76,50837.80,0
BOVESPA,20160622,50834.72,51238.57,50060.39,50156.30,0
BOVESPA,20160623,50160.76,51672.63,50160.76,51559.82,0
BOVESPA,20160624,51561.05,51561.05,49544.32,50105.26,0
BOVESPA,20160627,50105.81,50161.61,48954.41,49245.53,0
BOVESPA,20160628,49252.12,50301.43,49252.12,50006.56,0
BOVESPA,20160629,50009.45,51229.09,50009.45,51001.91,0
BOVESPA,20160630,51001.38,51619.06,50585.06,51526.93,0
BOVESPA,20160701,51540.21,52346.07,51411.23,52233.04,0
BOVESPA,20160704,52241.12,52917.78,52241.12,52568.66,0
BOVESPA,20160705,52565.20,52565.20,51510.43,51842.27,0
BOVESPA,20160706,51842.15,51908.75,50824.99,51901.81,0
BOVESPA,20160707,51901.80,52718.79,51888.19,52014.66,0
BOVESPA,20160708,52019.55,53166.48,52019.55,53140.74,0
BOVESPA,20160711,53143.48,54020.65,53143.48,53960.11,0
BOVESPA,20160712,53960.58,54746.30,53960.58,54256.41,0
BOVESPA,20160713,54256.40,54646.91,53732.82,54598.29,0
BOVESPA,20160714,54600.82,55633.54,54600.82,55480.87,0
BOVESPA,20160715,55481.75,55648.70,55233.20,55578.24,0
BOVESPA,20160718,55573.29,56508.98,55355.07,56484.21,0
BOVESPA,20160719,56487.30,56698.06,56246.15,56698.06,0
BOVESPA,20160720,56698.77,56927.16,56220.73,56578.05,0
BOVESPA,20160721,56578.05,56906.27,56232.51,56641.49,0
BOVESPA,20160722,56641.49,57170.56,56518.04,57002.08,0
BOVESPA,20160725,57006.39,57205.25,56397.88,56872.73,0
BOVESPA,20160726,56876.23,57309.50,56707.84,56782.75,0
BOVESPA,20160727,56788.47,57380.31,56788.47,56852.84,0
BOVESPA,20160728,56853.32,56853.32,55992.71,56667.12,0
BOVESPA,20160729,56663.94,57473.83,56339.59,57308.21,0
BOVESPA,20160801,57309.23,57729.31,56675.81,56755.76,0
BOVESPA,20160802,56755.92,56973.57,55695.52,56162.38,0
BOVESPA,20160803,56157.39,57101.09,55788.00,57076.91,0
BOVESPA,20160804,57075.72,58030.38,57075.72,57593.89,0
BOVESPA,20160805,57609.42,57950.90,57289.55,57661.14,0
BOVESPA,20160808,57655.48,57917.06,57504.17,57635.43,0
BOVESPA,20160809,57637.48,58094.57,57615.15,57689.41,0
BOVESPA,20160810,57690.34,57952.87,56735.25,56919.78,0
BOVESPA,20160811,56925.04,58308.39,56922.83,58299.57,0
BOVESPA,20160812,58299.57,58753.04,57986.92,58298.41,0
BOVESPA,20160815,58316.23,59323.91,58316.23,59145.98,0
BOVESPA,20160816,59144.35,59187.33,58589.19,58855.43,0
BOVESPA,20160817,58846.93,59323.83,58081.45,59323.83,0
BOVESPA,20160818,59323.83,59417.88,58828.96,59166.02,0
BOVESPA,20160819,59158.28,59239.87,58599.48,59098.92,0
BOVESPA,20160822,59079.71,59098.94,57631.38,57781.24,0
BOVESPA,20160823,57781.24,58596.37,57781.24,58020.04,0
BOVESPA,20160824,58019.15,58332.13,57456.39,57717.88,0
BOVESPA,20160825,57717.88,58123.74,57638.64,57722.14,0
BOVESPA,20160826,57724.94,58655.21,57259.13,57716.25,0
BOVESPA,20160829,57717.18,58957.18,57641.51,58610.39,0
BOVESPA,20160830,58610.39,58881.63,58292.87,58575.42,0
BOVESPA,20160831,58579.97,58910.43,57506.40,57901.11,0
BOVESPA,20160901,57901.45,58416.80,57637.80,58236.27,0
BOVESPA,20160902,58240.53,59654.66,58240.53,59616.40,0
BOVESPA,20160905,59616.39,59985.52,59402.23,59566.34,0
BOVESPA,20160906,59565.62,60129.44,59182.14,60129.44,0
BOVESPA,20160908,60129.30,60310.50,59742.86,60231.66,0
BOVESPA,20160909,60220.18,60220.18,57961.41,57999.73,0
BOVESPA,20160912,57998.16,58595.09,57511.17,58586.11,0
BOVESPA,20160913,58579.91,58579.91,56459.11,56820.77,0
BOVESPA,20160914,56812.40,57341.97,56694.44,57059.46,0
BOVESPA,20160915,57068.26,58127.11,57068.26,57909.49,0
BOVESPA,20160916,57909.49,57909.49,56794.11,57079.76,0
BOVESPA,20160919,57082.82,58024.88,57082.82,57350.38,0
BOVESPA,20160920,57355.59,57902.29,57355.59,57736.46,0
BOVESPA,20160921,57736.46,58574.60,57326.03,58393.92,0
BOVESPA,20160922,58407.63,59462.44,58407.63,58994.17,0
BOVESPA,20160923,58992.21,59130.83,58408.80,58697.00,0
BOVESPA,20160926,58697.04,58697.04,57904.19,58053.53,0
BOVESPA,20160927,58066.44,58490.38,57410.72,58382.49,0
BOVESPA,20160928,58382.75,59415.41,58353.48,59355.77,0
BOVESPA,20160929,59346.00,59621.19,58291.79,58350.57,0
BOVESPA,20160930,58349.99,58900.43,58271.36,58367.05,0
BOVESPA,20161003,58370.15,59548.54,58366.55,59461.23,0
BOVESPA,20161004,59461.22,59579.77,58891.86,59339.23,0
BOVESPA,20161005,59340.04,60477.30,59340.04,60254.34,0
BOVESPA,20161006,60254.34,60723.99,60070.31,60644.24,0
BOVESPA,20161007,60645.41,61274.57,60478.95,61108.98,0
BOVESPA,20161010,61130.23,61756.33,61130.23,61668.33,0
BOVESPA,20161011,61668.33,61668.33,60884.77,61021.85,0
BOVESPA,20161013,61020.38,61328.59,60243.14,61118.58,0
BOVESPA,20161014,61120.45,62038.64,61120.45,61767.22,0
BOVESPA,20161017,61767.58,62696.11,61718.83,62696.11,0
BOVESPA,20161018,62701.39,63937.44,62701.39,63782.21,0
BOVESPA,20161019,63783.66,64089.00,63308.54,63505.61,0
BOVESPA,20161020,63494.68,63927.20,62728.75,63837.85,0
BOVESPA,20161021,63838.09,64371.80,63378.73,64108.08,0
BOVESPA,20161024,64140.73,64691.43,63913.56,64059.89,0
BOVESPA,20161025,64058.56,64266.34,63247.64,63866.20,0
BOVESPA,20161026,63859.97,63924.26,63083.64,63825.69,0
BOVESPA,20161027,63827.32,64608.57,63827.32,64249.50,0
BOVESPA,20161028,64250.59,64728.28,63777.97,64307.63,0
BOVESPA,20161031,64311.51,65054.43,64311.51,64924.52,0
BOVESPA,20161101,64921.91,65291.06,63018.57,63326.42,0
BOVESPA,20161103,63324.67,63523.70,61750.17,61750.17,0
BOVESPA,20161104,61749.23,62698.63,61491.40,61598.39,0
BOVESPA,20161107,61600.74,64193.01,61600.74,64051.65,0
BOVESPA,20161108,64051.65,64767.02,63381.34,64157.68,0
BOVESPA,20161109,64157.45,64358.32,61794.36,63258.27,0
BOVESPA,20161110,63260.76,63903.16,60553.18,61200.96,0
BOVESPA,20161111,61198.71,61626.39,58920.94,59183.51,0
BOVESPA,20161114,59183.14,59961.38,58322.32,59657.46,0
BOVESPA,20161116,59658.50,60915.21,59363.83,60759.32,0
BOVESPA,20161117,60762.94,61492.74,59745.66,59770.47,0
BOVESPA,20161118,59770.34,60193.29,59327.34,59961.76,0
BOVESPA,20161121,59962.70,61070.27,59962.70,61070.27,0
BOVESPA,20161122,61072.10,62549.61,61072.10,61954.47,0
BOVESPA,20161123,61955.55,62046.15,61233.53,61985.91,0
BOVESPA,20161124,61998.99,62104.92,61392.18,61395.53,0
BOVESPA,20161125,61393.86,61559.08,60572.79,61559.08,0
BOVESPA,20161128,61558.55,62934.36,61240.48,62855.50,0
BOVESPA,20161129,62858.77,62858.77,60979.55,60986.52,0
BOVESPA,20161130,60994.06,62589.83,60994.05,61906.36,0
BOVESPA,20161201,61906.35,61910.60,59058.08,59506.54,0
BOVESPA,20161202,59498.84,60378.91,58092.29,60316.13,0
BOVESPA,20161205,60322.39,60720.08,59635.00,59831.73,0
BOVESPA,20161206,59828.46,61234.93,59395.91,61088.25,0
BOVESPA,20161207,61110.81,61917.93,61062.22,61414.40,0
BOVESPA,20161208,61429.96,61935.70,60499.40,60676.57,0
BOVESPA,20161209,60688.41,61129.09,60315.83,60500.62,0
BOVESPA,20161212,60516.60,60516.60,59034.94,59178.62,0
BOVESPA,20161213,59177.53,59946.44,58757.52,59280.57,0
BOVESPA,20161214,59280.13,59337.76,58212.12,58212.12,0
BOVESPA,20161215,58213.75,58635.21,57574.74,58396.16,0
BOVESPA,20161216,58397.63,59311.74,58365.46,58389.04,0
BOVESPA,20161219,58390.13,58599.88,57109.27,57111.00,0
BOVESPA,20161220,57115.86,57918.26,57038.49,57582.89,0
BOVESPA,20161221,57583.30,58049.05,57221.50,57646.52,0
BOVESPA,20161222,57645.94,57645.94,56828.55,57255.22,0
BOVESPA,20161223,57255.22,58142.76,57255.22,57937.11,0
BOVESPA,20161226,57940.76,58781.46,57940.76,58620.26,0
BOVESPA,20161227,58627.19,59067.69,58402.39,58696.69,0
BOVESPA,20161228,58688.04,59911.12,58688.04,59781.63,0
BOVESPA,20161229,59781.92,60248.07,59277.64,60227.29,0
BOVESPA,20170102,60227.28,60227.28,59370.91,59588.70,0
BOVESPA,20170103,59631.15,61814.60,59631.15,61813.83,0
BOVESPA,20170104,61810.86,61940.47,61302.28,61589.06,0
BOVESPA,20170105,61594.13,62408.60,61594.12,62070.98,0
BOVESPA,20170106,62071.50,62071.50,61395.57,61665.37,0
BOVESPA,20170109,61680.07,62111.59,61307.46,61700.29,0
BOVESPA,20170110,61710.16,62445.90,61710.16,62131.80,0
BOVESPA,20170111,62133.61,62674.45,61664.60,62446.26,0
BOVESPA,20170112,62448.02,64342.39,62448.02,63953.93,0
BOVESPA,20170113,63939.59,64091.98,63365.78,63651.52,0
BOVESPA,20170116,63651.52,64013.78,63555.67,63831.28,0
BOVESPA,20170117,63827.32,64658.00,63456.01,64354.34,0
BOVESPA,20170118,64359.61,64680.35,64062.55,64149.57,0
BOVESPA,20170119,64145.28,64455.74,63573.80,63950.86,0
BOVESPA,20170120,63950.86,64693.54,63950.86,64521.18,0
BOVESPA,20170123,64518.51,65815.88,64500.43,65748.63,0
BOVESPA,20170124,65751.89,66172.86,65615.25,65840.13,0
BOVESPA,20170126,65841.71,66593.58,65841.71,66190.63,0
BOVESPA,20170127,66195.21,66242.07,65875.94,66034.00,0
BOVESPA,20170130,66025.25,66025.50,64164.59,64301.73,0
BOVESPA,20170131,64309.77,64900.61,64283.59,64670.78,0
BOVESPA,20170201,64686.87,65593.52,64686.87,64836.13,0
BOVESPA,20170202,64835.04,65132.35,64162.64,64578.21,0
BOVESPA,20170203,64579.25,65387.02,64264.20,64953.93,0
BOVESPA,20170206,64957.48,65326.58,63932.71,63992.93,0
BOVESPA,20170207,64022.34,64815.27,63937.92,64198.90,0
BOVESPA,20170208,64199.86,64835.40,63739.96,64835.40,0
BOVESPA,20170209,64850.11,65302.16,64586.73,64964.89,0
BOVESPA,20170210,64964.89,66291.72,64935.42,66124.52,0
BOVESPA,20170213,66124.50,67093.63,66124.50,66967.63,0
BOVESPA,20170214,66971.34,67110.44,66251.14,66712.88,0
BOVESPA,20170215,66712.28,68015.57,66712.28,67975.56,0
BOVESPA,20170216,67978.77,68455.85,67661.42,67814.25,0
BOVESPA,20170217,67814.24,67819.38,67157.67,67748.44,0
BOVESPA,20170220,67756.15,68673.94,67756.15,68532.88,0
BOVESPA,20170221,68536.46,69111.74,68536.46,69052.00,0
BOVESPA,20170222,69052.09,69052.09,68282.04,68589.56,0
BOVESPA,20170223,68590.50,69487.58,67279.36,67461.39,0
BOVESPA,20170224,67458.48,67458.48,66452.07,66662.10,0
BOVESPA,20170301,66661.27,67397.88,66661.27,66988.88,0
BOVESPA,20170302,67000.38,67035.31,65593.85,65854.94,0
BOVESPA,20170303,65860.37,66800.74,65860.37,66785.53,0
BOVESPA,20170306,66786.01,66891.76,66118.70,66341.38,0
BOVESPA,20170307,66343.00,66641.04,65667.94,65742.31,0
BOVESPA,20170308,65747.70,65809.51,64496.42,64718.02,0
BOVESPA,20170309,64718.02,65067.91,64202.84,64585.23,0
BOVESPA,20170310,64585.90,65724.81,64471.98,64675.46,0
BOVESPA,20170313,64674.12,65651.25,64674.12,65534.30,0
