Name,Date,Open,High,Low,Close,Volume
CAC40,19950103,1883.40,1891.90,1876.50,1885.90,0
CAC40,19950104,1898.20,1904.10,1891.80,1901.80,0
CAC40,19950105,1909.80,1909.80,1866.70,1871.50,0
CAC40,19950106,1877.90,1888.00,1866.60,1886.40,0
CAC40,19950109,1893.00,1898.10,1859.20,1864.20,0
CAC40,19950110,1856.40,1859.20,1841.30,1859.20,0
CAC40,19950111,1855.50,1866.20,1846.40,1849.10,0
CAC40,19950112,1851.50,1862.30,1836.30,1844.10,0
CAC40,19950113,1843.40,1859.80,1824.90,1854.00,0
CAC40,19950116,1870.80,1876.50,1863.80,1872.80,0
CAC40,19950117,1876.90,1882.60,1851.90,1856.90,0
CAC40,19950118,1854.70,1862.90,1843.50,1860.30,0
CAC40,19950119,1859.00,1863.40,1829.30,1837.10,0
CAC40,19950120,1823.20,1830.30,1810.20,1813.30,0
CAC40,19950123,1794.40,1794.50,1764.40,1772.80,0
CAC40,19950124,1786.70,1793.20,1775.50,1780.20,0
CAC40,19950125,1788.50,1804.80,1785.10,1802.50,0
CAC40,19950126,1816.80,1827.80,1813.20,1826.30,0
CAC40,19950127,1824.60,1834.60,1809.70,1814.10,0
CAC40,19950130,1816.50,1820.10,1807.60,1813.40,0
CAC40,19950131,1808.40,1814.70,1786.20,1797.90,0
CAC40,19950201,1811.10,1829.70,1807.70,1827.80,0
CAC40,19950202,1820.40,1830.80,1814.60,1816.10,0
CAC40,19950203,1826.70,1848.10,1823.80,1842.40,0
CAC40,19950206,1859.30,1876.40,1858.00,1872.10,0
CAC40,19950207,1877.10,1880.00,1866.60,1870.40,0
CAC40,19950208,1859.50,1865.40,1850.80,1850.90,0
CAC40,19950209,1847.80,1884.40,1847.80,1874.40,0
CAC40,19950210,1881.40,1887.80,1866.00,1869.40,0
CAC40,19950213,1866.30,1866.30,1847.80,1850.10,0
CAC40,19950214,1861.40,1865.10,1851.20,1856.10,0
CAC40,19950215,1845.90,1864.80,1841.30,1861.90,0
CAC40,19950216,1867.80,1872.80,1825.30,1835.00,0
CAC40,19950217,1820.30,1831.70,1816.90,1822.50,0
CAC40,19950220,1809.60,1811.90,1798.80,1802.20,0
CAC40,19950221,1790.30,1807.90,1787.50,1805.60,0
CAC40,19950222,1802.20,1809.40,1794.70,1804.40,0
CAC40,19950223,1815.80,1831.40,1812.80,1827.00,0
CAC40,19950224,1818.30,1821.20,1803.50,1805.70,0
CAC40,19950227,1785.70,1811.70,1776.60,1802.20,0
CAC40,19950228,1808.00,1808.00,1769.70,1776.90,0
CAC40,19950301,1786.80,1814.40,1785.20,1808.40,0
CAC40,19950302,1805.60,1809.50,1795.70,1807.40,0
CAC40,19950303,1797.50,1806.40,1784.70,1795.20,0
CAC40,19950306,1794.10,1803.80,1760.90,1773.30,0
CAC40,19950307,1780.70,1780.70,1746.10,1748.60,0
CAC40,19950308,1734.10,1773.80,1730.00,1756.80,0
CAC40,19950309,1772.10,1772.10,1722.60,1727.10,0
CAC40,19950310,1718.70,1747.30,1718.70,1743.10,0
CAC40,19950313,1744.30,1744.30,1711.80,1721.80,0
CAC40,19950314,1731.10,1769.00,1729.90,1769.00,0
CAC40,19950315,1768.90,1775.90,1737.80,1738.60,0
CAC40,19950316,1746.40,1786.90,1738.50,1785.80,0
CAC40,19950317,1782.30,1800.30,1776.70,1788.80,0
CAC40,19950320,1799.70,1819.70,1799.70,1811.60,0
CAC40,19950321,1823.60,1823.60,1802.20,1813.80,0
CAC40,19950322,1810.90,1832.60,1807.20,1818.00,0
CAC40,19950323,1806.00,1813.80,1780.90,1795.70,0
CAC40,19950324,1799.80,1817.90,1785.80,1817.30,0
CAC40,19950327,1833.40,1847.80,1832.70,1836.10,0
CAC40,19950328,1834.00,1842.70,1819.80,1837.20,0
CAC40,19950329,1818.80,1853.60,1817.70,1852.40,0
CAC40,19950330,1855.90,1899.50,1835.20,1893.00,0
CAC40,19950331,1882.50,1882.90,1845.60,1859.50,0
CAC40,19950403,1847.80,1872.20,1838.60,1864.00,0
CAC40,19950404,1875.50,1891.30,1874.00,1882.80,0
CAC40,19950405,1886.30,1886.30,1861.50,1872.90,0
CAC40,19950406,1863.10,1897.80,1863.10,1890.20,0
CAC40,19950407,1881.00,1904.70,1881.00,1900.40,0
CAC40,19950410,1892.90,1908.20,1871.10,1880.90,0
CAC40,19950411,1880.40,1886.90,1867.50,1869.30,0
CAC40,19950412,1861.90,1880.90,1860.90,1871.90,0
CAC40,19950413,1873.70,1883.50,1871.20,1881.10,0
CAC40,19950418,1873.40,1873.40,1853.20,1855.70,0
CAC40,19950419,1852.70,1882.80,1843.10,1874.90,0
CAC40,19950420,1881.00,1885.60,1869.20,1882.00,0
CAC40,19950421,1894.80,1935.40,1894.60,1928.40,0
CAC40,19950424,1932.00,1932.00,1902.60,1918.50,0
CAC40,19950425,1928.30,1950.80,1928.30,1945.90,0
CAC40,19950426,1938.40,1962.90,1932.70,1942.30,0
CAC40,19950427,1943.50,1943.50,1927.80,1931.00,0
CAC40,19950428,1929.30,1931.00,1906.10,1918.50,0
CAC40,19950502,1912.90,1942.90,1912.90,1936.90,0
CAC40,19950503,1944.20,1971.80,1941.80,1971.10,0
CAC40,19950504,1978.30,1987.60,1944.20,1946.20,0
CAC40,19950505,1949.60,1957.80,1927.40,1927.40,0
CAC40,19950509,1970.50,1994.50,1965.30,1988.70,0
CAC40,19950510,2000.00,2009.20,1985.70,1996.70,0
CAC40,19950511,1981.40,2014.60,1981.30,2003.60,0
CAC40,19950512,2012.50,2025.20,2010.20,2017.30,0
CAC40,19950515,2015.00,2016.80,1991.50,1991.50,0
CAC40,19950516,1997.60,2018.60,1988.10,2001.30,0
CAC40,19950517,2001.80,2011.00,1991.70,2004.70,0
CAC40,19950518,2001.80,2007.40,1983.30,1989.80,0
CAC40,19950519,1968.40,1976.30,1960.40,1965.50,0
CAC40,19950522,1962.80,1980.00,1962.80,1979.50,0
CAC40,19950523,1980.40,1981.50,1958.20,1965.30,0
CAC40,19950524,1965.70,1981.40,1955.60,1960.70,0
CAC40,19950526,1945.70,1951.70,1915.50,1919.10,0
CAC40,19950529,1915.10,1928.60,1915.10,1927.80,0
CAC40,19950530,1933.30,1940.80,1921.50,1927.30,0
CAC40,19950531,1930.50,1948.00,1924.90,1948.00,0
CAC40,19950601,1963.40,1969.20,1954.20,1960.80,0
CAC40,19950602,1966.70,1974.60,1954.10,1971.30,0
CAC40,19950606,1973.20,1976.20,1957.30,1965.90,0
CAC40,19950607,1962.80,1983.60,1960.80,1974.70,0
CAC40,19950608,1975.20,1975.20,1947.00,1951.20,0
CAC40,19950609,1941.20,1943.00,1892.40,1897.00,0
CAC40,19950612,1902.00,1909.60,1891.90,1907.80,0
CAC40,19950613,1913.60,1926.10,1907.20,1922.80,0
CAC40,19950614,1926.80,1931.50,1888.60,1893.70,0
CAC40,19950615,1900.10,1926.20,1898.50,1920.70,0
CAC40,19950616,1910.30,1910.30,1886.30,1905.00,0
CAC40,19950619,1905.10,1922.80,1905.10,1918.40,0
CAC40,19950620,1919.80,1921.90,1889.60,1896.10,0
CAC40,19950621,1897.00,1908.00,1892.40,1902.80,0
CAC40,19950622,1897.50,1927.40,1895.60,1925.20,0
CAC40,19950623,1920.10,1920.10,1885.80,1895.10,0
CAC40,19950626,1891.00,1907.80,1891.00,1902.40,0
CAC40,19950627,1885.80,1888.20,1870.00,1877.70,0
CAC40,19950628,1866.90,1875.00,1857.80,1865.50,0
CAC40,19950629,1868.80,1883.00,1857.70,1861.90,0
CAC40,19950630,1852.10,1862.80,1850.70,1858.80,0
CAC40,19950703,1858.70,1881.90,1856.50,1879.70,0
CAC40,19950704,1894.50,1895.90,1886.30,1889.40,0
CAC40,19950705,1894.90,1910.00,1889.10,1907.80,0
CAC40,19950706,1910.60,1911.10,1884.00,1889.50,0
CAC40,19950707,1922.40,1953.00,1922.40,1950.80,0
CAC40,19950710,1951.00,1956.40,1943.40,1949.40,0
CAC40,19950711,1942.50,1972.60,1929.50,1961.30,0
CAC40,19950712,1950.60,1967.10,1948.00,1961.70,0
CAC40,19950713,1969.00,1969.00,1941.90,1948.30,0
CAC40,19950717,1947.30,1963.00,1947.30,1951.50,0
CAC40,19950718,1948.00,1948.00,1923.20,1929.00,0
CAC40,19950719,1915.80,1934.00,1914.90,1931.20,0
CAC40,19950720,1913.00,1922.80,1901.60,1905.90,0
CAC40,19950721,1919.80,1924.10,1902.20,1908.90,0
CAC40,19950724,1906.90,1937.90,1905.90,1926.60,0
CAC40,19950725,1942.00,1946.50,1933.70,1941.30,0
CAC40,19950726,1954.60,1955.50,1939.20,1942.50,0
CAC40,19950727,1938.70,1953.20,1937.20,1947.90,0
CAC40,19950728,1947.70,1951.90,1926.50,1932.80,0
CAC40,19950731,1933.50,1937.20,1915.00,1920.00,0
CAC40,19950801,1929.70,1930.30,1917.30,1917.80,0
CAC40,19950802,1935.20,1964.70,1931.40,1960.00,0
CAC40,19950803,1951.90,1962.10,1943.50,1950.80,0
CAC40,19950804,1953.80,1963.70,1951.80,1957.10,0
CAC40,19950807,1960.90,1963.40,1942.50,1950.40,0
CAC40,19950808,1953.20,1962.90,1951.60,1954.70,0
CAC40,19950809,1948.70,1955.20,1941.60,1943.70,0
CAC40,19950810,1944.60,1951.00,1931.00,1949.20,0
CAC40,19950811,1950.60,1957.30,1942.70,1946.20,0
CAC40,19950816,1959.80,1974.50,1959.80,1970.40,0
CAC40,19950817,1976.60,1985.70,1966.30,1967.30,0
CAC40,19950818,1977.60,1982.10,1965.70,1971.60,0
CAC40,19950821,1971.90,1989.40,1971.90,1984.40,0
CAC40,19950822,1978.50,1978.90,1957.70,1963.30,0
CAC40,19950823,1966.70,1976.40,1953.20,1957.40,0
CAC40,19950824,1959.60,1962.00,1936.00,1939.20,0
CAC40,19950825,1953.00,1953.50,1929.50,1937.80,0
CAC40,19950828,1927.70,1927.80,1888.10,1890.10,0
CAC40,19950829,1901.70,1904.70,1893.60,1899.50,0
CAC40,19950830,1912.30,1923.60,1906.20,1921.40,0
CAC40,19950831,1913.20,1914.00,1873.00,1883.40,0
CAC40,19950901,1885.70,1892.10,1873.30,1881.70,0
CAC40,19950904,1883.90,1903.80,1883.90,1900.50,0
CAC40,19950905,1904.30,1907.30,1894.70,1902.50,0
CAC40,19950906,1911.40,1911.40,1879.00,1884.80,0
CAC40,19950907,1881.20,1882.70,1855.60,1861.70,0
CAC40,19950908,1862.60,1874.10,1849.40,1854.90,0
CAC40,19950911,1857.20,1873.50,1840.00,1869.70,0
CAC40,19950912,1863.90,1881.60,1854.90,1873.60,0
CAC40,19950913,1879.60,1902.50,1879.00,1898.20,0
CAC40,19950914,1886.80,1902.20,1886.80,1892.40,0
CAC40,19950915,1890.10,1908.90,1876.40,1880.00,0
CAC40,19950918,1878.40,1878.70,1866.70,1871.70,0
CAC40,19950919,1879.30,1899.60,1875.60,1882.50,0
CAC40,19950920,1888.20,1899.40,1857.80,1863.80,0
CAC40,19950921,1852.00,1861.80,1846.90,1853.90,0
CAC40,19950922,1836.20,1839.50,1787.70,1790.70,0
CAC40,19950925,1812.60,1813.40,1778.50,1800.60,0
CAC40,19950926,1814.30,1819.90,1805.70,1816.30,0
CAC40,19950927,1807.40,1808.10,1778.10,1791.80,0
CAC40,19950928,1786.40,1793.10,1757.40,1767.60,0
CAC40,19950929,1753.90,1788.40,1747.50,1788.40,0
CAC40,19951002,1788.30,1792.60,1770.90,1780.70,0
CAC40,19951003,1772.50,1805.70,1766.70,1800.70,0
CAC40,19951004,1807.10,1808.10,1785.70,1803.90,0
CAC40,19951005,1797.20,1807.00,1788.50,1800.30,0
CAC40,19951006,1781.30,1810.90,1753.30,1809.60,0
CAC40,19951009,1796.40,1807.80,1782.10,1785.70,0
CAC40,19951010,1783.40,1795.90,1755.40,1778.00,0
CAC40,19951011,1773.70,1803.30,1763.70,1794.40,0
CAC40,19951012,1799.50,1807.00,1789.40,1803.80,0
CAC40,19951013,1816.00,1830.50,1811.20,1817.00,0
CAC40,19951016,1810.30,1815.50,1788.90,1790.50,0
CAC40,19951017,1785.80,1795.50,1775.00,1779.70,0
CAC40,19951018,1779.10,1786.30,1764.40,1770.70,0
CAC40,19951019,1766.80,1769.30,1750.30,1757.30,0
CAC40,19951020,1760.30,1765.00,1731.40,1740.70,0
CAC40,19951023,1728.50,1732.20,1713.30,1721.10,0
CAC40,19951024,1727.70,1737.90,1719.50,1724.20,0
CAC40,19951025,1744.80,1766.10,1743.60,1764.10,0
CAC40,19951026,1758.30,1766.90,1744.40,1754.10,0
CAC40,19951027,1752.80,1752.80,1728.10,1742.40,0
CAC40,19951030,1768.30,1801.00,1768.30,1795.30,0
CAC40,19951031,1801.60,1824.00,1796.10,1814.00,0
CAC40,19951102,1835.10,1842.20,1818.50,1828.70,0
CAC40,19951103,1839.50,1841.30,1825.60,1832.10,0
CAC40,19951106,1828.10,1828.10,1810.80,1822.60,0
CAC40,19951107,1829.00,1864.70,1805.60,1857.40,0
CAC40,19951108,1867.10,1874.90,1854.60,1866.30,0
CAC40,19951109,1878.70,1882.40,1850.20,1852.60,0
CAC40,19951110,1848.80,1848.80,1830.40,1839.80,0
CAC40,19951113,1826.80,1846.60,1824.40,1838.20,0
CAC40,19951114,1844.80,1847.30,1831.30,1838.20,0
CAC40,19951115,1833.70,1881.60,1827.20,1875.20,0
CAC40,19951116,1902.80,1910.00,1891.60,1905.10,0
CAC40,19951117,1896.90,1903.70,1888.90,1890.50,0
CAC40,19951120,1895.60,1903.50,1875.90,1881.40,0
CAC40,19951121,1872.20,1878.10,1866.40,1872.90,0
CAC40,19951122,1877.40,1886.20,1863.40,1875.50,0
CAC40,19951123,1878.00,1885.60,1864.00,1867.10,0
CAC40,19951124,1874.20,1894.10,1874.20,1891.00,0
CAC40,19951127,1895.30,1900.00,1879.90,1889.80,0
CAC40,19951128,1878.00,1880.80,1863.40,1870.30,0
CAC40,19951129,1861.90,1874.10,1849.40,1857.30,0
CAC40,19951130,1841.60,1842.00,1821.30,1828.30,0
CAC40,19951201,1828.40,1831.90,1805.30,1820.90,0
CAC40,19951204,1786.80,1787.30,1766.60,1774.90,0
CAC40,19951205,1783.80,1814.90,1777.30,1814.90,0
CAC40,19951206,1812.50,1836.40,1809.30,1834.80,0
CAC40,19951207,1824.70,1848.80,1815.20,1846.80,0
CAC40,19951208,1843.30,1859.30,1832.50,1856.30,0
CAC40,19951211,1837.50,1851.50,1834.40,1849.60,0
CAC40,19951212,1855.60,1863.50,1846.20,1848.90,0
CAC40,19951213,1834.70,1840.90,1824.00,1833.80,0
CAC40,19951214,1834.30,1882.40,1833.80,1875.00,0
CAC40,19951215,1887.00,1891.40,1854.10,1859.30,0
CAC40,19951218,1857.20,1860.60,1816.80,1820.50,0
CAC40,19951219,1804.70,1818.20,1795.90,1810.20,0
CAC40,19951220,1819.40,1832.60,1814.40,1831.20,0
CAC40,19951221,1813.20,1834.60,1809.50,1834.40,0
CAC40,19951222,1845.50,1873.40,1844.20,1873.40,0
CAC40,19951226,1864.40,1869.90,1858.40,1866.70,0
CAC40,19951227,1865.50,1884.40,1857.70,1877.00,0
CAC40,19951228,1879.80,1896.00,1875.00,1879.10,0
CAC40,19951229,1875.10,1882.50,1862.50,1872.00,0
CAC40,19960102,1873.40,1910.30,1873.10,1908.40,0
CAC40,19960103,1927.80,1945.80,1917.40,1943.00,0
CAC40,19960104,1934.20,1952.60,1930.90,1931.20,0
CAC40,19960105,1920.50,1931.90,1906.90,1917.70,0
CAC40,19960108,1909.20,1933.00,1906.80,1916.60,0
CAC40,19960109,1926.90,1931.10,1909.70,1916.30,0
CAC40,19960110,1907.20,1924.70,1897.30,1910.10,0
CAC40,19960111,1894.00,1907.00,1891.10,1897.90,0
CAC40,19960112,1906.80,1915.70,1903.10,1907.60,0
CAC40,19960115,1914.00,1929.90,1911.90,1924.40,0
CAC40,19960116,1941.20,1952.90,1933.10,1952.10,0
CAC40,19960117,1957.10,1968.90,1943.60,1966.00,0
CAC40,19960118,1957.80,1971.40,1954.50,1960.10,0
CAC40,19960119,1965.40,1969.50,1955.90,1964.30,0
CAC40,19960122,1960.40,1967.30,1952.00,1954.40,0
CAC40,19960123,1940.30,1945.30,1931.70,1934.10,0
CAC40,19960124,1938.90,1949.50,1925.10,1946.00,0
CAC40,19960125,1957.10,1965.00,1947.70,1950.20,0
CAC40,19960126,1948.90,1970.80,1936.50,1966.70,0
CAC40,19960129,1965.30,1983.30,1959.50,1980.70,0
CAC40,19960130,1980.90,2004.40,1976.40,2003.10,0
CAC40,19960131,2015.20,2021.00,2001.10,2021.00,0
CAC40,19960201,2021.10,2032.40,2013.00,2024.10,0
CAC40,19960202,2015.50,2023.60,2007.40,2022.20,0
CAC40,19960205,2007.40,2008.40,1980.70,1985.60,0
CAC40,19960206,1990.00,1993.60,1975.50,1988.50,0
CAC40,19960207,1998.00,2003.30,1982.50,1983.30,0
CAC40,19960208,1987.50,1991.50,1953.00,1956.20,0
CAC40,19960209,1953.80,1962.40,1939.30,1960.70,0
CAC40,19960212,1953.90,1974.80,1949.20,1967.70,0
CAC40,19960213,1977.30,1985.60,1969.30,1983.30,0
CAC40,19960214,1971.30,1974.10,1956.40,1956.40,0
CAC40,19960215,1955.20,1964.20,1949.70,1964.20,0
CAC40,19960216,1958.40,1969.00,1945.70,1952.50,0
CAC40,19960219,1941.90,1942.60,1930.30,1939.70,0
CAC40,19960220,1947.10,1947.10,1914.00,1932.40,0
CAC40,19960221,1926.70,1945.90,1925.60,1936.90,0
CAC40,19960222,1941.40,1961.50,1941.40,1953.30,0
CAC40,19960223,1974.80,1986.80,1968.90,1976.90,0
CAC40,19960226,1969.80,1974.60,1959.30,1960.90,0
CAC40,19960227,1956.50,1982.20,1954.30,1974.50,0
CAC40,19960228,1982.80,2000.70,1982.80,1996.90,0
CAC40,19960229,1997.40,2000.40,1977.40,1990.80,0
CAC40,19960301,2004.50,2020.90,2004.50,2017.20,0
CAC40,19960304,2021.40,2023.40,2007.70,2015.30,0
CAC40,19960305,2026.70,2029.40,2000.80,2001.90,0
CAC40,19960306,2010.70,2013.70,2000.20,2005.90,0
CAC40,19960307,2011.50,2021.00,2001.60,2008.00,0
CAC40,19960308,2008.20,2010.10,1961.10,1975.50,0
CAC40,19960311,1944.50,1950.80,1919.10,1948.90,0
CAC40,19960312,1961.20,1961.40,1928.90,1932.10,0
CAC40,19960313,1935.00,1955.90,1935.00,1944.30,0
CAC40,19960314,1946.00,1962.40,1938.90,1962.40,0
CAC40,19960315,1966.90,1966.90,1936.40,1950.10,0
CAC40,19960318,1953.20,1970.70,1943.40,1965.00,0
CAC40,19960319,1976.10,1985.40,1964.30,1967.20,0
CAC40,19960320,1956.70,1973.40,1956.20,1969.80,0
CAC40,19960321,1974.20,1983.20,1966.70,1976.90,0
CAC40,19960322,1975.90,1983.80,1963.30,1974.40,0
CAC40,19960325,1991.00,2008.20,1991.00,2003.80,0
CAC40,19960326,2001.50,2013.30,1999.00,2008.00,0
CAC40,19960327,2023.00,2030.50,2016.70,2030.50,0
CAC40,19960328,2019.30,2021.60,1997.80,2020.00,0
CAC40,19960329,2044.50,2048.20,2023.30,2044.80,0
CAC40,19960401,2059.40,2059.40,2041.10,2055.60,0
CAC40,19960402,2061.20,2072.70,2050.20,2070.40,0
CAC40,19960403,2070.90,2070.90,2054.40,2064.00,0
CAC40,19960404,2066.00,2078.20,2061.80,2075.00,0
CAC40,19960409,2063.50,2088.20,2057.00,2081.70,0
CAC40,19960410,2099.20,2100.90,2079.30,2093.90,0
CAC40,19960411,2080.50,2084.50,2064.70,2072.50,0
CAC40,19960412,2072.80,2075.80,2059.40,2074.70,0
CAC40,19960415,2088.50,2093.80,2073.50,2080.60,0
CAC40,19960416,2077.60,2098.60,2075.40,2097.30,0
CAC40,19960417,2092.60,2099.70,2073.90,2075.10,0
CAC40,19960418,2069.00,2100.60,2068.40,2086.00,0
CAC40,19960419,2087.80,2094.40,2077.50,2092.50,0
CAC40,19960422,2101.60,2120.50,2100.00,2116.50,0
CAC40,19960423,2115.40,2120.30,2107.20,2112.00,0
CAC40,19960424,2122.10,2127.60,2117.20,2122.10,0
CAC40,19960425,2118.70,2118.80,2108.00,2116.40,0
CAC40,19960426,2127.30,2143.20,2127.30,2138.40,0
CAC40,19960429,2132.50,2137.00,2122.00,2130.80,0
CAC40,19960430,2126.70,2151.60,2124.00,2146.80,0
CAC40,19960502,2154.90,2164.20,2134.30,2136.80,0
CAC40,19960503,2110.90,2118.20,2090.20,2115.40,0
CAC40,19960506,2100.90,2106.40,2088.70,2090.40,0
CAC40,19960507,2098.20,2101.50,2080.30,2083.70,0
CAC40,19960509,2088.70,2098.30,2076.90,2085.40,0
CAC40,19960510,2086.00,2114.90,2074.60,2114.80,0
CAC40,19960513,2111.80,2117.40,2098.10,2100.90,0
CAC40,19960514,2111.20,2125.40,2109.40,2122.10,0
CAC40,19960515,2119.20,2124.60,2111.80,2124.60,0
CAC40,19960517,2113.50,2140.80,2113.30,2136.90,0
CAC40,19960520,2137.20,2137.70,2115.10,2120.60,0
CAC40,19960521,2126.20,2136.90,2117.70,2129.70,0
CAC40,19960522,2119.70,2120.90,2098.30,2103.50,0
CAC40,19960523,2109.50,2119.00,2104.20,2114.50,0
CAC40,19960524,2118.60,2119.00,2111.20,2117.70,0
CAC40,19960528,2122.70,2146.40,2122.70,2132.90,0
CAC40,19960529,2132.80,2142.00,2114.10,2117.10,0
CAC40,19960530,2109.50,2111.60,2095.60,2108.40,0
CAC40,19960531,2115.50,2123.30,2109.40,2110.10,0
CAC40,19960603,2105.40,2121.70,2100.50,2121.10,0
CAC40,19960604,2120.60,2122.40,2110.10,2111.00,0
CAC40,19960605,2112.10,2120.40,2110.40,2115.40,0
CAC40,19960606,2120.30,2139.10,2120.00,2133.20,0
CAC40,19960607,2134.70,2144.20,2095.10,2102.00,0
CAC40,19960610,2116.50,2122.60,2111.50,2120.80,0
CAC40,19960611,2114.60,2138.20,2108.10,2137.50,0
CAC40,19960612,2132.10,2147.50,2128.20,2137.30,0
CAC40,19960613,2131.40,2137.90,2121.70,2126.20,0
CAC40,19960614,2124.90,2128.40,2103.10,2111.80,0
CAC40,19960617,2116.20,2118.90,2110.90,2113.00,0
CAC40,19960618,2101.50,2112.80,2096.20,2107.90,0
CAC40,19960619,2100.90,2110.90,2096.90,2100.70,0
CAC40,19960620,2090.80,2091.50,2073.10,2077.10,0
CAC40,19960621,2079.30,2086.90,2077.20,2084.20,0
CAC40,19960624,2092.60,2104.20,2092.00,2097.60,0
CAC40,19960625,2099.00,2125.00,2099.00,2118.40,0
CAC40,19960626,2115.00,2118.00,2109.80,2113.30,0
CAC40,19960627,2111.40,2123.70,2105.90,2112.90,0
CAC40,19960628,2117.10,2128.80,2115.20,2123.70,0
CAC40,19960701,2110.90,2120.60,2110.30,2118.80,0
CAC40,19960702,2121.70,2127.10,2109.10,2111.80,0
CAC40,19960703,2110.00,2120.20,2107.80,2114.00,0
CAC40,19960704,2116.20,2127.80,2116.20,2126.80,0
CAC40,19960705,2125.50,2131.00,2088.30,2098.80,0
CAC40,19960708,2085.40,2088.50,2065.00,2079.10,0
CAC40,19960709,2076.80,2084.90,2072.10,2076.60,0
CAC40,19960710,2084.10,2091.80,2081.30,2081.90,0
CAC40,19960711,2091.00,2093.80,2070.70,2073.40,0
CAC40,19960712,2067.30,2068.30,2047.80,2050.60,0
CAC40,19960715,2053.10,2054.70,2027.60,2029.50,0
CAC40,19960716,2001.60,2007.30,1975.70,1989.50,0
CAC40,19960717,2006.40,2010.50,1989.90,1995.10,0
CAC40,19960718,2008.00,2014.40,2001.50,2007.30,0
CAC40,19960719,2021.90,2023.50,1991.30,1992.80,0
CAC40,19960722,1993.90,1993.90,1956.40,1960.30,0
CAC40,19960723,1968.00,1982.70,1965.70,1982.20,0
CAC40,19960724,1961.10,1961.10,1939.60,1954.10,0
CAC40,19960725,1975.10,1976.70,1953.50,1974.70,0
CAC40,19960726,1978.40,1981.80,1959.60,1962.90,0
CAC40,19960729,1971.20,1973.30,1955.20,1961.10,0
CAC40,19960730,1953.90,1975.20,1944.10,1968.50,0
CAC40,19960731,1974.80,2002.00,1970.80,1995.90,0
CAC40,19960801,2003.00,2012.90,1989.90,2009.90,0
CAC40,19960802,2021.50,2030.80,2011.00,2023.40,0
CAC40,19960805,2023.40,2031.50,2009.70,2013.20,0
CAC40,19960806,2006.20,2008.40,1990.90,1999.30,0
CAC40,19960807,1998.80,2000.90,1985.90,1996.70,0
CAC40,19960808,2001.60,2004.10,1991.90,1997.40,0
CAC40,19960809,1989.20,1998.60,1980.50,1985.40,0
CAC40,19960812,1982.10,1984.10,1970.20,1978.20,0
CAC40,19960813,1982.90,1988.80,1974.50,1980.60,0
CAC40,19960814,1978.00,1983.50,1973.10,1979.50,0
CAC40,19960819,1991.50,1997.70,1983.30,1986.20,0
CAC40,19960820,1993.70,2020.60,1993.00,2019.30,0
CAC40,19960821,2013.30,2013.30,1994.70,2000.60,0
CAC40,19960822,2002.90,2026.50,2001.20,2017.80,0
CAC40,19960823,2022.50,2022.50,2008.40,2020.80,0
CAC40,19960826,2018.90,2024.50,2012.50,2020.40,0
CAC40,19960827,2014.70,2021.30,2012.40,2018.00,0
CAC40,19960828,2015.80,2016.00,1995.80,2002.90,0
CAC40,19960829,1995.30,1997.00,1973.80,1977.60,0
CAC40,19960830,1968.80,1984.30,1962.40,1970.60,0
CAC40,19960902,1972.70,1980.00,1968.40,1977.00,0
CAC40,19960903,1972.90,1972.90,1949.70,1971.40,0
CAC40,19960904,1979.40,1989.90,1978.60,1984.80,0
CAC40,19960905,1987.80,2000.40,1987.40,1996.20,0
CAC40,19960906,1987.60,2010.60,1976.30,2004.80,0
CAC40,19960909,2009.40,2024.90,2008.00,2020.30,0
CAC40,19960910,2030.30,2046.20,2030.10,2042.10,0
CAC40,19960911,2038.40,2044.00,2026.20,2038.10,0
CAC40,19960912,2045.90,2066.70,2043.40,2065.40,0
CAC40,19960913,2067.20,2085.50,2059.10,2080.40,0
CAC40,19960916,2081.80,2091.50,2077.50,2086.20,0
CAC40,19960917,2090.40,2090.70,2073.40,2080.90,0
CAC40,19960918,2078.30,2078.90,2069.10,2072.70,0
CAC40,19960919,2067.70,2089.80,2066.80,2082.30,0
CAC40,19960920,2086.00,2088.60,2071.20,2079.50,0
CAC40,19960923,2069.40,2079.20,2063.30,2067.10,0
CAC40,19960924,2077.60,2085.40,2076.50,2081.50,0
CAC40,19960925,2089.70,2109.90,2088.80,2103.40,0
CAC40,19960926,2104.50,2111.20,2096.50,2104.10,0
CAC40,19960927,2094.50,2111.20,2094.50,2107.10,0
CAC40,19960930,2106.30,2133.10,2102.00,2132.80,0
CAC40,19961001,2131.50,2131.50,2121.40,2123.20,0
CAC40,19961002,2133.20,2148.20,2132.30,2141.80,0
CAC40,19961003,2147.70,2147.70,2128.60,2136.10,0
CAC40,19961004,2133.40,2155.20,2124.50,2152.70,0
CAC40,19961007,2154.80,2160.20,2148.40,2151.60,0
CAC40,19961008,2143.20,2163.30,2141.60,2161.50,0
CAC40,19961009,2158.30,2166.00,2142.10,2146.70,0
CAC40,19961010,2139.30,2143.20,2123.80,2135.60,0
CAC40,19961011,2133.60,2148.90,2130.40,2147.10,0
CAC40,19961014,2139.60,2144.30,2132.40,2143.60,0
CAC40,19961015,2151.70,2176.50,2151.70,2168.30,0
CAC40,19961016,2169.70,2171.20,2149.20,2158.50,0
CAC40,19961017,2153.10,2165.50,2148.60,2165.30,0
CAC40,19961018,2172.90,2187.10,2172.80,2185.20,0
CAC40,19961021,2190.80,2190.80,2174.90,2180.20,0
CAC40,19961022,2174.50,2179.40,2171.50,2175.60,0
CAC40,19961023,2167.20,2169.60,2143.50,2148.90,0
CAC40,19961024,2143.90,2154.50,2141.80,2151.60,0
CAC40,19961025,2146.30,2168.40,2143.80,2162.40,0
CAC40,19961028,2166.50,2166.50,2145.20,2150.40,0
CAC40,19961029,2137.40,2137.40,2116.80,2125.70,0
CAC40,19961030,2117.60,2140.60,2117.60,2124.80,0
CAC40,19961031,2128.40,2144.00,2124.00,2140.50,0
CAC40,19961104,2121.60,2146.20,2121.60,2142.20,0
CAC40,19961105,2146.80,2188.10,2143.90,2187.30,0
CAC40,19961106,2197.10,2218.60,2197.10,2213.40,0
CAC40,19961107,2204.80,2212.20,2194.20,2211.80,0
CAC40,19961108,2221.00,2223.60,2200.70,2205.20,0
CAC40,19961112,2206.60,2229.20,2196.70,2229.10,0
CAC40,19961113,2221.40,2225.00,2214.60,2217.20,0
CAC40,19961114,2232.80,2233.80,2210.60,2218.20,0
CAC40,19961115,2225.70,2250.30,2223.20,2240.30,0
CAC40,19961118,2228.40,2235.40,2223.80,2228.80,0
CAC40,19961119,2226.30,2240.10,2223.30,2240.10,0
CAC40,19961120,2243.40,2243.50,2219.70,2233.40,0
CAC40,19961121,2226.60,2243.60,2226.60,2233.60,0
CAC40,19961122,2225.90,2255.50,2222.10,2255.50,0
CAC40,19961125,2263.60,2282.20,2263.50,2277.10,0
CAC40,19961126,2284.80,2284.90,2270.70,2275.10,0
CAC40,19961127,2272.80,2279.60,2262.00,2270.80,0
CAC40,19961128,2272.50,2295.50,2269.60,2290.30,0
CAC40,19961129,2300.30,2327.80,2300.30,2315.70,0
CAC40,19961202,2308.00,2324.10,2305.30,2318.60,0
CAC40,19961203,2336.30,2358.70,2335.20,2349.10,0
CAC40,19961204,2321.60,2324.20,2303.00,2308.70,0
CAC40,19961205,2299.90,2318.50,2285.00,2292.50,0
CAC40,19961206,2246.50,2246.50,2180.40,2240.70,0
CAC40,19961209,2255.90,2264.10,2250.30,2255.80,0
CAC40,19961210,2271.40,2271.40,2240.50,2251.40,0
CAC40,19961211,2226.80,2238.30,2202.50,2213.30,0
CAC40,19961212,2216.60,2231.20,2207.20,2212.10,0
CAC40,19961213,2182.00,2205.00,2171.60,2203.40,0
CAC40,19961216,2214.70,2230.50,2208.40,2222.60,0
CAC40,19961217,2210.90,2220.70,2188.90,2193.70,0
CAC40,19961218,2207.80,2224.30,2205.10,2218.90,0
CAC40,19961219,2226.40,2250.80,2224.20,2248.70,0
CAC40,19961220,2271.00,2288.90,2270.60,2278.50,0
CAC40,19961223,2272.10,2287.80,2265.50,2287.40,0
CAC40,19961224,2297.90,2297.90,2274.90,2289.60,0
CAC40,19961226,2289.90,2311.00,2286.50,2303.80,0
CAC40,19961227,2301.50,2312.20,2291.40,2307.00,0
CAC40,19961230,2316.60,2321.80,2311.30,2318.60,0
CAC40,19961231,2323.90,2328.20,2302.10,2315.70,0
CAC40,19970102,2305.90,2305.90,2251.50,2257.00,0
CAC40,19970103,2265.60,2285.50,2259.50,2282.80,0
CAC40,19970106,2309.90,2309.90,2294.80,2306.70,0
CAC40,19970107,2301.40,2315.30,2294.00,2301.70,0
CAC40,19970108,2316.20,2333.20,2315.60,2331.60,0
CAC40,19970109,2324.60,2350.40,2320.60,2349.10,0
CAC40,19970110,2347.90,2347.90,2308.70,2327.50,0
CAC40,19970113,2354.50,2371.40,2353.90,2361.30,0
CAC40,19970114,2363.70,2403.70,2356.40,2402.10,0
CAC40,19970115,2416.20,2418.90,2382.40,2388.00,0
CAC40,19970116,2392.90,2414.50,2389.40,2407.80,0
CAC40,19970117,2408.60,2426.10,2405.40,2425.10,0
CAC40,19970120,2426.80,2438.50,2405.10,2406.10,0
CAC40,19970121,2406.70,2412.90,2384.80,2409.90,0
CAC40,19970122,2436.60,2450.30,2428.20,2442.50,0
CAC40,19970123,2436.80,2463.90,2430.40,2461.30,0
CAC40,19970124,2431.60,2442.50,2422.80,2430.30,0
CAC40,19970127,2443.10,2449.20,2428.20,2435.20,0
CAC40,19970128,2431.70,2484.30,2431.70,2482.80,0
CAC40,19970129,2466.50,2470.10,2445.50,2465.00,0
CAC40,19970130,2483.60,2505.50,2483.60,2503.10,0
CAC40,19970131,2515.50,2521.90,2488.20,2516.60,0
CAC40,19970203,2519.70,2520.00,2500.10,2508.60,0
CAC40,19970204,2514.40,2519.90,2498.80,2503.10,0
CAC40,19970205,2510.60,2544.10,2510.60,2541.30,0
CAC40,19970206,2531.20,2558.60,2520.00,2558.40,0
CAC40,19970207,2566.50,2598.40,2565.00,2597.50,0
CAC40,19970210,2583.30,2615.70,2583.00,2595.40,0
CAC40,19970211,2599.70,2599.70,2577.40,2582.10,0
CAC40,19970212,2597.60,2614.60,2584.10,2599.30,0
CAC40,19970213,2619.80,2631.90,2618.60,2628.40,0
CAC40,19970214,2637.50,2644.00,2616.90,2627.40,0
CAC40,19970217,2618.30,2634.60,2610.70,2634.50,0
CAC40,19970218,2645.80,2658.60,2613.00,2617.50,0
CAC40,19970219,2620.70,2622.50,2586.60,2594.80,0
CAC40,19970220,2570.00,2583.00,2562.10,2575.20,0
CAC40,19970221,2552.60,2575.90,2550.80,2562.80,0
CAC40,19970224,2564.60,2574.30,2554.60,2567.90,0
CAC40,19970225,2594.20,2617.60,2592.60,2607.70,0
CAC40,19970226,2606.30,2621.30,2582.30,2602.20,0
CAC40,19970227,2605.40,2636.50,2605.40,2629.40,0
CAC40,19970228,2633.20,2633.20,2605.30,2607.80,0
CAC40,19970303,2616.90,2625.00,2594.50,2600.30,0
CAC40,19970304,2623.50,2653.70,2619.90,2651.70,0
CAC40,19970305,2640.40,2676.60,2628.20,2666.20,0
CAC40,19970306,2700.40,2711.10,2690.80,2698.90,0
CAC40,19970307,2695.60,2719.00,2670.40,2708.30,0
CAC40,19970310,2701.40,2724.40,2700.30,2709.20,0
CAC40,19970311,2724.50,2736.70,2682.90,2686.20,0
CAC40,19970312,2680.90,2680.90,2640.60,2641.70,0
CAC40,19970313,2618.50,2639.60,2612.30,2632.10,0
CAC40,19970314,2589.80,2648.40,2582.10,2645.60,0
CAC40,19970317,2637.00,2637.00,2588.40,2588.40,0
CAC40,19970318,2584.80,2594.00,2563.80,2574.00,0
CAC40,19970319,2580.00,2599.20,2577.40,2596.80,0
CAC40,19970320,2571.00,2580.20,2541.50,2553.70,0
CAC40,19970321,2585.90,2609.50,2580.80,2587.10,0
CAC40,19970324,2607.80,2609.10,2572.30,2579.30,0
CAC40,19970325,2596.30,2625.50,2592.20,2624.30,0
CAC40,19970326,2631.80,2655.10,2616.20,2648.70,0
CAC40,19970327,2647.10,2687.50,2647.10,2656.70,0
CAC40,19970401,2585.10,2592.20,2556.20,2581.80,0
CAC40,19970402,2595.30,2602.50,2527.70,2530.30,0
CAC40,19970403,2527.80,2533.30,2503.20,2514.50,0
CAC40,19970404,2535.90,2541.70,2498.70,2518.00,0
CAC40,19970407,2557.10,2589.10,2554.80,2572.30,0
CAC40,19970408,2584.40,2588.50,2570.80,2579.00,0
CAC40,19970409,2613.70,2628.60,2610.30,2617.60,0
CAC40,19970410,2605.70,2614.70,2593.10,2608.00,0
CAC40,19970411,2609.20,2618.00,2569.20,2574.60,0
CAC40,19970414,2539.40,2573.60,2528.30,2566.10,0
CAC40,19970415,2591.80,2626.50,2572.60,2620.60,0
CAC40,19970416,2626.50,2640.30,2602.10,2621.00,0
CAC40,19970417,2637.50,2644.80,2600.30,2615.20,0
CAC40,19970418,2584.10,2584.10,2540.80,2547.60,0
CAC40,19970421,2516.00,2529.10,2507.80,2522.70,0
CAC40,19970422,2538.60,2538.90,2487.80,2514.70,0
CAC40,19970423,2541.80,2547.60,2528.60,2533.60,0
CAC40,19970424,2552.40,2562.90,2527.40,2539.80,0
CAC40,19970425,2527.40,2550.10,2526.70,2536.30,0
CAC40,19970428,2545.50,2555.20,2535.70,2550.30,0
CAC40,19970429,2571.10,2606.40,2556.40,2602.90,0
CAC40,19970430,2641.20,2641.20,2603.40,2639.50,0
CAC40,19970502,2646.10,2662.30,2634.70,2655.30,0
CAC40,19970505,2652.10,2680.20,2650.10,2672.80,0
CAC40,19970506,2682.40,2685.70,2640.50,2651.90,0
CAC40,19970507,2655.70,2666.20,2632.50,2643.30,0
CAC40,19970509,2624.00,2651.00,2624.00,2633.90,0
CAC40,19970512,2648.70,2695.20,2645.40,2693.10,0
CAC40,19970513,2711.50,2732.90,2701.80,2719.60,0
CAC40,19970514,2728.90,2781.90,2728.90,2774.60,0
CAC40,19970515,2755.20,2784.90,2754.70,2776.00,0
CAC40,19970516,2771.70,2804.50,2771.70,2784.30,0
CAC40,19970520,2757.70,2762.60,2731.20,2751.10,0
CAC40,19970521,2757.00,2800.30,2757.00,2786.40,0
CAC40,19970522,2784.60,2788.80,2737.30,2741.70,0
CAC40,19970523,2742.00,2771.50,2742.00,2762.90,0
CAC40,19970526,2656.90,2695.90,2645.70,2654.70,0
CAC40,19970527,2633.00,2681.00,2633.00,2680.30,0
CAC40,19970528,2688.80,2688.80,2561.20,2583.20,0
CAC40,19970529,2585.40,2627.50,2567.00,2579.20,0
CAC40,19970530,2566.60,2585.40,2536.10,2583.90,0
CAC40,19970602,2512.60,2645.90,2498.80,2601.50,0
CAC40,19970603,2615.40,2635.40,2604.40,2624.50,0
CAC40,19970604,2617.10,2644.20,2613.30,2635.40,0
CAC40,19970605,2649.60,2724.60,2648.90,2690.90,0
CAC40,19970606,2703.40,2725.70,2688.40,2719.30,0
CAC40,19970609,2738.20,2749.20,2657.10,2686.20,0
CAC40,19970610,2671.20,2679.90,2647.00,2664.20,0
CAC40,19970611,2680.70,2706.50,2673.60,2696.20,0
CAC40,19970612,2726.50,2760.30,2726.50,2760.30,0
CAC40,19970613,2781.90,2811.90,2781.80,2808.50,0
CAC40,19970616,2820.00,2825.20,2790.70,2795.90,0
CAC40,19970617,2789.10,2811.30,2745.80,2762.60,0
CAC40,19970618,2751.30,2754.00,2724.50,2751.70,0
CAC40,19970619,2758.90,2790.20,2721.00,2739.70,0
CAC40,19970620,2726.00,2770.50,2716.10,2757.10,0
CAC40,19970623,2742.90,2765.50,2732.40,2762.20,0
CAC40,19970624,2748.50,2795.50,2748.40,2784.80,0
CAC40,19970625,2816.70,2873.80,2816.70,2867.40,0
CAC40,19970626,2890.20,2900.80,2865.30,2893.60,0
CAC40,19970627,2903.20,2903.20,2875.30,2891.00,0
CAC40,19970630,2884.50,2896.70,2858.30,2858.30,0
CAC40,19970701,2866.10,2944.00,2866.00,2944.00,0
CAC40,19970702,2947.60,2986.10,2879.60,2909.50,0
CAC40,19970703,2926.50,2949.70,2908.40,2937.00,0
CAC40,19970704,2926.50,2946.70,2913.20,2934.50,0
CAC40,19970707,2917.70,2955.20,2917.70,2947.70,0
CAC40,19970708,2948.70,2952.50,2917.30,2929.80,0
CAC40,19970709,2946.50,2978.60,2942.20,2950.60,0
CAC40,19970710,2928.50,2954.40,2914.50,2929.10,0
CAC40,19970711,2937.60,2946.10,2928.40,2941.60,0
CAC40,19970715,2944.30,2965.30,2935.50,2950.70,0
CAC40,19970716,2969.80,2998.30,2968.60,2988.00,0
CAC40,19970717,3006.10,3006.50,2958.50,2958.60,0
CAC40,19970718,2941.90,2941.90,2843.40,2876.70,0
CAC40,19970721,2854.10,2879.20,2830.70,2874.10,0
CAC40,19970722,2901.70,2923.50,2891.20,2921.10,0
CAC40,19970723,2984.60,3027.00,2984.30,3003.50,0
CAC40,19970724,3015.10,3024.70,2969.10,2973.50,0
CAC40,19970725,3011.10,3030.60,2987.50,3025.90,0
CAC40,19970728,3026.40,3044.20,3017.90,3022.20,0
CAC40,19970729,3016.40,3042.30,3015.20,3023.60,0
CAC40,19970730,3052.60,3075.90,3047.20,3069.30,0
CAC40,19970731,3089.60,3107.30,3065.20,3075.70,0
CAC40,19970801,3097.20,3097.20,3024.10,3049.50,0
CAC40,19970804,3061.20,3061.20,2980.60,2992.40,0
CAC40,19970805,3011.90,3017.10,2959.80,2984.10,0
CAC40,19970806,2981.80,3043.40,2963.30,3037.10,0
CAC40,19970807,3069.50,3077.90,3046.40,3056.30,0
CAC40,19970808,3045.90,3045.90,2981.10,2996.30,0
CAC40,19970811,2964.50,3004.60,2953.60,2983.40,0
CAC40,19970812,3009.90,3013.00,2982.90,2998.60,0
CAC40,19970813,2965.50,2983.00,2912.00,2924.00,0
CAC40,19970814,2930.40,2933.10,2910.10,2921.80,0
CAC40,19970818,2846.00,2884.90,2822.80,2870.10,0
CAC40,19970819,2914.80,2936.90,2888.30,2936.20,0
CAC40,19970820,2977.00,2981.50,2958.30,2979.30,0
CAC40,19970821,2988.00,2992.60,2951.00,2957.20,0
CAC40,19970822,2925.40,2948.70,2877.30,2904.20,0
CAC40,19970825,2935.30,2935.50,2876.20,2898.60,0
CAC40,19970826,2902.70,2912.80,2836.20,2869.30,0
CAC40,19970827,2847.60,2899.50,2838.60,2871.70,0
CAC40,19970828,2895.50,2896.70,2809.60,2828.40,0
CAC40,19970829,2797.90,2804.40,2764.10,2770.50,0
CAC40,19970901,2796.40,2814.60,2781.40,2805.80,0
CAC40,19970902,2830.40,2921.60,2817.30,2921.20,0
CAC40,19970903,2955.30,2958.80,2898.70,2918.00,0
CAC40,19970904,2876.90,2943.50,2876.90,2927.00,0
CAC40,19970905,2931.80,2966.00,2918.00,2924.50,0
CAC40,19970908,2917.40,2947.30,2909.90,2940.90,0
CAC40,19970909,2936.00,2943.00,2902.00,2919.70,0
CAC40,19970910,2920.10,2928.10,2864.40,2874.60,0
CAC40,19970911,2848.20,2863.50,2829.50,2843.60,0
CAC40,19970912,2852.30,2917.30,2828.00,2834.10,0
CAC40,19970915,2872.40,2902.40,2842.90,2898.60,0
CAC40,19970916,2885.20,2949.20,2878.80,2940.60,0
CAC40,19970917,2967.70,2976.20,2936.20,2944.00,0
CAC40,19970918,2943.50,2990.70,2932.10,2978.40,0
CAC40,19970919,2985.10,2997.00,2960.60,2977.20,0
CAC40,19970922,2991.10,3025.80,2990.20,3017.50,0
CAC40,19970923,2997.20,3014.00,2978.30,2997.20,0
CAC40,19970924,2983.90,3027.60,2983.90,3023.70,0
CAC40,19970925,3018.60,3027.90,3003.40,3005.40,0
CAC40,19970926,2980.20,3004.30,2972.00,2985.60,0
CAC40,19970929,2972.90,2995.40,2954.10,2989.00,0
CAC40,19970930,3003.60,3020.90,3001.00,3008.30,0
CAC40,19971001,2999.10,3062.10,2982.00,3054.90,0
CAC40,19971002,3051.70,3073.50,3047.70,3052.10,0
CAC40,19971003,3067.50,3114.00,3060.40,3094.00,0
CAC40,19971006,3074.90,3108.00,3069.30,3078.00,0
CAC40,19971007,3078.40,3095.70,3030.30,3064.40,0
CAC40,19971008,3080.60,3083.00,3008.00,3024.10,0
CAC40,19971009,3002.20,3029.30,2927.50,2960.70,0
CAC40,19971010,2945.10,2957.60,2906.80,2955.10,0
CAC40,19971013,2969.90,3007.20,2969.90,3002.90,0
CAC40,19971014,2994.60,3011.10,2975.10,3002.50,0
CAC40,19971015,2976.60,2992.20,2956.90,2992.20,0
CAC40,19971016,2960.90,2993.30,2955.90,2992.90,0
CAC40,19971017,2954.80,2965.00,2939.40,2958.00,0
CAC40,19971020,2937.70,2959.30,2927.70,2946.70,0
CAC40,19971021,2955.10,2992.40,2950.00,2989.90,0
CAC40,19971022,3002.20,3019.00,2958.10,2958.10,0
CAC40,19971023,2890.50,2925.30,2827.20,2856.90,0
CAC40,19971024,2865.90,2900.80,2834.90,2849.00,0
CAC40,19971027,2811.20,2811.20,2734.30,2769.60,0
CAC40,19971028,2478.50,2654.10,2475.00,2651.30,0
CAC40,19971029,2792.50,2818.00,2728.30,2818.00,0
CAC40,19971030,2754.80,2767.90,2681.50,2739.50,0
CAC40,19971031,2775.50,2776.10,2715.50,2739.30,0
CAC40,19971103,2746.00,2814.20,2746.00,2788.00,0
CAC40,19971104,2773.10,2794.70,2764.20,2774.90,0
CAC40,19971105,2810.70,2851.60,2806.50,2822.40,0
CAC40,19971106,2773.90,2810.50,2771.40,2781.80,0
CAC40,19971107,2733.40,2733.40,2674.20,2707.10,0
CAC40,19971112,2688.80,2701.00,2649.50,2694.50,0
CAC40,19971113,2691.60,2712.20,2681.80,2700.70,0
CAC40,19971114,2735.90,2751.40,2691.90,2698.90,0
CAC40,19971117,2772.10,2779.60,2760.10,2773.00,0
CAC40,19971118,2787.20,2793.60,2762.60,2782.60,0
CAC40,19971119,2753.00,2792.30,2753.00,2790.60,0
CAC40,19971120,2801.30,2826.70,2800.90,2821.20,0
CAC40,19971121,2846.10,2876.30,2837.20,2861.70,0
CAC40,19971124,2837.20,2841.00,2789.00,2802.50,0
CAC40,19971125,2799.70,2817.70,2784.30,2786.30,0
CAC40,19971126,2813.70,2821.30,2800.50,2811.70,0
CAC40,19971127,2836.70,2839.40,2826.00,2829.00,0
CAC40,19971128,2814.60,2860.20,2809.30,2854.40,0
CAC40,19971201,2878.40,2923.40,2878.00,2918.50,0
CAC40,19971202,2921.00,2925.00,2891.70,2913.10,0
CAC40,19971203,2905.60,2921.80,2892.90,2902.40,0
CAC40,19971204,2919.10,2948.10,2914.50,2914.50,0
CAC40,19971205,2908.90,2945.20,2883.40,2910.10,0
CAC40,19971208,2930.60,2947.00,2920.00,2932.50,0
CAC40,19971209,2934.20,2968.80,2932.00,2959.40,0
CAC40,19971210,2943.70,2947.00,2915.40,2932.20,0
CAC40,19971211,2866.50,2883.40,2825.20,2828.50,0
CAC40,19971212,2848.20,2861.90,2820.40,2830.30,0
CAC40,19971215,2836.20,2852.20,2824.80,2838.30,0
CAC40,19971216,2875.80,2912.50,2864.40,2912.20,0
CAC40,19971217,2916.10,2920.20,2888.60,2893.30,0
CAC40,19971218,2901.00,2915.00,2887.20,2894.50,0
CAC40,19971219,2846.10,2849.60,2815.70,2822.90,0
CAC40,19971222,2821.20,2879.00,2816.40,2869.70,0
CAC40,19971223,2860.10,2873.20,2851.20,2858.10,0
CAC40,19971224,2847.10,2874.10,2835.80,2874.10,0
CAC40,19971226,2862.10,2879.90,2862.10,2875.10,0
CAC40,19971229,2888.60,2949.10,2888.60,2939.50,0
CAC40,19971230,2961.90,2978.60,2948.90,2975.50,0
CAC40,19971231,2982.70,3007.30,2972.60,2998.90,0
CAC40,19980102,3012.00,3048.00,3005.80,3038.70,0
CAC40,19980105,3023.40,3075.30,3023.40,3072.80,0
CAC40,19980106,3055.10,3055.10,3025.20,3037.70,0
CAC40,19980107,3012.80,3062.20,3006.70,3006.70,0
CAC40,19980108,3035.00,3036.00,2949.70,2954.90,0
CAC40,19980109,2933.30,2941.60,2902.10,2919.80,0
CAC40,19980112,2831.00,2870.50,2809.70,2862.50,0
CAC40,19980113,2914.10,2914.60,2881.50,2902.90,0
CAC40,19980114,2935.10,2950.00,2906.30,2919.80,0
CAC40,19980115,2915.60,2932.80,2904.70,2932.80,0
CAC40,19980116,2955.60,2976.90,2952.70,2976.10,0
CAC40,19980119,3004.90,3016.80,2984.40,2987.00,0
CAC40,19980120,2994.10,3013.60,2993.10,3008.30,0
CAC40,19980121,3011.00,3011.00,2986.10,2998.10,0
CAC40,19980122,2957.50,2993.50,2944.30,2988.60,0
CAC40,19980123,2987.40,3005.80,2954.40,2966.20,0
CAC40,19980126,2992.50,3004.80,2961.90,3000.50,0
CAC40,19980127,3003.90,3054.30,3001.80,3052.00,0
CAC40,19980128,3074.20,3105.50,3064.50,3088.30,0
CAC40,19980129,3101.10,3138.20,3096.40,3133.80,0
CAC40,19980130,3124.80,3174.00,3123.10,3172.10,0
CAC40,19980202,3206.30,3221.60,3178.30,3187.50,0
CAC40,19980203,3174.20,3196.10,3163.40,3188.40,0
CAC40,19980204,3175.10,3175.10,3147.80,3166.30,0
CAC40,19980205,3186.70,3239.40,3182.40,3189.60,0
CAC40,19980206,3189.40,3232.50,3173.00,3216.70,0
CAC40,19980209,3229.90,3239.40,3216.10,3220.90,0
CAC40,19980210,3214.00,3249.20,3212.10,3235.80,0
CAC40,19980211,3264.10,3272.30,3230.80,3240.00,0
CAC40,19980212,3239.60,3244.40,3178.70,3178.70,0
CAC40,19980213,3172.90,3201.20,3165.50,3187.70,0
CAC40,19980216,3180.50,3226.80,3178.20,3225.10,0
CAC40,19980217,3243.70,3283.40,3243.70,3280.50,0
CAC40,19980218,3272.00,3297.90,3258.90,3281.70,0
CAC40,19980219,3274.20,3284.10,3243.30,3250.60,0
CAC40,19980220,3237.20,3262.50,3232.80,3262.50,0
CAC40,19980223,3282.70,3315.10,3260.20,3273.50,0
CAC40,19980224,3251.30,3288.40,3249.10,3262.30,0
CAC40,19980225,3273.50,3348.40,3273.50,3348.20,0
CAC40,19980226,3359.80,3404.50,3345.20,3397.00,0
CAC40,19980227,3402.60,3431.50,3380.10,3421.90,0
CAC40,19980302,3420.80,3472.90,3419.00,3446.70,0
CAC40,19980303,3445.30,3445.30,3404.50,3414.90,0
CAC40,19980304,3425.20,3438.90,3369.40,3381.30,0
CAC40,19980305,3340.60,3397.00,3329.40,3395.80,0
CAC40,19980306,3388.10,3488.50,3388.00,3483.20,0
CAC40,19980309,3486.30,3531.30,3476.80,3525.90,0
CAC40,19980310,3521.50,3546.90,3506.80,3521.50,0
CAC40,19980311,3528.50,3541.90,3486.70,3539.40,0
CAC40,19980312,3523.20,3548.80,3515.80,3526.60,0
CAC40,19980313,3558.30,3589.20,3516.70,3540.20,0
CAC40,19980316,3545.70,3602.20,3545.70,3598.30,0
CAC40,19980317,3616.40,3666.00,3608.50,3661.30,0
CAC40,19980318,3650.90,3690.80,3612.60,3652.50,0
CAC40,19980319,3650.10,3694.00,3635.20,3688.70,0
CAC40,19980320,3700.40,3717.30,3676.30,3688.90,0
CAC40,19980323,3702.50,3718.90,3661.30,3680.10,0
CAC40,19980324,3672.50,3746.40,3668.30,3738.50,0
CAC40,19980325,3794.20,3818.70,3784.90,3818.70,0
CAC40,19980326,3806.90,3815.60,3760.30,3783.80,0
CAC40,19980327,3765.30,3851.10,3765.30,3810.20,0
CAC40,19980330,3809.30,3817.50,3766.60,3800.20,0
CAC40,19980331,3821.20,3886.10,3811.70,3875.30,0
CAC40,19980401,3885.30,3911.60,3855.20,3883.30,0
CAC40,19980402,3889.20,3952.90,3889.20,3935.90,0
CAC40,19980403,3980.30,3987.80,3919.40,3932.00,0
CAC40,19980406,3929.10,3986.80,3928.10,3986.80,0
CAC40,19980407,3969.90,3992.20,3883.70,3903.30,0
CAC40,19980408,3894.60,3894.60,3847.80,3873.90,0
CAC40,19980409,3842.40,3897.70,3842.40,3894.50,0
CAC40,19980414,3928.70,3961.70,3867.70,3867.70,0
CAC40,19980415,3905.70,3936.40,3865.50,3884.60,0
CAC40,19980416,3895.40,3895.40,3821.90,3845.90,0
CAC40,19980417,3820.40,3874.00,3807.80,3861.60,0
CAC40,19980420,3914.40,3916.10,3872.60,3885.70,0
CAC40,19980421,3838.30,3862.10,3822.50,3860.40,0
CAC40,19980422,3874.50,3886.10,3816.20,3835.10,0
CAC40,19980423,3808.50,3847.50,3797.30,3822.10,0
CAC40,19980424,3817.50,3819.00,3779.70,3788.70,0
CAC40,19980427,3759.80,3770.20,3667.00,3689.40,0
CAC40,19980428,3710.50,3777.23,3686.99,3777.23,0
CAC40,19980429,3754.35,3780.25,3709.37,3733.93,0
CAC40,19980430,3754.72,3891.11,3732.55,3880.92,0
CAC40,19980504,3948.47,3985.51,3945.25,3974.25,0
CAC40,19980505,3963.53,3963.53,3931.51,3944.91,0
CAC40,19980506,3929.45,3975.72,3929.45,3947.45,0
CAC40,19980507,3941.69,3943.30,3900.17,3906.36,0
CAC40,19980511,3966.84,4017.24,3966.84,4017.24,0
CAC40,19980512,3970.63,4013.49,3967.93,3987.33,0
CAC40,19980513,4026.82,4045.77,4007.66,4019.76,0
CAC40,19980514,4028.86,4033.25,3979.03,4011.98,0
CAC40,19980515,4022.53,4024.36,3984.50,3990.23,0
CAC40,19980518,3969.31,3976.57,3933.77,3945.31,0
CAC40,19980519,3967.23,3991.02,3944.88,3980.84,0
CAC40,19980520,4006.52,4047.92,4004.43,4047.92,0
CAC40,19980522,4032.14,4079.97,4021.39,4049.78,0
CAC40,19980525,4073.51,4108.71,4070.49,4108.71,0
CAC40,19980526,4115.32,4146.79,4108.12,4115.88,0
CAC40,19980527,4025.29,4031.85,3990.95,4017.37,0
CAC40,19980528,4056.28,4078.47,4009.01,4014.92,0
CAC40,19980529,4043.47,4082.35,4037.27,4041.16,0
CAC40,19980602,4061.94,4105.81,4060.14,4086.98,0
CAC40,19980603,4111.67,4149.37,4111.67,4149.37,0
CAC40,19980604,4110.38,4137.27,4105.49,4119.03,0
CAC40,19980605,4150.04,4188.68,4149.76,4185.05,0
CAC40,19980608,4219.87,4226.11,4186.23,4204.58,0
CAC40,19980609,4193.00,4204.97,4172.40,4201.86,0
CAC40,19980610,4167.48,4214.82,4157.29,4208.60,0
CAC40,19980611,4182.11,4209.16,4135.45,4141.61,0
CAC40,19980612,4121.61,4148.84,4042.41,4050.76,0
CAC40,19980615,4013.43,4013.43,3947.94,4005.33,0
CAC40,19980616,3986.35,4018.79,3974.13,4013.28,0
CAC40,19980617,4043.05,4094.17,4038.56,4092.92,0
CAC40,19980618,4136.33,4136.33,4048.38,4052.27,0
CAC40,19980619,4074.61,4082.58,4019.40,4027.32,0
CAC40,19980622,3987.90,4036.94,3981.26,4018.64,0
CAC40,19980623,4040.23,4080.63,4035.07,4065.04,0
CAC40,19980624,4098.15,4129.53,4079.48,4126.33,0
CAC40,19980625,4179.22,4211.98,4164.13,4203.81,0
CAC40,19980626,4203.08,4222.65,4185.87,4215.70,0
CAC40,19980629,4241.05,4259.63,4228.15,4248.24,0
CAC40,19980630,4236.21,4263.61,4202.86,4203.45,0
CAC40,19980701,4260.74,4273.45,4238.76,4260.68,0
CAC40,19980702,4307.54,4312.49,4248.55,4252.09,0
CAC40,19980703,4265.16,4307.41,4265.16,4304.38,0
CAC40,19980706,4306.23,4312.01,4246.24,4311.10,0
CAC40,19980707,4339.19,4339.95,4300.64,4333.09,0
CAC40,19980708,4340.12,4346.93,4319.24,4339.91,0
CAC40,19980709,4343.26,4363.22,4301.68,4319.18,0
CAC40,19980710,4268.80,4299.65,4237.82,4256.35,0
CAC40,19980715,4361.13,4371.48,4326.30,4344.30,0
CAC40,19980716,4373.20,4386.22,4343.46,4358.13,0
CAC40,19980717,4375.05,4396.04,4373.35,4388.48,0
CAC40,19980720,4371.05,4404.94,4363.59,4368.91,0
CAC40,19980721,4369.78,4374.13,4306.84,4322.08,0
CAC40,19980722,4290.56,4296.20,4219.51,4220.12,0
CAC40,19980723,4226.46,4255.89,4220.58,4235.89,0
CAC40,19980724,4201.43,4247.60,4181.53,4205.41,0
CAC40,19980727,4210.31,4248.81,4134.38,4139.53,0
CAC40,19980728,4176.47,4187.93,4120.63,4122.35,0
CAC40,19980729,4094.89,4170.08,4094.89,4139.19,0
CAC40,19980730,4148.29,4202.88,4148.29,4197.64,0
CAC40,19980731,4234.95,4234.95,4142.07,4177.31,0
CAC40,19980803,4091.62,4111.86,4069.30,4095.03,0
CAC40,19980804,4124.88,4134.32,4047.88,4047.88,0
CAC40,19980805,3999.26,3999.26,3930.72,3976.40,0
CAC40,19980806,3992.89,4003.13,3930.06,3968.59,0
CAC40,19980807,3988.01,4041.88,3968.87,4041.88,0
CAC40,19980810,4015.35,4015.35,3939.45,3939.45,0
CAC40,19980811,3885.68,3895.82,3786.19,3845.98,0
CAC40,19980812,3897.01,3945.70,3872.07,3945.70,0
CAC40,19980813,3876.79,3984.32,3864.57,3951.69,0
CAC40,19980814,3988.90,4024.27,3973.11,3994.91,0
CAC40,19980817,3918.65,4003.35,3918.65,3983.81,0
CAC40,19980818,4052.60,4123.25,4035.81,4123.25,0
CAC40,19980819,4147.39,4159.70,4123.90,4125.72,0
CAC40,19980820,4158.90,4159.18,4077.02,4087.49,0
CAC40,19980821,4037.18,4067.82,3929.77,3943.68,0
CAC40,19980824,3967.87,3993.49,3885.74,3937.43,0
CAC40,19980825,3994.28,4033.18,3976.56,4029.32,0
CAC40,19980826,3987.10,4001.06,3899.17,3913.17,0
CAC40,19980827,3854.26,3854.26,3745.64,3745.64,0
CAC40,19980828,3636.90,3777.61,3584.26,3708.97,0
CAC40,19980831,3762.46,3766.19,3626.02,3765.23,0
CAC40,19980901,3563.51,3651.76,3516.25,3646.29,0
CAC40,19980902,3747.57,3754.38,3684.65,3729.67,0
CAC40,19980903,3662.56,3686.92,3593.60,3646.46,0
CAC40,19980904,3651.89,3726.10,3647.69,3690.75,0
CAC40,19980907,3763.88,3763.88,3663.93,3695.35,0
CAC40,19980908,3704.47,3812.41,3704.47,3803.74,0
CAC40,19980909,3810.72,3822.91,3760.60,3762.13,0
CAC40,19980910,3707.55,3724.24,3570.58,3589.35,0
CAC40,19980911,3586.95,3621.86,3505.62,3578.34,0
CAC40,19980914,3678.43,3726.01,3638.91,3714.81,0
CAC40,19980915,3700.99,3710.17,3661.88,3698.00,0
CAC40,19980916,3744.98,3771.78,3714.15,3729.32,0
CAC40,19980917,3605.33,3668.63,3497.70,3525.26,0
CAC40,19980918,3489.88,3509.63,3438.56,3465.22,0
CAC40,19980921,3379.64,3422.34,3254.41,3342.65,0
CAC40,19980922,3438.96,3451.60,3338.44,3347.98,0
CAC40,19980923,3390.84,3430.24,3341.53,3423.78,0
CAC40,19980924,3520.62,3544.59,3381.13,3381.13,0
CAC40,19980925,3308.29,3326.34,3240.81,3310.59,0
CAC40,19980928,3359.09,3359.94,3246.40,3337.64,0
CAC40,19980929,3281.11,3365.27,3281.11,3337.05,0
CAC40,19980930,3300.93,3313.20,3185.51,3197.95,0
CAC40,19981001,3129.34,3153.23,3028.12,3038.01,0
CAC40,19981002,2992.73,3039.14,2881.21,3039.14,0
CAC40,19981005,2964.33,3086.81,2961.06,2979.89,0
CAC40,19981006,3042.57,3145.08,3027.09,3136.48,0
CAC40,19981007,3193.08,3220.40,3033.67,3097.69,0
CAC40,19981008,3086.31,3111.30,2921.04,2959.97,0
CAC40,19981009,3020.97,3105.43,3020.97,3092.90,0
CAC40,19981012,3188.53,3263.32,3175.49,3263.32,0
CAC40,19981013,3242.26,3312.97,3185.71,3278.85,0
CAC40,19981014,3292.79,3361.05,3243.74,3361.04,0
CAC40,19981015,3384.82,3422.45,3323.39,3362.26,0
CAC40,19981016,3460.44,3460.44,3372.88,3390.10,0
CAC40,19981019,3398.79,3426.76,3359.67,3395.35,0
CAC40,19981020,3412.52,3496.63,3382.76,3492.52,0
CAC40,19981021,3470.59,3470.59,3411.78,3440.78,0
CAC40,19981022,3464.51,3489.87,3411.49,3420.92,0
CAC40,19981023,3415.56,3415.56,3358.34,3393.76,0
CAC40,19981026,3454.55,3467.30,3423.06,3449.48,0
CAC40,19981027,3513.47,3560.03,3493.39,3550.75,0
CAC40,19981028,3520.49,3520.49,3462.94,3493.60,0
CAC40,19981029,3455.37,3495.87,3449.16,3483.43,0
CAC40,19981030,3524.06,3551.31,3512.66,3522.93,0
CAC40,19981102,3552.45,3601.84,3543.66,3569.60,0
CAC40,19981103,3582.67,3616.86,3551.50,3583.64,0
CAC40,19981104,3628.35,3684.65,3606.84,3684.16,0
CAC40,19981105,3679.27,3679.47,3589.23,3596.18,0
CAC40,19981106,3658.67,3663.33,3580.42,3588.63,0
CAC40,19981109,3605.49,3620.70,3555.82,3585.32,0
CAC40,19981110,3583.89,3583.89,3525.63,3544.74,0
CAC40,19981112,3521.96,3560.23,3502.76,3560.23,0
CAC40,19981113,3574.30,3574.58,3513.48,3562.23,0
CAC40,19981116,3603.28,3624.60,3594.68,3621.85,0
CAC40,19981117,3603.11,3623.70,3594.64,3601.57,0
CAC40,19981118,3648.77,3660.82,3581.73,3612.50,0
CAC40,19981119,3639.38,3706.76,3631.88,3706.76,0
CAC40,19981120,3742.20,3812.49,3742.20,3802.70,0
CAC40,19981123,3831.03,3868.04,3831.03,3845.81,0
CAC40,19981124,3913.02,3924.42,3834.09,3839.38,0
CAC40,19981125,3858.13,3880.35,3829.25,3849.84,0
CAC40,19981126,3879.97,3919.69,3865.42,3915.53,0
CAC40,19981127,3911.26,3962.39,3878.07,3950.94,0
CAC40,19981130,3925.08,3983.29,3840.33,3843.38,0
CAC40,19981201,3756.98,3760.01,3663.33,3688.34,0
CAC40,19981202,3726.55,3726.55,3628.42,3649.91,0
CAC40,19981203,3611.99,3755.24,3584.42,3715.67,0
CAC40,19981204,3648.48,3774.68,3645.13,3738.59,0
CAC40,19981207,3771.78,3794.94,3742.59,3771.22,0
CAC40,19981208,3763.00,3789.88,3754.21,3765.41,0
CAC40,19981209,3749.10,3779.91,3721.53,3772.61,0
CAC40,19981210,3739.46,3810.91,3728.06,3746.97,0
CAC40,19981211,3677.05,3703.63,3644.03,3695.70,0
CAC40,19981214,3656.28,3690.27,3643.88,3663.21,0
CAC40,19981215,3677.97,3686.03,3641.73,3673.76,0
CAC40,19981216,3702.78,3732.85,3681.97,3707.47,0
CAC40,19981217,3694.61,3754.94,3692.34,3751.17,0
CAC40,19981218,3745.74,3750.27,3682.72,3691.89,0
CAC40,19981221,3696.72,3804.16,3695.66,3803.41,0
CAC40,19981222,3791.85,3839.95,3774.22,3820.47,0
CAC40,19981223,3807.56,3872.42,3807.56,3872.42,0
CAC40,19981228,3877.50,3901.46,3860.75,3873.10,0
CAC40,19981229,3869.17,3891.30,3857.25,3891.10,0
CAC40,19981230,3898.93,3942.66,3860.16,3942.66,0
CAC40,19990104,4030.44,4147.50,3993.23,4147.50,0
CAC40,19990105,4166.86,4200.78,4136.45,4200.78,0
CAC40,19990106,4249.11,4320.52,4242.70,4294.82,0
CAC40,19990107,4298.68,4313.18,4210.64,4230.67,0
CAC40,19990108,4261.70,4295.97,4220.80,4245.42,0
CAC40,19990111,4280.61,4283.80,4165.63,4201.90,0
CAC40,19990112,4180.06,4213.67,4095.38,4100.70,0
CAC40,19990113,4031.18,4057.65,3845.77,3958.72,0
CAC40,19990114,3982.53,4035.17,3947.39,3997.06,0
CAC40,19990115,3890.88,4054.81,3890.88,4054.81,0
CAC40,19990118,4087.42,4160.53,4087.42,4151.68,0
CAC40,19990119,4134.74,4186.14,4093.67,4115.99,0
CAC40,19990120,4188.79,4206.01,4124.71,4190.01,0
CAC40,19990121,4170.98,4179.01,4110.45,4154.03,0
CAC40,19990122,4082.64,4085.74,4005.64,4019.33,0
CAC40,19990125,3996.37,4056.98,3972.62,4050.80,0
CAC40,19990126,4087.26,4092.55,4017.54,4071.28,0
CAC40,19990127,4126.51,4149.70,4086.23,4098.10,0
CAC40,19990128,4085.99,4229.52,4062.24,4199.67,0
CAC40,19990129,4247.89,4312.89,4174.40,4251.80,0
CAC40,19990201,4310.69,4354.29,4283.56,4303.92,0
CAC40,19990202,4275.69,4276.41,4225.47,4243.57,0
CAC40,19990203,4238.05,4280.71,4170.02,4188.84,0
CAC40,19990204,4253.66,4267.56,4159.94,4167.42,0
CAC40,19990205,4118.44,4219.18,4118.44,4147.30,0
CAC40,19990208,4141.32,4187.66,4112.26,4154.02,0
CAC40,19990209,4187.12,4195.56,4032.45,4038.49,0
CAC40,19990210,4013.70,4025.55,3954.56,4001.93,0
CAC40,19990211,4010.47,4072.34,4010.47,4072.34,0
CAC40,19990212,4128.56,4145.78,4030.86,4060.36,0
CAC40,19990215,4024.05,4079.02,4005.82,4065.19,0
CAC40,19990216,4112.68,4121.29,4032.83,4052.32,0
CAC40,19990217,4025.82,4030.22,3959.76,3985.49,0
CAC40,19990218,4015.70,4039.41,3958.83,4039.41,0
CAC40,19990219,4028.23,4130.48,4006.17,4130.48,0
CAC40,19990222,4149.04,4165.86,4086.42,4165.86,0
CAC40,19990223,4145.68,4241.31,4145.68,4207.95,0
CAC40,19990224,4204.99,4264.49,4191.61,4213.70,0
CAC40,19990225,4156.48,4224.90,4146.88,4152.56,0
CAC40,19990226,4112.09,4134.44,4076.88,4092.94,0
CAC40,19990301,4096.27,4111.91,4001.24,4032.05,0
CAC40,19990302,4051.65,4062.62,3986.58,4048.63,0
CAC40,19990303,4034.74,4086.47,4004.16,4004.16,0
CAC40,19990304,4037.14,4098.37,4015.58,4087.99,0
CAC40,19990305,4137.87,4213.91,4111.90,4189.56,0
CAC40,19990308,4191.52,4202.32,4148.69,4175.97,0
CAC40,19990309,4208.13,4224.46,4130.16,4159.80,0
CAC40,19990310,4182.69,4185.53,4146.28,4162.31,0
CAC40,19990311,4197.65,4213.93,4161.31,4184.38,0
CAC40,19990312,4232.21,4262.32,4154.83,4175.03,0
CAC40,19990315,4173.07,4195.54,4136.59,4185.12,0
CAC40,19990316,4203.19,4212.48,4172.94,4186.35,0
CAC40,19990317,4178.83,4225.00,4161.08,4170.01,0
CAC40,19990318,4138.73,4161.53,4093.37,4152.37,0
CAC40,19990319,4202.15,4241.90,4188.20,4219.65,0
CAC40,19990322,4175.50,4217.47,4175.50,4197.06,0
CAC40,19990323,4142.57,4171.63,4078.80,4079.47,0
CAC40,19990324,4065.31,4065.31,3995.70,4058.16,0
CAC40,19990325,4075.50,4144.96,4051.12,4137.01,0
CAC40,19990326,4081.20,4180.06,4055.14,4115.71,0
CAC40,19990329,4123.59,4165.47,4088.58,4153.65,0
CAC40,19990330,4182.87,4182.87,4139.20,4141.98,0
CAC40,19990331,4157.38,4206.12,4157.38,4197.88,0
CAC40,19990401,4154.75,4240.69,4150.79,4229.85,0
CAC40,19990406,4279.67,4328.92,4251.14,4304.48,0
CAC40,19990407,4303.97,4351.80,4296.99,4318.04,0
CAC40,19990408,4323.06,4351.17,4295.83,4330.70,0
CAC40,19990409,4394.17,4416.00,4342.64,4363.14,0
CAC40,19990412,4345.84,4361.05,4310.32,4355.00,0
CAC40,19990413,4393.10,4410.27,4338.85,4367.41,0
CAC40,19990414,4336.99,4362.88,4309.38,4349.26,0
CAC40,19990415,4340.58,4347.43,4293.17,4310.64,0
CAC40,19990416,4302.51,4338.14,4265.07,4300.91,0
CAC40,19990419,4341.28,4379.34,4326.17,4379.34,0
CAC40,19990420,4311.89,4312.26,4246.77,4253.27,0
CAC40,19990421,4269.87,4304.18,4259.83,4291.60,0
CAC40,19990422,4335.57,4343.19,4270.60,4291.85,0
CAC40,19990423,4301.21,4324.58,4259.46,4262.43,0
CAC40,19990426,4278.63,4328.65,4262.84,4284.40,0
CAC40,19990427,4317.41,4395.71,4309.30,4390.92,0
CAC40,19990428,4382.31,4382.41,4338.70,4374.70,0
CAC40,19990429,4340.23,4390.62,4328.87,4371.53,0
CAC40,19990430,4373.41,4432.59,4371.33,4405.35,0
CAC40,19990503,4413.72,4442.84,4379.72,4442.84,0
CAC40,19990504,4479.43,4483.94,4427.44,4438.55,0
CAC40,19990505,4443.40,4443.40,4354.69,4368.17,0
CAC40,19990506,4406.56,4430.10,4325.75,4333.24,0
CAC40,19990507,4313.76,4340.34,4288.45,4289.56,0
CAC40,19990510,4301.54,4347.15,4264.23,4347.15,0
CAC40,19990511,4341.62,4363.62,4320.05,4349.98,0
CAC40,19990512,4331.21,4373.86,4294.29,4354.79,0
CAC40,19990513,4347.56,4420.46,4345.45,4415.88,0
CAC40,19990514,4409.15,4443.30,4307.90,4323.83,0
CAC40,19990517,4271.10,4280.04,4243.22,4248.94,0
CAC40,19990518,4279.54,4321.77,4260.19,4312.74,0
CAC40,19990519,4301.68,4375.91,4295.83,4375.91,0
CAC40,19990520,4390.64,4421.91,4366.74,4421.91,0
CAC40,19990521,4392.85,4422.16,4374.22,4398.13,0
CAC40,19990525,4350.22,4373.78,4314.46,4373.78,0
CAC40,19990526,4352.94,4393.50,4336.19,4376.68,0
CAC40,19990527,4398.17,4398.44,4317.64,4326.44,0
CAC40,19990528,4307.20,4324.09,4270.80,4315.04,0
CAC40,19990531,4325.74,4351.29,4304.74,4351.29,0
CAC40,19990601,4323.08,4381.20,4302.36,4313.69,0
CAC40,19990602,4307.20,4327.10,4282.79,4315.34,0
CAC40,19990603,4325.57,4364.16,4315.83,4354.52,0
CAC40,19990604,4351.01,4368.74,4291.82,4344.25,0
CAC40,19990607,4357.45,4409.17,4344.41,4404.24,0
CAC40,19990608,4408.29,4431.93,4397.99,4407.58,0
CAC40,19990609,4413.58,4451.29,4413.23,4422.39,0
CAC40,19990610,4423.87,4446.00,4363.55,4380.99,0
CAC40,19990611,4397.64,4405.95,4366.78,4385.83,0
CAC40,19990614,4373.54,4382.74,4349.68,4372.39,0
CAC40,19990615,4365.13,4419.68,4331.83,4418.18,0
CAC40,19990616,4420.13,4481.75,4400.81,4481.75,0
CAC40,19990617,4501.86,4510.48,4467.01,4508.77,0
CAC40,19990618,4527.23,4549.50,4504.55,4539.56,0
CAC40,19990621,4532.04,4587.97,4532.04,4545.09,0
CAC40,19990622,4504.95,4540.39,4492.34,4538.04,0
CAC40,19990623,4508.19,4511.13,4465.84,4481.66,0
CAC40,19990624,4508.99,4522.61,4434.21,4434.21,0
CAC40,19990625,4400.48,4436.70,4400.25,4416.89,0
CAC40,19990628,4410.35,4465.23,4406.95,4465.23,0
CAC40,19990629,4479.39,4503.83,4474.46,4503.83,0
CAC40,19990630,4512.52,4551.70,4511.04,4536.61,0
CAC40,19990701,4608.58,4637.68,4574.96,4609.26,0
CAC40,19990702,4586.13,4627.03,4583.56,4620.67,0
CAC40,19990705,4655.46,4702.62,4621.74,4697.84,0
CAC40,19990706,4643.48,4693.93,4611.27,4692.51,0
CAC40,19990707,4665.92,4691.72,4638.81,4662.20,0
CAC40,19990708,4671.07,4678.98,4609.74,4631.13,0
CAC40,19990709,4615.84,4679.51,4613.78,4647.83,0
CAC40,19990712,4653.96,4691.49,4635.15,4662.28,0
CAC40,19990713,4653.36,4655.58,4578.75,4594.65,0
CAC40,19990714,4653.36,4655.58,4578.75,4594.65,0
CAC40,19990715,4610.66,4677.57,4590.21,4665.67,0
CAC40,19990716,4657.28,4677.16,4645.30,4656.79,0
CAC40,19990719,4654.45,4675.85,4600.56,4618.75,0
CAC40,19990720,4603.85,4624.96,4544.19,4548.31,0
CAC40,19990721,4501.98,4513.89,4481.31,4501.27,0
CAC40,19990722,4497.45,4506.34,4443.71,4489.57,0
CAC40,19990723,4464.67,4488.49,4433.67,4440.45,0
CAC40,19990726,4457.89,4457.89,4360.77,4395.91,0
CAC40,19990727,4415.58,4433.93,4399.54,4426.12,0
CAC40,19990728,4442.88,4446.43,4406.47,4428.71,0
CAC40,19990729,4410.59,4419.14,4291.94,4306.40,0
CAC40,19990730,4333.66,4382.06,4307.72,4382.06,0
CAC40,19990802,4321.18,4386.76,4273.99,4377.87,0
CAC40,19990803,4352.73,4373.31,4320.50,4354.75,0
CAC40,19990804,4355.10,4362.23,4293.65,4326.20,0
CAC40,19990805,4277.68,4291.54,4221.00,4240.70,0
CAC40,19990806,4266.55,4276.45,4197.38,4223.64,0
CAC40,19990809,4233.44,4299.07,4218.40,4292.90,0
CAC40,19990810,4277.96,4288.02,4235.83,4245.35,0
CAC40,19990811,4268.95,4292.89,4257.14,4268.95,0
CAC40,19990812,4338.90,4369.87,4322.93,4365.66,0
CAC40,19990813,4352.32,4442.32,4338.37,4434.28,0
CAC40,19990816,4458.32,4459.11,4413.77,4458.75,0
CAC40,19990817,4464.46,4504.50,4426.50,4479.75,0
CAC40,19990818,4502.34,4502.62,4458.73,4479.26,0
CAC40,19990819,4461.61,4461.80,4399.83,4408.90,0
CAC40,19990820,4411.50,4473.08,4411.50,4472.00,0
CAC40,19990823,4469.37,4522.17,4468.13,4487.35,0
CAC40,19990824,4527.92,4543.13,4485.81,4540.40,0
CAC40,19990825,4556.11,4635.80,4555.87,4629.23,0
CAC40,19990826,4651.01,4651.01,4602.89,4629.37,0
CAC40,19990827,4604.66,4662.88,4598.16,4642.71,0
CAC40,19990830,4664.17,4671.28,4605.45,4657.44,0
CAC40,19990831,4605.58,4630.25,4579.45,4589.22,0
CAC40,19990901,4606.80,4634.03,4599.19,4633.38,0
CAC40,19990902,4614.76,4617.31,4535.56,4550.60,0
CAC40,19990903,4571.64,4672.37,4566.12,4672.37,0
CAC40,19990906,4681.59,4708.03,4668.04,4668.04,0
CAC40,19990907,4663.59,4728.61,4663.59,4679.93,0
CAC40,19990908,4672.08,4693.07,4639.60,4680.61,0
CAC40,19990909,4680.78,4720.04,4669.81,4717.42,0
CAC40,19990910,4715.85,4773.82,4715.33,4745.48,0
CAC40,19990913,4748.50,4764.18,4692.39,4716.78,0
CAC40,19990914,4734.36,4758.86,4680.40,4697.39,0
CAC40,19990915,4666.57,4725.29,4642.37,4662.02,0
CAC40,19990916,4625.74,4673.75,4622.89,4640.55,0
CAC40,19990917,4670.36,4680.26,4638.34,4644.32,0
CAC40,19990920,4664.71,4707.01,4653.31,4680.49,0
CAC40,19990921,4688.97,4695.26,4600.03,4612.93,0
CAC40,19990922,4553.76,4594.56,4543.86,4568.12,0
CAC40,19990923,4575.68,4610.59,4560.01,4601.24,0
CAC40,19990924,4538.78,4571.91,4531.66,4540.87,0
CAC40,19990927,4568.27,4604.80,4562.81,4596.60,0
CAC40,19990928,4597.06,4599.56,4543.92,4543.92,0
CAC40,19990929,4588.23,4591.65,4499.87,4535.08,0
CAC40,19990930,4522.28,4591.42,4513.50,4591.42,0
CAC40,19991001,4588.80,4600.72,4520.46,4550.57,0
CAC40,19991004,4565.35,4610.53,4541.81,4603.24,0
CAC40,19991005,4626.42,4664.15,4612.73,4661.13,0
CAC40,19991006,4645.52,4696.71,4640.77,4691.72,0
CAC40,19991007,4723.97,4747.92,4672.28,4742.26,0
CAC40,19991008,4734.80,4745.61,4691.18,4721.93,0
CAC40,19991011,4713.60,4732.41,4702.20,4722.35,0
CAC40,19991012,4718.48,4727.63,4649.06,4658.54,0
CAC40,19991013,4609.06,4636.71,4594.59,4602.85,0
CAC40,19991014,4579.77,4628.26,4568.55,4583.63,0
CAC40,19991015,4555.72,4582.23,4487.11,4524.42,0
CAC40,19991018,4505.33,4511.74,4452.93,4495.30,0
CAC40,19991019,4524.62,4593.52,4478.69,4591.20,0
CAC40,19991020,4581.16,4623.60,4562.86,4577.83,0
CAC40,19991021,4595.38,4619.56,4558.72,4602.39,0
CAC40,19991022,4606.98,4683.92,4606.98,4677.80,0
CAC40,19991025,4674.53,4738.83,4658.58,4669.28,0
CAC40,19991026,4666.21,4715.15,4653.62,4706.59,0
CAC40,19991027,4679.20,4708.95,4655.93,4695.05,0
CAC40,19991028,4716.44,4792.03,4685.43,4748.62,0
CAC40,19991029,4809.95,4903.43,4803.75,4888.62,0
CAC40,19991102,4872.88,4898.97,4831.82,4898.52,0
CAC40,19991103,4875.67,4926.31,4866.53,4917.84,0
CAC40,19991104,4915.59,4975.11,4900.61,4943.74,0
CAC40,19991105,4944.53,4986.46,4916.63,4975.90,0
CAC40,19991108,4953.01,4994.77,4946.19,4994.77,0
CAC40,19991109,5014.46,5057.61,4996.58,4997.56,0
CAC40,19991110,4997.79,5051.83,4972.23,5051.83,0
CAC40,19991111,5066.02,5132.08,5060.48,5132.08,0
CAC40,19991112,5127.36,5170.68,5105.90,5141.51,0
CAC40,19991115,5152.94,5199.11,5129.06,5178.13,0
CAC40,19991116,5166.72,5191.48,5148.12,5191.01,0
CAC40,19991117,5190.29,5194.83,5145.13,5178.23,0
CAC40,19991118,5154.47,5254.91,5154.47,5246.33,0
CAC40,19991119,5254.97,5272.09,5211.92,5263.23,0
CAC40,19991122,5267.01,5304.12,5144.44,5147.96,0
CAC40,19991123,5168.11,5196.11,5139.51,5152.87,0
CAC40,19991124,5165.37,5217.36,5142.60,5189.38,0
CAC40,19991125,5211.45,5370.09,5198.98,5352.60,0
CAC40,19991126,5388.52,5437.62,5340.91,5396.99,0
CAC40,19991129,5374.46,5443.23,5364.58,5373.91,0
CAC40,19991130,5368.18,5387.16,5291.59,5341.62,0
CAC40,19991201,5315.75,5382.13,5312.89,5381.41,0
CAC40,19991202,5377.57,5379.12,5329.90,5354.19,0
CAC40,19991203,5360.33,5471.64,5360.33,5468.05,0
CAC40,19991206,5462.49,5513.38,5445.22,5509.97,0
CAC40,19991207,5507.73,5559.17,5499.73,5534.51,0
CAC40,19991208,5501.49,5520.78,5472.32,5487.12,0
CAC40,19991209,5476.00,5558.05,5461.23,5548.62,0
CAC40,19991210,5478.15,5553.44,5467.03,5481.10,0
CAC40,19991213,5484.56,5538.52,5468.93,5535.76,0
CAC40,19991214,5524.91,5587.67,5499.68,5564.47,0
CAC40,19991215,5533.36,5587.89,5494.27,5530.13,0
CAC40,19991216,5545.85,5583.69,5522.96,5540.16,0
CAC40,19991217,5546.95,5597.62,5502.40,5502.40,0
CAC40,19991220,5496.71,5547.48,5475.64,5521.11,0
CAC40,19991221,5499.76,5535.87,5483.65,5529.24,0
CAC40,19991222,5509.31,5657.37,5509.31,5621.29,0
CAC40,19991223,5629.09,5770.47,5629.09,5731.35,0
CAC40,19991224,5778.98,5867.87,5774.51,5852.50,0
CAC40,19991227,5886.75,5922.19,5826.63,5834.47,0
CAC40,19991228,5901.41,5901.41,5801.18,5827.08,0
CAC40,19991229,5856.10,5879.82,5814.80,5837.75,0
CAC40,19991230,5882.63,5979.54,5858.29,5958.32,0
CAC40,20000103,6024.38,6102.12,5901.77,5917.37,0
CAC40,20000104,5922.23,5925.07,5657.20,5672.02,0
CAC40,20000105,5521.83,5589.50,5461.59,5479.70,0
CAC40,20000106,5485.93,5530.26,5388.85,5450.11,0
CAC40,20000107,5423.88,5561.69,5423.88,5539.61,0
CAC40,20000110,5625.82,5717.44,5616.98,5646.12,0
CAC40,20000111,5726.51,5726.51,5571.99,5613.90,0
CAC40,20000112,5541.23,5628.73,5536.50,5582.50,0
CAC40,20000113,5586.25,5682.27,5579.49,5633.24,0
CAC40,20000114,5669.14,5804.16,5664.71,5787.44,0
CAC40,20000117,5834.75,5857.36,5740.19,5842.78,0
CAC40,20000118,5859.44,5859.44,5670.27,5672.95,0
CAC40,20000119,5664.92,5668.06,5590.19,5649.46,0
CAC40,20000120,5713.04,5727.82,5660.25,5709.74,0
CAC40,20000121,5656.10,5738.16,5630.63,5681.32,0
CAC40,20000124,5687.36,5777.68,5680.60,5690.86,0
CAC40,20000125,5601.18,5654.52,5590.17,5597.50,0
CAC40,20000126,5636.61,5687.43,5618.96,5646.32,0
CAC40,20000127,5671.64,5727.53,5625.23,5688.35,0
CAC40,20000128,5743.20,5813.28,5696.09,5731.05,0
CAC40,20000131,5677.79,5707.88,5625.72,5659.81,0
CAC40,20000201,5700.87,5798.47,5700.87,5773.42,0
CAC40,20000202,5814.26,5956.14,5811.36,5946.86,0
CAC40,20000203,6025.84,6149.67,5979.06,6149.67,0
CAC40,20000204,6197.40,6312.42,6192.86,6275.72,0
CAC40,20000207,6276.47,6336.68,6203.58,6203.58,0
CAC40,20000208,6252.31,6396.39,6232.95,6297.66,0
CAC40,20000209,6390.79,6396.97,6240.07,6271.60,0
CAC40,20000210,6212.56,6250.72,6168.66,6207.52,0
CAC40,20000211,6263.44,6324.06,6148.47,6287.01,0
CAC40,20000214,6241.91,6270.60,6191.76,6268.32,0
CAC40,20000215,6286.01,6330.01,6076.86,6092.63,0
CAC40,20000216,6160.42,6178.07,5997.77,6046.27,0
CAC40,20000217,6040.00,6222.87,6027.22,6154.96,0
CAC40,20000218,6166.12,6184.00,6044.22,6062.72,0
CAC40,20000221,5979.13,5994.04,5928.04,5967.28,0
CAC40,20000222,5986.85,6066.11,5920.61,5963.31,0
CAC40,20000223,6038.86,6064.21,5992.02,6031.25,0
CAC40,20000224,6106.32,6177.59,6069.51,6078.78,0
CAC40,20000225,6171.57,6202.53,6122.71,6188.64,0
CAC40,20000228,6181.05,6229.60,6031.69,6102.73,0
CAC40,20000229,6167.04,6264.25,6146.85,6190.96,0
CAC40,20000301,6272.13,6283.60,6184.51,6256.32,0
CAC40,20000302,6319.23,6479.43,6276.34,6477.55,0
CAC40,20000303,6448.34,6555.87,6432.74,6514.11,0
CAC40,20000306,6554.95,6590.35,6529.37,6545.98,0
CAC40,20000307,6507.26,6589.18,6437.04,6441.85,0
CAC40,20000308,6366.83,6439.06,6333.46,6344.97,0
CAC40,20000309,6429.34,6447.73,6359.41,6423.43,0
CAC40,20000310,6543.19,6561.34,6465.05,6510.28,0
CAC40,20000313,6477.47,6483.81,6254.38,6336.93,0
CAC40,20000314,6331.22,6376.81,6271.59,6350.35,0
CAC40,20000315,6242.79,6249.66,6144.07,6188.94,0
CAC40,20000316,6217.62,6335.90,6216.97,6258.53,0
CAC40,20000317,6439.83,6447.17,6281.77,6304.28,0
CAC40,20000320,6328.04,6417.63,6319.48,6352.51,0
CAC40,20000321,6320.12,6334.62,6253.72,6320.87,0
CAC40,20000322,6401.45,6460.81,6270.44,6279.29,0
CAC40,20000323,6313.05,6337.32,6176.62,6268.31,0
CAC40,20000324,6344.79,6367.57,6283.39,6364.26,0
CAC40,20000327,6409.58,6459.63,6369.01,6450.85,0
CAC40,20000328,6427.68,6584.37,6424.46,6524.30,0
CAC40,20000329,6496.45,6567.95,6486.55,6505.48,0
CAC40,20000330,6454.36,6454.90,6289.98,6313.82,0
CAC40,20000331,6241.75,6359.51,6166.82,6286.05,0
CAC40,20000403,6382.28,6382.28,6083.08,6130.27,0
CAC40,20000404,6138.00,6250.09,6138.00,6221.94,0
CAC40,20000405,6189.70,6216.13,5913.71,6036.94,0
CAC40,20000406,6148.74,6243.42,6093.30,6224.02,0
CAC40,20000407,6342.20,6347.75,6207.76,6308.04,0
CAC40,20000410,6393.70,6429.51,6350.78,6364.90,0
CAC40,20000411,6253.59,6316.80,6201.51,6261.42,0
CAC40,20000412,6303.50,6325.77,6190.96,6238.70,0
CAC40,20000413,6109.87,6286.97,6072.89,6264.34,0
CAC40,20000414,6225.59,6254.45,6050.19,6065.71,0
CAC40,20000417,5772.87,6083.23,5752.44,6060.54,0
CAC40,20000418,6163.91,6175.66,5986.14,6147.44,0
CAC40,20000419,6212.93,6237.97,6120.08,6166.46,0
CAC40,20000420,6172.78,6258.77,6163.42,6234.51,0
CAC40,20000425,6219.41,6325.04,6162.09,6320.29,0
CAC40,20000426,6393.77,6461.52,6380.82,6390.87,0
CAC40,20000427,6403.19,6403.19,6184.71,6247.86,0
CAC40,20000428,6378.15,6456.62,6306.13,6419.72,0
CAC40,20000502,6489.04,6565.56,6478.47,6562.41,0
CAC40,20000503,6492.06,6543.72,6419.56,6435.65,0
CAC40,20000504,6520.30,6520.30,6399.99,6491.74,0
CAC40,20000505,6507.90,6575.17,6429.98,6545.76,0
CAC40,20000508,6563.83,6591.44,6475.92,6514.42,0
CAC40,20000509,6467.75,6507.25,6352.92,6369.61,0
CAC40,20000510,6363.39,6434.08,6255.52,6263.34,0
CAC40,20000511,6204.10,6389.00,6162.25,6380.13,0
CAC40,20000512,6418.91,6482.03,6375.27,6449.27,0
CAC40,20000515,6421.79,6465.78,6392.27,6392.27,0
CAC40,20000516,6461.05,6571.65,6454.26,6557.39,0
CAC40,20000517,6534.54,6539.40,6432.94,6453.05,0
CAC40,20000518,6423.10,6496.00,6418.22,6451.97,0
CAC40,20000519,6425.27,6428.22,6186.76,6196.05,0
CAC40,20000522,6184.04,6249.18,6029.81,6094.17,0
CAC40,20000523,6153.96,6206.44,6084.20,6148.56,0
CAC40,20000524,6003.90,6082.63,6003.90,6027.10,0
CAC40,20000525,6136.32,6179.53,6109.11,6129.66,0
CAC40,20000526,6052.23,6166.45,6017.79,6129.15,0
CAC40,20000529,6185.99,6237.02,6181.83,6205.13,0
CAC40,20000530,6247.22,6335.69,6200.74,6325.49,0
CAC40,20000531,6380.21,6443.68,6337.31,6426.26,0
CAC40,20000601,6428.46,6603.24,6427.35,6599.71,0
CAC40,20000602,6565.35,6780.66,6556.15,6673.52,0
CAC40,20000605,6678.77,6684.08,6595.08,6656.26,0
CAC40,20000606,6612.57,6697.31,6571.58,6589.77,0
CAC40,20000607,6551.57,6561.61,6456.56,6498.50,0
CAC40,20000608,6533.67,6602.95,6462.40,6523.66,0
CAC40,20000609,6523.46,6589.85,6505.58,6549.05,0
CAC40,20000613,6510.82,6596.67,6466.04,6532.84,0
CAC40,20000614,6570.95,6629.89,6499.51,6608.10,0
CAC40,20000615,6597.73,6622.23,6506.11,6512.98,0
CAC40,20000616,6644.17,6644.17,6456.26,6456.26,0
CAC40,20000619,6436.47,6522.01,6436.20,6505.16,0
CAC40,20000620,6569.52,6591.63,6535.68,6554.92,0
CAC40,20000621,6537.41,6573.49,6460.86,6490.76,0
CAC40,20000622,6513.62,6549.20,6457.93,6474.88,0
CAC40,20000623,6438.95,6549.12,6417.89,6545.35,0
CAC40,20000626,6548.67,6611.33,6524.98,6586.26,0
CAC40,20000627,6630.58,6634.61,6515.73,6568.09,0
CAC40,20000628,6551.34,6613.04,6510.18,6607.96,0
CAC40,20000629,6618.08,6631.02,6400.82,6400.82,0
CAC40,20000630,6430.26,6496.50,6391.64,6446.54,0
CAC40,20000703,6462.03,6508.47,6413.63,6508.47,0
CAC40,20000704,6501.42,6504.15,6459.29,6494.77,0
CAC40,20000705,6502.98,6572.66,6430.59,6462.70,0
CAC40,20000706,6434.21,6465.77,6393.12,6453.97,0
CAC40,20000707,6471.98,6568.15,6445.71,6565.97,0
CAC40,20000710,6471.90,6587.85,6471.90,6487.42,0
CAC40,20000711,6518.22,6518.22,6422.72,6490.35,0
CAC40,20000712,6506.12,6556.41,6489.81,6536.51,0
CAC40,20000713,6547.22,6588.11,6491.54,6570.36,0
CAC40,20000717,6605.32,6631.48,6582.68,6619.25,0
CAC40,20000718,6625.02,6625.02,6514.54,6514.54,0
CAC40,20000719,6542.80,6558.08,6485.78,6495.11,0
CAC40,20000720,6498.77,6567.03,6484.29,6563.77,0
CAC40,20000721,6544.71,6577.78,6450.80,6464.12,0
CAC40,20000724,6474.32,6539.98,6444.30,6502.57,0
CAC40,20000725,6576.61,6576.61,6458.73,6463.91,0
CAC40,20000726,6539.74,6539.74,6466.55,6493.00,0
CAC40,20000727,6512.53,6582.48,6464.94,6511.53,0
CAC40,20000728,6507.65,6535.69,6396.13,6415.72,0
CAC40,20000731,6412.52,6542.49,6374.52,6542.49,0
CAC40,20000801,6524.67,6569.22,6508.13,6532.29,0
CAC40,20000802,6539.40,6573.22,6473.76,6529.91,0
CAC40,20000803,6465.01,6486.60,6354.93,6354.93,0
CAC40,20000804,6424.10,6479.03,6391.46,6461.35,0
CAC40,20000807,6462.22,6536.95,6447.95,6519.04,0
CAC40,20000808,6519.04,6573.28,6492.01,6532.44,0
CAC40,20000809,6555.03,6619.24,6553.73,6570.18,0
CAC40,20000810,6565.32,6611.14,6539.97,6562.54,0
CAC40,20000811,6570.42,6580.76,6513.77,6553.00,0
CAC40,20000814,6613.37,6625.69,6554.79,6609.36,0
CAC40,20000815,6645.67,6676.66,6604.68,6636.61,0
CAC40,20000816,6666.90,6710.59,6646.41,6684.08,0
CAC40,20000817,6712.29,6712.30,6601.13,6635.34,0
CAC40,20000818,6640.46,6649.67,6587.90,6594.35,0
CAC40,20000821,6559.52,6615.34,6529.58,6571.63,0
CAC40,20000822,6599.09,6605.39,6513.71,6513.71,0
CAC40,20000823,6539.51,6552.56,6449.65,6501.70,0
CAC40,20000824,6513.38,6523.15,6454.53,6461.93,0
CAC40,20000825,6485.05,6602.29,6485.05,6595.11,0
CAC40,20000828,6598.82,6639.46,6570.66,6615.02,0
CAC40,20000829,6608.88,6642.87,6561.70,6633.99,0
CAC40,20000830,6627.28,6698.04,6588.38,6634.62,0
CAC40,20000831,6638.90,6663.30,6570.20,6625.40,0
CAC40,20000901,6648.64,6843.86,6648.64,6813.66,0
CAC40,20000904,6823.17,6944.77,6822.71,6922.33,0
CAC40,20000905,6929.05,6929.05,6838.70,6856.76,0
CAC40,20000906,6836.28,6873.36,6795.03,6796.79,0
CAC40,20000907,6780.72,6848.25,6769.28,6834.46,0
CAC40,20000908,6814.04,6845.48,6693.04,6703.36,0
CAC40,20000911,6722.93,6735.58,6650.73,6675.01,0
CAC40,20000912,6638.84,6714.12,6621.02,6697.80,0
CAC40,20000913,6696.54,6728.69,6564.60,6568.89,0
CAC40,20000914,6605.73,6683.44,6591.04,6637.91,0
CAC40,20000915,6620.50,6632.58,6570.49,6614.65,0
CAC40,20000918,6562.14,6584.17,6470.91,6522.38,0
CAC40,20000919,6482.76,6535.39,6468.34,6529.95,0
CAC40,20000920,6570.31,6570.31,6396.18,6405.43,0
CAC40,20000921,6414.32,6447.40,6215.89,6254.77,0
CAC40,20000922,6110.61,6259.56,6085.40,6258.58,0
CAC40,20000925,6344.18,6346.61,6276.27,6336.28,0
CAC40,20000926,6296.92,6349.12,6276.93,6294.06,0
CAC40,20000927,6258.91,6372.14,6233.98,6319.79,0
CAC40,20000928,6358.62,6371.24,6253.87,6311.03,0
CAC40,20000929,6290.51,6367.25,6249.29,6266.63,0
CAC40,20001002,6150.49,6384.24,6150.49,6349.24,0
CAC40,20001003,6315.39,6434.50,6304.70,6400.43,0
CAC40,20001004,6366.56,6389.21,6284.61,6296.13,0
CAC40,20001005,6317.89,6369.83,6304.81,6335.12,0
CAC40,20001006,6323.28,6356.39,6229.25,6258.41,0
CAC40,20001009,6220.08,6227.63,6082.79,6110.06,0
CAC40,20001010,6166.71,6184.69,6114.75,6143.30,0
CAC40,20001011,6062.57,6096.22,5947.64,5956.12,0
CAC40,20001012,6025.01,6076.66,5848.42,5990.70,0
CAC40,20001013,5862.51,6064.21,5828.14,6064.21,0
CAC40,20001016,6158.34,6158.34,6044.04,6088.04,0
CAC40,20001017,6097.19,6151.65,6067.15,6067.15,0
CAC40,20001018,5998.36,6012.43,5833.63,5937.35,0
CAC40,20001019,6012.56,6071.22,5964.77,6066.48,0
CAC40,20001020,6108.59,6183.46,6051.51,6149.44,0
CAC40,20001023,6123.19,6203.51,6120.09,6182.34,0
CAC40,20001024,6194.06,6323.74,6150.85,6323.74,0
CAC40,20001025,6246.14,6301.26,6188.39,6277.90,0
CAC40,20001026,6199.94,6297.19,6186.32,6208.42,0
CAC40,20001027,6274.79,6319.74,6225.91,6268.93,0
CAC40,20001030,6232.00,6296.84,6230.91,6296.84,0
CAC40,20001031,6347.05,6400.13,6320.76,6397.66,0
CAC40,20001101,6434.90,6434.90,6346.75,6409.05,0
CAC40,20001102,6419.47,6441.29,6383.07,6400.31,0
CAC40,20001103,6428.22,6444.98,6371.76,6398.92,0
CAC40,20001106,6459.50,6459.50,6348.56,6352.24,0
CAC40,20001107,6393.62,6395.49,6329.91,6386.07,0
CAC40,20001108,6423.60,6452.97,6332.40,6336.03,0
CAC40,20001109,6292.27,6330.60,6236.82,6271.15,0
CAC40,20001110,6261.70,6305.67,6137.59,6147.49,0
CAC40,20001113,6104.99,6132.64,5996.72,6037.73,0
CAC40,20001114,6081.96,6240.33,6072.53,6225.98,0
CAC40,20001115,6223.00,6312.78,6197.05,6301.78,0
CAC40,20001116,6290.37,6290.68,6220.62,6283.06,0
CAC40,20001117,6221.79,6272.90,6161.92,6161.92,0
CAC40,20001120,6178.57,6195.41,6005.90,6021.79,0
CAC40,20001121,6021.29,6116.82,6013.29,6081.02,0
CAC40,20001122,6043.14,6049.60,5937.37,5944.70,0
CAC40,20001123,5949.76,6055.21,5933.08,6053.04,0
CAC40,20001124,6047.53,6162.88,5989.13,6145.65,0
CAC40,20001127,6198.67,6254.17,6167.45,6171.33,0
CAC40,20001128,6145.19,6172.77,6055.04,6069.22,0
CAC40,20001129,6013.38,6091.58,5978.96,6060.65,0
CAC40,20001130,5992.64,6015.86,5893.54,5928.08,0
CAC40,20001201,5942.36,6023.11,5915.33,5928.50,0
CAC40,20001204,5933.31,5933.31,5763.18,5791.51,0
CAC40,20001205,5836.83,5994.89,5836.83,5994.89,0
CAC40,20001206,6084.53,6108.54,5967.22,5985.24,0
CAC40,20001207,5917.32,6020.70,5900.86,5984.69,0
CAC40,20001208,6003.14,6102.58,5937.13,5939.32,0
CAC40,20001211,6005.62,6090.09,6005.62,6077.88,0
CAC40,20001212,6071.75,6103.76,6026.72,6047.66,0
CAC40,20001213,6096.61,6126.41,5942.48,5962.29,0
CAC40,20001214,5919.13,5938.80,5845.90,5905.65,0
CAC40,20001215,5854.68,5884.60,5818.57,5839.54,0
CAC40,20001218,5832.70,5937.87,5832.70,5887.49,0
CAC40,20001219,5848.79,5972.42,5848.79,5958.86,0
CAC40,20001220,5867.61,5902.08,5748.87,5766.30,0
CAC40,20001221,5705.00,5810.27,5673.87,5758.92,0
CAC40,20001222,5772.68,5805.21,5735.43,5783.73,0
CAC40,20001227,5769.24,5874.09,5769.24,5857.15,0
CAC40,20001228,5880.91,5924.93,5877.90,5920.60,0
CAC40,20001229,5931.68,5981.40,5895.37,5926.42,0
CAC40,20010102,5956.15,5956.15,5774.64,5798.90,0
CAC40,20010103,5767.65,5767.65,5631.32,5684.05,0
CAC40,20010104,5890.33,5890.33,5764.88,5815.99,0
CAC40,20010105,5799.18,5862.04,5733.48,5758.02,0
CAC40,20010108,5715.80,5757.50,5695.19,5732.80,0
CAC40,20010109,5778.78,5792.56,5627.86,5663.19,0
CAC40,20010110,5672.04,5686.24,5603.92,5653.35,0
CAC40,20010111,5663.03,5702.93,5631.89,5702.78,0
CAC40,20010112,5738.67,5841.82,5738.50,5834.34,0
CAC40,20010115,5811.33,5853.88,5795.88,5833.38,0
CAC40,20010116,5820.39,5838.41,5749.07,5761.67,0
CAC40,20010117,5806.91,5908.04,5806.91,5884.09,0
CAC40,20010118,5868.14,5919.38,5837.51,5860.16,0
CAC40,20010119,5915.97,5962.80,5840.01,5845.73,0
CAC40,20010122,5844.97,5901.25,5805.62,5882.76,0
CAC40,20010123,5816.53,5850.83,5803.80,5839.73,0
CAC40,20010124,5898.39,5925.13,5862.73,5900.32,0
CAC40,20010125,5860.54,5959.81,5850.94,5934.68,0
CAC40,20010126,5828.22,5935.20,5828.22,5925.62,0
CAC40,20010129,5930.20,5935.48,5873.77,5887.90,0
CAC40,20010130,5896.26,5948.06,5860.22,5917.15,0
CAC40,20010131,5933.26,5999.18,5914.27,5998.49,0
CAC40,20010201,5936.31,5970.30,5870.51,5899.72,0
CAC40,20010202,5920.89,5933.88,5823.80,5826.37,0
CAC40,20010205,5795.73,5838.96,5784.78,5823.49,0
CAC40,20010206,5831.97,5859.35,5800.70,5852.35,0
CAC40,20010207,5813.10,5813.10,5744.68,5752.14,0
CAC40,20010208,5771.23,5816.13,5752.74,5773.46,0
CAC40,20010209,5764.68,5772.79,5701.64,5712.36,0
CAC40,20010212,5700.31,5777.88,5700.31,5759.48,0
CAC40,20010213,5789.58,5791.24,5720.45,5739.03,0
CAC40,20010214,5701.73,5703.89,5630.74,5644.23,0
CAC40,20010215,5665.04,5709.27,5628.95,5704.53,0
CAC40,20010216,5651.49,5662.19,5583.08,5595.13,0
CAC40,20010219,5570.57,5610.31,5570.57,5584.75,0
CAC40,20010220,5592.72,5640.42,5515.50,5548.74,0
CAC40,20010221,5516.85,5538.79,5433.30,5474.37,0
CAC40,20010222,5436.99,5509.88,5410.34,5452.48,0
CAC40,20010223,5455.78,5466.49,5302.79,5322.84,0
CAC40,20010226,5372.98,5429.79,5341.92,5415.10,0
CAC40,20010227,5440.05,5451.09,5380.05,5437.76,0
CAC40,20010228,5391.44,5443.73,5339.78,5367.48,0
CAC40,20010301,5334.23,5348.35,5260.02,5341.34,0
CAC40,20010302,5329.05,5365.79,5259.94,5291.92,0
CAC40,20010305,5325.03,5373.00,5274.83,5368.83,0
CAC40,20010306,5401.25,5468.66,5382.99,5457.28,0
CAC40,20010307,5429.16,5489.78,5397.99,5483.68,0
CAC40,20010308,5462.98,5507.26,5410.78,5438.66,0
CAC40,20010309,5393.88,5423.41,5342.09,5368.89,0
CAC40,20010312,5326.11,5326.11,5216.86,5242.40,0
CAC40,20010313,5157.50,5224.17,5155.16,5186.87,0
CAC40,20010314,5242.68,5242.68,4965.47,5115.50,0
CAC40,20010315,5146.74,5180.22,5061.37,5177.66,0
CAC40,20010316,5197.74,5197.74,5091.17,5104.77,0
CAC40,20010319,5100.08,5170.88,5035.42,5048.60,0
CAC40,20010320,5114.72,5145.88,5092.59,5138.40,0
CAC40,20010321,5050.97,5062.68,4977.28,5023.76,0
CAC40,20010322,4992.30,5001.08,4804.40,4824.82,0
CAC40,20010323,4922.39,4968.52,4911.54,4951.13,0
CAC40,20010326,5004.25,5127.14,4982.61,5124.80,0
CAC40,20010327,5104.46,5235.60,5079.62,5235.60,0
CAC40,20010328,5243.20,5243.20,5118.78,5150.43,0
CAC40,20010329,5072.48,5163.12,5028.73,5157.92,0
CAC40,20010330,5132.49,5233.68,5132.09,5180.45,0
CAC40,20010402,5218.48,5218.48,5111.82,5210.48,0
CAC40,20010403,5153.14,5153.14,4989.73,5004.00,0
CAC40,20010404,4946.21,5086.21,4872.92,5071.82,0
CAC40,20010405,5104.24,5196.72,5085.16,5158.56,0
CAC40,20010406,5232.09,5232.95,5087.49,5139.71,0
CAC40,20010409,5106.66,5217.28,5102.41,5183.22,0
CAC40,20010410,5213.77,5335.72,5192.14,5331.23,0
CAC40,20010411,5345.55,5403.87,5309.65,5361.53,0
CAC40,20010412,5359.67,5402.72,5329.60,5372.71,0
CAC40,20010417,5271.24,5362.11,5216.57,5340.98,0
CAC40,20010418,5429.18,5533.80,5416.32,5505.08,0
CAC40,20010419,5530.50,5531.81,5436.94,5480.05,0
CAC40,20010420,5483.45,5530.62,5431.08,5449.34,0
CAC40,20010423,5424.32,5432.84,5370.51,5396.85,0
CAC40,20010424,5399.61,5488.33,5391.45,5424.43,0
CAC40,20010425,5407.99,5425.12,5374.52,5407.84,0
CAC40,20010426,5418.68,5491.53,5374.22,5481.73,0
CAC40,20010427,5461.67,5607.12,5444.82,5575.97,0
CAC40,20010430,5580.46,5653.14,5570.74,5640.03,0
CAC40,20010502,5661.08,5670.02,5571.49,5572.91,0
CAC40,20010503,5605.62,5614.21,5457.07,5457.07,0
CAC40,20010504,5455.24,5502.71,5378.36,5455.55,0
CAC40,20010507,5492.08,5527.04,5471.39,5498.52,0
CAC40,20010508,5494.38,5558.52,5460.76,5516.93,0
CAC40,20010509,5486.75,5497.09,5440.74,5492.08,0
CAC40,20010510,5482.03,5624.51,5481.21,5606.46,0
CAC40,20010511,5580.73,5607.58,5549.50,5567.25,0
CAC40,20010514,5523.33,5533.97,5469.87,5487.72,0
CAC40,20010515,5513.64,5545.33,5462.06,5544.13,0
CAC40,20010516,5502.98,5523.64,5433.31,5522.69,0
CAC40,20010517,5607.32,5632.54,5569.66,5592.65,0
CAC40,20010518,5569.88,5658.26,5562.43,5638.24,0
CAC40,20010521,5647.35,5660.69,5584.72,5652.04,0
CAC40,20010522,5687.71,5728.52,5675.54,5693.47,0
CAC40,20010523,5663.87,5688.64,5630.74,5630.74,0
CAC40,20010524,5619.01,5680.26,5615.12,5656.47,0
CAC40,20010525,5651.06,5661.34,5568.23,5581.94,0
CAC40,20010528,5584.54,5644.41,5575.92,5606.32,0
CAC40,20010529,5588.74,5631.39,5537.51,5542.27,0
CAC40,20010530,5533.70,5539.46,5440.06,5444.27,0
CAC40,20010531,5420.74,5472.76,5405.66,5454.19,0
CAC40,20010601,5453.29,5471.41,5387.76,5432.71,0
CAC40,20010605,5474.47,5517.96,5455.34,5516.27,0
CAC40,20010606,5535.46,5546.60,5491.26,5496.49,0
CAC40,20010607,5474.24,5500.99,5431.72,5453.39,0
CAC40,20010608,5479.07,5537.90,5439.93,5439.93,0
CAC40,20010611,5432.25,5478.58,5413.61,5418.47,0
CAC40,20010612,5418.27,5430.89,5300.07,5311.94,0
CAC40,20010613,5340.78,5369.18,5334.24,5353.63,0
CAC40,20010614,5304.57,5322.49,5276.78,5297.07,0
CAC40,20010615,5258.59,5282.56,5192.35,5243.84,0
CAC40,20010618,5225.94,5244.68,5160.28,5160.28,0
CAC40,20010619,5159.21,5248.34,5159.21,5199.41,0
CAC40,20010620,5186.78,5186.78,5114.73,5170.49,0
CAC40,20010621,5204.15,5211.67,5121.61,5134.97,0
CAC40,20010622,5163.11,5213.18,5150.40,5183.67,0
CAC40,20010625,5145.44,5230.55,5144.66,5213.46,0
CAC40,20010626,5199.08,5204.45,5077.00,5090.73,0
CAC40,20010627,5099.80,5110.73,5053.11,5057.72,0
CAC40,20010628,5055.32,5135.10,4967.61,5133.56,0
CAC40,20010629,5139.00,5225.33,5123.33,5225.33,0
CAC40,20010702,5215.75,5299.90,5187.13,5296.51,0
CAC40,20010703,5269.78,5273.18,5205.78,5205.78,0
CAC40,20010704,5222.31,5222.31,5139.50,5175.13,0
CAC40,20010705,5115.56,5148.73,5096.45,5123.83,0
CAC40,20010706,5088.19,5088.19,4992.46,4999.36,0
CAC40,20010709,5008.86,5039.96,4903.06,5027.37,0
CAC40,20010710,5013.53,5067.41,4960.13,4973.40,0
CAC40,20010711,4880.51,4958.32,4880.51,4914.68,0
CAC40,20010712,4996.07,5010.00,4948.36,4961.43,0
CAC40,20010713,5000.69,5028.53,4933.25,5025.24,0
CAC40,20010716,5036.62,5036.62,4976.02,5022.76,0
CAC40,20010717,4972.52,4994.72,4956.56,4978.54,0
CAC40,20010718,4985.27,4985.27,4865.41,4867.50,0
CAC40,20010719,4887.52,4930.39,4825.88,4930.39,0
CAC40,20010720,4880.58,4894.23,4841.87,4880.70,0
CAC40,20010723,4861.66,4961.42,4851.65,4911.92,0
CAC40,20010724,4886.21,4913.23,4853.95,4855.60,0
CAC40,20010725,4864.88,4888.25,4773.17,4773.17,0
CAC40,20010726,4842.78,4854.37,4790.10,4842.12,0
CAC40,20010727,4872.84,4968.06,4872.13,4967.15,0
CAC40,20010730,4982.39,5054.40,4946.12,5033.71,0
CAC40,20010731,5022.55,5095.38,4995.89,5085.51,0
CAC40,20010801,5073.75,5125.31,5068.89,5111.58,0
CAC40,20010802,5121.95,5204.20,5083.34,5088.70,0
CAC40,20010803,5078.16,5093.27,5019.11,5031.29,0
CAC40,20010806,5017.63,5096.85,5009.45,5066.25,0
CAC40,20010807,5039.04,5062.86,4974.35,5051.62,0
CAC40,20010808,5034.90,5038.53,4964.70,4986.23,0
CAC40,20010809,4927.95,4934.26,4872.42,4888.30,0
CAC40,20010810,4913.84,4962.16,4822.29,4846.02,0
CAC40,20010813,4903.73,4925.56,4829.82,4920.35,0
CAC40,20010814,4946.07,5003.21,4942.10,4962.64,0
CAC40,20010815,4948.86,4974.02,4924.02,4933.97,0
CAC40,20010816,4915.14,4916.49,4849.38,4882.62,0
CAC40,20010817,4905.70,4927.44,4753.12,4777.37,0
CAC40,20010820,4770.50,4817.98,4724.55,4791.43,0
CAC40,20010821,4806.90,4836.00,4776.82,4834.87,0
CAC40,20010822,4788.91,4891.03,4768.89,4812.14,0
CAC40,20010823,4835.46,4842.38,4775.33,4809.50,0
CAC40,20010824,4830.74,4919.91,4822.17,4916.56,0
CAC40,20010827,4917.14,4963.86,4899.09,4905.79,0
CAC40,20010828,4891.56,4940.93,4793.00,4815.72,0
CAC40,20010829,4792.24,4869.94,4765.71,4834.89,0
CAC40,20010830,4827.18,4863.26,4697.67,4703.87,0
CAC40,20010831,4687.93,4722.54,4668.19,4689.34,0
CAC40,20010903,4712.09,4712.09,4585.39,4629.80,0
CAC40,20010904,4696.94,4708.04,4576.42,4673.98,0
CAC40,20010905,4627.17,4643.75,4563.69,4571.56,0
CAC40,20010906,4616.60,4616.60,4470.73,4480.75,0
CAC40,20010907,4485.07,4507.70,4396.55,4413.51,0
CAC40,20010910,4372.13,4427.16,4251.54,4383.74,0
CAC40,20010911,4411.97,4479.31,4058.53,4059.75,0
CAC40,20010912,3861.67,4182.91,3858.37,4114.26,0
CAC40,20010913,4089.83,4143.95,4041.39,4113.87,0
CAC40,20010914,4124.13,4174.92,3906.74,3909.49,0
CAC40,20010917,3861.08,4024.95,3783.62,4015.46,0
CAC40,20010918,3980.65,3980.65,3891.32,3970.18,0
CAC40,20010919,3955.41,4014.86,3873.81,3888.93,0
CAC40,20010920,3878.57,3913.64,3714.05,3738.18,0
CAC40,20010921,3674.37,3733.12,3463.07,3652.87,0
CAC40,20010924,3713.76,3861.19,3713.76,3861.19,0
CAC40,20010925,3795.85,3947.83,3769.09,3902.85,0
CAC40,20010926,3882.26,4012.94,3836.42,3975.53,0
CAC40,20010927,3946.71,4013.23,3928.12,4013.23,0
CAC40,20010928,4065.22,4117.84,4040.89,4079.02,0
CAC40,20011001,4097.22,4097.64,3979.05,4004.57,0
CAC40,20011002,4018.46,4044.66,3914.39,4044.66,0
CAC40,20011003,4034.82,4034.82,3930.04,4024.25,0
CAC40,20011004,4110.52,4195.80,4094.02,4195.80,0
CAC40,20011005,4137.16,4232.66,4116.15,4164.76,0
CAC40,20011008,4102.93,4172.21,4031.09,4172.21,0
CAC40,20011009,4149.33,4217.23,4123.54,4176.97,0
CAC40,20011010,4145.48,4319.38,4131.57,4319.38,0
CAC40,20011011,4328.35,4407.67,4312.48,4330.68,0
CAC40,20011012,4372.42,4381.49,4283.50,4336.88,0
CAC40,20011015,4295.21,4300.72,4196.73,4213.91,0
CAC40,20011016,4220.47,4308.49,4193.01,4308.49,0
CAC40,20011017,4379.81,4458.04,4362.99,4411.51,0
CAC40,20011018,4308.24,4359.41,4291.39,4338.09,0
CAC40,20011019,4310.80,4347.89,4228.23,4264.89,0
CAC40,20011022,4281.78,4345.45,4243.12,4341.29,0
CAC40,20011023,4385.35,4455.76,4377.41,4455.76,0
CAC40,20011024,4420.80,4535.90,4394.13,4486.35,0
CAC40,20011025,4491.68,4546.42,4363.36,4378.45,0
CAC40,20011026,4443.88,4482.76,4419.40,4478.63,0
CAC40,20011029,4465.67,4465.67,4382.57,4383.24,0
CAC40,20011030,4315.19,4326.52,4235.69,4251.93,0
CAC40,20011031,4238.02,4391.01,4201.81,4341.29,0
CAC40,20011101,4325.19,4366.94,4276.61,4366.94,0
CAC40,20011102,4387.81,4418.83,4338.82,4369.40,0
CAC40,20011105,4392.05,4488.94,4389.77,4485.34,0
CAC40,20011106,4500.74,4532.26,4438.18,4461.69,0
CAC40,20011107,4491.75,4518.01,4410.63,4493.27,0
CAC40,20011108,4494.94,4589.08,4482.49,4573.04,0
CAC40,20011109,4517.30,4566.13,4508.43,4514.28,0
CAC40,20011112,4512.43,4517.48,4329.74,4376.58,0
CAC40,20011113,4437.93,4570.70,4437.93,4565.68,0
CAC40,20011114,4573.23,4643.51,4540.75,4575.09,0
CAC40,20011115,4607.31,4643.15,4530.83,4577.28,0
CAC40,20011116,4591.51,4604.76,4544.69,4587.30,0
CAC40,20011119,4620.76,4686.20,4600.72,4660.49,0
CAC40,20011120,4686.62,4686.62,4574.31,4593.52,0
CAC40,20011121,4548.92,4616.31,4543.67,4557.03,0
CAC40,20011122,4576.13,4615.78,4563.80,4599.80,0
CAC40,20011123,4617.06,4634.35,4536.40,4573.82,0
CAC40,20011126,4620.71,4639.84,4561.03,4564.38,0
CAC40,20011127,4589.35,4595.85,4474.55,4485.82,0
CAC40,20011128,4468.54,4512.31,4433.01,4445.50,0
CAC40,20011129,4407.33,4481.13,4392.67,4445.87,0
CAC40,20011130,4472.94,4513.35,4453.05,4476.06,0
CAC40,20011203,4439.55,4463.96,4401.36,4463.84,0
CAC40,20011204,4473.11,4529.24,4464.09,4529.24,0
CAC40,20011205,4580.29,4686.66,4571.93,4677.55,0
CAC40,20011206,4695.86,4735.21,4641.23,4679.38,0
CAC40,20011207,4664.37,4680.43,4631.05,4642.94,0
CAC40,20011210,4614.93,4619.26,4548.67,4556.29,0
CAC40,20011211,4535.00,4580.17,4510.32,4551.94,0
CAC40,20011212,4568.15,4588.09,4505.86,4510.68,0
CAC40,20011213,4505.74,4528.59,4396.71,4410.66,0
CAC40,20011214,4378.98,4411.02,4340.02,4340.02,0
CAC40,20011217,4366.00,4495.06,4328.77,4485.17,0
CAC40,20011218,4470.55,4515.73,4452.39,4480.10,0
CAC40,20011219,4466.05,4500.18,4424.76,4467.92,0
CAC40,20011220,4437.14,4477.00,4414.83,4426.72,0
CAC40,20011221,4391.55,4511.23,4376.73,4499.34,0
CAC40,20011224,4487.17,4509.78,4470.50,4502.10,0
CAC40,20011227,4524.06,4593.52,4504.98,4591.16,0
CAC40,20011228,4603.81,4630.19,4582.29,4624.58,0
CAC40,20020102,4617.95,4640.85,4567.92,4580.44,0
CAC40,20020103,4626.76,4692.24,4609.28,4681.20,0
CAC40,20020104,4702.70,4720.04,4663.40,4682.79,0
CAC40,20020107,4673.45,4706.58,4611.13,4615.54,0
CAC40,20020108,4594.26,4631.92,4560.34,4568.09,0
CAC40,20020109,4578.68,4592.69,4525.53,4587.01,0
CAC40,20020110,4551.87,4573.03,4503.61,4515.52,0
CAC40,20020111,4532.74,4583.81,4516.28,4554.69,0
CAC40,20020114,4526.42,4530.67,4448.47,4453.97,0
CAC40,20020115,4437.79,4519.24,4419.14,4518.42,0
CAC40,20020116,4482.01,4484.01,4421.88,4425.50,0
CAC40,20020117,4431.72,4489.26,4431.72,4475.64,0
CAC40,20020118,4440.59,4466.67,4429.51,4448.85,0
CAC40,20020121,4438.39,4440.30,4386.39,4423.80,0
CAC40,20020122,4424.59,4493.18,4407.85,4446.72,0
CAC40,20020123,4409.21,4452.60,4402.49,4450.81,0
CAC40,20020124,4483.07,4527.28,4470.69,4508.07,0
CAC40,20020125,4511.60,4511.60,4446.15,4484.31,0
CAC40,20020128,4498.77,4557.61,4496.52,4533.13,0
CAC40,20020129,4540.26,4563.38,4476.10,4476.10,0
CAC40,20020130,4426.24,4442.82,4385.57,4407.27,0
CAC40,20020131,4463.64,4482.99,4437.79,4461.87,0
CAC40,20020201,4483.90,4499.68,4446.81,4455.56,0
CAC40,20020204,4459.52,4459.52,4384.63,4397.54,0
CAC40,20020205,4345.61,4369.83,4276.86,4307.75,0
CAC40,20020206,4307.22,4331.87,4250.03,4273.81,0
CAC40,20020207,4253.68,4309.65,4228.38,4295.65,0
CAC40,20020208,4272.94,4319.97,4262.36,4299.04,0
CAC40,20020211,4341.19,4367.52,4329.57,4353.21,0
CAC40,20020212,4375.12,4399.23,4319.57,4337.95,0
CAC40,20020213,4339.80,4375.62,4306.74,4364.45,0
CAC40,20020214,4388.08,4434.93,4364.25,4429.31,0
CAC40,20020215,4398.22,4425.92,4376.26,4377.00,0
CAC40,20020218,4351.78,4376.76,4346.51,4347.05,0
CAC40,20020219,4323.81,4323.81,4255.87,4256.36,0
CAC40,20020220,4248.76,4279.08,4210.30,4238.99,0
CAC40,20020221,4298.45,4316.70,4264.63,4287.22,0
CAC40,20020222,4251.83,4264.54,4224.46,4245.20,0
CAC40,20020225,4270.55,4305.44,4240.26,4305.44,0
CAC40,20020226,4340.45,4385.93,4330.58,4340.86,0
CAC40,20020227,4363.64,4424.71,4363.33,4424.71,0
CAC40,20020228,4396.09,4482.26,4383.37,4462.99,0
CAC40,20020301,4442.40,4495.31,4436.94,4486.42,0
CAC40,20020304,4538.71,4626.68,4538.71,4607.44,0
CAC40,20020305,4608.22,4620.76,4566.53,4580.75,0
CAC40,20020306,4564.99,4605.48,4542.56,4588.14,0
CAC40,20020307,4626.92,4671.00,4606.37,4616.50,0
CAC40,20020308,4590.50,4656.53,4590.50,4629.11,0
CAC40,20020311,4619.77,4642.56,4577.84,4586.75,0
CAC40,20020312,4578.24,4582.40,4517.90,4550.65,0
CAC40,20020313,4551.52,4601.98,4523.77,4523.77,0
CAC40,20020314,4514.92,4567.77,4514.86,4546.84,0
CAC40,20020315,4540.10,4588.33,4514.72,4588.33,0
CAC40,20020318,4600.79,4652.54,4600.79,4625.81,0
CAC40,20020319,4636.33,4650.89,4613.20,4644.93,0
CAC40,20020320,4640.82,4652.43,4597.47,4603.80,0
CAC40,20020321,4582.50,4621.78,4569.40,4579.90,0
CAC40,20020322,4599.00,4620.99,4577.82,4601.57,0
CAC40,20020325,4597.31,4651.69,4586.48,4588.36,0
CAC40,20020326,4580.97,4646.00,4565.27,4628.07,0
CAC40,20020327,4645.08,4645.08,4605.25,4623.20,0
CAC40,20020328,4632.07,4696.18,4623.18,4688.02,0
CAC40,20020402,4673.03,4688.16,4626.46,4627.33,0
CAC40,20020403,4618.65,4644.21,4582.71,4632.26,0
CAC40,20020404,4604.88,4621.57,4536.55,4538.31,0
CAC40,20020405,4536.40,4554.76,4506.87,4515.70,0
CAC40,20020408,4504.18,4511.87,4415.75,4431.88,0
CAC40,20020409,4468.48,4488.66,4457.75,4463.91,0
CAC40,20020410,4435.26,4539.69,4424.51,4521.83,0
CAC40,20020411,4538.75,4547.64,4441.54,4441.54,0
CAC40,20020412,4452.59,4485.61,4437.54,4468.29,0
CAC40,20020415,4487.65,4518.57,4463.96,4502.49,0
CAC40,20020416,4522.91,4601.79,4520.11,4598.74,0
CAC40,20020417,4635.14,4653.10,4594.03,4597.30,0
CAC40,20020418,4581.95,4645.10,4572.91,4588.83,0
CAC40,20020419,4563.25,4616.38,4551.88,4606.42,0
CAC40,20020422,4597.21,4597.71,4523.09,4559.46,0
CAC40,20020423,4566.04,4593.59,4526.71,4562.55,0
CAC40,20020424,4556.70,4586.42,4514.82,4528.00,0
CAC40,20020425,4501.77,4513.31,4401.77,4455.99,0
CAC40,20020426,4463.19,4509.68,4447.53,4453.08,0
CAC40,20020429,4432.13,4445.63,4391.96,4430.38,0
CAC40,20020430,4414.63,4462.74,4390.98,4462.74,0
CAC40,20020502,4474.63,4494.79,4421.56,4421.56,0
CAC40,20020503,4408.00,4474.27,4352.34,4354.92,0
CAC40,20020506,4361.65,4389.73,4338.03,4367.26,0
CAC40,20020507,4324.40,4342.66,4239.72,4296.40,0
CAC40,20020508,4335.38,4404.02,4335.38,4404.02,0
CAC40,20020509,4426.45,4428.65,4373.54,4386.86,0
CAC40,20020510,4365.46,4391.54,4324.43,4329.84,0
CAC40,20020513,4291.53,4377.09,4281.95,4375.39,0
CAC40,20020514,4392.42,4463.45,4359.59,4447.12,0
CAC40,20020515,4478.30,4493.25,4438.63,4471.27,0
CAC40,20020516,4455.17,4489.25,4440.34,4466.36,0
CAC40,20020517,4474.54,4497.46,4432.92,4442.94,0
CAC40,20020520,4454.89,4467.63,4387.70,4400.75,0
CAC40,20020521,4392.23,4439.88,4369.82,4399.20,0
CAC40,20020522,4374.76,4394.24,4311.79,4326.29,0
CAC40,20020523,4340.12,4369.41,4314.13,4341.59,0
CAC40,20020524,4375.23,4381.70,4328.97,4337.43,0
CAC40,20020527,4334.88,4401.71,4333.65,4360.71,0
CAC40,20020528,4380.06,4418.73,4332.14,4339.57,0
CAC40,20020529,4331.92,4354.01,4319.51,4334.85,0
CAC40,20020530,4333.55,4334.37,4249.85,4260.14,0
CAC40,20020531,4264.92,4301.47,4251.01,4274.64,0
CAC40,20020603,4247.58,4294.50,4225.91,4227.15,0
CAC40,20020604,4175.34,4177.85,4065.88,4065.88,0
CAC40,20020605,4107.91,4124.30,4068.23,4079.51,0
CAC40,20020606,4101.85,4165.16,4090.91,4098.18,0
CAC40,20020607,4025.66,4032.03,3968.67,4020.27,0
CAC40,20020610,4055.00,4077.14,4000.96,4024.94,0
CAC40,20020611,4035.68,4114.08,4017.57,4109.37,0
CAC40,20020612,4058.11,4058.11,3998.10,4004.76,0
CAC40,20020613,4041.74,4059.25,3934.64,3957.33,0
CAC40,20020614,3915.04,3925.35,3785.41,3843.07,0
CAC40,20020617,3878.43,4012.75,3872.90,4010.36,0
CAC40,20020618,4048.79,4048.79,3977.92,4004.93,0
CAC40,20020619,3933.23,3958.44,3905.97,3935.58,0
CAC40,20020620,3892.08,3919.66,3819.42,3832.07,0
CAC40,20020621,3789.27,3886.95,3736.23,3799.53,0
CAC40,20020624,3796.57,3823.89,3664.17,3669.24,0
CAC40,20020625,3733.18,3779.56,3721.87,3766.40,0
CAC40,20020626,3583.83,3702.63,3561.24,3701.13,0
CAC40,20020627,3765.41,3801.66,3709.85,3742.78,0
CAC40,20020628,3815.29,3897.99,3800.94,3897.99,0
CAC40,20020701,3886.12,3973.93,3857.95,3897.37,0
CAC40,20020702,3827.68,3841.36,3726.52,3735.66,0
CAC40,20020703,3731.54,3776.69,3623.33,3623.33,0
CAC40,20020704,3700.86,3715.28,3665.00,3697.13,0
CAC40,20020705,3739.86,3864.54,3734.66,3863.28,0
CAC40,20020708,3835.08,3895.66,3820.31,3858.35,0
CAC40,20020709,3839.89,3886.43,3756.40,3819.00,0
CAC40,20020710,3746.24,3751.03,3656.38,3656.38,0
CAC40,20020711,3574.30,3605.46,3512.10,3512.10,0
CAC40,20020712,3603.30,3628.20,3472.20,3513.30,0
CAC40,20020715,3504.30,3559.00,3322.79,3323.74,0
CAC40,20020716,3419.59,3422.04,3198.34,3317.81,0
CAC40,20020717,3277.82,3468.98,3277.82,3440.88,0
CAC40,20020718,3462.23,3556.94,3430.00,3513.71,0
CAC40,20020719,3493.27,3493.27,3319.38,3324.04,0
CAC40,20020722,3298.03,3298.03,3149.68,3149.68,0
CAC40,20020723,3186.02,3243.44,3026.73,3070.16,0
CAC40,20020724,3009.38,3077.97,2899.33,3023.69,0
CAC40,20020725,3144.10,3202.07,3068.95,3149.72,0
CAC40,20020726,3119.16,3175.57,3030.10,3172.56,0
CAC40,20020729,3202.48,3395.83,3183.93,3395.83,0
CAC40,20020730,3436.72,3449.53,3349.34,3379.85,0
CAC40,20020731,3426.67,3515.57,3323.03,3415.38,0
CAC40,20020801,3426.94,3460.78,3231.66,3240.71,0
CAC40,20020802,3257.66,3277.74,3200.43,3245.37,0
CAC40,20020805,3281.70,3281.70,3115.40,3115.40,0
CAC40,20020806,3072.00,3289.00,3013.80,3284.80,0
CAC40,20020807,3300.50,3374.90,3258.00,3270.50,0
CAC40,20020808,3331.80,3404.20,3312.10,3388.50,0
CAC40,20020809,3414.10,3449.50,3338.80,3447.90,0
CAC40,20020812,3416.68,3435.00,3341.10,3364.44,0
CAC40,20020813,3386.51,3402.26,3307.08,3390.23,0
CAC40,20020814,3305.32,3338.01,3240.81,3240.81,0
CAC40,20020815,3341.36,3392.87,3314.16,3375.01,0
CAC40,20020816,3384.40,3402.25,3298.91,3374.09,0
CAC40,20020819,3344.77,3493.01,3344.24,3493.01,0
CAC40,20020820,3479.87,3506.62,3420.00,3440.62,0
CAC40,20020821,3446.80,3543.25,3441.29,3485.21,0
CAC40,20020822,3521.19,3593.17,3515.73,3592.60,0
CAC40,20020823,3601.41,3601.41,3515.60,3526.09,0
CAC40,20020826,3505.09,3558.83,3471.28,3471.28,0
CAC40,20020827,3498.81,3574.39,3477.09,3570.50,0
CAC40,20020828,3522.48,3523.46,3410.95,3419.74,0
CAC40,20020829,3402.71,3412.38,3309.95,3331.77,0
CAC40,20020830,3367.09,3401.00,3315.52,3366.21,0
CAC40,20020902,3345.64,3349.17,3271.60,3272.76,0
CAC40,20020903,3250.14,3250.14,3121.73,3126.60,0
CAC40,20020904,3102.76,3177.62,3068.12,3168.70,0
CAC40,20020905,3210.32,3214.13,3068.11,3139.39,0
CAC40,20020906,3146.21,3246.67,3104.91,3246.67,0
CAC40,20020909,3233.07,3233.22,3185.26,3199.82,0
CAC40,20020910,3244.08,3306.25,3240.48,3299.64,0
CAC40,20020911,3325.70,3402.30,3278.84,3397.02,0
CAC40,20020912,3347.05,3365.77,3239.39,3241.84,0
CAC40,20020913,3212.91,3217.67,3115.01,3156.17,0
CAC40,20020916,3188.15,3195.50,3117.18,3141.95,0
CAC40,20020917,3223.91,3248.23,3091.82,3112.83,0
CAC40,20020918,3056.58,3069.69,2977.15,3000.98,0
CAC40,20020919,3011.44,3034.12,2923.33,2927.18,0
CAC40,20020920,2900.85,2975.40,2866.52,2890.82,0
CAC40,20020923,2893.33,2950.92,2773.13,2794.31,0
CAC40,20020924,2797.00,2822.01,2666.04,2742.81,0
CAC40,20020925,2707.22,2851.21,2702.36,2785.38,0
CAC40,20020926,2846.44,2961.46,2835.75,2961.46,0
CAC40,20020927,2944.66,2978.94,2918.27,2950.52,0
CAC40,20020930,2846.37,2851.77,2725.92,2777.45,0
CAC40,20021001,2789.69,2831.19,2750.87,2828.56,0
CAC40,20021002,2914.52,2958.92,2860.81,2940.84,0
CAC40,20021003,2892.87,2950.80,2860.27,2861.04,0
CAC40,20021004,2838.63,2854.96,2754.88,2765.90,0
CAC40,20021007,2730.61,2772.03,2698.53,2733.56,0
CAC40,20021008,2752.50,2786.57,2678.62,2694.23,0
CAC40,20021009,2726.76,2729.18,2622.49,2656.45,0
CAC40,20021010,2612.05,2764.17,2612.03,2758.53,0
CAC40,20021011,2789.27,2902.27,2778.61,2902.27,0
CAC40,20021014,2876.48,2949.96,2849.73,2885.27,0
CAC40,20021015,2928.59,3092.42,2923.66,3086.03,0
CAC40,20021016,3036.85,3180.29,3028.03,3067.70,0
CAC40,20021017,3117.21,3208.08,3116.68,3183.08,0
CAC40,20021018,3235.28,3236.15,3087.55,3156.99,0
CAC40,20021021,3140.43,3175.62,3110.06,3156.93,0
CAC40,20021022,3162.64,3228.35,3114.13,3121.01,0
CAC40,20021023,3147.19,3164.64,2992.23,2992.23,0
CAC40,20021024,3046.84,3103.97,3015.87,3075.13,0
CAC40,20021025,3026.23,3087.80,3011.76,3056.88,0
CAC40,20021028,3143.66,3165.38,3106.77,3120.85,0
CAC40,20021029,3091.90,3129.35,2962.44,2965.11,0
CAC40,20021030,3015.65,3095.45,2968.75,3084.22,0
CAC40,20021031,3081.96,3162.96,3056.66,3150.04,0
CAC40,20021101,3125.20,3132.24,3035.23,3109.51,0
CAC40,20021104,3168.30,3218.67,3159.48,3218.67,0
CAC40,20021105,3197.56,3264.07,3175.80,3247.39,0
CAC40,20021106,3310.44,3310.44,3194.08,3212.86,0
CAC40,20021107,3241.12,3249.72,3104.17,3111.72,0
CAC40,20021108,3084.21,3134.27,3043.10,3058.18,0
CAC40,20021111,3035.84,3071.50,3002.65,3053.70,0
CAC40,20021112,3042.84,3093.12,3027.92,3064.64,0
CAC40,20021113,3048.25,3061.89,2979.43,3034.81,0
CAC40,20021114,3023.07,3152.04,2996.48,3148.60,0
CAC40,20021115,3181.67,3199.19,3137.33,3162.39,0
CAC40,20021118,3168.97,3233.61,3167.22,3208.47,0
CAC40,20021119,3172.78,3189.14,3154.32,3177.23,0
CAC40,20021120,3194.02,3209.22,3124.43,3153.50,0
CAC40,20021121,3233.03,3290.80,3212.13,3290.17,0
CAC40,20021122,3298.35,3314.83,3265.45,3305.78,0
CAC40,20021125,3330.15,3349.36,3277.97,3295.68,0
CAC40,20021126,3296.95,3307.70,3200.13,3215.19,0
CAC40,20021127,3225.08,3323.37,3181.84,3313.76,0
CAC40,20021128,3333.01,3357.41,3303.22,3329.99,0
CAC40,20021129,3339.06,3360.29,3302.80,3326.65,0
CAC40,20021202,3327.07,3393.04,3291.90,3298.76,0
CAC40,20021203,3307.10,3319.21,3219.14,3222.26,0
CAC40,20021204,3200.17,3236.51,3170.30,3199.84,0
CAC40,20021205,3221.88,3283.78,3142.69,3158.04,0
CAC40,20021206,3178.10,3202.09,3096.98,3185.77,0
CAC40,20021209,3234.06,3234.06,3108.60,3115.63,0
CAC40,20021210,3096.90,3147.84,3087.01,3142.75,0
CAC40,20021211,3169.20,3204.14,3148.64,3190.09,0
CAC40,20021212,3184.87,3200.30,3121.28,3137.43,0
CAC40,20021213,3134.40,3134.49,3054.12,3076.85,0
CAC40,20021216,3070.70,3181.17,3064.60,3175.05,0
CAC40,20021217,3200.92,3202.81,3126.41,3138.61,0
CAC40,20021218,3121.27,3132.52,3077.39,3077.39,0
CAC40,20021219,3094.87,3134.36,3016.87,3054.21,0
CAC40,20021220,3057.18,3118.28,3042.60,3082.85,0
CAC40,20021223,3105.94,3105.94,3067.72,3087.62,0
CAC40,20021224,3114.17,3114.17,3062.06,3081.28,0
CAC40,20021227,3047.26,3080.57,3004.06,3011.83,0
CAC40,20021230,3021.67,3029.52,2984.02,3025.14,0
CAC40,20021231,3028.15,3091.98,3023.13,3063.91,0
CAC40,20030102,3057.06,3195.02,3048.68,3195.02,0
CAC40,20030103,3204.85,3217.78,3174.98,3187.88,0
CAC40,20030106,3204.81,3228.89,3156.57,3210.27,0
CAC40,20030107,3231.73,3232.34,3145.67,3160.99,0
CAC40,20030108,3136.93,3159.42,3090.10,3094.09,0
CAC40,20030109,3097.96,3152.29,3054.33,3152.29,0
CAC40,20030110,3142.01,3189.31,3108.56,3160.13,0
CAC40,20030113,3169.89,3210.96,3159.94,3169.82,0
CAC40,20030114,3181.22,3201.26,3147.81,3174.03,0
CAC40,20030115,3198.74,3215.49,3127.99,3134.66,0
CAC40,20030116,3128.53,3168.38,3115.62,3142.59,0
CAC40,20030117,3117.95,3128.90,3055.67,3056.93,0
CAC40,20030120,3049.60,3076.31,3017.16,3020.07,0
CAC40,20030121,3038.71,3064.09,2989.95,2992.39,0
CAC40,20030122,2992.17,3010.84,2908.57,2931.38,0
CAC40,20030123,2962.50,2975.20,2913.78,2917.97,0
CAC40,20030124,2936.42,2969.57,2894.58,2898.60,0
CAC40,20030127,2874.40,2874.89,2794.50,2795.78,0
CAC40,20030128,2824.05,2846.81,2781.87,2800.07,0
CAC40,20030129,2792.06,2840.09,2733.51,2840.05,0
CAC40,20030130,2866.51,2920.65,2860.74,2914.13,0
CAC40,20030131,2865.24,2943.16,2847.98,2937.88,0
CAC40,20030203,2973.93,2983.99,2941.45,2957.79,0
CAC40,20030204,2934.18,2937.91,2861.42,2863.50,0
CAC40,20030205,2859.51,2890.09,2828.71,2884.62,0
CAC40,20030206,2862.14,2911.29,2820.26,2836.18,0
CAC40,20030207,2842.49,2854.70,2792.63,2796.66,0
CAC40,20030210,2801.74,2802.07,2756.97,2772.26,0
CAC40,20030211,2803.64,2846.67,2795.95,2841.84,0
CAC40,20030212,2806.22,2811.72,2770.47,2770.62,0
CAC40,20030213,2743.59,2786.21,2727.03,2758.65,0
CAC40,20030214,2766.94,2859.43,2765.55,2827.75,0
CAC40,20030217,2870.40,2884.86,2858.59,2882.12,0
CAC40,20030218,2892.17,2950.75,2864.75,2938.63,0
CAC40,20030219,2932.14,2932.39,2859.19,2859.19,0
CAC40,20030220,2857.74,2883.78,2792.52,2804.49,0
CAC40,20030221,2781.73,2829.83,2781.73,2829.83,0
CAC40,20030224,2828.84,2850.05,2785.61,2785.61,0
CAC40,20030225,2757.51,2762.80,2683.37,2683.37,0
CAC40,20030226,2725.68,2727.89,2647.60,2658.57,0
CAC40,20030227,2640.61,2725.43,2633.19,2715.80,0
CAC40,20030228,2737.46,2757.84,2693.93,2754.07,0
CAC40,20030303,2770.68,2796.73,2746.91,2762.25,0
CAC40,20030304,2732.42,2734.43,2650.90,2676.34,0
CAC40,20030305,2652.01,2674.36,2633.64,2655.07,0
CAC40,20030306,2669.43,2676.82,2620.61,2634.53,0
CAC40,20030307,2613.07,2617.16,2569.33,2574.91,0
CAC40,20030310,2581.21,2582.50,2513.61,2513.61,0
CAC40,20030311,2499.50,2523.74,2466.63,2493.42,0
CAC40,20030312,2507.34,2518.29,2401.15,2403.04,0
CAC40,20030313,2453.05,2554.71,2431.45,2554.71,0
CAC40,20030314,2598.55,2740.01,2595.30,2740.01,0
CAC40,20030317,2632.84,2864.21,2623.05,2831.73,0
CAC40,20030318,2847.87,2902.01,2762.37,2794.89,0
CAC40,20030319,2807.95,2889.44,2770.80,2837.68,0
CAC40,20030320,2814.85,2858.31,2765.93,2794.83,0
CAC40,20030321,2821.41,2909.96,2820.91,2890.68,0
CAC40,20030324,2841.63,2842.50,2723.97,2726.85,0
CAC40,20030325,2707.46,2803.15,2644.22,2795.79,0
CAC40,20030326,2791.95,2842.62,2766.91,2787.56,0
CAC40,20030327,2756.29,2760.82,2701.20,2722.84,0
CAC40,20030328,2735.91,2744.95,2678.91,2733.00,0
CAC40,20030331,2666.77,2666.77,2596.83,2618.46,0
CAC40,20030401,2627.72,2668.07,2599.28,2635.04,0
CAC40,20030402,2683.23,2751.83,2682.24,2743.88,0
CAC40,20030403,2759.24,2829.71,2745.78,2788.69,0
CAC40,20030404,2798.81,2863.33,2763.48,2837.96,0
CAC40,20030407,2920.89,2989.35,2910.60,2935.68,0
CAC40,20030408,2905.89,2938.20,2885.59,2893.51,0
CAC40,20030409,2863.56,2933.95,2836.70,2888.03,0
CAC40,20030410,2847.43,2861.25,2802.96,2808.58,0
CAC40,20030411,2823.69,2893.41,2819.29,2838.14,0
CAC40,20030414,2836.34,2883.47,2808.09,2874.98,0
CAC40,20030415,2914.87,2958.09,2895.02,2921.52,0
CAC40,20030416,2972.11,2991.06,2884.35,2895.16,0
CAC40,20030417,2865.34,2913.28,2851.75,2898.61,0
CAC40,20030422,2916.17,2922.42,2861.63,2914.60,0
CAC40,20030423,2971.07,3000.91,2945.06,2962.67,0
CAC40,20030424,2936.29,2985.92,2898.38,2903.04,0
CAC40,20030425,2904.69,2927.67,2861.86,2866.74,0
CAC40,20030428,2858.83,2956.07,2853.23,2949.57,0
CAC40,20030429,2980.86,3015.42,2940.80,2940.80,0
CAC40,20030430,2946.26,2986.27,2930.09,2953.67,0
CAC40,20030502,2945.41,2963.12,2904.70,2963.12,0
CAC40,20030505,2992.51,3035.60,2991.33,2996.22,0
CAC40,20030506,2998.36,3057.56,2980.81,3057.56,0
CAC40,20030507,3053.82,3070.62,3015.60,3023.96,0
CAC40,20030508,3017.98,3035.59,2929.07,2939.17,0
CAC40,20030509,2942.74,2967.89,2902.32,2967.89,0
CAC40,20030512,2992.66,3003.62,2922.14,2962.63,0
CAC40,20030513,2970.68,2980.78,2938.40,2963.63,0
CAC40,20030514,2958.14,3016.56,2952.66,2961.83,0
CAC40,20030515,2964.89,3006.58,2942.67,2995.98,0
CAC40,20030516,2997.59,3036.27,2966.57,2994.87,0
CAC40,20030519,2954.15,2954.15,2861.08,2867.29,0
CAC40,20030520,2866.25,2890.14,2829.88,2877.26,0
CAC40,20030521,2876.45,2881.44,2814.34,2881.20,0
CAC40,20030522,2886.05,2905.95,2876.82,2903.27,0
CAC40,20030523,2930.64,2930.99,2861.77,2897.16,0
CAC40,20030526,2883.79,2926.05,2881.07,2885.52,0
CAC40,20030527,2880.10,2903.72,2826.81,2896.29,0
CAC40,20030528,2931.01,2956.02,2907.30,2949.61,0
CAC40,20030529,2934.78,2985.85,2929.39,2969.18,0
CAC40,20030530,2939.33,3012.92,2934.86,2991.75,0
CAC40,20030602,3018.66,3048.32,2990.32,3048.32,0
CAC40,20030603,3017.00,3039.41,3002.99,3039.41,0
CAC40,20030604,3049.04,3079.91,3026.15,3063.85,0
CAC40,20030605,3075.77,3085.82,3010.68,3034.07,0
CAC40,20030606,3039.78,3112.78,3039.78,3093.21,0
CAC40,20030609,3074.99,3088.04,3044.00,3055.23,0
CAC40,20030610,3047.02,3090.10,3042.97,3083.85,0
CAC40,20030611,3103.04,3130.85,3088.97,3121.90,0
CAC40,20030612,3137.06,3170.73,3135.57,3152.16,0
CAC40,20030613,3143.99,3160.11,3098.70,3108.94,0
CAC40,20030616,3095.96,3177.43,3077.14,3174.49,0
CAC40,20030617,3213.03,3224.32,3179.37,3200.75,0
CAC40,20030618,3199.12,3228.60,3178.65,3213.93,0
CAC40,20030619,3219.40,3220.87,3156.55,3164.91,0
CAC40,20030620,3125.94,3198.68,3125.94,3190.11,0
CAC40,20030623,3164.34,3176.14,3112.97,3119.24,0
CAC40,20030624,3122.09,3129.88,3089.27,3103.34,0
CAC40,20030625,3115.23,3131.65,3083.46,3108.70,0
CAC40,20030626,3071.19,3129.37,3071.19,3103.46,0
CAC40,20030627,3122.07,3128.44,3089.06,3109.02,0
CAC40,20030630,3094.82,3137.19,3084.10,3084.10,0
CAC40,20030701,3085.59,3098.13,3008.72,3013.00,0
CAC40,20030702,3056.90,3087.75,3049.36,3079.07,0
CAC40,20030703,3093.10,3105.76,3054.63,3092.09,0
CAC40,20030704,3077.75,3091.24,3072.40,3072.40,0
CAC40,20030707,3097.92,3182.19,3097.38,3182.19,0
CAC40,20030708,3169.35,3203.35,3148.00,3177.97,0
CAC40,20030709,3177.20,3190.52,3131.85,3139.93,0
CAC40,20030710,3121.31,3135.35,3091.18,3098.28,0
CAC40,20030711,3080.47,3140.00,3076.35,3138.27,0
CAC40,20030714,3153.44,3202.15,3141.85,3190.23,0
CAC40,20030715,3179.57,3206.03,3169.37,3179.33,0
CAC40,20030716,3186.85,3199.40,3144.32,3150.72,0
CAC40,20030717,3139.38,3144.96,3102.38,3129.37,0
CAC40,20030718,3128.64,3156.82,3119.08,3129.21,0
CAC40,20030721,3157.76,3157.76,3072.32,3081.06,0
CAC40,20030722,3088.31,3093.79,3060.50,3092.62,0
CAC40,20030723,3100.44,3114.40,3080.04,3089.41,0
CAC40,20030724,3069.36,3158.04,3069.21,3156.86,0
CAC40,20030725,3118.06,3136.34,3097.20,3109.32,0
CAC40,20030728,3142.30,3180.90,3138.51,3164.93,0
CAC40,20030729,3155.53,3188.70,3128.64,3142.39,0
CAC40,20030730,3132.72,3183.03,3131.85,3172.51,0
CAC40,20030731,3189.28,3220.55,3155.47,3210.27,0
CAC40,20030801,3200.81,3219.15,3158.60,3169.63,0
CAC40,20030804,3164.01,3206.18,3126.19,3142.00,0
CAC40,20030805,3167.85,3203.42,3150.88,3187.61,0
CAC40,20030806,3154.06,3158.50,3119.63,3126.15,0
CAC40,20030807,3156.61,3156.61,3105.37,3130.56,0
CAC40,20030808,3145.87,3189.68,3133.60,3165.49,0
CAC40,20030811,3184.37,3200.35,3168.93,3188.32,0
CAC40,20030812,3201.89,3223.41,3190.88,3208.23,0
CAC40,20030813,3232.29,3237.18,3198.53,3208.06,0
CAC40,20030814,3217.88,3261.70,3197.03,3261.70,0
CAC40,20030815,3266.24,3298.82,3262.50,3279.21,0
CAC40,20030818,3301.25,3301.25,3261.44,3301.08,0
CAC40,20030819,3315.67,3323.89,3291.25,3310.70,0
CAC40,20030820,3304.48,3304.48,3264.27,3280.34,0
CAC40,20030821,3294.63,3330.81,3294.63,3306.42,0
CAC40,20030822,3297.52,3347.55,3297.52,3328.99,0
CAC40,20030825,3310.31,3311.73,3284.27,3291.36,0
CAC40,20030826,3303.01,3317.05,3249.88,3256.69,0
CAC40,20030827,3279.53,3284.70,3261.83,3280.02,0
CAC40,20030828,3290.11,3336.01,3280.16,3322.95,0
CAC40,20030829,3336.99,3353.94,3311.10,3311.42,0
CAC40,20030901,3335.54,3373.21,3335.54,3358.52,0
CAC40,20030902,3368.58,3376.77,3342.27,3363.93,0
CAC40,20030903,3399.19,3435.79,3393.67,3422.78,0
CAC40,20030904,3420.57,3432.80,3394.45,3410.69,0
CAC40,20030905,3408.93,3422.23,3370.99,3392.75,0
CAC40,20030908,3385.66,3417.69,3381.85,3409.72,0
CAC40,20030909,3430.93,3431.37,3364.05,3375.26,0
CAC40,20030910,3364.07,3364.88,3324.40,3328.71,0
CAC40,20030911,3309.44,3359.64,3305.77,3348.25,0
CAC40,20030912,3364.95,3375.64,3301.54,3322.56,0
CAC40,20030915,3336.59,3361.19,3332.94,3338.36,0
CAC40,20030916,3344.09,3386.65,3333.54,3386.41,0
CAC40,20030917,3408.71,3423.09,3393.48,3393.93,0
CAC40,20030918,3394.73,3415.07,3376.92,3415.01,0
CAC40,20030919,3422.85,3424.26,3367.14,3373.64,0
CAC40,20030922,3334.62,3336.65,3269.53,3282.95,0
CAC40,20030923,3290.62,3298.75,3241.32,3266.04,0
CAC40,20030924,3284.81,3300.01,3262.21,3263.78,0
CAC40,20030925,3220.90,3243.69,3209.88,3230.54,0
CAC40,20030926,3209.77,3231.20,3177.96,3216.76,0
CAC40,20030929,3215.66,3243.20,3175.03,3188.71,0
CAC40,20030930,3191.93,3208.65,3110.93,3134.99,0
CAC40,20031001,3137.10,3191.01,3122.36,3191.01,0
CAC40,20031002,3219.61,3228.41,3182.43,3192.94,0
CAC40,20031003,3202.09,3299.88,3197.57,3296.36,0
CAC40,20031006,3291.85,3297.17,3271.37,3281.36,0
CAC40,20031007,3290.35,3290.96,3229.34,3254.75,0
CAC40,20031008,3244.66,3292.83,3233.74,3248.61,0
CAC40,20031009,3266.82,3324.99,3245.08,3324.99,0
CAC40,20031010,3329.79,3345.36,3294.39,3306.12,0
CAC40,20031013,3313.92,3367.55,3313.92,3360.34,0
CAC40,20031014,3380.14,3380.14,3336.26,3344.90,0
CAC40,20031015,3369.75,3403.76,3360.80,3374.98,0
CAC40,20031016,3361.82,3393.63,3347.23,3357.49,0
CAC40,20031017,3379.44,3395.16,3344.93,3353.72,0
CAC40,20031020,3339.29,3374.87,3334.40,3358.80,0
CAC40,20031021,3388.32,3395.79,3352.07,3363.30,0
CAC40,20031022,3358.66,3370.81,3297.00,3302.70,0
CAC40,20031023,3255.27,3283.36,3239.05,3264.29,0
CAC40,20031024,3264.78,3277.31,3249.47,3266.27,0
CAC40,20031027,3283.82,3321.38,3279.22,3306.59,0
CAC40,20031028,3316.81,3353.96,3316.81,3352.15,0
CAC40,20031029,3387.06,3389.21,3349.83,3366.95,0
CAC40,20031030,3365.14,3417.64,3346.85,3387.36,0
CAC40,20031031,3378.39,3378.39,3352.82,3373.20,0
CAC40,20031103,3381.98,3442.25,3377.23,3439.07,0
CAC40,20031104,3432.82,3448.61,3407.17,3424.81,0
CAC40,20031105,3404.55,3421.41,3384.82,3393.25,0
CAC40,20031106,3403.86,3436.07,3372.18,3412.18,0
CAC40,20031107,3434.62,3472.83,3434.29,3453.13,0
CAC40,20031110,3426.31,3458.47,3420.94,3425.19,0
CAC40,20031111,3402.25,3411.70,3388.12,3406.05,0
CAC40,20031112,3400.85,3421.88,3391.19,3411.05,0
CAC40,20031113,3444.26,3449.80,3401.58,3412.55,0
CAC40,20031114,3403.65,3461.35,3403.65,3448.60,0
CAC40,20031117,3396.03,3406.53,3355.86,3359.30,0
CAC40,20031118,3386.63,3386.63,3343.06,3352.92,0
CAC40,20031119,3311.74,3350.11,3298.26,3343.38,0
CAC40,20031120,3369.47,3369.47,3287.93,3324.39,0
CAC40,20031121,3318.44,3366.12,3317.66,3366.12,0
CAC40,20031124,3372.35,3419.18,3369.58,3412.05,0
CAC40,20031125,3418.17,3437.20,3414.16,3418.15,0
CAC40,20031126,3421.20,3450.15,3409.56,3415.19,0
CAC40,20031127,3425.15,3437.82,3416.66,3431.66,0
CAC40,20031128,3429.98,3442.76,3396.59,3424.79,0
CAC40,20031201,3450.66,3490.75,3440.72,3490.26,0
CAC40,20031202,3491.44,3506.97,3462.45,3471.86,0
CAC40,20031203,3467.33,3511.28,3466.08,3501.93,0
CAC40,20031204,3490.26,3505.28,3477.31,3496.55,0
CAC40,20031205,3481.21,3491.80,3442.37,3457.14,0
CAC40,20031208,3432.78,3439.57,3417.56,3434.91,0
CAC40,20031209,3459.83,3478.57,3451.18,3456.12,0
CAC40,20031210,3449.06,3456.17,3419.77,3438.85,0
CAC40,20031211,3449.98,3469.11,3441.01,3467.90,0
CAC40,20031212,3482.28,3500.53,3456.02,3470.60,0
CAC40,20031215,3521.64,3522.45,3487.13,3490.42,0
CAC40,20031216,3468.21,3499.47,3462.31,3486.60,0
CAC40,20031217,3494.23,3494.37,3461.83,3479.87,0
CAC40,20031218,3465.49,3508.54,3465.49,3503.21,0
CAC40,20031219,3517.71,3525.80,3488.53,3502.04,0
CAC40,20031222,3476.00,3516.54,3476.00,3496.06,0
CAC40,20031223,3508.65,3514.80,3490.49,3500.09,0
CAC40,20031224,3495.89,3512.32,3495.07,3510.30,0
CAC40,20031229,3508.39,3521.97,3508.39,3520.79,0
CAC40,20031230,3539.57,3550.67,3524.58,3529.18,0
CAC40,20031231,3498.76,3566.76,3498.76,3557.90,0
CAC40,20040102,3563.39,3597.02,3554.57,3596.80,0
CAC40,20040105,3591.72,3609.60,3579.31,3608.29,0
CAC40,20040106,3612.87,3612.87,3583.80,3595.82,0
CAC40,20040107,3608.67,3609.35,3557.51,3563.51,0
CAC40,20040108,3584.25,3615.83,3583.81,3592.73,0
CAC40,20040109,3610.02,3614.46,3548.18,3574.80,0
CAC40,20040112,3564.84,3571.36,3548.22,3560.10,0
CAC40,20040113,3579.86,3609.64,3570.42,3576.18,0
CAC40,20040114,3577.04,3617.52,3567.49,3612.55,0
CAC40,20040115,3604.11,3635.57,3593.29,3626.97,0
CAC40,20040116,3639.69,3681.79,3639.69,3671.80,0
CAC40,20040119,3677.73,3699.47,3672.46,3689.97,0
CAC40,20040120,3687.28,3694.00,3657.15,3660.19,0
CAC40,20040121,3654.83,3676.38,3650.86,3676.38,0
CAC40,20040122,3703.23,3713.83,3689.39,3695.60,0
CAC40,20040123,3700.53,3707.81,3684.99,3693.36,0
CAC40,20040126,3693.29,3693.29,3670.07,3675.72,0
CAC40,20040127,3711.44,3724.29,3695.75,3697.42,0
CAC40,20040128,3675.60,3714.45,3675.30,3706.79,0
CAC40,20040129,3674.90,3684.78,3656.19,3662.30,0
CAC40,20040130,3684.69,3688.34,3638.44,3638.44,0
CAC40,20040202,3660.29,3676.64,3651.84,3665.02,0
CAC40,20040203,3667.77,3672.59,3623.29,3638.21,0
CAC40,20040204,3615.64,3625.38,3602.94,3607.57,0
CAC40,20040205,3596.22,3638.57,3594.71,3610.31,0
CAC40,20040206,3613.34,3631.64,3596.61,3624.72,0
CAC40,20040209,3637.29,3679.67,3637.29,3663.73,0
CAC40,20040210,3660.36,3669.74,3643.25,3668.45,0
CAC40,20040211,3672.59,3687.20,3664.12,3677.85,0
CAC40,20040212,3689.64,3698.67,3665.41,3681.56,0
CAC40,20040213,3674.43,3686.06,3644.32,3649.34,0
CAC40,20040216,3655.73,3678.07,3649.76,3678.07,0
CAC40,20040217,3681.86,3710.82,3681.86,3703.82,0
CAC40,20040218,3714.09,3717.33,3699.28,3709.02,0
CAC40,20040219,3718.78,3761.33,3715.98,3759.32,0
CAC40,20040220,3749.68,3765.66,3720.99,3733.28,0
CAC40,20040223,3741.48,3757.14,3727.86,3731.15,0
CAC40,20040224,3729.76,3734.50,3666.88,3683.44,0
CAC40,20040225,3692.18,3710.42,3674.17,3702.63,0
CAC40,20040226,3722.18,3725.08,3700.92,3714.49,0
CAC40,20040227,3736.34,3760.06,3725.44,3725.44,0
CAC40,20040301,3735.30,3755.72,3733.45,3748.87,0
CAC40,20040302,3767.83,3785.36,3758.99,3785.36,0
CAC40,20040303,3773.83,3782.17,3742.52,3758.51,0
CAC40,20040304,3772.13,3778.46,3754.73,3776.94,0
CAC40,20040305,3776.63,3789.33,3729.98,3761.11,0
CAC40,20040308,3772.75,3785.58,3769.52,3781.38,0
CAC40,20040309,3759.19,3767.13,3728.70,3737.03,0
CAC40,20040310,3717.93,3761.25,3713.66,3758.09,0
CAC40,20040311,3712.17,3712.17,3618.02,3646.43,0
CAC40,20040312,3597.95,3667.64,3569.73,3661.78,0
CAC40,20040315,3652.10,3663.22,3565.81,3573.84,0
CAC40,20040316,3572.39,3600.77,3543.11,3588.04,0
CAC40,20040317,3602.93,3660.04,3597.39,3656.04,0
CAC40,20040318,3648.57,3653.57,3585.07,3589.98,0
CAC40,20040319,3623.90,3625.45,3592.82,3613.28,0
CAC40,20040322,3580.43,3581.70,3512.68,3539.22,0
CAC40,20040323,3531.60,3568.03,3525.12,3539.91,0
CAC40,20040324,3538.32,3562.66,3489.53,3518.45,0
CAC40,20040325,3542.17,3579.34,3537.43,3570.40,0
CAC40,20040326,3602.66,3606.86,3577.50,3592.39,0
CAC40,20040329,3594.42,3640.61,3584.60,3634.18,0
CAC40,20040330,3628.91,3633.59,3602.59,3620.10,0
CAC40,20040331,3632.12,3659.95,3617.73,3625.23,0
CAC40,20040401,3647.96,3673.06,3624.19,3669.98,0
CAC40,20040402,3674.90,3751.93,3669.31,3739.91,0
CAC40,20040405,3753.19,3794.20,3747.50,3781.20,0
CAC40,20040406,3766.67,3785.63,3742.76,3746.11,0
CAC40,20040407,3752.78,3769.23,3727.23,3734.56,0
CAC40,20040408,3756.63,3765.95,3731.79,3740.11,0
CAC40,20040413,3765.80,3794.25,3764.55,3774.69,0
CAC40,20040414,3745.74,3751.01,3696.81,3731.43,0
CAC40,20040415,3719.46,3747.47,3713.84,3722.76,0
CAC40,20040416,3721.85,3754.55,3721.85,3751.59,0
CAC40,20040419,3741.95,3754.96,3721.98,3743.43,0
CAC40,20040420,3767.40,3789.25,3765.32,3773.43,0
CAC40,20040421,3733.69,3758.51,3729.89,3743.15,0
CAC40,20040422,3761.84,3785.95,3737.11,3785.55,0
CAC40,20040423,3808.92,3829.22,3808.92,3811.43,0
CAC40,20040426,3790.14,3831.54,3785.02,3785.55,0
CAC40,20040427,3787.31,3801.48,3777.54,3782.09,0
CAC40,20040428,3779.15,3781.44,3722.59,3722.59,0
CAC40,20040429,3717.42,3723.66,3667.25,3689.39,0
CAC40,20040430,3680.65,3696.30,3661.91,3674.28,0
CAC40,20040503,3652.30,3709.56,3651.95,3705.48,0
CAC40,20040504,3702.48,3712.52,3673.24,3700.79,0
CAC40,20040505,3684.63,3734.69,3681.59,3729.38,0
CAC40,20040506,3700.06,3719.85,3655.14,3655.14,0
CAC40,20040507,3655.37,3666.10,3623.60,3653.18,0
CAC40,20040510,3593.30,3598.25,3553.35,3553.35,0
CAC40,20040511,3570.35,3608.05,3570.35,3606.41,0
CAC40,20040512,3613.44,3613.53,3563.85,3564.34,0
CAC40,20040513,3591.15,3614.24,3578.54,3614.24,0
CAC40,20040514,3603.98,3621.48,3575.36,3603.26,0
CAC40,20040517,3553.07,3557.68,3520.61,3553.02,0
CAC40,20040518,3570.68,3572.93,3542.72,3569.14,0
CAC40,20040519,3598.02,3652.49,3597.00,3643.32,0
CAC40,20040520,3615.39,3619.46,3594.51,3609.97,0
CAC40,20040521,3627.08,3639.57,3591.48,3607.02,0
CAC40,20040524,3605.00,3644.20,3593.59,3628.82,0
CAC40,20040525,3611.19,3621.30,3598.31,3610.53,0
CAC40,20040526,3664.15,3668.04,3640.10,3659.92,0
CAC40,20040527,3670.47,3694.82,3668.93,3679.37,0
CAC40,20040528,3689.86,3696.69,3652.03,3652.03,0
CAC40,20040531,3645.82,3677.73,3644.62,3669.63,0
CAC40,20040601,3668.14,3669.17,3613.42,3624.47,0
CAC40,20040602,3641.63,3673.71,3636.31,3646.23,0
CAC40,20040603,3642.87,3654.37,3618.23,3654.37,0
CAC40,20040604,3665.00,3704.64,3654.60,3698.87,0
CAC40,20040607,3711.99,3729.52,3706.46,3722.23,0
CAC40,20040608,3738.11,3738.12,3711.51,3723.46,0
CAC40,20040609,3722.30,3735.02,3695.07,3699.29,0
CAC40,20040610,3691.92,3716.77,3691.92,3711.38,0
CAC40,20040611,3708.56,3708.56,3686.43,3699.38,0
CAC40,20040614,3689.40,3695.99,3636.76,3647.10,0
CAC40,20040615,3650.92,3694.91,3640.80,3683.43,0
CAC40,20040616,3695.04,3720.25,3692.60,3714.50,0
CAC40,20040617,3704.99,3736.20,3704.99,3718.08,0
CAC40,20040618,3709.20,3744.17,3699.99,3740.90,0
CAC40,20040621,3753.30,3756.32,3726.21,3740.28,0
CAC40,20040622,3731.69,3732.48,3693.80,3700.32,0
CAC40,20040623,3721.70,3737.18,3715.40,3720.14,0
CAC40,20040624,3752.55,3768.05,3740.56,3755.75,0
CAC40,20040625,3741.60,3756.80,3731.57,3742.38,0
CAC40,20040628,3739.15,3778.76,3732.69,3771.58,0
CAC40,20040629,3756.18,3763.94,3746.17,3756.48,0
CAC40,20040630,3763.06,3770.53,3732.99,3732.99,0
CAC40,20040701,3749.31,3773.64,3708.38,3716.20,0
CAC40,20040702,3708.25,3717.83,3673.33,3685.06,0
CAC40,20040705,3683.70,3702.60,3683.70,3688.18,0
CAC40,20040706,3682.81,3689.95,3650.52,3660.68,0
CAC40,20040707,3663.17,3680.92,3657.28,3660.40,0
CAC40,20040708,3651.08,3670.41,3627.96,3670.41,0
CAC40,20040709,3648.49,3676.02,3635.28,3668.48,0
CAC40,20040712,3650.86,3680.83,3644.85,3651.63,0
CAC40,20040713,3670.33,3670.99,3656.18,3656.18,0
CAC40,20040714,3636.77,3651.49,3617.42,3648.75,0
CAC40,20040715,3640.04,3645.88,3610.37,3610.55,0
CAC40,20040716,3611.61,3637.32,3607.90,3610.40,0
CAC40,20040719,3601.05,3615.95,3588.69,3592.63,0
CAC40,20040720,3586.84,3610.08,3564.25,3607.39,0
CAC40,20040721,3639.45,3657.51,3633.18,3637.47,0
CAC40,20040722,3596.73,3599.25,3568.59,3572.84,0
CAC40,20040723,3581.36,3587.76,3560.66,3567.29,0
CAC40,20040726,3568.33,3582.01,3530.96,3532.61,0
CAC40,20040727,3538.21,3567.61,3536.36,3565.10,0
CAC40,20040728,3589.97,3602.66,3564.62,3575.92,0
CAC40,20040729,3588.06,3646.56,3588.06,3643.79,0
CAC40,20040730,3638.10,3662.06,3620.98,3647.10,0
CAC40,20040802,3622.85,3628.36,3607.26,3623.79,0
CAC40,20040803,3637.28,3655.11,3626.52,3650.80,0
CAC40,20040804,3623.09,3631.16,3592.87,3607.58,0
CAC40,20040805,3624.82,3652.60,3622.98,3622.98,0
CAC40,20040806,3576.32,3595.62,3525.87,3528.64,0
CAC40,20040809,3529.34,3532.39,3482.03,3497.30,0
CAC40,20040810,3494.61,3533.06,3494.61,3533.06,0
CAC40,20040811,3539.53,3542.35,3477.14,3502.95,0
CAC40,20040812,3513.38,3535.07,3477.24,3494.23,0
CAC40,20040813,3467.02,3495.92,3460.90,3484.84,0
CAC40,20040816,3470.33,3521.50,3452.41,3516.68,0
CAC40,20040817,3512.74,3553.77,3507.16,3533.13,0
CAC40,20040818,3527.86,3545.79,3510.78,3541.48,0
CAC40,20040819,3557.31,3572.15,3534.47,3544.42,0
CAC40,20040820,3545.40,3545.41,3511.30,3538.02,0
CAC40,20040823,3567.09,3595.52,3555.27,3589.69,0
CAC40,20040824,3592.55,3612.78,3584.57,3594.38,0
CAC40,20040825,3607.12,3612.03,3586.16,3595.26,0
CAC40,20040826,3624.26,3633.63,3614.91,3629.84,0
CAC40,20040827,3635.16,3649.24,3622.73,3649.24,0
CAC40,20040830,3650.78,3656.57,3631.88,3636.71,0
CAC40,20040831,3621.14,3630.85,3583.74,3594.28,0
CAC40,20040901,3609.17,3627.81,3601.07,3613.23,0
CAC40,20040902,3610.69,3640.82,3601.38,3633.38,0
CAC40,20040903,3633.85,3674.30,3624.75,3665.94,0
CAC40,20040906,3671.27,3681.84,3664.29,3673.03,0
CAC40,20040907,3673.58,3688.63,3664.30,3682.14,0
CAC40,20040908,3682.26,3686.13,3670.85,3677.55,0
CAC40,20040909,3663.69,3664.54,3635.52,3652.02,0
CAC40,20040910,3656.77,3683.72,3655.98,3677.61,0
CAC40,20040913,3691.11,3725.40,3691.11,3725.40,0
CAC40,20040914,3716.60,3716.72,3699.09,3708.03,0
CAC40,20040915,3708.49,3720.75,3686.16,3691.85,0
CAC40,20040916,3692.59,3703.84,3677.48,3691.68,0
CAC40,20040917,3701.28,3736.67,3684.71,3726.22,0
CAC40,20040920,3716.70,3719.88,3685.27,3703.69,0
CAC40,20040921,3696.56,3734.48,3695.35,3731.14,0
CAC40,20040922,3723.46,3740.51,3690.12,3692.11,0
CAC40,20040923,3682.04,3685.51,3642.04,3653.10,0
CAC40,20040924,3648.77,3676.20,3644.91,3673.51,0
CAC40,20040927,3678.42,3678.42,3646.08,3656.93,0
CAC40,20040928,3647.02,3682.57,3643.51,3667.47,0
CAC40,20040929,3668.17,3695.80,3668.17,3682.67,0
CAC40,20040930,3700.73,3709.25,3634.07,3640.61,0
CAC40,20041001,3656.30,3730.16,3656.30,3730.16,0
CAC40,20041004,3749.05,3779.33,3749.05,3767.06,0
CAC40,20041005,3764.88,3782.38,3752.25,3770.24,0
CAC40,20041006,3771.30,3778.68,3750.11,3764.59,0
CAC40,20041007,3773.24,3787.39,3749.68,3758.70,0
CAC40,20041008,3741.46,3771.28,3717.02,3737.87,0
CAC40,20041011,3733.83,3735.41,3714.58,3727.64,0
CAC40,20041012,3719.71,3719.86,3671.28,3689.85,0
CAC40,20041013,3701.45,3717.61,3685.58,3694.32,0
CAC40,20041014,3675.23,3685.42,3662.87,3664.95,0
CAC40,20041015,3647.59,3670.76,3638.14,3670.76,0
CAC40,20041018,3679.77,3683.50,3653.17,3659.81,0
CAC40,20041019,3689.19,3723.44,3689.19,3700.56,0
CAC40,20041020,3662.95,3673.67,3650.62,3665.68,0
CAC40,20041021,3696.02,3696.02,3651.92,3687.53,0
CAC40,20041022,3689.05,3712.17,3679.15,3687.17,0
CAC40,20041025,3636.27,3636.27,3599.37,3609.06,0
CAC40,20041026,3612.39,3623.30,3600.75,3619.48,0
CAC40,20041027,3637.06,3680.40,3628.74,3678.39,0
CAC40,20041028,3699.90,3724.09,3699.01,3721.82,0
CAC40,20041029,3708.51,3738.59,3706.82,3706.82,0
CAC40,20041101,3697.94,3741.54,3697.94,3734.07,0
CAC40,20041102,3738.93,3766.39,3731.53,3765.84,0
CAC40,20041103,3790.20,3798.20,3765.21,3769.93,0
CAC40,20041104,3748.71,3768.01,3741.46,3762.45,0
CAC40,20041105,3796.19,3811.60,3776.01,3780.99,0
CAC40,20041108,3782.35,3787.29,3770.51,3776.99,0
CAC40,20041109,3784.16,3785.74,3767.12,3769.94,0
CAC40,20041110,3782.03,3798.76,3780.07,3784.91,0
CAC40,20041111,3780.12,3839.50,3776.54,3833.79,0
CAC40,20041112,3844.41,3850.16,3826.32,3835.11,0
CAC40,20041115,3848.09,3856.01,3820.56,3820.97,0
CAC40,20041116,3827.26,3832.74,3781.81,3794.27,0
CAC40,20041117,3801.50,3844.14,3793.98,3844.14,0
CAC40,20041118,3826.68,3839.87,3819.76,3830.39,0
CAC40,20041119,3837.92,3844.38,3792.95,3798.78,0
CAC40,20041122,3776.52,3783.11,3754.16,3774.25,0
CAC40,20041123,3795.18,3807.38,3772.98,3780.09,0
CAC40,20041124,3798.00,3798.00,3754.14,3760.70,0
CAC40,20041125,3771.36,3802.85,3769.43,3797.59,0
CAC40,20041126,3783.60,3791.90,3764.31,3782.20,0
CAC40,20041129,3787.09,3824.60,3780.61,3780.61,0
CAC40,20041130,3796.13,3796.13,3745.75,3753.75,0
CAC40,20041201,3751.74,3805.85,3744.36,3796.71,0
CAC40,20041202,3808.47,3822.25,3796.08,3811.45,0
CAC40,20041203,3812.42,3824.47,3771.61,3783.51,0
CAC40,20041206,3765.09,3771.09,3755.68,3767.39,0
CAC40,20041207,3770.57,3800.49,3763.08,3787.45,0
CAC40,20041208,3763.51,3782.44,3755.15,3775.04,0
CAC40,20041209,3760.34,3786.00,3735.55,3747.46,0
CAC40,20041210,3768.23,3779.17,3753.68,3768.42,0
CAC40,20041213,3777.07,3813.69,3775.00,3805.94,0
CAC40,20041214,3827.74,3829.80,3803.92,3814.39,0
CAC40,20041215,3821.75,3825.73,3802.06,3802.99,0
CAC40,20041216,3805.33,3818.11,3804.12,3810.67,0
CAC40,20041217,3812.49,3814.77,3742.94,3744.92,0
CAC40,20041220,3742.82,3776.03,3742.61,3764.06,0
CAC40,20041221,3758.53,3773.44,3755.55,3770.03,0
CAC40,20041222,3793.39,3811.30,3789.49,3806.15,0
CAC40,20041223,3800.43,3822.01,3799.96,3819.68,0
CAC40,20041224,3816.63,3823.53,3808.19,3822.76,0
CAC40,20041227,3812.68,3833.63,3812.02,3817.69,0
CAC40,20041228,3820.87,3825.31,3808.19,3824.83,0
CAC40,20041229,3832.21,3838.18,3818.21,3827.16,0
CAC40,20041230,3838.88,3838.88,3826.30,3827.95,0
CAC40,20041231,3820.87,3821.16,3801.78,3821.16,0
CAC40,20050103,3830.58,3884.73,3824.05,3855.68,0
CAC40,20050104,3848.26,3874.47,3845.03,3863.30,0
CAC40,20050105,3834.07,3845.28,3828.81,3829.36,0
CAC40,20050106,3831.84,3864.36,3831.05,3856.48,0
CAC40,20050107,3851.94,3883.92,3848.95,3877.96,0
CAC40,20050110,3890.39,3890.39,3860.15,3877.82,0
CAC40,20050111,3897.36,3897.36,3841.25,3848.99,0
CAC40,20050112,3852.26,3856.70,3804.92,3816.14,0
CAC40,20050113,3834.90,3844.57,3821.61,3834.11,0
CAC40,20050114,3821.62,3861.96,3820.93,3854.60,0
CAC40,20050117,3865.40,3881.44,3861.35,3881.44,0
CAC40,20050118,3875.16,3877.54,3847.32,3875.02,0
CAC40,20050119,3883.44,3892.19,3864.66,3869.01,0
CAC40,20050120,3847.32,3852.63,3834.11,3842.44,0
CAC40,20050121,3829.16,3857.82,3829.16,3854.19,0
CAC40,20050124,3840.57,3854.44,3819.95,3848.71,0
CAC40,20050125,3846.81,3887.18,3844.03,3882.04,0
CAC40,20050126,3885.72,3892.35,3877.57,3879.82,0
CAC40,20050127,3892.04,3892.94,3861.66,3891.40,0
CAC40,20050128,3897.57,3899.42,3868.88,3870.35,0
CAC40,20050131,3895.90,3913.92,3893.75,3913.69,0
CAC40,20050201,3914.21,3939.18,3908.80,3939.18,0
CAC40,20050202,3947.41,3951.72,3935.25,3951.72,0
CAC40,20050203,3946.02,3953.58,3921.23,3928.94,0
CAC40,20050204,3942.72,3960.27,3928.42,3958.01,0
CAC40,20050207,3968.97,3982.67,3968.25,3981.90,0
CAC40,20050208,3980.72,3984.68,3968.53,3980.77,0
CAC40,20050209,3986.69,3991.09,3955.67,3969.62,0
CAC40,20050210,3970.84,3986.81,3956.88,3970.37,0
CAC40,20050211,3978.30,4016.75,3978.30,4016.75,0
CAC40,20050214,4013.90,4020.70,3999.54,4012.11,0
CAC40,20050215,4009.82,4034.01,4003.56,4030.45,0
CAC40,20050216,4026.75,4030.45,3995.10,4009.02,0
CAC40,20050217,4011.04,4024.65,4004.20,4005.50,0
CAC40,20050218,4000.87,4042.27,3999.90,4029.02,0
CAC40,20050221,4034.19,4040.38,4008.65,4022.62,0
CAC40,20050222,4019.88,4024.68,3980.55,4002.33,0
CAC40,20050223,3974.94,3978.66,3951.60,3977.19,0
CAC40,20050224,3983.59,3985.79,3969.03,3977.67,0
CAC40,20050225,4000.03,4034.57,4000.03,4034.57,0
CAC40,20050228,4043.73,4056.69,4027.16,4027.16,0
CAC40,20050301,4025.84,4067.09,4023.61,4054.98,0
CAC40,20050302,4060.47,4062.72,4032.99,4062.72,0
CAC40,20050303,4051.42,4073.68,4050.02,4061.35,0
CAC40,20050304,4080.15,4091.58,4059.45,4091.58,0
CAC40,20050307,4094.37,4108.00,4090.04,4108.00,0
CAC40,20050308,4098.38,4103.65,4079.28,4085.38,0
CAC40,20050309,4091.68,4104.74,4062.86,4066.69,0
CAC40,20050310,4048.40,4057.60,4033.70,4038.21,0
CAC40,20050311,4063.45,4067.16,4047.69,4049.18,0
CAC40,20050314,4046.42,4055.77,4035.78,4048.55,0
CAC40,20050315,4060.47,4083.41,4059.77,4077.74,0
CAC40,20050316,4064.18,4074.51,4019.40,4019.40,0
CAC40,20050317,4020.59,4036.17,4011.21,4032.07,0
CAC40,20050318,4040.09,4060.78,4034.94,4050.77,0
CAC40,20050321,4045.97,4059.79,4032.19,4033.00,0
CAC40,20050322,4036.26,4051.80,4010.67,4047.18,0
CAC40,20050323,4009.22,4036.70,4009.01,4032.41,0
CAC40,20050324,4042.24,4080.90,4036.30,4078.31,0
CAC40,20050329,4056.43,4082.19,4043.90,4081.65,0
CAC40,20050330,4060.15,4074.01,4053.65,4064.61,0
CAC40,20050331,4091.46,4097.07,4064.61,4067.78,0
CAC40,20050401,4068.00,4097.05,4062.23,4080.08,0
CAC40,20050404,4067.81,4067.81,4029.95,4052.32,0
CAC40,20050405,4074.89,4090.63,4069.55,4087.94,0
CAC40,20050406,4094.14,4108.51,4093.06,4106.99,0
CAC40,20050407,4111.51,4130.93,4099.91,4124.37,0
CAC40,20050408,4134.32,4143.93,4122.61,4124.29,0
CAC40,20050411,4107.00,4123.88,4102.00,4117.62,0
CAC40,20050412,4112.71,4116.32,4089.17,4096.81,0
CAC40,20050413,4122.97,4126.52,4114.27,4116.85,0
CAC40,20050414,4100.63,4126.14,4097.87,4111.11,0
CAC40,20050415,4083.95,4084.91,4032.28,4032.28,0
CAC40,20050418,3975.25,3975.25,3930.63,3949.59,0
CAC40,20050419,3971.73,3973.64,3954.42,3962.39,0
CAC40,20050420,3979.75,3983.54,3944.31,3950.02,0
CAC40,20050421,3933.23,3972.57,3933.23,3951.02,0
CAC40,20050422,3977.75,3985.80,3967.79,3980.18,0
CAC40,20050425,3973.75,3997.05,3966.10,3993.07,0
CAC40,20050426,3997.89,4000.12,3970.73,3993.04,0
CAC40,20050427,3960.04,3978.06,3917.28,3927.68,0
CAC40,20050428,3940.16,3950.60,3895.42,3911.45,0
CAC40,20050429,3882.42,3930.59,3882.42,3911.71,0
CAC40,20050502,3928.71,3945.06,3920.88,3938.77,0
CAC40,20050503,3953.25,3956.58,3934.88,3955.93,0
CAC40,20050504,3968.03,3987.63,3950.54,3987.63,0
CAC40,20050505,3995.20,4025.97,3995.20,4019.35,0
CAC40,20050506,4020.00,4041.17,4004.27,4033.46,0
CAC40,20050509,4028.51,4033.37,4011.46,4020.19,0
CAC40,20050510,4021.25,4035.65,3990.58,4000.25,0
CAC40,20050511,3977.99,4009.38,3977.11,3979.53,0
CAC40,20050512,4010.70,4022.85,4004.43,4015.65,0
CAC40,20050513,3996.98,4017.89,3990.48,4017.89,0
CAC40,20050516,3990.46,4015.40,3990.46,4010.98,0
CAC40,20050517,4022.51,4022.51,3994.79,4006.19,0
CAC40,20050518,4016.15,4073.15,4016.15,4073.15,0
CAC40,20050519,4076.64,4091.82,4074.65,4085.98,0
CAC40,20050520,4088.03,4112.06,4080.44,4096.18,0
CAC40,20050523,4113.33,4123.94,4100.96,4118.37,0
CAC40,20050524,4110.09,4112.06,4083.53,4102.06,0
CAC40,20050525,4097.41,4114.75,4092.32,4100.27,0
CAC40,20050526,4101.14,4140.48,4101.02,4137.28,0
CAC40,20050527,4139.75,4142.54,4117.53,4131.83,0
CAC40,20050530,4108.95,4135.31,4097.96,4134.87,0
CAC40,20050531,4135.59,4139.07,4120.69,4120.73,0
CAC40,20050601,4125.82,4178.25,4123.77,4178.25,0
CAC40,20050602,4180.23,4198.20,4163.64,4183.72,0
CAC40,20050603,4184.15,4191.50,4157.93,4162.47,0
CAC40,20050606,4163.55,4167.46,4139.42,4146.47,0
CAC40,20050607,4153.94,4184.97,4150.28,4180.74,0
CAC40,20050608,4167.48,4179.88,4161.65,4171.35,0
CAC40,20050609,4163.98,4164.33,4140.88,4153.71,0
CAC40,20050610,4175.39,4195.10,4172.21,4184.10,0
CAC40,20050613,4192.65,4205.72,4179.74,4203.49,0
CAC40,20050614,4195.52,4202.67,4187.13,4197.74,0
CAC40,20050615,4205.29,4216.46,4180.01,4184.36,0
CAC40,20050616,4203.57,4209.22,4184.96,4185.15,0
CAC40,20050617,4193.06,4246.43,4192.58,4220.91,0
CAC40,20050620,4213.40,4213.71,4182.67,4193.40,0
CAC40,20050621,4206.02,4224.97,4205.47,4222.02,0
CAC40,20050622,4224.12,4242.53,4220.93,4229.55,0
CAC40,20050623,4236.33,4244.84,4217.02,4240.18,0
CAC40,20050624,4208.15,4212.07,4192.22,4199.87,0
CAC40,20050627,4172.96,4178.22,4149.95,4157.68,0
CAC40,20050628,4167.56,4195.73,4165.19,4194.33,0
CAC40,20050629,4211.78,4245.36,4207.36,4231.88,0
CAC40,20050630,4225.54,4254.80,4223.68,4229.35,0
CAC40,20050701,4224.66,4269.62,4220.75,4269.62,0
CAC40,20050704,4276.71,4276.71,4258.56,4264.60,0
CAC40,20050705,4264.00,4265.25,4231.93,4252.75,0
CAC40,20050706,4272.64,4292.07,4264.00,4279.95,0
CAC40,20050707,4269.56,4269.77,4089.27,4220.62,0
CAC40,20050708,4264.71,4300.31,4252.07,4300.31,0
CAC40,20050711,4317.90,4332.99,4313.99,4321.56,0
CAC40,20050712,4319.86,4330.52,4293.67,4313.78,0
CAC40,20050713,4318.06,4346.11,4316.15,4343.62,0
CAC40,20050714,4352.08,4389.49,4348.45,4370.88,0
CAC40,20050715,4369.96,4383.94,4361.77,4373.77,0
CAC40,20050718,4381.19,4388.70,4357.50,4363.47,0
CAC40,20050719,4369.53,4424.25,4369.53,4424.25,0
CAC40,20050720,4421.21,4435.29,4402.16,4418.39,0
CAC40,20050721,4435.20,4465.90,4403.57,4425.66,0
CAC40,20050722,4420.39,4434.11,4396.62,4415.52,0
CAC40,20050725,4423.23,4431.65,4403.02,4422.12,0
CAC40,20050726,4424.19,4445.15,4414.59,4420.78,0
CAC40,20050727,4435.73,4449.35,4428.66,4433.13,0
CAC40,20050728,4455.78,4472.17,4451.32,4462.26,0
CAC40,20050729,4473.31,4483.47,4440.32,4451.74,0
CAC40,20050801,4457.49,4478.72,4448.24,4456.87,0
CAC40,20050802,4459.89,4503.33,4457.22,4503.33,0
CAC40,20050803,4501.05,4503.74,4474.66,4495.48,0
CAC40,20050804,4471.54,4485.51,4444.63,4458.97,0
CAC40,20050805,4438.49,4466.97,4421.70,4421.70,0
CAC40,20050808,4437.15,4462.01,4433.02,4441.01,0
CAC40,20050809,4437.02,4491.69,4437.02,4491.69,0
CAC40,20050810,4501.70,4527.11,4501.70,4527.11,0
CAC40,20050811,4513.13,4522.90,4489.66,4509.10,0
CAC40,20050812,4496.39,4510.40,4467.60,4476.48,0
CAC40,20050815,4470.41,4485.63,4462.55,4466.58,0
CAC40,20050816,4483.86,4490.53,4441.55,4444.57,0
CAC40,20050817,4433.85,4443.27,4410.46,4439.63,0
CAC40,20050818,4436.62,4441.85,4406.02,4430.07,0
CAC40,20050819,4433.56,4489.36,4431.27,4487.90,0
CAC40,20050822,4490.14,4498.04,4478.61,4485.94,0
CAC40,20050823,4471.87,4472.46,4436.56,4436.56,0
CAC40,20050824,4428.16,4431.70,4401.20,4424.43,0
CAC40,20050825,4396.71,4396.71,4369.21,4378.51,0
CAC40,20050826,4380.14,4392.75,4342.70,4342.70,0
CAC40,20050829,4319.93,4364.24,4313.34,4361.27,0
CAC40,20050830,4373.60,4381.68,4356.66,4356.66,0
CAC40,20050831,4356.72,4400.00,4356.72,4399.36,0
CAC40,20050901,4423.70,4437.86,4407.64,4424.15,0
CAC40,20050902,4414.25,4432.60,4392.74,4404.95,0
CAC40,20050905,4404.81,4431.63,4404.81,4430.09,0
CAC40,20050906,4437.71,4472.55,4433.73,4472.55,0
CAC40,20050907,4489.83,4498.44,4476.05,4486.19,0
CAC40,20050908,4478.17,4485.85,4453.40,4465.94,0
CAC40,20050909,4473.40,4495.25,4473.40,4491.68,0
CAC40,20050912,4504.86,4517.62,4489.71,4491.82,0
CAC40,20050913,4493.18,4498.46,4453.41,4453.41,0
CAC40,20050914,4460.17,4478.77,4454.34,4470.43,0
CAC40,20050915,4461.33,4495.20,4459.27,4479.39,0
CAC40,20050916,4479.33,4526.93,4476.27,4509.49,0
CAC40,20050919,4486.21,4522.96,4463.06,4505.68,0
CAC40,20050920,4516.18,4536.99,4514.83,4531.80,0
CAC40,20050921,4497.93,4514.49,4466.23,4468.06,0
CAC40,20050922,4454.77,4462.58,4424.20,4448.15,0
CAC40,20050923,4458.82,4477.20,4452.42,4477.20,0
CAC40,20050926,4510.40,4566.92,4510.40,4566.92,0
CAC40,20050927,4556.05,4562.54,4537.31,4546.80,0
CAC40,20050928,4563.40,4602.42,4563.40,4599.63,0
CAC40,20050929,4598.73,4607.43,4576.02,4578.86,0
CAC40,20050930,4618.90,4620.85,4586.03,4600.02,0
CAC40,20051003,4610.01,4631.59,4608.10,4622.54,0
CAC40,20051004,4624.44,4651.11,4606.84,4650.24,0
CAC40,20051005,4619.40,4625.25,4594.11,4594.11,0
CAC40,20051006,4546.29,4552.07,4519.65,4536.90,0
CAC40,20051007,4521.43,4551.69,4514.74,4528.79,0
CAC40,20051010,4544.05,4561.52,4528.90,4536.22,0
CAC40,20051011,4536.09,4570.49,4535.92,4549.68,0
CAC40,20051012,4530.19,4543.96,4509.63,4515.05,0
CAC40,20051013,4500.73,4513.31,4452.20,4470.13,0
CAC40,20051014,4456.49,4500.06,4445.83,4482.13,0
CAC40,20051017,4498.51,4507.35,4485.14,4489.21,0
CAC40,20051018,4494.99,4502.01,4452.90,4461.14,0
CAC40,20051019,4418.37,4431.04,4373.05,4375.09,0
CAC40,20051020,4436.54,4445.32,4383.75,4390.66,0
CAC40,20051021,4354.39,4391.21,4354.39,4366.52,0
CAC40,20051024,4371.95,4421.97,4362.74,4421.97,0
CAC40,20051025,4440.72,4441.75,4396.99,4396.99,0
CAC40,20051026,4400.82,4433.48,4392.60,4412.70,0
CAC40,20051027,4375.75,4383.53,4329.46,4336.41,0
CAC40,20051028,4320.30,4348.20,4288.15,4326.71,0
CAC40,20051031,4373.04,4436.45,4373.04,4436.45,0
CAC40,20051101,4432.91,4450.12,4421.75,4434.75,0
CAC40,20051102,4424.08,4449.12,4398.64,4429.65,0
CAC40,20051103,4454.57,4502.62,4449.03,4502.02,0
CAC40,20051104,4497.27,4506.27,4476.42,4498.70,0
CAC40,20051107,4497.03,4516.73,4475.69,4503.65,0
CAC40,20051108,4521.42,4532.64,4493.68,4503.62,0
CAC40,20051109,4509.10,4511.95,4476.58,4480.23,0
CAC40,20051110,4496.35,4506.66,4474.23,4479.50,0
CAC40,20051111,4526.27,4541.82,4513.75,4536.49,0
CAC40,20051114,4530.08,4563.80,4521.39,4548.45,0
CAC40,20051115,4545.96,4557.21,4527.19,4543.15,0
CAC40,20051116,4531.30,4534.91,4494.53,4512.13,0
CAC40,20051117,4522.87,4543.86,4514.56,4523.18,0
CAC40,20051118,4555.98,4577.29,4543.29,4556.23,0
CAC40,20051121,4570.17,4593.64,4556.24,4586.38,0
CAC40,20051122,4593.08,4593.18,4574.11,4580.81,0
CAC40,20051123,4611.13,4611.13,4588.81,4608.65,0
CAC40,20051124,4598.28,4606.60,4574.36,4586.84,0
CAC40,20051125,4592.29,4601.71,4580.52,4600.48,0
CAC40,20051128,4621.61,4633.44,4575.12,4575.31,0
CAC40,20051129,4568.34,4606.00,4556.78,4588.73,0
CAC40,20051130,4575.89,4584.68,4551.28,4567.41,0
CAC40,20051201,4581.73,4636.46,4580.18,4636.46,0
CAC40,20051202,4651.16,4662.50,4637.10,4662.50,0
CAC40,20051205,4660.01,4666.10,4636.81,4650.54,0
CAC40,20051206,4654.50,4681.41,4648.77,4677.20,0
CAC40,20051207,4675.90,4690.75,4651.43,4660.58,0
CAC40,20051208,4635.95,4669.93,4623.23,4669.93,0
CAC40,20051209,4659.71,4668.28,4647.63,4661.01,0
CAC40,20051212,4674.04,4698.45,4661.22,4673.13,0
CAC40,20051213,4673.07,4701.85,4666.88,4693.40,0
CAC40,20051214,4698.99,4706.50,4672.87,4674.85,0
CAC40,20051215,4683.56,4684.75,4657.72,4673.14,0
CAC40,20051216,4683.14,4724.09,4681.69,4704.41,0
CAC40,20051219,4705.62,4712.87,4691.29,4694.86,0
CAC40,20051220,4676.21,4709.84,4674.18,4703.48,0
CAC40,20051221,4706.85,4752.41,4706.85,4752.41,0
CAC40,20051222,4746.84,4766.09,4742.67,4751.96,0
CAC40,20051223,4758.76,4768.94,4746.60,4757.74,0
CAC40,20051227,4751.15,4780.05,4751.15,4769.38,0
CAC40,20051228,4757.51,4771.97,4749.05,4756.93,0
CAC40,20051229,4762.31,4776.53,4760.68,4772.93,0
CAC40,20051230,4761.61,4761.61,4703.34,4715.23,0
CAC40,20060102,4731.92,4757.54,4727.09,4754.92,0
CAC40,20060103,4761.95,4803.23,4755.72,4776.98,0
CAC40,20060104,4820.90,4838.52,4799.19,4838.52,0
CAC40,20060105,4839.09,4849.67,4826.31,4835.09,0
CAC40,20060106,4843.16,4867.15,4839.75,4867.15,0
CAC40,20060109,4875.12,4886.19,4870.93,4875.09,0
CAC40,20060110,4868.90,4868.90,4838.48,4861.93,0
CAC40,20060111,4893.75,4897.58,4866.76,4890.49,0
CAC40,20060112,4875.88,4898.05,4872.52,4890.24,0
CAC40,20060113,4876.41,4876.41,4834.24,4850.53,0
CAC40,20060116,4844.13,4864.76,4844.13,4856.09,0
CAC40,20060117,4829.33,4829.33,4803.44,4807.14,0
CAC40,20060118,4748.72,4792.07,4730.38,4772.09,0
CAC40,20060119,4798.17,4815.81,4790.77,4814.09,0
CAC40,20060120,4829.32,4841.42,4773.48,4773.48,0
CAC40,20060123,4725.00,4754.78,4719.33,4751.99,0
CAC40,20060124,4758.93,4766.52,4739.76,4748.32,0
CAC40,20060125,4768.19,4794.22,4758.06,4791.00,0
CAC40,20060126,4801.84,4876.52,4800.21,4876.52,0
CAC40,20060127,4911.14,4956.60,4907.48,4956.60,0
CAC40,20060130,4947.36,4954.96,4934.62,4936.79,0
CAC40,20060131,4943.46,4970.21,4930.18,4947.99,0
CAC40,20060201,4948.10,5000.00,4936.59,4999.39,0
CAC40,20060202,5000.95,5012.38,4927.89,4927.89,0
CAC40,20060203,4945.38,4955.94,4905.63,4937.56,0
CAC40,20060206,4949.84,4960.67,4919.90,4934.59,0
CAC40,20060207,4951.99,4958.51,4906.36,4935.40,0
CAC40,20060208,4892.89,4909.68,4875.80,4895.08,0
CAC40,20060209,4925.71,4958.79,4921.60,4955.74,0
CAC40,20060210,4940.05,4963.69,4910.82,4910.82,0
CAC40,20060213,4916.36,4957.36,4898.96,4957.36,0
CAC40,20060214,4964.57,4975.41,4928.11,4961.34,0
CAC40,20060215,4957.12,4958.31,4922.81,4934.09,0
CAC40,20060216,4959.92,4973.89,4938.37,4973.09,0
CAC40,20060217,4975.73,5003.39,4965.57,5000.00,0
CAC40,20060220,4981.31,4985.66,4971.25,4979.94,0
CAC40,20060221,4997.94,5024.51,4974.51,4991.93,0
CAC40,20060222,4984.97,5041.60,4984.12,5041.60,0
CAC40,20060223,5051.77,5060.27,5020.04,5040.39,0
CAC40,20060224,5051.63,5073.95,5036.17,5073.95,0
CAC40,20060227,5082.13,5085.20,5058.09,5080.52,0
CAC40,20060228,5082.91,5084.62,4998.13,5000.45,0
CAC40,20060301,5008.71,5059.03,5006.00,5057.61,0
CAC40,20060302,5065.71,5077.58,4990.48,5009.09,0
CAC40,20060303,5015.56,5030.36,4966.71,4989.15,0
CAC40,20060306,5027.64,5037.05,5010.72,5010.72,0
CAC40,20060307,4989.93,4996.69,4968.72,4992.21,0
CAC40,20060308,5000.99,5005.88,4927.59,4969.51,0
CAC40,20060309,5007.96,5012.42,4981.05,5007.84,0
CAC40,20060310,4993.91,5069.27,4986.92,5069.27,0
CAC40,20060313,5094.23,5112.70,5085.74,5107.47,0
CAC40,20060314,5095.24,5117.16,5088.12,5117.16,0
CAC40,20060315,5131.04,5141.55,5119.61,5127.93,0
CAC40,20060316,5130.54,5136.64,5105.62,5126.01,0
CAC40,20060317,5133.09,5171.38,5124.75,5141.08,0
CAC40,20060320,5161.21,5174.14,5131.31,5138.51,0
CAC40,20060321,5136.92,5148.56,5098.38,5148.56,0
CAC40,20060322,5142.47,5201.28,5132.95,5194.78,0
CAC40,20060323,5204.68,5205.61,5179.66,5194.78,0
CAC40,20060324,5198.27,5226.37,5194.20,5218.71,0
CAC40,20060327,5212.39,5218.85,5162.07,5162.44,0
CAC40,20060328,5170.97,5189.94,5134.34,5149.99,0
CAC40,20060329,5144.12,5189.62,5143.66,5180.25,0
CAC40,20060330,5204.91,5246.74,5203.36,5240.10,0
CAC40,20060331,5227.05,5247.31,5211.07,5220.85,0
CAC40,20060403,5251.56,5258.51,5231.10,5255.26,0
CAC40,20060404,5241.41,5241.41,5203.91,5205.81,0
CAC40,20060405,5214.44,5230.87,5187.33,5221.03,0
CAC40,20060406,5232.41,5245.56,5200.46,5222.36,0
CAC40,20060407,5221.84,5241.00,5174.96,5174.96,0
CAC40,20060410,5170.05,5190.87,5155.83,5190.27,0
CAC40,20060411,5189.19,5197.41,5106.18,5112.60,0
CAC40,20060412,5106.48,5110.80,5058.35,5085.11,0
CAC40,20060413,5098.55,5109.61,5069.47,5102.62,0
CAC40,20060418,5097.56,5101.93,5073.51,5095.97,0
CAC40,20060419,5150.39,5172.59,5125.57,5158.14,0
CAC40,20060420,5158.24,5227.13,5158.24,5206.79,0
CAC40,20060421,5223.83,5252.38,5221.56,5252.38,0
CAC40,20060424,5227.70,5239.38,5219.27,5221.44,0
CAC40,20060425,5238.64,5255.15,5227.94,5235.34,0
CAC40,20060426,5244.47,5261.60,5241.99,5252.32,0
CAC40,20060427,5257.76,5257.76,5169.98,5213.55,0
CAC40,20060428,5210.81,5219.07,5184.27,5188.40,0
CAC40,20060502,5187.34,5249.47,5185.68,5241.19,0
CAC40,20060503,5260.57,5267.51,5193.94,5193.94,0
CAC40,20060504,5198.12,5241.49,5187.72,5233.70,0
CAC40,20060509,5292.29,5312.18,5272.82,5312.18,0
CAC40,20060510,5285.15,5310.65,5276.46,5278.27,0
CAC40,20060511,5284.06,5329.16,5259.12,5262.94,0
CAC40,20060512,5226.81,5238.40,5150.45,5150.45,0
CAC40,20060515,5130.53,5137.43,5052.80,5064.85,0
CAC40,20060516,5065.49,5100.71,5042.22,5081.69,0
CAC40,20060517,5103.58,5110.20,4920.31,4920.31,0
CAC40,20060518,4922.31,4959.81,4841.77,4908.69,0
CAC40,20060519,4933.73,4964.84,4906.74,4944.57,0
CAC40,20060522,4934.11,4934.11,4798.81,4813.50,0
CAC40,20060523,4847.52,4963.10,4847.52,4931.53,0
CAC40,20060524,4892.71,4908.77,4822.60,4870.02,0
CAC40,20060525,4878.51,4949.53,4840.58,4949.53,0
CAC40,20060526,4993.01,5045.09,4970.08,5045.09,0
CAC40,20060529,5022.86,5026.36,5009.17,5015.32,0
CAC40,20060530,5010.35,5023.41,4882.72,4893.87,0
CAC40,20060531,4834.56,4937.91,4820.06,4930.18,0
CAC40,20060601,4927.13,4954.46,4885.34,4947.29,0
CAC40,20060602,5000.45,5023.17,4937.81,4959.70,0
CAC40,20060605,4960.16,4970.51,4906.46,4916.04,0
CAC40,20060606,4834.44,4857.39,4786.43,4797.92,0
CAC40,20060607,4820.29,4832.50,4767.32,4824.77,0
CAC40,20060608,4706.39,4762.74,4684.34,4684.34,0
CAC40,20060609,4757.55,4785.59,4736.49,4768.18,0
CAC40,20060612,4757.56,4780.08,4720.16,4723.18,0
CAC40,20060613,4635.30,4660.34,4594.34,4617.59,0
CAC40,20060614,4622.22,4642.15,4564.69,4615.44,0
CAC40,20060615,4639.40,4729.80,4639.40,4724.58,0
CAC40,20060616,4789.94,4801.63,4681.47,4694.89,0
CAC40,20060619,4722.62,4773.54,4718.72,4729.02,0
CAC40,20060620,4687.39,4770.42,4678.37,4770.42,0
CAC40,20060621,4780.45,4785.86,4711.17,4774.73,0
CAC40,20060622,4828.63,4838.54,4775.59,4803.29,0
CAC40,20060623,4812.80,4834.20,4788.80,4817.63,0
CAC40,20060626,4838.72,4842.80,4796.15,4801.49,0
CAC40,20060627,4829.16,4832.16,4762.82,4771.24,0
CAC40,20060628,4751.79,4802.61,4744.58,4774.00,0
CAC40,20060629,4814.91,4880.38,4800.49,4880.38,0
CAC40,20060630,4946.59,4974.53,4914.25,4965.96,0
CAC40,20060703,4971.17,4982.84,4952.16,4980.62,0
CAC40,20060704,4985.84,4985.84,4948.41,4983.88,0
CAC40,20060705,4959.93,4963.44,4902.57,4921.30,0
CAC40,20060706,4935.28,4971.69,4933.19,4966.45,0
CAC40,20060707,4950.71,4977.68,4921.57,4953.71,0
CAC40,20060710,4939.20,4989.29,4908.98,4982.48,0
CAC40,20060711,4954.15,4975.78,4903.28,4914.39,0
CAC40,20060712,4946.59,4978.73,4932.70,4941.73,0
CAC40,20060713,4901.24,4904.01,4834.81,4852.52,0
CAC40,20060714,4808.12,4842.85,4780.79,4780.79,0
CAC40,20060717,4790.92,4790.92,4710.61,4750.08,0
CAC40,20060718,4740.01,4763.83,4715.62,4734.54,0
CAC40,20060719,4753.69,4846.54,4734.65,4846.54,0
CAC40,20060720,4874.11,4895.10,4854.58,4865.04,0
CAC40,20060721,4841.28,4860.49,4802.59,4818.55,0
CAC40,20060724,4827.07,4919.44,4826.17,4914.93,0
CAC40,20060725,4931.94,4958.05,4915.90,4933.12,0
CAC40,20060726,4937.07,4954.80,4925.47,4943.00,0
CAC40,20060727,4974.42,5001.21,4961.54,5001.21,0
CAC40,20060728,4978.07,5030.78,4962.54,5028.51,0
CAC40,20060731,5024.51,5034.06,5006.28,5009.42,0
CAC40,20060801,5010.95,5024.09,4932.41,4948.23,0
CAC40,20060802,4984.11,5027.20,4976.51,5026.25,0
CAC40,20060803,5034.46,5038.68,4958.18,4983.68,0
CAC40,20060804,5013.43,5060.47,4995.77,5040.95,0
CAC40,20060807,4980.44,4995.50,4950.18,4956.34,0
CAC40,20060808,4986.91,4991.49,4943.57,4967.95,0
CAC40,20060809,4982.84,5033.19,4948.18,5025.15,0
CAC40,20060810,4973.91,4986.60,4935.96,4976.64,0
CAC40,20060811,4993.25,5015.01,4962.62,4985.52,0
CAC40,20060814,5015.48,5050.40,5015.48,5046.93,0
CAC40,20060815,5031.22,5125.62,5031.22,5115.02,0
CAC40,20060816,5117.05,5140.73,5102.23,5137.31,0
CAC40,20060817,5140.80,5144.84,5122.40,5144.84,0
CAC40,20060818,5141.04,5157.60,5127.44,5135.69,0
CAC40,20060821,5126.23,5136.22,5094.73,5104.65,0
CAC40,20060822,5129.94,5131.18,5072.73,5128.33,0
CAC40,20060823,5129.01,5131.51,5075.44,5082.73,0
CAC40,20060824,5085.67,5128.96,5062.94,5112.85,0
CAC40,20060825,5118.15,5133.78,5089.45,5111.13,0
CAC40,20060828,5108.34,5154.27,5083.01,5148.52,0
CAC40,20060829,5153.28,5183.47,5144.48,5160.32,0
CAC40,20060830,5176.60,5196.91,5162.71,5182.79,0
CAC40,20060831,5196.90,5196.90,5157.56,5165.04,0
CAC40,20060901,5177.43,5206.23,5170.01,5183.45,0
CAC40,20060904,5196.98,5209.06,5190.38,5203.24,0
CAC40,20060905,5200.53,5202.44,5147.33,5172.85,0
CAC40,20060906,5175.92,5179.88,5107.95,5115.52,0
CAC40,20060907,5089.48,5090.27,5043.76,5060.09,0
CAC40,20060908,5070.82,5091.32,5058.07,5073.57,0
CAC40,20060911,5044.08,5058.31,5018.18,5058.31,0
CAC40,20060912,5062.53,5129.36,5037.73,5125.97,0
CAC40,20060913,5143.57,5152.89,5113.22,5137.93,0
CAC40,20060914,5149.09,5165.39,5106.25,5123.85,0
CAC40,20060915,5129.30,5163.06,5112.88,5144.88,0
CAC40,20060918,5152.27,5159.46,5119.36,5146.96,0
CAC40,20060919,5148.29,5151.78,5091.94,5115.99,0
CAC40,20060920,5108.44,5199.11,5106.01,5192.74,0
CAC40,20060921,5190.01,5222.83,5175.18,5208.32,0
CAC40,20060922,5168.32,5182.73,5122.77,5141.95,0
CAC40,20060925,5155.88,5183.89,5126.39,5146.49,0
CAC40,20060926,5182.04,5229.14,5176.65,5219.59,0
CAC40,20060927,5240.46,5252.75,5208.89,5243.10,0
CAC40,20060928,5235.12,5263.44,5232.78,5250.01,0
CAC40,20060929,5258.55,5285.34,5246.98,5250.01,0
CAC40,20061002,5270.83,5276.23,5229.22,5243.13,0
CAC40,20061003,5225.77,5230.51,5196.07,5219.79,0
CAC40,20061004,5227.19,5261.24,5216.36,5256.55,0
CAC40,20061005,5299.32,5300.18,5278.04,5288.53,0
CAC40,20061006,5293.18,5293.99,5259.22,5282.06,0
CAC40,20061009,5261.77,5291.32,5261.77,5284.74,0
CAC40,20061010,5296.62,5313.82,5285.36,5309.79,0
CAC40,20061011,5299.52,5313.72,5271.56,5313.19,0
CAC40,20061012,5318.49,5363.87,5310.42,5361.51,0
CAC40,20061013,5368.58,5372.81,5344.69,5353.23,0
CAC40,20061016,5356.97,5366.26,5341.63,5361.97,0
CAC40,20061017,5348.54,5353.67,5298.88,5302.99,0
CAC40,20061018,5328.76,5381.90,5324.25,5361.29,0
CAC40,20061019,5337.89,5377.74,5329.68,5359.74,0
CAC40,20061020,5372.92,5399.83,5359.80,5375.35,0
CAC40,20061023,5393.34,5420.23,5361.38,5411.81,0
CAC40,20061024,5406.90,5411.37,5388.14,5404.54,0
CAC40,20061025,5400.01,5427.10,5395.72,5422.28,0
CAC40,20061026,5445.20,5458.21,5421.79,5433.79,0
CAC40,20061027,5437.29,5448.67,5373.26,5396.03,0
CAC40,20061030,5357.17,5365.89,5341.77,5362.23,0
CAC40,20061031,5346.47,5372.35,5337.11,5348.73,0
CAC40,20061101,5350.15,5387.77,5340.06,5370.86,0
CAC40,20061102,5340.40,5354.92,5290.27,5310.07,0
CAC40,20061103,5323.23,5359.74,5305.72,5336.30,0
CAC40,20061106,5350.82,5402.36,5347.40,5402.36,0
CAC40,20061107,5405.58,5447.02,5400.72,5437.78,0
CAC40,20061108,5411.93,5441.91,5403.38,5437.16,0
CAC40,20061109,5442.70,5451.35,5426.25,5448.60,0
CAC40,20061110,5429.35,5454.60,5418.98,5447.50,0
CAC40,20061113,5448.02,5502.47,5444.01,5490.56,0
CAC40,20061114,5500.10,5500.72,5459.89,5476.28,0
CAC40,20061115,5504.42,5511.53,5486.24,5511.53,0
CAC40,20061116,5501.72,5518.43,5490.87,5505.72,0
CAC40,20061117,5486.84,5489.12,5422.01,5439.71,0
CAC40,20061120,5416.09,5466.83,5394.05,5454.74,0
CAC40,20061121,5451.04,5486.21,5449.90,5459.35,0
CAC40,20061122,5480.24,5494.34,5439.25,5452.49,0
CAC40,20061123,5460.89,5470.75,5399.81,5424.86,0
CAC40,20061124,5410.83,5416.36,5349.67,5389.46,0
CAC40,20061127,5384.52,5402.09,5308.65,5308.65,0
CAC40,20061128,5304.13,5321.11,5272.47,5306.24,0
CAC40,20061129,5339.03,5381.25,5317.42,5381.25,0
CAC40,20061130,5388.96,5398.96,5325.26,5327.64,0
CAC40,20061201,5341.30,5365.30,5239.84,5254.05,0
CAC40,20061204,5270.27,5299.12,5246.38,5296.08,0
CAC40,20061205,5311.04,5374.11,5298.93,5359.69,0
CAC40,20061206,5361.27,5376.15,5325.05,5350.62,0
CAC40,20061207,5333.07,5401.49,5330.98,5379.21,0
CAC40,20061208,5353.82,5387.70,5329.49,5384.16,0
CAC40,20061211,5411.97,5432.35,5401.38,5427.56,0
CAC40,20061212,5428.77,5432.57,5406.55,5426.82,0
CAC40,20061213,5428.47,5480.40,5421.84,5475.85,0
CAC40,20061214,5497.27,5516.50,5490.31,5509.58,0
CAC40,20061215,5522.62,5553.45,5513.63,5541.62,0
CAC40,20061218,5530.95,5545.00,5526.83,5530.32,0
CAC40,20061219,5498.50,5507.75,5464.87,5484.76,0
CAC40,20061220,5513.93,5524.98,5507.87,5514.42,0
CAC40,20061221,5496.96,5527.11,5496.96,5510.39,0
CAC40,20061222,5498.78,5503.20,5453.11,5453.94,0
CAC40,20061227,5478.85,5540.01,5478.85,5540.01,0
CAC40,20061228,5547.26,5549.47,5520.77,5533.36,0
CAC40,20061229,5535.84,5553.86,5531.63,5541.76,0
CAC40,20070102,5579.61,5621.65,5575.63,5617.71,0
CAC40,20070103,5620.60,5623.67,5596.82,5610.92,0
CAC40,20070104,5575.15,5585.54,5547.17,5574.56,0
CAC40,20070105,5551.95,5566.24,5517.35,5517.35,0
CAC40,20070108,5533.51,5555.67,5509.06,5518.59,0
CAC40,20070109,5549.01,5563.48,5532.62,5533.03,0
CAC40,20070110,5507.92,5524.11,5473.47,5501.95,0
CAC40,20070111,5523.48,5609.80,5515.60,5609.80,0
CAC40,20070112,5601.70,5619.93,5589.03,5617.62,0
CAC40,20070115,5641.43,5649.76,5623.35,5631.08,0
CAC40,20070116,5637.64,5645.20,5588.77,5591.54,0
CAC40,20070117,5593.28,5602.68,5538.48,5561.78,0
CAC40,20070118,5586.05,5609.34,5539.82,5555.04,0
CAC40,20070119,5555.33,5623.40,5529.44,5614.70,0
CAC40,20070122,5627.92,5639.70,5576.56,5579.78,0
CAC40,20070123,5582.44,5592.82,5539.76,5575.07,0
CAC40,20070124,5596.12,5646.14,5593.36,5638.08,0
CAC40,20070125,5646.57,5658.08,5590.65,5609.20,0
CAC40,20070126,5574.93,5611.84,5547.68,5582.30,0
CAC40,20070129,5591.83,5630.33,5582.43,5619.70,0
CAC40,20070130,5610.89,5653.88,5603.23,5645.59,0
CAC40,20070131,5639.38,5653.76,5601.17,5608.31,0
CAC40,20070201,5663.60,5689.44,5657.23,5662.25,0
CAC40,20070202,5677.90,5693.47,5666.77,5677.30,0
CAC40,20070205,5669.80,5691.83,5659.36,5681.11,0
CAC40,20070206,5681.34,5699.27,5670.48,5676.78,0
CAC40,20070207,5687.57,5710.57,5681.89,5703.00,0
CAC40,20070208,5705.77,5711.04,5652.48,5665.10,0
CAC40,20070209,5700.79,5710.31,5688.94,5692.45,0
CAC40,20070212,5666.14,5670.58,5625.17,5643.95,0
CAC40,20070213,5655.99,5682.69,5651.27,5682.69,0
CAC40,20070214,5699.87,5725.84,5693.36,5725.84,0
CAC40,20070215,5724.90,5729.16,5703.67,5720.88,0
CAC40,20070216,5714.16,5728.36,5703.64,5713.59,0
CAC40,20070219,5722.82,5758.33,5717.37,5739.90,0
CAC40,20070220,5739.37,5744.78,5678.38,5713.45,0
CAC40,20070221,5734.81,5736.24,5677.59,5694.56,0
CAC40,20070222,5723.15,5737.36,5700.78,5707.86,0
CAC40,20070223,5724.39,5727.60,5688.83,5716.38,0
CAC40,20070226,5728.07,5771.69,5728.07,5762.54,0
CAC40,20070227,5719.04,5719.45,5581.06,5588.39,0
CAC40,20070228,5469.35,5556.85,5458.65,5516.32,0
CAC40,20070301,5504.10,5555.37,5355.75,5458.40,0
CAC40,20070302,5476.88,5499.22,5391.10,5424.70,0
CAC40,20070305,5325.14,5404.14,5303.29,5385.03,0
CAC40,20070306,5431.09,5443.95,5399.12,5437.13,0
CAC40,20070307,5458.10,5469.01,5430.70,5455.07,0
CAC40,20070308,5494.02,5529.31,5481.55,5524.26,0
CAC40,20070309,5517.51,5549.30,5473.32,5537.84,0
CAC40,20070312,5553.93,5565.42,5478.52,5496.07,0
CAC40,20070313,5497.90,5508.56,5432.51,5432.94,0
CAC40,20070314,5345.06,5366.71,5295.58,5296.22,0
CAC40,20070315,5376.52,5389.85,5320.37,5389.85,0
CAC40,20070316,5381.89,5420.62,5346.73,5382.16,0
CAC40,20070319,5434.48,5459.40,5411.54,5458.95,0
CAC40,20070320,5462.67,5504.84,5426.43,5503.27,0
CAC40,20070321,5497.05,5518.12,5490.58,5502.18,0
CAC40,20070322,5578.63,5610.43,5560.50,5598.37,0
CAC40,20070323,5591.60,5642.19,5576.82,5634.75,0
CAC40,20070326,5638.48,5638.63,5546.28,5576.30,0
CAC40,20070327,5610.63,5617.97,5572.01,5587.06,0
CAC40,20070328,5563.53,5574.91,5530.79,5552.69,0
CAC40,20070329,5584.67,5633.42,5578.84,5631.53,0
CAC40,20070330,5631.80,5674.26,5609.02,5634.16,0
CAC40,20070402,5623.45,5648.18,5609.28,5645.56,0
CAC40,20070403,5680.69,5713.53,5669.28,5711.91,0
CAC40,20070404,5726.47,5739.01,5707.39,5739.01,0
CAC40,20070405,5735.17,5751.33,5721.00,5741.38,0
CAC40,20070410,5730.25,5774.97,5725.93,5766.27,0
CAC40,20070411,5764.04,5798.21,5741.27,5751.92,0
CAC40,20070412,5745.70,5759.27,5701.35,5748.94,0
CAC40,20070413,5759.92,5794.62,5748.74,5789.34,0
CAC40,20070416,5814.91,5861.97,5806.52,5861.97,0
CAC40,20070417,5843.55,5871.86,5820.74,5858.14,0
CAC40,20070418,5852.44,5859.17,5813.46,5835.95,0
CAC40,20070419,5780.79,5834.25,5745.03,5829.04,0
CAC40,20070420,5856.22,5957.80,5855.26,5938.90,0
CAC40,20070423,5943.39,5958.47,5904.56,5917.32,0
CAC40,20070424,5915.81,5923.61,5860.69,5886.03,0
CAC40,20070425,5907.15,5962.39,5907.15,5947.33,0
CAC40,20070426,5978.59,5981.55,5930.91,5944.44,0
CAC40,20070427,5938.81,5950.99,5908.38,5930.77,0
CAC40,20070430,5913.15,5976.34,5913.15,5960.04,0
CAC40,20070502,5976.50,6001.17,5958.98,5990.13,0
CAC40,20070503,6012.99,6019.70,5969.71,6004.28,0
CAC40,20070504,6006.60,6075.58,5999.79,6068.83,0
CAC40,20070507,6079.05,6081.78,6058.92,6071.48,0
CAC40,20070508,6064.20,6064.20,6015.99,6034.25,0
CAC40,20070509,6067.48,6078.28,6020.69,6051.63,0
CAC40,20070510,6042.98,6058.10,6006.99,6012.76,0
CAC40,20070511,5961.39,6051.19,5927.51,6050.63,0
CAC40,20070514,6068.16,6068.29,6016.96,6026.42,0
CAC40,20070515,6000.79,6057.71,5987.49,6049.76,0
CAC40,20070516,6037.84,6053.02,6012.84,6017.91,0
CAC40,20070517,6043.45,6048.97,6010.76,6027.00,0
CAC40,20070518,6016.12,6111.72,6016.12,6101.14,0
CAC40,20070521,6087.44,6110.31,6062.33,6089.91,0
CAC40,20070522,6092.67,6106.98,6076.87,6089.72,0
CAC40,20070523,6093.74,6121.87,6093.32,6120.20,0
CAC40,20070524,6069.06,6110.36,6039.32,6048.31,0
CAC40,20070525,6019.08,6073.37,6011.49,6057.49,0
CAC40,20070528,6066.92,6073.99,6051.17,6071.47,0
CAC40,20070529,6078.00,6079.67,6044.51,6056.39,0
CAC40,20070530,6014.61,6046.11,5986.26,6042.15,0
CAC40,20070531,6086.05,6119.33,6066.98,6104.00,0
CAC40,20070601,6105.61,6168.15,6105.61,6168.15,0
CAC40,20070604,6156.98,6163.90,6112.29,6125.81,0
CAC40,20070605,6136.99,6142.37,6076.59,6078.54,0
CAC40,20070606,6073.10,6080.70,5971.42,5977.87,0
CAC40,20070607,5987.81,5999.81,5879.05,5890.49,0
CAC40,20070608,5869.99,5917.84,5837.14,5883.29,0
CAC40,20070611,5937.70,5948.02,5915.06,5940.09,0
CAC40,20070612,5923.14,5944.59,5882.44,5898.16,0
CAC40,20070613,5878.60,5951.12,5851.48,5934.27,0
CAC40,20070614,5975.34,6047.23,5971.06,6047.23,0
CAC40,20070615,6062.87,6122.31,6056.68,6105.28,0
CAC40,20070618,6115.08,6118.82,6065.08,6087.15,0
CAC40,20070619,6092.87,6106.89,6058.36,6071.67,0
CAC40,20070620,6097.03,6132.14,6090.27,6093.29,0
CAC40,20070621,6042.72,6063.40,5995.37,6029.79,0
CAC40,20070622,6044.41,6055.32,6009.10,6023.25,0
CAC40,20070625,5971.64,6010.30,5943.24,6002.85,0
CAC40,20070626,5962.82,5990.01,5939.23,5953.36,0
CAC40,20070627,5916.81,5948.12,5897.80,5941.67,0
CAC40,20070628,5993.94,6006.31,5976.23,6006.31,0
CAC40,20070629,6028.38,6054.93,5976.95,6054.93,0
CAC40,20070702,6022.25,6040.33,6011.38,6026.95,0
CAC40,20070703,6066.62,6083.99,6065.11,6069.84,0
CAC40,20070704,6081.32,6104.57,6079.54,6098.08,0
CAC40,20070705,6112.59,6115.09,6051.92,6059.53,0
CAC40,20070706,6060.40,6106.57,6059.60,6102.69,0
CAC40,20070709,6119.00,6133.12,6097.78,6104.66,0
CAC40,20070710,6104.57,6126.24,6000.90,6019.22,0
CAC40,20070711,5970.52,6010.25,5936.90,6001.09,0
CAC40,20070712,6027.52,6103.05,5989.44,6103.05,0
CAC40,20070713,6154.82,6154.97,6105.21,6117.96,0
CAC40,20070716,6119.15,6132.29,6101.55,6125.60,0
CAC40,20070717,6108.29,6114.42,6061.78,6099.21,0
CAC40,20070718,6041.73,6062.14,5995.97,5995.97,0
CAC40,20070719,6037.86,6080.48,6027.19,6065.50,0
CAC40,20070720,6049.18,6076.26,5952.22,5957.16,0
CAC40,20070723,5944.32,6009.16,5929.75,6009.16,0
CAC40,20070724,5990.99,6006.52,5897.94,5907.47,0
CAC40,20070725,5884.14,5907.71,5804.17,5837.11,0
CAC40,20070726,5861.31,5867.51,5675.05,5675.05,0
CAC40,20070727,5625.66,5721.83,5608.28,5643.96,0
CAC40,20070730,5644.70,5684.57,5612.36,5646.36,0
CAC40,20070731,5700.65,5754.00,5691.21,5751.08,0
CAC40,20070801,5618.11,5701.21,5561.87,5654.30,0
CAC40,20070802,5700.24,5720.17,5661.09,5682.07,0
CAC40,20070803,5701.74,5701.74,5583.83,5597.89,0
CAC40,20070806,5523.30,5573.22,5516.65,5532.99,0
CAC40,20070807,5610.75,5627.28,5579.19,5620.40,0
CAC40,20070808,5671.98,5766.56,5652.52,5749.29,0
CAC40,20070809,5729.70,5742.05,5562.94,5624.78,0
CAC40,20070810,5518.90,5558.94,5434.93,5448.63,0
CAC40,20070813,5509.21,5576.89,5495.22,5569.28,0
CAC40,20070814,5513.78,5574.37,5463.39,5478.66,0
CAC40,20070815,5404.42,5454.65,5378.41,5442.72,0
CAC40,20070816,5334.18,5344.17,5263.15,5265.47,0
CAC40,20070817,5253.44,5450.35,5217.70,5363.63,0
CAC40,20070820,5426.08,5447.61,5390.06,5399.38,0
CAC40,20070821,5411.24,5445.50,5345.08,5418.78,0
CAC40,20070822,5450.40,5531.86,5448.52,5518.17,0
CAC40,20070823,5574.33,5596.16,5523.33,5523.33,0
CAC40,20070824,5495.22,5578.88,5491.20,5569.38,0
CAC40,20070827,5600.70,5617.79,5584.84,5590.54,0
CAC40,20070828,5579.72,5579.82,5462.27,5474.17,0
CAC40,20070829,5440.86,5520.02,5425.90,5520.02,0
CAC40,20070830,5585.39,5605.98,5521.10,5592.53,0
CAC40,20070831,5631.18,5686.47,5618.85,5662.70,0
CAC40,20070903,5676.45,5680.89,5639.55,5651.27,0
CAC40,20070904,5637.92,5679.95,5602.89,5672.72,0
CAC40,20070905,5653.65,5666.89,5548.69,5551.55,0
CAC40,20070906,5588.30,5596.43,5503.12,5576.62,0
CAC40,20070907,5566.63,5595.63,5417.26,5430.10,0
CAC40,20070910,5431.40,5459.34,5378.04,5386.43,0
CAC40,20070911,5442.10,5491.80,5424.06,5478.94,0
CAC40,20070912,5493.70,5519.44,5462.56,5508.01,0
CAC40,20070913,5492.64,5574.62,5472.20,5565.97,0
CAC40,20070914,5538.63,5554.95,5487.27,5538.92,0
CAC40,20070917,5519.00,5519.00,5431.46,5439.37,0
CAC40,20070918,5418.41,5557.34,5417.01,5549.35,0
CAC40,20070919,5683.21,5744.74,5653.51,5730.82,0
CAC40,20070920,5684.18,5710.84,5670.52,5688.76,0
CAC40,20070921,5665.44,5724.99,5665.44,5700.65,0
CAC40,20070924,5685.44,5711.80,5673.07,5692.49,0
CAC40,20070925,5662.94,5673.96,5608.69,5641.59,0
CAC40,20070926,5664.89,5715.31,5662.54,5690.77,0
CAC40,20070927,5729.74,5752.89,5717.49,5733.37,0
CAC40,20070928,5731.26,5734.12,5679.03,5715.69,0
CAC40,20071001,5669.24,5780.79,5660.76,5773.26,0
CAC40,20071002,5806.73,5823.50,5793.19,5799.27,0
CAC40,20071003,5798.24,5809.50,5779.45,5806.18,0
CAC40,20071004,5783.48,5825.94,5776.18,5804.39,0
CAC40,20071005,5812.90,5854.81,5793.68,5843.24,0
CAC40,20071008,5852.06,5852.30,5824.07,5829.40,0
CAC40,20071009,5819.83,5863.95,5805.67,5861.93,0
CAC40,20071010,5867.37,5874.96,5808.48,5838.49,0
CAC40,20071011,5845.16,5882.07,5835.78,5862.83,0
CAC40,20071012,5812.12,5843.95,5779.04,5843.95,0
CAC40,20071015,5843.85,5867.95,5795.67,5807.44,0
CAC40,20071016,5777.03,5789.67,5739.86,5774.36,0
CAC40,20071017,5767.82,5843.76,5759.98,5818.80,0
CAC40,20071018,5829.64,5838.97,5740.81,5767.24,0
CAC40,20071019,5751.56,5780.50,5728.36,5740.48,0
CAC40,20071022,5643.41,5669.16,5630.80,5661.27,0
CAC40,20071023,5694.33,5728.85,5686.22,5705.05,0
CAC40,20071024,5711.20,5733.87,5654.10,5674.67,0
CAC40,20071025,5722.09,5767.11,5710.05,5760.30,0
CAC40,20071026,5768.91,5805.03,5744.93,5794.87,0
CAC40,20071029,5849.38,5850.81,5822.44,5836.19,0
CAC40,20071030,5820.51,5822.99,5795.18,5803.93,0
CAC40,20071031,5805.91,5847.95,5793.84,5847.95,0
CAC40,20071101,5850.23,5855.35,5704.81,5730.92,0
CAC40,20071102,5682.06,5726.12,5668.67,5720.42,0
CAC40,20071105,5670.55,5697.71,5660.14,5684.62,0
CAC40,20071106,5701.39,5728.70,5683.98,5709.42,0
CAC40,20071107,5738.25,5759.53,5646.12,5683.22,0
CAC40,20071108,5604.91,5675.03,5589.50,5631.63,0
CAC40,20071109,5636.72,5661.41,5493.60,5524.18,0
CAC40,20071112,5491.02,5540.34,5483.71,5535.56,0
CAC40,20071113,5512.32,5554.12,5486.29,5538.91,0
CAC40,20071114,5598.91,5638.82,5591.04,5613.60,0
CAC40,20071115,5601.57,5610.98,5526.27,5561.13,0
CAC40,20071116,5519.81,5551.82,5497.09,5523.63,0
CAC40,20071119,5525.66,5564.65,5428.96,5432.57,0
CAC40,20071120,5458.93,5516.66,5412.93,5506.68,0
CAC40,20071121,5432.10,5442.55,5358.76,5381.30,0
CAC40,20071122,5402.22,5433.46,5364.25,5416.10,0
CAC40,20071123,5413.13,5529.80,5411.21,5521.17,0
CAC40,20071126,5560.95,5568.01,5450.55,5458.39,0
CAC40,20071127,5424.26,5467.43,5383.67,5434.17,0
CAC40,20071128,5461.15,5578.08,5406.99,5561.21,0
CAC40,20071129,5596.69,5615.00,5550.00,5598.11,0
CAC40,20071130,5605.43,5685.53,5597.22,5670.57,0
CAC40,20071203,5655.73,5680.48,5620.19,5629.46,0
CAC40,20071204,5621.18,5621.87,5538.32,5547.21,0
CAC40,20071205,5591.69,5663.22,5577.27,5659.07,0
CAC40,20071206,5679.11,5724.51,5627.68,5673.76,0
CAC40,20071207,5710.63,5744.76,5708.54,5718.75,0
CAC40,20071210,5685.96,5771.44,5681.36,5750.92,0
CAC40,20071211,5765.98,5768.22,5702.53,5724.76,0
CAC40,20071212,5646.72,5795.22,5625.01,5743.32,0
CAC40,20071213,5674.87,5677.20,5582.11,5590.91,0
CAC40,20071214,5627.55,5631.54,5560.59,5605.36,0
CAC40,20071217,5532.66,5541.56,5499.57,5514.88,0
CAC40,20071218,5502.07,5581.18,5502.07,5509.37,0
CAC40,20071219,5518.58,5547.76,5465.98,5497.42,0
CAC40,20071220,5521.60,5549.52,5493.75,5511.45,0
CAC40,20071221,5574.28,5622.61,5562.68,5602.77,0
CAC40,20071224,5621.80,5621.80,5603.40,5614.28,0
CAC40,20071227,5639.26,5656.14,5617.66,5627.48,0
CAC40,20071228,5600.01,5640.00,5593.92,5627.25,0
CAC40,20071231,5621.12,5621.83,5600.62,5614.08,0
CAC40,20080102,5598.93,5665.94,5530.43,5550.36,0
CAC40,20080103,5538.24,5559.05,5515.61,5546.08,0
CAC40,20080104,5542.69,5567.09,5417.53,5446.79,0
CAC40,20080107,5434.66,5475.25,5429.32,5452.83,0
CAC40,20080108,5479.53,5533.93,5471.14,5495.67,0
CAC40,20080109,5459.25,5463.07,5420.06,5435.42,0
CAC40,20080110,5467.74,5471.82,5394.52,5400.43,0
CAC40,20080111,5392.28,5410.91,5349.25,5371.41,0
CAC40,20080114,5347.72,5421.22,5343.25,5403.51,0
CAC40,20080115,5387.44,5394.14,5250.09,5250.82,0
CAC40,20080116,5216.22,5289.05,5177.68,5225.39,0
CAC40,20080117,5270.24,5278.50,5150.24,5157.09,0
CAC40,20080118,5167.79,5231.56,5081.23,5092.40,0
CAC40,20080121,5008.38,5012.53,4726.76,4744.45,0
CAC40,20080122,4627.38,4903.99,4505.14,4842.54,0
CAC40,20080123,4933.69,4945.16,4591.24,4636.76,0
CAC40,20080124,4783.76,4916.98,4773.53,4916.98,0
CAC40,20080125,4994.59,4999.50,4855.43,4878.12,0
CAC40,20080128,4810.25,4854.34,4755.98,4848.30,0
CAC40,20080129,4893.49,4949.40,4868.01,4941.45,0
CAC40,20080130,4909.46,4911.80,4841.30,4873.57,0
CAC40,20080131,4867.36,4907.67,4762.73,4869.79,0
CAC40,20080201,4942.59,5009.16,4927.18,4978.06,0
CAC40,20080204,5023.34,5024.81,4954.93,4973.64,0
CAC40,20080205,4970.79,4970.79,4767.45,4776.86,0
CAC40,20080206,4736.49,4823.03,4734.24,4816.43,0
CAC40,20080207,4789.50,4797.54,4683.06,4723.80,0
CAC40,20080208,4761.63,4789.38,4679.80,4709.65,0
CAC40,20080211,4653.15,4734.73,4644.74,4682.70,0
CAC40,20080212,4723.79,4846.97,4676.10,4840.71,0
CAC40,20080213,4792.11,4887.31,4781.50,4855.40,0
CAC40,20080214,4917.99,4926.33,4835.77,4858.65,0
CAC40,20080215,4856.52,4877.66,4743.93,4771.79,0
CAC40,20080218,4812.72,4879.23,4810.29,4861.80,0
CAC40,20080219,4847.48,4940.36,4806.17,4885.83,0
CAC40,20080220,4826.23,4866.90,4779.14,4812.81,0
CAC40,20080221,4858.66,4905.17,4834.04,4858.85,0
CAC40,20080222,4821.03,4878.18,4786.67,4824.55,0
CAC40,20080225,4881.30,4925.94,4870.41,4919.26,0
CAC40,20080226,4952.81,4980.65,4917.15,4973.07,0
CAC40,20080227,4990.78,4992.77,4892.59,4968.82,0
CAC40,20080228,4940.59,4964.09,4856.05,4865.23,0
CAC40,20080229,4837.11,4873.02,4768.53,4790.66,0
CAC40,20080303,4716.99,4764.15,4698.00,4742.66,0
CAC40,20080304,4751.57,4782.86,4655.25,4675.91,0
CAC40,20080305,4723.69,4767.59,4689.03,4756.42,0
CAC40,20080306,4757.85,4760.17,4664.14,4678.05,0
CAC40,20080307,4636.01,4661.88,4576.59,4618.96,0
CAC40,20080310,4594.18,4625.98,4534.58,4566.99,0
CAC40,20080311,4589.28,4683.18,4566.95,4627.69,0
CAC40,20080312,4707.90,4741.89,4678.62,4697.10,0
CAC40,20080313,4613.16,4642.20,4547.09,4630.19,0
CAC40,20080314,4630.38,4707.83,4544.62,4592.15,0
CAC40,20080317,4457.68,4505.97,4416.71,4431.04,0
CAC40,20080318,4502.49,4593.00,4481.80,4582.59,0
CAC40,20080319,4628.31,4652.67,4533.18,4555.95,0
CAC40,20080320,4507.29,4553.28,4480.87,4533.72,0
CAC40,20080325,4670.97,4699.90,4647.54,4692.00,0
CAC40,20080326,4656.54,4693.62,4647.92,4676.68,0
CAC40,20080327,4667.99,4750.63,4664.97,4719.53,0
CAC40,20080328,4722.51,4740.78,4679.53,4695.92,0
CAC40,20080331,4651.11,4711.78,4622.26,4707.07,0
CAC40,20080401,4685.32,4876.84,4681.24,4866.00,0
CAC40,20080402,4901.30,4923.40,4856.39,4911.97,0
CAC40,20080403,4921.41,4921.41,4853.96,4887.87,0
CAC40,20080404,4912.31,4919.96,4848.67,4900.88,0
CAC40,20080407,4936.73,4959.97,4926.67,4944.60,0
CAC40,20080408,4909.55,4914.43,4878.73,4912.69,0
CAC40,20080409,4886.58,4924.57,4868.19,4874.97,0
CAC40,20080410,4868.56,4880.59,4789.63,4859.42,0
CAC40,20080411,4893.70,4917.89,4775.16,4797.93,0
CAC40,20080414,4753.99,4793.63,4750.28,4766.49,0
CAC40,20080415,4801.82,4820.75,4741.06,4780.68,0
CAC40,20080416,4832.56,4863.06,4789.28,4855.10,0
CAC40,20080417,4876.05,4900.66,4834.22,4862.14,0
CAC40,20080418,4883.32,4976.37,4878.40,4961.69,0
CAC40,20080421,4955.46,4961.31,4885.13,4910.35,0
CAC40,20080422,4885.81,4930.16,4849.88,4872.64,0
CAC40,20080423,4889.82,4950.63,4850.91,4944.65,0
CAC40,20080424,4921.27,4942.82,4861.22,4929.55,0
CAC40,20080425,4954.22,5013.44,4950.90,4978.21,0
CAC40,20080428,4990.40,5030.76,4986.44,5012.75,0
CAC40,20080429,4993.26,5013.05,4957.78,4977.10,0
CAC40,20080430,4976.35,5006.48,4935.10,4996.54,0
CAC40,20080502,5058.47,5099.39,5028.57,5069.71,0
CAC40,20080505,5059.67,5078.72,5048.24,5063.36,0
CAC40,20080506,5051.63,5067.84,5011.12,5040.92,0
CAC40,20080507,5062.93,5100.10,5041.57,5075.31,0
CAC40,20080508,5035.66,5066.87,5025.21,5055.58,0
CAC40,20080509,5004.58,5004.58,4925.05,4960.56,0
CAC40,20080512,4975.18,5011.27,4954.67,4976.21,0
CAC40,20080513,5002.78,5017.28,4951.37,4998.67,0
CAC40,20080514,5034.14,5067.97,4992.14,5055.24,0
CAC40,20080515,5041.60,5060.28,5020.39,5057.51,0
CAC40,20080516,5087.41,5120.91,5058.79,5078.04,0
CAC40,20080519,5092.08,5142.10,5076.12,5142.10,0
CAC40,20080520,5093.14,5104.74,5041.22,5054.88,0
CAC40,20080521,5061.88,5080.73,5003.09,5027.55,0
CAC40,20080522,4979.11,5047.91,4975.04,5028.74,0
CAC40,20080523,5021.07,5021.07,4933.77,4933.77,0
CAC40,20080526,4912.35,4950.76,4912.35,4937.84,0
CAC40,20080527,4954.64,4959.51,4893.86,4906.56,0
CAC40,20080528,4921.86,5006.16,4914.18,4971.11,0
CAC40,20080529,4983.21,5006.47,4952.16,4975.90,0
CAC40,20080530,4990.77,5028.80,4986.39,5014.28,0
CAC40,20080602,5009.26,5012.01,4925.09,4935.21,0
CAC40,20080603,4917.19,4987.76,4916.56,4983.71,0
CAC40,20080604,4962.68,4962.68,4867.09,4915.07,0
CAC40,20080605,4913.58,4944.45,4880.35,4907.06,0
CAC40,20080606,4936.75,4969.03,4793.72,4795.32,0
CAC40,20080609,4777.82,4821.27,4775.26,4799.38,0
CAC40,20080610,4760.66,4793.37,4732.57,4761.08,0
CAC40,20080611,4778.72,4796.93,4659.52,4660.91,0
CAC40,20080612,4671.15,4694.71,4646.15,4672.30,0
CAC40,20080613,4664.05,4689.41,4614.54,4682.30,0
CAC40,20080616,4686.15,4690.73,4618.49,4657.74,0
CAC40,20080617,4673.21,4723.25,4673.21,4686.33,0
CAC40,20080618,4672.41,4676.63,4597.22,4618.75,0
CAC40,20080619,4592.98,4631.64,4591.34,4591.39,0
CAC40,20080620,4608.67,4617.03,4475.13,4509.27,0
CAC40,20080623,4499.21,4538.54,4489.87,4511.37,0
CAC40,20080624,4509.60,4533.40,4426.26,4473.76,0
CAC40,20080625,4491.19,4537.16,4490.70,4536.29,0
CAC40,20080626,4493.33,4505.98,4426.19,4426.19,0
CAC40,20080627,4405.62,4433.22,4348.31,4397.32,0
CAC40,20080630,4387.17,4439.78,4354.87,4434.85,0
CAC40,20080701,4405.25,4415.86,4307.09,4341.21,0
CAC40,20080702,4353.57,4378.16,4296.48,4296.48,0
CAC40,20080703,4257.53,4358.02,4224.13,4343.99,0
CAC40,20080704,4358.60,4358.60,4266.00,4266.00,0
CAC40,20080707,4307.31,4350.94,4271.00,4342.59,0
CAC40,20080708,4254.01,4292.41,4224.08,4275.61,0
CAC40,20080709,4317.64,4342.63,4301.48,4339.66,0
CAC40,20080710,4268.47,4293.12,4209.64,4231.56,0
CAC40,20080711,4254.02,4260.81,4100.64,4100.64,0
CAC40,20080714,4150.86,4189.22,4135.15,4142.53,0
CAC40,20080715,4092.45,4110.27,4024.84,4061.15,0
CAC40,20080716,4074.07,4116.28,4002.87,4112.45,0
CAC40,20080717,4170.84,4260.95,4159.02,4225.99,0
CAC40,20080718,4192.37,4299.36,4177.80,4299.36,0
CAC40,20080721,4299.34,4362.06,4261.98,4327.14,0
CAC40,20080722,4287.22,4332.99,4259.29,4327.26,0
CAC40,20080723,4387.67,4419.48,4367.27,4408.74,0
CAC40,20080724,4432.45,4440.89,4328.52,4347.99,0
CAC40,20080725,4305.06,4398.13,4299.36,4377.18,0
CAC40,20080728,4363.72,4363.72,4316.61,4324.45,0
CAC40,20080729,4279.73,4346.12,4256.36,4320.49,0
CAC40,20080730,4351.30,4424.01,4346.82,4400.55,0
CAC40,20080731,4415.10,4448.05,4365.26,4392.36,0
CAC40,20080801,4353.61,4378.84,4297.08,4314.34,0
CAC40,20080804,4312.02,4332.15,4267.29,4280.63,0
CAC40,20080805,4305.33,4390.93,4282.39,4386.35,0
CAC40,20080806,4423.16,4454.02,4395.82,4448.33,0
CAC40,20080807,4434.66,4514.17,4432.30,4457.43,0
CAC40,20080808,4430.64,4496.41,4415.75,4491.85,0
CAC40,20080811,4502.43,4538.03,4486.11,4527.80,0
CAC40,20080812,4518.53,4552.26,4494.10,4518.48,0
CAC40,20080813,4492.13,4500.00,4397.62,4402.97,0
CAC40,20080814,4437.00,4467.28,4383.48,4420.91,0
CAC40,20080815,4446.31,4495.86,4421.37,4453.62,0
CAC40,20080818,4436.08,4501.38,4405.07,4448.84,0
CAC40,20080819,4395.91,4395.91,4329.94,4332.79,0
CAC40,20080820,4353.38,4377.50,4327.22,4365.87,0
CAC40,20080821,4336.25,4341.79,4294.94,4304.61,0
CAC40,20080822,4321.71,4404.77,4306.11,4400.45,0
CAC40,20080825,4376.58,4392.50,4350.83,4355.87,0
CAC40,20080826,4331.70,4383.80,4296.24,4368.55,0
CAC40,20080827,4365.10,4390.33,4309.79,4373.08,0
CAC40,20080828,4364.26,4479.73,4339.61,4461.49,0
CAC40,20080829,4468.37,4508.67,4456.23,4482.60,0
CAC40,20080901,4451.01,4491.52,4436.68,4472.13,0
CAC40,20080902,4465.83,4558.56,4444.11,4539.07,0
CAC40,20080903,4499.30,4511.69,4447.13,4447.13,0
CAC40,20080904,4445.12,4457.30,4302.04,4304.01,0
CAC40,20080905,4271.88,4288.31,4181.61,4196.66,0
CAC40,20080908,4289.51,4408.82,4289.51,4340.18,0
CAC40,20080909,4335.45,4386.78,4275.10,4293.34,0
CAC40,20080910,4295.99,4315.23,4239.09,4283.66,0
CAC40,20080911,4275.90,4286.83,4192.92,4249.07,0
CAC40,20080912,4312.41,4333.03,4256.73,4332.66,0
CAC40,20080915,4229.30,4232.82,4075.54,4168.97,0
CAC40,20080916,4098.48,4158.36,4027.44,4087.40,0
CAC40,20080917,4136.97,4160.26,3990.86,4000.11,0
CAC40,20080918,3983.06,4077.97,3926.82,3957.86,0
CAC40,20080919,4102.01,4324.87,4090.17,4324.87,0
CAC40,20080922,4318.76,4356.67,4223.51,4223.51,0
CAC40,20080923,4200.95,4205.50,4114.49,4139.82,0
CAC40,20080924,4162.54,4169.17,4097.35,4114.54,0
CAC40,20080925,4111.68,4231.84,4111.27,4226.81,0
CAC40,20080926,4160.36,4201.51,4106.75,4163.38,0
CAC40,20080929,4136.12,4139.50,3953.48,3953.48,0
CAC40,20080930,3881.48,4043.33,3844.63,4032.10,0
CAC40,20081001,4064.67,4069.97,3998.49,4054.54,0
CAC40,20081002,4059.38,4112.24,3962.74,3963.28,0
CAC40,20081003,3981.30,4110.65,3934.03,4080.75,0
CAC40,20081006,3896.96,3911.49,3679.63,3711.98,0
CAC40,20081007,3815.90,3856.98,3689.26,3732.22,0
CAC40,20081008,3638.26,3759.36,3426.85,3496.89,0
CAC40,20081009,3576.03,3612.37,3389.70,3442.70,0
CAC40,20081010,3217.47,3280.04,3047.85,3176.49,0
CAC40,20081013,3290.41,3531.50,3290.41,3531.50,0
CAC40,20081014,3606.88,3766.88,3555.99,3628.52,0
CAC40,20081015,3610.43,3610.43,3346.77,3381.07,0
CAC40,20081016,3303.99,3354.39,3115.89,3181.00,0
CAC40,20081017,3234.25,3349.82,3179.38,3329.92,0
CAC40,20081020,3406.54,3448.51,3356.09,3448.51,0
CAC40,20081021,3501.36,3545.53,3436.45,3475.40,0
CAC40,20081022,3375.34,3418.30,3291.71,3298.18,0
CAC40,20081023,3303.48,3343.58,3182.03,3310.87,0
CAC40,20081024,3150.53,3193.79,2959.29,3193.79,0
CAC40,20081027,3114.24,3128.24,2976.40,3067.35,0
CAC40,20081028,3149.88,3176.11,2996.16,3114.92,0
CAC40,20081029,3286.51,3402.57,3269.06,3402.57,0
CAC40,20081030,3477.68,3485.10,3327.95,3407.82,0
CAC40,20081031,3398.91,3487.07,3319.35,3487.07,0
CAC40,20081103,3516.84,3527.97,3459.84,3527.97,0
CAC40,20081104,3533.06,3691.09,3519.09,3691.09,0
CAC40,20081105,3675.36,3675.36,3569.30,3618.11,0
CAC40,20081106,3510.47,3574.95,3377.68,3387.25,0
CAC40,20081107,3401.68,3509.92,3351.22,3469.12,0
CAC40,20081110,3550.61,3612.28,3489.72,3505.75,0
CAC40,20081111,3447.02,3460.13,3328.31,3336.41,0
CAC40,20081112,3399.07,3410.09,3207.90,3233.96,0
CAC40,20081113,3192.13,3293.98,3183.65,3269.46,0
CAC40,20081114,3334.50,3378.93,3269.56,3291.47,0
CAC40,20081117,3271.44,3309.62,3166.79,3182.03,0
CAC40,20081118,3195.41,3227.75,3103.54,3217.40,0
CAC40,20081119,3215.01,3215.01,3085.14,3087.89,0
CAC40,20081120,2997.95,3037.36,2909.34,2980.42,0
CAC40,20081121,2996.27,3041.11,2838.50,2881.26,0
CAC40,20081124,2948.19,3172.11,2931.49,3172.11,0
CAC40,20081125,3142.07,3274.71,3104.36,3209.56,0
CAC40,20081126,3184.38,3213.16,3095.06,3169.85,0
CAC40,20081127,3216.85,3254.76,3205.25,3250.39,0
CAC40,20081128,3241.14,3262.68,3177.30,3262.68,0
CAC40,20081201,3263.48,3272.09,3071.99,3080.43,0
CAC40,20081202,3042.72,3160.30,3011.80,3152.90,0
CAC40,20081203,3147.35,3183.50,3056.03,3166.65,0
CAC40,20081204,3160.01,3257.15,3109.16,3161.16,0
CAC40,20081205,3120.88,3128.43,2956.75,2988.01,0
CAC40,20081208,3192.87,3253.27,3154.03,3247.48,0
CAC40,20081209,3218.00,3342.84,3198.51,3297.80,0
CAC40,20081210,3306.34,3331.30,3261.56,3320.31,0
CAC40,20081211,3310.58,3342.72,3263.15,3306.13,0
CAC40,20081212,3207.05,3242.37,3114.77,3213.60,0
CAC40,20081215,3266.31,3269.11,3171.65,3185.66,0
CAC40,20081216,3186.17,3251.66,3176.70,3251.66,0
CAC40,20081217,3289.70,3305.02,3187.72,3241.92,0
CAC40,20081218,3255.83,3260.01,3196.91,3234.15,0
CAC40,20081219,3195.70,3248.92,3146.82,3225.90,0
CAC40,20081222,3194.09,3209.35,3151.36,3151.36,0
CAC40,20081223,3154.77,3188.42,3128.41,3128.41,0
CAC40,20081224,3114.60,3150.23,3094.69,3116.21,0
CAC40,20081229,3133.24,3169.25,3105.07,3130.72,0
CAC40,20081230,3160.23,3217.13,3151.03,3217.13,0
CAC40,20081231,3241.87,3264.50,3217.97,3217.97,0
CAC40,20090102,3240.60,3349.69,3219.55,3349.69,0
CAC40,20090105,3380.59,3382.85,3323.12,3359.92,0
CAC40,20090106,3372.83,3426.04,3339.29,3396.22,0
CAC40,20090107,3382.03,3403.33,3316.60,3346.09,0
CAC40,20090108,3310.76,3346.28,3269.80,3324.33,0
CAC40,20090109,3337.01,3368.30,3271.03,3299.50,0
CAC40,20090112,3288.72,3305.46,3236.47,3246.12,0
CAC40,20090113,3234.52,3234.52,3154.29,3197.89,0
CAC40,20090114,3217.53,3219.37,3018.06,3052.00,0
CAC40,20090115,3056.02,3071.55,2962.56,2995.88,0
CAC40,20090116,3059.36,3107.85,3009.50,3016.75,0
CAC40,20090119,3061.36,3083.39,2949.64,2989.69,0
CAC40,20090120,2984.00,3031.55,2912.53,2925.28,0
CAC40,20090121,2896.24,2947.65,2841.87,2905.57,0
CAC40,20090122,2943.81,2981.10,2864.74,2869.62,0
CAC40,20090123,2868.44,2885.62,2770.09,2849.14,0
CAC40,20090126,2834.54,2968.11,2834.54,2955.37,0
CAC40,20090127,2965.37,2970.95,2907.64,2954.53,0
CAC40,20090128,2992.21,3085.69,2989.68,3076.01,0
CAC40,20090129,3064.14,3064.14,2986.01,3009.75,0
CAC40,20090130,3000.62,3028.09,2949.39,2973.92,0
CAC40,20090202,2940.63,2940.63,2867.68,2930.05,0
CAC40,20090203,2951.32,2989.17,2899.22,2982.39,0
CAC40,20090204,3007.95,3097.73,2988.45,3068.99,0
CAC40,20090205,3012.30,3069.11,2976.59,3066.29,0
CAC40,20090206,3086.01,3146.69,3056.92,3122.79,0
CAC40,20090209,3111.68,3146.13,3089.77,3134.87,0
CAC40,20090210,3102.50,3124.05,3020.75,3020.75,0
CAC40,20090211,2999.02,3034.01,2986.21,3027.72,0
CAC40,20090212,3012.06,3012.06,2932.41,2964.34,0
CAC40,20090213,3008.59,3044.73,2986.28,2997.86,0
CAC40,20090216,2974.47,2994.41,2960.77,2962.22,0
CAC40,20090217,2932.29,2935.79,2854.76,2875.23,0
CAC40,20090218,2895.83,2898.34,2825.48,2874.07,0
CAC40,20090219,2894.03,2913.10,2861.15,2872.60,0
CAC40,20090220,2828.95,2830.33,2750.55,2750.55,0
CAC40,20090223,2795.11,2810.91,2719.30,2727.87,0
CAC40,20090224,2708.00,2733.87,2669.50,2708.05,0
CAC40,20090225,2745.46,2759.89,2662.73,2696.92,0
CAC40,20090226,2738.34,2769.57,2694.77,2744.84,0
CAC40,20090227,2705.44,2714.51,2644.19,2702.48,0
CAC40,20090302,2636.75,2639.21,2581.46,2581.46,0
CAC40,20090303,2597.03,2616.76,2552.31,2554.55,0
CAC40,20090304,2593.16,2675.68,2575.40,2675.68,0
CAC40,20090305,2662.34,2664.19,2569.63,2569.63,0
CAC40,20090306,2566.19,2597.75,2521.46,2534.45,0
CAC40,20090309,2546.26,2546.26,2465.46,2519.29,0
CAC40,20090310,2520.22,2670.16,2510.24,2663.68,0
CAC40,20090311,2653.60,2734.70,2617.40,2674.20,0
CAC40,20090312,2636.90,2697.40,2594.70,2694.20,0
CAC40,20090313,2742.83,2771.72,2694.59,2705.63,0
CAC40,20090316,2753.00,2791.66,2747.29,2791.66,0
CAC40,20090317,2761.96,2782.17,2722.19,2767.28,0
CAC40,20090318,2792.99,2813.93,2720.44,2760.34,0
CAC40,20090319,2783.45,2833.21,2760.67,2776.99,0
CAC40,20090320,2757.84,2798.04,2724.56,2791.14,0
CAC40,20090323,2827.61,2873.99,2801.94,2869.57,0
CAC40,20090324,2913.75,2916.67,2840.96,2874.39,0
CAC40,20090325,2855.90,2918.23,2844.80,2893.45,0
CAC40,20090326,2900.02,2906.48,2856.89,2892.07,0
CAC40,20090327,2894.11,2902.00,2823.99,2840.62,0
CAC40,20090330,2791.47,2794.78,2719.34,2719.34,0
CAC40,20090331,2734.69,2807.96,2734.69,2807.34,0
CAC40,20090401,2791.78,2841.38,2741.27,2839.61,0
CAC40,20090402,2900.34,3000.98,2897.67,2992.06,0
CAC40,20090403,2972.36,3019.02,2947.99,2958.74,0
CAC40,20090406,2986.09,3018.36,2905.12,2929.75,0
CAC40,20090407,2936.31,2950.36,2876.02,2902.31,0
CAC40,20090408,2868.02,2936.82,2847.96,2921.06,0
CAC40,20090409,2943.83,2990.63,2923.41,2974.18,0
CAC40,20090414,2994.58,3028.36,2960.82,3000.22,0
CAC40,20090415,2969.72,3003.00,2956.45,2985.74,0
CAC40,20090416,3010.78,3054.14,2977.83,3038.18,0
CAC40,20090417,3049.80,3102.04,3029.61,3091.96,0
CAC40,20090420,3080.40,3082.56,2958.53,2969.40,0
CAC40,20090421,2965.68,3003.34,2898.52,2973.94,0
CAC40,20090422,2972.52,3026.33,2935.18,3025.24,0
CAC40,20090423,2995.32,3056.64,2983.99,3008.62,0
CAC40,20090424,3016.95,3102.85,3016.95,3102.85,0
CAC40,20090427,3045.70,3109.51,3040.45,3102.43,0
CAC40,20090428,3048.64,3085.44,3016.06,3051.02,0
CAC40,20090429,3068.87,3125.17,3062.89,3116.94,0
CAC40,20090430,3144.28,3194.25,3141.36,3159.85,0
CAC40,20090504,3169.92,3241.34,3168.25,3237.97,0
CAC40,20090505,3242.83,3260.62,3209.87,3225.00,0
CAC40,20090506,3205.73,3308.64,3205.73,3283.51,0
CAC40,20090507,3319.32,3355.95,3244.27,3251.52,0
CAC40,20090508,3286.16,3345.46,3279.16,3312.59,0
CAC40,20090511,3312.59,3312.59,3224.54,3248.67,0
CAC40,20090512,3218.58,3270.61,3211.48,3231.10,0
CAC40,20090513,3240.44,3254.83,3152.53,3152.90,0
CAC40,20090514,3140.07,3167.13,3118.06,3156.29,0
CAC40,20090515,3185.65,3190.74,3134.90,3169.05,0
CAC40,20090518,3135.26,3245.39,3115.27,3245.39,0
CAC40,20090519,3261.38,3294.69,3246.08,3274.96,0
CAC40,20090520,3262.09,3320.33,3258.58,3303.37,0
CAC40,20090521,3260.23,3266.47,3208.81,3217.41,0
CAC40,20090522,3233.45,3260.63,3199.80,3227.97,0
CAC40,20090525,3235.06,3249.01,3168.22,3236.16,0
CAC40,20090526,3223.24,3277.23,3170.56,3270.09,0
CAC40,20090527,3282.79,3301.77,3267.10,3294.86,0
CAC40,20090528,3245.04,3293.61,3231.61,3263.70,0
CAC40,20090529,3295.23,3317.58,3267.89,3277.65,0
CAC40,20090601,3335.81,3384.08,3331.61,3379.49,0
CAC40,20090602,3346.05,3399.59,3342.28,3378.04,0
CAC40,20090603,3387.88,3387.88,3288.99,3309.65,0
CAC40,20090604,3317.20,3351.64,3308.49,3312.03,0
CAC40,20090605,3340.17,3389.81,3318.03,3339.05,0
CAC40,20090608,3327.59,3330.85,3275.70,3289.66,0
CAC40,20090609,3306.68,3332.35,3284.14,3296.73,0
CAC40,20090610,3325.90,3370.87,3303.04,3315.27,0
CAC40,20090611,3300.92,3343.06,3294.34,3334.94,0
CAC40,20090612,3328.35,3340.50,3310.52,3326.14,0
CAC40,20090615,3307.23,3307.23,3213.32,3219.58,0
CAC40,20090616,3226.76,3247.76,3209.81,3213.95,0
CAC40,20090617,3200.71,3211.12,3136.91,3161.14,0
CAC40,20090618,3168.96,3207.08,3139.41,3194.06,0
CAC40,20090619,3196.83,3243.96,3183.86,3221.27,0
CAC40,20090622,3224.19,3224.42,3123.10,3123.25,0
CAC40,20090623,3097.45,3143.53,3097.45,3116.82,0
CAC40,20090624,3134.06,3196.97,3104.84,3184.76,0
CAC40,20090625,3180.82,3186.24,3110.35,3163.10,0
CAC40,20090626,3182.95,3204.01,3112.62,3129.73,0
CAC40,20090629,3126.85,3205.36,3120.96,3193.68,0
CAC40,20090630,3207.35,3207.35,3124.72,3140.44,0
CAC40,20090701,3162.55,3233.60,3161.83,3217.00,0
CAC40,20090702,3200.16,3200.62,3116.41,3116.41,0
CAC40,20090703,3126.94,3132.73,3092.18,3119.51,0
CAC40,20090706,3089.30,3103.22,3059.06,3082.16,0
CAC40,20090707,3096.34,3112.95,3044.71,3048.57,0
CAC40,20090708,3035.67,3048.84,3000.28,3009.71,0
CAC40,20090709,3026.87,3059.09,3013.27,3025.94,0
CAC40,20090710,3010.05,3022.58,2976.81,2983.10,0
CAC40,20090713,2973.40,3052.08,2957.83,3052.08,0
CAC40,20090714,3064.10,3093.92,3045.34,3081.87,0
CAC40,20090715,3104.72,3171.27,3102.35,3171.27,0
CAC40,20090716,3168.85,3227.82,3157.26,3199.68,0
CAC40,20090717,3221.74,3235.82,3206.95,3218.46,0
CAC40,20090720,3249.93,3279.10,3233.94,3270.94,0
CAC40,20090721,3275.81,3330.28,3265.63,3302.89,0
CAC40,20090722,3306.03,3306.89,3267.65,3305.07,0
CAC40,20090723,3315.25,3380.16,3280.68,3373.72,0
CAC40,20090724,3360.18,3408.28,3346.91,3366.45,0
CAC40,20090727,3389.04,3406.40,3350.37,3372.36,0
CAC40,20090728,3376.36,3400.57,3327.45,3330.97,0
CAC40,20090729,3328.27,3394.68,3326.92,3365.62,0
CAC40,20090730,3387.63,3455.51,3373.08,3435.49,0
CAC40,20090731,3434.66,3447.15,3408.00,3426.27,0
CAC40,20090803,3427.36,3505.84,3417.82,3477.80,0
CAC40,20090804,3479.72,3482.33,3441.43,3476.37,0
CAC40,20090805,3474.36,3507.89,3443.94,3458.53,0
CAC40,20090806,3484.76,3507.83,3458.30,3477.83,0
CAC40,20090807,3467.38,3539.31,3437.00,3521.14,0
CAC40,20090810,3507.87,3509.96,3482.84,3504.54,0
CAC40,20090811,3511.98,3528.21,3444.52,3456.18,0
CAC40,20090812,3457.76,3511.76,3435.87,3507.24,0
CAC40,20090813,3511.74,3558.47,3503.99,3524.39,0
CAC40,20090814,3534.61,3553.81,3480.47,3495.27,0
CAC40,20090817,3472.36,3474.33,3396.60,3419.69,0
CAC40,20090818,3436.04,3450.69,3419.71,3450.69,0
CAC40,20090819,3431.38,3467.64,3404.89,3450.34,0
CAC40,20090820,3488.13,3516.88,3477.19,3505.32,0
CAC40,20090821,3498.91,3623.35,3489.74,3615.81,0
CAC40,20090824,3623.85,3660.52,3621.05,3652.17,0
CAC40,20090825,3614.61,3689.20,3614.61,3680.61,0
CAC40,20090826,3670.12,3693.82,3657.60,3668.34,0
CAC40,20090827,3660.51,3686.07,3634.44,3648.53,0
CAC40,20090828,3667.80,3724.34,3667.80,3693.14,0
CAC40,20090831,3667.33,3682.59,3647.41,3653.54,0
CAC40,20090901,3674.82,3686.08,3583.44,3583.44,0
CAC40,20090902,3581.14,3581.14,3535.49,3573.13,0
CAC40,20090903,3587.34,3593.81,3542.96,3553.51,0
CAC40,20090904,3570.35,3603.35,3566.91,3598.76,0
CAC40,20090907,3624.28,3659.82,3621.60,3652.83,0
CAC40,20090908,3663.33,3676.87,3642.45,3660.96,0
CAC40,20090909,3645.50,3707.69,3643.71,3707.69,0
CAC40,20090910,3725.09,3731.92,3679.21,3705.87,0
CAC40,20090911,3723.67,3751.44,3722.52,3734.89,0
CAC40,20090914,3693.70,3733.15,3674.22,3730.61,0
CAC40,20090915,3743.50,3766.28,3724.38,3752.21,0
CAC40,20090916,3767.16,3821.24,3767.16,3813.79,0
CAC40,20090917,3844.45,3844.45,3810.02,3835.27,0
CAC40,20090918,3816.22,3853.97,3812.71,3827.84,0
CAC40,20090921,3829.01,3833.08,3787.52,3812.16,0
CAC40,20090922,3827.82,3856.67,3815.16,3823.52,0
CAC40,20090923,3824.76,3849.27,3807.13,3821.79,0
CAC40,20090924,3811.07,3849.94,3751.75,3758.36,0
CAC40,20090925,3761.04,3768.52,3731.99,3739.14,0
CAC40,20090928,3728.64,3825.00,3703.08,3825.00,0
CAC40,20090929,3830.40,3845.01,3798.71,3814.10,0
CAC40,20090930,3826.21,3841.99,3763.35,3795.41,0
CAC40,20091001,3802.27,3821.42,3720.22,3720.77,0
CAC40,20091002,3698.79,3698.79,3627.40,3649.90,0
CAC40,20091005,3652.37,3677.37,3629.41,3675.01,0
CAC40,20091006,3693.59,3770.21,3678.56,3770.21,0
CAC40,20091007,3764.77,3792.03,3748.93,3756.41,0
CAC40,20091008,3814.24,3818.27,3778.81,3806.81,0
CAC40,20091009,3788.21,3822.96,3777.74,3799.61,0
CAC40,20091012,3813.68,3859.15,3805.96,3845.80,0
CAC40,20091013,3836.06,3846.74,3790.66,3801.39,0
CAC40,20091014,3847.13,3885.23,3844.19,3882.67,0
CAC40,20091015,3885.65,3898.22,3862.68,3883.83,0
CAC40,20091016,3884.06,3907.49,3817.90,3827.60,0
CAC40,20091019,3843.97,3892.36,3843.97,3892.36,0
CAC40,20091020,3906.84,3913.81,3863.34,3871.45,0
CAC40,20091021,3878.63,3888.49,3805.92,3873.22,0
CAC40,20091022,3825.16,3831.18,3792.48,3820.85,0
CAC40,20091023,3859.29,3878.44,3807.08,3808.24,0
CAC40,20091026,3822.44,3838.45,3732.64,3744.45,0
CAC40,20091027,3746.60,3772.35,3725.40,3743.95,0
CAC40,20091028,3734.31,3734.31,3661.07,3663.78,0
CAC40,20091029,3655.93,3721.73,3641.13,3714.02,0
CAC40,20091030,3719.82,3727.61,3600.46,3607.69,0
CAC40,20091102,3603.74,3665.92,3590.73,3639.46,0
CAC40,20091103,3607.71,3607.86,3549.65,3584.25,0
CAC40,20091104,3619.04,3682.50,3611.97,3670.33,0
CAC40,20091105,3634.71,3728.76,3617.09,3708.73,0
CAC40,20091106,3702.52,3725.90,3658.03,3707.29,0
CAC40,20091109,3737.37,3786.48,3737.37,3785.49,0
CAC40,20091110,3787.87,3802.90,3775.26,3785.59,0
CAC40,20091111,3819.63,3843.88,3803.11,3814.39,0
CAC40,20091112,3799.94,3843.76,3791.29,3808.07,0
CAC40,20091113,3793.97,3810.70,3764.51,3806.01,0
CAC40,20091116,3837.87,3868.16,3830.26,3863.16,0
CAC40,20091117,3851.33,3859.43,3821.82,3829.06,0
CAC40,20091118,3852.37,3862.17,3815.04,3828.16,0
CAC40,20091119,3818.09,3824.29,3751.00,3760.22,0
CAC40,20091120,3773.20,3788.07,3714.42,3729.36,0
CAC40,20091123,3767.22,3828.69,3765.31,3813.17,0
CAC40,20091124,3778.51,3818.73,3770.68,3784.62,0
CAC40,20091125,3806.03,3827.38,3783.62,3809.16,0
CAC40,20091126,3792.90,3792.90,3672.78,3679.23,0
CAC40,20091127,3614.29,3748.08,3610.81,3721.45,0
CAC40,20091130,3729.29,3731.75,3669.27,3680.15,0
CAC40,20091201,3714.78,3775.74,3714.78,3775.74,0
CAC40,20091202,3774.75,3811.60,3764.84,3795.92,0
CAC40,20091203,3829.31,3841.11,3788.80,3799.11,0
CAC40,20091204,3782.49,3876.23,3772.34,3846.62,0
CAC40,20091207,3838.72,3853.98,3803.62,3840.05,0
CAC40,20091208,3829.88,3854.08,3761.86,3785.30,0
CAC40,20091209,3777.05,3799.87,3734.71,3757.39,0
CAC40,20091210,3756.73,3805.17,3753.12,3798.38,0
CAC40,20091211,3796.57,3836.88,3796.57,3803.72,0
CAC40,20091214,3835.69,3846.75,3811.62,3830.44,0
CAC40,20091215,3834.64,3843.13,3793.65,3834.09,0
CAC40,20091216,3837.51,3878.20,3836.28,3875.82,0
CAC40,20091217,3846.93,3864.05,3820.88,3830.82,0
CAC40,20091218,3834.77,3871.00,3794.44,3794.44,0
CAC40,20091221,3803.48,3873.88,3802.13,3872.06,0
CAC40,20091222,3876.82,3918.67,3876.82,3898.38,0
CAC40,20091223,3917.04,3930.76,3898.82,3910.75,0
CAC40,20091224,3916.86,3922.93,3910.35,3912.73,0
CAC40,20091228,3940.85,3951.78,3934.36,3947.15,0
CAC40,20091229,3954.49,3976.92,3949.97,3959.98,0
CAC40,20091230,3953.35,3967.16,3928.20,3935.50,0
CAC40,20091231,3950.59,3959.20,3936.33,3936.33,0
CAC40,20100104,3950.61,4013.97,3950.61,4013.97,0
CAC40,20100105,4013.19,4028.34,3993.33,4012.91,0
CAC40,20100106,4015.10,4022.94,3996.80,4017.67,0
CAC40,20100107,4005.84,4032.24,3983.90,4024.80,0
CAC40,20100108,4038.74,4051.41,4013.34,4045.14,0
CAC40,20100111,4071.41,4088.18,4039.33,4043.09,0
CAC40,20100112,4045.15,4049.48,3980.20,4000.05,0
CAC40,20100113,3982.07,4007.86,3979.15,4000.86,0
CAC40,20100114,4029.71,4029.71,3993.50,4015.77,0
CAC40,20100115,4025.66,4044.08,3949.90,3954.38,0
CAC40,20100118,3971.25,3982.79,3954.28,3977.46,0
CAC40,20100119,3968.35,4019.88,3930.91,4009.67,0
CAC40,20100120,3995.13,4013.48,3915.96,3928.95,0
CAC40,20100121,3956.14,3966.20,3862.16,3862.16,0
CAC40,20100122,3840.55,3859.65,3786.29,3820.78,0
CAC40,20100125,3801.32,3833.44,3780.50,3781.85,0
CAC40,20100126,3759.13,3807.48,3741.36,3807.04,0
CAC40,20100127,3779.24,3793.63,3737.29,3759.80,0
CAC40,20100128,3799.66,3810.57,3688.79,3688.79,0
CAC40,20100129,3705.79,3768.39,3696.00,3739.46,0
CAC40,20100201,3721.66,3774.36,3702.01,3762.01,0
CAC40,20100202,3766.82,3819.07,3737.72,3812.13,0
CAC40,20100203,3818.24,3831.38,3784.32,3793.47,0
CAC40,20100204,3792.63,3806.21,3685.57,3689.25,0
CAC40,20100205,3669.60,3673.71,3563.76,3563.76,0
CAC40,20100208,3596.42,3616.67,3545.91,3607.27,0
CAC40,20100209,3600.55,3633.59,3583.54,3612.76,0
CAC40,20100210,3630.36,3673.63,3617.72,3635.61,0
CAC40,20100211,3656.32,3675.64,3581.86,3616.75,0
CAC40,20100212,3637.64,3661.04,3579.40,3599.07,0
CAC40,20100215,3614.88,3641.98,3599.63,3609.22,0
CAC40,20100216,3642.13,3669.04,3602.31,3669.04,0
CAC40,20100217,3700.19,3748.66,3700.19,3725.21,0
CAC40,20100218,3716.70,3752.05,3711.31,3747.83,0
CAC40,20100219,3724.87,3772.67,3707.19,3769.54,0
CAC40,20100222,3781.98,3781.98,3752.88,3756.70,0
CAC40,20100223,3774.50,3791.56,3696.49,3707.06,0
CAC40,20100224,3713.28,3727.81,3683.81,3715.68,0
CAC40,20100225,3694.31,3724.69,3633.81,3640.77,0
CAC40,20100226,3675.40,3710.31,3648.34,3708.80,0
CAC40,20100301,3742.89,3771.81,3724.84,3769.54,0
CAC40,20100302,3767.18,3811.92,3763.16,3811.92,0
CAC40,20100303,3799.34,3849.73,3787.96,3842.52,0
CAC40,20100304,3809.72,3850.73,3809.72,3828.41,0
CAC40,20100305,3846.16,3910.42,3838.34,3910.42,0
CAC40,20100308,3923.88,3923.93,3901.97,3903.54,0
CAC40,20100309,3907.46,3919.52,3876.09,3910.01,0
CAC40,20100310,3907.70,3950.64,3902.11,3943.55,0
CAC40,20100311,3925.25,3946.15,3909.95,3928.95,0
CAC40,20100312,3934.53,3956.42,3919.07,3927.40,0
CAC40,20100315,3921.41,3925.86,3889.13,3890.91,0
CAC40,20100316,3914.76,3951.47,3910.81,3938.95,0
CAC40,20100317,3953.89,3967.51,3943.17,3957.89,0
CAC40,20100318,3937.63,3964.78,3923.26,3938.18,0
CAC40,20100319,3952.83,3963.53,3906.11,3925.44,0
CAC40,20100322,3908.65,3928.00,3868.02,3928.00,0
CAC40,20100323,3927.57,3962.20,3926.87,3952.55,0
CAC40,20100324,3960.39,3966.96,3907.85,3949.81,0
CAC40,20100325,3950.95,4008.70,3950.95,4000.48,0
CAC40,20100326,3992.31,4002.92,3979.87,3988.93,0
CAC40,20100329,4002.54,4017.64,3971.12,4000.66,0
CAC40,20100330,4015.76,4028.64,3978.87,3987.41,0
CAC40,20100331,3983.45,3998.57,3943.03,3974.01,0
CAC40,20100401,3989.83,4041.58,3989.83,4034.23,0
CAC40,20100406,4041.45,4065.07,4026.74,4053.94,0
CAC40,20100407,4050.35,4052.03,4020.17,4026.97,0
CAC40,20100408,4008.08,4012.10,3952.14,3978.46,0
CAC40,20100409,4008.20,4050.54,4008.20,4050.54,0
CAC40,20100412,4074.33,4082.11,4032.04,4050.50,0
CAC40,20100413,4041.32,4058.10,4020.71,4031.99,0
CAC40,20100414,4050.06,4074.29,4046.61,4057.70,0
CAC40,20100415,4069.37,4084.69,4036.90,4065.65,0
CAC40,20100416,4045.54,4086.00,3976.42,3986.63,0
CAC40,20100419,3966.83,3987.05,3949.08,3970.47,0
CAC40,20100420,3988.65,4030.04,3970.63,4026.65,0
CAC40,20100421,4034.65,4036.31,3976.95,3977.67,0
CAC40,20100422,3969.93,4007.30,3907.43,3924.65,0
CAC40,20100423,3922.08,3968.50,3907.19,3951.30,0
CAC40,20100426,3992.91,4017.53,3978.31,3997.39,0
CAC40,20100427,3987.72,3995.96,3844.60,3844.60,0
CAC40,20100428,3821.35,3848.15,3749.53,3787.00,0
CAC40,20100429,3793.54,3857.64,3775.34,3840.62,0
CAC40,20100430,3838.43,3857.08,3783.95,3816.99,0
CAC40,20100503,3798.24,3847.21,3771.96,3828.46,0
CAC40,20100504,3823.30,3836.17,3678.89,3689.29,0
CAC40,20100505,3687.71,3705.08,3613.57,3636.03,0
CAC40,20100506,3583.75,3667.89,3541.82,3556.11,0
CAC40,20100507,3454.60,3538.86,3349.96,3392.59,0
CAC40,20100510,3605.84,3720.29,3461.96,3720.29,0
CAC40,20100511,3655.24,3700.29,3623.22,3693.20,0
CAC40,20100512,3665.77,3763.07,3639.34,3733.87,0
CAC40,20100513,3774.10,3774.10,3702.74,3731.54,0
CAC40,20100514,3706.77,3711.12,3543.74,3560.36,0
CAC40,20100517,3526.87,3594.94,3515.40,3543.55,0
CAC40,20100518,3601.38,3640.06,3576.27,3617.32,0
CAC40,20100519,3557.35,3576.14,3485.89,3511.67,0
CAC40,20100520,3522.46,3555.64,3362.17,3432.52,0
CAC40,20100521,3433.19,3458.67,3341.76,3430.74,0
CAC40,20100524,3460.49,3477.86,3399.58,3430.93,0
CAC40,20100525,3326.54,3348.64,3287.57,3331.29,0
CAC40,20100526,3393.44,3449.57,3374.71,3408.59,0
CAC40,20100527,3433.27,3527.70,3420.78,3525.31,0
CAC40,20100528,3553.17,3553.17,3501.17,3515.06,0
CAC40,20100531,3506.30,3528.78,3498.07,3507.56,0
CAC40,20100601,3481.66,3521.24,3414.50,3503.08,0
CAC40,20100602,3471.83,3505.73,3432.20,3501.50,0
CAC40,20100603,3572.76,3598.38,3549.88,3557.34,0
CAC40,20100604,3567.99,3593.00,3443.11,3455.61,0
CAC40,20100607,3397.17,3455.32,3381.73,3413.72,0
CAC40,20100608,3433.86,3433.86,3343.59,3380.36,0
CAC40,20100609,3411.81,3446.77,3364.84,3446.77,0
CAC40,20100610,3416.54,3538.61,3405.26,3516.64,0
CAC40,20100611,3536.85,3570.39,3507.57,3555.52,0
CAC40,20100614,3583.47,3630.16,3581.97,3626.04,0
CAC40,20100615,3590.83,3672.71,3590.83,3661.51,0
CAC40,20100616,3689.65,3689.65,3639.28,3675.93,0
CAC40,20100617,3671.96,3716.19,3660.25,3683.08,0
CAC40,20100618,3685.35,3704.59,3662.58,3687.21,0
CAC40,20100621,3750.70,3759.54,3722.38,3736.15,0
CAC40,20100622,3703.31,3726.04,3671.39,3705.32,0
CAC40,20100623,3665.85,3696.03,3626.54,3641.79,0
CAC40,20100624,3666.42,3667.94,3543.47,3555.36,0
CAC40,20100625,3559.12,3577.51,3504.31,3519.73,0
CAC40,20100628,3537.67,3577.59,3506.66,3576.45,0
CAC40,20100629,3520.33,3532.38,3424.72,3432.99,0
CAC40,20100630,3448.00,3470.69,3408.55,3442.89,0
CAC40,20100701,3386.79,3403.08,3321.35,3339.90,0
CAC40,20100702,3371.90,3390.78,3337.41,3348.37,0
CAC40,20100705,3362.72,3364.75,3331.59,3332.46,0
CAC40,20100706,3352.39,3456.43,3349.68,3423.36,0
CAC40,20100707,3386.47,3483.44,3361.18,3483.44,0
CAC40,20100708,3516.13,3553.61,3504.78,3538.25,0
CAC40,20100709,3567.37,3570.89,3540.39,3554.48,0
CAC40,20100712,3562.70,3593.12,3545.57,3567.66,0
CAC40,20100713,3568.39,3642.53,3567.68,3637.76,0
CAC40,20100714,3652.19,3656.76,3596.27,3632.98,0
CAC40,20100715,3617.37,3654.10,3569.41,3581.82,0
CAC40,20100716,3595.02,3614.59,3487.21,3500.16,0
CAC40,20100719,3476.07,3534.49,3476.07,3486.33,0
CAC40,20100720,3512.42,3514.39,3419.77,3468.02,0
CAC40,20100721,3500.36,3541.59,3488.62,3493.92,0
CAC40,20100722,3473.48,3604.90,3469.47,3600.57,0
CAC40,20100723,3595.66,3628.20,3575.32,3607.05,0
CAC40,20100726,3634.76,3636.18,3589.93,3636.18,0
CAC40,20100727,3661.06,3698.02,3654.22,3666.40,0
CAC40,20100728,3680.60,3700.40,3656.19,3670.36,0
CAC40,20100729,3680.06,3720.63,3651.91,3651.91,0
CAC40,20100730,3647.21,3680.07,3600.83,3643.14,0
CAC40,20100802,3675.88,3755.72,3671.93,3752.03,0
CAC40,20100803,3744.52,3751.96,3716.04,3747.51,0
CAC40,20100804,3746.56,3779.99,3716.03,3760.72,0
CAC40,20100805,3763.72,3802.94,3758.52,3764.19,0
CAC40,20100806,3780.82,3794.03,3698.15,3716.05,0
CAC40,20100809,3764.25,3781.63,3752.99,3777.37,0
CAC40,20100810,3769.47,3771.67,3710.01,3730.58,0
CAC40,20100811,3705.44,3708.62,3625.70,3628.29,0
CAC40,20100812,3611.46,3641.85,3584.44,3621.07,0
CAC40,20100813,3650.46,3652.08,3577.54,3610.91,0
CAC40,20100816,3622.60,3628.66,3563.88,3597.60,0
CAC40,20100817,3615.35,3664.62,3610.27,3663.13,0
CAC40,20100818,3650.52,3668.50,3625.49,3647.93,0
CAC40,20100819,3666.94,3680.03,3570.35,3572.40,0
CAC40,20100820,3570.40,3596.43,3517.49,3526.12,0
CAC40,20100823,3536.95,3583.45,3524.63,3553.23,0
CAC40,20100824,3523.49,3529.91,3457.12,3491.11,0
CAC40,20100825,3482.53,3500.81,3414.84,3450.19,0
CAC40,20100826,3490.75,3491.85,3455.51,3475.03,0
CAC40,20100827,3460.35,3509.58,3435.55,3507.44,0
CAC40,20100830,3518.69,3520.70,3477.27,3487.01,0
CAC40,20100831,3435.05,3490.79,3430.91,3490.79,0
CAC40,20100901,3507.87,3626.26,3478.85,3623.84,0
CAC40,20100902,3610.40,3646.29,3598.18,3631.43,0
CAC40,20100903,3642.10,3706.48,3631.32,3672.20,0
CAC40,20100906,3695.47,3695.47,3674.76,3684.73,0
CAC40,20100907,3669.15,3672.54,3620.36,3643.81,0
CAC40,20100908,3632.62,3686.91,3613.29,3677.21,0
CAC40,20100909,3666.76,3731.06,3655.47,3722.15,0
CAC40,20100910,3703.02,3731.86,3697.18,3725.82,0
CAC40,20100913,3765.24,3781.48,3751.57,3767.15,0
CAC40,20100914,3767.38,3784.13,3746.97,3774.40,0
CAC40,20100915,3776.19,3784.04,3738.44,3755.64,0
CAC40,20100916,3757.91,3766.13,3729.67,3736.30,0
CAC40,20100917,3778.24,3795.48,3705.29,3722.02,0
CAC40,20100920,3738.00,3792.38,3737.01,3788.01,0
CAC40,20100921,3781.74,3824.98,3777.62,3784.40,0
CAC40,20100922,3796.75,3796.75,3729.82,3735.05,0
CAC40,20100923,3762.43,3771.69,3666.23,3710.61,0
CAC40,20100924,3687.83,3786.35,3686.29,3782.48,0
CAC40,20100927,3796.53,3800.87,3764.12,3766.16,0
CAC40,20100928,3750.53,3780.45,3711.15,3762.35,0
CAC40,20100929,3780.93,3798.48,3725.57,3737.12,0
CAC40,20100930,3711.96,3782.67,3693.46,3715.18,0
CAC40,20101001,3722.93,3754.08,3672.90,3692.09,0
CAC40,20101004,3689.18,3691.80,3640.48,3649.81,0
CAC40,20101005,3648.96,3742.66,3638.34,3731.93,0
CAC40,20101006,3750.87,3779.71,3746.63,3764.91,0
CAC40,20101007,3769.26,3799.71,3732.45,3770.47,0
CAC40,20101008,3763.35,3774.92,3738.56,3763.18,0
CAC40,20101011,3770.03,3782.02,3763.64,3768.49,0
CAC40,20101012,3738.04,3756.25,3700.26,3748.86,0
CAC40,20101013,3768.85,3828.34,3766.93,3828.34,0
CAC40,20101014,3833.42,3845.36,3812.41,3819.17,0
CAC40,20101015,3829.69,3837.51,3798.93,3827.37,0
CAC40,20101018,3803.46,3842.39,3798.13,3834.50,0
CAC40,20101019,3828.75,3853.96,3794.89,3807.17,0
CAC40,20101020,3793.39,3832.87,3786.36,3828.15,0
CAC40,20101021,3820.73,3889.74,3811.44,3878.27,0
CAC40,20101022,3859.33,3887.82,3855.91,3868.54,0
CAC40,20101025,3894.91,3894.91,3862.80,3870.00,0
CAC40,20101026,3854.58,3866.35,3818.95,3852.66,0
CAC40,20101027,3836.12,3867.89,3811.00,3815.77,0
CAC40,20101028,3838.13,3862.97,3821.88,3834.84,0
CAC40,20101029,3828.71,3857.58,3807.80,3833.50,0
CAC40,20101101,3865.04,3873.77,3812.37,3841.11,0
CAC40,20101102,3830.40,3879.35,3830.14,3865.72,0
CAC40,20101103,3880.08,3890.90,3834.68,3842.94,0
CAC40,20101104,3885.17,3931.76,3885.17,3916.78,0
CAC40,20101105,3928.01,3937.64,3893.93,3916.73,0
CAC40,20101108,3915.34,3919.86,3896.70,3913.70,0
CAC40,20101109,3903.85,3961.70,3902.64,3945.71,0
CAC40,20101110,3923.25,3932.67,3869.20,3888.45,0
CAC40,20101111,3900.83,3903.20,3848.10,3867.35,0
CAC40,20101112,3796.61,3853.31,3769.59,3831.12,0
CAC40,20101115,3810.24,3875.63,3797.75,3864.24,0
CAC40,20101116,3836.73,3842.12,3762.47,3762.47,0
CAC40,20101117,3753.76,3798.73,3753.06,3792.35,0
CAC40,20101118,3823.53,3873.58,3822.15,3867.97,0
CAC40,20101119,3871.50,3871.50,3827.03,3860.16,0
CAC40,20101122,3892.65,3896.07,3812.48,3818.89,0
CAC40,20101123,3792.14,3803.86,3724.42,3724.42,0
CAC40,20101124,3738.47,3760.78,3703.72,3747.61,0
CAC40,20101125,3752.42,3767.69,3730.04,3760.42,0
CAC40,20101126,3728.99,3743.98,3687.43,3728.65,0
CAC40,20101129,3748.10,3773.90,3636.96,3636.96,0
CAC40,20101130,3643.63,3656.81,3591.78,3610.44,0
CAC40,20101201,3634.61,3674.96,3620.64,3669.29,0
CAC40,20101202,3695.41,3754.82,3650.03,3747.04,0
CAC40,20101203,3744.24,3775.75,3721.38,3750.55,0
CAC40,20101206,3758.58,3763.40,3723.16,3749.23,0
CAC40,20101207,3759.59,3835.06,3758.91,3810.50,0
CAC40,20101208,3790.48,3857.86,3784.38,3831.98,0
CAC40,20101209,3857.69,3867.34,3836.83,3858.05,0
CAC40,20101210,3870.46,3873.64,3850.69,3857.35,0
CAC40,20101213,3872.83,3904.43,3868.78,3892.44,0
CAC40,20101214,3893.96,3902.87,3881.64,3902.87,0
CAC40,20101215,3889.84,3892.93,3865.17,3880.19,0
CAC40,20101216,3878.25,3897.15,3861.10,3888.36,0
CAC40,20101217,3901.42,3906.09,3865.10,3867.35,0
CAC40,20101220,3873.24,3918.69,3869.20,3885.08,0
CAC40,20101221,3903.16,3936.06,3899.22,3927.49,0
CAC40,20101222,3922.96,3932.20,3919.47,3919.71,0
CAC40,20101223,3922.74,3924.30,3889.31,3911.32,0
CAC40,20101224,3906.93,3911.95,3893.55,3900.39,0
CAC40,20101227,3893.11,3901.92,3836.05,3862.19,0
CAC40,20101228,3872.70,3881.97,3858.72,3858.72,0
CAC40,20101229,3869.90,3904.04,3869.82,3890.65,0
CAC40,20101230,3893.51,3902.04,3839.61,3850.76,0
CAC40,20101231,3854.18,3854.18,3804.78,3804.78,0
CAC40,20110103,3847.63,3904.03,3836.71,3900.86,0
CAC40,20110104,3908.25,3945.72,3890.83,3916.03,0
CAC40,20110105,3904.47,3905.98,3850.38,3904.61,0
CAC40,20110106,3911.34,3945.34,3895.55,3904.42,0
CAC40,20110107,3892.87,3913.92,3865.58,3865.58,0
CAC40,20110110,3850.27,3853.38,3790.96,3802.03,0
CAC40,20110111,3821.99,3866.85,3809.85,3861.92,0
CAC40,20110112,3870.79,3946.12,3869.67,3945.07,0
CAC40,20110113,3950.91,3975.63,3943.98,3974.83,0
CAC40,20110114,3961.04,3992.10,3954.04,3983.28,0
CAC40,20110117,3984.09,3990.35,3965.91,3975.41,0
CAC40,20110118,3991.07,4016.40,3987.02,4012.68,0
CAC40,20110119,4019.79,4022.58,3973.24,3976.71,0
CAC40,20110120,3972.83,3989.03,3950.30,3964.84,0
CAC40,20110121,3982.49,4057.97,3979.24,4017.45,0
CAC40,20110124,4028.33,4037.90,4002.72,4033.21,0
CAC40,20110125,4049.12,4056.69,4016.50,4019.62,0
CAC40,20110126,4043.92,4066.41,4039.59,4049.07,0
CAC40,20110127,4040.20,4079.30,4032.11,4059.57,0
CAC40,20110128,4044.56,4072.64,4002.32,4002.32,0
CAC40,20110131,3997.14,4018.51,3953.18,4005.50,0
CAC40,20110201,4037.14,4078.48,4019.34,4072.62,0
CAC40,20110202,4084.75,4089.64,4049.74,4066.53,0
CAC40,20110203,4056.39,4059.25,4009.12,4036.59,0
CAC40,20110204,4049.01,4059.63,4026.92,4047.21,0
CAC40,20110207,4055.50,4098.64,4052.61,4090.80,0
CAC40,20110208,4082.44,4109.38,4078.51,4108.27,0
CAC40,20110209,4100.62,4120.44,4090.72,4090.74,0
CAC40,20110210,4078.87,4095.14,4041.63,4095.14,0
CAC40,20110211,4080.74,4121.38,4039.24,4101.31,0
CAC40,20110214,4128.70,4130.40,4089.66,4096.62,0
CAC40,20110215,4091.64,4118.76,4085.50,4110.34,0
CAC40,20110216,4124.26,4169.87,4121.46,4151.26,0
CAC40,20110217,4160.78,4163.44,4129.57,4152.31,0
CAC40,20110218,4164.65,4168.57,4136.17,4157.14,0
CAC40,20110221,4153.10,4163.99,4087.85,4097.41,0
CAC40,20110222,4074.62,4078.87,4026.01,4050.27,0
CAC40,20110223,4044.53,4061.04,4007.93,4013.12,0
CAC40,20110224,3985.09,4024.26,3984.36,4009.64,0
CAC40,20110225,4029.07,4084.54,4006.87,4070.38,0
CAC40,20110228,4064.55,4131.73,4053.42,4110.35,0
CAC40,20110301,4126.66,4145.73,4056.43,4067.15,0
CAC40,20110302,4042.51,4053.64,4009.89,4034.32,0
CAC40,20110303,4057.91,4098.11,4040.43,4060.76,0
CAC40,20110304,4068.69,4091.31,4010.80,4020.21,0
CAC40,20110307,4007.34,4049.98,3990.41,3990.41,0
CAC40,20110308,4006.36,4017.43,3964.99,4015.91,0
CAC40,20110309,4016.45,4035.81,3985.91,3993.81,0
CAC40,20110310,3961.37,3980.85,3940.25,3963.99,0
CAC40,20110311,3926.72,3951.46,3915.21,3928.68,0
CAC40,20110314,3914.03,3939.50,3871.22,3878.04,0
CAC40,20110315,3793.95,3820.79,3713.07,3780.85,0
CAC40,20110316,3800.83,3800.83,3693.94,3696.56,0
CAC40,20110317,3728.64,3796.62,3708.13,3786.21,0
CAC40,20110318,3807.51,3861.84,3801.47,3810.22,0
CAC40,20110321,3870.72,3904.45,3855.25,3904.45,0
CAC40,20110322,3904.12,3926.66,3876.71,3892.71,0
CAC40,20110323,3875.26,3918.00,3875.26,3913.73,0
CAC40,20110324,3900.24,3973.02,3885.83,3968.84,0
CAC40,20110325,3986.56,3986.56,3960.19,3972.38,0
CAC40,20110328,3966.77,3991.32,3959.85,3976.95,0
CAC40,20110329,3984.05,3990.73,3949.20,3987.80,0
CAC40,20110330,4024.02,4031.18,4011.71,4024.44,0
CAC40,20110331,4025.87,4037.40,3989.18,3989.18,0
CAC40,20110401,4014.58,4055.88,4002.23,4054.76,0
CAC40,20110404,4051.44,4059.65,4039.60,4042.92,0
CAC40,20110405,4039.74,4045.00,4013.67,4041.74,0
CAC40,20110406,4046.33,4066.75,4015.76,4048.16,0
CAC40,20110407,4048.70,4070.89,4025.02,4028.30,0
CAC40,20110408,4047.54,4068.65,4047.54,4061.91,0
CAC40,20110411,4054.32,4057.53,4026.08,4038.70,0
CAC40,20110412,4008.34,4018.81,3966.07,3976.60,0
CAC40,20110413,3998.29,4029.34,3984.01,4006.23,0
CAC40,20110414,3986.26,3994.86,3949.01,3970.39,0
CAC40,20110415,3970.65,3977.66,3950.50,3974.48,0
CAC40,20110418,3970.62,3971.29,3862.40,3881.24,0
CAC40,20110419,3899.68,3929.17,3895.38,3908.58,0
CAC40,20110420,3947.46,4008.74,3947.46,4004.62,0
CAC40,20110421,4021.91,4034.50,4011.38,4021.88,0
CAC40,20110426,4014.29,4048.00,4009.82,4045.29,0
CAC40,20110427,4048.14,4084.32,4036.28,4067.72,0
CAC40,20110428,4095.42,4107.90,4080.15,4104.90,0
CAC40,20110429,4093.61,4110.41,4084.47,4106.92,0
CAC40,20110502,4137.75,4137.97,4108.77,4108.77,0
CAC40,20110503,4105.35,4107.76,4070.69,4096.84,0
CAC40,20110504,4089.64,4116.66,4032.22,4043.13,0
CAC40,20110505,4039.10,4052.23,3981.19,4004.87,0
CAC40,20110506,4008.43,4064.50,3991.53,4058.01,0
CAC40,20110509,4037.91,4058.03,3993.67,4007.26,0
CAC40,20110510,4011.33,4072.16,4006.94,4052.51,0
CAC40,20110511,4062.43,4076.66,4047.82,4058.08,0
CAC40,20110512,4015.80,4025.14,3986.93,4023.29,0
CAC40,20110513,4046.22,4067.59,4011.44,4018.85,0
CAC40,20110516,3975.38,3998.37,3955.93,3989.82,0
CAC40,20110517,3973.12,4003.56,3941.58,3941.58,0
CAC40,20110518,3976.79,3990.70,3956.22,3978.00,0
CAC40,20110519,4001.32,4046.07,3978.18,4027.74,0
CAC40,20110520,4023.09,4050.57,3983.13,3990.85,0
CAC40,20110523,3934.36,3937.01,3903.90,3906.98,0
CAC40,20110524,3915.11,3934.52,3907.16,3916.88,0
CAC40,20110525,3889.72,3937.54,3884.55,3928.99,0
CAC40,20110526,3937.05,3949.17,3904.06,3917.22,0
CAC40,20110527,3958.60,3979.07,3940.86,3950.98,0
CAC40,20110530,3947.16,3963.28,3931.53,3942.53,0
CAC40,20110531,3967.63,4015.25,3959.87,4006.94,0
CAC40,20110601,4014.84,4015.85,3956.07,3964.81,0
CAC40,20110602,3930.59,3937.00,3889.87,3889.87,0
CAC40,20110603,3899.16,3905.59,3845.39,3890.68,0
CAC40,20110606,3875.63,3881.96,3851.83,3863.40,0
CAC40,20110607,3863.83,3889.97,3855.99,3871.92,0
CAC40,20110608,3857.65,3864.37,3826.07,3837.98,0
CAC40,20110609,3835.25,3884.73,3823.15,3878.65,0
CAC40,20110610,3865.74,3876.55,3798.88,3805.09,0
CAC40,20110613,3807.46,3828.23,3796.30,3807.61,0
CAC40,20110614,3830.79,3877.81,3829.91,3864.58,0
CAC40,20110615,3851.23,3858.64,3800.32,3806.85,0
CAC40,20110616,3775.38,3795.48,3743.97,3792.31,0
CAC40,20110617,3774.55,3843.45,3742.31,3823.74,0
CAC40,20110620,3758.98,3806.67,3755.29,3799.66,0
CAC40,20110621,3820.05,3879.44,3820.05,3877.07,0
CAC40,20110622,3875.11,3885.23,3853.89,3871.37,0
CAC40,20110623,3852.48,3857.89,3774.27,3787.79,0
CAC40,20110624,3838.50,3867.13,3775.35,3784.80,0
CAC40,20110627,3775.75,3803.29,3769.61,3796.55,0
CAC40,20110628,3810.51,3867.90,3806.35,3851.89,0
CAC40,20110629,3875.80,3935.94,3868.92,3924.23,0
CAC40,20110630,3937.26,3982.42,3926.28,3982.21,0
CAC40,20110701,3981.96,4023.59,3967.46,4007.35,0
CAC40,20110704,4010.37,4010.37,3996.58,4003.11,0
CAC40,20110705,3997.15,3998.83,3973.68,3978.83,0
CAC40,20110706,3981.38,3981.90,3941.65,3961.34,0
CAC40,20110707,3981.79,4020.33,3960.24,3979.96,0
CAC40,20110708,3995.43,3999.45,3912.77,3913.55,0
CAC40,20110711,3878.60,3890.07,3789.85,3807.51,0
CAC40,20110712,3742.20,3786.54,3717.58,3774.12,0
CAC40,20110713,3755.51,3800.87,3748.48,3793.27,0
CAC40,20110714,3754.57,3782.05,3743.89,3751.23,0
CAC40,20110715,3730.50,3748.05,3706.82,3736.59,0
CAC40,20110718,3697.54,3698.96,3645.79,3650.71,0
CAC40,20110719,3671.13,3705.15,3664.68,3694.95,0
CAC40,20110720,3724.57,3759.48,3709.95,3754.60,0
CAC40,20110721,3769.86,3839.96,3712.21,3816.75,0
CAC40,20110722,3855.43,3866.34,3817.61,3842.70,0
CAC40,20110725,3813.50,3845.06,3808.16,3812.97,0
CAC40,20110726,3819.23,3835.10,3767.53,3787.88,0
CAC40,20110727,3774.54,3776.98,3711.19,3734.07,0
CAC40,20110728,3696.30,3721.37,3669.27,3712.66,0
CAC40,20110729,3661.32,3691.09,3630.75,3672.77,0
CAC40,20110801,3718.38,3722.59,3585.62,3588.05,0
CAC40,20110802,3567.51,3592.30,3522.79,3522.79,0
CAC40,20110803,3472.94,3518.55,3441.39,3454.94,0
CAC40,20110804,3515.11,3515.11,3315.34,3320.35,0
CAC40,20110805,3218.39,3389.87,3218.39,3278.56,0
CAC40,20110808,3254.36,3333.61,3125.19,3125.19,0
CAC40,20110809,3131.84,3201.68,2979.87,3176.19,0
CAC40,20110810,3235.80,3235.80,3001.25,3002.99,0
CAC40,20110811,3101.87,3101.87,2891.11,3089.66,0
CAC40,20110812,3094.84,3216.67,3017.19,3213.88,0
CAC40,20110815,3248.14,3259.59,3201.12,3239.06,0
CAC40,20110816,3215.50,3230.90,3162.21,3230.90,0
CAC40,20110817,3211.49,3288.82,3182.27,3254.34,0
CAC40,20110818,3216.77,3224.33,3048.41,3076.04,0
CAC40,20110819,3060.83,3078.28,2947.91,3016.99,0
CAC40,20110822,2989.60,3114.14,2989.60,3051.36,0
CAC40,20110823,3088.75,3137.37,3051.16,3084.37,0
CAC40,20110824,3114.98,3166.82,3075.48,3139.55,0
CAC40,20110825,3167.66,3189.42,3096.54,3119.00,0
CAC40,20110826,3113.84,3122.23,3014.31,3087.64,0
CAC40,20110829,3141.19,3174.43,3117.94,3154.20,0
CAC40,20110830,3186.77,3193.17,3129.04,3159.74,0
CAC40,20110831,3179.21,3263.09,3164.51,3256.76,0
CAC40,20110901,3273.05,3295.54,3207.32,3265.83,0
CAC40,20110902,3226.94,3226.94,3132.66,3148.53,0
CAC40,20110905,3072.51,3083.23,2977.18,2999.54,0
CAC40,20110906,2998.29,3042.63,2942.78,2965.64,0
CAC40,20110907,3038.57,3073.18,3015.97,3073.18,0
CAC40,20110908,3070.58,3116.21,3044.38,3085.83,0
CAC40,20110909,3064.94,3077.42,2967.17,2974.59,0
CAC40,20110912,2880.46,2894.03,2820.76,2854.81,0
CAC40,20110913,2910.44,2910.44,2769.97,2894.93,0
CAC40,20110914,2851.69,2956.74,2849.73,2949.14,0
CAC40,20110915,2969.46,3086.64,2960.69,3045.62,0
CAC40,20110916,3084.16,3084.16,3014.45,3031.08,0
CAC40,20110919,2960.93,2978.34,2921.98,2940.00,0
CAC40,20110920,2918.07,2991.21,2909.75,2984.05,0
CAC40,20110921,2982.86,2982.86,2929.97,2935.82,0
CAC40,20110922,2857.86,2863.76,2771.20,2781.68,0
CAC40,20110923,2821.43,2823.97,2693.21,2810.11,0
CAC40,20110926,2754.82,2916.75,2753.27,2859.34,0
CAC40,20110927,2943.32,3023.38,2910.22,3023.38,0
CAC40,20110928,2990.47,3055.67,2969.49,2995.62,0
CAC40,20110929,2978.26,3060.43,2974.98,3027.65,0
CAC40,20110930,3009.26,3021.97,2948.24,2981.96,0
CAC40,20111003,2913.07,2946.38,2888.83,2926.83,0
CAC40,20111004,2884.54,2884.62,2808.22,2850.55,0
CAC40,20111005,2921.30,2973.90,2887.82,2973.90,0
CAC40,20111006,2999.78,3075.37,2995.38,3075.37,0
CAC40,20111007,3073.94,3126.00,3052.46,3095.56,0
CAC40,20111010,3121.41,3162.73,3094.17,3161.47,0
CAC40,20111011,3151.87,3156.09,3115.05,3153.52,0
CAC40,20111012,3136.55,3238.07,3121.16,3229.76,0
CAC40,20111013,3212.54,3251.62,3168.38,3186.94,0
CAC40,20111014,3200.52,3250.48,3180.05,3217.89,0
CAC40,20111017,3241.97,3266.57,3149.93,3166.06,0
CAC40,20111018,3125.24,3152.09,3088.32,3141.10,0
CAC40,20111019,3166.24,3184.33,3137.05,3157.34,0
CAC40,20111020,3108.36,3148.40,3082.12,3084.07,0
CAC40,20111021,3110.20,3171.34,3092.43,3171.34,0
CAC40,20111024,3190.70,3224.09,3156.37,3220.46,0
CAC40,20111025,3202.06,3228.38,3150.13,3174.29,0
CAC40,20111026,3167.66,3227.97,3146.11,3169.62,0
CAC40,20111027,3300.72,3372.54,3243.79,3368.62,0
CAC40,20111028,3378.58,3411.22,3333.29,3348.63,0
CAC40,20111031,3302.78,3310.30,3242.84,3242.84,0
CAC40,20111101,3162.57,3181.66,3057.26,3068.33,0
CAC40,20111102,3117.88,3134.83,3049.70,3110.59,0
CAC40,20111103,3039.57,3221.94,3029.44,3195.47,0
CAC40,20111104,3219.71,3228.11,3113.44,3123.55,0
CAC40,20111107,3087.98,3144.04,3053.10,3103.60,0
CAC40,20111108,3104.93,3193.62,3102.67,3143.30,0
CAC40,20111109,3170.16,3183.41,3046.36,3075.16,0
CAC40,20111110,3011.39,3122.29,3008.73,3064.84,0
CAC40,20111111,3070.33,3154.98,3057.04,3149.38,0
CAC40,20111114,3169.43,3174.32,3090.23,3108.95,0
CAC40,20111115,3082.04,3097.98,3030.16,3049.13,0
CAC40,20111116,3038.60,3102.24,3027.44,3064.90,0
CAC40,20111117,3052.94,3064.15,3000.67,3010.29,0
CAC40,20111118,2989.97,3026.39,2979.60,2997.01,0
CAC40,20111121,2981.79,2981.79,2894.94,2894.94,0
CAC40,20111122,2925.32,2941.76,2870.68,2870.68,0
CAC40,20111123,2840.29,2881.56,2822.43,2822.43,0
CAC40,20111124,2849.50,2876.31,2807.06,2822.25,0
CAC40,20111125,2822.85,2871.49,2793.22,2856.97,0
CAC40,20111128,2897.48,3012.93,2890.76,3012.93,0
CAC40,20111129,2995.96,3047.87,2972.10,3026.76,0
CAC40,20111130,2992.14,3166.55,2986.28,3154.62,0
CAC40,20111201,3151.35,3168.92,3119.74,3129.95,0
CAC40,20111202,3167.31,3201.06,3151.41,3164.95,0
CAC40,20111205,3206.67,3215.78,3183.57,3201.28,0
CAC40,20111206,3172.93,3207.90,3167.64,3179.63,0
CAC40,20111207,3225.36,3244.89,3131.99,3175.98,0
CAC40,20111208,3202.33,3215.59,3091.23,3095.49,0
CAC40,20111209,3066.46,3175.90,3064.63,3172.35,0
CAC40,20111212,3150.84,3163.70,3089.59,3089.59,0
CAC40,20111213,3096.67,3111.10,3059.46,3078.72,0
CAC40,20111214,3057.43,3072.95,2976.17,2976.17,0
CAC40,20111215,2989.95,3021.64,2975.12,2998.73,0
CAC40,20111216,3010.41,3017.09,2969.40,2972.30,0
CAC40,20111219,2942.34,3009.99,2941.40,2974.20,0
CAC40,20111220,2967.05,3055.39,2957.20,3055.39,0
CAC40,20111221,3080.00,3121.39,3019.72,3030.47,0
CAC40,20111222,3046.83,3080.19,3046.83,3071.80,0
CAC40,20111223,3101.75,3113.94,3086.10,3102.09,0
CAC40,20111227,3111.14,3131.50,3098.14,3103.11,0
CAC40,20111228,3102.24,3130.82,3071.08,3071.08,0
CAC40,20111229,3081.17,3127.56,3064.69,3127.56,0
CAC40,20111230,3139.91,3159.81,3120.05,3159.81,0
CAC40,20120102,3158.24,3222.30,3157.00,3222.30,0
CAC40,20120103,3231.43,3246.74,3193.63,3245.40,0
CAC40,20120104,3227.46,3242.84,3186.48,3193.65,0
CAC40,20120105,3197.16,3200.15,3136.75,3144.91,0
CAC40,20120106,3156.42,3184.38,3122.63,3137.36,0
CAC40,20120109,3143.95,3157.31,3114.45,3127.69,0
CAC40,20120110,3154.25,3219.43,3154.25,3210.79,0
CAC40,20120111,3204.00,3236.34,3181.17,3204.83,0
CAC40,20120112,3210.88,3253.29,3190.12,3199.98,0
CAC40,20120113,3224.16,3243.85,3151.69,3196.49,0
CAC40,20120116,3174.33,3231.02,3163.68,3225.00,0
CAC40,20120117,3260.27,3292.59,3243.37,3269.99,0
CAC40,20120118,3276.35,3301.89,3236.49,3264.93,0
CAC40,20120119,3286.11,3328.94,3272.31,3328.94,0
CAC40,20120120,3336.22,3336.62,3304.95,3321.50,0
CAC40,20120123,3325.42,3352.32,3313.71,3338.42,0
CAC40,20120124,3320.06,3323.97,3292.51,3322.65,0
CAC40,20120125,3336.53,3339.56,3285.63,3312.48,0
CAC40,20120126,3331.82,3368.66,3323.07,3363.23,0
CAC40,20120127,3345.07,3368.22,3318.76,3318.76,0
CAC40,20120130,3295.98,3300.68,3264.02,3265.64,0
CAC40,20120131,3292.01,3325.10,3289.48,3298.55,0
CAC40,20120201,3320.32,3370.28,3320.32,3367.46,0
CAC40,20120202,3386.63,3399.53,3355.84,3376.66,0
CAC40,20120203,3370.63,3427.92,3361.18,3427.92,0
CAC40,20120206,3412.32,3412.32,3380.94,3405.27,0
CAC40,20120207,3416.04,3421.64,3379.43,3411.54,0
CAC40,20120208,3425.41,3439.09,3410.00,3410.00,0
CAC40,20120209,3419.44,3449.24,3412.58,3424.71,0
CAC40,20120210,3394.92,3409.76,3365.48,3373.14,0
CAC40,20120213,3406.86,3413.43,3366.32,3384.55,0
CAC40,20120214,3369.57,3399.97,3362.51,3375.64,0
CAC40,20120215,3399.37,3419.07,3377.55,3390.35,0
CAC40,20120216,3366.00,3393.25,3352.63,3393.25,0
CAC40,20120217,3425.83,3450.76,3422.21,3439.62,0
CAC40,20120220,3463.56,3472.93,3452.70,3472.54,0
CAC40,20120221,3476.12,3478.01,3440.34,3465.24,0
CAC40,20120222,3472.76,3478.03,3443.59,3447.37,0
CAC40,20120223,3437.77,3468.54,3425.02,3447.31,0
CAC40,20120224,3464.96,3474.55,3451.10,3467.03,0
CAC40,20120227,3452.01,3452.06,3412.17,3441.45,0
CAC40,20120228,3455.34,3462.54,3425.73,3453.99,0
CAC40,20120229,3464.88,3489.48,3447.61,3452.45,0
CAC40,20120301,3444.53,3500.01,3431.93,3499.73,0
CAC40,20120302,3504.72,3514.15,3493.79,3501.17,0
CAC40,20120305,3485.51,3499.25,3462.66,3487.54,0
CAC40,20120306,3475.34,3475.34,3362.56,3362.56,0
CAC40,20120307,3364.13,3396.10,3363.28,3392.33,0
CAC40,20120308,3415.60,3478.36,3410.94,3478.36,0
CAC40,20120309,3484.59,3507.52,3464.74,3487.48,0
CAC40,20120312,3473.37,3493.87,3467.61,3490.06,0
CAC40,20120313,3508.59,3550.58,3508.59,3550.16,0
CAC40,20120314,3565.65,3585.98,3561.92,3564.51,0
CAC40,20120315,3559.10,3581.38,3554.45,3580.21,0
CAC40,20120316,3581.45,3600.48,3574.92,3594.83,0
CAC40,20120319,3581.48,3582.15,3563.28,3577.88,0
CAC40,20120320,3563.98,3566.37,3524.02,3530.83,0
CAC40,20120321,3546.76,3565.30,3504.00,3527.37,0
CAC40,20120322,3514.61,3518.59,3457.19,3472.46,0
CAC40,20120323,3473.34,3490.90,3432.56,3476.18,0
CAC40,20120326,3495.76,3509.55,3457.80,3501.98,0
CAC40,20120327,3515.73,3535.60,3465.15,3469.59,0
CAC40,20120328,3456.07,3484.65,3430.15,3430.15,0
CAC40,20120329,3426.08,3435.41,3374.69,3381.12,0
CAC40,20120330,3407.31,3430.32,3396.29,3423.81,0
CAC40,20120402,3439.17,3462.91,3397.98,3462.91,0
CAC40,20120403,3464.32,3473.20,3406.78,3406.78,0
CAC40,20120404,3392.10,3395.34,3310.50,3313.47,0
CAC40,20120405,3326.31,3338.77,3279.31,3319.81,0
CAC40,20120410,3274.85,3292.28,3217.60,3217.60,0
CAC40,20120411,3214.63,3270.91,3205.44,3237.69,0
CAC40,20120412,3248.22,3277.99,3209.83,3269.79,0
CAC40,20120413,3264.74,3267.54,3180.19,3189.09,0
CAC40,20120416,3183.19,3246.08,3182.52,3205.28,0
CAC40,20120417,3204.74,3292.51,3196.47,3292.51,0
CAC40,20120418,3277.07,3291.51,3226.33,3240.29,0
CAC40,20120419,3252.94,3280.24,3174.02,3174.02,0
CAC40,20120420,3177.94,3203.69,3155.36,3188.58,0
CAC40,20120423,3157.85,3157.85,3088.36,3098.37,0
CAC40,20120424,3114.71,3176.66,3107.30,3169.32,0
CAC40,20120425,3177.22,3253.56,3174.02,3233.46,0
CAC40,20120426,3240.54,3256.93,3189.88,3229.32,0
CAC40,20120427,3195.41,3282.65,3172.80,3266.27,0
CAC40,20120430,3270.78,3273.06,3209.31,3212.80,0
CAC40,20120502,3265.12,3267.07,3208.42,3226.33,0
CAC40,20120503,3242.45,3273.72,3207.54,3223.36,0
CAC40,20120504,3210.90,3229.42,3153.92,3161.97,0
CAC40,20120507,3112.47,3219.41,3104.49,3214.22,0
CAC40,20120508,3190.18,3190.18,3111.11,3124.80,0
CAC40,20120509,3138.01,3146.59,3075.88,3118.65,0
CAC40,20120510,3136.16,3145.06,3073.38,3130.17,0
CAC40,20120511,3107.60,3134.62,3077.41,3129.77,0
CAC40,20120514,3093.36,3098.16,3038.97,3057.99,0
CAC40,20120515,3079.83,3098.80,3020.81,3039.27,0
CAC40,20120516,3017.42,3081.74,2998.03,3048.67,0
CAC40,20120517,3054.58,3059.23,3002.68,3011.99,0
CAC40,20120518,2980.86,3031.83,2970.10,3008.00,0
CAC40,20120521,2997.19,3043.43,2984.72,3027.15,0
CAC40,20120522,3051.61,3093.92,3032.00,3084.09,0
CAC40,20120523,3050.20,3053.74,2994.15,3003.27,0
CAC40,20120524,3028.84,3053.11,2987.90,3038.25,0
CAC40,20120525,3044.66,3070.84,3016.27,3047.94,0
CAC40,20120528,3068.34,3087.76,3034.09,3042.97,0
CAC40,20120529,3058.96,3099.84,3036.88,3084.70,0
CAC40,20120530,3051.25,3078.83,3006.28,3015.58,0
CAC40,20120531,3028.93,3042.75,2986.22,3017.01,0
CAC40,20120601,3028.30,3028.30,2922.26,2950.47,0
CAC40,20120604,2928.91,2987.15,2927.01,2954.49,0
CAC40,20120605,2972.31,2997.74,2957.01,2986.10,0
CAC40,20120606,3006.38,3065.78,3001.56,3058.44,0
CAC40,20120607,3071.41,3104.74,3063.45,3071.16,0
CAC40,20120608,3043.81,3062.77,3017.50,3051.69,0
CAC40,20120611,3110.96,3122.41,3040.11,3042.76,0
CAC40,20120612,3044.10,3069.45,3015.39,3046.91,0
CAC40,20120613,3056.20,3072.93,3014.27,3030.04,0
CAC40,20120614,3022.40,3035.87,2993.71,3032.45,0
CAC40,20120615,3049.84,3095.84,3048.04,3087.62,0
CAC40,20120618,3120.82,3129.29,3054.38,3066.19,0
CAC40,20120619,3064.20,3119.59,3052.65,3117.92,0
CAC40,20120620,3126.64,3131.20,3100.51,3126.52,0
CAC40,20120621,3111.03,3153.28,3099.74,3114.22,0
CAC40,20120622,3090.41,3113.76,3075.14,3090.90,0
CAC40,20120625,3072.61,3075.01,3007.09,3021.64,0
CAC40,20120626,3027.14,3035.99,3003.84,3012.71,0
CAC40,20120627,3023.33,3063.12,3010.15,3063.12,0
CAC40,20120628,3065.96,3071.16,3021.07,3051.68,0
CAC40,20120629,3138.55,3196.65,3112.29,3196.65,0
CAC40,20120702,3197.06,3251.86,3191.18,3240.20,0
CAC40,20120703,3246.97,3271.20,3241.93,3271.20,0
CAC40,20120704,3263.32,3267.75,3245.42,3267.75,0
CAC40,20120705,3263.16,3288.51,3209.65,3229.36,0
CAC40,20120706,3216.08,3227.06,3168.79,3168.79,0
CAC40,20120709,3166.57,3175.99,3139.05,3156.80,0
CAC40,20120710,3165.87,3204.62,3152.27,3175.41,0
CAC40,20120711,3154.96,3176.83,3144.93,3157.25,0
CAC40,20120712,3144.02,3159.48,3118.48,3135.18,0
CAC40,20120713,3148.34,3181.48,3137.05,3180.81,0
CAC40,20120716,3173.93,3183.26,3155.63,3179.90,0
CAC40,20120717,3188.71,3203.39,3166.76,3176.97,0
CAC40,20120718,3195.77,3235.40,3192.43,3235.40,0
CAC40,20120719,3243.02,3267.75,3237.60,3263.64,0
CAC40,20120720,3255.70,3261.78,3192.69,3193.89,0
CAC40,20120723,3159.68,3162.98,3087.36,3101.53,0
CAC40,20120724,3114.09,3119.75,3074.68,3074.68,0
CAC40,20120725,3066.92,3113.06,3065.47,3081.74,0
CAC40,20120726,3094.91,3207.12,3071.80,3207.12,0
CAC40,20120727,3219.72,3280.19,3193.72,3280.19,0
CAC40,20120730,3299.59,3330.69,3288.75,3320.71,0
CAC40,20120731,3316.89,3334.82,3291.66,3291.66,0
CAC40,20120801,3297.24,3328.50,3296.62,3321.56,0
CAC40,20120802,3320.28,3374.84,3232.46,3232.46,0
CAC40,20120803,3245.50,3374.19,3238.40,3374.19,0
CAC40,20120806,3365.37,3416.31,3358.20,3401.56,0
CAC40,20120807,3400.37,3453.28,3398.59,3453.28,0
CAC40,20120808,3439.12,3452.49,3420.82,3438.26,0
CAC40,20120809,3454.25,3464.29,3421.60,3456.71,0
CAC40,20120810,3438.03,3442.24,3413.51,3435.62,0
CAC40,20120813,3429.38,3453.57,3410.94,3426.41,0
CAC40,20120814,3445.59,3459.26,3432.15,3450.27,0
CAC40,20120815,3436.67,3463.03,3424.34,3449.20,0
CAC40,20120816,3458.56,3480.49,3438.17,3480.49,0
CAC40,20120817,3492.81,3501.91,3475.39,3488.38,0
CAC40,20120820,3484.15,3505.60,3458.93,3480.58,0
CAC40,20120821,3491.56,3523.85,3491.56,3513.28,0
CAC40,20120822,3484.53,3500.54,3461.65,3461.65,0
CAC40,20120823,3485.95,3495.80,3415.35,3432.56,0
CAC40,20120824,3432.10,3442.33,3396.81,3433.21,0
CAC40,20120827,3422.76,3462.83,3414.69,3462.83,0
CAC40,20120828,3441.20,3455.66,3421.05,3431.55,0
CAC40,20120829,3428.19,3434.12,3403.42,3413.89,0
CAC40,20120830,3405.71,3414.04,3372.16,3379.11,0
CAC40,20120831,3377.15,3433.78,3371.74,3413.07,0
CAC40,20120903,3401.96,3453.71,3394.03,3453.71,0
CAC40,20120904,3458.56,3458.56,3397.79,3399.04,0
CAC40,20120905,3399.23,3426.39,3372.80,3405.79,0
CAC40,20120906,3412.88,3509.88,3411.51,3509.88,0
CAC40,20120907,3519.65,3561.91,3515.23,3519.05,0
CAC40,20120910,3513.66,3528.02,3503.48,3506.05,0
CAC40,20120911,3492.13,3537.44,3477.37,3537.30,0
CAC40,20120912,3546.19,3575.41,3525.88,3543.79,0
CAC40,20120913,3539.82,3540.93,3494.11,3502.09,0
CAC40,20120914,3573.30,3588.02,3555.67,3581.58,0
CAC40,20120917,3558.57,3573.98,3552.63,3553.69,0
CAC40,20120918,3533.77,3538.45,3500.34,3512.69,0
CAC40,20120919,3528.67,3540.32,3503.73,3531.82,0
CAC40,20120920,3501.14,3520.94,3486.36,3509.92,0
CAC40,20120921,3528.99,3540.88,3504.61,3530.72,0
CAC40,20120924,3501.34,3514.07,3483.54,3497.22,0
CAC40,20120925,3490.16,3520.29,3474.09,3513.81,0
CAC40,20120926,3471.74,3472.71,3414.84,3414.84,0
CAC40,20120927,3437.41,3447.46,3421.31,3439.32,0
CAC40,20120928,3457.46,3459.58,3354.82,3354.82,0
CAC40,20121001,3348.07,3438.93,3348.07,3434.98,0
CAC40,20121002,3402.41,3450.80,3392.37,3414.23,0
CAC40,20121003,3396.79,3420.74,3387.95,3406.02,0
CAC40,20121004,3422.11,3432.44,3387.48,3401.20,0
CAC40,20121005,3410.40,3461.84,3410.40,3457.04,0
CAC40,20121008,3429.32,3429.86,3404.97,3406.53,0
CAC40,20121009,3420.23,3427.42,3377.92,3382.78,0
CAC40,20121010,3371.55,3387.38,3365.87,3365.87,0
CAC40,20121011,3351.44,3423.98,3351.44,3413.72,0
CAC40,20121012,3401.26,3419.00,3389.08,3389.08,0
CAC40,20121015,3387.76,3439.52,3387.76,3420.28,0
CAC40,20121016,3443.60,3500.94,3428.97,3500.94,0
CAC40,20121017,3504.84,3530.79,3494.35,3527.50,0
CAC40,20121018,3527.74,3542.58,3508.40,3535.18,0
CAC40,20121019,3527.56,3537.92,3496.76,3504.56,0
CAC40,20121022,3496.26,3519.05,3475.82,3483.25,0
CAC40,20121023,3484.86,3492.02,3391.30,3406.50,0
CAC40,20121024,3423.26,3433.76,3388.71,3426.49,0
CAC40,20121025,3428.57,3457.30,3408.93,3411.53,0
CAC40,20121026,3386.06,3446.74,3382.36,3435.09,0
CAC40,20121029,3418.60,3421.34,3394.89,3408.89,0
CAC40,20121030,3414.97,3461.97,3414.97,3459.44,0
CAC40,20121031,3460.59,3484.78,3429.27,3429.27,0
CAC40,20121101,3419.09,3484.17,3413.69,3475.40,0
CAC40,20121102,3470.60,3502.64,3457.93,3492.46,0
CAC40,20121105,3468.71,3473.57,3448.50,3448.50,0
CAC40,20121106,3457.98,3480.50,3446.71,3478.66,0
CAC40,20121107,3511.86,3515.87,3409.59,3409.59,0
CAC40,20121108,3434.03,3440.77,3400.24,3407.68,0
CAC40,20121109,3411.58,3432.94,3374.08,3423.57,0
CAC40,20121112,3425.18,3428.50,3403.97,3411.65,0
CAC40,20121113,3390.98,3434.27,3374.10,3430.60,0
CAC40,20121114,3423.58,3436.26,3394.73,3400.02,0
CAC40,20121115,3378.28,3400.52,3374.47,3382.40,0
CAC40,20121116,3379.49,3392.53,3341.52,3341.52,0
CAC40,20121119,3376.43,3444.09,3369.53,3439.58,0
CAC40,20121120,3430.24,3463.77,3415.66,3462.06,0
CAC40,20121121,3454.36,3483.99,3444.55,3477.36,0
CAC40,20121122,3489.34,3499.62,3480.99,3498.22,0
CAC40,20121123,3503.70,3528.80,3481.65,3528.80,0
CAC40,20121126,3514.86,3522.02,3494.27,3500.94,0
CAC40,20121127,3520.60,3530.79,3491.06,3502.13,0
CAC40,20121128,3488.75,3519.72,3479.16,3515.19,0
CAC40,20121129,3536.63,3568.94,3532.77,3568.88,0
CAC40,20121130,3567.59,3584.73,3557.28,3557.28,0
CAC40,20121203,3567.97,3603.05,3563.29,3566.59,0
CAC40,20121204,3564.14,3596.90,3563.02,3580.48,0
CAC40,20121205,3602.59,3607.10,3575.10,3590.50,0
CAC40,20121206,3602.88,3621.45,3585.33,3601.65,0
CAC40,20121207,3606.74,3622.36,3590.12,3605.61,0
CAC40,20121210,3586.99,3614.46,3575.53,3612.10,0
CAC40,20121211,3618.97,3648.93,3609.00,3646.15,0
CAC40,20121212,3646.00,3652.04,3636.02,3646.66,0
CAC40,20121213,3655.02,3659.10,3633.35,3643.13,0
CAC40,20121214,3642.68,3652.96,3631.88,3643.28,0
CAC40,20121217,3632.71,3639.87,3611.12,3638.10,0
CAC40,20121218,3650.07,3656.47,3631.61,3648.63,0
CAC40,20121219,3662.19,3670.20,3650.50,3664.59,0
CAC40,20121220,3652.08,3674.57,3652.08,3666.73,0
CAC40,20121221,3649.33,3667.02,3637.89,3661.40,0
CAC40,20121224,3662.93,3670.52,3649.89,3652.61,0
CAC40,20121227,3654.09,3684.16,3654.09,3674.26,0
CAC40,20121228,3677.52,3680.11,3618.67,3620.25,0
CAC40,20121231,3599.22,3656.66,3599.22,3641.07,0
CAC40,20130102,3703.97,3733.93,3692.90,3733.93,0
CAC40,20130103,3725.92,3726.97,3703.83,3721.17,0
CAC40,20130104,3712.93,3731.13,3696.54,3730.02,0
CAC40,20130107,3731.67,3732.65,3696.51,3704.64,0
CAC40,20130108,3694.15,3731.24,3692.90,3705.88,0
CAC40,20130109,3717.47,3730.05,3703.53,3717.45,0
CAC40,20130110,3716.17,3727.35,3694.07,3703.12,0
CAC40,20130111,3706.43,3714.45,3683.82,3706.02,0
CAC40,20130114,3722.06,3730.04,3704.17,3708.25,0
CAC40,20130115,3697.02,3718.30,3689.34,3697.35,0
CAC40,20130116,3693.75,3715.15,3680.61,3708.49,0
CAC40,20130117,3705.04,3754.17,3705.04,3744.11,0
CAC40,20130118,3758.00,3760.95,3735.71,3741.58,0
CAC40,20130121,3747.57,3763.42,3739.45,3763.03,0
CAC40,20130122,3759.15,3762.93,3724.53,3741.01,0
CAC40,20130123,3743.07,3751.91,3714.34,3726.17,0
CAC40,20130124,3722.85,3752.42,3711.55,3752.17,0
CAC40,20130125,3745.02,3782.60,3745.02,3778.16,0
CAC40,20130128,3785.34,3789.12,3771.11,3780.89,0
CAC40,20130129,3780.15,3789.92,3762.85,3785.82,0
CAC40,20130130,3786.43,3793.26,3759.26,3765.52,0
CAC40,20130131,3755.08,3761.22,3725.68,3732.60,0
CAC40,20130201,3734.95,3786.25,3731.72,3773.53,0
CAC40,20130204,3778.06,3778.06,3659.91,3659.91,0
CAC40,20130205,3654.32,3710.81,3654.32,3694.70,0
CAC40,20130206,3695.17,3706.98,3624.03,3642.90,0
CAC40,20130207,3640.38,3659.97,3601.05,3601.05,0
CAC40,20130208,3613.00,3653.56,3608.11,3649.50,0
CAC40,20130211,3659.30,3676.43,3634.82,3650.58,0
CAC40,20130212,3645.63,3686.58,3639.53,3686.58,0
CAC40,20130213,3691.52,3709.39,3673.14,3698.53,0
CAC40,20130214,3693.12,3710.09,3657.66,3669.60,0
CAC40,20130215,3664.80,3694.73,3659.24,3660.37,0
CAC40,20130218,3656.15,3669.35,3640.83,3667.04,0
CAC40,20130219,3661.24,3740.49,3661.13,3735.82,0
CAC40,20130220,3733.43,3743.65,3701.75,3709.88,0
CAC40,20130221,3687.04,3688.05,3623.17,3624.80,0
CAC40,20130222,3646.79,3706.78,3645.10,3706.28,0
CAC40,20130225,3722.04,3787.53,3704.93,3721.33,0
CAC40,20130226,3600.81,3667.62,3600.81,3621.92,0
CAC40,20130227,3641.62,3693.17,3619.47,3691.49,0
CAC40,20130228,3710.47,3728.12,3685.06,3723.00,0
CAC40,20130301,3713.40,3731.70,3661.21,3699.91,0
CAC40,20130304,3680.23,3723.68,3673.03,3709.76,0
CAC40,20130305,3737.77,3793.24,3736.91,3787.19,0
CAC40,20130306,3790.21,3809.00,3769.94,3773.76,0
CAC40,20130307,3781.45,3802.18,3779.82,3793.78,0
CAC40,20130308,3815.51,3849.87,3813.08,3840.15,0
CAC40,20130311,3831.68,3837.79,3817.92,3836.27,0
CAC40,20130312,3823.04,3855.07,3822.95,3839.97,0
CAC40,20130313,3834.87,3839.99,3817.56,3836.04,0
CAC40,20130314,3854.48,3871.58,3849.69,3871.58,0
CAC40,20130315,3868.52,3868.52,3829.73,3844.03,0
CAC40,20130318,3769.80,3832.02,3761.22,3825.47,0
CAC40,20130319,3813.10,3819.37,3763.99,3775.75,0
CAC40,20130320,3797.84,3834.88,3785.81,3829.56,0
CAC40,20130321,3822.65,3822.65,3756.58,3774.85,0
CAC40,20130322,3766.43,3790.92,3750.05,3770.29,0
CAC40,20130325,3824.30,3837.02,3719.44,3727.98,0
CAC40,20130326,3735.36,3765.01,3732.14,3748.64,0
CAC40,20130327,3763.56,3765.76,3669.17,3711.64,0
CAC40,20130328,3710.99,3751.15,3695.09,3731.42,0
CAC40,20130402,3729.28,3810.18,3729.28,3805.37,0
CAC40,20130403,3788.73,3806.30,3752.71,3754.96,0
CAC40,20130404,3768.30,3794.72,3719.20,3726.16,0
CAC40,20130405,3726.75,3735.68,3638.83,3663.48,0
CAC40,20130408,3677.22,3694.27,3663.16,3666.78,0
CAC40,20130409,3688.32,3701.93,3655.92,3670.72,0
CAC40,20130410,3685.69,3750.17,3685.67,3743.71,0
CAC40,20130411,3739.55,3788.86,3736.53,3775.66,0
CAC40,20130412,3766.72,3773.64,3718.11,3729.30,0
CAC40,20130415,3729.18,3747.67,3684.85,3710.48,0
CAC40,20130416,3693.36,3721.96,3676.45,3685.79,0
CAC40,20130417,3708.78,3711.47,3591.32,3599.23,0
CAC40,20130418,3619.23,3636.88,3584.38,3599.36,0
CAC40,20130419,3634.17,3657.98,3613.97,3651.96,0
CAC40,20130422,3675.54,3681.95,3631.58,3652.13,0
CAC40,20130423,3655.07,3783.05,3655.07,3783.05,0
CAC40,20130424,3787.64,3849.04,3782.56,3842.94,0
CAC40,20130425,3835.90,3854.41,3825.61,3840.47,0
CAC40,20130426,3827.17,3828.14,3788.47,3810.05,0
CAC40,20130429,3828.18,3870.19,3828.18,3868.68,0
CAC40,20130430,3882.87,3886.45,3843.37,3856.75,0
CAC40,20130502,3825.82,3888.98,3819.04,3858.76,0
CAC40,20130503,3869.99,3914.51,3848.33,3912.95,0
CAC40,20130506,3909.59,3915.59,3897.73,3907.04,0
CAC40,20130507,3909.11,3940.58,3904.90,3921.32,0
CAC40,20130508,3923.92,3957.06,3919.19,3956.28,0
CAC40,20130509,3926.86,3941.81,3909.00,3928.58,0
CAC40,20130510,3932.43,3971.92,3930.36,3953.83,0
CAC40,20130513,3948.45,3961.66,3933.32,3945.20,0
CAC40,20130514,3949.63,3966.06,3922.20,3966.06,0
CAC40,20130515,3959.02,3983.05,3950.57,3982.23,0
CAC40,20130516,3967.41,3984.28,3957.77,3979.07,0
CAC40,20130517,3969.82,4018.84,3962.31,4001.27,0
CAC40,20130520,4005.42,4022.85,3993.12,4022.85,0
CAC40,20130521,4007.94,4036.18,3991.38,4036.18,0
CAC40,20130522,4035.43,4058.73,4009.26,4051.11,0
CAC40,20130523,3953.32,3983.72,3940.29,3967.15,0
CAC40,20130524,3981.27,3997.13,3942.06,3956.79,0
CAC40,20130527,3980.55,3998.05,3976.41,3995.16,0
CAC40,20130528,4005.50,4072.24,4004.27,4050.56,0
CAC40,20130529,4022.81,4028.77,3970.46,3974.12,0
CAC40,20130530,3963.69,4018.97,3963.69,3996.31,0
CAC40,20130531,3995.44,3995.44,3938.19,3948.59,0
CAC40,20130603,3931.18,3979.53,3889.44,3920.67,0
CAC40,20130604,3951.16,3962.42,3919.67,3925.83,0
CAC40,20130605,3901.45,3915.71,3852.44,3852.44,0
CAC40,20130606,3860.81,3877.96,3814.28,3814.28,0
CAC40,20130607,3823.87,3889.55,3800.85,3872.59,0
CAC40,20130610,3865.11,3884.64,3853.88,3864.36,0
CAC40,20130611,3849.36,3849.36,3780.39,3810.56,0
CAC40,20130612,3808.68,3835.49,3791.71,3793.70,0
CAC40,20130613,3746.62,3804.25,3731.84,3797.98,0
CAC40,20130614,3822.64,3830.69,3793.50,3805.16,0
CAC40,20130617,3815.69,3882.88,3814.61,3863.66,0
CAC40,20130618,3847.29,3870.87,3837.04,3860.55,0
CAC40,20130619,3865.13,3868.40,3823.65,3839.34,0
CAC40,20130620,3777.06,3783.20,3696.45,3698.93,0
CAC40,20130621,3720.70,3744.25,3658.04,3658.04,0
CAC40,20130624,3655.25,3668.11,3575.17,3595.63,0
CAC40,20130625,3642.35,3655.62,3618.58,3649.82,0
CAC40,20130626,3656.20,3730.69,3637.73,3726.04,0
CAC40,20130627,3721.50,3780.56,3704.18,3762.19,0
CAC40,20130628,3767.63,3775.34,3723.66,3738.91,0
CAC40,20130701,3763.17,3786.41,3724.53,3767.48,0
CAC40,20130702,3776.41,3776.41,3731.03,3742.57,0
CAC40,20130703,3708.91,3708.91,3668.77,3702.01,0
CAC40,20130704,3734.23,3809.82,3722.79,3809.31,0
CAC40,20130705,3810.73,3837.39,3753.85,3753.85,0
CAC40,20130708,3783.16,3842.51,3781.51,3823.83,0
CAC40,20130709,3839.61,3858.54,3832.16,3843.56,0
CAC40,20130710,3840.24,3855.19,3812.03,3840.53,0
CAC40,20130711,3885.57,3888.19,3855.05,3868.98,0
CAC40,20130712,3879.19,3886.08,3844.88,3855.09,0
CAC40,20130715,3865.23,3893.26,3862.84,3878.58,0
CAC40,20130716,3881.99,3884.64,3846.82,3851.03,0
CAC40,20130717,3859.20,3883.09,3821.55,3872.02,0
CAC40,20130718,3862.63,3927.79,3858.57,3927.79,0
CAC40,20130719,3914.19,3925.32,3900.10,3925.32,0
CAC40,20130722,3927.52,3945.98,3915.81,3939.92,0
CAC40,20130723,3949.20,3955.55,3923.09,3923.09,0
CAC40,20130724,3932.28,3976.50,3932.28,3962.75,0
CAC40,20130725,3962.11,3967.58,3920.17,3956.02,0
CAC40,20130726,3977.80,4002.35,3960.52,3968.84,0
CAC40,20130729,3987.04,3997.86,3962.43,3968.91,0
CAC40,20130730,3983.10,3998.16,3966.03,3986.61,0
CAC40,20130731,3973.17,4007.23,3965.03,3992.69,0
CAC40,20130801,3998.02,4044.50,3993.75,4042.73,0
CAC40,20130802,4059.62,4059.62,4027.76,4045.65,0
CAC40,20130805,4049.16,4062.78,4040.34,4049.97,0
CAC40,20130806,4050.78,4064.98,4013.96,4032.57,0
CAC40,20130807,4024.98,4043.55,4010.63,4038.49,0
CAC40,20130808,4043.78,4069.72,4032.99,4064.32,0
CAC40,20130809,4074.64,4087.73,4049.87,4076.55,0
CAC40,20130812,4081.15,4088.64,4048.62,4071.68,0
CAC40,20130813,4081.56,4092.50,4075.45,4092.50,0
CAC40,20130814,4100.40,4122.16,4091.58,4114.20,0
CAC40,20130815,4110.16,4111.64,4055.30,4093.20,0
CAC40,20130816,4093.30,4123.89,4077.52,4123.89,0
CAC40,20130819,4121.98,4122.14,4080.66,4083.98,0
CAC40,20130820,4066.36,4067.90,4005.47,4028.93,0
CAC40,20130821,4042.67,4048.30,4015.03,4015.09,0
CAC40,20130822,4019.89,4071.73,4019.75,4059.12,0
CAC40,20130823,4059.06,4073.82,4025.56,4069.47,0
CAC40,20130826,4071.38,4072.12,4037.97,4067.13,0
CAC40,20130827,4048.63,4062.48,3968.73,3968.73,0
CAC40,20130828,3955.96,3976.11,3934.79,3960.46,0
CAC40,20130829,3978.53,3990.27,3950.74,3986.35,0
CAC40,20130830,3985.61,3988.93,3933.78,3933.78,0
CAC40,20130902,3975.25,4014.50,3975.25,4006.01,0
CAC40,20130903,4010.88,4010.88,3951.32,3974.07,0
CAC40,20130904,3983.45,3987.88,3927.63,3980.42,0
CAC40,20130905,3985.85,4009.59,3968.18,4006.80,0
CAC40,20130906,3999.62,4049.19,3985.77,4049.19,0
CAC40,20130909,4044.97,4047.94,4022.81,4040.33,0
CAC40,20130910,4070.72,4119.98,4067.16,4116.64,0
CAC40,20130911,4106.95,4122.53,4100.89,4119.11,0
CAC40,20130912,4117.66,4121.32,4095.21,4106.63,0
CAC40,20130913,4100.67,4117.38,4095.73,4114.50,0
CAC40,20130916,4153.62,4162.67,4138.34,4152.22,0
CAC40,20130917,4142.68,4155.85,4131.22,4145.51,0
CAC40,20130918,4147.24,4170.40,4134.44,4170.40,0
CAC40,20130919,4225.45,4227.21,4188.73,4206.04,0
CAC40,20130920,4195.63,4219.90,4193.92,4203.66,0
CAC40,20130923,4207.99,4216.92,4162.84,4172.08,0
CAC40,20130924,4174.26,4206.30,4174.26,4195.61,0
CAC40,20130925,4185.76,4202.54,4171.88,4195.35,0
CAC40,20130926,4199.34,4202.40,4170.67,4186.72,0
CAC40,20130927,4190.19,4201.21,4163.70,4186.77,0
CAC40,20130930,4138.47,4150.44,4120.24,4143.44,0
CAC40,20131001,4150.04,4196.60,4150.04,4196.60,0
CAC40,20131002,4177.18,4180.79,4136.79,4158.16,0
CAC40,20131003,4158.53,4166.92,4124.83,4127.98,0
CAC40,20131004,4128.11,4176.26,4124.67,4164.25,0
CAC40,20131007,4145.92,4165.58,4105.67,4165.58,0
CAC40,20131008,4161.01,4172.18,4133.19,4133.53,0
CAC40,20131009,4126.40,4162.25,4113.68,4127.05,0
CAC40,20131010,4158.08,4220.62,4148.42,4218.11,0
CAC40,20131011,4227.54,4227.54,4209.12,4219.98,0
CAC40,20131014,4202.82,4222.96,4192.59,4222.96,0
CAC40,20131015,4238.83,4261.74,4232.13,4256.02,0
CAC40,20131016,4229.05,4247.54,4213.40,4243.72,0
CAC40,20131017,4234.44,4242.41,4204.74,4239.64,0
CAC40,20131018,4259.87,4286.03,4246.89,4286.03,0
CAC40,20131021,4286.15,4286.15,4267.54,4276.92,0
CAC40,20131022,4264.98,4309.15,4263.23,4295.43,0
CAC40,20131023,4272.74,4274.76,4249.61,4260.66,0
CAC40,20131024,4269.39,4281.03,4259.84,4275.69,0
CAC40,20131025,4247.82,4279.77,4242.22,4272.31,0
CAC40,20131028,4288.86,4288.86,4236.03,4251.61,0
CAC40,20131029,4243.80,4281.47,4243.29,4278.09,0
CAC40,20131030,4272.94,4309.92,4264.58,4274.11,0
CAC40,20131031,4256.68,4303.82,4254.89,4299.89,0
CAC40,20131101,4302.71,4305.26,4266.97,4273.19,0
CAC40,20131104,4286.29,4296.07,4276.81,4288.59,0
CAC40,20131105,4294.39,4296.95,4232.96,4253.34,0
CAC40,20131106,4266.47,4299.87,4265.51,4286.93,0
CAC40,20131107,4282.68,4356.28,4269.29,4280.99,0
CAC40,20131108,4252.30,4267.75,4211.82,4260.44,0
CAC40,20131111,4263.88,4296.02,4253.47,4290.14,0
CAC40,20131112,4288.68,4297.94,4263.78,4263.78,0
CAC40,20131113,4249.35,4266.45,4213.21,4239.94,0
CAC40,20131114,4292.63,4294.15,4257.51,4283.91,0
CAC40,20131115,4282.95,4299.67,4271.55,4292.23,0
CAC40,20131118,4287.43,4336.61,4277.21,4320.68,0
CAC40,20131119,4303.18,4303.18,4264.33,4272.29,0
CAC40,20131120,4262.90,4290.82,4248.58,4268.37,0
CAC40,20131121,4246.71,4266.06,4222.31,4253.90,0
CAC40,20131122,4265.02,4285.03,4250.78,4278.53,0
CAC40,20131125,4297.50,4307.98,4290.78,4301.97,0
CAC40,20131126,4295.91,4304.87,4277.57,4277.57,0
CAC40,20131127,4286.84,4303.97,4276.79,4293.06,0
CAC40,20131128,4289.43,4311.81,4289.43,4302.42,0
CAC40,20131129,4297.96,4310.66,4294.39,4295.21,0
CAC40,20131202,4296.40,4309.31,4273.42,4285.81,0
CAC40,20131203,4276.65,4277.27,4172.44,4172.44,0
CAC40,20131204,4185.51,4192.53,4120.10,4148.52,0
CAC40,20131205,4139.70,4157.05,4099.91,4099.91,0
CAC40,20131206,4110.85,4140.68,4082.14,4129.37,0
CAC40,20131209,4142.91,4142.91,4109.92,4134.10,0
CAC40,20131210,4126.55,4144.80,4091.14,4091.14,0
CAC40,20131211,4094.98,4127.97,4085.63,4086.86,0
CAC40,20131212,4075.85,4090.19,4056.37,4069.12,0
CAC40,20131213,4068.29,4085.80,4053.41,4059.71,0
CAC40,20131216,4051.96,4128.98,4051.25,4119.88,0
CAC40,20131217,4100.01,4100.01,4068.64,4068.64,0
CAC40,20131218,4089.41,4109.51,4074.28,4109.51,0
CAC40,20131219,4146.44,4184.33,4143.60,4177.03,0
CAC40,20131220,4178.49,4200.31,4166.53,4193.77,0
CAC40,20131223,4201.55,4215.29,4187.95,4215.29,0
CAC40,20131224,4213.13,4229.68,4209.42,4218.41,0
CAC40,20131227,4245.72,4279.28,4237.20,4277.65,0
CAC40,20131230,4282.39,4289.53,4267.63,4275.71,0
CAC40,20131231,4281.02,4297.23,4281.02,4295.95,0
CAC40,20140102,4309.16,4312.59,4226.66,4227.28,0
CAC40,20140103,4239.11,4258.89,4228.85,4247.65,0
CAC40,20140106,4240.68,4261.34,4221.71,4227.54,0
CAC40,20140107,4233.06,4266.96,4215.59,4262.68,0
CAC40,20140108,4268.21,4272.07,4245.56,4260.96,0
CAC40,20140109,4258.91,4278.11,4216.07,4225.14,0
CAC40,20140110,4246.92,4269.38,4233.29,4250.60,0
CAC40,20140113,4262.75,4268.72,4246.72,4263.27,0
CAC40,20140114,4225.75,4274.20,4213.57,4274.20,0
CAC40,20140115,4288.35,4332.07,4283.11,4332.07,0
CAC40,20140116,4332.71,4334.96,4312.83,4319.27,0
CAC40,20140117,4323.56,4341.86,4312.86,4327.50,0
CAC40,20140120,4321.07,4333.32,4314.05,4322.86,0
CAC40,20140121,4324.30,4351.21,4317.05,4323.87,0
CAC40,20140122,4337.62,4347.02,4308.07,4324.98,0
CAC40,20140123,4319.20,4339.13,4266.98,4280.96,0
CAC40,20140124,4284.52,4292.14,4154.95,4161.47,0
CAC40,20140127,4165.14,4172.28,4137.96,4144.56,0
CAC40,20140128,4170.40,4198.20,4153.82,4185.29,0
CAC40,20140129,4220.54,4245.96,4106.53,4156.98,0
CAC40,20140130,4160.18,4195.54,4123.66,4180.02,0
CAC40,20140131,4180.68,4189.05,4098.71,4165.72,0
CAC40,20140203,4159.99,4184.95,4104.66,4107.75,0
CAC40,20140204,4091.70,4132.29,4080.60,4117.45,0
CAC40,20140205,4110.78,4136.61,4098.69,4117.79,0
CAC40,20140206,4135.17,4200.58,4122.75,4188.10,0
CAC40,20140207,4198.67,4228.90,4171.68,4228.18,0
CAC40,20140210,4248.03,4251.38,4229.07,4237.13,0
CAC40,20140211,4252.89,4283.32,4247.37,4283.32,0
CAC40,20140212,4295.61,4324.32,4288.01,4305.50,0
CAC40,20140213,4291.74,4316.29,4275.24,4312.80,0
CAC40,20140214,4319.60,4340.38,4304.99,4340.14,0
CAC40,20140217,4346.29,4352.54,4330.00,4335.17,0
CAC40,20140218,4342.41,4342.41,4304.66,4330.71,0
CAC40,20140219,4321.18,4352.72,4312.80,4341.10,0
CAC40,20140220,4294.16,4356.65,4290.47,4355.49,0
CAC40,20140221,4370.17,4383.15,4353.15,4381.06,0
CAC40,20140224,4373.57,4419.13,4373.57,4419.13,0
CAC40,20140225,4405.93,4416.16,4383.24,4414.55,0
CAC40,20140226,4414.11,4420.94,4381.19,4396.91,0
CAC40,20140227,4399.67,4408.23,4354.95,4396.39,0
CAC40,20140228,4402.98,4413.65,4367.96,4408.08,0
CAC40,20140303,4338.39,4346.95,4288.44,4290.87,0
CAC40,20140304,4339.53,4399.81,4337.35,4395.90,0
CAC40,20140305,4384.41,4402.12,4377.65,4391.25,0
CAC40,20140306,4408.55,4431.16,4402.16,4417.04,0
CAC40,20140307,4416.43,4432.50,4364.20,4366.42,0
CAC40,20140310,4363.02,4417.80,4346.83,4370.84,0
CAC40,20140311,4384.69,4386.73,4343.95,4349.72,0
CAC40,20140312,4322.77,4327.85,4273.38,4306.26,0
CAC40,20140313,4315.37,4319.64,4250.51,4250.51,0
CAC40,20140314,4220.48,4236.58,4183.00,4216.37,0
CAC40,20140317,4215.42,4277.06,4211.62,4271.96,0
CAC40,20140318,4264.42,4341.84,4250.47,4313.26,0
CAC40,20140319,4313.43,4329.48,4295.06,4308.06,0
CAC40,20140320,4275.26,4328.18,4261.42,4327.91,0
CAC40,20140321,4331.30,4353.39,4323.27,4335.28,0
CAC40,20140324,4322.34,4332.17,4266.98,4276.34,0
CAC40,20140325,4288.88,4351.61,4288.88,4344.12,0
CAC40,20140326,4357.45,4398.48,4353.86,4385.15,0
CAC40,20140327,4373.73,4390.17,4359.29,4379.06,0
CAC40,20140328,4392.95,4411.38,4388.16,4411.26,0
CAC40,20140331,4426.84,4430.90,4390.77,4391.50,0
CAC40,20140401,4409.34,4440.04,4401.29,4426.72,0
CAC40,20140402,4428.79,4438.63,4421.50,4430.86,0
CAC40,20140403,4431.11,4469.84,4417.35,4449.33,0
CAC40,20140404,4459.39,4496.54,4447.00,4484.55,0
CAC40,20140407,4453.00,4464.04,4432.29,4436.08,0
CAC40,20140408,4444.02,4448.43,4384.66,4424.83,0
CAC40,20140409,4431.96,4454.74,4426.39,4442.68,0
CAC40,20140410,4457.78,4466.19,4408.61,4413.49,0
CAC40,20140411,4378.95,4384.03,4333.87,4365.86,0
CAC40,20140414,4345.82,4384.56,4319.28,4384.56,0
CAC40,20140415,4380.87,4404.04,4344.03,4345.35,0
CAC40,20140416,4389.75,4405.66,4375.05,4405.66,0
CAC40,20140417,4413.36,4432.64,4392.06,4431.81,0
CAC40,20140422,4450.85,4488.05,4443.90,4484.21,0
CAC40,20140423,4480.17,4480.62,4449.01,4451.08,0
CAC40,20140424,4478.27,4499.32,4440.63,4479.54,0
CAC40,20140425,4464.93,4473.48,4431.38,4443.63,0
CAC40,20140428,4466.16,4477.62,4444.46,4460.53,0
CAC40,20140429,4475.11,4504.14,4449.94,4497.68,0
CAC40,20140430,4484.76,4491.29,4470.75,4487.39,0
CAC40,20140502,4473.57,4485.10,4447.44,4458.17,0
CAC40,20140505,4452.89,4467.37,4400.91,4462.69,0
CAC40,20140506,4475.48,4477.86,4420.71,4428.07,0
CAC40,20140507,4414.39,4453.22,4402.78,4446.44,0
CAC40,20140508,4457.02,4507.24,4440.86,4507.24,0
CAC40,20140509,4492.54,4496.67,4465.77,4477.28,0
CAC40,20140512,4466.13,4495.72,4463.05,4493.65,0
CAC40,20140513,4504.22,4511.35,4492.46,4505.02,0
CAC40,20140514,4506.56,4506.56,4489.41,4501.04,0
CAC40,20140515,4498.66,4512.62,4438.49,4444.93,0
CAC40,20140516,4446.20,4456.31,4418.59,4456.28,0
CAC40,20140519,4447.42,4476.41,4418.05,4469.76,0
CAC40,20140520,4459.72,4473.10,4445.73,4452.35,0
CAC40,20140521,4436.59,4473.28,4424.69,4469.03,0
CAC40,20140522,4474.21,4481.98,4451.78,4478.21,0
CAC40,20140523,4480.22,4495.76,4468.89,4493.15,0
CAC40,20140526,4503.60,4526.93,4496.43,4526.93,0
CAC40,20140527,4515.83,4536.48,4511.46,4529.75,0
CAC40,20140528,4527.92,4536.83,4517.88,4531.63,0
CAC40,20140529,4524.21,4533.50,4515.46,4530.51,0
CAC40,20140530,4510.40,4524.92,4495.79,4519.57,0
CAC40,20140602,4523.56,4529.35,4502.12,4515.89,0
CAC40,20140603,4513.28,4516.02,4499.00,4503.69,0
CAC40,20140604,4496.30,4508.26,4470.47,4501.00,0
CAC40,20140605,4504.06,4577.70,4487.48,4548.73,0
CAC40,20140606,4552.45,4586.68,4539.53,4581.12,0
CAC40,20140609,4582.60,4590.66,4570.41,4589.12,0
CAC40,20140610,4588.14,4598.65,4579.06,4595.00,0
CAC40,20140611,4583.39,4583.64,4552.63,4555.11,0
CAC40,20140612,4551.19,4573.98,4545.22,4554.40,0
CAC40,20140613,4549.45,4555.86,4506.93,4543.28,0
CAC40,20140616,4525.68,4540.68,4509.52,4510.05,0
CAC40,20140617,4524.89,4538.24,4508.46,4536.07,0
CAC40,20140618,4540.63,4550.93,4529.53,4530.37,0
CAC40,20140619,4565.81,4581.95,4558.07,4563.04,0
CAC40,20140620,4556.26,4574.92,4541.34,4541.34,0
CAC40,20140623,4540.52,4540.52,4494.36,4515.57,0
CAC40,20140624,4529.54,4536.11,4513.10,4518.34,0
CAC40,20140625,4494.36,4496.67,4448.27,4460.60,0
CAC40,20140626,4470.78,4473.43,4412.18,4439.63,0
CAC40,20140627,4447.17,4461.47,4426.59,4436.98,0
CAC40,20140630,4443.03,4457.57,4407.18,4422.84,0
CAC40,20140701,4438.77,4462.43,4430.26,4461.12,0
CAC40,20140702,4460.62,4467.79,4436.11,4444.72,0
CAC40,20140703,4446.70,4490.72,4437.36,4489.88,0
CAC40,20140704,4482.22,4489.81,4468.98,4468.98,0
CAC40,20140707,4453.76,4463.06,4404.24,4405.76,0
CAC40,20140708,4418.17,4423.78,4342.50,4342.53,0
CAC40,20140709,4353.53,4362.56,4329.14,4359.84,0
CAC40,20140710,4357.77,4357.77,4277.58,4301.26,0
CAC40,20140711,4309.65,4330.48,4299.37,4316.50,0
CAC40,20140714,4327.66,4355.76,4324.06,4350.04,0
CAC40,20140715,4344.50,4352.58,4303.47,4305.31,0
CAC40,20140716,4322.96,4374.22,4322.96,4369.06,0
CAC40,20140717,4345.98,4362.28,4311.12,4316.12,0
CAC40,20140718,4296.84,4335.31,4284.42,4335.31,0
CAC40,20140721,4334.62,4336.79,4295.36,4304.74,0
CAC40,20140722,4323.71,4373.70,4315.66,4369.52,0
CAC40,20140723,4360.20,4396.70,4356.30,4376.32,0
CAC40,20140724,4376.69,4415.29,4347.76,4410.65,0
CAC40,20140725,4390.85,4395.38,4317.49,4330.55,0
CAC40,20140728,4352.50,4358.47,4308.26,4344.77,0
CAC40,20140729,4349.43,4389.76,4332.30,4365.58,0
CAC40,20140730,4360.18,4378.70,4303.66,4312.30,0
CAC40,20140731,4335.20,4337.74,4238.27,4246.14,0
CAC40,20140801,4236.35,4243.07,4182.02,4202.78,0
CAC40,20140804,4222.78,4240.12,4204.66,4217.22,0
CAC40,20140805,4240.57,4252.68,4217.62,4232.88,0
CAC40,20140806,4207.20,4222.76,4169.80,4207.14,0
CAC40,20140807,4209.61,4209.61,4146.27,4149.83,0
CAC40,20140808,4114.09,4165.26,4109.31,4147.81,0
CAC40,20140811,4182.75,4206.27,4165.35,4197.70,0
CAC40,20140812,4188.05,4193.15,4150.90,4162.16,0
CAC40,20140813,4187.46,4204.38,4178.79,4194.79,0
CAC40,20140814,4176.93,4217.39,4166.18,4205.43,0
CAC40,20140815,4216.90,4256.34,4168.08,4174.36,0
CAC40,20140818,4227.88,4241.86,4211.38,4230.65,0
CAC40,20140819,4243.83,4258.83,4235.28,4254.45,0
CAC40,20140820,4250.28,4254.84,4216.96,4240.79,0
CAC40,20140821,4247.32,4292.93,4231.66,4292.93,0
CAC40,20140822,4291.06,4291.17,4233.15,4252.80,0
CAC40,20140825,4299.50,4342.11,4286.61,4342.11,0
CAC40,20140826,4336.29,4395.94,4333.12,4393.41,0
CAC40,20140827,4384.53,4401.52,4379.80,4395.26,0
CAC40,20140828,4385.71,4393.58,4352.93,4366.04,0
CAC40,20140829,4380.61,4393.60,4337.13,4381.04,0
CAC40,20140901,4383.62,4391.08,4358.26,4379.73,0
CAC40,20140902,4389.40,4403.22,4373.32,4378.33,0
CAC40,20140903,4394.66,4443.53,4394.07,4421.87,0
CAC40,20140904,4409.16,4509.58,4401.25,4494.94,0
CAC40,20140905,4492.91,4498.16,4470.20,4486.49,0
CAC40,20140908,4484.40,4489.02,4463.79,4474.93,0
CAC40,20140909,4465.10,4482.91,4446.04,4452.37,0
CAC40,20140910,4442.69,4459.78,4434.93,4450.79,0
CAC40,20140911,4463.00,4466.15,4411.07,4440.90,0
CAC40,20140912,4449.68,4452.31,4419.44,4441.70,0
CAC40,20140915,4425.63,4440.92,4418.73,4428.63,0
CAC40,20140916,4426.15,4426.15,4391.08,4409.15,0
CAC40,20140917,4432.65,4444.83,4421.94,4431.41,0
CAC40,20140918,4440.33,4470.48,4435.66,4464.70,0
CAC40,20140919,4491.54,4492.39,4451.91,4461.22,0
CAC40,20140922,4446.91,4464.31,4434.58,4442.55,0
CAC40,20140923,4430.30,4430.78,4351.30,4359.35,0
CAC40,20140924,4364.00,4416.63,4347.05,4413.72,0
CAC40,20140925,4413.64,4430.50,4346.71,4355.28,0
CAC40,20140926,4361.37,4411.99,4340.63,4394.75,0
CAC40,20140929,4389.83,4401.07,4334.01,4358.07,0
CAC40,20140930,4375.38,4435.07,4369.26,4416.24,0
CAC40,20141001,4400.61,4427.76,4354.14,4365.27,0
CAC40,20141002,4361.83,4371.06,4242.67,4242.67,0
CAC40,20141003,4280.22,4297.41,4260.63,4281.74,0
CAC40,20141006,4317.92,4319.31,4279.49,4286.52,0
CAC40,20141007,4277.41,4277.41,4208.66,4209.14,0
CAC40,20141008,4198.02,4213.11,4153.68,4168.12,0
CAC40,20141009,4222.98,4222.98,4123.18,4141.45,0
CAC40,20141010,4114.52,4125.13,4065.50,4073.71,0
CAC40,20141013,4033.74,4104.00,4030.57,4078.70,0
CAC40,20141014,4053.08,4097.90,4012.82,4088.25,0
CAC40,20141015,4090.48,4096.58,3933.16,3939.72,0
CAC40,20141016,3968.41,3987.14,3789.11,3918.62,0
CAC40,20141017,3934.19,4040.70,3916.80,4033.18,0
CAC40,20141020,4023.76,4030.15,3962.06,3991.24,0
CAC40,20141021,3968.79,4081.73,3965.46,4081.24,0
CAC40,20141022,4090.94,4110.48,4064.08,4105.09,0
CAC40,20141023,4086.02,4166.46,4047.32,4157.68,0
CAC40,20141024,4137.92,4153.07,4119.27,4128.90,0
CAC40,20141027,4170.84,4171.53,4065.93,4096.74,0
CAC40,20141028,4107.57,4127.87,4098.74,4112.67,0
CAC40,20141029,4126.97,4134.83,4106.14,4110.64,0
CAC40,20141030,4138.08,4151.11,4051.86,4141.24,0
CAC40,20141031,4213.47,4246.93,4181.96,4233.09,0
CAC40,20141103,4225.81,4238.46,4185.41,4194.03,0
CAC40,20141104,4177.20,4208.52,4118.50,4130.19,0
CAC40,20141105,4163.51,4214.35,4145.61,4208.42,0
CAC40,20141106,4193.48,4275.30,4180.32,4227.68,0
CAC40,20141107,4238.87,4239.56,4161.15,4189.89,0
CAC40,20141110,4184.18,4224.83,4174.98,4222.82,0
CAC40,20141111,4227.12,4252.92,4223.68,4244.10,0
CAC40,20141112,4232.34,4242.62,4175.29,4179.88,0
CAC40,20141113,4203.67,4220.74,4153.17,4187.95,0
CAC40,20141114,4208.11,4208.13,4164.79,4202.46,0
CAC40,20141117,4169.61,4239.11,4166.40,4226.10,0
CAC40,20141118,4230.41,4267.66,4223.32,4262.38,0
CAC40,20141119,4263.33,4289.17,4251.04,4266.19,0
CAC40,20141120,4264.61,4264.73,4201.47,4234.21,0
CAC40,20141121,4245.65,4356.11,4240.19,4347.23,0
CAC40,20141124,4355.97,4400.34,4348.83,4368.44,0
CAC40,20141125,4369.31,4403.55,4361.18,4382.31,0
CAC40,20141126,4382.88,4399.41,4364.59,4373.42,0
CAC40,20141127,4375.42,4396.20,4374.58,4382.34,0
CAC40,20141128,4378.32,4390.18,4353.60,4390.18,0
CAC40,20141201,4354.19,4383.19,4334.81,4377.33,0
CAC40,20141202,4396.75,4422.77,4373.03,4388.30,0
CAC40,20141203,4384.04,4405.83,4378.88,4391.86,0
CAC40,20141204,4399.94,4427.74,4310.69,4323.89,0
CAC40,20141205,4366.22,4422.85,4359.32,4419.48,0
CAC40,20141208,4400.17,4407.95,4375.48,4375.48,0
CAC40,20141209,4332.73,4342.12,4260.07,4263.94,0
CAC40,20141210,4280.34,4306.72,4216.18,4227.91,0
CAC40,20141211,4225.33,4249.12,4196.53,4225.86,0
CAC40,20141212,4197.48,4202.52,4103.49,4108.93,0
CAC40,20141215,4094.46,4144.31,4000.80,4005.38,0
CAC40,20141216,4027.51,4094.19,3926.34,4093.20,0
CAC40,20141217,4052.23,4131.81,4035.30,4111.91,0
CAC40,20141218,4186.26,4249.49,4159.95,4249.49,0
CAC40,20141219,4282.39,4291.20,4202.07,4241.65,0
CAC40,20141222,4255.88,4295.15,4239.36,4254.43,0
CAC40,20141223,4264.54,4314.97,4259.21,4314.97,0
CAC40,20141224,4309.75,4316.39,4295.02,4295.85,0
CAC40,20141229,4301.66,4317.93,4249.95,4317.93,0
CAC40,20141230,4293.90,4296.02,4245.54,4245.54,0
CAC40,20141231,4256.17,4275.58,4255.33,4272.75,0
CAC40,20150102,4294.05,4311.00,4224.34,4252.29,0
CAC40,20150105,4221.99,4276.92,4105.45,4111.36,0
CAC40,20150106,4129.89,4151.41,4076.16,4083.50,0
CAC40,20150107,4111.73,4144.95,4080.78,4112.73,0
CAC40,20150108,4176.16,4270.11,4163.63,4260.19,0
CAC40,20150109,4249.26,4272.83,4149.14,4179.07,0
CAC40,20150112,4196.78,4252.27,4165.15,4228.24,0
CAC40,20150113,4204.77,4310.58,4197.81,4290.28,0
CAC40,20150114,4227.46,4302.22,4207.37,4223.24,0
CAC40,20150115,4262.94,4338.73,4119.35,4323.20,0
CAC40,20150116,4303.55,4387.22,4294.76,4379.62,0
CAC40,20150119,4388.67,4423.25,4367.24,4394.93,0
CAC40,20150120,4406.96,4463.51,4405.94,4446.02,0
CAC40,20150121,4455.01,4484.82,4406.72,4484.82,0
CAC40,20150122,4486.76,4569.55,4462.17,4552.80,0
CAC40,20150123,4588.49,4673.30,4585.64,4640.69,0
CAC40,20150126,4620.00,4678.83,4616.61,4675.13,0
CAC40,20150127,4671.76,4679.26,4592.62,4624.21,0
CAC40,20150128,4660.45,4660.88,4582.58,4610.94,0
CAC40,20150129,4571.05,4632.38,4571.05,4631.43,0
CAC40,20150130,4655.95,4660.71,4583.68,4604.25,0
CAC40,20150202,4613.31,4646.55,4584.37,4627.67,0
CAC40,20150203,4651.07,4701.52,4645.15,4677.90,0
CAC40,20150204,4682.81,4696.30,4651.78,4696.30,0
CAC40,20150205,4654.56,4705.10,4647.85,4703.30,0
CAC40,20150206,4698.84,4707.24,4675.37,4691.03,0
CAC40,20150209,4652.16,4659.26,4611.15,4651.08,0
CAC40,20150210,4663.46,4716.49,4636.08,4695.65,0
CAC40,20150211,4687.87,4694.44,4659.46,4679.38,0
CAC40,20150212,4670.08,4746.75,4664.03,4726.20,0
CAC40,20150213,4748.04,4779.54,4741.20,4759.36,0
CAC40,20150216,4757.52,4766.47,4747.22,4751.95,0
CAC40,20150217,4720.93,4766.67,4683.19,4753.99,0
CAC40,20150218,4782.59,4806.68,4775.87,4799.03,0
CAC40,20150219,4788.40,4841.69,4770.17,4833.28,0
CAC40,20150220,4821.38,4837.93,4780.81,4830.90,0
CAC40,20150223,4872.13,4875.97,4832.36,4862.30,0
CAC40,20150224,4865.68,4899.52,4843.96,4886.44,0
CAC40,20150225,4885.00,4894.60,4863.22,4882.22,0
CAC40,20150226,4884.89,4910.62,4877.24,4910.62,0
CAC40,20150227,4905.77,4951.48,4903.09,4951.48,0
CAC40,20150302,4937.43,4950.59,4900.11,4917.32,0
CAC40,20150303,4922.43,4936.47,4863.92,4869.25,0
CAC40,20150304,4882.94,4917.35,4856.14,4917.35,0
CAC40,20150305,4929.04,4974.64,4926.09,4963.51,0
CAC40,20150306,4953.68,4986.88,4949.88,4964.35,0
CAC40,20150309,4940.64,4950.42,4917.46,4937.20,0
CAC40,20150310,4930.06,4941.38,4869.45,4881.95,0
CAC40,20150311,4900.37,5003.58,4900.33,4997.75,0
CAC40,20150312,4990.96,5000.94,4981.28,4987.33,0
CAC40,20150313,4997.94,5010.80,4969.47,5010.46,0
CAC40,20150316,5019.02,5071.68,5019.02,5061.16,0
CAC40,20150317,5065.62,5074.83,5006.93,5028.93,0
CAC40,20150318,5032.18,5041.32,5001.37,5033.42,0
CAC40,20150319,5029.97,5059.68,5006.82,5037.18,0
CAC40,20150320,5044.42,5106.04,5036.27,5087.49,0
CAC40,20150323,5078.25,5078.25,5036.23,5054.52,0
CAC40,20150324,5040.86,5103.30,5032.78,5088.28,0
CAC40,20150325,5073.28,5087.30,5012.87,5020.99,0
CAC40,20150326,4992.55,5006.35,4932.53,5006.35,0
CAC40,20150327,5020.09,5048.37,5003.31,5034.06,0
CAC40,20150330,5052.25,5097.59,5045.36,5083.52,0
CAC40,20150331,5073.99,5098.86,5028.38,5033.64,0
CAC40,20150401,5009.63,5110.79,5007.68,5062.22,0
CAC40,20150402,5068.06,5080.53,5059.42,5074.14,0
CAC40,20150407,5106.36,5166.77,5096.00,5151.19,0
CAC40,20150408,5146.78,5168.03,5128.18,5136.86,0
CAC40,20150409,5156.16,5208.95,5154.60,5208.95,0
CAC40,20150410,5224.22,5240.65,5210.61,5240.46,0
CAC40,20150413,5236.11,5262.74,5222.40,5254.12,0
CAC40,20150414,5252.48,5260.78,5192.89,5218.06,0
CAC40,20150415,5230.98,5269.50,5217.04,5254.35,0
CAC40,20150416,5246.75,5255.24,5214.94,5224.49,0
CAC40,20150417,5214.33,5238.91,5132.71,5143.26,0
CAC40,20150420,5154.91,5187.59,5151.12,5187.59,0
CAC40,20150421,5205.10,5243.57,5172.76,5192.64,0
CAC40,20150422,5210.70,5225.86,5146.27,5211.09,0
CAC40,20150423,5217.08,5226.17,5146.68,5178.91,0
CAC40,20150424,5202.63,5225.39,5166.81,5201.45,0
CAC40,20150427,5198.79,5283.71,5135.89,5268.91,0
CAC40,20150428,5256.79,5256.79,5138.30,5173.38,0
CAC40,20150429,5176.67,5202.56,5034.83,5039.39,0
CAC40,20150430,5040.51,5069.04,4987.26,5046.49,0
CAC40,20150504,5060.50,5112.86,5013.53,5081.97,0
CAC40,20150505,5074.42,5133.17,4969.97,4974.07,0
CAC40,20150506,4968.14,5013.21,4936.34,4981.59,0
CAC40,20150507,4945.82,4981.99,4874.90,4967.22,0
CAC40,20150508,4999.48,5094.01,4981.41,5090.39,0
CAC40,20150511,5050.92,5050.92,5008.89,5027.87,0
CAC40,20150512,4988.85,4992.92,4922.02,4974.65,0
CAC40,20150513,4996.19,5045.54,4944.39,4961.86,0
CAC40,20150514,4942.49,5043.69,4905.70,5029.31,0
CAC40,20150515,5049.56,5066.57,4965.86,4993.82,0
CAC40,20150518,4996.96,5026.28,4932.01,5012.31,0
CAC40,20150519,5040.45,5124.50,5040.45,5117.30,0
CAC40,20150520,5106.26,5139.06,5089.43,5133.30,0
CAC40,20150521,5120.88,5148.87,5104.21,5146.70,0
CAC40,20150522,5147.41,5155.28,5121.69,5142.89,0
CAC40,20150525,5139.65,5139.65,5099.13,5117.17,0
CAC40,20150526,5122.87,5146.03,5062.47,5083.54,0
CAC40,20150527,5105.86,5193.77,5086.36,5182.53,0
CAC40,20150528,5157.25,5164.24,5096.53,5137.83,0
CAC40,20150529,5137.02,5144.73,5006.46,5007.89,0
CAC40,20150601,5029.05,5060.49,4989.94,5025.30,0
CAC40,20150602,5051.68,5051.68,4960.72,5004.46,0
CAC40,20150603,5016.37,5088.14,4991.27,5034.17,0
CAC40,20150604,5006.19,5044.75,4916.45,4987.13,0
CAC40,20150605,4951.80,4966.45,4894.17,4920.74,0
CAC40,20150608,4906.17,4917.52,4857.66,4857.66,0
CAC40,20150609,4849.12,4868.42,4783.92,4850.22,0
CAC40,20150610,4831.03,4956.74,4811.54,4934.91,0
CAC40,20150611,4926.77,5022.10,4917.92,4971.37,0
CAC40,20150612,4962.22,4973.07,4852.36,4901.19,0
CAC40,20150615,4844.95,4871.07,4805.10,4815.36,0
CAC40,20150616,4778.21,4857.63,4748.93,4839.86,0
CAC40,20150617,4845.73,4858.05,4773.19,4790.62,0
CAC40,20150618,4777.91,4805.01,4712.97,4803.48,0
CAC40,20150619,4807.58,4870.52,4799.27,4815.37,0
CAC40,20150622,4926.63,5010.39,4911.86,4998.61,0
CAC40,20150623,5045.57,5078.51,5024.26,5057.68,0
CAC40,20150624,5060.58,5065.74,5001.67,5045.35,0
CAC40,20150625,4996.63,5087.08,4996.63,5041.71,0
CAC40,20150626,5010.22,5095.04,4985.88,5059.17,0
CAC40,20150629,4821.45,4946.62,4819.03,4869.82,0
CAC40,20150630,4849.39,4892.48,4789.61,4790.20,0
CAC40,20150701,4849.43,4941.61,4813.69,4883.19,0
CAC40,20150702,4898.55,4903.51,4833.14,4835.56,0
CAC40,20150703,4836.46,4847.38,4780.55,4808.22,0
CAC40,20150706,4709.01,4775.49,4699.17,4711.54,0
CAC40,20150707,4712.63,4724.54,4602.16,4604.64,0
CAC40,20150708,4611.86,4671.87,4601.90,4639.02,0
CAC40,20150709,4667.21,4777.03,4655.45,4757.22,0
CAC40,20150710,4884.05,4922.63,4850.94,4903.07,0
CAC40,20150713,4985.14,5010.58,4959.62,4998.10,0
CAC40,20150714,4995.36,5032.47,4981.02,5032.47,0
CAC40,20150715,5027.91,5055.60,5017.83,5047.24,0
CAC40,20150716,5071.90,5147.40,5067.75,5121.50,0
CAC40,20150717,5138.98,5138.98,5110.48,5124.39,0
CAC40,20150720,5134.16,5184.74,5130.97,5142.49,0
CAC40,20150721,5153.85,5157.24,5093.77,5106.57,0
CAC40,20150722,5070.67,5101.22,5070.67,5082.57,0
CAC40,20150723,5122.85,5122.85,5067.82,5086.74,0
CAC40,20150724,5075.25,5120.64,5051.14,5057.36,0
CAC40,20150727,5030.89,5033.91,4924.29,4927.60,0
CAC40,20150728,4958.46,4997.15,4937.65,4977.32,0
CAC40,20150729,5006.01,5021.44,4970.28,5017.44,0
CAC40,20150730,5049.24,5061.53,5000.97,5046.42,0
CAC40,20150731,5063.47,5083.64,5035.38,5082.61,0
CAC40,20150803,5076.80,5125.71,5066.15,5120.52,0
CAC40,20150804,5114.63,5114.63,5075.88,5112.14,0
CAC40,20150805,5135.31,5202.76,5134.37,5196.73,0
CAC40,20150806,5186.55,5217.80,5177.95,5192.11,0
CAC40,20150807,5187.87,5190.35,5152.89,5154.75,0
CAC40,20150810,5179.84,5197.65,5133.63,5195.41,0
CAC40,20150811,5184.21,5184.21,5094.48,5099.03,0
CAC40,20150812,5051.49,5051.72,4907.33,4925.43,0
CAC40,20150813,5006.01,5023.94,4972.58,4986.85,0
CAC40,20150814,4987.06,5017.22,4940.73,4956.47,0
CAC40,20150817,4996.76,5025.71,4923.01,4984.83,0
CAC40,20150818,4972.79,5000.28,4956.12,4971.25,0
CAC40,20150819,4939.30,4949.12,4884.10,4884.10,0
CAC40,20150820,4867.45,4882.11,4774.87,4783.55,0
CAC40,20150821,4704.27,4775.72,4630.99,4630.99,0
CAC40,20150824,4465.48,4540.13,4230.49,4383.46,0
CAC40,20150825,4458.09,4596.24,4431.83,4564.86,0
CAC40,20150826,4499.23,4582.21,4430.75,4501.05,0
CAC40,20150827,4612.27,4686.67,4589.52,4658.18,0
CAC40,20150828,4663.98,4675.13,4624.11,4675.13,0
CAC40,20150831,4636.44,4657.76,4608.62,4652.95,0
CAC40,20150901,4586.33,4599.23,4499.49,4541.16,0
CAC40,20150902,4558.00,4599.76,4517.81,4554.92,0
CAC40,20150903,4601.75,4692.30,4589.98,4653.79,0
CAC40,20150904,4607.91,4611.05,4500.95,4523.08,0
CAC40,20150907,4563.85,4587.59,4524.99,4549.64,0
CAC40,20150908,4581.66,4655.08,4575.61,4598.26,0
CAC40,20150909,4707.41,4733.05,4662.88,4664.59,0
CAC40,20150910,4615.72,4665.83,4584.29,4596.53,0
CAC40,20150911,4618.59,4618.59,4545.14,4548.72,0
CAC40,20150914,4554.71,4596.75,4513.50,4518.15,0
CAC40,20150915,4529.96,4591.47,4502.21,4569.37,0
CAC40,20150916,4610.16,4653.34,4604.08,4645.84,0
CAC40,20150917,4660.17,4665.99,4629.20,4655.14,0
CAC40,20150918,4623.10,4623.10,4495.05,4535.85,0
CAC40,20150921,4526.28,4605.26,4526.28,4585.50,0
CAC40,20150922,4582.92,4582.92,4415.97,4428.51,0
CAC40,20150923,4427.79,4488.27,4400.42,4432.83,0
CAC40,20150924,4434.70,4455.05,4309.42,4347.24,0
CAC40,20150925,4423.12,4514.42,4413.71,4480.66,0
CAC40,20150928,4452.24,4470.07,4337.28,4357.05,0
CAC40,20150929,4297.19,4377.22,4278.57,4343.73,0
CAC40,20150930,4433.76,4474.72,4413.08,4455.29,0
CAC40,20151001,4518.03,4528.16,4408.12,4426.54,0
CAC40,20151002,4472.50,4518.39,4386.10,4458.88,0
CAC40,20151005,4543.07,4631.84,4528.02,4616.90,0
CAC40,20151006,4610.43,4684.79,4589.29,4660.64,0
CAC40,20151007,4680.85,4730.30,4654.28,4667.34,0
CAC40,20151008,4657.24,4687.19,4643.92,4675.91,0
CAC40,20151009,4723.28,4737.69,4693.25,4701.39,0
CAC40,20151012,4705.22,4713.41,4663.34,4688.70,0
CAC40,20151013,4667.51,4667.51,4598.11,4643.38,0
CAC40,20151014,4608.42,4660.43,4580.84,4609.03,0
CAC40,20151015,4651.77,4683.75,4622.45,4675.29,0
CAC40,20151016,4702.56,4718.91,4680.22,4702.79,0
CAC40,20151019,4697.52,4744.97,4684.52,4704.07,0
CAC40,20151020,4708.19,4711.95,4649.98,4673.81,0
CAC40,20151021,4691.37,4716.57,4642.94,4695.10,0
CAC40,20151022,4675.15,4816.99,4670.10,4802.18,0
CAC40,20151023,4840.32,4947.02,4840.32,4923.64,0
CAC40,20151026,4908.33,4924.24,4881.05,4897.13,0
CAC40,20151027,4885.09,4896.46,4847.07,4847.07,0
CAC40,20151028,4857.85,4907.84,4848.50,4890.58,0
CAC40,20151029,4892.88,4899.84,4841.39,4885.82,0
CAC40,20151030,4895.03,4909.16,4865.16,4897.66,0
CAC40,20151102,4848.86,4936.85,4845.12,4916.21,0
CAC40,20151103,4920.02,4936.18,4895.84,4936.18,0
CAC40,20151104,4951.19,4992.97,4942.08,4948.29,0
CAC40,20151105,4967.94,5008.06,4935.22,4980.04,0
CAC40,20151106,4964.88,5011.65,4930.92,4984.15,0
CAC40,20151109,4978.84,4983.77,4906.48,4911.17,0
CAC40,20151110,4937.37,4942.62,4873.45,4912.16,0
CAC40,20151111,4919.10,4973.90,4917.09,4952.51,0
CAC40,20151112,4941.26,4963.38,4851.04,4856.65,0
CAC40,20151113,4835.69,4860.53,4762.33,4807.95,0
CAC40,20151116,4756.92,4824.02,4751.03,4804.31,0
CAC40,20151117,4850.29,4937.31,4840.75,4937.31,0
CAC40,20151118,4901.12,4918.14,4879.36,4906.72,0
CAC40,20151119,4943.90,4962.45,4901.07,4915.10,0
CAC40,20151120,4929.34,4934.29,4879.49,4910.97,0
CAC40,20151123,4901.68,4905.33,4860.73,4889.12,0
CAC40,20151124,4863.81,4865.42,4773.98,4820.28,0
CAC40,20151125,4830.22,4911.83,4821.51,4892.99,0
CAC40,20151126,4884.35,4956.08,4883.27,4946.02,0
CAC40,20151127,4919.01,4961.45,4908.90,4930.14,0
CAC40,20151130,4917.15,4974.36,4901.29,4957.60,0
CAC40,20151201,4960.38,4968.31,4897.87,4914.53,0
CAC40,20151202,4925.24,4942.12,4886.86,4905.76,0
CAC40,20151203,4895.64,4975.71,4730.21,4730.21,0
CAC40,20151204,4715.69,4740.47,4670.99,4714.79,0
CAC40,20151207,4746.26,4803.48,4733.34,4756.41,0
CAC40,20151208,4750.42,4757.20,4656.56,4681.86,0
CAC40,20151209,4695.90,4714.64,4619.49,4637.45,0
CAC40,20151210,4617.54,4661.04,4596.34,4635.06,0
CAC40,20151211,4617.18,4630.27,4527.26,4549.56,0
CAC40,20151214,4572.37,4623.16,4472.65,4473.07,0
CAC40,20151215,4522.47,4626.76,4519.96,4614.40,0
CAC40,20151216,4621.47,4664.20,4593.92,4624.67,0
CAC40,20151217,4729.40,4748.76,4674.58,4677.54,0
CAC40,20151218,4629.56,4672.35,4601.39,4625.26,0
CAC40,20151221,4617.20,4666.49,4565.17,4565.17,0
CAC40,20151222,4596.55,4604.79,4526.86,4567.60,0
CAC40,20151223,4614.25,4686.09,4614.25,4674.53,0
CAC40,20151224,4670.86,4671.68,4651.44,4663.18,0
CAC40,20151228,4667.03,4669.84,4613.78,4617.95,0
CAC40,20151229,4648.79,4701.36,4648.79,4701.36,0
CAC40,20151230,4690.31,4708.32,4672.26,4677.14,0
CAC40,20151231,4657.02,4667.52,4637.06,4637.06,0
CAC40,20160104,4582.05,4586.11,4490.30,4522.45,0
CAC40,20160105,4573.54,4575.45,4481.70,4537.63,0
CAC40,20160106,4528.12,4533.24,4440.77,4480.47,0
CAC40,20160107,4346.10,4424.14,4323.55,4403.58,0
CAC40,20160108,4404.18,4437.02,4333.74,4333.76,0
CAC40,20160111,4333.21,4383.92,4312.74,4312.74,0
CAC40,20160112,4317.49,4429.04,4305.77,4378.75,0
CAC40,20160113,4426.76,4465.56,4374.02,4391.94,0
CAC40,20160114,4341.36,4352.15,4234.84,4312.89,0
CAC40,20160115,4305.44,4319.47,4178.87,4210.16,0
CAC40,20160118,4211.11,4254.46,4161.37,4189.57,0
CAC40,20160119,4267.77,4308.09,4251.53,4272.26,0
CAC40,20160120,4171.43,4178.82,4084.68,4124.95,0
CAC40,20160121,4129.70,4234.65,4113.58,4206.40,0
CAC40,20160122,4293.26,4371.65,4280.95,4336.69,0
CAC40,20160125,4365.15,4365.15,4291.86,4311.33,0
CAC40,20160126,4238.85,4366.65,4224.45,4356.81,0
CAC40,20160127,4349.79,4380.36,4319.36,4380.36,0
CAC40,20160128,4362.55,4403.68,4284.38,4322.16,0
CAC40,20160129,4386.85,4417.02,4340.19,4417.02,0
CAC40,20160201,4418.14,4422.61,4350.09,4392.33,0
CAC40,20160202,4368.92,4377.57,4253.51,4283.99,0
CAC40,20160203,4282.41,4294.41,4177.97,4226.96,0
CAC40,20160204,4276.17,4279.12,4176.48,4228.53,0
CAC40,20160205,4236.07,4269.47,4187.97,4200.67,0
CAC40,20160208,4217.45,4220.85,4046.64,4066.31,0
CAC40,20160209,4072.32,4091.88,3951.29,3997.54,0
CAC40,20160210,4027.08,4115.17,3987.49,4061.20,0
CAC40,20160211,3990.33,3998.10,3892.46,3896.71,0
CAC40,20160212,3949.16,3995.06,3922.71,3995.06,0
CAC40,20160215,4086.29,4144.81,4076.81,4115.25,0
CAC40,20160216,4157.30,4157.30,4086.83,4110.66,0
CAC40,20160217,4119.35,4238.33,4112.04,4233.47,0
CAC40,20160218,4255.07,4279.19,4212.59,4239.76,0
CAC40,20160219,4232.22,4255.57,4182.33,4223.04,0
CAC40,20160222,4260.62,4303.90,4259.26,4298.70,0
CAC40,20160223,4272.22,4301.92,4236.95,4238.42,0
CAC40,20160224,4232.48,4233.30,4117.49,4155.34,0
CAC40,20160225,4219.80,4268.66,4198.09,4248.45,0
CAC40,20160226,4297.87,4352.39,4292.52,4314.57,0
CAC40,20160229,4275.84,4354.62,4254.77,4353.55,0
CAC40,20160301,4343.93,4406.95,4328.80,4406.84,0
CAC40,20160302,4428.95,4448.30,4387.21,4424.89,0
CAC40,20160303,4430.90,4430.90,4392.58,4416.08,0
CAC40,20160304,4437.82,4480.21,4413.93,4456.62,0
CAC40,20160307,4436.37,4458.82,4406.90,4442.29,0
CAC40,20160308,4405.16,4437.17,4363.55,4404.02,0
CAC40,20160309,4405.95,4458.77,4397.98,4425.65,0
CAC40,20160310,4432.56,4580.97,4350.35,4350.35,0
CAC40,20160311,4430.24,4492.79,4421.95,4492.79,0
CAC40,20160314,4501.81,4535.91,4494.60,4506.59,0
CAC40,20160315,4474.26,4488.78,4450.16,4472.63,0
CAC40,20160316,4486.70,4502.96,4446.99,4463.00,0
CAC40,20160317,4501.68,4501.68,4367.44,4442.89,0
CAC40,20160318,4452.04,4472.73,4418.49,4462.51,0
CAC40,20160321,4425.84,4481.11,4415.93,4427.80,0
CAC40,20160322,4396.87,4431.97,4358.57,4431.97,0
CAC40,20160323,4442.59,4467.86,4396.10,4423.98,0
CAC40,20160324,4390.11,4392.81,4323.18,4329.68,0
CAC40,20160329,4354.03,4382.98,4333.33,4366.67,0
CAC40,20160330,4387.36,4466.50,4387.36,4444.42,0
CAC40,20160331,4416.84,4419.62,4378.77,4385.06,0
CAC40,20160401,4331.28,4331.28,4261.25,4322.24,0
CAC40,20160404,4311.19,4378.05,4280.90,4345.22,0
CAC40,20160405,4283.14,4285.73,4241.61,4250.28,0
CAC40,20160406,4262.30,4284.64,4243.02,4284.64,0
CAC40,20160407,4288.71,4316.78,4229.12,4245.91,0
CAC40,20160408,4259.10,4315.59,4258.51,4303.12,0
CAC40,20160411,4294.12,4338.81,4263.08,4312.63,0
CAC40,20160412,4317.50,4348.40,4269.10,4345.91,0
CAC40,20160413,4407.03,4490.31,4404.58,4490.31,0
CAC40,20160414,4487.22,4515.00,4473.35,4511.51,0
CAC40,20160415,4502.16,4508.16,4482.33,4495.17,0
CAC40,20160418,4425.25,4517.08,4424.76,4506.84,0
CAC40,20160419,4521.60,4577.87,4521.60,4566.48,0
CAC40,20160420,4546.35,4596.33,4538.43,4591.92,0
CAC40,20160421,4607.69,4607.69,4551.33,4582.83,0
CAC40,20160422,4578.82,4580.52,4553.59,4569.66,0
CAC40,20160425,4561.92,4574.46,4522.23,4546.12,0
CAC40,20160426,4557.00,4579.12,4515.40,4533.18,0
CAC40,20160427,4534.99,4564.70,4525.79,4559.40,0
CAC40,20160428,4520.25,4557.36,4482.37,4557.36,0
CAC40,20160429,4500.43,4508.83,4428.59,4428.96,0
CAC40,20160502,4455.76,4458.74,4429.47,4442.75,0
CAC40,20160503,4435.00,4437.65,4364.01,4371.98,0
CAC40,20160504,4365.20,4387.75,4317.28,4324.23,0
CAC40,20160505,4321.36,4346.20,4303.25,4319.46,0
CAC40,20160506,4290.41,4311.49,4245.17,4301.24,0
CAC40,20160509,4322.69,4363.56,4302.96,4322.81,0
CAC40,20160510,4338.05,4374.75,4320.29,4338.21,0
CAC40,20160511,4335.14,4340.58,4289.38,4316.67,0
CAC40,20160512,4295.74,4361.88,4266.96,4293.27,0
CAC40,20160513,4264.77,4335.15,4253.13,4319.99,0
CAC40,20160516,4290.65,4316.28,4269.63,4312.28,0
CAC40,20160517,4325.11,4362.33,4273.86,4297.57,0
CAC40,20160518,4275.39,4322.23,4267.71,4319.30,0
CAC40,20160519,4292.25,4314.23,4274.57,4282.54,0
CAC40,20160520,4323.62,4353.90,4312.50,4353.90,0
CAC40,20160523,4344.89,4357.08,4300.18,4325.10,0
CAC40,20160524,4309.30,4440.65,4300.42,4431.52,0
CAC40,20160525,4457.85,4490.17,4445.79,4481.64,0
CAC40,20160526,4478.17,4513.77,4477.02,4512.64,0
CAC40,20160527,4498.43,4518.22,4493.06,4514.74,0
CAC40,20160530,4507.09,4531.18,4503.52,4529.40,0
CAC40,20160531,4532.32,4536.63,4496.86,4505.62,0
CAC40,20160601,4502.84,4507.22,4458.30,4475.39,0
CAC40,20160602,4468.84,4486.56,4447.62,4466.00,0
CAC40,20160603,4477.83,4492.20,4396.63,4421.78,0
CAC40,20160606,4407.01,4435.63,4407.01,4423.38,0
CAC40,20160607,4443.41,4486.47,4441.21,4475.86,0
CAC40,20160608,4461.28,4473.29,4435.35,4448.73,0
CAC40,20160609,4437.02,4438.38,4394.52,4405.61,0
CAC40,20160610,4390.81,4390.81,4301.10,4306.72,0
CAC40,20160613,4253.98,4275.97,4227.02,4227.02,0
CAC40,20160614,4175.21,4199.54,4127.87,4130.33,0
CAC40,20160615,4172.73,4204.01,4162.02,4171.58,0
CAC40,20160616,4116.50,4162.37,4109.82,4153.01,0
CAC40,20160617,4179.44,4218.53,4170.17,4193.83,0
CAC40,20160620,4301.19,4351.21,4292.92,4340.76,0
CAC40,20160621,4335.89,4382.91,4321.46,4367.24,0
CAC40,20160622,4398.40,4416.98,4372.35,4380.03,0
CAC40,20160623,4404.68,4490.55,4392.52,4465.90,0
CAC40,20160624,4114.58,4198.90,4007.97,4106.73,0
CAC40,20160627,4073.72,4115.47,3955.98,3984.72,0
CAC40,20160628,4074.36,4119.08,4059.90,4088.85,0
CAC40,20160629,4139.37,4206.35,4128.08,4195.32,0
CAC40,20160630,4182.11,4249.53,4155.45,4237.48,0
CAC40,20160701,4261.09,4288.72,4218.10,4273.96,0
CAC40,20160704,4288.50,4288.66,4233.00,4234.86,0
CAC40,20160705,4203.97,4216.06,4148.79,4163.42,0
CAC40,20160706,4127.20,4153.41,4062.07,4085.30,0
CAC40,20160707,4115.50,4167.88,4110.24,4117.85,0
CAC40,20160708,4106.65,4210.34,4102.68,4190.68,0
CAC40,20160711,4221.22,4271.71,4207.37,4264.53,0
CAC40,20160712,4272.45,4342.67,4270.99,4331.38,0
CAC40,20160713,4329.53,4358.67,4321.90,4335.26,0
CAC40,20160714,4375.67,4402.23,4345.44,4385.52,0
CAC40,20160715,4367.43,4383.69,4342.77,4372.51,0
CAC40,20160718,4375.09,4408.13,4334.36,4357.74,0
CAC40,20160719,4345.40,4357.34,4304.20,4330.13,0
CAC40,20160720,4354.57,4391.57,4333.36,4379.76,0
CAC40,20160721,4382.16,4389.90,4340.94,4376.25,0
CAC40,20160722,4365.38,4398.27,4345.23,4381.10,0
CAC40,20160725,4381.63,4419.77,4368.06,4388.00,0
CAC40,20160726,4385.32,4405.66,4353.62,4394.77,0
CAC40,20160727,4424.60,4469.90,4424.60,4446.96,0
CAC40,20160728,4447.21,4474.67,4420.58,4420.58,0
CAC40,20160729,4429.49,4439.81,4408.38,4439.81,0
CAC40,20160801,4469.99,4477.44,4395.33,4409.17,0
CAC40,20160802,4395.86,4398.20,4320.89,4327.99,0
CAC40,20160803,4346.31,4347.94,4293.34,4321.08,0
CAC40,20160804,4344.18,4359.79,4324.81,4345.63,0
CAC40,20160805,4362.94,4416.66,4361.58,4410.55,0
CAC40,20160808,4419.02,4441.16,4407.32,4415.46,0
CAC40,20160809,4412.86,4468.34,4410.72,4468.07,0
CAC40,20160810,4443.38,4465.89,4440.56,4452.01,0
CAC40,20160811,4471.30,4503.95,4446.46,4503.95,0
CAC40,20160812,4501.06,4510.06,4490.45,4500.19,0
CAC40,20160815,4503.65,4528.00,4494.49,4497.86,0
CAC40,20160816,4476.07,4499.59,4457.25,4460.44,0
CAC40,20160817,4475.13,4478.58,4415.33,4417.68,0
CAC40,20160818,4441.20,4447.25,4413.06,4437.06,0
CAC40,20160819,4436.09,4436.87,4373.75,4400.52,0
CAC40,20160822,4397.39,4443.07,4377.70,4389.94,0
CAC40,20160823,4406.34,4436.15,4404.00,4421.45,0
CAC40,20160824,4389.17,4453.73,4382.71,4435.47,0
CAC40,20160825,4414.41,4415.31,4377.79,4406.61,0
CAC40,20160826,4399.46,4455.61,4387.71,4441.87,0
CAC40,20160829,4421.46,4437.82,4390.04,4424.25,0
CAC40,20160830,4439.68,4475.02,4438.42,4457.49,0
CAC40,20160831,4451.40,4486.84,4438.22,4438.22,0
CAC40,20160901,4448.03,4490.91,4421.97,4439.67,0
CAC40,20160902,4461.29,4548.04,4446.50,4542.17,0
CAC40,20160905,4550.82,4566.55,4541.08,4541.08,0
CAC40,20160906,4556.35,4557.95,4523.44,4529.96,0
CAC40,20160907,4536.95,4561.36,4520.21,4557.66,0
CAC40,20160908,4554.15,4569.62,4485.47,4542.20,0
CAC40,20160909,4531.42,4541.76,4481.09,4491.40,0
CAC40,20160912,4415.23,4439.80,4386.11,4439.80,0
CAC40,20160913,4463.26,4470.26,4387.18,4387.18,0
CAC40,20160914,4407.45,4407.48,4360.95,4370.26,0
CAC40,20160915,4357.29,4381.54,4341.04,4373.22,0
CAC40,20160916,4359.87,4380.13,4310.88,4332.45,0
CAC40,20160919,4368.85,4398.97,4368.85,4394.19,0
CAC40,20160920,4383.31,4419.90,4375.57,4388.60,0
CAC40,20160921,4439.70,4451.32,4408.30,4409.55,0
CAC40,20160922,4444.50,4528.89,4443.67,4509.82,0
CAC40,20160923,4494.50,4498.35,4476.86,4488.69,0
CAC40,20160926,4455.59,4455.59,4402.13,4407.85,0
CAC40,20160927,4436.00,4438.54,0.00,0.00,0
CAC40,20160928,4413.12,4460.83,4413.12,4432.45,0
CAC40,20160929,4490.55,4505.30,4434.09,4443.84,0
CAC40,20160930,4383.70,4463.39,4342.64,4448.26,0
CAC40,20161003,4447.54,4465.29,4432.77,4453.56,0
CAC40,20161004,4458.67,4521.36,4453.67,4503.09,0
CAC40,20161005,4462.72,4499.38,4441.25,4489.95,0
CAC40,20161006,4500.36,4511.88,4470.12,4480.10,0
CAC40,20161007,4480.53,4487.18,4444.32,4449.91,0
CAC40,20161010,4458.07,4500.46,4428.73,4497.26,0
CAC40,20161011,4490.83,4520.18,4469.30,4471.74,0
CAC40,20161012,4467.09,4474.20,4442.02,4452.24,0
CAC40,20161013,4421.81,4421.81,4370.65,4405.17,0
CAC40,20161014,4424.25,4497.65,4424.25,4470.92,0
CAC40,20161017,4452.72,4474.33,4439.91,4450.23,0
CAC40,20161018,4479.68,4515.61,4474.84,4508.91,0
CAC40,20161019,4513.49,4528.97,4495.94,4520.30,0
CAC40,20161020,4528.66,4552.24,4500.65,4540.12,0
CAC40,20161021,4546.65,4555.11,4517.80,4536.07,0
CAC40,20161024,4551.73,4579.28,4551.73,4552.58,0
CAC40,20161025,4560.46,4570.63,4528.03,4540.84,0
CAC40,20161026,4523.96,4539.07,4496.97,4534.59,0
CAC40,20161027,4526.34,4556.74,4502.55,4533.57,0
CAC40,20161028,4515.25,4554.35,4504.50,4548.58,0
CAC40,20161031,4525.60,4540.26,4500.19,4509.26,0
CAC40,20161101,4532.34,4537.99,4460.54,4470.28,0
CAC40,20161102,4437.99,4449.44,4414.67,4414.67,0
CAC40,20161103,4402.79,4456.21,4399.29,4411.68,0
CAC40,20161104,4403.16,4403.64,4355.81,4377.46,0
CAC40,20161107,4440.11,4464.23,4430.13,4461.21,0
CAC40,20161108,4454.58,4482.59,4446.39,4476.89,0
CAC40,20161109,4350.07,4543.48,4344.88,4543.48,0
CAC40,20161110,4577.01,4606.66,4502.74,4530.95,0
CAC40,20161111,4545.05,4553.79,4473.35,4489.27,0
CAC40,20161114,4528.05,4560.88,4492.03,4508.55,0
CAC40,20161115,4524.98,4541.46,4504.35,4536.53,0
CAC40,20161116,4545.89,4548.83,4479.94,4501.14,0
CAC40,20161117,4494.53,4527.77,4482.58,4527.77,0
CAC40,20161118,4547.05,4551.63,4496.74,4504.35,0
CAC40,20161121,4525.46,4540.90,4479.69,4529.58,0
CAC40,20161122,4561.70,4571.79,4541.58,4548.35,0
CAC40,20161123,4557.93,4559.21,4509.02,4529.21,0
CAC40,20161124,4537.27,4552.04,4520.49,4542.56,0
CAC40,20161125,4548.85,4555.47,4524.34,4550.27,0
CAC40,20161128,4544.09,4545.14,4499.20,4510.39,0
CAC40,20161129,4506.91,4551.46,4494.37,4551.46,0
CAC40,20161130,4548.98,4597.54,4547.58,4578.34,0
CAC40,20161201,4571.20,4582.83,4541.02,4560.61,0
CAC40,20161202,4527.84,4545.25,4490.15,4528.82,0
CAC40,20161205,4506.66,4605.56,4502.20,4574.32,0
CAC40,20161206,4576.87,4639.91,4558.90,4631.94,0
CAC40,20161207,4676.61,4694.72,4658.73,4694.72,0
CAC40,20161208,4709.89,4748.51,4688.58,4735.48,0
CAC40,20161209,4741.10,4780.52,4737.38,4764.07,0
CAC40,20161212,4769.84,4780.95,4754.15,4760.77,0
CAC40,20161213,4754.22,4807.88,4746.55,4803.87,0
CAC40,20161214,4778.96,4790.63,4765.01,4769.24,0
CAC40,20161215,4776.83,4830.30,4776.33,4819.23,0
CAC40,20161216,4815.35,4856.96,4804.70,4833.27,0
CAC40,20161219,4820.49,4829.55,4812.08,4822.77,0
CAC40,20161220,4822.30,4852.58,4815.23,4849.89,0
CAC40,20161221,4831.56,4851.52,4821.24,4833.82,0
CAC40,20161222,4825.15,4841.65,4818.81,4834.63,0
CAC40,20161223,4837.41,4844.80,4825.93,4839.68,0
CAC40,20161227,4840.17,4852.55,4837.00,4848.28,0
CAC40,20161228,4846.14,4851.51,4840.14,4848.01,0
CAC40,20161229,4824.75,4845.67,4822.29,4838.47,0
CAC40,20161230,4837.68,4864.29,4825.14,4862.31,0
CAC40,20170102,4845.96,4896.01,4843.93,4882.38,0
CAC40,20170103,4904.77,4929.60,4896.11,4899.33,0
CAC40,20170104,4912.95,4913.94,4879.23,4899.40,0
CAC40,20170105,4881.72,4905.84,4874.79,4900.64,0
CAC40,20170106,4885.19,4911.49,4874.42,4909.84,0
CAC40,20170109,4915.35,4915.60,4867.83,4887.57,0
CAC40,20170110,4894.45,4906.15,4868.50,4888.23,0
CAC40,20170111,4890.04,4916.48,4856.50,4888.71,0
CAC40,20170112,4873.01,4889.21,4857.44,4863.97,0
CAC40,20170113,4889.45,4924.58,4883.06,4922.49,0
CAC40,20170116,4883.43,4911.39,4879.80,4882.18,0
CAC40,20170117,4865.19,4889.16,4841.68,4859.69,0
CAC40,20170118,4874.31,4875.74,4827.11,4853.40,0
CAC40,20170119,4859.76,4867.58,4829.82,4841.14,0
CAC40,20170120,4834.30,4869.38,4818.88,4850.67,0
CAC40,20170123,4816.98,4842.97,4800.39,4821.41,0
CAC40,20170124,4831.95,4840.50,4816.73,4830.03,0
CAC40,20170125,4865.09,4890.16,4854.55,4877.67,0
CAC40,20170126,4891.86,4901.07,4855.76,4867.24,0
CAC40,20170127,4867.31,4867.31,4829.70,4839.98,0
CAC40,20170130,4823.50,4830.69,4771.98,4784.64,0
CAC40,20170131,4790.28,4812.55,4748.90,4748.90,0
CAC40,20170201,4786.85,4823.81,4782.61,4794.58,0
CAC40,20170202,4785.14,4812.31,4774.18,4794.29,0
CAC40,20170203,4808.46,4847.47,4803.91,4825.42,0
CAC40,20170206,4829.68,4841.17,4773.35,4778.08,0
CAC40,20170207,4762.17,4787.94,4750.03,4754.47,0
CAC40,20170208,4768.00,4790.29,4733.82,4766.60,0
CAC40,20170209,4793.01,4831.31,4769.86,4826.24,0
CAC40,20170210,4842.91,4845.45,4815.67,4828.32,0
CAC40,20170213,4844.22,4906.71,4841.60,4888.19,0
CAC40,20170214,4887.23,4897.89,4878.79,4895.82,0
CAC40,20170215,4910.57,4932.35,4902.16,4924.86,0
CAC40,20170216,4925.54,4928.25,4890.48,4899.46,0
CAC40,20170217,4896.97,4903.16,4843.01,4867.58,0
CAC40,20170220,4894.25,4901.41,4856.12,4864.99,0
CAC40,20170221,4865.89,4900.38,4849.91,4888.76,0
CAC40,20170222,4899.65,4922.64,4866.12,4895.88,0
CAC40,20170223,4900.80,4916.44,4880.49,4891.29,0
CAC40,20170224,4886.51,4890.11,4806.49,4845.24,0
CAC40,20170227,4864.13,4869.51,4833.77,4845.18,0
CAC40,20170228,4862.65,4865.95,4836.53,4858.58,0
CAC40,20170301,4897.48,4970.64,4897.48,4960.83,0
CAC40,20170302,4965.27,4972.88,4955.41,4963.80,0
CAC40,20170303,4953.30,5002.32,4948.72,4995.13,0
CAC40,20170306,4983.96,4985.24,4960.26,4972.19,0
CAC40,20170307,4974.79,4974.79,4941.26,4955.00,0
CAC40,20170308,4941.18,4976.04,4933.77,4960.48,0
CAC40,20170309,4950.53,4988.63,4939.87,4981.51,0
CAC40,20170310,4994.00,5022.10,4990.15,4993.32,0
CAC40,20170313,4997.88,5013.08,4986.06,4999.60,0
