Name,Date,Open,High,Low,Close,Volume
DAX,19950102,2084.10,2086.80,2075.90,2079.50,0
DAX,19950103,2078.10,2078.10,2070.30,2074.80,0
DAX,19950104,2078.20,2080.80,2071.20,2072.30,0
DAX,19950105,2072.80,2072.80,2060.70,2062.50,0
DAX,19950106,2050.70,2054.40,2045.50,2053.90,0
DAX,19950109,2063.10,2069.10,2055.70,2059.20,0
DAX,19950110,2047.00,2051.10,2044.50,2051.10,0
DAX,19950111,2052.40,2062.00,2052.40,2061.10,0
DAX,19950112,2069.40,2074.90,2069.10,2071.30,0
DAX,19950113,2063.90,2063.90,2052.00,2055.60,0
DAX,19950116,2077.80,2089.60,2077.80,2085.60,0
DAX,19950117,2086.80,2089.70,2083.50,2083.90,0
DAX,19950118,2080.50,2080.50,2075.40,2078.90,0
DAX,19950119,2089.10,2092.20,2087.90,2089.40,0
DAX,19950120,2063.40,2064.60,2054.50,2055.60,0
DAX,19950123,2033.50,2035.30,2024.20,2026.80,0
DAX,19950124,2029.20,2030.20,2018.00,2018.00,0
DAX,19950125,2020.10,2035.50,2017.80,2026.80,0
DAX,19950126,2031.20,2038.40,2029.60,2030.70,0
DAX,19950127,2025.60,2034.70,2024.80,2031.70,0
DAX,19950130,2026.50,2036.40,2026.30,2035.00,0
DAX,19950131,2027.80,2028.50,2017.90,2021.30,0
DAX,19950201,2037.70,2050.10,2037.70,2048.40,0
DAX,19950202,2044.80,2051.80,2043.60,2045.30,0
DAX,19950203,2055.60,2061.00,2055.10,2058.00,0
DAX,19950206,2084.90,2093.10,2084.90,2089.70,0
DAX,19950207,2094.60,2097.20,2090.90,2092.50,0
DAX,19950208,2083.80,2088.50,2082.40,2087.60,0
DAX,19950209,2086.10,2112.70,2086.10,2112.70,0
DAX,19950210,2123.70,2131.80,2122.10,2130.20,0
DAX,19950213,2122.50,2124.80,2115.00,2117.00,0
DAX,19950214,2129.30,2136.30,2129.30,2133.20,0
DAX,19950215,2124.90,2137.90,2123.30,2135.00,0
DAX,19950216,2145.70,2145.70,2114.70,2115.70,0
DAX,19950217,2108.20,2117.00,2106.70,2117.00,0
DAX,19950220,2107.00,2107.00,2098.30,2101.50,0
DAX,19950221,2095.60,2101.80,2093.90,2097.00,0
DAX,19950222,2091.80,2099.20,2089.70,2093.20,0
DAX,19950223,2104.20,2121.90,2104.20,2118.20,0
DAX,19950224,2119.90,2121.40,2114.80,2118.60,0
DAX,19950227,2107.10,2108.30,2099.20,2099.30,0
DAX,19950228,2106.10,2112.30,2101.80,2102.20,0
DAX,19950301,2114.50,2130.40,2114.50,2126.20,0
DAX,19950302,2121.60,2121.60,2116.60,2118.70,0
DAX,19950303,2109.00,2112.20,2106.50,2109.50,0
DAX,19950306,2092.30,2092.30,2065.80,2070.30,0
DAX,19950307,2067.50,2072.70,2053.30,2053.30,0
DAX,19950308,2027.50,2033.70,2017.00,2025.20,0
DAX,19950309,2039.60,2040.30,1999.50,2001.60,0
DAX,19950310,1983.80,1995.80,1975.90,1994.00,0
DAX,19950313,2009.80,2018.00,1999.50,1999.50,0
DAX,19950314,1996.90,2004.70,1987.10,2000.50,0
DAX,19950315,2013.20,2022.70,2010.10,2010.10,0
DAX,19950316,2010.90,2013.70,1992.10,1992.10,0
DAX,19950317,2007.30,2013.20,2001.70,2005.20,0
DAX,19950320,1993.50,1996.90,1985.60,1991.80,0
DAX,19950321,2001.50,2007.10,1981.50,1983.00,0
DAX,19950322,1985.90,1986.90,1979.20,1984.10,0
DAX,19950323,1978.30,1980.10,1936.10,1936.10,0
DAX,19950324,1924.60,1927.10,1914.30,1925.40,0
DAX,19950327,1941.70,1949.40,1940.30,1946.90,0
DAX,19950328,1939.90,1940.00,1905.60,1911.00,0
DAX,19950329,1897.80,1920.90,1893.60,1918.90,0
DAX,19950330,1925.00,1926.00,1905.20,1918.50,0
DAX,19950331,1941.20,1942.60,1921.40,1922.60,0
DAX,19950403,1915.10,1930.80,1914.10,1930.80,0
DAX,19950404,1949.60,1966.90,1949.60,1965.00,0
DAX,19950405,1960.70,1969.90,1956.10,1969.80,0
DAX,19950406,1963.60,1981.30,1963.20,1979.30,0
DAX,19950407,1982.20,1987.70,1978.80,1981.90,0
DAX,19950410,1987.70,1989.20,1966.60,1972.30,0
DAX,19950411,1985.40,1994.00,1985.10,1993.70,0
DAX,19950412,1984.70,1990.00,1983.10,1988.50,0
DAX,19950413,1985.30,1988.10,1983.20,1986.50,0
DAX,19950418,1968.40,1970.70,1965.30,1965.30,0
DAX,19950419,1948.40,1954.90,1943.10,1951.00,0
DAX,19950420,1948.70,1959.30,1948.60,1956.00,0
DAX,19950421,1970.60,1980.50,1970.60,1976.60,0
DAX,19950424,1982.70,1987.70,1976.10,1976.20,0
DAX,19950425,1992.90,2011.40,1992.90,2007.00,0
DAX,19950426,2020.90,2030.70,2016.90,2029.50,0
DAX,19950427,2022.40,2026.10,2014.80,2026.10,0
DAX,19950428,2025.90,2026.70,2013.80,2015.90,0
DAX,19950502,2029.60,2040.90,2029.60,2035.90,0
DAX,19950503,2032.50,2032.50,2022.10,2028.70,0
DAX,19950504,2051.10,2052.10,2041.10,2044.80,0
DAX,19950505,2033.50,2033.50,2023.30,2023.80,0
DAX,19950508,2020.60,2025.00,2015.90,2024.80,0
DAX,19950509,2038.70,2041.90,2034.40,2039.60,0
DAX,19950510,2057.40,2064.00,2055.30,2059.10,0
DAX,19950511,2062.10,2079.40,2059.10,2078.10,0
DAX,19950512,2100.60,2101.80,2090.40,2096.90,0
DAX,19950515,2094.30,2097.70,2086.30,2086.70,0
DAX,19950516,2088.70,2110.60,2088.70,2110.50,0
DAX,19950517,2103.20,2107.60,2093.60,2095.30,0
DAX,19950518,2092.50,2095.10,2086.40,2087.10,0
DAX,19950519,2072.30,2077.70,2062.80,2065.10,0
DAX,19950522,2074.40,2083.40,2070.90,2083.20,0
DAX,19950523,2085.20,2087.00,2079.70,2080.40,0
DAX,19950524,2105.10,2110.70,2104.30,2105.10,0
DAX,19950526,2086.00,2086.00,2071.50,2077.90,0
DAX,19950529,2069.00,2071.00,2062.70,2067.40,0
DAX,19950530,2074.30,2093.40,2074.30,2087.70,0
DAX,19950531,2087.60,2092.20,2084.70,2092.20,0
DAX,19950601,2118.30,2134.40,2118.30,2126.40,0
DAX,19950602,2129.10,2136.30,2129.10,2136.30,0
DAX,19950606,2147.90,2154.10,2143.50,2146.40,0
DAX,19950607,2142.10,2144.70,2136.00,2141.10,0
DAX,19950608,2141.80,2144.10,2127.00,2131.00,0
DAX,19950609,2125.70,2125.70,2119.00,2121.80,0
DAX,19950612,2106.40,2119.60,2104.50,2119.60,0
DAX,19950613,2125.50,2130.90,2113.60,2115.10,0
DAX,19950614,2130.20,2135.70,2127.90,2128.00,0
DAX,19950616,2128.60,2128.60,2118.20,2120.00,0
DAX,19950619,2128.50,2143.30,2128.50,2141.80,0
DAX,19950620,2151.00,2155.80,2135.80,2136.70,0
DAX,19950621,2144.80,2152.90,2143.70,2143.70,0
DAX,19950622,2143.40,2149.90,2134.50,2148.70,0
DAX,19950623,2150.70,2152.90,2134.40,2139.80,0
DAX,19950626,2141.50,2143.40,2128.10,2130.40,0
DAX,19950627,2124.70,2126.70,2119.30,2122.40,0
DAX,19950628,2104.60,2104.60,2092.20,2096.40,0
DAX,19950629,2100.40,2110.20,2100.00,2106.60,0
DAX,19950630,2091.40,2091.40,2081.70,2083.90,0
DAX,19950703,2083.40,2092.30,2081.80,2092.30,0
DAX,19950704,2106.60,2115.40,2106.60,2114.90,0
DAX,19950705,2114.00,2114.00,2104.10,2105.70,0
DAX,19950706,2117.10,2122.10,2114.30,2121.20,0
DAX,19950707,2141.80,2156.20,2139.40,2153.40,0
DAX,19950710,2173.90,2181.10,2172.80,2179.30,0
DAX,19950711,2176.80,2202.30,2173.50,2201.90,0
DAX,19950712,2194.40,2200.90,2186.80,2199.10,0
DAX,19950713,2206.80,2217.40,2206.20,2214.40,0
DAX,19950714,2193.20,2196.60,2184.20,2184.90,0
DAX,19950717,2200.00,2205.20,2196.30,2199.60,0
DAX,19950718,2196.20,2197.70,2191.90,2193.00,0
DAX,19950719,2178.90,2183.50,2178.00,2182.90,0
DAX,19950720,2181.20,2184.50,2173.10,2184.30,0
DAX,19950721,2193.30,2203.70,2193.30,2201.90,0
DAX,19950724,2204.20,2206.60,2196.80,2197.50,0
DAX,19950725,2227.60,2234.20,2226.20,2229.10,0
DAX,19950726,2236.20,2243.60,2236.20,2240.80,0
DAX,19950727,2233.50,2239.30,2231.00,2234.40,0
DAX,19950728,2235.60,2241.90,2223.40,2230.00,0
DAX,19950731,2219.00,2219.00,2212.00,2218.70,0
DAX,19950801,2222.30,2226.10,2220.00,2220.00,0
DAX,19950802,2232.20,2241.80,2232.20,2241.50,0
DAX,19950803,2245.60,2245.90,2234.70,2240.70,0
DAX,19950804,2238.50,2241.40,2235.80,2236.00,0
DAX,19950807,2240.90,2249.80,2240.90,2243.40,0
DAX,19950808,2246.20,2246.80,2234.90,2237.70,0
DAX,19950809,2234.20,2234.20,2218.60,2221.80,0
DAX,19950810,2224.70,2225.70,2214.90,2218.70,0
DAX,19950811,2228.00,2235.70,2223.90,2232.90,0
DAX,19950814,2222.40,2222.40,2208.20,2208.50,0
DAX,19950815,2219.90,2231.50,2219.90,2227.60,0
DAX,19950816,2247.30,2254.90,2247.30,2252.90,0
DAX,19950817,2252.40,2260.40,2252.40,2260.30,0
DAX,19950818,2262.90,2264.40,2255.40,2263.50,0
DAX,19950821,2263.00,2277.40,2263.00,2269.40,0
DAX,19950822,2265.70,2269.00,2256.90,2258.90,0
DAX,19950823,2263.80,2264.20,2258.10,2263.40,0
DAX,19950824,2264.30,2264.70,2254.30,2262.90,0
DAX,19950825,2258.10,2258.10,2246.30,2249.30,0
DAX,19950828,2248.40,2248.40,2241.10,2241.10,0
DAX,19950829,2237.40,2237.40,2230.80,2231.60,0
DAX,19950830,2241.30,2244.20,2239.80,2240.10,0
DAX,19950831,2242.70,2243.90,2238.30,2238.30,0
DAX,19950901,2233.40,2237.90,2232.40,2233.10,0
DAX,19950904,2239.50,2252.40,2239.50,2250.30,0
DAX,19950905,2262.80,2267.00,2261.00,2264.80,0
DAX,19950906,2272.80,2282.00,2272.80,2277.10,0
DAX,19950907,2266.10,2268.00,2255.50,2268.00,0
DAX,19950908,2276.10,2278.90,2271.40,2273.70,0
DAX,19950911,2264.50,2264.50,2256.60,2260.80,0
DAX,19950912,2269.30,2274.70,2269.30,2270.80,0
DAX,19950913,2275.40,2295.50,2275.30,2295.50,0
DAX,19950914,2299.30,2308.00,2298.30,2300.00,0
DAX,19950915,2302.30,2320.20,2302.30,2317.00,0
DAX,19950918,2306.20,2306.20,2295.40,2301.40,0
DAX,19950919,2310.20,2315.30,2309.10,2311.30,0
DAX,19950920,2316.60,2317.50,2302.20,2305.10,0
DAX,19950921,2285.90,2291.00,2279.40,2287.30,0
DAX,19950922,2268.10,2268.10,2209.30,2211.80,0
DAX,19950925,2209.00,2210.60,2202.10,2208.40,0
DAX,19950926,2216.70,2231.90,2216.70,2227.90,0
DAX,19950927,2215.80,2215.80,2181.20,2185.40,0
DAX,19950928,2190.20,2190.70,2163.20,2171.90,0
DAX,19950929,2177.10,2190.40,2177.10,2187.00,0
DAX,19951002,2205.40,2207.70,2200.90,2205.00,0
DAX,19951004,2210.20,2219.30,2210.20,2217.80,0
DAX,19951005,2212.80,2214.50,2207.00,2208.80,0
DAX,19951006,2175.90,2177.50,2171.40,2171.40,0
DAX,19951009,2162.80,2176.00,2158.70,2168.70,0
DAX,19951010,2168.90,2168.90,2137.30,2138.80,0
DAX,19951011,2139.70,2148.70,2138.40,2145.30,0
DAX,19951012,2161.80,2166.20,2157.10,2158.10,0
DAX,19951013,2176.00,2197.10,2176.00,2196.80,0
DAX,19951016,2200.00,2201.00,2191.40,2191.40,0
DAX,19951017,2202.20,2207.50,2197.20,2201.00,0
DAX,19951018,2191.80,2194.80,2176.40,2194.80,0
DAX,19951019,2192.80,2192.80,2178.30,2179.60,0
DAX,19951020,2181.20,2183.20,2166.90,2170.50,0
DAX,19951023,2137.10,2137.10,2107.40,2107.40,0
DAX,19951024,2122.00,2129.20,2108.80,2113.60,0
DAX,19951025,2128.40,2150.10,2128.40,2150.10,0
DAX,19951026,2139.90,2141.90,2130.30,2131.80,0
DAX,19951027,2126.70,2132.90,2096.10,2096.10,0
DAX,19951030,2136.00,2147.50,2136.00,2146.10,0
DAX,19951031,2160.50,2168.60,2155.40,2167.90,0
DAX,19951101,2157.90,2166.50,2154.30,2163.20,0
DAX,19951102,2177.10,2188.30,2177.10,2184.00,0
DAX,19951103,2192.70,2193.80,2180.30,2181.70,0
DAX,19951106,2175.50,2175.50,2161.50,2165.80,0
DAX,19951107,2163.30,2180.70,2155.30,2175.00,0
DAX,19951108,2182.80,2182.80,2168.80,2172.30,0
DAX,19951109,2195.30,2198.00,2191.90,2192.80,0
DAX,19951110,2175.80,2176.20,2164.30,2172.20,0
DAX,19951113,2171.50,2180.90,2171.50,2175.30,0
DAX,19951114,2188.40,2197.40,2186.00,2197.30,0
DAX,19951115,2188.40,2192.20,2183.70,2186.20,0
DAX,19951116,2202.30,2207.00,2200.70,2200.70,0
DAX,19951117,2200.90,2208.40,2197.50,2201.30,0
DAX,19951120,2215.60,2220.50,2213.80,2218.30,0
DAX,19951121,2203.90,2207.10,2198.30,2205.10,0
DAX,19951122,2210.30,2211.10,2192.00,2193.30,0
DAX,19951123,2202.00,2203.20,2191.40,2192.30,0
DAX,19951124,2194.10,2200.30,2194.10,2198.20,0
DAX,19951127,2222.20,2238.80,2222.20,2238.10,0
DAX,19951128,2249.00,2249.80,2239.30,2241.50,0
DAX,19951129,2247.00,2256.00,2242.20,2245.60,0
DAX,19951130,2246.70,2246.70,2234.80,2242.80,0
DAX,19951201,2259.40,2263.30,2253.20,2260.70,0
DAX,19951204,2253.30,2256.80,2249.60,2252.20,0
DAX,19951205,2262.90,2265.90,2258.20,2261.00,0
DAX,19951206,2261.00,2268.00,2257.40,2267.20,0
DAX,19951207,2276.80,2277.00,2263.10,2263.10,0
DAX,19951208,2259.50,2267.60,2257.90,2267.50,0
DAX,19951211,2273.50,2279.40,2272.80,2272.80,0
DAX,19951212,2281.30,2289.90,2281.30,2289.80,0
DAX,19951213,2281.30,2281.30,2274.70,2277.80,0
DAX,19951214,2282.80,2289.20,2282.80,2285.90,0
DAX,19951215,2279.00,2284.80,2276.10,2284.80,0
DAX,19951218,2270.90,2270.90,2257.40,2266.20,0
DAX,19951219,2248.30,2248.80,2232.50,2235.60,0
DAX,19951220,2251.50,2264.70,2251.50,2262.10,0
DAX,19951221,2260.90,2265.80,2259.70,2265.10,0
DAX,19951222,2275.60,2281.60,2274.70,2280.40,0
DAX,19951227,2278.60,2280.80,2277.50,2280.40,0
DAX,19951228,2277.70,2279.70,2274.00,2275.80,0
DAX,19951229,2272.90,2272.90,2253.90,2253.90,0
DAX,19960102,2271.40,2285.00,2271.40,2284.90,0
DAX,19960103,2312.30,2330.00,2312.30,2329.20,0
DAX,19960104,2326.20,2331.60,2322.30,2324.30,0
DAX,19960105,2321.60,2331.90,2318.50,2331.90,0
DAX,19960108,2327.90,2328.10,2315.50,2323.50,0
DAX,19960109,2335.60,2353.20,2335.60,2349.70,0
DAX,19960110,2351.30,2353.40,2337.30,2338.20,0
DAX,19960111,2331.80,2331.80,2326.30,2329.50,0
DAX,19960112,2348.10,2359.40,2346.10,2356.50,0
DAX,19960115,2363.30,2368.70,2357.10,2359.10,0
DAX,19960116,2374.00,2378.10,2369.10,2376.90,0
DAX,19960117,2377.20,2377.80,2365.80,2371.30,0
DAX,19960118,2370.20,2381.90,2370.20,2380.90,0
DAX,19960119,2389.10,2404.40,2389.10,2398.80,0
DAX,19960122,2392.30,2399.70,2387.30,2390.50,0
DAX,19960123,2390.00,2390.00,2380.50,2384.50,0
DAX,19960124,2411.00,2423.90,2411.00,2423.10,0
DAX,19960125,2432.50,2448.80,2431.70,2443.70,0
DAX,19960126,2437.20,2440.80,2425.60,2432.90,0
DAX,19960129,2447.70,2450.10,2435.10,2446.10,0
DAX,19960130,2442.30,2445.50,2429.70,2435.80,0
DAX,19960131,2462.40,2471.70,2462.40,2470.10,0
DAX,19960201,2472.00,2473.20,2459.30,2459.30,0
DAX,19960202,2462.40,2463.10,2451.70,2452.10,0
DAX,19960205,2432.10,2432.10,2415.80,2419.00,0
DAX,19960206,2424.60,2433.20,2419.70,2428.30,0
DAX,19960207,2442.40,2448.20,2442.40,2446.20,0
DAX,19960208,2439.00,2441.20,2425.00,2430.20,0
DAX,19960209,2418.70,2418.70,2400.70,2411.90,0
DAX,19960212,2420.80,2432.40,2420.80,2428.10,0
DAX,19960213,2435.50,2438.50,2430.60,2433.90,0
DAX,19960214,2428.50,2431.80,2423.40,2427.10,0
DAX,19960215,2417.70,2423.00,2412.70,2423.00,0
DAX,19960216,2425.00,2432.00,2425.00,2429.00,0
DAX,19960219,2404.80,2404.80,2395.70,2398.60,0
DAX,19960220,2397.40,2397.60,2381.10,2382.60,0
DAX,19960221,2379.00,2391.10,2375.10,2391.10,0
DAX,19960222,2408.70,2423.90,2408.70,2412.00,0
DAX,19960223,2437.60,2453.10,2437.60,2451.80,0
DAX,19960226,2448.30,2454.20,2441.00,2442.30,0
DAX,19960227,2436.80,2446.70,2434.40,2444.90,0
DAX,19960228,2463.30,2473.90,2463.30,2472.50,0
DAX,19960229,2480.90,2484.50,2471.90,2473.60,0
DAX,19960301,2494.70,2501.20,2487.00,2501.20,0
DAX,19960304,2494.10,2497.10,2485.80,2488.00,0
DAX,19960305,2496.50,2502.40,2478.10,2479.00,0
DAX,19960306,2474.20,2474.20,2464.30,2466.00,0
DAX,19960307,2479.50,2483.80,2478.00,2480.90,0
DAX,19960308,2478.50,2478.50,2457.30,2469.10,0
DAX,19960311,2427.50,2427.50,2400.50,2407.80,0
DAX,19960312,2426.80,2445.80,2426.80,2436.00,0
DAX,19960313,2430.00,2432.10,2417.10,2426.40,0
DAX,19960314,2430.30,2432.70,2424.10,2426.50,0
DAX,19960315,2450.50,2471.00,2450.50,2458.20,0
DAX,19960318,2452.30,2467.60,2449.80,2463.20,0
DAX,19960319,2488.50,2494.30,2486.70,2493.30,0
DAX,19960320,2485.40,2490.50,2478.70,2485.90,0
DAX,19960321,2498.30,2504.20,2492.20,2504.10,0
DAX,19960322,2498.90,2509.40,2496.00,2504.20,0
DAX,19960325,2504.70,2510.30,2500.60,2510.30,0
DAX,19960326,2508.30,2513.50,2496.60,2499.30,0
DAX,19960327,2519.70,2526.30,2516.30,2525.40,0
DAX,19960328,2523.50,2523.50,2503.50,2508.40,0
DAX,19960329,2500.70,2500.70,2476.60,2485.90,0
DAX,19960401,2495.40,2499.40,2487.40,2489.10,0
DAX,19960402,2491.50,2501.20,2490.90,2501.20,0
DAX,19960403,2499.70,2500.80,2490.60,2494.40,0
DAX,19960404,2494.40,2503.40,2492.60,2495.20,0
DAX,19960409,2490.00,2503.60,2487.10,2503.30,0
DAX,19960410,2515.20,2530.80,2515.20,2530.00,0
DAX,19960411,2517.40,2517.40,2506.00,2509.70,0
DAX,19960412,2513.70,2522.00,2507.50,2511.80,0
DAX,19960415,2536.20,2547.70,2536.20,2545.90,0
DAX,19960416,2541.30,2542.20,2532.70,2538.40,0
DAX,19960417,2533.30,2539.60,2522.50,2524.20,0
DAX,19960418,2522.10,2536.30,2519.10,2535.50,0
DAX,19960419,2522.40,2538.60,2521.50,2536.50,0
DAX,19960422,2550.20,2551.40,2542.50,2545.90,0
DAX,19960423,2551.90,2554.80,2547.50,2550.20,0
DAX,19960424,2547.60,2547.60,2534.40,2538.30,0
DAX,19960425,2535.70,2535.70,2526.30,2532.40,0
DAX,19960426,2532.80,2538.20,2529.90,2537.20,0
DAX,19960429,2527.10,2527.10,2506.50,2506.50,0
DAX,19960430,2497.20,2505.30,2487.30,2505.30,0
DAX,19960502,2490.70,2503.80,2487.10,2502.30,0
DAX,19960503,2466.30,2466.40,2455.20,2457.50,0
DAX,19960506,2464.50,2474.60,2464.50,2468.90,0
DAX,19960507,2469.20,2481.40,2469.20,2479.50,0
DAX,19960508,2483.90,2484.10,2472.60,2472.60,0
DAX,19960509,2475.20,2476.00,2466.60,2469.40,0
DAX,19960510,2466.90,2468.90,2463.00,2468.80,0
DAX,19960513,2495.10,2500.40,2492.50,2496.20,0
DAX,19960514,2511.10,2520.60,2509.40,2519.70,0
DAX,19960515,2529.10,2533.80,2524.20,2528.80,0
DAX,19960517,2529.90,2540.00,2526.00,2537.30,0
DAX,19960520,2550.30,2553.10,2546.10,2550.00,0
DAX,19960521,2556.30,2571.80,2551.40,2570.80,0
DAX,19960522,2556.30,2557.10,2547.90,2556.90,0
DAX,19960523,2564.10,2567.50,2557.40,2560.50,0
DAX,19960524,2540.50,2543.30,2536.60,2542.20,0
DAX,19960528,2553.40,2560.90,2553.40,2558.30,0
DAX,19960529,2558.20,2558.20,2550.70,2551.50,0
DAX,19960530,2535.10,2537.30,2527.00,2527.30,0
DAX,19960531,2536.90,2544.90,2536.90,2542.80,0
DAX,19960603,2526.80,2534.80,2524.40,2532.80,0
DAX,19960604,2537.10,2547.00,2537.10,2546.30,0
DAX,19960605,2548.70,2555.20,2548.00,2552.50,0
DAX,19960607,2558.30,2563.60,2555.80,2557.40,0
DAX,19960610,2558.60,2559.40,2553.70,2558.80,0
DAX,19960611,2550.40,2550.40,2545.40,2546.40,0
DAX,19960612,2558.70,2571.60,2558.70,2568.90,0
DAX,19960613,2562.90,2567.90,2559.60,2567.50,0
DAX,19960614,2563.40,2563.40,2547.80,2548.80,0
DAX,19960617,2551.20,2551.90,2544.80,2546.10,0
DAX,19960618,2553.90,2553.90,2548.70,2549.30,0
DAX,19960619,2553.40,2556.30,2551.70,2554.30,0
DAX,19960620,2548.90,2549.70,2537.50,2539.70,0
DAX,19960621,2537.90,2544.50,2535.00,2540.10,0
DAX,19960624,2550.80,2566.40,2550.80,2566.40,0
DAX,19960625,2569.60,2576.10,2567.60,2573.00,0
DAX,19960626,2576.10,2578.70,2573.70,2573.70,0
DAX,19960627,2568.80,2569.50,2551.60,2551.60,0
DAX,19960628,2554.60,2562.00,2554.60,2561.40,0
DAX,19960701,2563.90,2567.60,2553.90,2564.00,0
DAX,19960702,2574.80,2581.70,2569.10,2572.30,0
DAX,19960703,2568.50,2571.10,2565.70,2569.00,0
DAX,19960704,2570.50,2578.10,2569.10,2577.40,0
DAX,19960705,2579.60,2583.70,2578.40,2583.50,0
DAX,19960708,2555.70,2555.70,2546.10,2551.00,0
DAX,19960709,2554.50,2564.20,2554.50,2562.20,0
DAX,19960710,2566.40,2574.10,2565.50,2567.40,0
DAX,19960711,2574.00,2582.40,2570.80,2575.50,0
DAX,19960712,2561.70,2561.70,2544.20,2544.30,0
DAX,19960715,2548.40,2554.30,2539.30,2550.50,0
DAX,19960716,2509.10,2509.10,2468.10,2469.80,0
DAX,19960717,2494.70,2503.10,2494.70,2497.20,0
DAX,19960718,2512.00,2515.20,2505.60,2506.20,0
DAX,19960719,2518.30,2525.90,2516.90,2520.20,0
DAX,19960722,2504.40,2504.40,2479.30,2482.40,0
DAX,19960723,2481.40,2481.40,2473.60,2475.10,0
DAX,19960724,2462.70,2465.90,2446.20,2447.80,0
DAX,19960725,2468.30,2473.90,2462.30,2465.00,0
DAX,19960726,2466.00,2475.00,2466.00,2470.30,0
DAX,19960729,2472.10,2482.00,2472.10,2477.80,0
DAX,19960730,2467.20,2467.20,2453.80,2457.50,0
DAX,19960731,2471.20,2474.80,2468.40,2473.40,0
DAX,19960801,2492.20,2495.50,2491.00,2494.50,0
DAX,19960802,2506.70,2511.00,2505.50,2508.70,0
DAX,19960805,2517.20,2524.90,2517.20,2520.90,0
DAX,19960806,2515.20,2523.70,2515.20,2522.50,0
DAX,19960807,2529.50,2534.10,2528.30,2531.90,0
DAX,19960808,2539.80,2543.60,2536.90,2538.20,0
DAX,19960809,2527.30,2530.40,2521.80,2525.60,0
DAX,19960812,2530.80,2530.80,2525.80,2528.20,0
DAX,19960813,2536.00,2540.20,2535.80,2539.40,0
DAX,19960814,2543.60,2543.80,2536.70,2538.70,0
DAX,19960815,2546.00,2552.70,2546.00,2546.30,0
DAX,19960816,2549.30,2552.90,2546.70,2548.40,0
DAX,19960819,2562.50,2567.20,2559.20,2562.80,0
DAX,19960820,2561.10,2565.40,2558.90,2560.30,0
DAX,19960821,2546.70,2547.40,2541.80,2543.70,0
DAX,19960822,2542.50,2557.30,2536.00,2557.30,0
DAX,19960823,2556.90,2561.80,2555.10,2555.20,0
DAX,19960826,2550.30,2554.10,2547.50,2552.40,0
DAX,19960827,2550.50,2560.00,2550.50,2558.80,0
DAX,19960828,2568.20,2571.70,2563.00,2563.20,0
DAX,19960829,2557.10,2562.10,2555.70,2560.10,0
DAX,19960830,2546.10,2546.10,2536.60,2543.80,0
DAX,19960902,2540.80,2540.80,2530.00,2532.90,0
DAX,19960903,2524.10,2526.20,2510.30,2510.80,0
DAX,19960904,2531.00,2536.20,2527.70,2532.40,0
DAX,19960905,2531.10,2533.70,2526.20,2529.50,0
DAX,19960906,2525.70,2525.70,2515.10,2517.00,0
DAX,19960909,2543.90,2548.90,2534.90,2548.70,0
DAX,19960910,2561.30,2571.10,2561.30,2570.10,0
DAX,19960911,2567.30,2570.90,2565.60,2566.80,0
DAX,19960912,2568.50,2573.60,2565.00,2570.30,0
DAX,19960913,2585.00,2597.70,2585.00,2596.00,0
DAX,19960916,2611.40,2630.30,2611.40,2629.90,0
DAX,19960917,2628.70,2629.90,2622.70,2628.10,0
DAX,19960918,2626.30,2631.00,2624.90,2625.70,0
DAX,19960919,2621.30,2624.90,2620.90,2624.40,0
DAX,19960920,2639.90,2650.50,2637.70,2646.10,0
DAX,19960923,2633.30,2633.30,2625.60,2627.00,0
DAX,19960924,2633.80,2639.30,2633.20,2638.50,0
DAX,19960925,2650.80,2659.70,2649.40,2659.00,0
DAX,19960926,2661.90,2672.60,2661.90,2666.60,0
DAX,19960927,2664.90,2664.90,2655.40,2659.00,0
DAX,19960930,2655.20,2655.20,2643.50,2651.90,0
DAX,19961001,2647.50,2658.50,2645.90,2655.70,0
DAX,19961002,2668.90,2680.10,2668.60,2676.50,0
DAX,19961004,2676.10,2683.30,2675.20,2683.30,0
DAX,19961007,2698.00,2704.70,2696.50,2702.60,0
DAX,19961008,2696.10,2700.30,2689.60,2691.20,0
DAX,19961009,2695.70,2703.40,2692.70,2703.00,0
DAX,19961010,2690.30,2690.30,2679.30,2680.80,0
DAX,19961011,2686.30,2688.30,2683.30,2686.00,0
DAX,19961014,2690.00,2695.80,2689.60,2693.90,0
DAX,19961015,2711.20,2728.60,2711.20,2728.50,0
DAX,19961016,2727.50,2727.50,2712.40,2714.90,0
DAX,19961017,2717.50,2719.90,2713.10,2716.30,0
DAX,19961018,2732.30,2739.30,2728.60,2734.80,0
DAX,19961021,2734.20,2735.10,2724.20,2729.00,0
DAX,19961022,2722.10,2723.50,2716.60,2719.00,0
DAX,19961023,2724.60,2725.70,2696.90,2699.50,0
DAX,19961024,2685.70,2685.70,2674.30,2678.40,0
DAX,19961025,2663.30,2678.90,2663.30,2674.20,0
DAX,19961028,2694.70,2709.60,2694.70,2703.80,0
DAX,19961029,2689.50,2689.50,2672.30,2673.60,0
DAX,19961030,2684.30,2691.60,2678.70,2678.70,0
DAX,19961031,2678.00,2678.60,2656.50,2659.30,0
DAX,19961101,2675.40,2685.70,2675.40,2683.30,0
DAX,19961104,2673.80,2673.80,2665.90,2671.90,0
DAX,19961105,2674.80,2691.30,2674.80,2691.30,0
DAX,19961106,2719.20,2732.60,2719.20,2729.20,0
DAX,19961107,2727.10,2731.60,2704.00,2713.20,0
DAX,19961108,2736.10,2744.90,2736.10,2739.80,0
DAX,19961111,2736.00,2737.10,2728.30,2728.30,0
DAX,19961112,2730.00,2734.40,2726.30,2734.30,0
DAX,19961113,2761.80,2776.00,2761.80,2773.40,0
DAX,19961114,2785.10,2785.20,2767.90,2777.00,0
DAX,19961115,2790.30,2799.10,2787.60,2795.80,0
DAX,19961118,2793.30,2793.30,2763.80,2763.80,0
DAX,19961119,2773.80,2773.80,2758.70,2764.10,0
DAX,19961120,2777.30,2784.60,2773.60,2774.50,0
DAX,19961121,2765.00,2774.30,2760.30,2772.30,0
DAX,19961122,2764.90,2764.90,2756.10,2763.70,0
DAX,19961125,2783.30,2799.20,2783.30,2799.20,0
DAX,19961126,2808.70,2820.00,2808.70,2810.60,0
DAX,19961127,2806.90,2807.30,2793.30,2797.00,0
DAX,19961128,2803.50,2818.70,2803.50,2817.50,0
DAX,19961129,2838.60,2845.50,2837.60,2845.50,0
DAX,19961202,2854.80,2860.20,2853.20,2858.60,0
DAX,19961203,2890.70,2895.20,2886.10,2887.00,0
DAX,19961204,2868.50,2874.40,2857.90,2866.10,0
DAX,19961205,2889.10,2914.60,2889.10,2909.90,0
DAX,19961206,2838.20,2838.20,2760.80,2792.00,0
DAX,19961209,2839.40,2872.60,2839.40,2857.20,0
DAX,19961210,2882.20,2893.30,2882.20,2891.00,0
DAX,19961211,2853.70,2853.70,2839.10,2841.10,0
DAX,19961212,2844.40,2853.00,2837.80,2847.10,0
DAX,19961213,2813.30,2814.30,2797.50,2799.70,0
DAX,19961216,2831.20,2855.80,2831.20,2855.80,0
DAX,19961217,2826.70,2826.70,2811.20,2815.10,0
DAX,19961218,2816.70,2825.80,2816.70,2820.80,0
DAX,19961219,2820.50,2821.70,2802.80,2807.80,0
DAX,19961220,2843.70,2857.10,2843.70,2854.50,0
DAX,19961223,2847.10,2847.10,2841.40,2845.60,0
DAX,19961227,2853.80,2857.30,2852.70,2852.90,0
DAX,19961230,2871.20,2888.70,2853.40,2888.70,0
DAX,19970102,2855.20,2855.20,2833.80,2848.80,0
DAX,19970103,2847.20,2859.30,2842.50,2859.30,0
DAX,19970106,2889.30,2899.40,2881.20,2881.30,0
DAX,19970107,2876.30,2886.40,2875.10,2886.10,0
DAX,19970108,2892.10,2907.40,2892.10,2906.30,0
DAX,19970109,2901.60,2901.60,2886.20,2892.60,0
DAX,19970110,2922.50,2935.30,2922.50,2933.40,0
DAX,19970113,2951.60,2961.30,2951.60,2955.00,0
DAX,19970114,2953.10,2955.80,2947.30,2949.00,0
DAX,19970115,2984.30,2997.10,2984.20,2988.50,0
DAX,19970116,2970.50,2998.60,2970.50,2993.30,0
DAX,19970117,3006.20,3011.20,2996.00,3001.40,0
DAX,19970120,3021.10,3031.60,3016.40,3030.70,0
DAX,19970121,2992.40,2992.40,2972.80,2976.70,0
DAX,19970122,3032.40,3041.60,3028.20,3028.70,0
DAX,19970123,3018.60,3033.50,3013.40,3033.50,0
DAX,19970124,3006.80,3006.80,2990.90,2998.20,0
DAX,19970127,2995.30,2998.70,2989.00,2994.50,0
DAX,19970128,2992.10,2993.40,2984.10,2989.30,0
DAX,19970129,3002.40,3007.60,2996.90,2999.20,0
DAX,19970130,3008.50,3024.70,3008.50,3017.30,0
DAX,19970131,3021.00,3036.50,3019.70,3035.20,0
DAX,19970203,3034.30,3062.30,3032.30,3062.30,0
DAX,19970204,3082.10,3083.10,3066.80,3067.10,0
DAX,19970205,3086.80,3099.80,3085.60,3098.00,0
DAX,19970206,3098.50,3106.70,3098.50,3104.10,0
DAX,19970207,3123.50,3140.30,3123.50,3138.00,0
DAX,19970210,3156.20,3185.00,3156.20,3184.40,0
DAX,19970211,3195.40,3196.40,3181.90,3187.60,0
DAX,19970212,3215.70,3228.60,3206.10,3216.10,0
DAX,19970213,3229.70,3232.10,3221.40,3229.50,0
DAX,19970214,3251.80,3260.90,3244.30,3248.20,0
DAX,19970217,3237.70,3242.30,3228.70,3232.60,0
DAX,19970218,3266.30,3287.80,3266.30,3276.20,0
DAX,19970219,3241.40,3250.20,3231.70,3233.80,0
DAX,19970220,3195.20,3198.80,3187.10,3196.00,0
DAX,19970221,3179.40,3190.50,3171.10,3184.10,0
DAX,19970224,3180.70,3188.50,3176.00,3184.20,0
DAX,19970225,3210.70,3235.50,3210.70,3233.20,0
DAX,19970226,3231.20,3237.90,3227.40,3237.90,0
DAX,19970227,3271.80,3284.40,3271.80,3276.70,0
DAX,19970228,3261.60,3264.20,3251.80,3259.60,0
DAX,19970303,3264.50,3268.60,3260.20,3263.90,0
DAX,19970304,3301.10,3320.70,3301.10,3320.70,0
DAX,19970305,3332.30,3365.00,3332.30,3365.00,0
DAX,19970306,3416.30,3426.50,3406.90,3417.60,0
DAX,19970307,3384.90,3384.90,3371.80,3376.20,0
DAX,19970310,3417.00,3442.90,3417.00,3436.10,0
DAX,19970311,3464.20,3475.00,3453.50,3460.60,0
DAX,19970312,3438.30,3440.80,3404.40,3415.40,0
DAX,19970313,3358.60,3358.60,3338.50,3349.80,0
DAX,19970314,3338.90,3359.30,3321.30,3359.30,0
DAX,19970317,3370.20,3374.70,3351.00,3351.00,0
DAX,19970318,3341.80,3341.80,3291.20,3291.20,0
DAX,19970319,3306.70,3320.20,3293.90,3315.90,0
DAX,19970320,3290.00,3290.00,3264.70,3264.70,0
DAX,19970321,3292.50,3303.00,3286.90,3298.20,0
DAX,19970324,3313.70,3329.50,3313.20,3321.80,0
DAX,19970325,3333.80,3350.80,3328.50,3349.10,0
DAX,19970326,3382.50,3425.10,3380.40,3418.10,0
DAX,19970327,3432.90,3442.60,3413.50,3429.10,0
DAX,19970401,3336.10,3336.10,3266.60,3295.90,0
DAX,19970402,3306.70,3316.70,3298.10,3301.90,0
DAX,19970403,3222.20,3222.20,3192.30,3215.20,0
DAX,19970404,3227.00,3249.20,3226.60,3244.90,0
DAX,19970407,3298.40,3326.00,3298.40,3312.90,0
DAX,19970408,3325.50,3339.90,3320.80,3329.80,0
DAX,19970409,3353.90,3378.30,3351.40,3359.50,0
DAX,19970410,3348.30,3358.20,3342.00,3351.50,0
DAX,19970411,3353.50,3369.30,3336.90,3340.10,0
DAX,19970414,3278.40,3285.80,3267.00,3279.90,0
DAX,19970415,3323.30,3337.00,3323.30,3327.70,0
DAX,19970416,3356.40,3368.30,3345.60,3353.50,0
DAX,19970417,3371.30,3389.20,3371.30,3383.30,0
DAX,19970418,3351.40,3354.00,3342.60,3344.40,0
DAX,19970421,3325.30,3348.00,3325.00,3347.60,0
DAX,19970422,3347.00,3356.40,3338.80,3340.30,0
DAX,19970423,3387.40,3402.90,3387.40,3396.00,0
DAX,19970424,3393.70,3407.20,3391.00,3397.40,0
DAX,19970425,3390.30,3392.70,3372.30,3374.10,0
DAX,19970428,3369.50,3377.70,3361.70,3363.10,0
DAX,19970429,3384.30,3389.30,3379.80,3383.20,0
DAX,19970430,3428.30,3452.60,3428.30,3438.10,0
DAX,19970502,3448.70,3460.40,3448.70,3460.40,0
DAX,19970505,3510.90,3533.20,3510.90,3528.80,0
DAX,19970506,3563.10,3584.60,3558.30,3568.30,0
DAX,19970507,3556.90,3559.70,3543.70,3552.00,0
DAX,19970509,3556.10,3565.10,3551.90,3562.40,0
DAX,19970512,3548.00,3576.00,3542.60,3575.40,0
DAX,19970513,3588.20,3597.40,3581.00,3595.20,0
DAX,19970514,3586.00,3586.00,3573.70,3573.70,0
DAX,19970515,3570.70,3570.70,3554.80,3562.10,0
DAX,19970516,3590.20,3606.80,3590.20,3604.60,0
DAX,19970520,3557.40,3557.40,3533.70,3543.40,0
DAX,19970521,3572.10,3597.00,3567.40,3596.10,0
DAX,19970522,3610.10,3618.20,3576.20,3579.40,0
DAX,19970523,3586.60,3605.30,3584.30,3602.20,0
DAX,19970526,3613.00,3661.00,3613.00,3657.90,0
DAX,19970527,3668.80,3678.50,3664.40,3674.40,0
DAX,19970528,3680.60,3695.30,3632.30,3636.40,0
DAX,19970530,3618.00,3618.00,3544.20,3562.70,0
DAX,19970602,3551.00,3618.20,3544.50,3596.40,0
DAX,19970603,3603.00,3655.80,3603.00,3655.60,0
DAX,19970604,3659.50,3669.60,3644.00,3651.60,0
DAX,19970605,3650.60,3690.90,3650.50,3684.60,0
DAX,19970606,3690.10,3707.70,3681.20,3700.50,0
DAX,19970609,3717.10,3734.10,3662.10,3668.60,0
DAX,19970610,3678.20,3681.40,3644.50,3671.20,0
DAX,19970611,3675.70,3686.10,3662.90,3671.90,0
DAX,19970612,3694.40,3739.30,3688.30,3737.20,0
DAX,19970613,3754.30,3762.60,3732.20,3752.40,0
DAX,19970616,3766.80,3775.20,3742.80,3750.00,0
DAX,19970617,3754.50,3767.10,3704.50,3721.20,0
DAX,19970618,3721.30,3734.00,3707.80,3730.60,0
DAX,19970619,3739.90,3791.30,3739.90,3777.60,0
DAX,19970620,3785.40,3801.40,3751.60,3788.50,0
DAX,19970623,3773.20,3775.20,3739.20,3748.80,0
DAX,19970624,3712.90,3775.10,3709.60,3761.10,0
DAX,19970625,3782.60,3820.90,3771.10,3819.50,0
DAX,19970626,3799.80,3836.90,3798.40,3820.20,0
DAX,19970627,3826.40,3829.80,3785.90,3809.90,0
DAX,19970630,3815.30,3826.10,3756.70,3766.90,0
DAX,19970701,3782.70,3835.80,3782.60,3834.80,0
DAX,19970702,3840.30,3870.80,3837.00,3867.50,0
DAX,19970703,3882.50,3944.30,3870.60,3939.70,0
DAX,19970704,3965.40,3965.60,3912.90,3946.70,0
DAX,19970707,3956.30,4003.80,3940.00,4003.40,0
DAX,19970708,3986.70,4030.50,3982.10,4030.10,0
DAX,19970709,4050.40,4067.50,4008.80,4027.00,0
DAX,19970710,4029.40,4032.80,3978.40,4000.70,0
DAX,19970711,4018.20,4074.30,4018.20,4074.30,0
DAX,19970714,4093.70,4151.50,4090.30,4142.20,0
DAX,19970715,4127.60,4157.20,4108.80,4139.70,0
DAX,19970716,4164.60,4234.90,4163.30,4223.70,0
DAX,19970717,4250.30,4272.60,4182.40,4203.90,0
DAX,19970718,4207.20,4209.30,4110.10,4131.90,0
DAX,19970721,4183.80,4211.70,4086.60,4140.00,0
DAX,19970722,4167.10,4301.90,4167.10,4297.60,0
DAX,19970723,4359.10,4449.90,4355.60,4384.80,0
DAX,19970724,4382.60,4449.30,4315.40,4320.50,0
DAX,19970725,4365.00,4379.90,4307.40,4368.50,0
DAX,19970728,4407.50,4423.70,4360.50,4400.30,0
DAX,19970729,4395.60,4409.20,4347.80,4377.70,0
DAX,19970730,4400.00,4463.00,4400.00,4458.70,0
DAX,19970731,4463.90,4477.70,4393.00,4405.50,0
DAX,19970801,4422.20,4432.00,4275.70,4337.00,0
DAX,19970804,4354.00,4375.60,4279.70,4302.50,0
DAX,19970805,4330.20,4371.20,4290.10,4325.90,0
DAX,19970806,4318.60,4372.00,4300.30,4364.30,0
DAX,19970807,4383.10,4460.20,4373.60,4428.10,0
DAX,19970808,4378.50,4407.20,4309.70,4342.30,0
DAX,19970811,4269.40,4352.20,4267.70,4333.20,0
DAX,19970812,4351.80,4384.30,4347.30,4377.50,0
DAX,19970813,4316.90,4338.90,4211.80,4237.10,0
DAX,19970814,4269.70,4290.30,4175.40,4195.50,0
DAX,19970815,4204.90,4228.20,4067.60,4077.60,0
DAX,19970818,4017.40,4095.30,3965.30,4080.60,0
DAX,19970819,4134.50,4191.20,4118.50,4190.50,0
DAX,19970820,4242.20,4264.30,4206.00,4251.90,0
DAX,19970821,4277.70,4279.90,4191.70,4204.80,0
DAX,19970822,4155.40,4159.90,4031.50,4090.10,0
DAX,19970825,4127.00,4146.20,4044.10,4076.80,0
DAX,19970826,4050.60,4108.20,3910.30,3993.70,0
DAX,19970827,3952.20,4037.80,3933.00,3992.00,0
DAX,19970828,4019.60,4040.40,3853.10,3897.40,0
DAX,19970829,3897.60,3920.40,3849.90,3919.80,0
DAX,19970901,3942.50,4004.10,3934.10,4001.80,0
DAX,19970902,4018.50,4130.60,4018.50,4127.30,0
DAX,19970903,4166.60,4196.80,4054.00,4062.10,0
DAX,19970904,4048.70,4098.50,4027.30,4093.40,0
DAX,19970905,4099.00,4149.70,4069.90,4073.70,0
DAX,19970908,4071.30,4133.10,4055.60,4131.30,0
DAX,19970909,4120.00,4141.20,4067.20,4104.60,0
DAX,19970910,4101.80,4126.40,4014.70,4028.00,0
DAX,19970911,3969.20,3986.60,3888.40,3890.20,0
DAX,19970912,3918.90,3957.00,3783.10,3796.60,0
DAX,19970915,3848.60,3893.30,3796.90,3869.50,0
DAX,19970916,3873.80,3996.00,3832.00,3995.70,0
DAX,19970917,4026.90,4040.90,3968.30,3970.40,0
DAX,19970918,3974.40,4010.60,3946.50,4004.00,0
DAX,19970919,4012.30,4046.70,3955.90,3983.10,0
DAX,19970922,4011.20,4102.80,4011.20,4096.90,0
DAX,19970923,4107.70,4138.70,4082.60,4091.80,0
DAX,19970924,4090.20,4156.30,4066.80,4151.00,0
DAX,19970925,4130.70,4163.90,4102.50,4104.90,0
DAX,19970926,4082.50,4137.90,4041.10,4135.10,0
DAX,19970929,4126.60,4126.60,4085.50,4116.50,0
DAX,19970930,4146.50,4173.90,4143.00,4154.90,0
DAX,19971001,4154.60,4272.90,4147.30,4263.00,0
DAX,19971002,4271.70,4285.10,4247.40,4266.20,0
DAX,19971006,4281.90,4332.40,4266.30,4326.40,0
DAX,19971007,4332.00,4349.00,4264.00,4311.10,0
DAX,19971008,4343.30,4363.70,4244.10,4267.40,0
DAX,19971009,4241.30,4284.00,4129.60,4179.90,0
DAX,19971010,4188.70,4208.80,4134.40,4164.60,0
DAX,19971013,4177.30,4236.70,4177.30,4225.30,0
DAX,19971014,4247.50,4247.50,4171.50,4215.20,0
DAX,19971015,4182.30,4205.60,4139.70,4168.60,0
DAX,19971016,4168.20,4172.10,4114.10,4149.90,0
DAX,19971017,4098.20,4103.70,4030.30,4049.20,0
DAX,19971020,4046.40,4072.30,3980.70,4069.30,0
DAX,19971021,4088.80,4178.70,4085.70,4172.50,0
DAX,19971022,4203.50,4235.90,4119.20,4124.90,0
DAX,19971023,4102.20,4103.90,3927.20,3976.40,0
DAX,19971024,4042.10,4066.30,3977.00,3981.40,0
DAX,19971027,3935.70,3935.70,3846.70,3871.40,0
DAX,19971028,3669.50,3733.50,3366.00,3645.70,0
DAX,19971029,3797.60,3841.20,3734.30,3806.70,0
DAX,19971030,3732.90,3759.40,3632.90,3748.90,0
DAX,19971031,3771.50,3827.50,3734.20,3753.70,0
DAX,19971103,3802.70,3877.00,3802.30,3847.70,0
DAX,19971104,3869.10,3869.10,3776.40,3784.80,0
DAX,19971105,3806.80,3876.20,3806.80,3841.40,0
DAX,19971106,3833.90,3844.60,3797.80,3813.90,0
DAX,19971107,3775.80,3775.80,3663.80,3715.40,0
DAX,19971110,3723.30,3771.90,3722.30,3728.40,0
DAX,19971111,3727.90,3741.30,3704.90,3734.80,0
DAX,19971112,3700.70,3710.20,3645.80,3697.50,0
DAX,19971113,3699.40,3726.70,3679.00,3701.90,0
DAX,19971114,3724.60,3768.60,3673.90,3676.70,0
DAX,19971117,3797.90,3817.50,3739.70,3816.70,0
DAX,19971118,3826.20,3860.30,3796.80,3844.10,0
DAX,19971119,3801.00,3884.10,3784.00,3876.90,0
DAX,19971120,3891.20,3940.70,3888.90,3931.80,0
DAX,19971121,3960.90,3986.40,3937.30,3941.90,0
DAX,19971124,3919.00,3919.00,3821.90,3832.10,0
DAX,19971125,3818.20,3873.70,3817.00,3850.10,0
DAX,19971126,3880.20,3943.30,3878.10,3926.90,0
DAX,19971127,3953.40,3978.90,3952.20,3962.00,0
DAX,19971128,3966.00,3975.10,3941.50,3972.10,0
DAX,19971201,4000.00,4137.90,4000.00,4125.90,0
DAX,19971202,4140.30,4143.50,4073.40,4096.40,0
DAX,19971203,4087.80,4117.30,4053.50,4074.60,0
DAX,19971204,4089.40,4172.10,4089.40,4159.70,0
DAX,19971205,4153.80,4196.00,4121.60,4191.80,0
DAX,19971208,4217.30,4245.80,4194.10,4208.10,0
DAX,19971209,4212.90,4226.50,4167.40,4187.10,0
DAX,19971210,4174.10,4180.20,4116.70,4116.70,0
DAX,19971211,4064.30,4064.30,4005.70,4016.70,0
DAX,19971212,4051.50,4087.70,4034.40,4061.90,0
DAX,19971215,4072.90,4091.70,4028.70,4029.10,0
DAX,19971216,4063.30,4152.20,4053.80,4150.30,0
DAX,19971217,4156.20,4194.80,4130.00,4154.60,0
DAX,19971218,4140.80,4187.70,4140.80,4162.90,0
DAX,19971219,4115.20,4131.00,4051.20,4055.40,0
DAX,19971222,4074.50,4137.30,4035.10,4125.50,0
DAX,19971223,4141.60,4147.00,4104.50,4132.80,0
DAX,19971229,4142.70,4266.00,4142.60,4266.00,0
DAX,19971230,4283.60,4320.00,4223.00,4224.30,0
DAX,19980102,4270.70,4368.00,4270.70,4364.30,0
DAX,19980105,4358.00,4420.90,4331.20,4417.00,0
DAX,19980106,4427.30,4427.30,4345.80,4360.10,0
DAX,19980107,4356.90,4396.00,4326.60,4340.00,0
DAX,19980108,4359.40,4400.90,4274.00,4293.60,0
DAX,19980109,4270.90,4300.40,4229.70,4237.80,0
DAX,19980112,4145.10,4145.10,4053.90,4134.60,0
DAX,19980113,4179.10,4209.50,4142.40,4150.10,0
DAX,19980114,4198.20,4224.80,4142.00,4145.40,0
DAX,19980115,4132.60,4165.30,4124.20,4140.20,0
DAX,19980116,4170.00,4219.10,4170.00,4216.20,0
DAX,19980119,4247.10,4304.30,4241.70,4290.10,0
DAX,19980120,4291.30,4322.00,4269.00,4310.80,0
DAX,19980121,4328.80,4332.50,4248.80,4250.50,0
DAX,19980122,4208.30,4243.40,4172.40,4238.80,0
DAX,19980123,4236.70,4275.70,4205.00,4222.20,0
DAX,19980126,4172.10,4277.60,4155.80,4266.30,0
DAX,19980127,4267.30,4318.60,4248.60,4316.10,0
DAX,19980128,4325.10,4405.40,4317.00,4385.30,0
DAX,19980129,4410.30,4451.30,4380.40,4444.50,0
DAX,19980130,4455.50,4458.30,4421.30,4442.50,0
DAX,19980202,4481.00,4549.20,4480.80,4529.90,0
DAX,19980203,4533.80,4554.50,4491.90,4529.20,0
DAX,19980204,4545.20,4555.10,4474.30,4509.30,0
DAX,19980205,4508.50,4581.00,4486.50,4494.70,0
DAX,19980206,4513.90,4546.50,4494.50,4536.90,0
DAX,19980209,4569.50,4591.90,4509.40,4519.60,0
DAX,19980210,4515.30,4563.50,4506.70,4558.60,0
DAX,19980211,4578.40,4598.10,4537.70,4552.50,0
DAX,19980212,4562.00,4602.20,4504.10,4509.40,0
DAX,19980213,4523.80,4528.50,4485.60,4522.40,0
DAX,19980216,4520.60,4535.60,4504.80,4535.60,0
DAX,19980217,4552.00,4632.40,4548.20,4627.40,0
DAX,19980218,4623.50,4633.80,4582.20,4611.70,0
DAX,19980219,4628.90,4637.50,4575.80,4581.10,0
DAX,19980220,4580.40,4612.20,4578.40,4583.00,0
DAX,19980223,4609.30,4665.20,4591.60,4610.70,0
DAX,19980224,4601.80,4629.50,4569.50,4604.60,0
DAX,19980225,4601.80,4707.60,4601.40,4704.60,0
DAX,19980226,4726.70,4729.60,4680.80,4695.80,0
DAX,19980227,4727.70,4736.10,4662.30,4693.90,0
DAX,19980302,4696.50,4790.30,4679.90,4781.60,0
DAX,19980303,4779.90,4784.00,4745.70,4759.60,0
DAX,19980304,4781.60,4791.40,4678.10,4690.50,0
DAX,19980305,4659.80,4689.20,4612.10,4676.40,0
DAX,19980306,4697.00,4782.10,4661.60,4762.70,0
DAX,19980309,4757.70,4838.70,4749.60,4828.90,0
DAX,19980310,4830.20,4870.60,4807.80,4852.20,0
DAX,19980311,4898.20,4916.90,4829.40,4862.40,0
DAX,19980312,4845.00,4854.60,4810.80,4838.70,0
DAX,19980313,4861.80,4914.10,4835.30,4872.20,0
DAX,19980316,4852.90,4918.60,4847.10,4905.60,0
DAX,19980317,4929.10,4956.10,4929.00,4945.90,0
DAX,19980318,4959.00,4959.00,4874.50,4908.60,0
DAX,19980319,4920.30,4960.70,4917.30,4949.90,0
DAX,19980320,4969.80,5055.40,4969.80,5045.20,0
DAX,19980323,5060.30,5060.30,4960.70,5014.10,0
DAX,19980324,4991.60,5065.30,4988.40,5064.40,0
DAX,19980325,5096.60,5136.80,5079.80,5114.10,0
DAX,19980326,5105.30,5105.50,4996.40,5029.00,0
DAX,19980327,5020.20,5100.80,5008.60,5066.90,0
DAX,19980330,5059.30,5080.30,4994.50,5069.90,0
DAX,19980331,5092.40,5106.50,5037.90,5097.30,0
DAX,19980401,5084.10,5170.30,5079.70,5135.40,0
DAX,19980402,5154.00,5192.30,5145.80,5179.00,0
DAX,19980403,5210.20,5256.60,5206.70,5254.30,0
DAX,19980406,5246.40,5346.80,5238.30,5345.90,0
DAX,19980407,5353.60,5359.70,5283.40,5309.70,0
DAX,19980408,5316.60,5323.30,5241.10,5267.40,0
DAX,19980409,5234.80,5322.30,5233.80,5312.30,0
DAX,19980414,5350.20,5409.80,5301.60,5368.00,0
DAX,19980415,5390.00,5409.20,5343.50,5359.20,0
DAX,19980416,5381.50,5398.50,5268.90,5293.00,0
DAX,19980417,5276.10,5333.60,5243.30,5326.60,0
DAX,19980420,5372.80,5436.80,5372.80,5407.90,0
DAX,19980421,5419.90,5420.90,5337.50,5373.80,0
DAX,19980422,5386.80,5425.90,5297.50,5312.30,0
DAX,19980423,5333.20,5341.70,5215.20,5262.60,0
DAX,19980424,5249.50,5254.80,5136.70,5144.40,0
DAX,19980427,5121.10,5155.60,4992.10,5002.70,0
DAX,19980428,5056.87,5066.41,5012.57,5018.67,0
DAX,19980429,5086.84,5154.88,5086.84,5108.48,0
DAX,19980430,5101.98,5116.88,5091.54,5107.44,0
DAX,19980504,5251.41,5337.22,5251.41,5314.66,0
DAX,19980505,5273.26,5282.50,5221.71,5232.03,0
DAX,19980506,5200.53,5239.92,5197.15,5229.80,0
DAX,19980507,5204.91,5233.28,5172.95,5186.23,0
DAX,19980508,5218.39,5260.85,5218.39,5257.58,0
DAX,19980511,5305.55,5347.80,5305.55,5341.69,0
DAX,19980512,5295.83,5309.22,5272.87,5297.35,0
DAX,19980513,5321.33,5389.92,5321.33,5376.88,0
DAX,19980514,5387.21,5387.21,5340.25,5361.22,0
DAX,19980515,5377.49,5396.42,5372.84,5393.14,0
DAX,19980518,5368.19,5389.96,5342.85,5342.85,0
DAX,19980519,5378.37,5395.70,5378.37,5388.90,0
DAX,19980520,5450.36,5512.08,5450.36,5510.98,0
DAX,19980522,5506.30,5564.56,5506.21,5564.21,0
DAX,19980525,5565.57,5575.16,5559.02,5575.16,0
DAX,19980526,5621.23,5664.84,5621.23,5644.29,0
DAX,19980527,5537.95,5537.95,5479.81,5490.64,0
DAX,19980528,5541.28,5557.37,5480.22,5481.26,0
DAX,19980529,5513.76,5581.12,5513.59,5569.08,0
DAX,19980602,5569.89,5589.13,5554.49,5582.78,0
DAX,19980603,5617.11,5626.40,5607.45,5613.76,0
DAX,19980604,5595.70,5617.98,5574.97,5592.48,0
DAX,19980605,5636.09,5688.73,5636.09,5688.50,0
DAX,19980608,5754.59,5787.70,5754.59,5779.09,0
DAX,19980609,5780.63,5782.95,5744.52,5760.03,0
DAX,19980610,5743.74,5754.46,5718.86,5754.46,0
DAX,19980612,5738.65,5738.65,5642.07,5670.83,0
DAX,19980615,5596.89,5596.89,5512.58,5527.32,0
DAX,19980616,5571.60,5604.38,5569.06,5591.57,0
DAX,19980617,5676.95,5711.92,5675.36,5709.36,0
DAX,19980618,5750.13,5755.68,5697.28,5718.06,0
DAX,19980619,5706.24,5706.68,5682.59,5702.61,0
DAX,19980622,5650.21,5654.89,5616.35,5654.75,0
DAX,19980623,5689.96,5718.81,5680.24,5718.71,0
DAX,19980624,5742.23,5779.91,5722.10,5779.91,0
DAX,19980625,5847.88,5876.76,5839.73,5866.63,0
DAX,19980626,5868.89,5893.13,5849.26,5870.42,0
DAX,19980629,5896.00,5921.40,5896.00,5915.13,0
DAX,19980630,5891.16,5900.59,5857.65,5897.44,0
DAX,19980701,5863.25,5936.34,5857.92,5906.85,0
DAX,19980702,5935.54,5980.30,5896.52,5904.10,0
DAX,19980703,5917.24,5960.70,5913.04,5953.16,0
DAX,19980706,5970.86,5986.14,5906.42,5918.37,0
DAX,19980707,5960.17,5995.11,5956.38,5960.98,0
DAX,19980708,5980.31,6022.15,5957.19,6013.14,0
DAX,19980709,6037.76,6052.13,5990.55,5996.77,0
DAX,19980710,5974.81,6022.58,5912.60,5982.42,0
DAX,19980713,5991.02,6056.09,5991.02,6019.48,0
DAX,19980714,6022.94,6096.46,6022.76,6095.28,0
DAX,19980715,6140.24,6150.47,6085.32,6108.24,0
DAX,19980716,6100.61,6157.70,6090.01,6094.02,0
DAX,19980717,6115.79,6167.51,6114.05,6147.87,0
DAX,19980720,6162.04,6199.58,6127.66,6171.43,0
DAX,19980721,6181.56,6181.56,6165.52,6165.52,0
DAX,19980722,6151.74,6189.11,6105.50,6110.73,0
DAX,19980723,6131.90,6138.92,6025.97,6058.45,0
DAX,19980724,6006.09,6060.83,5956.81,6035.28,0
DAX,19980727,6029.74,6071.11,5885.00,5885.00,0
DAX,19980728,5949.61,5970.41,5863.16,5889.01,0
DAX,19980729,5870.55,5888.52,5810.95,5853.63,0
DAX,19980730,5865.83,5898.37,5837.51,5880.87,0
DAX,19980731,5923.96,5966.15,5873.92,5873.92,0
DAX,19980803,5811.42,5811.42,5731.18,5758.77,0
DAX,19980804,5738.60,5818.15,5734.59,5756.20,0
DAX,19980805,5579.06,5641.39,5559.96,5632.51,0
DAX,19980806,5658.34,5670.35,5517.64,5517.64,0
DAX,19980807,5572.47,5590.08,5537.82,5581.22,0
DAX,19980810,5594.93,5607.75,5476.25,5476.25,0
DAX,19980811,5472.40,5478.55,5258.50,5268.40,0
DAX,19980812,5340.96,5425.02,5340.96,5402.37,0
DAX,19980813,5381.42,5393.27,5239.10,5356.23,0
DAX,19980814,5360.38,5483.16,5355.40,5447.90,0
DAX,19980817,5408.64,5456.58,5336.20,5456.58,0
DAX,19980818,5497.73,5581.67,5497.73,5568.88,0
DAX,19980819,5640.20,5672.07,5596.41,5596.41,0
DAX,19980820,5594.62,5645.32,5485.44,5488.22,0
DAX,19980821,5475.76,5475.76,5163.38,5163.51,0
DAX,19980824,5203.88,5271.20,5155.03,5234.88,0
DAX,19980825,5273.81,5389.59,5273.81,5372.76,0
DAX,19980826,5378.99,5385.28,5218.80,5231.61,0
DAX,19980827,5200.64,5235.62,5021.70,5060.84,0
DAX,19980828,4940.02,5017.38,4752.40,4993.54,0
DAX,19980831,4955.10,4979.28,4821.20,4833.89,0
DAX,19980901,4727.35,4839.01,4673.21,4791.81,0
DAX,19980902,4913.30,5011.45,4912.05,4970.50,0
DAX,19980903,4915.95,4918.12,4752.82,4812.18,0
DAX,19980904,4790.32,4945.47,4765.33,4820.25,0
DAX,19980907,4910.74,5000.67,4876.81,4923.37,0
DAX,19980908,4967.81,5104.78,4951.62,5103.84,0
DAX,19980909,5148.73,5161.40,5007.11,5040.87,0
DAX,19980910,4951.69,4951.69,4725.11,4747.33,0
DAX,19980911,4686.70,4777.79,4606.04,4737.15,0
DAX,19980914,4834.12,4916.43,4834.12,4896.49,0
DAX,19980915,4916.81,4958.37,4793.80,4831.22,0
DAX,19980916,4848.25,4952.45,4848.25,4857.97,0
DAX,19980917,4838.59,4839.51,4629.04,4669.51,0
DAX,19980918,4741.98,4769.91,4554.36,4598.58,0
DAX,19980921,4573.44,4576.78,4357.42,4433.87,0
DAX,19980922,4529.52,4604.70,4529.52,4575.15,0
DAX,19980923,4563.97,4701.33,4561.91,4699.39,0
DAX,19980924,4801.08,4859.96,4645.33,4646.25,0
DAX,19980925,4575.44,4575.44,4461.88,4561.58,0
DAX,19980928,4562.47,4699.72,4549.79,4653.94,0
DAX,19980929,4669.13,4671.15,4575.03,4578.27,0
DAX,19980930,4558.40,4558.40,4463.94,4474.51,0
DAX,19981001,4389.21,4389.21,4137.18,4226.49,0
DAX,19981002,4177.02,4217.80,3869.60,3962.50,0
DAX,19981005,3983.05,4124.35,3892.61,4034.23,0
DAX,19981006,3982.69,4175.11,3955.15,4156.64,0
DAX,19981007,4223.93,4271.31,4014.20,4087.83,0
DAX,19981008,4042.06,4042.06,3833.71,3896.08,0
DAX,19981009,3985.02,4030.01,3911.40,3983.65,0
DAX,19981012,4078.48,4239.01,4078.48,4225.49,0
DAX,19981013,4224.39,4307.18,4188.27,4274.48,0
DAX,19981014,4221.72,4318.52,4185.86,4318.52,0
DAX,19981015,4429.34,4435.32,4320.64,4399.05,0
DAX,19981016,4511.47,4572.54,4404.73,4489.10,0
DAX,19981019,4501.44,4538.12,4415.59,4458.40,0
DAX,19981020,4489.04,4607.83,4489.04,4595.82,0
DAX,19981021,4599.89,4637.80,4522.50,4523.24,0
DAX,19981022,4551.00,4597.33,4453.75,4454.28,0
DAX,19981023,4454.49,4491.05,4427.37,4451.09,0
DAX,19981026,4465.85,4615.83,4456.62,4577.74,0
DAX,19981027,4615.81,4706.81,4611.44,4682.45,0
DAX,19981028,4642.85,4642.85,4526.21,4536.34,0
DAX,19981029,4553.72,4567.47,4496.97,4549.33,0
DAX,19981030,4609.99,4722.09,4609.99,4671.12,0
DAX,19981102,4722.84,4804.48,4722.80,4761.15,0
DAX,19981103,4788.67,4799.20,4704.80,4705.08,0
DAX,19981104,4730.27,4877.47,4728.71,4841.72,0
DAX,19981105,4852.77,4877.45,4769.57,4811.60,0
DAX,19981106,4849.86,4902.45,4820.65,4836.22,0
DAX,19981109,4858.63,4884.17,4745.20,4768.58,0
DAX,19981110,4751.83,4779.98,4660.54,4662.78,0
DAX,19981111,4698.37,4755.43,4697.12,4717.70,0
DAX,19981112,4698.39,4698.39,4629.93,4639.89,0
DAX,19981113,4643.73,4710.25,4617.41,4639.65,0
DAX,19981116,4690.15,4783.77,4689.50,4783.77,0
DAX,19981117,4788.94,4797.56,4702.63,4702.63,0
DAX,19981118,4732.04,4799.73,4692.26,4698.72,0
DAX,19981119,4712.63,4824.70,4707.60,4795.69,0
DAX,19981120,4830.02,4924.89,4829.56,4911.88,0
DAX,19981123,4946.93,5027.49,4946.93,5019.12,0
DAX,19981124,5068.01,5110.23,4958.82,4958.82,0
DAX,19981125,4936.29,5004.14,4930.18,4944.37,0
DAX,19981126,4965.10,5064.00,4965.10,5051.63,0
DAX,19981127,5056.39,5130.33,5036.61,5121.48,0
DAX,19981130,5123.45,5176.27,5022.70,5022.70,0
DAX,19981201,4986.81,4986.81,4781.12,4781.73,0
DAX,19981202,4857.51,4878.14,4682.83,4691.69,0
DAX,19981203,4674.84,4827.53,4611.96,4787.08,0
DAX,19981204,4723.79,4844.96,4704.22,4775.23,0
DAX,19981207,4827.19,4888.85,4709.88,4713.96,0
DAX,19981208,4734.41,4759.20,4656.48,4699.34,0
DAX,19981209,4690.95,4718.38,4634.37,4663.68,0
DAX,19981210,4683.16,4733.12,4613.37,4642.69,0
DAX,19981211,4576.65,4576.65,4505.71,4536.20,0
DAX,19981214,4514.62,4566.44,4451.20,4522.86,0
DAX,19981215,4516.44,4615.08,4516.44,4574.50,0
DAX,19981216,4618.33,4713.18,4611.34,4663.45,0
DAX,19981217,4664.52,4731.32,4657.93,4723.81,0
DAX,19981218,4699.93,4737.22,4629.23,4629.23,0
DAX,19981221,4669.19,4791.67,4667.26,4780.93,0
DAX,19981222,4802.16,4892.95,4783.49,4825.38,0
DAX,19981223,4844.50,4963.41,4844.50,4951.77,0
DAX,19981228,4978.04,5058.21,4978.04,5044.77,0
DAX,19981229,5031.00,5063.98,4998.24,5031.87,0
DAX,19981230,5054.46,5085.47,5001.81,5002.39,0
DAX,19990104,4991.95,5254.18,4979.36,5252.36,0
DAX,19990105,5221.43,5316.25,5137.48,5253.91,0
DAX,19990106,5328.02,5443.65,5318.41,5443.62,0
DAX,19990107,5485.61,5509.34,5265.68,5323.21,0
DAX,19990108,5358.37,5452.01,5358.37,5392.84,0
DAX,19990111,5404.22,5469.60,5260.88,5270.60,0
DAX,19990112,5277.06,5316.30,5194.64,5200.10,0
DAX,19990113,5143.78,5189.00,4856.41,4931.80,0
DAX,19990114,5051.42,5086.24,4912.75,4912.75,0
DAX,19990115,4869.19,4968.10,4768.41,4960.22,0
DAX,19990118,5070.65,5103.17,5023.29,5050.40,0
DAX,19990119,5076.49,5123.38,4984.49,5073.15,0
DAX,19990120,5118.25,5181.37,5096.48,5143.06,0
DAX,19990121,5136.44,5224.44,5122.16,5156.67,0
DAX,19990122,5107.74,5107.74,4971.10,5019.28,0
DAX,19990125,4968.72,5017.78,4900.68,4982.45,0
DAX,19990126,5047.46,5071.23,4948.51,4986.80,0
DAX,19990127,5059.08,5108.94,5044.83,5061.18,0
DAX,19990128,5006.61,5122.71,4970.01,5096.41,0
DAX,19990129,5129.84,5192.01,5129.84,5159.96,0
DAX,19990201,5193.03,5287.96,5190.82,5190.82,0
DAX,19990202,5201.16,5242.39,5157.10,5166.87,0
DAX,19990203,5140.65,5164.05,5057.97,5085.66,0
DAX,19990204,5129.80,5200.10,5077.85,5077.85,0
DAX,19990205,5024.47,5091.22,4996.03,5080.77,0
DAX,19990208,5123.23,5158.69,5002.23,5027.22,0
DAX,19990209,5050.42,5095.46,4882.93,4904.35,0
DAX,19990210,4841.55,4848.44,4749.45,4796.82,0
DAX,19990211,4846.41,4876.68,4794.89,4839.33,0
DAX,19990212,4924.65,4999.21,4882.32,4888.74,0
DAX,19990215,4872.91,4879.55,4818.13,4879.55,0
DAX,19990216,4926.91,4945.72,4879.12,4904.68,0
DAX,19990217,4893.88,4895.31,4780.79,4810.09,0
DAX,19990218,4792.08,4873.99,4791.85,4845.08,0
DAX,19990219,4886.48,4903.55,4788.58,4802.38,0
DAX,19990222,4871.02,4898.41,4818.22,4845.18,0
DAX,19990223,4919.76,5034.44,4919.76,4987.56,0
DAX,19990224,4970.34,5074.40,4945.43,5062.31,0
DAX,19990225,5027.79,5027.79,4932.35,4958.58,0
DAX,19990226,4934.96,4943.49,4853.55,4911.81,0
DAX,19990301,4923.31,4943.44,4784.31,4784.31,0
DAX,19990302,4798.72,4822.14,4706.48,4804.02,0
DAX,19990303,4803.16,4811.92,4697.67,4697.67,0
DAX,19990304,4685.27,4705.65,4605.27,4678.72,0
DAX,19990305,4754.59,4862.45,4734.76,4839.09,0
DAX,19990308,4878.43,4886.75,4785.20,4788.69,0
DAX,19990309,4796.64,4861.16,4727.35,4758.46,0
DAX,19990310,4773.34,4807.71,4704.96,4721.41,0
DAX,19990311,4745.94,4808.70,4719.94,4754.41,0
DAX,19990312,4970.85,5100.82,4969.30,5008.16,0
DAX,19990315,5013.78,5062.85,4991.34,5029.24,0
DAX,19990316,5054.96,5119.25,5030.79,5094.63,0
DAX,19990317,5070.41,5127.19,5057.52,5077.43,0
DAX,19990318,5034.63,5038.37,4983.18,5013.62,0
DAX,19990319,5055.67,5151.01,5055.67,5099.48,0
DAX,19990322,5076.36,5076.36,5023.06,5027.06,0
DAX,19990323,5012.56,5016.22,4897.75,4915.03,0
DAX,19990324,4828.54,4835.04,4757.90,4780.13,0
DAX,19990325,4814.36,4861.96,4800.95,4860.26,0
DAX,19990326,4882.88,4902.79,4743.98,4775.17,0
DAX,19990329,4790.17,4876.92,4788.58,4876.92,0
DAX,19990330,4919.95,4919.95,4821.12,4856.84,0
DAX,19990331,4845.65,4889.82,4837.92,4884.20,0
DAX,19990401,4852.39,4914.71,4779.04,4914.59,0
DAX,19990406,4951.82,4992.10,4935.19,4965.29,0
DAX,19990407,4986.64,5058.06,4986.52,5052.27,0
DAX,19990408,5046.82,5069.59,5002.45,5068.75,0
DAX,19990409,5103.92,5178.02,5103.92,5124.18,0
DAX,19990412,5061.77,5166.99,5058.16,5159.16,0
DAX,19990413,5209.61,5227.68,5174.38,5199.18,0
DAX,19990414,5181.54,5221.83,5149.28,5182.16,0
DAX,19990415,5158.76,5209.85,5144.60,5181.01,0
DAX,19990416,5181.76,5202.26,5131.78,5155.35,0
DAX,19990419,5150.84,5247.44,5150.37,5220.15,0
DAX,19990420,5164.36,5190.65,5087.29,5087.29,0
DAX,19990421,5100.43,5166.78,5100.43,5163.29,0
DAX,19990422,5187.17,5256.58,5186.86,5218.82,0
DAX,19990423,5245.15,5263.69,5186.95,5195.42,0
DAX,19990426,5198.26,5264.82,5195.69,5256.22,0
DAX,19990427,5288.12,5359.03,5261.56,5347.50,0
DAX,19990428,5356.79,5364.63,5312.74,5348.61,0
DAX,19990429,5347.40,5347.40,5284.13,5334.42,0
DAX,19990430,5314.36,5397.64,5310.02,5393.11,0
DAX,19990503,5372.68,5392.22,5345.73,5377.56,0
DAX,19990504,5409.82,5449.22,5383.21,5383.21,0
DAX,19990505,5348.40,5364.06,5301.28,5307.22,0
DAX,19990506,5336.50,5370.65,5274.15,5274.45,0
DAX,19990507,5280.73,5297.38,5234.95,5297.38,0
DAX,19990510,5300.77,5317.08,5199.69,5205.95,0
DAX,19990511,5238.34,5283.06,5236.89,5249.15,0
DAX,19990512,5281.85,5309.85,5214.75,5248.02,0
DAX,19990514,5271.49,5310.19,5173.03,5173.25,0
DAX,19990517,5165.26,5170.28,5092.61,5114.47,0
DAX,19990518,5134.17,5169.54,5111.97,5154.94,0
DAX,19990519,5162.45,5191.86,5141.84,5184.51,0
DAX,19990520,5214.36,5250.68,5207.31,5235.64,0
DAX,19990521,5235.16,5269.44,5216.69,5264.68,0
DAX,19990525,5213.79,5218.29,5136.76,5143.10,0
DAX,19990526,5118.58,5194.36,5110.38,5160.44,0
DAX,19990527,5200.61,5222.79,5067.44,5083.83,0
DAX,19990528,5047.60,5071.82,5003.97,5068.73,0
DAX,19990531,5099.66,5107.89,5033.24,5069.83,0
DAX,19990601,5083.62,5090.89,5016.81,5021.24,0
DAX,19990602,5035.99,5049.00,4980.63,4997.83,0
DAX,19990604,5065.95,5108.49,5046.51,5107.81,0
DAX,19990607,5130.53,5194.98,5097.55,5190.15,0
DAX,19990608,5214.21,5237.25,5201.64,5211.08,0
DAX,19990609,5184.85,5271.37,5165.69,5253.89,0
DAX,19990610,5265.87,5287.88,5188.91,5206.47,0
DAX,19990611,5205.52,5269.86,5197.22,5262.15,0
DAX,19990614,5249.37,5292.06,5249.37,5268.87,0
DAX,19990615,5269.93,5350.69,5239.67,5342.86,0
DAX,19990616,5331.00,5390.70,5301.64,5381.25,0
DAX,19990617,5404.37,5424.66,5387.48,5412.00,0
DAX,19990618,5433.83,5500.93,5430.32,5430.32,0
DAX,19990621,5366.28,5499.16,5366.28,5468.47,0
DAX,19990622,5471.70,5481.96,5417.52,5468.67,0
DAX,19990623,5436.72,5455.12,5387.20,5399.11,0
DAX,19990624,5412.37,5441.98,5321.64,5327.60,0
DAX,19990625,5318.89,5351.07,5287.27,5301.21,0
DAX,19990628,5319.88,5358.42,5283.73,5356.95,0
DAX,19990629,5370.01,5394.35,5332.96,5359.53,0
DAX,19990630,5375.42,5413.69,5357.87,5378.52,0
DAX,19990701,5428.34,5498.11,5425.85,5480.22,0
DAX,19990702,5489.88,5521.70,5456.19,5519.05,0
DAX,19990705,5533.20,5649.89,5528.85,5625.62,0
DAX,19990706,5632.18,5640.11,5580.13,5612.90,0
DAX,19990707,5606.71,5620.08,5547.88,5588.50,0
DAX,19990708,5601.87,5646.58,5549.14,5607.10,0
DAX,19990709,5598.51,5666.26,5598.51,5638.95,0
DAX,19990712,5662.07,5686.55,5635.10,5652.02,0
DAX,19990713,5646.34,5652.90,5553.42,5573.82,0
DAX,19990714,5579.49,5649.42,5571.97,5610.89,0
DAX,19990715,5608.38,5671.77,5598.39,5619.26,0
DAX,19990716,5644.85,5653.52,5576.90,5619.94,0
DAX,19990719,5632.99,5654.85,5600.15,5624.74,0
DAX,19990720,5621.06,5643.19,5482.61,5491.29,0
DAX,19990721,5461.94,5472.55,5401.84,5414.17,0
DAX,19990722,5417.11,5442.69,5320.78,5340.91,0
DAX,19990723,5349.04,5391.52,5297.86,5310.63,0
DAX,19990726,5318.26,5330.02,5161.25,5206.44,0
DAX,19990727,5196.71,5253.11,5188.53,5224.16,0
DAX,19990728,5267.54,5274.33,5204.64,5229.56,0
DAX,19990729,5235.66,5241.24,5035.20,5052.32,0
DAX,19990730,5050.55,5110.52,5039.50,5101.87,0
DAX,19990802,5088.65,5144.20,4970.74,5129.50,0
DAX,19990803,5105.01,5139.24,5054.84,5107.68,0
DAX,19990804,5097.69,5149.10,5067.20,5119.37,0
DAX,19990805,5094.48,5094.48,4948.08,4978.45,0
DAX,19990806,5013.38,5057.20,4974.98,5010.47,0
DAX,19990809,5001.33,5102.56,4980.61,5087.30,0
DAX,19990810,5089.83,5095.83,4975.15,5000.87,0
DAX,19990811,5013.71,5047.43,5010.91,5019.69,0
DAX,19990812,5073.28,5149.19,5068.88,5127.43,0
DAX,19990813,5111.02,5225.22,5089.44,5219.43,0
DAX,19990816,5241.57,5257.68,5196.94,5257.10,0
DAX,19990817,5256.85,5301.49,5223.40,5259.91,0
DAX,19990818,5272.58,5293.26,5217.55,5230.47,0
DAX,19990819,5213.21,5235.08,5165.81,5186.85,0
DAX,19990820,5200.24,5260.96,5200.24,5254.14,0
DAX,19990823,5267.29,5314.27,5267.29,5301.98,0
DAX,19990824,5328.73,5342.23,5268.24,5324.02,0
DAX,19990825,5321.41,5414.52,5300.79,5400.32,0
DAX,19990826,5433.94,5455.84,5354.60,5389.34,0
DAX,19990827,5368.19,5428.95,5329.62,5420.36,0
DAX,19990830,5414.42,5425.39,5363.59,5392.53,0
DAX,19990831,5346.83,5346.83,5267.17,5270.77,0
DAX,19990901,5286.58,5328.54,5273.90,5317.12,0
DAX,19990902,5337.62,5340.65,5184.01,5189.92,0
DAX,19990903,5202.54,5340.01,5199.68,5336.22,0
DAX,19990906,5343.70,5416.20,5329.79,5400.55,0
DAX,19990907,5397.48,5430.56,5364.34,5391.36,0
DAX,19990908,5387.43,5401.09,5332.84,5400.70,0
DAX,19990909,5397.45,5448.91,5370.36,5436.86,0
DAX,19990910,5438.64,5522.41,5427.13,5483.95,0
DAX,19990913,5489.60,5530.76,5440.92,5446.91,0
DAX,19990914,5457.27,5493.20,5394.51,5401.47,0
DAX,19990915,5385.42,5449.36,5342.91,5387.18,0
DAX,19990916,5356.43,5361.62,5297.74,5304.42,0
DAX,19990917,5331.52,5365.27,5290.32,5303.94,0
DAX,19990920,5327.84,5372.87,5320.04,5351.98,0
DAX,19990921,5378.91,5384.52,5247.70,5282.76,0
DAX,19990922,5236.53,5286.24,5211.70,5238.76,0
DAX,19990923,5256.43,5332.99,5228.85,5299.57,0
DAX,19990924,5220.96,5220.96,5163.21,5186.53,0
DAX,19990927,5207.66,5247.63,5201.47,5239.64,0
DAX,19990928,5254.51,5261.85,5116.88,5119.10,0
DAX,19990929,5157.17,5172.46,5069.87,5135.62,0
DAX,19990930,5127.11,5149.83,5083.67,5149.83,0
DAX,19991001,5166.57,5185.72,5078.59,5124.55,0
DAX,19991004,5134.97,5251.57,5115.09,5218.86,0
DAX,19991005,5245.83,5304.70,5224.49,5301.85,0
DAX,19991006,5275.56,5353.32,5243.43,5353.32,0
DAX,19991007,5395.32,5419.40,5353.47,5419.31,0
DAX,19991008,5409.44,5439.53,5364.35,5419.26,0
DAX,19991011,5453.08,5453.77,5396.05,5414.50,0
DAX,19991012,5409.24,5432.12,5329.85,5358.46,0
DAX,19991013,5315.57,5315.57,5264.80,5295.43,0
DAX,19991014,5270.53,5319.33,5218.52,5220.29,0
DAX,19991015,5211.66,5230.42,5101.89,5184.23,0
DAX,19991018,5160.80,5177.64,5093.84,5156.28,0
DAX,19991019,5172.37,5296.91,5150.17,5296.91,0
DAX,19991020,5291.07,5326.67,5239.35,5291.23,0
DAX,19991021,5290.19,5295.17,5211.11,5246.49,0
DAX,19991022,5272.62,5362.01,5268.81,5357.75,0
DAX,19991025,5356.70,5388.95,5300.79,5320.40,0
DAX,19991026,5306.71,5394.84,5302.28,5388.76,0
DAX,19991027,5356.71,5386.10,5324.35,5363.86,0
DAX,19991028,5360.58,5492.97,5342.31,5478.89,0
DAX,19991029,5503.19,5557.91,5492.84,5525.40,0
DAX,19991101,5518.74,5549.78,5496.77,5524.92,0
DAX,19991102,5524.42,5551.82,5474.12,5546.95,0
DAX,19991103,5532.06,5592.09,5501.86,5560.87,0
DAX,19991104,5568.92,5650.82,5561.28,5635.62,0
DAX,19991105,5639.88,5680.67,5597.57,5658.10,0
DAX,19991108,5628.74,5681.02,5613.95,5647.94,0
DAX,19991109,5654.33,5755.25,5654.33,5694.73,0
DAX,19991110,5685.50,5742.42,5661.68,5742.42,0
DAX,19991111,5714.48,5803.84,5714.48,5802.36,0
DAX,19991112,5789.50,5824.30,5750.65,5791.05,0
DAX,19991115,5792.45,5861.00,5792.45,5859.29,0
DAX,19991116,5849.56,5914.20,5809.37,5909.52,0
DAX,19991117,5912.40,5950.80,5850.66,5870.17,0
DAX,19991118,5870.67,5956.41,5856.33,5950.05,0
DAX,19991119,5955.76,6032.67,5927.78,5955.97,0
DAX,19991122,5951.70,5998.46,5812.21,5819.89,0
DAX,19991123,5822.95,5869.68,5794.14,5814.74,0
DAX,19991124,5815.09,5852.45,5765.36,5818.73,0
DAX,19991125,5812.81,5967.61,5810.21,5961.45,0
DAX,19991126,5964.97,6023.01,5943.37,5958.07,0
DAX,19991129,5953.78,5978.64,5881.52,5888.88,0
DAX,19991130,5875.49,5896.73,5808.95,5896.04,0
DAX,19991201,5891.27,5960.59,5836.73,5933.84,0
DAX,19991202,5933.00,5995.01,5912.17,5937.20,0
DAX,19991203,5942.09,6127.12,5942.09,6119.17,0
DAX,19991206,6126.72,6188.68,6095.88,6142.19,0
DAX,19991207,6141.69,6188.49,6121.73,6158.77,0
DAX,19991208,6135.27,6140.85,6051.57,6115.59,0
DAX,19991209,6100.73,6178.17,6084.95,6118.06,0
DAX,19991210,6121.68,6158.18,6067.08,6097.90,0
DAX,19991213,6106.21,6159.21,6078.01,6127.20,0
DAX,19991214,6129.31,6247.24,6103.36,6187.99,0
DAX,19991215,6191.76,6232.75,6148.21,6232.75,0
DAX,19991216,6228.93,6364.09,6220.53,6341.29,0
DAX,19991217,6342.92,6443.05,6342.92,6353.90,0
DAX,19991220,6358.48,6393.20,6296.90,6378.66,0
DAX,19991221,6372.79,6423.88,6322.09,6418.68,0
DAX,19991222,6431.51,6531.75,6431.51,6492.53,0
DAX,19991223,6503.67,6798.19,6503.67,6782.39,0
DAX,19991227,6784.37,6992.92,6784.37,6837.41,0
DAX,19991228,6839.03,6885.20,6762.11,6861.54,0
DAX,19991229,6845.37,6888.51,6812.72,6859.58,0
DAX,19991230,6858.40,6972.66,6858.40,6958.14,0
DAX,19991231,6958.10,6958.10,6958.10,6958.10,0
DAX,20000103,6961.72,7159.33,6720.87,6750.76,0
DAX,20000104,6747.24,6755.36,6510.46,6586.95,0
DAX,20000105,6585.85,6585.85,6388.91,6502.07,0
DAX,20000106,6501.45,6539.31,6402.63,6474.92,0
DAX,20000107,6489.94,6791.53,6470.14,6780.96,0
DAX,20000110,6785.47,6975.26,6785.47,6925.52,0
DAX,20000111,6926.04,6943.83,6821.26,6891.25,0
DAX,20000112,6878.92,6913.50,6783.22,6912.81,0
DAX,20000113,6913.13,7106.45,6898.69,6955.98,0
DAX,20000114,6960.29,7207.45,6960.29,7173.22,0
DAX,20000117,7177.48,7297.04,7112.97,7258.90,0
DAX,20000118,7262.21,7306.48,7053.86,7072.12,0
DAX,20000119,7065.31,7110.19,6987.12,7091.04,0
DAX,20000120,7095.98,7230.75,7076.81,7112.66,0
DAX,20000121,7103.70,7103.70,6939.94,6992.75,0
DAX,20000124,6987.59,7092.50,6921.97,6931.99,0
DAX,20000125,6928.08,6928.08,6809.64,6809.64,0
DAX,20000126,6838.05,6980.93,6838.05,6969.37,0
DAX,20000127,6983.42,7169.87,6944.65,7126.13,0
DAX,20000128,7128.01,7214.58,7040.49,7066.60,0
DAX,20000131,7054.24,7054.24,6816.54,6835.60,0
DAX,20000201,6841.12,7052.22,6841.12,7050.46,0
DAX,20000202,7063.57,7172.05,7038.71,7171.95,0
DAX,20000203,7175.87,7354.56,7134.42,7354.26,0
DAX,20000204,7355.69,7491.79,7338.15,7444.61,0
DAX,20000207,7450.79,7450.79,7270.40,7296.32,0
DAX,20000208,7295.61,7570.55,7263.19,7549.88,0
DAX,20000209,7566.68,7676.56,7526.08,7629.11,0
DAX,20000210,7617.07,7709.27,7496.42,7709.27,0
DAX,20000211,7724.36,7812.09,7586.26,7611.55,0
DAX,20000214,7569.01,7660.39,7542.30,7644.80,0
DAX,20000215,7636.41,7699.97,7396.13,7396.13,0
DAX,20000216,7401.26,7596.90,7342.65,7490.32,0
DAX,20000217,7478.32,7637.46,7394.02,7580.53,0
DAX,20000218,7584.39,7658.88,7543.50,7573.78,0
DAX,20000221,7568.34,7590.53,7447.71,7590.53,0
DAX,20000222,7580.38,7725.50,7540.36,7607.94,0
DAX,20000223,7619.83,7772.28,7619.83,7698.97,0
DAX,20000224,7696.92,7813.20,7587.08,7640.53,0
DAX,20000225,7668.70,7776.84,7640.69,7738.68,0
DAX,20000228,7732.90,7747.37,7492.23,7587.13,0
DAX,20000229,7590.90,7700.36,7590.90,7644.55,0
DAX,20000301,7645.30,7769.01,7618.60,7727.93,0
DAX,20000302,7720.90,7950.66,7639.93,7945.77,0
DAX,20000303,7952.28,8022.48,7874.57,7960.03,0
DAX,20000306,7960.09,8030.59,7925.20,7975.78,0
DAX,20000307,7971.23,8136.16,7922.32,8064.97,0
DAX,20000308,8069.98,8097.68,7949.38,7987.00,0
DAX,20000309,7984.21,8084.92,7877.19,7949.15,0
DAX,20000310,7952.51,8076.31,7952.51,7975.95,0
DAX,20000313,7977.06,7991.07,7630.31,7693.85,0
DAX,20000314,7695.79,7757.03,7630.10,7650.05,0
DAX,20000315,7633.20,7633.20,7411.76,7414.46,0
DAX,20000316,7416.64,7648.28,7416.64,7583.96,0
DAX,20000317,7594.99,7834.54,7574.52,7710.92,0
DAX,20000320,7716.24,7887.97,7716.24,7872.38,0
DAX,20000321,7865.48,7865.48,7735.74,7807.93,0
DAX,20000322,7827.56,7949.72,7787.09,7798.62,0
DAX,20000323,7803.69,7873.03,7677.08,7694.78,0
DAX,20000324,7706.50,7932.42,7706.50,7932.42,0
DAX,20000327,7932.71,7939.92,7832.06,7892.49,0
DAX,20000328,7891.15,8031.21,7880.12,7931.93,0
DAX,20000329,7930.82,7963.70,7859.44,7864.76,0
DAX,20000330,7834.56,7849.53,7610.51,7644.89,0
DAX,20000331,7649.88,7704.28,7522.70,7599.39,0
DAX,20000403,7599.78,7641.53,7404.37,7429.22,0
DAX,20000404,7431.42,7566.92,7430.18,7522.80,0
DAX,20000405,7502.09,7538.72,7205.86,7330.77,0
DAX,20000406,7345.01,7480.13,7325.72,7446.21,0
DAX,20000407,7470.39,7533.36,7399.81,7522.20,0
DAX,20000410,7534.91,7614.81,7507.93,7516.95,0
DAX,20000411,7513.12,7513.12,7366.49,7442.66,0
DAX,20000412,7438.26,7517.75,7414.38,7443.07,0
DAX,20000413,7421.06,7450.39,7302.82,7449.06,0
DAX,20000414,7440.05,7440.05,7168.90,7214.83,0
DAX,20000417,7201.66,7201.66,6890.96,7187.14,0
DAX,20000418,7186.18,7305.03,7094.92,7196.49,0
DAX,20000419,7204.33,7305.94,7146.52,7216.71,0
DAX,20000420,7216.22,7242.80,7157.95,7157.95,0
DAX,20000425,7164.15,7317.06,7096.38,7280.51,0
DAX,20000426,7293.10,7444.28,7293.10,7388.55,0
DAX,20000427,7386.61,7413.82,7156.83,7221.74,0
DAX,20000428,7223.27,7436.45,7223.27,7414.68,0
DAX,20000502,7407.53,7561.67,7405.70,7555.92,0
DAX,20000503,7547.91,7571.72,7362.75,7376.93,0
DAX,20000504,7388.68,7419.74,7321.43,7386.71,0
DAX,20000505,7391.62,7530.82,7333.48,7530.82,0
DAX,20000508,7532.97,7532.97,7383.22,7408.09,0
DAX,20000509,7407.89,7407.95,7225.18,7280.54,0
DAX,20000510,7273.56,7313.27,7102.59,7120.86,0
DAX,20000511,7111.28,7277.56,7013.70,7259.48,0
DAX,20000512,7269.87,7331.03,7206.09,7269.28,0
DAX,20000515,7266.08,7278.03,7188.25,7195.15,0
DAX,20000516,7203.58,7398.48,7203.58,7371.06,0
DAX,20000517,7370.18,7378.57,7197.83,7211.51,0
DAX,20000518,7214.50,7258.61,7158.54,7181.58,0
DAX,20000519,7182.46,7182.46,6958.92,6989.03,0
DAX,20000522,6983.46,7040.57,6818.70,6912.96,0
DAX,20000523,6918.93,7017.24,6883.39,6927.69,0
DAX,20000524,6920.14,6920.14,6794.08,6834.88,0
DAX,20000525,6846.37,6998.31,6846.37,6978.87,0
DAX,20000526,6969.01,6972.21,6833.11,6839.33,0
DAX,20000529,6956.14,7029.80,6956.14,7016.66,0
DAX,20000530,7024.60,7150.50,7024.60,7119.26,0
DAX,20000531,7127.26,7213.98,7101.14,7109.67,0
DAX,20000601,7117.57,7277.52,7117.57,7272.76,0
DAX,20000602,7286.19,7460.51,7246.17,7438.95,0
DAX,20000605,7456.22,7486.40,7354.84,7408.02,0
DAX,20000606,7404.78,7464.76,7298.23,7359.80,0
DAX,20000607,7363.66,7363.66,7241.58,7285.93,0
DAX,20000608,7293.74,7390.50,7211.97,7253.46,0
DAX,20000609,7246.46,7354.32,7233.65,7246.79,0
DAX,20000612,7251.29,7315.05,7224.72,7240.10,0
DAX,20000613,7222.77,7307.34,7173.64,7268.91,0
DAX,20000614,7292.77,7374.60,7251.23,7350.94,0
DAX,20000615,7347.75,7388.24,7324.60,7328.62,0
DAX,20000616,7344.44,7368.57,7246.77,7252.58,0
DAX,20000619,7134.17,7225.34,7134.17,7198.80,0
DAX,20000620,7207.59,7270.20,7201.88,7227.27,0
DAX,20000621,7227.05,7240.01,7090.50,7100.09,0
DAX,20000622,7112.15,7172.86,7028.34,7064.73,0
DAX,20000623,7056.82,7081.58,6976.97,6980.41,0
DAX,20000626,6986.89,7085.27,6975.07,7027.19,0
DAX,20000627,7029.55,7064.44,6966.45,7048.96,0
DAX,20000628,7050.84,7072.64,7010.67,7054.30,0
DAX,20000629,7055.42,7058.00,6851.84,6881.94,0
DAX,20000630,6882.94,6935.18,6866.85,6882.44,0
DAX,20000703,6912.97,6962.02,6842.61,6962.02,0
DAX,20000704,6958.40,6976.08,6881.14,6944.36,0
DAX,20000705,6946.73,7090.11,6946.73,6961.73,0
DAX,20000706,6947.21,6978.93,6905.24,6972.80,0
DAX,20000707,6957.01,7051.06,6919.94,7044.77,0
DAX,20000710,7052.68,7126.04,7031.33,7066.22,0
DAX,20000711,7068.09,7069.49,6955.58,7006.05,0
DAX,20000712,7015.84,7100.36,7011.68,7065.97,0
DAX,20000713,7073.81,7178.45,7008.96,7166.51,0
DAX,20000714,7193.23,7342.22,7173.42,7321.94,0
DAX,20000717,7320.10,7430.70,7320.10,7430.70,0
DAX,20000718,7417.02,7449.78,7355.31,7406.91,0
DAX,20000719,7406.24,7406.24,7321.27,7366.57,0
DAX,20000720,7364.64,7491.80,7303.91,7480.14,0
DAX,20000721,7481.19,7503.32,7374.60,7378.86,0
DAX,20000724,7377.98,7428.17,7314.20,7314.20,0
DAX,20000725,7323.24,7358.64,7294.06,7329.46,0
DAX,20000726,7330.14,7368.34,7250.22,7268.00,0
DAX,20000727,7291.14,7333.02,7170.81,7183.44,0
DAX,20000728,7188.63,7222.11,7076.37,7128.30,0
DAX,20000731,7135.39,7251.88,7112.94,7190.37,0
DAX,20000801,7194.03,7244.55,7094.93,7145.53,0
DAX,20000802,7151.50,7197.32,7068.96,7112.45,0
DAX,20000803,7113.08,7113.08,6954.60,7011.74,0
DAX,20000804,7040.25,7112.97,7007.21,7016.59,0
DAX,20000807,7020.65,7135.28,7020.65,7113.22,0
DAX,20000808,7110.47,7194.22,7079.74,7143.96,0
DAX,20000809,7129.70,7268.64,7129.70,7226.71,0
DAX,20000810,7228.70,7318.94,7213.38,7280.97,0
DAX,20000811,7289.26,7327.22,7225.03,7322.98,0
DAX,20000814,7323.87,7369.01,7297.03,7331.67,0
DAX,20000815,7336.73,7380.19,7276.04,7307.43,0
DAX,20000816,7314.57,7363.64,7291.01,7315.27,0
DAX,20000817,7320.69,7336.23,7214.68,7278.43,0
DAX,20000818,7286.32,7320.61,7216.62,7232.42,0
DAX,20000821,7233.74,7258.87,7147.15,7199.34,0
DAX,20000822,7208.39,7282.21,7208.39,7249.20,0
DAX,20000823,7257.34,7263.55,7157.85,7232.78,0
DAX,20000824,7233.78,7233.78,7213.20,7230.26,0
DAX,20000825,7232.37,7333.09,7232.37,7307.17,0
DAX,20000828,7320.93,7395.81,7310.29,7339.22,0
DAX,20000829,7342.04,7355.58,7277.17,7294.40,0
DAX,20000830,7292.46,7292.46,7176.24,7192.69,0
DAX,20000831,7190.90,7251.30,7170.70,7216.40,0
DAX,20000901,7221.41,7397.12,7221.41,7344.67,0
DAX,20000904,7355.74,7453.36,7355.74,7445.56,0
DAX,20000905,7448.08,7456.71,7369.36,7391.27,0
DAX,20000906,7397.05,7434.02,7315.15,7329.90,0
DAX,20000907,7327.66,7383.60,7283.79,7373.34,0
DAX,20000908,7373.90,7393.88,7248.94,7261.04,0
DAX,20000911,7267.68,7273.30,7196.64,7214.45,0
DAX,20000912,7213.18,7213.18,7129.03,7135.75,0
DAX,20000913,7134.56,7169.53,6994.18,7006.26,0
DAX,20000914,7010.70,7101.50,7006.64,7049.82,0
DAX,20000915,7048.88,7077.58,6976.41,6999.54,0
DAX,20000918,6959.93,6977.25,6873.40,6891.69,0
DAX,20000919,6865.87,6931.72,6839.30,6915.49,0
DAX,20000920,6953.25,6973.31,6726.46,6765.23,0
DAX,20000921,6774.26,6817.09,6581.93,6682.92,0
DAX,20000922,6677.83,6740.25,6468.46,6740.25,0
DAX,20000925,6739.28,6827.07,6739.28,6788.69,0
DAX,20000926,6779.81,6827.89,6726.24,6765.04,0
DAX,20000927,6761.93,6857.48,6716.84,6814.06,0
DAX,20000928,6809.59,6846.99,6727.32,6832.76,0
DAX,20000929,6835.13,6884.63,6771.66,6798.12,0
DAX,20001002,6800.07,6906.83,6766.10,6862.26,0
DAX,20001004,6857.48,6896.54,6760.71,6823.43,0
DAX,20001005,6819.12,6917.17,6819.12,6892.49,0
DAX,20001006,6895.71,6921.08,6712.48,6776.39,0
DAX,20001009,6776.04,6776.04,6624.55,6680.78,0
DAX,20001010,6683.69,6726.45,6655.51,6673.15,0
DAX,20001011,6668.94,6668.94,6467.29,6554.14,0
DAX,20001012,6569.86,6649.25,6383.17,6465.26,0
DAX,20001013,6452.11,6661.30,6385.55,6661.30,0
DAX,20001016,6668.12,6725.33,6578.78,6627.25,0
DAX,20001017,6622.01,6668.56,6521.75,6531.71,0
DAX,20001018,6523.75,6523.75,6297.49,6470.06,0
DAX,20001019,6489.85,6620.78,6488.69,6619.43,0
DAX,20001020,6616.76,6663.18,6533.15,6615.90,0
DAX,20001023,6614.18,6651.10,6542.87,6620.87,0
DAX,20001024,6617.73,6835.16,6603.49,6802.81,0
DAX,20001025,6794.48,6810.30,6701.31,6748.22,0
DAX,20001026,6749.01,6858.10,6718.55,6767.90,0
DAX,20001027,6768.87,6930.36,6768.87,6924.68,0
DAX,20001030,6921.33,6955.92,6880.18,6926.57,0
DAX,20001031,6928.69,7087.92,6928.69,7077.44,0
DAX,20001101,7093.84,7114.20,7015.52,7059.07,0
DAX,20001102,7067.70,7135.89,7048.88,7088.64,0
DAX,20001103,7092.02,7152.45,7072.37,7128.27,0
DAX,20001106,7139.94,7185.66,7111.50,7136.30,0
DAX,20001107,7140.25,7140.25,7028.79,7083.70,0
DAX,20001108,7075.82,7130.21,7004.93,7010.20,0
DAX,20001109,7005.20,7019.57,6930.29,6959.50,0
DAX,20001110,6962.94,7013.07,6831.40,6851.69,0
DAX,20001113,6839.98,6839.98,6690.61,6742.10,0
DAX,20001114,6740.64,6966.65,6740.64,6966.65,0
DAX,20001115,6976.16,6976.63,6882.00,6961.09,0
DAX,20001116,6950.94,6950.94,6805.15,6811.49,0
DAX,20001117,6824.00,6839.92,6724.07,6752.29,0
DAX,20001120,6755.23,6794.41,6598.42,6605.53,0
DAX,20001121,6594.88,6679.87,6571.56,6666.06,0
DAX,20001122,6669.75,6669.75,6474.50,6510.54,0
DAX,20001123,6508.53,6617.79,6476.63,6596.93,0
DAX,20001124,6607.98,6710.45,6572.34,6664.18,0
DAX,20001127,6665.25,6804.22,6665.25,6696.91,0
DAX,20001128,6696.71,6717.74,6603.61,6625.56,0
DAX,20001129,6609.76,6655.36,6534.82,6598.32,0
DAX,20001130,6598.07,6598.07,6361.43,6372.33,0
DAX,20001201,6379.26,6542.72,6379.26,6512.91,0
DAX,20001204,6507.64,6507.64,6343.45,6408.10,0
DAX,20001205,6412.15,6637.09,6412.15,6637.09,0
DAX,20001206,6645.15,6721.90,6606.43,6622.25,0
DAX,20001207,6621.61,6650.08,6495.26,6583.13,0
DAX,20001208,6567.99,6745.91,6567.99,6691.25,0
DAX,20001211,6702.25,6806.45,6702.25,6782.52,0
DAX,20001212,6781.62,6813.30,6733.59,6733.59,0
DAX,20001213,6741.59,6797.86,6585.18,6620.21,0
DAX,20001214,6617.46,6617.46,6449.58,6475.84,0
DAX,20001215,6455.21,6455.21,6331.30,6331.30,0
DAX,20001218,6337.81,6467.33,6337.81,6390.25,0
DAX,20001219,6392.44,6505.75,6309.14,6479.28,0
DAX,20001220,6467.06,6467.06,6226.64,6248.76,0
DAX,20001221,6240.12,6291.02,6110.26,6200.71,0
DAX,20001222,6210.81,6281.73,6201.44,6251.40,0
DAX,20001227,6252.11,6357.76,6252.11,6328.16,0
DAX,20001228,6337.06,6393.27,6323.00,6371.64,0
DAX,20001229,6376.10,6469.74,6364.10,6433.61,0
DAX,20010102,6431.14,6439.23,6289.82,6289.82,0
DAX,20010103,6284.87,6467.82,6172.44,6434.96,0
DAX,20010104,6443.87,6556.94,6356.92,6376.54,0
DAX,20010105,6383.33,6485.34,6344.16,6382.31,0
DAX,20010108,6368.83,6426.64,6337.95,6392.17,0
DAX,20010109,6408.06,6462.50,6354.97,6404.52,0
DAX,20010110,6402.19,6413.56,6293.49,6320.07,0
DAX,20010111,6320.94,6477.66,6320.94,6465.21,0
DAX,20010112,6480.82,6552.52,6467.12,6490.03,0
DAX,20010115,6506.70,6553.75,6481.17,6522.87,0
DAX,20010116,6521.28,6539.64,6452.62,6502.89,0
DAX,20010117,6540.04,6668.67,6540.04,6653.38,0
DAX,20010118,6642.70,6661.12,6587.51,6635.76,0
DAX,20010119,6644.42,6737.18,6632.81,6651.53,0
DAX,20010122,6652.46,6688.83,6594.19,6675.00,0
DAX,20010123,6678.22,6722.41,6601.88,6722.41,0
DAX,20010124,6723.21,6759.01,6690.72,6706.67,0
DAX,20010125,6700.97,6775.26,6677.81,6727.49,0
DAX,20010126,6713.40,6713.40,6650.34,6695.20,0
DAX,20010129,6699.10,6750.96,6659.98,6750.96,0
DAX,20010130,6746.12,6792.81,6706.16,6739.30,0
DAX,20010131,6745.90,6795.14,6720.57,6795.14,0
DAX,20010201,6788.57,6788.57,6704.68,6704.68,0
DAX,20010202,6709.90,6750.99,6624.19,6638.20,0
DAX,20010205,6633.78,6635.80,6592.21,6628.07,0
DAX,20010206,6632.49,6693.45,6620.03,6693.03,0
DAX,20010207,6691.36,6691.36,6578.96,6578.96,0
DAX,20010208,6585.40,6662.77,6580.24,6636.81,0
DAX,20010209,6637.13,6637.13,6497.07,6497.07,0
DAX,20010212,6498.93,6572.37,6498.93,6564.91,0
DAX,20010213,6567.85,6603.17,6545.02,6557.93,0
DAX,20010214,6556.09,6556.09,6444.16,6479.87,0
DAX,20010215,6480.34,6591.67,6480.34,6591.67,0
DAX,20010216,6587.46,6587.46,6439.26,6439.26,0
DAX,20010219,6441.26,6493.61,6441.26,6472.21,0
DAX,20010220,6471.03,6530.13,6425.65,6451.57,0
DAX,20010221,6453.76,6453.76,6312.14,6347.99,0
DAX,20010222,6347.43,6363.55,6216.52,6277.99,0
DAX,20010223,6279.28,6312.10,6071.35,6075.34,0
DAX,20010226,6079.97,6209.13,6079.97,6189.07,0
DAX,20010227,6191.87,6254.82,6162.51,6220.48,0
DAX,20010228,6221.70,6284.81,6170.00,6208.24,0
DAX,20010301,6212.66,6212.66,6094.76,6123.38,0
DAX,20010302,6123.59,6183.91,6052.01,6159.02,0
DAX,20010305,6172.35,6218.79,6134.02,6216.38,0
DAX,20010306,6218.12,6310.18,6218.12,6284.06,0
DAX,20010307,6274.21,6342.54,6249.70,6305.64,0
DAX,20010308,6308.73,6339.92,6245.72,6267.06,0
DAX,20010309,6264.22,6264.22,6193.33,6204.42,0
DAX,20010312,6202.37,6202.37,6043.34,6046.56,0
DAX,20010313,6038.85,6038.85,5935.07,5962.93,0
DAX,20010314,5969.51,6025.93,5663.54,5794.12,0
DAX,20010315,5819.69,5889.95,5767.06,5889.95,0
DAX,20010316,5881.62,5907.07,5728.88,5734.49,0
DAX,20010319,5732.85,5805.71,5650.30,5657.29,0
DAX,20010320,5663.66,5788.99,5663.66,5782.16,0
DAX,20010321,5780.60,5780.60,5600.89,5622.09,0
DAX,20010322,5599.02,5621.06,5351.48,5388.02,0
DAX,20010323,5396.63,5574.99,5396.63,5544.67,0
DAX,20010326,5557.82,5756.59,5557.82,5726.97,0
DAX,20010327,5724.15,5938.21,5689.18,5938.21,0
DAX,20010328,5938.21,5938.21,5775.44,5817.52,0
DAX,20010329,5812.65,5879.30,5713.56,5879.30,0
DAX,20010330,5870.10,5944.25,5805.27,5829.95,0
DAX,20010402,5843.37,5912.26,5702.93,5760.76,0
DAX,20010403,5747.05,5747.05,5511.76,5553.46,0
DAX,20010404,5537.94,5632.13,5383.99,5597.66,0
DAX,20010405,5615.08,5781.71,5615.08,5773.34,0
DAX,20010406,5790.93,5839.11,5651.83,5698.88,0
DAX,20010409,5695.77,5809.88,5657.87,5781.01,0
DAX,20010410,5787.24,5917.78,5787.24,5913.84,0
DAX,20010411,5925.30,6019.26,5879.23,5951.16,0
DAX,20010412,5953.39,6013.38,5910.46,6002.30,0
DAX,20010417,6004.32,6004.32,5827.62,5935.58,0
DAX,20010418,5941.24,6188.77,5941.24,6164.88,0
DAX,20010419,6178.01,6224.30,6107.43,6181.91,0
DAX,20010420,6176.18,6198.17,6100.87,6127.97,0
DAX,20010423,6118.24,6119.35,6032.74,6051.48,0
DAX,20010424,6059.37,6164.02,6042.69,6124.57,0
DAX,20010425,6124.21,6140.84,6060.66,6115.19,0
DAX,20010426,6120.15,6164.63,6058.46,6123.66,0
DAX,20010427,6116.83,6186.68,6075.05,6175.24,0
DAX,20010430,6176.73,6271.20,6176.73,6264.51,0
DAX,20010502,6272.03,6296.62,6185.14,6213.84,0
DAX,20010503,6211.65,6236.46,6061.59,6089.17,0
DAX,20010504,6096.62,6138.28,6001.51,6138.28,0
DAX,20010507,6137.92,6193.45,6097.98,6122.62,0
DAX,20010508,6111.60,6172.77,6071.67,6108.72,0
DAX,20010509,6107.33,6107.33,6025.86,6063.94,0
DAX,20010510,6047.17,6222.24,6047.17,6165.18,0
DAX,20010511,6161.53,6192.38,6122.89,6141.02,0
DAX,20010514,6122.45,6122.45,6040.27,6064.68,0
DAX,20010515,6072.87,6095.71,6027.45,6070.38,0
DAX,20010516,6060.75,6157.74,5960.46,6148.44,0
DAX,20010517,6167.11,6226.58,6139.67,6173.81,0
DAX,20010518,6168.64,6213.12,6124.94,6186.87,0
DAX,20010521,6193.13,6260.13,6139.24,6249.87,0
DAX,20010522,6250.32,6337.47,6245.65,6270.59,0
DAX,20010523,6259.98,6288.95,6209.27,6215.25,0
DAX,20010524,6209.98,6306.35,6193.16,6278.90,0
DAX,20010525,6281.14,6303.72,6204.54,6223.57,0
DAX,20010528,6225.66,6255.19,6189.39,6216.83,0
DAX,20010529,6219.05,6235.30,6112.81,6120.33,0
DAX,20010530,6120.46,6120.46,6041.20,6041.22,0
DAX,20010531,6035.61,6148.30,5994.66,6123.26,0
DAX,20010601,6122.96,6174.11,6054.17,6125.17,0
DAX,20010604,6134.10,6185.77,6134.10,6177.74,0
DAX,20010605,6183.21,6256.99,6154.49,6242.13,0
DAX,20010606,6242.88,6278.04,6177.17,6192.44,0
DAX,20010607,6184.78,6219.09,6156.17,6184.25,0
DAX,20010608,6197.83,6266.12,6169.09,6187.21,0
DAX,20010611,6189.06,6225.84,6138.05,6162.74,0
DAX,20010612,6174.13,6181.55,6026.06,6059.15,0
DAX,20010613,6071.15,6142.98,6071.15,6111.94,0
DAX,20010614,6109.66,6109.66,6017.00,6031.27,0
DAX,20010615,6019.67,6022.75,5889.41,5915.18,0
DAX,20010618,5921.61,5948.84,5853.07,5869.04,0
DAX,20010619,5875.31,5980.14,5875.31,5922.53,0
DAX,20010620,5907.65,5907.65,5812.70,5876.04,0
DAX,20010621,5881.70,5928.43,5833.92,5926.38,0
DAX,20010622,5922.49,5952.83,5876.33,5941.77,0
DAX,20010625,5928.50,5948.27,5866.39,5902.32,0
DAX,20010626,5898.25,5898.25,5766.73,5847.79,0
DAX,20010627,5848.13,5851.65,5814.86,5833.10,0
DAX,20010628,5835.53,5971.77,5758.69,5971.77,0
DAX,20010629,5976.02,6058.50,5955.62,6058.38,0
DAX,20010702,6053.81,6131.97,6005.80,6109.50,0
DAX,20010703,6103.90,6108.07,6038.22,6056.84,0
DAX,20010704,6060.49,6080.70,5998.83,6015.72,0
DAX,20010705,5993.83,6040.97,5947.94,5999.19,0
DAX,20010706,5992.99,5992.99,5846.63,5862.10,0
DAX,20010709,5861.92,5894.78,5778.25,5869.86,0
DAX,20010710,5869.56,5923.52,5805.74,5816.32,0
DAX,20010711,5799.77,5805.63,5731.85,5801.80,0
DAX,20010712,5814.50,5928.52,5814.50,5889.88,0
DAX,20010713,5889.30,5939.85,5847.15,5928.01,0
DAX,20010716,5927.45,5928.89,5842.14,5853.76,0
DAX,20010717,5846.39,5846.66,5787.33,5846.66,0
DAX,20010718,5838.21,5838.21,5710.71,5728.37,0
DAX,20010719,5727.48,5829.69,5707.09,5829.69,0
DAX,20010720,5820.29,5820.29,5684.56,5764.06,0
DAX,20010723,5751.13,5844.07,5700.90,5791.73,0
DAX,20010724,5780.75,5780.75,5659.26,5663.26,0
DAX,20010725,5672.97,5723.94,5551.14,5582.76,0
DAX,20010726,5594.49,5675.76,5572.21,5675.76,0
DAX,20010727,5681.30,5772.57,5681.30,5754.86,0
DAX,20010730,5749.25,5830.62,5712.48,5792.19,0
DAX,20010731,5802.49,5861.19,5754.20,5861.19,0
DAX,20010801,5859.68,5859.68,5812.59,5835.23,0
DAX,20010802,5845.63,5930.45,5764.29,5777.28,0
DAX,20010803,5777.45,5808.53,5735.88,5735.88,0
DAX,20010806,5734.24,5802.68,5708.47,5746.04,0
DAX,20010807,5747.36,5783.08,5688.57,5752.51,0
DAX,20010808,5748.68,5748.68,5609.40,5614.51,0
DAX,20010809,5595.54,5595.54,5467.72,5512.28,0
DAX,20010810,5523.06,5569.93,5387.34,5433.49,0
DAX,20010813,5441.10,5499.75,5401.49,5453.77,0
DAX,20010814,5465.75,5569.05,5465.75,5520.71,0
DAX,20010815,5521.46,5530.78,5428.51,5455.44,0
DAX,20010816,5454.37,5454.37,5334.04,5361.92,0
DAX,20010817,5370.34,5416.15,5174.30,5222.12,0
DAX,20010820,5219.75,5266.15,5124.69,5207.83,0
DAX,20010821,5215.20,5252.00,5169.50,5216.10,0
DAX,20010822,5204.31,5322.99,5141.65,5220.21,0
DAX,20010823,5232.94,5280.32,5187.14,5254.04,0
DAX,20010824,5268.80,5423.54,5268.80,5387.50,0
DAX,20010827,5397.64,5455.12,5382.12,5406.47,0
DAX,20010828,5406.26,5454.99,5286.50,5308.78,0
DAX,20010829,5290.68,5347.28,5239.99,5305.00,0
DAX,20010830,5296.30,5334.54,5157.66,5162.40,0
DAX,20010831,5160.02,5228.45,5132.27,5188.17,0
DAX,20010903,5195.67,5205.26,5062.95,5094.10,0
DAX,20010904,5102.28,5220.10,5034.72,5208.10,0
DAX,20010905,5188.30,5188.30,5028.30,5048.08,0
DAX,20010906,5058.76,5109.93,4849.03,4875.37,0
DAX,20010907,4871.41,4910.93,4713.12,4730.67,0
DAX,20010910,4725.16,4758.10,4528.07,4670.13,0
DAX,20010911,4680.80,4788.40,4130.50,4273.50,0
DAX,20010912,4259.50,4403.50,4159.70,4335.20,0
DAX,20010913,4342.60,4397.00,4277.50,4392.40,0
DAX,20010914,4385.90,4441.20,4116.00,4116.00,0
DAX,20010917,4120.56,4301.47,3983.56,4243.68,0
DAX,20010918,4237.70,4238.17,4122.11,4194.85,0
DAX,20010919,4195.98,4285.34,4014.83,4041.80,0
DAX,20010920,4044.98,4110.44,3778.18,3809.67,0
DAX,20010921,3805.00,3826.05,3539.18,3787.23,0
DAX,20010924,3792.86,4056.04,3792.86,4038.69,0
DAX,20010925,4035.31,4135.50,3948.64,4009.12,0
DAX,20010926,4014.40,4186.04,4014.40,4095.32,0
DAX,20010927,4095.35,4184.50,4048.20,4184.50,0
DAX,20010928,4197.35,4317.63,4197.35,4308.15,0
DAX,20011001,4315.06,4316.39,4183.66,4239.97,0
DAX,20011002,4239.69,4304.20,4157.60,4304.20,0
DAX,20011003,4304.01,4441.55,4181.09,4436.66,0
DAX,20011004,4440.30,4549.89,4414.55,4548.13,0
DAX,20011005,4537.52,4592.14,4441.32,4487.69,0
DAX,20011008,4469.11,4505.28,4330.54,4495.15,0
DAX,20011009,4488.47,4545.68,4436.54,4472.42,0
DAX,20011010,4471.63,4622.85,4421.96,4613.19,0
DAX,20011011,4627.72,4742.18,4616.68,4718.46,0
DAX,20011012,4720.61,4724.73,4581.36,4625.13,0
DAX,20011015,4619.59,4623.95,4496.59,4548.48,0
DAX,20011016,4542.28,4636.93,4510.75,4626.48,0
DAX,20011017,4634.10,4779.64,4609.94,4644.82,0
DAX,20011018,4628.09,4628.09,4493.84,4574.37,0
DAX,20011019,4580.68,4590.93,4445.64,4513.53,0
DAX,20011022,4518.36,4633.24,4480.16,4619.32,0
DAX,20011023,4629.49,4735.94,4629.49,4704.22,0
DAX,20011024,4689.04,4841.14,4652.25,4811.82,0
DAX,20011025,4805.03,4874.31,4651.35,4715.60,0
DAX,20011026,4719.03,4820.26,4719.03,4820.26,0
DAX,20011029,4812.60,4812.60,4659.75,4660.35,0
DAX,20011030,4658.52,4658.52,4476.61,4543.98,0
DAX,20011031,4526.85,4626.02,4457.72,4559.13,0
DAX,20011101,4556.71,4637.18,4481.55,4636.13,0
DAX,20011102,4641.36,4658.47,4568.64,4583.31,0
DAX,20011105,4588.69,4755.11,4588.69,4755.11,0
DAX,20011106,4767.61,4819.90,4707.65,4707.65,0
DAX,20011107,4715.15,4862.85,4676.25,4860.66,0
DAX,20011108,4851.38,5005.95,4833.59,4993.57,0
DAX,20011109,4990.81,4990.81,4886.31,4910.07,0
DAX,20011112,4907.61,4910.12,4648.68,4820.37,0
DAX,20011113,4825.55,4970.03,4821.82,4946.97,0
DAX,20011114,4950.74,5047.19,4939.83,4953.53,0
DAX,20011115,4960.59,5073.25,4960.59,5006.33,0
DAX,20011116,5015.56,5114.40,4989.21,5062.64,0
DAX,20011119,5071.63,5193.66,5071.63,5185.10,0
DAX,20011120,5187.19,5212.03,5016.92,5096.18,0
DAX,20011121,5091.49,5151.99,5040.61,5087.03,0
DAX,20011122,5089.90,5143.62,5083.75,5124.54,0
DAX,20011123,5131.68,5160.19,5031.39,5150.97,0
DAX,20011126,5159.81,5217.47,5106.06,5114.12,0
DAX,20011127,5117.52,5147.83,4969.18,5059.57,0
DAX,20011128,5031.15,5031.15,4915.15,4915.95,0
DAX,20011129,4897.96,4975.42,4874.23,4936.08,0
DAX,20011130,4954.20,5042.43,4954.20,4989.91,0
DAX,20011203,4986.58,4996.43,4872.25,4988.44,0
DAX,20011204,4989.03,5040.20,4978.06,5013.99,0
DAX,20011205,5020.07,5282.01,5020.07,5262.75,0
DAX,20011206,5258.47,5341.86,5241.24,5271.29,0
DAX,20011207,5277.18,5297.90,5199.03,5199.03,0
DAX,20011210,5200.54,5212.95,5113.41,5124.68,0
DAX,20011211,5121.68,5169.15,5075.43,5146.45,0
DAX,20011212,5149.38,5193.96,5028.16,5062.56,0
DAX,20011213,5053.87,5096.82,4947.82,4966.05,0
DAX,20011214,4957.10,4983.86,4901.04,4909.42,0
DAX,20011217,4913.93,5098.25,4905.28,5067.99,0
DAX,20011218,5061.84,5115.79,5037.87,5039.64,0
DAX,20011219,5036.03,5061.25,4948.28,4984.69,0
DAX,20011220,4990.92,5026.82,4924.63,4934.14,0
DAX,20011221,4930.04,5024.81,4877.57,5019.01,0
DAX,20011227,5032.87,5117.13,5032.87,5117.13,0
DAX,20011228,5110.22,5175.57,5110.22,5160.10,0
DAX,20020102,5155.26,5195.56,5107.36,5167.88,0
DAX,20020103,5175.18,5288.23,5175.18,5270.29,0
DAX,20020104,5291.60,5352.16,5262.92,5318.73,0
DAX,20020107,5327.40,5347.12,5220.99,5232.22,0
DAX,20020108,5211.23,5260.62,5185.07,5236.37,0
DAX,20020109,5228.18,5303.81,5180.32,5288.21,0
DAX,20020110,5265.81,5265.81,5172.04,5228.11,0
DAX,20020111,5228.09,5270.44,5188.43,5209.97,0
DAX,20020114,5206.23,5206.23,5055.62,5065.84,0
DAX,20020115,5059.84,5107.56,5029.48,5062.04,0
DAX,20020116,5050.35,5052.81,4974.58,4984.20,0
DAX,20020117,4985.37,5135.99,4985.37,5133.40,0
DAX,20020118,5118.27,5133.62,5065.03,5122.23,0
DAX,20020121,5122.40,5122.40,5021.21,5069.74,0
DAX,20020122,5069.84,5136.42,5028.89,5045.72,0
DAX,20020123,5048.81,5169.53,5006.26,5163.03,0
DAX,20020124,5169.03,5219.85,5146.60,5170.44,0
DAX,20020125,5168.52,5169.80,5081.72,5156.63,0
DAX,20020128,5156.52,5203.77,5129.24,5159.02,0
DAX,20020129,5165.06,5205.63,5073.07,5084.52,0
DAX,20020130,5065.62,5066.42,4980.70,5052.20,0
DAX,20020131,5068.89,5119.51,5054.42,5107.61,0
DAX,20020201,5109.59,5165.45,5082.00,5097.06,0
DAX,20020204,5087.53,5093.79,4984.48,4984.48,0
DAX,20020205,4981.47,4981.47,4869.81,4936.75,0
DAX,20020206,4937.19,4946.08,4778.36,4804.41,0
DAX,20020207,4798.03,4873.59,4730.70,4862.62,0
DAX,20020208,4850.39,4896.55,4806.78,4835.95,0
DAX,20020211,4845.24,4945.37,4845.24,4940.00,0
DAX,20020212,4945.75,4975.57,4858.81,4884.78,0
DAX,20020213,4891.01,4945.87,4834.15,4935.35,0
DAX,20020214,4945.23,4992.60,4916.55,4973.77,0
DAX,20020215,4967.51,4969.86,4856.17,4862.60,0
DAX,20020218,4865.83,4894.49,4840.88,4871.76,0
DAX,20020219,4855.70,4855.70,4757.73,4764.05,0
DAX,20020220,4765.90,4803.30,4706.01,4780.24,0
DAX,20020221,4797.93,4868.13,4788.40,4850.73,0
DAX,20020222,4846.67,4846.67,4730.15,4745.58,0
DAX,20020225,4758.83,4867.09,4731.41,4863.54,0
DAX,20020226,4863.34,4937.02,4860.27,4897.75,0
DAX,20020227,4913.00,5003.68,4913.00,4960.22,0
DAX,20020228,4945.14,5072.43,4926.62,5039.08,0
DAX,20020301,5025.96,5116.14,5003.06,5097.41,0
DAX,20020304,5107.87,5265.35,5107.87,5245.84,0
DAX,20020305,5245.71,5284.39,5208.86,5228.67,0
DAX,20020306,5223.85,5296.95,5197.32,5285.26,0
DAX,20020307,5293.48,5370.45,5267.79,5289.43,0
DAX,20020308,5293.18,5376.23,5288.87,5359.55,0
DAX,20020311,5360.04,5401.06,5298.48,5340.67,0
DAX,20020312,5338.74,5338.74,5245.18,5275.81,0
DAX,20020313,5276.78,5335.27,5238.80,5245.99,0
DAX,20020314,5245.80,5293.48,5233.66,5276.87,0
DAX,20020315,5270.86,5403.28,5253.16,5401.11,0
DAX,20020318,5399.15,5465.29,5392.13,5426.04,0
DAX,20020319,5430.71,5467.31,5413.06,5462.55,0
DAX,20020320,5453.95,5453.95,5355.32,5364.70,0
DAX,20020321,5357.23,5387.87,5312.03,5348.68,0
DAX,20020322,5348.33,5401.82,5331.00,5366.13,0
DAX,20020325,5361.20,5400.43,5306.44,5317.38,0
DAX,20020326,5314.02,5398.80,5289.93,5390.59,0
DAX,20020327,5384.68,5388.68,5332.84,5348.00,0
DAX,20020328,5350.26,5424.52,5350.26,5397.29,0
DAX,20020402,5379.64,5379.64,5289.80,5311.08,0
DAX,20020403,5293.37,5322.55,5266.06,5281.84,0
DAX,20020404,5284.20,5290.12,5211.74,5254.95,0
DAX,20020405,5250.48,5293.28,5235.10,5260.53,0
DAX,20020408,5261.37,5261.37,5128.02,5180.33,0
DAX,20020409,5194.09,5228.22,5166.24,5170.25,0
DAX,20020410,5169.99,5274.28,5139.01,5265.36,0
DAX,20020411,5270.35,5290.87,5162.07,5162.96,0
DAX,20020412,5165.31,5211.82,5148.85,5189.65,0
DAX,20020415,5194.94,5244.20,5167.19,5244.20,0
DAX,20020416,5250.19,5343.88,5246.98,5343.88,0
DAX,20020417,5357.91,5378.27,5311.23,5318.55,0
DAX,20020418,5316.53,5372.46,5194.18,5262.88,0
DAX,20020419,5263.48,5288.84,5222.22,5284.55,0
DAX,20020422,5285.42,5285.42,5173.68,5205.48,0
DAX,20020423,5211.73,5246.18,5147.87,5192.10,0
DAX,20020424,5187.13,5220.58,5144.19,5160.14,0
DAX,20020425,5158.66,5166.98,5012.86,5054.41,0
DAX,20020426,5064.79,5097.85,4984.62,5000.38,0
DAX,20020429,4994.20,5008.04,4945.42,5008.04,0
DAX,20020430,5007.24,5041.20,4929.35,5041.20,0
DAX,20020502,5043.01,5066.97,4952.16,4964.56,0
DAX,20020503,4958.78,5021.74,4872.19,4882.77,0
DAX,20020506,4884.03,4926.78,4876.58,4880.67,0
DAX,20020507,4875.35,4892.43,4773.49,4872.41,0
DAX,20020508,4878.74,5028.59,4878.74,5028.59,0
DAX,20020509,5023.98,5026.09,4952.41,4966.48,0
DAX,20020510,4961.03,4964.14,4849.09,4871.70,0
DAX,20020513,4861.15,4988.40,4832.86,4975.48,0
DAX,20020514,4981.88,5068.42,4956.01,5049.08,0
DAX,20020515,5062.10,5085.21,5001.42,5072.39,0
DAX,20020516,5066.83,5101.12,5032.08,5047.45,0
DAX,20020517,5057.96,5126.33,5021.91,5036.41,0
DAX,20020520,5046.17,5059.42,4984.54,4998.99,0
DAX,20020521,4993.43,5057.82,4948.05,4984.61,0
DAX,20020522,4971.31,4996.57,4889.33,4919.50,0
DAX,20020523,4925.05,4952.14,4859.54,4879.50,0
DAX,20020524,4890.46,4937.48,4880.55,4899.13,0
DAX,20020527,4896.84,4972.21,4896.84,4961.54,0
DAX,20020528,4969.35,5016.11,4892.75,4918.58,0
DAX,20020529,4914.54,4914.54,4855.25,4881.80,0
DAX,20020530,4873.60,4873.60,4741.95,4761.96,0
DAX,20020531,4765.92,4859.01,4765.92,4818.30,0
DAX,20020603,4818.07,4850.38,4725.88,4747.95,0
DAX,20020604,4731.24,4731.24,4580.92,4625.79,0
DAX,20020605,4632.49,4685.07,4602.15,4624.31,0
DAX,20020606,4634.22,4716.35,4617.43,4657.52,0
DAX,20020607,4630.43,4630.43,4513.00,4610.18,0
DAX,20020610,4617.19,4659.22,4544.77,4589.26,0
DAX,20020611,4587.10,4686.13,4555.17,4606.09,0
DAX,20020612,4599.06,4599.06,4480.99,4510.19,0
DAX,20020613,4517.44,4584.57,4441.65,4470.14,0
DAX,20020614,4464.93,4464.93,4252.86,4303.85,0
DAX,20020617,4317.84,4483.29,4317.84,4475.10,0
DAX,20020618,4481.02,4503.80,4398.73,4433.85,0
DAX,20020619,4423.83,4423.83,4321.90,4354.82,0
DAX,20020620,4352.31,4371.00,4199.85,4245.68,0
DAX,20020621,4244.24,4312.12,4153.31,4232.40,0
DAX,20020624,4233.87,4297.98,4045.52,4127.21,0
DAX,20020625,4129.46,4260.09,4129.46,4202.97,0
DAX,20020626,4187.12,4187.12,3946.70,4099.05,0
DAX,20020627,4103.62,4259.43,4103.62,4259.43,0
DAX,20020628,4275.29,4388.27,4275.29,4382.56,0
DAX,20020701,4377.10,4443.69,4318.23,4366.81,0
DAX,20020702,4359.17,4359.17,4163.80,4195.95,0
DAX,20020703,4202.29,4252.49,4101.58,4138.15,0
DAX,20020704,4140.43,4258.62,4140.43,4258.62,0
DAX,20020705,4268.23,4483.03,4268.23,4483.03,0
DAX,20020708,4475.89,4476.15,4393.28,4442.33,0
DAX,20020709,4445.93,4480.49,4341.85,4369.76,0
DAX,20020710,4352.77,4354.15,4188.64,4190.22,0
DAX,20020711,4179.79,4179.79,4039.23,4118.50,0
DAX,20020712,4230.80,4240.20,4084.50,4117.60,0
DAX,20020715,4124.53,4142.65,3912.51,3912.51,0
DAX,20020716,3913.12,4052.06,3825.54,3977.75,0
DAX,20020717,3978.97,4102.77,3902.57,4092.32,0
DAX,20020718,4091.45,4150.43,4044.08,4100.75,0
DAX,20020719,4079.48,4079.48,3876.71,3891.88,0
DAX,20020722,3888.11,3888.11,3638.51,3691.42,0
DAX,20020723,3720.89,3808.02,3513.16,3515.83,0
DAX,20020724,3509.26,3639.74,3270.54,3632.66,0
DAX,20020725,3648.12,3722.96,3480.37,3520.46,0
DAX,20020726,3545.30,3579.00,3373.40,3579.00,0
DAX,20020729,3584.50,3859.80,3584.50,3859.80,0
DAX,20020730,3852.93,3878.94,3744.53,3878.94,0
DAX,20020731,3863.96,3944.52,3700.14,3700.14,0
DAX,20020801,3698.15,3806.97,3547.99,3606.45,0
DAX,20020802,3574.16,3624.23,3496.97,3532.49,0
DAX,20020805,3533.30,3536.10,3328.00,3332.60,0
DAX,20020806,3319.80,3601.60,3235.40,3568.60,0
DAX,20020807,3570.10,3632.50,3440.60,3465.50,0
DAX,20020808,3473.50,3679.30,3473.50,3679.30,0
DAX,20020809,3682.70,3760.90,3607.50,3760.90,0
DAX,20020812,3750.30,3750.30,3639.50,3647.10,0
DAX,20020813,3660.40,3703.55,3553.12,3683.21,0
DAX,20020814,3677.54,3677.54,3543.45,3589.92,0
DAX,20020815,3591.48,3722.93,3591.48,3665.74,0
DAX,20020816,3665.67,3703.87,3576.01,3684.69,0
DAX,20020819,3681.67,3846.72,3628.46,3837.67,0
DAX,20020820,3842.41,3868.86,3765.08,3768.51,0
DAX,20020821,3770.75,3903.75,3770.75,3868.17,0
DAX,20020822,3873.55,3930.96,3855.94,3906.55,0
DAX,20020823,3911.22,3924.30,3815.28,3828.26,0
DAX,20020826,3830.08,3899.60,3749.93,3783.84,0
DAX,20020827,3791.43,3900.11,3770.66,3851.34,0
DAX,20020828,3836.08,3836.08,3682.31,3682.84,0
DAX,20020829,3681.29,3697.54,3580.91,3660.95,0
DAX,20020830,3658.67,3720.50,3603.04,3712.94,0
DAX,20020902,3698.69,3698.69,3602.37,3609.41,0
DAX,20020903,3595.12,3595.82,3398.99,3398.99,0
DAX,20020904,3396.80,3463.05,3352.27,3425.90,0
DAX,20020905,3429.48,3466.68,3301.81,3354.71,0
DAX,20020906,3361.67,3486.51,3352.10,3485.68,0
DAX,20020909,3480.57,3480.57,3383.68,3429.22,0
DAX,20020910,3437.11,3515.52,3437.11,3494.69,0
DAX,20020911,3507.50,3615.59,3467.22,3584.69,0
DAX,20020912,3573.22,3573.22,3421.87,3421.87,0
DAX,20020913,3406.58,3406.58,3275.28,3361.28,0
DAX,20020916,3359.33,3378.11,3288.22,3319.05,0
DAX,20020917,3321.76,3445.59,3243.81,3289.13,0
DAX,20020918,3277.41,3277.41,3111.01,3124.92,0
DAX,20020919,3136.33,3162.07,3007.47,3007.47,0
DAX,20020920,3001.88,3093.22,2956.56,3065.73,0
DAX,20020923,3063.44,3106.09,2890.30,2914.25,0
DAX,20020924,2913.16,2959.49,2774.36,2873.21,0
DAX,20020925,2872.98,2979.60,2806.83,2962.50,0
DAX,20020926,2963.12,3058.87,2932.85,3020.60,0
DAX,20020927,3020.71,3050.77,2888.45,2918.90,0
DAX,20020930,2906.60,2906.60,2723.90,2769.03,0
DAX,20021001,2772.96,2894.93,2729.57,2865.23,0
DAX,20021002,2866.26,2974.34,2817.36,2926.74,0
DAX,20021003,2923.55,2939.69,2809.84,2813.30,0
DAX,20021004,2812.15,2847.42,2677.61,2714.62,0
DAX,20021007,2710.33,2710.33,2621.86,2667.39,0
DAX,20021008,2679.02,2723.37,2542.65,2622.09,0
DAX,20021009,2617.54,2620.00,2519.30,2597.88,0
DAX,20021010,2593.26,2733.19,2548.40,2733.19,0
DAX,20021011,2731.84,2930.74,2714.41,2930.74,0
DAX,20021014,2928.63,2928.63,2793.93,2850.11,0
DAX,20021015,2856.58,3048.27,2856.58,3048.27,0
DAX,20021016,3038.18,3106.29,2966.44,3008.93,0
DAX,20021017,3021.74,3187.27,3018.09,3172.62,0
DAX,20021018,3172.34,3226.25,3083.46,3163.67,0
DAX,20021021,3151.94,3282.67,3096.12,3282.67,0
DAX,20021022,3269.80,3299.01,3141.60,3155.97,0
DAX,20021023,3164.58,3232.98,2983.64,3015.42,0
DAX,20021024,3027.36,3129.57,3020.05,3090.01,0
DAX,20021025,3089.71,3115.50,3018.74,3102.01,0
DAX,20021028,3105.29,3235.66,3105.29,3198.96,0
DAX,20021029,3188.72,3188.72,3010.74,3022.01,0
DAX,20021030,3024.90,3140.39,2999.60,3113.59,0
DAX,20021031,3115.76,3216.27,3086.62,3152.85,0
DAX,20021101,3152.19,3173.25,3056.85,3165.16,0
DAX,20021104,3167.49,3330.94,3167.49,3327.94,0
DAX,20021105,3318.17,3393.53,3268.13,3351.32,0
DAX,20021106,3356.06,3443.49,3280.90,3298.84,0
DAX,20021107,3298.51,3334.51,3130.44,3155.66,0
DAX,20021108,3157.91,3174.39,3072.81,3079.10,0
DAX,20021111,3076.25,3076.25,3006.13,3042.06,0
DAX,20021112,3067.28,3129.66,3036.85,3115.88,0
DAX,20021113,3096.70,3121.32,2987.85,3066.42,0
DAX,20021114,3063.30,3191.67,3035.72,3188.39,0
DAX,20021115,3195.99,3232.07,3151.61,3191.76,0
DAX,20021118,3195.97,3262.08,3185.06,3218.36,0
DAX,20021119,3205.76,3221.98,3144.78,3206.93,0
DAX,20021120,3210.22,3224.78,3117.02,3212.99,0
DAX,20021121,3216.54,3304.83,3216.54,3304.63,0
DAX,20021122,3302.68,3337.34,3278.00,3320.88,0
DAX,20021125,3322.78,3365.59,3278.59,3299.24,0
DAX,20021126,3299.61,3333.53,3183.30,3191.63,0
DAX,20021127,3184.47,3346.14,3148.94,3346.14,0
DAX,20021128,3342.58,3376.99,3305.44,3360.76,0
DAX,20021129,3361.06,3403.40,3320.32,3320.32,0
DAX,20021202,3332.73,3476.83,3332.73,3380.20,0
DAX,20021203,3389.13,3410.95,3278.63,3280.49,0
DAX,20021204,3275.80,3331.14,3235.58,3320.75,0
DAX,20021205,3327.75,3386.27,3189.12,3224.74,0
DAX,20021206,3221.68,3245.76,3108.76,3207.53,0
DAX,20021209,3206.36,3223.42,3065.57,3065.57,0
DAX,20021210,3062.87,3173.96,3062.87,3167.99,0
DAX,20021211,3166.46,3212.62,3134.37,3196.05,0
DAX,20021212,3193.59,3208.59,3098.26,3111.88,0
DAX,20021213,3110.79,3122.53,3034.12,3077.06,0
DAX,20021216,3074.51,3205.29,3029.74,3205.29,0
DAX,20021217,3209.65,3222.40,3136.09,3139.97,0
DAX,20021218,3136.04,3136.04,3022.69,3022.69,0
DAX,20021219,3031.98,3099.32,2925.87,2961.41,0
DAX,20021220,2970.28,3039.12,2948.56,3024.22,0
DAX,20021223,3022.31,3048.29,2961.78,3000.84,0
DAX,20021227,2996.67,2996.67,2840.00,2840.00,0
DAX,20021230,2838.87,2900.95,2836.01,2892.63,0
DAX,20030102,2898.68,3105.04,2898.68,3105.04,0
DAX,20030103,3098.89,3124.86,3070.03,3092.94,0
DAX,20030106,3101.17,3157.25,3033.77,3157.25,0
DAX,20030107,3156.56,3156.56,3069.11,3112.77,0
DAX,20030108,3108.02,3108.02,2993.00,2993.00,0
DAX,20030109,3000.24,3043.64,2932.93,3037.68,0
DAX,20030110,3037.80,3093.78,2986.75,3037.33,0
DAX,20030113,3039.91,3127.12,3039.91,3060.65,0
DAX,20030114,3063.49,3140.66,3056.07,3098.72,0
DAX,20030115,3107.61,3145.66,3036.94,3049.40,0
DAX,20030116,3047.24,3080.27,3023.32,3054.11,0
DAX,20030117,3047.11,3047.11,2918.26,2918.82,0
DAX,20030120,2927.58,2966.78,2892.93,2893.55,0
DAX,20030121,2900.88,2955.75,2860.34,2870.57,0
DAX,20030122,2866.35,2897.48,2765.56,2803.25,0
DAX,20030123,2804.13,2862.59,2776.72,2811.22,0
DAX,20030124,2813.13,2827.43,2714.89,2717.82,0
DAX,20030127,2716.42,2728.28,2615.67,2643.80,0
DAX,20030128,2649.96,2705.22,2616.04,2671.36,0
DAX,20030129,2667.69,2743.10,2563.92,2706.57,0
DAX,20030130,2711.84,2742.92,2665.52,2693.78,0
DAX,20030131,2687.72,2753.26,2622.41,2747.83,0
DAX,20030203,2750.40,2802.93,2735.58,2751.99,0
DAX,20030204,2750.04,2750.04,2618.14,2632.98,0
DAX,20030205,2626.85,2738.11,2584.88,2725.88,0
DAX,20030206,2714.12,2720.18,2617.66,2649.00,0
DAX,20030207,2649.02,2671.70,2561.73,2569.34,0
DAX,20030210,2573.26,2593.00,2528.90,2586.09,0
DAX,20030211,2593.15,2664.16,2584.68,2627.00,0
DAX,20030212,2621.45,2621.45,2565.02,2571.25,0
DAX,20030213,2566.95,2599.44,2535.04,2555.27,0
DAX,20030214,2558.25,2711.59,2558.25,2674.46,0
DAX,20030217,2683.48,2722.30,2679.95,2708.97,0
DAX,20030218,2707.57,2750.08,2673.91,2740.14,0
DAX,20030219,2734.81,2734.81,2616.91,2624.65,0
DAX,20030220,2631.48,2669.49,2575.95,2591.26,0
DAX,20030221,2591.68,2648.87,2565.14,2648.87,0
DAX,20030224,2648.49,2648.55,2571.35,2571.35,0
DAX,20030225,2563.37,2563.37,2448.98,2485.50,0
DAX,20030226,2488.92,2518.85,2433.15,2450.20,0
DAX,20030227,2453.34,2513.41,2435.64,2513.22,0
DAX,20030228,2508.89,2581.48,2480.72,2547.05,0
DAX,20030303,2553.74,2600.76,2535.30,2549.65,0
DAX,20030304,2541.81,2541.81,2477.06,2501.03,0
DAX,20030305,2495.46,2526.67,2456.40,2498.02,0
DAX,20030306,2500.64,2531.63,2433.32,2437.51,0
DAX,20030307,2433.72,2467.57,2393.59,2431.66,0
DAX,20030310,2437.32,2447.98,2328.81,2329.04,0
DAX,20030311,2324.01,2348.08,2258.57,2305.30,0
DAX,20030312,2300.11,2319.65,2188.75,2202.96,0
DAX,20030313,2203.97,2354.31,2203.97,2354.31,0
DAX,20030314,2356.36,2482.14,2356.36,2403.19,0
DAX,20030317,2398.11,2520.53,2327.87,2487.12,0
DAX,20030318,2490.78,2624.98,2490.78,2584.61,0
DAX,20030319,2576.96,2675.02,2524.52,2615.22,0
DAX,20030320,2607.76,2652.23,2551.91,2604.85,0
DAX,20030321,2607.70,2731.57,2603.85,2715.06,0
DAX,20030324,2712.62,2712.62,2548.37,2548.37,0
DAX,20030325,2541.79,2636.72,2481.71,2636.10,0
DAX,20030326,2634.89,2680.53,2579.33,2579.33,0
DAX,20030327,2583.27,2589.68,2511.96,2584.05,0
DAX,20030328,2580.96,2581.65,2498.29,2520.84,0
DAX,20030331,2506.69,2506.69,2396.60,2423.87,0
DAX,20030401,2426.24,2473.94,2395.72,2450.19,0
DAX,20030402,2462.21,2589.35,2462.21,2589.35,0
DAX,20030403,2582.95,2644.96,2557.19,2569.81,0
DAX,20030404,2573.16,2656.25,2553.67,2654.07,0
DAX,20030407,2654.76,2814.39,2654.44,2808.94,0
DAX,20030408,2798.74,2809.17,2740.61,2767.79,0
DAX,20030409,2756.62,2814.21,2696.32,2734.10,0
DAX,20030410,2730.97,2763.65,2685.80,2697.10,0
DAX,20030411,2700.61,2797.42,2700.61,2733.95,0
DAX,20030414,2741.66,2787.38,2700.33,2776.78,0
DAX,20030415,2792.06,2867.64,2792.06,2834.12,0
DAX,20030416,2843.33,2915.69,2824.68,2824.68,0
DAX,20030417,2820.35,2899.98,2801.17,2899.78,0
DAX,20030422,2898.36,2965.21,2843.80,2960.96,0
DAX,20030423,2968.80,3000.76,2932.73,2974.40,0
DAX,20030424,2967.62,2969.95,2881.04,2891.62,0
DAX,20030425,2892.46,2909.14,2828.84,2838.23,0
DAX,20030428,2834.46,2953.92,2821.35,2953.92,0
DAX,20030429,2958.12,3004.79,2908.96,2908.96,0
DAX,20030430,2914.47,2967.08,2914.42,2942.04,0
DAX,20030502,2938.72,2986.00,2888.46,2986.00,0
DAX,20030505,2991.74,3039.26,2978.71,3013.04,0
DAX,20030506,3002.40,3066.95,2977.62,3066.95,0
DAX,20030507,3063.41,3068.08,2992.79,3005.64,0
DAX,20030508,3005.12,3016.57,2884.51,2886.08,0
DAX,20030509,2892.63,2956.59,2861.70,2956.59,0
DAX,20030512,2961.14,2972.72,2871.61,2937.26,0
DAX,20030513,2941.57,2951.99,2883.31,2909.95,0
DAX,20030514,2896.74,2960.23,2888.20,2926.03,0
DAX,20030515,2926.79,2989.38,2902.52,2989.38,0
DAX,20030516,2987.45,3029.49,2952.18,2989.08,0
DAX,20030519,2976.38,2976.38,2841.02,2850.68,0
DAX,20030520,2848.19,2875.40,2820.41,2838.93,0
DAX,20030521,2841.33,2853.04,2773.77,2827.25,0
DAX,20030522,2826.47,2865.21,2817.85,2865.21,0
DAX,20030523,2867.10,2886.07,2804.13,2822.83,0
DAX,20030526,2821.54,2855.28,2812.40,2828.28,0
DAX,20030527,2827.66,2875.14,2769.45,2873.60,0
DAX,20030528,2885.53,2958.21,2885.53,2919.54,0
DAX,20030529,2914.18,2968.43,2897.10,2906.71,0
DAX,20030530,2907.73,2997.62,2906.42,2982.68,0
DAX,20030602,2990.93,3066.04,2990.93,3064.56,0
DAX,20030603,3062.86,3062.86,3003.16,3026.82,0
DAX,20030604,3030.29,3099.82,3020.16,3080.02,0
DAX,20030605,3086.65,3106.27,3020.46,3039.76,0
DAX,20030606,3080.26,3146.91,3074.39,3127.46,0
DAX,20030609,3124.59,3132.76,3075.19,3094.76,0
DAX,20030610,3088.61,3149.44,3076.77,3140.34,0
DAX,20030611,3145.52,3191.33,3133.65,3178.15,0
DAX,20030612,3180.61,3253.70,3180.61,3219.47,0
DAX,20030613,3220.82,3246.14,3157.29,3168.71,0
DAX,20030616,3156.80,3264.50,3122.40,3264.50,0
DAX,20030617,3276.16,3321.50,3264.10,3286.48,0
DAX,20030618,3280.04,3316.07,3263.33,3304.15,0
DAX,20030619,3304.24,3324.44,3217.46,3247.11,0
DAX,20030620,3237.23,3267.67,3218.05,3238.98,0
DAX,20030623,3236.96,3246.25,3173.18,3186.39,0
DAX,20030624,3185.18,3228.37,3165.25,3217.34,0
DAX,20030625,3217.23,3237.48,3180.03,3198.82,0
DAX,20030626,3194.98,3245.93,3157.70,3241.22,0
DAX,20030627,3251.87,3263.12,3207.13,3224.66,0
DAX,20030630,3228.81,3271.31,3181.76,3220.58,0
DAX,20030701,3217.21,3217.21,3120.09,3146.55,0
DAX,20030702,3148.10,3243.04,3148.10,3241.04,0
DAX,20030703,3237.05,3261.58,3196.73,3241.92,0
DAX,20030704,3237.80,3243.73,3213.61,3239.61,0
DAX,20030707,3244.94,3359.01,3244.94,3332.87,0
DAX,20030708,3335.00,3363.43,3308.79,3344.46,0
DAX,20030709,3343.13,3358.06,3299.74,3322.43,0
DAX,20030710,3322.04,3322.04,3255.93,3269.84,0
DAX,20030711,3261.58,3332.12,3261.40,3320.48,0
DAX,20030714,3349.34,3403.13,3344.98,3393.93,0
DAX,20030715,3379.99,3429.89,3374.06,3384.69,0
DAX,20030716,3385.18,3430.76,3358.68,3387.64,0
DAX,20030717,3384.86,3384.86,3312.90,3330.68,0
DAX,20030718,3328.91,3378.14,3328.06,3366.71,0
DAX,20030721,3370.07,3390.61,3281.08,3287.00,0
DAX,20030722,3295.34,3321.88,3254.19,3318.15,0
DAX,20030723,3323.70,3338.77,3277.24,3304.48,0
DAX,20030724,3305.81,3377.59,3281.95,3374.82,0
DAX,20030725,3367.71,3371.93,3313.56,3356.89,0
DAX,20030728,3360.67,3425.45,3360.67,3417.77,0
DAX,20030729,3417.51,3452.18,3373.63,3428.12,0
DAX,20030730,3418.49,3449.21,3395.74,3429.03,0
DAX,20030731,3432.75,3487.86,3399.86,3487.86,0
DAX,20030801,3481.81,3481.81,3403.03,3438.89,0
DAX,20030804,3433.72,3464.60,3363.95,3405.31,0
DAX,20030805,3414.10,3454.76,3399.20,3438.36,0
DAX,20030806,3427.49,3427.49,3318.16,3375.66,0
DAX,20030807,3370.50,3370.50,3299.77,3331.89,0
DAX,20030808,3339.87,3367.17,3309.22,3332.24,0
DAX,20030811,3333.07,3361.67,3309.85,3339.58,0
DAX,20030812,3342.59,3399.76,3342.59,3381.71,0
DAX,20030813,3388.55,3428.98,3376.30,3398.89,0
DAX,20030814,3398.13,3452.70,3379.50,3452.70,0
DAX,20030815,3449.56,3470.53,3434.23,3443.93,0
DAX,20030818,3447.58,3507.23,3447.58,3507.23,0
DAX,20030819,3511.05,3545.08,3486.44,3504.53,0
DAX,20030820,3507.25,3515.17,3461.38,3501.23,0
DAX,20030821,3501.41,3565.47,3501.41,3565.47,0
DAX,20030822,3563.30,3588.53,3534.42,3549.05,0
DAX,20030825,3547.65,3547.65,3489.77,3500.09,0
DAX,20030826,3498.89,3532.24,3438.86,3455.48,0
DAX,20030827,3462.16,3493.46,3451.81,3483.08,0
DAX,20030828,3486.37,3530.14,3465.68,3492.67,0
DAX,20030829,3510.32,3531.80,3479.92,3484.58,0
DAX,20030901,3493.34,3577.87,3493.34,3571.22,0
DAX,20030902,3570.09,3588.46,3536.26,3567.20,0
DAX,20030903,3570.25,3656.67,3570.25,3647.51,0
DAX,20030904,3638.92,3671.42,3628.95,3668.67,0
DAX,20030905,3671.93,3676.88,3597.59,3607.71,0
DAX,20030908,3612.85,3656.62,3612.39,3641.53,0
DAX,20030909,3645.88,3670.30,3583.37,3594.40,0
DAX,20030910,3586.80,3586.80,3524.17,3536.87,0
DAX,20030911,3525.50,3566.85,3495.11,3566.85,0
DAX,20030912,3564.55,3573.20,3473.79,3508.06,0
DAX,20030915,3512.28,3547.33,3506.38,3516.31,0
DAX,20030916,3522.81,3568.68,3508.87,3564.75,0
DAX,20030917,3573.29,3613.22,3551.81,3561.03,0
DAX,20030918,3562.88,3623.61,3554.01,3612.02,0
DAX,20030919,3617.13,3629.59,3578.70,3578.70,0
DAX,20030922,3578.16,3578.16,3456.27,3456.27,0
DAX,20030923,3459.40,3483.77,3396.32,3411.02,0
DAX,20030924,3414.66,3450.94,3285.98,3307.34,0
DAX,20030925,3305.54,3361.83,3301.39,3326.27,0
DAX,20030926,3325.76,3345.14,3275.54,3324.85,0
DAX,20030929,3324.00,3364.58,3280.10,3323.38,0
DAX,20030930,3317.59,3330.22,3202.87,3256.78,0
DAX,20031001,3255.76,3329.83,3217.40,3329.83,0
DAX,20031002,3330.94,3354.64,3267.99,3276.64,0
DAX,20031003,3283.38,3439.89,3283.38,3419.00,0
DAX,20031006,3414.06,3416.75,3379.53,3404.91,0
DAX,20031007,3407.72,3409.22,3332.82,3355.78,0
DAX,20031008,3357.70,3432.09,3342.91,3395.33,0
DAX,20031009,3395.03,3491.20,3389.14,3481.90,0
DAX,20031010,3479.22,3512.21,3455.96,3471.25,0
DAX,20031013,3480.13,3554.53,3480.13,3538.39,0
DAX,20031014,3543.17,3567.12,3504.46,3538.13,0
DAX,20031015,3542.25,3606.00,3540.84,3570.58,0
DAX,20031016,3568.72,3594.96,3524.10,3577.72,0
DAX,20031017,3577.64,3593.75,3510.81,3516.67,0
DAX,20031020,3520.54,3566.64,3496.57,3559.33,0
DAX,20031021,3567.35,3593.50,3536.80,3580.08,0
DAX,20031022,3560.93,3571.30,3488.75,3490.60,0
DAX,20031023,3486.91,3502.95,3423.34,3497.14,0
DAX,20031024,3495.21,3495.21,3439.09,3452.64,0
DAX,20031027,3459.07,3529.43,3459.07,3517.10,0
DAX,20031028,3531.98,3600.75,3531.98,3586.93,0
DAX,20031029,3597.52,3627.18,3583.79,3615.42,0
DAX,20031030,3620.00,3675.78,3583.47,3639.66,0
DAX,20031031,3639.36,3657.62,3612.67,3655.99,0
DAX,20031103,3657.61,3750.25,3651.77,3744.50,0
DAX,20031104,3742.53,3768.54,3724.21,3741.71,0
DAX,20031105,3737.32,3745.18,3690.87,3717.70,0
DAX,20031106,3719.85,3759.87,3683.46,3733.93,0
DAX,20031107,3744.41,3814.21,3744.41,3782.56,0
DAX,20031110,3778.27,3789.29,3737.25,3746.24,0
DAX,20031111,3739.47,3739.47,3699.99,3729.87,0
DAX,20031112,3730.14,3754.35,3696.95,3748.34,0
DAX,20031113,3756.30,3813.20,3739.25,3765.59,0
DAX,20031114,3752.18,3812.90,3746.91,3797.40,0
DAX,20031117,3792.89,3792.89,3664.95,3674.54,0
DAX,20031118,3693.08,3715.88,3644.96,3666.28,0
DAX,20031119,3659.97,3659.97,3594.61,3652.29,0
DAX,20031120,3663.63,3671.38,3576.52,3638.04,0
DAX,20031121,3637.62,3658.22,3619.92,3642.25,0
DAX,20031124,3642.70,3743.37,3642.70,3737.09,0
DAX,20031125,3744.47,3767.92,3727.80,3733.16,0
DAX,20031126,3731.29,3786.37,3712.98,3712.98,0
DAX,20031127,3741.63,3756.11,3729.18,3744.99,0
DAX,20031128,3748.23,3771.10,3692.01,3745.95,0
DAX,20031201,3752.72,3829.46,3752.72,3821.20,0
DAX,20031202,3821.64,3838.09,3788.93,3809.26,0
DAX,20031203,3808.30,3875.66,3801.76,3875.66,0
DAX,20031204,3871.50,3894.82,3848.02,3874.78,0
DAX,20031205,3856.48,3874.55,3813.60,3841.73,0
DAX,20031208,3834.89,3834.89,3778.73,3806.54,0
DAX,20031209,3812.92,3878.45,3812.92,3846.18,0
DAX,20031210,3841.87,3847.93,3798.00,3820.92,0
DAX,20031211,3833.22,3864.34,3826.93,3858.85,0
DAX,20031212,3864.59,3904.43,3847.63,3860.13,0
DAX,20031215,3866.92,3930.26,3866.92,3875.47,0
DAX,20031216,3862.82,3878.63,3835.94,3865.98,0
DAX,20031217,3870.16,3880.07,3840.96,3847.57,0
DAX,20031218,3847.32,3878.89,3823.71,3870.88,0
DAX,20031219,3881.97,3907.91,3876.44,3898.42,0
DAX,20031222,3891.67,3909.41,3870.56,3876.94,0
DAX,20031223,3884.10,3913.26,3884.10,3903.34,0
DAX,20031229,3907.57,3957.23,3907.57,3952.72,0
DAX,20031230,3957.93,3996.28,3957.93,3965.16,0
DAX,20040102,3969.04,4022.96,3969.04,4018.50,0
DAX,20040105,4019.94,4040.98,4001.49,4035.90,0
DAX,20040106,4038.42,4047.03,4003.48,4035.44,0
DAX,20040107,4039.65,4050.99,3985.95,4004.40,0
DAX,20040108,4013.15,4070.47,4013.15,4045.43,0
DAX,20040109,4059.10,4073.33,3982.83,4016.18,0
DAX,20040112,4010.05,4010.05,3980.19,3995.91,0
DAX,20040113,4006.85,4033.67,3990.61,3996.22,0
DAX,20040114,3993.33,4056.23,3980.33,4055.21,0
DAX,20040115,4047.63,4081.62,4026.91,4068.75,0
DAX,20040116,4090.80,4122.93,4090.80,4111.64,0
DAX,20040119,4111.89,4151.72,4111.89,4139.92,0
DAX,20040120,4141.33,4156.08,4101.54,4106.41,0
DAX,20040121,4109.64,4138.04,4099.47,4138.04,0
DAX,20040122,4144.04,4171.49,4129.23,4139.86,0
DAX,20040123,4140.76,4164.26,4130.86,4151.83,0
DAX,20040126,4152.09,4152.09,4116.07,4128.68,0
DAX,20040127,4141.86,4175.48,4129.12,4134.42,0
DAX,20040128,4124.49,4157.18,4105.97,4150.24,0
DAX,20040129,4117.58,4126.64,4092.05,4095.71,0
DAX,20040130,4106.65,4116.52,4048.52,4058.60,0
DAX,20040202,4062.79,4087.21,4046.30,4071.60,0
DAX,20040203,4074.42,4075.80,4019.00,4057.51,0
DAX,20040204,4050.08,4050.08,4008.80,4028.37,0
DAX,20040205,4025.40,4054.93,4009.56,4014.79,0
DAX,20040206,4015.02,4053.02,4007.87,4044.99,0
DAX,20040209,4051.36,4102.46,4051.36,4098.97,0
DAX,20040210,4100.75,4114.78,4083.33,4110.80,0
DAX,20040211,4111.89,4125.59,4101.14,4122.16,0
DAX,20040212,4138.17,4150.56,4106.31,4121.65,0
DAX,20040213,4121.45,4130.75,4047.92,4057.05,0
DAX,20040216,4054.96,4070.46,4040.49,4070.46,0
DAX,20040217,4073.77,4099.80,4070.65,4095.86,0
DAX,20040218,4096.73,4111.50,4085.29,4095.34,0
DAX,20040219,4111.81,4147.34,4111.23,4141.53,0
DAX,20040220,4124.51,4135.55,4055.56,4073.35,0
DAX,20040223,4074.11,4106.08,4065.25,4068.71,0
DAX,20040224,4067.91,4067.91,3967.87,3991.42,0
DAX,20040225,3993.30,4008.03,3960.41,3995.34,0
DAX,20040226,4008.39,4019.31,3973.80,4007.81,0
DAX,20040227,4027.36,4052.58,4017.91,4018.16,0
DAX,20040301,4026.19,4061.10,4026.19,4054.43,0
DAX,20040302,4057.08,4101.06,4057.08,4100.34,0
DAX,20040303,4088.89,4096.41,4058.11,4071.70,0
DAX,20040304,4077.31,4138.85,4077.31,4133.78,0
DAX,20040305,4136.79,4151.84,4090.90,4126.14,0
DAX,20040308,4131.34,4163.19,4131.34,4145.99,0
DAX,20040309,4143.98,4143.98,4077.03,4087.55,0
DAX,20040310,4077.64,4077.64,4024.81,4044.70,0
DAX,20040311,4040.51,4040.51,3875.59,3904.95,0
DAX,20040312,3879.63,3920.41,3824.54,3915.38,0
DAX,20040315,3908.61,3909.87,3807.94,3810.76,0
DAX,20040316,3810.88,3851.01,3775.11,3822.37,0
DAX,20040317,3828.26,3902.85,3828.26,3896.79,0
DAX,20040318,3898.38,3902.74,3821.88,3827.43,0
DAX,20040319,3838.38,3863.01,3805.15,3819.15,0
DAX,20040322,3802.53,3802.53,3696.18,3729.23,0
DAX,20040323,3722.95,3772.84,3715.41,3728.82,0
DAX,20040324,3732.30,3758.44,3692.40,3726.07,0
DAX,20040325,3729.76,3811.92,3729.76,3811.92,0
DAX,20040326,3834.85,3849.99,3802.23,3822.33,0
DAX,20040329,3828.04,3886.36,3823.67,3881.25,0
DAX,20040330,3880.40,3883.66,3845.57,3874.04,0
DAX,20040331,3876.47,3901.05,3840.11,3856.70,0
DAX,20040401,3858.34,3928.63,3857.04,3924.85,0
DAX,20040402,3924.48,4008.08,3921.50,4007.60,0
DAX,20040405,4015.23,4059.08,4006.47,4048.60,0
DAX,20040406,4064.75,4065.71,4010.73,4022.81,0
DAX,20040407,4023.71,4048.61,4000.44,4001.16,0
DAX,20040408,4030.56,4058.29,4004.57,4013.53,0
DAX,20040413,4016.09,4094.23,4016.09,4071.42,0
DAX,20040414,4058.91,4058.91,3970.02,4012.77,0
DAX,20040415,4011.27,4034.32,3989.21,4004.61,0
DAX,20040416,4004.61,4043.53,3986.62,4033.98,0
DAX,20040419,4033.00,4040.68,3995.59,4025.07,0
DAX,20040420,4034.28,4083.27,4034.28,4061.13,0
DAX,20040421,4050.47,4055.26,4013.30,4026.15,0
DAX,20040422,4043.37,4062.83,4002.45,4059.15,0
DAX,20040423,4080.37,4129.14,4080.37,4103.62,0
DAX,20040426,4105.97,4156.89,4105.97,4125.83,0
DAX,20040427,4124.69,4151.08,4112.86,4134.10,0
DAX,20040428,4130.49,4133.86,4062.59,4065.74,0
DAX,20040429,4051.25,4061.95,3987.00,4008.91,0
DAX,20040430,3998.53,4008.07,3968.86,3985.21,0
DAX,20040503,3972.88,4011.44,3945.52,4007.65,0
DAX,20040504,4002.28,4018.71,3976.21,3990.75,0
DAX,20040505,3975.66,4029.32,3964.29,4022.10,0
DAX,20040506,4011.83,4012.92,3900.51,3909.46,0
DAX,20040507,3909.61,3923.16,3852.90,3895.64,0
DAX,20040510,3894.98,3894.98,3776.36,3784.61,0
DAX,20040511,3790.71,3850.52,3790.71,3849.84,0
DAX,20040512,3846.69,3851.74,3769.88,3776.24,0
DAX,20040513,3781.75,3827.03,3779.75,3824.93,0
DAX,20040514,3824.55,3833.02,3769.59,3803.10,0
DAX,20040517,3801.47,3801.47,3710.02,3754.37,0
DAX,20040518,3756.86,3796.73,3754.06,3789.24,0
DAX,20040519,3799.43,3883.15,3799.43,3872.26,0
DAX,20040520,3855.63,3855.63,3812.04,3839.32,0
DAX,20040521,3842.24,3869.20,3808.60,3831.84,0
DAX,20040524,3842.41,3901.48,3842.41,3867.84,0
DAX,20040525,3859.64,3859.64,3809.98,3828.07,0
DAX,20040526,3830.72,3901.31,3830.72,3867.52,0
DAX,20040527,3872.03,3926.62,3872.03,3913.33,0
DAX,20040528,3921.89,3940.71,3892.31,3902.72,0
DAX,20040531,3904.39,3927.95,3898.40,3921.41,0
DAX,20040601,3924.30,3929.88,3856.04,3864.18,0
DAX,20040602,3868.94,3917.73,3868.94,3888.31,0
DAX,20040603,3890.27,3917.66,3870.84,3917.08,0
DAX,20040604,3917.80,3973.57,3913.77,3961.93,0
DAX,20040607,3973.45,4025.08,3973.45,4017.81,0
DAX,20040608,4021.79,4040.77,4003.12,4018.95,0
DAX,20040609,4024.39,4036.46,3990.64,3997.76,0
DAX,20040610,3997.21,4027.40,3992.53,4021.64,0
DAX,20040611,4017.45,4019.38,3993.27,4014.56,0
DAX,20040614,4008.61,4008.61,3939.17,3948.65,0
DAX,20040615,3946.17,3995.43,3933.12,3987.30,0
DAX,20040616,3991.08,4014.81,3991.08,4003.24,0
DAX,20040617,3996.98,4018.60,3971.77,3985.46,0
DAX,20040618,3976.30,4004.86,3966.22,3999.79,0
DAX,20040621,4008.50,4029.11,3977.80,3989.31,0
DAX,20040622,3985.42,3985.42,3916.42,3928.39,0
DAX,20040623,3933.85,3966.89,3933.85,3945.10,0
DAX,20040624,3954.21,4012.67,3954.21,4007.05,0
DAX,20040625,4006.74,4020.16,3987.02,4013.35,0
DAX,20040628,4016.82,4076.58,4004.50,4069.35,0
DAX,20040629,4067.92,4086.07,4050.22,4069.73,0
DAX,20040630,4070.07,4090.75,4052.73,4052.73,0
DAX,20040701,4078.36,4101.52,4026.56,4035.02,0
DAX,20040702,4030.46,4030.46,3990.50,3998.77,0
DAX,20040705,3998.19,4011.54,3991.16,3995.73,0
DAX,20040706,4001.54,4008.10,3935.92,3944.88,0
DAX,20040707,3944.36,3958.89,3922.46,3930.58,0
DAX,20040708,3921.42,3936.99,3894.73,3934.48,0
DAX,20040709,3932.26,3932.59,3882.75,3924.49,0
DAX,20040712,3911.54,3928.07,3884.42,3893.24,0
DAX,20040713,3897.31,3919.24,3892.14,3903.88,0
DAX,20040714,3894.57,3898.84,3851.35,3898.84,0
DAX,20040715,3898.20,3898.20,3847.19,3847.19,0
DAX,20040716,3848.14,3883.06,3837.63,3845.93,0
DAX,20040719,3845.03,3845.80,3812.63,3812.63,0
DAX,20040720,3809.36,3839.73,3785.34,3837.60,0
DAX,20040721,3849.64,3899.42,3849.64,3877.48,0
DAX,20040722,3867.21,3867.21,3796.29,3801.05,0
DAX,20040723,3805.30,3824.76,3785.29,3797.33,0
DAX,20040726,3795.66,3811.38,3749.04,3752.59,0
DAX,20040727,3755.43,3815.12,3755.43,3814.08,0
DAX,20040728,3829.04,3856.66,3797.74,3807.21,0
DAX,20040729,3815.36,3895.35,3815.36,3889.68,0
DAX,20040730,3900.89,3911.30,3867.08,3895.61,0
DAX,20040802,3891.18,3891.18,3841.73,3862.71,0
DAX,20040803,3869.14,3891.78,3864.79,3877.32,0
DAX,20040804,3867.47,3867.47,3807.25,3823.74,0
DAX,20040805,3834.27,3858.66,3828.85,3830.71,0
DAX,20040806,3818.78,3818.78,3719.46,3727.74,0
DAX,20040809,3726.51,3736.55,3666.05,3690.33,0
DAX,20040810,3691.61,3721.31,3685.92,3720.64,0
DAX,20040811,3722.61,3731.45,3636.96,3678.91,0
DAX,20040812,3683.66,3708.33,3632.45,3658.11,0
DAX,20040813,3648.89,3662.78,3618.69,3646.99,0
DAX,20040816,3643.08,3703.41,3618.58,3699.11,0
DAX,20040817,3696.21,3735.84,3679.22,3705.73,0
DAX,20040818,3704.80,3728.41,3677.93,3726.50,0
DAX,20040819,3729.87,3758.51,3706.10,3722.99,0
DAX,20040820,3704.78,3723.84,3689.86,3712.61,0
DAX,20040823,3722.23,3782.37,3722.23,3772.14,0
DAX,20040824,3771.09,3799.89,3766.39,3771.00,0
DAX,20040825,3790.13,3801.76,3770.78,3788.88,0
DAX,20040826,3796.58,3839.32,3796.58,3832.28,0
DAX,20040827,3833.49,3856.03,3811.70,3851.18,0
DAX,20040830,3848.80,3852.94,3818.75,3838.85,0
DAX,20040831,3829.74,3829.74,3778.19,3785.21,0
DAX,20040901,3794.17,3827.87,3792.25,3817.62,0
DAX,20040902,3814.99,3844.53,3797.98,3833.45,0
DAX,20040903,3834.68,3882.78,3823.20,3866.99,0
DAX,20040906,3867.45,3891.62,3867.45,3887.58,0
DAX,20040907,3888.54,3905.11,3873.53,3889.04,0
DAX,20040908,3890.69,3898.73,3875.40,3884.16,0
DAX,20040909,3867.97,3867.97,3836.04,3851.22,0
DAX,20040910,3855.41,3896.60,3855.41,3886.03,0
DAX,20040913,3890.29,3953.31,3890.29,3953.31,0
DAX,20040914,3954.49,3955.04,3933.26,3947.75,0
DAX,20040915,3949.55,3970.99,3928.32,3941.75,0
DAX,20040916,3941.57,3968.14,3940.96,3963.65,0
DAX,20040917,3962.82,4000.13,3955.82,3988.07,0
DAX,20040920,3986.33,3986.33,3954.16,3977.68,0
DAX,20040921,3977.07,3998.50,3968.63,3991.02,0
DAX,20040922,3989.85,3999.47,3935.76,3942.35,0
DAX,20040923,3927.41,3929.32,3895.13,3905.66,0
DAX,20040924,3900.52,3917.72,3887.84,3910.30,0
DAX,20040927,3905.74,3905.74,3859.37,3874.37,0
DAX,20040928,3867.50,3888.85,3848.28,3882.27,0
DAX,20040929,3883.59,3944.13,3883.59,3920.36,0
DAX,20040930,3934.59,3950.66,3887.83,3892.90,0
DAX,20041001,3895.15,3996.11,3895.15,3994.96,0
DAX,20041004,4005.64,4059.27,4005.64,4033.28,0
DAX,20041005,4034.30,4078.50,4023.75,4048.71,0
DAX,20041006,4046.30,4062.19,4030.74,4049.66,0
DAX,20041007,4062.94,4077.33,4034.26,4043.36,0
DAX,20041008,4028.79,4065.98,4001.52,4015.54,0
DAX,20041011,4011.83,4026.99,4004.93,4017.82,0
DAX,20041012,4011.22,4011.22,3943.74,3957.60,0
DAX,20041013,3968.50,4015.70,3968.50,3976.03,0
DAX,20041014,3961.34,3961.34,3928.90,3940.46,0
DAX,20041015,3937.21,3937.21,3897.48,3922.11,0
DAX,20041018,3926.51,3937.40,3897.61,3915.17,0
DAX,20041019,3944.74,3983.45,3944.74,3964.13,0
DAX,20041020,3918.36,3918.36,3889.72,3912.40,0
DAX,20041021,3929.36,3947.10,3894.88,3934.06,0
DAX,20041022,3932.62,3968.47,3924.43,3935.14,0
DAX,20041025,3880.48,3880.48,3838.98,3854.41,0
DAX,20041026,3861.50,3870.89,3843.58,3862.26,0
DAX,20041027,3882.02,3929.03,3866.17,3929.03,0
DAX,20041028,3951.70,3975.82,3947.93,3959.59,0
DAX,20041029,3965.00,3994.19,3950.30,3960.25,0
DAX,20041101,3961.18,4017.85,3959.25,4012.64,0
DAX,20041102,4017.83,4042.36,4010.60,4037.57,0
DAX,20041103,4061.41,4073.53,4028.24,4039.04,0
DAX,20041104,4032.61,4041.38,4013.87,4041.38,0
DAX,20041105,4075.01,4111.78,4048.05,4063.58,0
DAX,20041108,4063.83,4081.01,4051.61,4068.97,0
DAX,20041109,4075.63,4086.06,4058.99,4065.33,0
DAX,20041110,4074.43,4103.51,4074.43,4089.13,0
DAX,20041111,4081.06,4141.15,4078.09,4130.81,0
DAX,20041112,4149.01,4162.37,4135.88,4143.35,0
DAX,20041115,4162.93,4171.98,4130.11,4134.34,0
DAX,20041116,4139.49,4144.02,4106.87,4117.22,0
DAX,20041117,4126.60,4183.41,4116.21,4183.41,0
DAX,20041118,4167.15,4191.04,4160.28,4178.68,0
DAX,20041119,4179.76,4202.45,4133.22,4134.89,0
DAX,20041122,4115.91,4123.98,4088.59,4123.98,0
DAX,20041123,4143.72,4160.22,4107.40,4113.37,0
DAX,20041124,4140.25,4140.25,4114.27,4125.30,0
DAX,20041125,4137.06,4161.55,4131.13,4160.35,0
DAX,20041126,4147.03,4159.13,4135.53,4154.27,0
DAX,20041129,4160.89,4219.05,4146.98,4146.98,0
DAX,20041130,4161.62,4165.52,4113.48,4126.00,0
DAX,20041201,4108.55,4187.71,4107.62,4186.03,0
DAX,20041202,4202.72,4227.83,4186.33,4216.40,0
DAX,20041203,4225.38,4233.52,4191.10,4208.87,0
DAX,20041206,4199.25,4204.44,4184.36,4193.91,0
DAX,20041207,4197.50,4231.46,4192.28,4211.10,0
DAX,20041208,4185.07,4213.43,4172.55,4201.35,0
DAX,20041209,4197.95,4206.61,4131.24,4150.41,0
DAX,20041210,4167.54,4182.96,4153.41,4174.55,0
DAX,20041213,4189.34,4228.99,4188.21,4219.24,0
DAX,20041214,4234.36,4250.05,4224.18,4231.30,0
DAX,20041215,4239.39,4243.76,4211.93,4213.69,0
DAX,20041216,4216.36,4235.78,4216.05,4233.71,0
DAX,20041217,4235.78,4241.82,4173.59,4182.27,0
DAX,20041220,4178.17,4227.69,4176.38,4211.55,0
DAX,20041221,4201.43,4221.61,4199.42,4214.39,0
DAX,20041222,4232.44,4252.20,4229.83,4241.28,0
DAX,20041223,4234.05,4253.68,4234.05,4251.62,0
DAX,20041227,4254.41,4262.24,4235.36,4235.36,0
DAX,20041228,4253.81,4262.05,4242.59,4261.79,0
DAX,20041229,4270.56,4272.18,4240.02,4247.75,0
DAX,20041230,4254.38,4261.96,4251.06,4256.08,0
DAX,20050103,4260.92,4310.30,4251.37,4291.53,0
DAX,20050104,4281.63,4306.69,4276.55,4290.50,0
DAX,20050105,4262.21,4274.65,4242.07,4258.24,0
DAX,20050106,4260.37,4300.99,4260.37,4300.94,0
DAX,20050107,4297.99,4325.77,4288.26,4316.40,0
DAX,20050110,4311.86,4324.38,4291.25,4307.37,0
DAX,20050111,4305.86,4314.38,4247.78,4258.01,0
DAX,20050112,4257.64,4258.34,4193.24,4208.82,0
DAX,20050113,4218.21,4234.09,4200.62,4212.14,0
DAX,20050114,4191.14,4236.09,4191.14,4232.36,0
DAX,20050117,4235.94,4254.38,4235.94,4245.51,0
DAX,20050118,4239.54,4256.22,4207.74,4250.71,0
DAX,20050119,4259.67,4269.73,4241.04,4245.55,0
DAX,20050120,4230.74,4230.74,4198.94,4220.43,0
DAX,20050121,4213.28,4221.83,4198.34,4213.70,0
DAX,20050124,4195.37,4201.89,4160.83,4201.89,0
DAX,20050125,4193.54,4241.34,4189.51,4233.95,0
DAX,20050126,4235.80,4245.08,4211.61,4214.12,0
DAX,20050127,4209.93,4224.30,4185.63,4216.41,0
DAX,20050128,4225.36,4235.34,4188.21,4201.81,0
DAX,20050131,4211.86,4258.41,4211.86,4254.85,0
DAX,20050201,4256.65,4281.05,4249.69,4279.97,0
DAX,20050202,4282.55,4300.05,4279.90,4296.31,0
DAX,20050203,4297.16,4302.40,4273.42,4281.64,0
DAX,20050204,4295.39,4340.27,4295.25,4339.28,0
DAX,20050207,4342.75,4373.90,4342.75,4366.35,0
DAX,20050208,4369.07,4376.60,4356.45,4371.39,0
DAX,20050209,4373.48,4387.22,4344.46,4353.15,0
DAX,20050210,4362.54,4367.91,4338.96,4342.01,0
DAX,20050211,4355.22,4391.79,4355.22,4387.80,0
DAX,20050214,4395.37,4398.79,4372.52,4386.40,0
DAX,20050215,4386.33,4409.09,4377.30,4402.03,0
DAX,20050216,4392.79,4392.79,4348.66,4368.77,0
DAX,20050217,4370.32,4387.90,4359.63,4369.68,0
DAX,20050218,4363.47,4387.48,4351.02,4359.47,0
DAX,20050221,4363.21,4373.15,4342.21,4353.34,0
DAX,20050222,4347.30,4350.10,4304.55,4323.21,0
DAX,20050223,4293.65,4310.66,4276.01,4310.66,0
DAX,20050224,4304.74,4311.68,4288.62,4304.29,0
DAX,20050225,4327.70,4352.16,4327.10,4348.64,0
DAX,20050228,4360.34,4375.80,4346.24,4350.49,0
DAX,20050301,4345.24,4388.42,4335.04,4383.62,0
DAX,20050302,4374.95,4396.67,4363.86,4393.43,0
DAX,20050303,4378.72,4399.88,4371.65,4373.27,0
DAX,20050304,4380.73,4424.28,4373.30,4423.52,0
DAX,20050307,4424.77,4435.31,4417.56,4428.09,0
DAX,20050308,4417.11,4422.89,4388.11,4396.50,0
DAX,20050309,4395.24,4428.54,4365.23,4375.60,0
DAX,20050310,4358.29,4365.41,4330.21,4337.68,0
DAX,20050311,4359.93,4379.94,4353.56,4360.49,0
DAX,20050314,4353.73,4371.28,4340.02,4367.30,0
DAX,20050315,4370.38,4392.17,4369.84,4387.69,0
DAX,20050316,4378.96,4384.77,4301.38,4309.11,0
DAX,20050317,4307.73,4322.82,4295.70,4315.92,0
DAX,20050318,4316.93,4339.50,4310.46,4327.18,0
DAX,20050321,4322.47,4336.81,4295.39,4296.36,0
DAX,20050322,4301.24,4323.96,4281.75,4320.69,0
DAX,20050323,4291.38,4325.20,4275.55,4317.20,0
DAX,20050324,4325.24,4347.72,4315.73,4343.60,0
DAX,20050329,4331.96,4352.15,4308.92,4351.89,0
DAX,20050330,4325.97,4347.52,4320.01,4347.52,0
DAX,20050331,4369.27,4376.27,4344.63,4348.77,0
DAX,20050401,4348.03,4393.20,4347.53,4373.53,0
DAX,20050404,4355.84,4357.97,4323.24,4341.39,0
DAX,20050405,4356.62,4366.71,4352.85,4362.61,0
DAX,20050406,4373.16,4379.18,4360.81,4379.18,0
DAX,20050407,4368.35,4394.18,4354.78,4389.52,0
DAX,20050408,4399.44,4413.24,4393.43,4400.68,0
DAX,20050411,4388.81,4406.11,4380.48,4396.09,0
DAX,20050412,4395.88,4401.80,4366.25,4372.12,0
DAX,20050413,4395.34,4410.95,4393.06,4405.69,0
DAX,20050414,4385.61,4422.88,4380.87,4402.05,0
DAX,20050415,4381.45,4384.51,4309.25,4312.25,0
DAX,20050418,4266.27,4266.27,4182.86,4202.20,0
DAX,20050419,4211.26,4225.56,4192.33,4204.61,0
DAX,20050420,4215.19,4224.21,4166.53,4178.62,0
DAX,20050421,4160.26,4210.82,4159.95,4193.70,0
DAX,20050422,4210.18,4235.40,4208.75,4223.04,0
DAX,20050425,4214.97,4249.86,4204.93,4246.96,0
DAX,20050426,4247.05,4247.47,4209.95,4233.76,0
DAX,20050427,4219.65,4219.65,4157.51,4189.02,0
DAX,20050428,4204.72,4215.35,4159.87,4178.10,0
DAX,20050429,4163.23,4208.32,4159.66,4184.84,0
DAX,20050502,4208.63,4235.64,4205.05,4224.02,0
DAX,20050503,4229.99,4245.67,4218.06,4245.54,0
DAX,20050504,4249.19,4264.80,4225.21,4264.35,0
DAX,20050505,4271.03,4306.15,4271.03,4299.51,0
DAX,20050506,4297.14,4314.98,4276.16,4311.06,0
DAX,20050509,4305.69,4306.32,4277.64,4292.41,0
DAX,20050510,4299.64,4306.18,4245.26,4251.13,0
DAX,20050511,4246.88,4273.28,4232.40,4244.16,0
DAX,20050512,4265.22,4280.69,4255.38,4267.05,0
DAX,20050513,4255.62,4275.81,4241.67,4275.70,0
DAX,20050516,4266.82,4273.88,4251.99,4262.18,0
DAX,20050517,4274.29,4276.93,4232.67,4251.77,0
DAX,20050518,4273.99,4326.21,4268.63,4324.60,0
DAX,20050519,4338.17,4364.41,4337.53,4360.42,0
DAX,20050520,4358.66,4379.57,4351.33,4360.68,0
DAX,20050523,4383.02,4410.73,4374.49,4406.95,0
DAX,20050524,4412.42,4413.59,4382.91,4396.64,0
DAX,20050525,4393.43,4404.56,4377.32,4389.54,0
DAX,20050526,4391.58,4442.94,4389.29,4436.60,0
DAX,20050527,4442.66,4453.01,4431.59,4444.71,0
DAX,20050530,4445.21,4482.02,4440.36,4480.43,0
DAX,20050531,4480.00,4480.68,4459.20,4460.63,0
DAX,20050601,4467.32,4530.07,4467.04,4527.17,0
DAX,20050602,4521.71,4542.83,4515.04,4532.17,0
DAX,20050603,4544.73,4551.89,4501.17,4510.39,0
DAX,20050606,4514.59,4521.89,4490.12,4497.26,0
DAX,20050607,4507.61,4570.43,4507.61,4566.01,0
DAX,20050608,4552.09,4567.13,4543.75,4557.29,0
DAX,20050609,4550.92,4568.20,4535.51,4562.75,0
DAX,20050610,4580.91,4601.05,4571.32,4586.10,0
DAX,20050613,4597.33,4604.25,4567.09,4599.21,0
DAX,20050614,4593.81,4598.81,4579.32,4591.69,0
DAX,20050615,4601.47,4608.29,4537.91,4548.42,0
DAX,20050616,4563.75,4585.79,4554.42,4579.87,0
DAX,20050617,4588.20,4623.58,4585.03,4604.57,0
DAX,20050620,4601.99,4603.10,4560.49,4586.86,0
DAX,20050621,4600.15,4615.87,4594.98,4608.11,0
DAX,20050622,4610.41,4635.71,4599.17,4619.60,0
DAX,20050623,4624.79,4637.34,4604.19,4627.48,0
DAX,20050624,4602.35,4602.35,4561.37,4566.48,0
DAX,20050627,4547.27,4547.27,4517.44,4523.82,0
DAX,20050628,4530.79,4557.46,4528.42,4557.46,0
DAX,20050629,4569.29,4597.16,4560.08,4583.63,0
DAX,20050630,4577.56,4607.21,4576.03,4586.28,0
DAX,20050701,4584.44,4623.80,4579.51,4616.33,0
DAX,20050704,4620.86,4627.35,4610.31,4623.41,0
DAX,20050705,4621.42,4624.08,4578.08,4603.65,0
DAX,20050706,4607.57,4636.96,4607.57,4615.49,0
DAX,20050707,4595.23,4595.23,4444.94,4530.18,0
DAX,20050708,4560.43,4597.97,4559.57,4597.97,0
DAX,20050711,4616.36,4663.38,4616.36,4663.38,0
DAX,20050712,4661.77,4666.08,4637.62,4653.03,0
DAX,20050713,4656.91,4682.82,4655.92,4679.89,0
DAX,20050714,4686.80,4715.47,4686.80,4699.27,0
DAX,20050715,4702.00,4723.65,4691.20,4712.90,0
DAX,20050718,4717.59,4732.70,4705.29,4719.57,0
DAX,20050719,4725.72,4770.54,4719.29,4770.54,0
DAX,20050720,4759.51,4785.92,4757.56,4784.50,0
DAX,20050721,4803.77,4865.72,4803.29,4829.87,0
DAX,20050722,4826.15,4852.36,4815.41,4836.90,0
DAX,20050725,4843.69,4853.03,4819.42,4842.70,0
DAX,20050726,4835.79,4858.24,4827.89,4843.49,0
DAX,20050727,4844.06,4858.64,4839.77,4855.35,0
DAX,20050728,4870.07,4900.29,4859.94,4892.50,0
DAX,20050729,4896.46,4913.02,4874.78,4886.50,0
DAX,20050801,4905.46,4912.39,4878.17,4890.85,0
DAX,20050802,4894.46,4933.40,4894.22,4932.87,0
DAX,20050803,4930.41,4934.94,4901.51,4923.12,0
DAX,20050804,4922.59,4930.40,4870.43,4874.06,0
DAX,20050805,4856.63,4868.20,4827.18,4827.18,0
DAX,20050808,4837.05,4862.27,4827.30,4837.86,0
DAX,20050809,4835.83,4909.48,4835.35,4909.48,0
DAX,20050810,4920.77,4990.57,4920.77,4990.57,0
DAX,20050811,4966.64,4981.11,4938.15,4953.93,0
DAX,20050812,4969.24,4972.73,4929.78,4937.33,0
DAX,20050815,4935.22,4951.33,4916.09,4922.34,0
DAX,20050816,4939.73,4953.46,4875.92,4883.81,0
DAX,20050817,4872.33,4881.30,4841.34,4871.46,0
DAX,20050818,4876.60,4884.14,4834.16,4851.27,0
DAX,20050819,4854.89,4930.83,4851.88,4929.91,0
DAX,20050822,4933.74,4954.41,4929.19,4941.69,0
DAX,20050823,4925.36,4931.74,4897.14,4917.74,0
DAX,20050824,4907.16,4920.85,4874.52,4915.95,0
DAX,20050825,4886.35,4886.35,4847.90,4856.01,0
DAX,20050826,4860.21,4878.92,4783.80,4783.80,0
DAX,20050829,4756.68,4815.98,4726.33,4812.24,0
DAX,20050830,4828.07,4837.23,4784.57,4791.72,0
DAX,20050831,4795.30,4834.90,4791.47,4829.69,0
DAX,20050901,4846.66,4874.89,4816.67,4842.94,0
DAX,20050902,4841.38,4861.93,4819.10,4837.81,0
DAX,20050905,4853.60,4909.89,4850.53,4909.89,0
DAX,20050906,4903.39,4969.42,4901.90,4968.28,0
DAX,20050907,4977.92,5004.23,4967.68,4988.14,0
DAX,20050908,4990.06,4999.42,4967.96,4992.75,0
DAX,20050909,4999.11,5020.47,4971.24,5003.19,0
DAX,20050912,5028.49,5035.39,4979.85,4989.98,0
DAX,20050913,4989.72,4993.30,4899.32,4901.88,0
DAX,20050914,4906.91,4934.61,4888.03,4911.17,0
DAX,20050915,4903.85,4925.21,4888.79,4905.98,0
DAX,20050916,4913.74,5000.69,4911.74,4986.50,0
DAX,20050919,4928.14,4948.90,4872.64,4926.13,0
DAX,20050920,4934.03,4967.31,4927.98,4962.86,0
DAX,20050921,4933.56,4933.56,4870.70,4875.22,0
DAX,20050922,4857.51,4872.53,4827.86,4849.01,0
DAX,20050923,4867.04,4887.46,4855.58,4882.58,0
DAX,20050926,4938.18,5000.17,4938.18,4998.16,0
DAX,20050927,4979.84,4992.63,4957.29,4965.88,0
DAX,20050928,4983.64,5052.35,4983.64,5048.74,0
DAX,20050929,5050.87,5059.86,5003.98,5021.17,0
DAX,20050930,5055.86,5061.84,5021.14,5044.12,0
DAX,20051003,5060.99,5083.56,5050.22,5082.07,0
DAX,20051004,5084.70,5138.02,5064.80,5138.02,0
DAX,20051005,5111.66,5111.66,5067.21,5069.42,0
DAX,20051006,5037.50,5037.50,4980.62,5017.27,0
DAX,20051007,5004.13,5032.66,4984.45,5007.77,0
DAX,20051010,5027.28,5057.13,5006.57,5022.79,0
DAX,20051011,5020.30,5065.17,5020.30,5032.46,0
DAX,20051012,5005.25,5017.87,4955.82,4981.77,0
DAX,20051013,4977.74,4993.58,4929.11,4950.07,0
DAX,20051014,4954.37,4988.50,4933.16,4975.56,0
DAX,20051017,4987.66,4999.00,4965.63,4978.83,0
DAX,20051018,4982.30,4993.19,4943.19,4947.18,0
DAX,20051019,4902.22,4902.22,4825.96,4845.98,0
DAX,20051020,4903.98,4931.95,4852.56,4864.25,0
DAX,20051021,4846.80,4870.81,4831.75,4838.40,0
DAX,20051024,4838.25,4905.46,4836.41,4901.79,0
DAX,20051025,4918.04,4930.89,4871.89,4872.97,0
DAX,20051026,4877.03,4914.94,4866.57,4900.79,0
DAX,20051027,4878.35,4878.35,4793.10,4806.05,0
DAX,20051028,4802.66,4835.49,4762.75,4825.64,0
DAX,20051031,4854.59,4930.92,4854.59,4929.07,0
DAX,20051101,4922.91,4938.39,4907.69,4922.55,0
DAX,20051102,4921.11,4954.83,4891.62,4954.83,0
DAX,20051103,4973.04,5013.75,4966.33,5011.00,0
DAX,20051104,5004.28,5013.95,4976.29,4995.24,0
DAX,20051107,4994.54,5033.99,4983.75,5024.20,0
DAX,20051108,5033.43,5047.51,4993.67,5008.83,0
DAX,20051109,5018.25,5031.87,4999.12,5011.38,0
DAX,20051110,5024.06,5047.84,5003.11,5015.55,0
DAX,20051111,5079.99,5092.80,5079.99,5090.75,0
DAX,20051114,5083.27,5106.98,5075.63,5092.43,0
DAX,20051115,5082.38,5115.65,5074.48,5110.61,0
DAX,20051116,5108.06,5114.66,5063.86,5081.46,0
DAX,20051117,5097.67,5130.21,5089.67,5099.72,0
DAX,20051118,5129.12,5162.51,5108.93,5123.50,0
DAX,20051121,5140.35,5179.55,5127.07,5170.61,0
DAX,20051122,5178.96,5182.73,5161.35,5174.72,0
DAX,20051123,5194.55,5203.38,5172.79,5196.08,0
DAX,20051124,5193.15,5204.14,5171.56,5187.98,0
DAX,20051125,5186.91,5194.31,5178.65,5194.27,0
DAX,20051128,5218.28,5241.00,5167.91,5176.59,0
DAX,20051129,5167.37,5218.43,5155.34,5199.48,0
DAX,20051130,5183.78,5209.56,5166.39,5193.40,0
DAX,20051201,5210.54,5266.62,5208.49,5266.55,0
DAX,20051202,5292.20,5307.99,5275.30,5307.99,0
DAX,20051205,5303.92,5306.09,5251.86,5266.86,0
DAX,20051206,5271.35,5309.93,5267.71,5300.85,0
DAX,20051207,5292.50,5308.79,5248.73,5266.75,0
DAX,20051208,5230.83,5286.75,5222.24,5286.75,0
DAX,20051209,5268.28,5294.38,5262.04,5282.13,0
DAX,20051212,5316.46,5331.06,5290.91,5301.21,0
DAX,20051213,5305.66,5313.20,5285.67,5310.28,0
DAX,20051214,5315.16,5321.11,5274.97,5286.76,0
DAX,20051215,5294.86,5304.57,5279.33,5295.82,0
DAX,20051216,5307.50,5356.67,5307.50,5353.66,0
DAX,20051219,5342.93,5357.67,5336.27,5350.18,0
DAX,20051220,5331.82,5365.60,5322.83,5356.60,0
DAX,20051221,5367.81,5400.33,5367.68,5397.23,0
DAX,20051222,5390.01,5403.13,5387.46,5398.28,0
DAX,20051223,5410.09,5425.62,5405.92,5419.05,0
DAX,20051227,5422.07,5454.51,5419.55,5444.84,0
DAX,20051228,5437.28,5460.39,5432.30,5447.15,0
DAX,20051229,5464.00,5469.96,5447.13,5458.58,0
DAX,20051230,5446.79,5446.79,5385.07,5408.26,0
DAX,20060102,5410.24,5451.57,5409.28,5449.98,0
DAX,20060103,5451.34,5496.46,5440.74,5460.68,0
DAX,20060104,5494.46,5523.67,5477.60,5523.62,0
DAX,20060105,5521.86,5526.41,5502.25,5516.53,0
DAX,20060106,5521.52,5537.58,5507.92,5536.32,0
DAX,20060109,5543.34,5553.55,5532.84,5537.11,0
DAX,20060110,5528.06,5528.28,5482.18,5494.71,0
DAX,20060111,5524.20,5537.48,5515.67,5532.89,0
DAX,20060112,5533.25,5553.48,5516.24,5542.13,0
DAX,20060113,5531.73,5531.73,5463.78,5483.09,0
DAX,20060116,5464.98,5515.26,5462.54,5514.64,0
DAX,20060117,5481.86,5481.86,5448.87,5460.16,0
DAX,20060118,5419.18,5426.82,5363.64,5395.61,0
DAX,20060119,5411.34,5438.91,5410.29,5430.84,0
DAX,20060120,5438.07,5447.37,5344.52,5349.02,0
DAX,20060123,5311.90,5350.24,5290.49,5348.72,0
DAX,20060124,5350.77,5369.58,5321.27,5334.30,0
DAX,20060125,5353.79,5430.09,5339.01,5427.09,0
DAX,20060126,5433.05,5549.08,5422.26,5548.91,0
DAX,20060127,5586.48,5641.19,5585.37,5631.06,0
DAX,20060130,5636.24,5670.39,5619.07,5660.03,0
DAX,20060131,5667.70,5697.01,5635.81,5674.15,0
DAX,20060201,5662.05,5733.56,5643.40,5726.53,0
DAX,20060202,5738.50,5760.63,5644.11,5649.60,0
DAX,20060203,5662.69,5686.44,5614.29,5651.58,0
DAX,20060206,5667.18,5702.76,5649.28,5666.78,0
DAX,20060207,5687.99,5696.48,5637.50,5672.92,0
DAX,20060208,5627.75,5675.56,5598.05,5666.41,0
DAX,20060209,5719.35,5743.68,5708.06,5743.68,0
DAX,20060210,5731.48,5742.85,5701.47,5701.47,0
DAX,20060213,5706.01,5756.33,5688.36,5756.33,0
DAX,20060214,5773.17,5773.87,5723.30,5763.40,0
DAX,20060215,5760.19,5778.81,5755.81,5764.37,0
DAX,20060216,5794.04,5796.79,5757.25,5789.25,0
DAX,20060217,5780.07,5809.08,5774.75,5795.48,0
DAX,20060220,5795.48,5797.49,5773.73,5793.95,0
DAX,20060221,5817.88,5845.87,5784.26,5801.04,0
DAX,20060222,5796.59,5862.06,5785.00,5862.06,0
DAX,20060223,5875.54,5881.05,5825.04,5857.88,0
DAX,20060224,5867.16,5870.79,5845.41,5870.79,0
DAX,20060227,5887.93,5915.15,5872.62,5915.15,0
DAX,20060228,5909.66,5911.17,5796.04,5796.04,0
DAX,20060301,5813.28,5866.61,5803.94,5866.61,0
DAX,20060302,5876.24,5876.24,5751.53,5783.49,0
DAX,20060303,5773.93,5807.58,5712.31,5721.46,0
DAX,20060306,5763.54,5766.50,5737.43,5754.06,0
DAX,20060307,5703.58,5746.61,5703.58,5739.28,0
DAX,20060308,5754.00,5754.00,5669.16,5673.36,0
DAX,20060309,5727.87,5735.27,5702.00,5732.22,0
DAX,20060310,5713.39,5804.92,5713.39,5804.92,0
DAX,20060313,5821.06,5858.93,5821.06,5855.16,0
DAX,20060314,5832.73,5870.88,5826.66,5870.88,0
DAX,20060315,5892.22,5903.56,5877.64,5898.48,0
DAX,20060316,5902.26,5902.26,5873.54,5897.79,0
DAX,20060317,5924.42,5942.83,5870.61,5882.38,0
DAX,20060320,5914.66,5929.79,5890.23,5902.79,0
DAX,20060321,5899.22,5911.86,5854.94,5911.86,0
DAX,20060322,5859.99,5938.02,5859.99,5932.31,0
DAX,20060323,5944.96,5952.36,5925.24,5947.11,0
DAX,20060324,5957.52,5973.14,5944.69,5973.14,0
DAX,20060327,5972.88,5973.59,5912.26,5912.26,0
DAX,20060328,5912.15,5935.88,5879.03,5890.63,0
DAX,20060329,5890.99,5914.78,5886.24,5914.78,0
DAX,20060330,5951.19,5987.55,5937.74,5984.19,0
DAX,20060331,5967.18,5987.80,5950.29,5970.08,0
DAX,20060403,6002.54,6024.54,6000.09,6024.05,0
DAX,20060404,6015.37,6024.66,5992.89,6013.85,0
DAX,20060405,6021.16,6029.23,5999.34,6029.20,0
DAX,20060406,6042.29,6043.44,6009.00,6039.77,0
DAX,20060407,6035.03,6043.83,5952.92,5952.92,0
DAX,20060410,5955.71,6003.40,5955.00,6003.40,0
DAX,20060411,5991.34,5991.34,5902.38,5908.47,0
DAX,20060412,5898.79,5905.15,5870.30,5901.25,0
DAX,20060413,5909.13,5925.40,5873.58,5918.57,0
DAX,20060418,5911.36,5911.36,5867.93,5895.60,0
DAX,20060419,5968.04,5993.76,5963.91,5993.76,0
DAX,20060420,6001.49,6080.73,5999.77,6063.28,0
DAX,20060421,6084.21,6107.03,6084.21,6094.75,0
DAX,20060424,6055.48,6087.64,6055.48,6074.10,0
DAX,20060425,6110.32,6110.32,6067.21,6078.80,0
DAX,20060426,6091.70,6115.95,6086.35,6107.12,0
DAX,20060427,6102.15,6106.37,6026.43,6067.74,0
DAX,20060428,6061.50,6061.50,6003.91,6009.89,0
DAX,20060502,6009.19,6051.29,6009.19,6051.29,0
DAX,20060503,5987.19,5991.37,5968.78,5968.96,0
DAX,20060504,5973.55,6039.32,5973.55,6039.32,0
DAX,20060509,6121.86,6140.72,6106.43,6140.72,0
DAX,20060510,6126.48,6151.42,6118.33,6118.38,0
DAX,20060511,6130.30,6154.80,6054.72,6054.72,0
DAX,20060512,6026.16,6035.61,5916.28,5916.28,0
DAX,20060515,5900.85,5900.85,5809.60,5857.03,0
DAX,20060516,5868.74,5895.76,5823.15,5851.92,0
DAX,20060517,5876.11,5890.51,5783.54,5785.55,0
DAX,20060518,5680.08,5695.77,5598.66,5666.07,0
DAX,20060519,5679.22,5693.58,5649.83,5672.28,0
DAX,20060522,5612.06,5634.32,5532.41,5546.24,0
DAX,20060523,5589.53,5693.00,5589.53,5678.49,0
DAX,20060524,5641.50,5641.50,5571.43,5587.23,0
DAX,20060525,5621.28,5706.06,5584.20,5706.06,0
DAX,20060526,5754.46,5788.36,5727.84,5788.36,0
DAX,20060529,5773.49,5773.49,5751.98,5755.02,0
DAX,20060530,5752.41,5752.41,5599.87,5622.43,0
DAX,20060531,5563.69,5692.86,5558.81,5692.86,0
DAX,20060601,5681.75,5707.59,5620.82,5707.59,0
DAX,20060602,5770.57,5770.57,5687.04,5687.04,0
DAX,20060605,5664.76,5664.76,5598.54,5621.19,0
DAX,20060606,5559.04,5581.23,5500.41,5502.81,0
DAX,20060607,5530.93,5553.60,5479.82,5543.93,0
DAX,20060608,5408.42,5471.48,5383.28,5383.28,0
DAX,20060609,5463.66,5475.92,5447.51,5464.08,0
DAX,20060612,5446.37,5462.12,5384.48,5395.55,0
DAX,20060613,5294.01,5323.12,5277.60,5292.14,0
DAX,20060614,5313.59,5327.39,5263.64,5305.99,0
DAX,20060615,5356.74,5428.29,5356.55,5422.22,0
DAX,20060616,5502.59,5502.59,5376.01,5376.01,0
DAX,20060619,5437.87,5481.49,5437.87,5481.49,0
DAX,20060620,5395.23,5493.61,5395.23,5493.61,0
DAX,20060621,5478.07,5503.41,5428.69,5503.41,0
DAX,20060622,5558.74,5566.62,5513.53,5533.42,0
DAX,20060623,5555.69,5555.69,5511.48,5529.74,0
DAX,20060626,5544.61,5544.61,5508.88,5514.63,0
DAX,20060627,5540.72,5540.72,5459.15,5459.15,0
DAX,20060628,5424.25,5482.98,5424.25,5456.87,0
DAX,20060629,5502.52,5589.52,5487.12,5581.67,0
DAX,20060630,5652.23,5691.72,5637.43,5683.31,0
DAX,20060703,5688.00,5712.69,5675.50,5712.69,0
DAX,20060704,5703.21,5729.01,5694.08,5729.01,0
DAX,20060705,5682.95,5683.75,5612.71,5625.63,0
DAX,20060706,5646.15,5695.47,5646.15,5695.47,0
DAX,20060707,5677.71,5699.52,5636.06,5681.85,0
DAX,20060710,5671.09,5706.32,5640.86,5706.32,0
DAX,20060711,5660.97,5680.15,5599.15,5616.04,0
DAX,20060712,5641.01,5700.01,5620.49,5637.82,0
DAX,20060713,5609.13,5609.13,5505.36,5527.29,0
DAX,20060714,5502.35,5504.07,5422.22,5422.22,0
DAX,20060717,5434.18,5434.18,5375.09,5416.96,0
DAX,20060718,5407.52,5442.60,5381.31,5396.85,0
DAX,20060719,5415.05,5543.38,5405.44,5539.29,0
DAX,20060720,5559.67,5587.28,5535.06,5545.82,0
DAX,20060721,5523.84,5534.74,5435.72,5451.01,0
DAX,20060725,5587.01,5595.32,5555.59,5565.76,0
DAX,20060726,5582.87,5585.65,5559.69,5583.10,0
DAX,20060727,5618.85,5661.20,5610.27,5659.07,0
DAX,20060728,5632.89,5707.44,5628.14,5705.42,0
DAX,20060731,5694.48,5698.39,5680.13,5681.97,0
DAX,20060801,5687.01,5687.01,5592.90,5596.74,0
DAX,20060802,5627.72,5680.82,5627.72,5680.82,0
DAX,20060803,5669.83,5669.83,5606.12,5640.03,0
DAX,20060804,5671.99,5728.13,5658.31,5728.13,0
DAX,20060807,5651.96,5663.85,5618.56,5626.67,0
DAX,20060808,5668.12,5668.12,5637.60,5651.92,0
DAX,20060809,5673.07,5706.59,5613.42,5702.81,0
DAX,20060810,5662.73,5662.73,5557.59,5630.96,0
DAX,20060811,5648.83,5673.20,5602.30,5628.37,0
DAX,20060814,5661.07,5701.59,5659.71,5692.00,0
DAX,20060815,5677.37,5793.05,5664.89,5776.80,0
DAX,20060816,5778.71,5826.41,5764.80,5812.94,0
DAX,20060817,5819.51,5835.35,5803.34,5833.51,0
DAX,20060818,5828.35,5849.37,5804.24,5817.02,0
DAX,20060821,5804.66,5817.09,5771.93,5794.83,0
DAX,20060822,5816.21,5831.86,5755.89,5818.41,0
DAX,20060823,5819.29,5819.29,5759.55,5775.54,0
DAX,20060824,5773.46,5847.11,5744.11,5814.08,0
DAX,20060828,5808.37,5862.33,5767.83,5854.99,0
DAX,20060829,5854.50,5880.48,5837.38,5847.02,0
DAX,20060830,5863.31,5884.51,5852.19,5867.53,0
DAX,20060831,5880.58,5886.78,5841.00,5859.57,0
DAX,20060901,5861.25,5907.16,5856.49,5876.54,0
DAX,20060904,5890.01,5917.24,5890.01,5909.72,0
DAX,20060905,5904.42,5907.49,5857.38,5884.07,0
DAX,20060906,5883.44,5883.89,5799.69,5813.06,0
DAX,20060907,5792.64,5792.64,5753.67,5773.72,0
DAX,20060908,5782.63,5811.59,5773.54,5795.26,0
DAX,20060911,5774.31,5800.71,5737.20,5798.46,0
DAX,20060912,5803.80,5878.83,5775.03,5873.85,0
DAX,20060913,5888.47,5906.98,5874.45,5906.12,0
DAX,20060914,5913.47,5935.04,5888.74,5907.37,0
DAX,20060915,5911.89,5953.72,5907.46,5937.87,0
DAX,20060918,5932.51,5950.36,5896.65,5926.33,0
DAX,20060919,5918.97,5930.14,5869.57,5873.46,0
DAX,20060920,5877.08,5962.14,5872.31,5954.38,0
DAX,20060921,5949.06,5979.87,5936.00,5962.03,0
DAX,20060922,5930.11,5930.30,5857.89,5883.32,0
DAX,20060925,5898.90,5935.02,5864.99,5901.66,0
DAX,20060926,5936.45,5977.92,5926.55,5960.63,0
DAX,20060927,5981.19,6003.51,5956.03,5989.71,0
DAX,20060928,5984.62,6002.94,5973.50,5989.16,0
DAX,20060929,5998.40,6031.55,5992.42,6004.33,0
DAX,20061002,6019.34,6031.86,5964.74,5999.46,0
DAX,20061003,5986.74,5992.22,5944.57,5992.22,0
DAX,20061004,5996.24,6050.28,5995.41,6046.37,0
DAX,20061005,6065.46,6097.87,6065.46,6075.28,0
DAX,20061006,6066.69,6088.44,6052.99,6085.82,0
DAX,20061009,6064.88,6084.55,6054.67,6084.40,0
DAX,20061010,6094.20,6127.28,6088.05,6117.71,0
DAX,20061011,6111.02,6128.20,6080.14,6119.45,0
DAX,20061012,6112.51,6164.41,6112.51,6160.28,0
DAX,20061013,6169.81,6188.69,6152.36,6173.68,0
DAX,20061016,6178.36,6189.82,6162.77,6186.54,0
DAX,20061017,6170.02,6170.02,6106.19,6115.10,0
DAX,20061018,6133.78,6210.35,6133.78,6182.78,0
DAX,20061019,6168.00,6203.90,6148.31,6177.42,0
DAX,20061020,6189.70,6218.57,6176.90,6202.82,0
DAX,20061023,6216.46,6248.80,6185.51,6242.91,0
DAX,20061024,6236.95,6251.95,6226.93,6247.52,0
DAX,20061025,6243.47,6276.74,6234.06,6264.92,0
DAX,20061026,6279.37,6304.78,6270.22,6284.19,0
DAX,20061027,6288.56,6300.37,6231.33,6262.54,0
DAX,20061030,6230.86,6263.35,6205.75,6258.19,0
DAX,20061031,6243.63,6286.70,6237.55,6268.92,0
DAX,20061101,6262.71,6311.93,6262.59,6291.90,0
DAX,20061102,6272.97,6295.67,6201.00,6223.33,0
DAX,20061103,6233.17,6279.46,6220.11,6241.15,0
DAX,20061106,6249.92,6331.19,6249.92,6330.65,0
DAX,20061107,6334.19,6363.15,6326.24,6361.96,0
DAX,20061108,6340.91,6356.41,6317.87,6349.26,0
DAX,20061109,6360.93,6366.65,6333.50,6358.68,0
DAX,20061110,6349.70,6366.46,6311.53,6357.77,0
DAX,20061113,6350.65,6403.72,6344.10,6393.73,0
DAX,20061114,6394.27,6411.24,6365.43,6387.38,0
DAX,20061115,6404.16,6434.00,6404.16,6430.89,0
DAX,20061116,6429.50,6452.13,6415.43,6443.02,0
DAX,20061117,6438.18,6451.69,6398.52,6412.36,0
DAX,20061120,6394.08,6459.53,6368.07,6452.33,0
DAX,20061121,6450.56,6476.71,6447.53,6460.39,0
DAX,20061122,6475.30,6497.06,6453.49,6476.13,0
DAX,20061123,6483.58,6494.70,6461.58,6475.25,0
DAX,20061124,6464.85,6469.25,6367.20,6411.96,0
DAX,20061127,6400.49,6419.97,6297.61,6298.17,0
DAX,20061128,6289.71,6305.65,6247.99,6281.68,0
DAX,20061129,6300.41,6365.83,6297.35,6363.80,0
DAX,20061130,6365.73,6402.71,6304.62,6309.19,0
DAX,20061201,6322.18,6360.67,6195.81,6241.13,0
DAX,20061204,6258.91,6301.43,6230.30,6295.23,0
DAX,20061205,6300.46,6381.37,6286.92,6372.80,0
DAX,20061206,6368.30,6385.44,6341.72,6369.51,0
DAX,20061207,6357.82,6440.56,6356.38,6413.03,0
DAX,20061208,6396.09,6435.38,6352.35,6427.41,0
DAX,20061211,6449.76,6476.34,6447.94,6469.42,0
DAX,20061212,6466.58,6484.10,6457.37,6476.17,0
DAX,20061213,6479.04,6521.02,6470.86,6520.77,0
DAX,20061214,6530.81,6559.38,6523.47,6552.58,0
DAX,20061215,6572.75,6605.15,6556.73,6588.83,0
DAX,20061218,6588.25,6615.68,6585.79,6597.25,0
DAX,20061219,6572.97,6577.35,6524.53,6553.51,0
DAX,20061220,6578.97,6606.47,6578.97,6586.91,0
DAX,20061221,6573.37,6595.43,6563.50,6573.96,0
DAX,20061222,6571.98,6577.01,6493.99,6503.13,0
DAX,20061227,6525.99,6611.70,6525.76,6608.86,0
DAX,20061228,6615.81,6629.33,6600.89,6611.81,0
DAX,20061229,6617.85,6627.36,6596.60,6596.92,0
DAX,20070102,6614.73,6682.81,6614.73,6681.13,0
DAX,20070103,6681.23,6704.04,6667.58,6691.32,0
DAX,20070104,6662.24,6684.11,6634.74,6674.40,0
DAX,20070105,6661.90,6665.51,6588.03,6593.09,0
DAX,20070108,6603.55,6628.36,6579.90,6607.59,0
DAX,20070109,6625.28,6665.91,6606.87,6614.37,0
DAX,20070110,6578.76,6592.97,6531.25,6566.56,0
DAX,20070111,6590.74,6695.74,6571.59,6687.30,0
DAX,20070112,6690.43,6705.17,6659.95,6705.17,0
DAX,20070115,6719.53,6746.30,6719.53,6731.74,0
DAX,20070116,6735.83,6746.63,6705.21,6716.82,0
DAX,20070117,6716.67,6732.31,6672.76,6701.70,0
DAX,20070118,6721.09,6737.98,6661.05,6689.62,0
DAX,20070119,6678.81,6754.55,6651.68,6747.17,0
DAX,20070122,6753.73,6766.57,6682.49,6687.31,0
DAX,20070123,6692.83,6704.36,6627.96,6678.93,0
DAX,20070124,6692.65,6759.95,6681.66,6748.37,0
DAX,20070125,6743.43,6771.42,6703.90,6719.58,0
DAX,20070126,6690.29,6731.36,6659.45,6690.34,0
DAX,20070129,6702.45,6739.50,6683.84,6726.01,0
DAX,20070130,6719.97,6801.27,6711.05,6788.23,0
DAX,20070131,6772.83,6805.09,6758.85,6789.11,0
DAX,20070201,6821.31,6874.77,6820.58,6851.28,0
DAX,20070202,6853.77,6904.88,6848.17,6885.76,0
DAX,20070205,6878.67,6891.13,6864.19,6874.06,0
DAX,20070206,6881.90,6906.68,6862.19,6875.70,0
DAX,20070207,6886.01,6924.46,6885.08,6915.56,0
DAX,20070208,6911.24,6918.04,6849.85,6876.73,0
DAX,20070209,6890.65,6928.98,6890.64,6911.11,0
DAX,20070212,6892.03,6892.03,6844.39,6859.45,0
DAX,20070213,6868.68,6895.52,6866.07,6895.34,0
DAX,20070214,6912.56,6965.39,6907.91,6961.18,0
DAX,20070215,6958.14,6972.44,6942.25,6958.62,0
DAX,20070216,6955.71,6979.02,6941.03,6957.07,0
DAX,20070219,6967.53,6996.01,6965.91,6987.08,0
DAX,20070220,6978.52,6987.67,6936.08,6982.91,0
DAX,20070221,6999.18,7005.34,6922.36,6941.66,0
DAX,20070222,6959.37,7012.34,6955.57,6973.73,0
DAX,20070223,6986.07,6998.27,6964.50,6992.58,0
DAX,20070226,6992.12,7040.20,6980.25,7027.59,0
DAX,20070227,6988.34,6988.34,6814.57,6819.65,0
DAX,20070228,6728.40,6775.52,6640.99,6715.44,0
DAX,20070301,6714.25,6756.25,6544.28,6640.24,0
DAX,20070302,6663.60,6703.04,6554.05,6603.32,0
DAX,20070305,6510.95,6563.45,6437.25,6534.57,0
DAX,20070306,6558.89,6607.99,6545.63,6595.00,0
DAX,20070307,6605.90,6633.87,6584.47,6617.75,0
DAX,20070308,6643.82,6713.54,6639.89,6713.23,0
DAX,20070309,6706.45,6745.06,6665.73,6716.52,0
DAX,20070312,6727.57,6752.18,6674.99,6715.49,0
DAX,20070313,6716.35,6722.83,6623.99,6623.99,0
DAX,20070314,6567.24,6567.24,6444.70,6447.70,0
DAX,20070315,6495.85,6594.33,6495.84,6585.47,0
DAX,20070316,6564.79,6614.06,6528.30,6579.87,0
DAX,20070319,6622.76,6677.34,6614.14,6671.41,0
DAX,20070320,6673.68,6703.40,6633.81,6700.29,0
DAX,20070321,6696.25,6729.65,6688.34,6712.06,0
DAX,20070322,6742.78,6872.63,6742.78,6856.96,0
DAX,20070323,6859.00,6902.62,6828.22,6899.06,0
DAX,20070326,6899.33,6903.82,6799.37,6828.82,0
DAX,20070327,6838.32,6885.34,6838.32,6858.34,0
DAX,20070328,6830.73,6843.37,6788.33,6816.89,0
DAX,20070329,6834.09,6903.48,6834.09,6897.08,0
DAX,20070330,6903.88,6965.84,6885.58,6917.03,0
DAX,20070402,6911.13,6945.36,6891.80,6937.17,0
DAX,20070403,6945.36,7053.12,6945.27,7045.56,0
DAX,20070404,7072.51,7076.21,7038.49,7073.91,0
DAX,20070405,7074.59,7103.73,7068.09,7099.91,0
DAX,20070410,7102.47,7172.08,7090.69,7166.67,0
DAX,20070411,7168.10,7201.93,7139.34,7152.83,0
DAX,20070412,7150.83,7152.38,7087.29,7142.95,0
DAX,20070413,7153.89,7213.20,7150.70,7212.07,0
DAX,20070416,7229.06,7340.25,7229.06,7338.06,0
DAX,20070417,7327.50,7365.51,7292.30,7348.83,0
DAX,20070418,7341.25,7341.25,7243.42,7282.34,0
DAX,20070419,7205.53,7248.18,7155.05,7242.73,0
DAX,20070420,7257.34,7366.59,7253.03,7342.54,0
DAX,20070423,7348.01,7358.27,7302.43,7335.62,0
DAX,20070424,7342.08,7342.08,7218.72,7270.32,0
DAX,20070425,7291.77,7363.37,7287.80,7343.08,0
DAX,20070426,7368.54,7412.53,7356.84,7387.02,0
DAX,20070427,7384.02,7395.36,7333.69,7378.12,0
DAX,20070430,7369.24,7436.30,7361.36,7408.87,0
DAX,20070502,7429.93,7462.72,7422.81,7455.93,0
DAX,20070503,7472.14,7483.22,7420.35,7476.69,0
DAX,20070504,7476.68,7526.51,7460.02,7516.76,0
DAX,20070507,7523.95,7538.59,7508.10,7525.69,0
DAX,20070508,7515.01,7515.47,7413.01,7442.20,0
DAX,20070509,7471.95,7489.86,7427.25,7475.99,0
DAX,20070510,7477.44,7494.18,7400.42,7415.33,0
DAX,20070511,7386.80,7482.36,7304.61,7479.34,0
DAX,20070514,7505.00,7527.96,7446.11,7459.61,0
DAX,20070515,7432.66,7520.53,7418.26,7505.35,0
DAX,20070516,7483.43,7523.00,7460.29,7481.25,0
DAX,20070517,7502.12,7528.62,7483.66,7499.50,0
DAX,20070518,7498.57,7613.62,7490.51,7607.54,0
DAX,20070521,7614.04,7644.44,7599.49,7619.31,0
DAX,20070522,7623.64,7676.87,7608.76,7659.39,0
DAX,20070523,7665.05,7739.06,7659.80,7735.88,0
DAX,20070524,7716.18,7774.36,7669.05,7697.38,0
DAX,20070525,7672.95,7746.92,7658.27,7739.20,0
DAX,20070529,7758.86,7787.55,7735.80,7781.04,0
DAX,20070530,7741.95,7768.75,7675.89,7764.97,0
DAX,20070531,7790.93,7895.71,7790.93,7883.04,0
DAX,20070601,7891.20,8001.63,7889.74,7987.85,0
DAX,20070604,7973.68,8010.39,7936.18,7976.79,0
DAX,20070605,7987.11,7996.61,7880.35,7919.83,0
DAX,20070606,7916.71,7925.84,7723.55,7730.05,0
DAX,20070607,7750.38,7786.94,7590.17,7618.61,0
DAX,20070608,7576.01,7644.96,7499.43,7590.50,0
DAX,20070611,7623.33,7706.10,7623.33,7706.10,0
DAX,20070612,7693.60,7740.02,7629.46,7678.26,0
DAX,20070613,7652.59,7701.01,7595.69,7680.76,0
DAX,20070614,7753.18,7850.73,7752.04,7849.16,0
DAX,20070615,7861.22,8032.97,7860.33,8030.64,0
DAX,20070618,8044.73,8095.76,8013.58,8036.12,0
DAX,20070619,8044.59,8074.11,8011.29,8033.52,0
DAX,20070620,8066.18,8131.73,8046.64,8090.49,0
DAX,20070621,8050.65,8060.64,7905.18,7964.71,0
DAX,20070622,7977.26,8013.60,7925.13,7949.63,0
DAX,20070625,7896.91,7942.94,7829.78,7930.61,0
DAX,20070626,7882.39,7904.53,7817.39,7860.52,0
DAX,20070627,7820.35,7822.35,7750.62,7801.23,0
DAX,20070628,7847.44,7923.59,7847.44,7921.36,0
DAX,20070629,7947.16,8007.74,7901.60,8007.32,0
DAX,20070702,7969.27,7981.36,7916.47,7958.24,0
DAX,20070703,7985.26,8066.83,7985.26,8050.68,0
DAX,20070704,8057.68,8090.22,8055.25,8075.26,0
DAX,20070705,8101.89,8115.06,7968.79,7987.13,0
DAX,20070706,7987.12,8048.44,7947.07,8048.32,0
DAX,20070709,8077.18,8119.80,8058.77,8077.39,0
DAX,20070710,8081.73,8109.71,7934.85,7964.76,0
DAX,20070711,7922.23,7922.23,7799.93,7898.54,0
DAX,20070712,7921.76,8053.62,7880.92,8053.43,0
DAX,20070713,8089.56,8151.57,8065.11,8092.77,0
DAX,20070716,8101.53,8130.72,8074.97,8105.69,0
DAX,20070717,8090.01,8090.01,7995.44,8038.21,0
DAX,20070718,7987.52,7990.36,7879.14,7893.61,0
DAX,20070719,7934.02,8010.75,7933.19,7991.21,0
DAX,20070720,7986.85,8006.23,7864.18,7874.85,0
DAX,20070723,7880.29,7944.21,7836.42,7944.21,0
DAX,20070724,7916.36,7933.58,7806.23,7806.79,0
DAX,20070725,7747.93,7790.20,7659.61,7692.55,0
DAX,20070726,7708.32,7731.17,7506.04,7508.96,0
DAX,20070727,7437.11,7535.37,7372.89,7451.68,0
DAX,20070730,7460.71,7503.17,7386.60,7456.31,0
DAX,20070731,7507.96,7632.83,7501.53,7584.14,0
DAX,20070801,7472.36,7544.70,7396.36,7473.93,0
DAX,20070802,7518.91,7568.20,7502.72,7534.13,0
DAX,20070803,7549.82,7566.64,7419.84,7435.67,0
DAX,20070806,7390.88,7471.75,7382.96,7444.45,0
DAX,20070807,7481.35,7534.93,7459.09,7513.66,0
DAX,20070808,7538.97,7614.24,7531.71,7605.94,0
DAX,20070809,7578.12,7581.79,7426.05,7453.59,0
DAX,20070810,7373.91,7386.41,7293.52,7343.26,0
DAX,20070813,7380.18,7476.70,7380.18,7474.33,0
DAX,20070814,7441.50,7492.76,7383.32,7425.07,0
DAX,20070815,7391.48,7469.81,7343.25,7445.90,0
DAX,20070816,7360.28,7360.28,7240.78,7270.07,0
DAX,20070817,7241.62,7497.65,7190.36,7378.29,0
DAX,20070820,7400.45,7450.39,7386.55,7407.53,0
DAX,20070821,7427.52,7469.86,7345.13,7424.75,0
DAX,20070822,7429.01,7525.71,7424.12,7500.48,0
DAX,20070823,7560.91,7591.52,7511.91,7511.96,0
DAX,20070824,7490.82,7526.14,7459.95,7507.27,0
DAX,20070827,7525.59,7541.87,7475.95,7485.99,0
DAX,20070828,7476.99,7477.27,7419.68,7430.24,0
DAX,20070829,7383.09,7451.97,7353.82,7439.18,0
DAX,20070830,7469.45,7529.75,7416.66,7519.94,0
DAX,20070831,7554.60,7659.72,7536.78,7638.17,0
DAX,20070903,7643.64,7677.67,7630.85,7648.58,0
DAX,20070904,7635.41,7725.34,7595.45,7721.77,0
DAX,20070905,7700.76,7717.16,7588.03,7588.03,0
DAX,20070906,7618.34,7644.43,7510.77,7621.72,0
DAX,20070907,7612.92,7629.86,7420.83,7436.63,0
DAX,20070910,7437.69,7467.45,7369.70,7375.44,0
DAX,20070911,7409.25,7481.98,7409.25,7457.90,0
DAX,20070912,7458.68,7477.99,7420.66,7472.99,0
DAX,20070913,7459.43,7545.23,7430.64,7535.97,0
DAX,20070914,7514.62,7522.12,7445.41,7497.74,0
DAX,20070917,7497.09,7530.81,7433.23,7479.85,0
DAX,20070918,7460.04,7588.42,7452.00,7575.21,0
DAX,20070919,7629.11,7771.02,7627.75,7750.84,0
DAX,20070920,7728.78,7745.25,7696.94,7735.09,0
DAX,20070921,7722.97,7809.24,7714.81,7794.43,0
DAX,20070924,7777.20,7797.62,7762.05,7787.92,0
DAX,20070925,7755.17,7786.93,7717.44,7769.44,0
DAX,20070926,7797.34,7815.49,7788.44,7804.15,0
DAX,20070927,7844.42,7882.18,7837.34,7853.79,0
DAX,20070928,7850.94,7880.42,7790.23,7861.51,0
DAX,20071001,7851.29,7922.42,7831.40,7922.42,0
DAX,20071002,7937.22,7971.13,7924.14,7946.79,0
DAX,20071003,7952.38,7964.40,7928.56,7955.30,0
DAX,20071004,7940.65,7966.81,7911.86,7944.99,0
DAX,20071005,7954.25,8014.16,7946.34,8002.18,0
DAX,20071008,8008.76,8017.77,7968.25,7974.37,0
DAX,20071009,7974.87,8012.87,7955.04,7980.44,0
DAX,20071010,7985.98,8009.34,7955.93,7986.57,0
DAX,20071011,7985.68,8063.83,7981.53,8033.69,0
DAX,20071012,7995.59,8041.26,7974.87,8041.26,0
DAX,20071015,8039.80,8039.80,7951.26,7969.47,0
DAX,20071016,7946.12,7964.60,7927.78,7962.64,0
DAX,20071017,7944.53,8017.04,7941.51,7985.41,0
DAX,20071018,7997.73,8014.56,7906.79,7921.40,0
DAX,20071019,7895.53,7940.29,7870.73,7884.12,0
DAX,20071022,7819.28,7819.28,7763.64,7794.94,0
DAX,20071023,7822.89,7876.62,7822.89,7842.79,0
DAX,20071024,7842.13,7861.27,7807.99,7828.96,0
DAX,20071025,7862.61,7970.57,7861.39,7932.44,0
DAX,20071026,7944.34,7970.36,7919.20,7949.17,0
DAX,20071029,7989.40,8016.47,7986.71,8009.67,0
DAX,20071030,8004.59,8004.59,7966.24,7977.94,0
DAX,20071031,7975.02,8027.49,7960.48,8019.22,0
DAX,20071101,8024.41,8038.41,7853.76,7880.85,0
DAX,20071102,7846.91,7864.48,7792.37,7849.49,0
DAX,20071105,7790.89,7830.92,7779.97,7807.55,0
DAX,20071106,7823.22,7859.95,7821.78,7827.19,0
DAX,20071107,7839.06,7854.16,7739.92,7799.62,0
DAX,20071108,7771.56,7844.40,7701.87,7819.47,0
DAX,20071109,7830.12,7918.92,7792.82,7812.40,0
DAX,20071112,7780.49,7810.60,7766.07,7806.84,0
DAX,20071113,7781.42,7791.50,7752.24,7777.56,0
DAX,20071114,7821.42,7866.01,7765.51,7783.11,0
DAX,20071115,7781.81,7803.87,7635.69,7667.03,0
DAX,20071116,7635.65,7655.96,7564.66,7612.26,0
DAX,20071119,7608.20,7623.10,7498.90,7511.97,0
DAX,20071120,7550.35,7634.46,7523.67,7630.31,0
DAX,20071121,7569.86,7569.86,7474.51,7518.42,0
DAX,20071122,7538.80,7581.13,7488.09,7562.10,0
DAX,20071123,7565.01,7620.29,7549.15,7608.96,0
DAX,20071126,7642.10,7674.66,7559.70,7567.36,0
DAX,20071127,7537.55,7546.41,7444.62,7531.35,0
DAX,20071128,7552.26,7729.00,7536.54,7723.66,0
DAX,20071129,7755.30,7780.48,7729.44,7765.19,0
DAX,20071130,7772.44,7894.47,7771.77,7870.52,0
DAX,20071203,7859.39,7889.59,7825.66,7837.26,0
DAX,20071204,7841.87,7849.94,7785.12,7808.94,0
DAX,20071205,7850.94,7953.94,7842.62,7944.77,0
DAX,20071206,7958.18,7998.04,7911.48,7940.58,0
DAX,20071207,7963.25,8009.76,7957.55,7994.07,0
DAX,20071210,7972.70,8057.69,7955.19,8033.36,0
DAX,20071211,8050.37,8067.04,7983.41,8009.42,0
DAX,20071212,7968.93,8117.79,7928.12,8076.12,0
DAX,20071213,8014.47,8034.32,7922.98,7928.31,0
DAX,20071214,7949.00,7987.29,7873.27,7948.36,0
DAX,20071217,7884.17,7884.19,7812.02,7825.44,0
DAX,20071218,7811.08,7942.76,7796.10,7850.74,0
DAX,20071219,7865.33,7876.59,7777.40,7837.32,0
DAX,20071220,7842.26,7919.05,7842.17,7869.19,0
DAX,20071221,7913.38,8015.42,7913.38,8002.67,0
DAX,20071227,8038.73,8073.99,8024.77,8038.60,0
DAX,20071228,8010.89,8068.95,7991.81,8067.32,0
DAX,20080102,8045.97,8100.64,7925.11,7949.11,0
DAX,20080103,7941.52,7969.90,7858.39,7908.41,0
DAX,20080104,7913.53,7914.70,7780.27,7808.69,0
DAX,20080107,7810.82,7858.64,7781.68,7817.17,0
DAX,20080108,7844.50,7923.44,7831.51,7849.99,0
DAX,20080109,7839.23,7841.62,7770.42,7782.71,0
DAX,20080110,7799.11,7830.95,7700.85,7713.09,0
DAX,20080111,7717.45,7746.47,7675.45,7717.95,0
DAX,20080114,7692.54,7759.17,7683.54,7732.02,0
DAX,20080115,7714.60,7724.26,7563.90,7566.38,0
DAX,20080116,7536.48,7555.56,7450.38,7471.57,0
DAX,20080117,7504.85,7547.47,7400.08,7413.53,0
DAX,20080118,7417.55,7501.04,7287.29,7314.17,0
DAX,20080121,7292.68,7292.68,6758.50,6758.50,0
DAX,20080122,6591.39,6877.62,6420.71,6769.47,0
DAX,20080123,6811.81,6884.87,6384.40,6439.21,0
DAX,20080124,6550.11,6854.98,6550.11,6821.07,0
DAX,20080125,6884.16,7002.19,6782.41,6816.74,0
DAX,20080128,6749.29,6827.37,6680.30,6818.85,0
DAX,20080129,6834.60,6929.88,6823.68,6892.96,0
DAX,20080130,6886.92,6920.77,6822.44,6875.35,0
DAX,20080131,6856.88,6887.75,6691.25,6851.75,0
DAX,20080201,6896.19,7037.16,6896.19,6968.67,0
DAX,20080204,7018.64,7059.19,6975.93,7000.49,0
DAX,20080205,6998.74,7000.05,6744.17,6765.25,0
DAX,20080206,6726.54,6861.94,6696.94,6847.51,0
DAX,20080207,6829.07,6839.16,6655.65,6733.72,0
DAX,20080208,6777.54,6851.78,6706.18,6767.28,0
DAX,20080211,6723.97,6812.21,6690.77,6743.54,0
DAX,20080212,6793.47,6979.23,6746.20,6967.84,0
DAX,20080213,6914.21,7007.05,6869.94,6973.67,0
DAX,20080214,7024.57,7062.08,6935.31,6962.28,0
DAX,20080215,6966.75,7012.63,6797.76,6832.43,0
DAX,20080218,6865.57,6997.77,6865.57,6967.55,0
DAX,20080219,6947.68,7079.74,6890.93,7002.29,0
DAX,20080220,6933.02,6964.93,6852.58,6899.68,0
DAX,20080221,6928.34,7017.86,6881.29,6904.85,0
DAX,20080222,6889.49,6889.49,6762.77,6806.29,0
DAX,20080225,6850.92,6922.61,6825.12,6882.56,0
DAX,20080226,6906.43,7007.44,6906.43,6985.97,0
DAX,20080227,7007.69,7017.70,6881.23,6997.85,0
DAX,20080228,6985.42,6995.39,6849.59,6862.52,0
DAX,20080229,6847.90,6864.69,6698.55,6748.13,0
DAX,20080303,6692.98,6701.53,6608.61,6689.95,0
DAX,20080304,6692.73,6720.16,6516.83,6545.04,0
DAX,20080305,6583.30,6699.30,6578.82,6683.71,0
DAX,20080306,6674.74,6683.16,6569.60,6591.31,0
DAX,20080307,6550.55,6562.40,6450.88,6513.99,0
DAX,20080310,6487.11,6537.39,6414.52,6448.08,0
DAX,20080311,6462.53,6604.00,6431.74,6524.57,0
DAX,20080312,6574.52,6666.58,6569.36,6599.37,0
DAX,20080313,6529.62,6529.62,6399.04,6500.56,0
DAX,20080314,6500.17,6623.42,6391.56,6451.90,0
DAX,20080317,6360.92,6362.02,6167.82,6182.30,0
DAX,20080318,6237.63,6417.95,6237.63,6393.39,0
DAX,20080319,6429.24,6469.99,6310.60,6361.22,0
DAX,20080320,6331.06,6376.24,6270.98,6319.99,0
DAX,20080325,6443.45,6540.48,6443.36,6524.71,0
DAX,20080326,6508.43,6538.28,6469.00,6489.26,0
DAX,20080327,6486.02,6610.16,6478.81,6578.06,0
DAX,20080328,6587.21,6616.45,6535.07,6559.90,0
DAX,20080331,6530.11,6541.12,6429.62,6534.97,0
DAX,20080401,6519.02,6734.50,6496.94,6720.33,0
DAX,20080402,6749.24,6806.66,6726.43,6777.44,0
DAX,20080403,6788.40,6802.62,6695.83,6741.72,0
DAX,20080404,6753.87,6797.23,6691.28,6763.39,0
DAX,20080407,6802.55,6843.25,6795.06,6821.03,0
DAX,20080408,6795.05,6795.34,6723.84,6771.98,0
DAX,20080409,6751.48,6785.06,6705.06,6721.36,0
DAX,20080410,6716.69,6719.07,6608.78,6704.32,0
DAX,20080411,6739.18,6768.12,6570.74,6603.57,0
DAX,20080414,6561.90,6573.25,6516.51,6554.49,0
DAX,20080415,6581.12,6626.88,6524.90,6585.05,0
DAX,20080416,6624.61,6710.86,6600.68,6702.84,0
DAX,20080417,6717.28,6743.14,6665.01,6681.81,0
DAX,20080418,6703.02,6860.38,6703.02,6843.08,0
DAX,20080421,6840.68,6848.65,6749.72,6786.55,0
DAX,20080422,6762.44,6818.62,6702.98,6728.30,0
DAX,20080423,6739.65,6813.67,6656.86,6795.03,0
DAX,20080424,6776.93,6827.90,6720.91,6821.32,0
DAX,20080425,6855.67,6945.25,6848.90,6896.58,0
DAX,20080428,6914.40,6966.47,6819.51,6925.33,0
DAX,20080429,6905.42,6909.99,6855.11,6885.34,0
DAX,20080430,6888.21,6962.60,6851.52,6948.82,0
DAX,20080502,6982.06,7092.82,6971.93,7043.23,0
DAX,20080505,7036.99,7059.92,7021.73,7052.08,0
DAX,20080506,7043.65,7062.37,6969.16,7017.10,0
DAX,20080507,7040.84,7107.53,7037.01,7076.25,0
DAX,20080508,7037.63,7072.69,7013.06,7071.90,0
DAX,20080509,7040.79,7040.79,6961.63,7003.17,0
DAX,20080512,7021.29,7064.60,7006.42,7035.95,0
DAX,20080513,7062.60,7080.86,7002.37,7060.19,0
DAX,20080514,7081.72,7101.49,7001.33,7083.24,0
DAX,20080515,7072.12,7088.67,7037.09,7081.05,0
DAX,20080516,7103.84,7205.96,7103.84,7156.55,0
DAX,20080519,7177.02,7231.86,7165.44,7225.94,0
DAX,20080520,7188.07,7188.98,7108.25,7118.50,0
DAX,20080521,7129.07,7151.38,7013.13,7040.83,0
DAX,20080522,7016.21,7090.23,6980.54,7070.33,0
DAX,20080523,7057.52,7065.90,6934.54,6944.05,0
DAX,20080526,6923.94,6965.19,6917.61,6953.84,0
DAX,20080527,6966.05,7006.28,6905.86,6958.66,0
DAX,20080528,6980.69,7082.26,6955.14,7033.84,0
DAX,20080529,7055.72,7085.13,7004.70,7055.03,0
DAX,20080530,7065.79,7124.61,7063.80,7096.79,0
DAX,20080602,7098.70,7102.05,6995.41,7008.77,0
DAX,20080603,6986.92,7023.18,6962.38,7019.13,0
DAX,20080604,6993.69,6994.20,6898.01,6965.43,0
DAX,20080605,6964.71,7008.93,6905.01,6941.83,0
DAX,20080606,6966.09,7002.85,6796.28,6807.49,0
DAX,20080609,6790.18,6839.32,6762.73,6815.63,0
DAX,20080610,6789.28,6798.58,6715.98,6771.10,0
DAX,20080611,6781.88,6812.88,6637.75,6650.26,0
DAX,20080612,6647.60,6733.12,6647.60,6714.52,0
DAX,20080613,6701.50,6777.87,6649.62,6765.32,0
DAX,20080616,6773.43,6812.66,6671.80,6729.88,0
DAX,20080617,6743.50,6855.84,6743.48,6796.16,0
DAX,20080618,6795.18,6796.77,6705.75,6728.91,0
DAX,20080619,6704.22,6765.10,6662.46,6728.91,0
DAX,20080620,6730.52,6765.80,6547.40,6578.44,0
DAX,20080623,6586.83,6628.72,6572.51,6589.46,0
DAX,20080624,6588.06,6617.16,6444.30,6536.06,0
DAX,20080625,6551.66,6628.62,6547.71,6617.84,0
DAX,20080626,6571.55,6578.45,6448.12,6459.60,0
DAX,20080627,6449.04,6464.90,6348.03,6421.91,0
DAX,20080630,6423.37,6446.54,6308.24,6418.32,0
DAX,20080701,6394.08,6405.43,6260.33,6315.94,0
DAX,20080702,6319.60,6395.97,6295.45,6305.42,0
DAX,20080703,6262.98,6392.08,6200.56,6353.74,0
DAX,20080704,6360.70,6374.84,6255.16,6272.21,0
DAX,20080707,6312.32,6416.24,6286.67,6395.75,0
DAX,20080708,6314.17,6332.01,6226.74,6304.41,0
DAX,20080709,6330.69,6397.82,6330.69,6386.46,0
DAX,20080710,6338.63,6384.64,6254.31,6305.00,0
DAX,20080711,6310.17,6332.11,6139.74,6153.30,0
DAX,20080714,6184.65,6254.15,6184.54,6200.25,0
DAX,20080715,6154.89,6164.73,6006.58,6081.70,0
DAX,20080716,6100.62,6177.03,5999.32,6155.37,0
DAX,20080717,6177.07,6318.34,6177.07,6271.27,0
DAX,20080718,6261.48,6396.30,6236.94,6382.65,0
DAX,20080721,6381.44,6484.29,6342.82,6424.84,0
DAX,20080722,6395.06,6449.88,6322.03,6442.79,0
DAX,20080723,6486.05,6562.26,6485.05,6536.09,0
DAX,20080724,6546.17,6577.10,6415.31,6440.70,0
DAX,20080725,6411.71,6479.96,6331.27,6436.71,0
DAX,20080728,6428.36,6428.36,6342.32,6351.15,0
DAX,20080729,6302.88,6425.45,6264.74,6398.80,0
DAX,20080730,6406.03,6505.05,6396.14,6460.12,0
DAX,20080731,6467.86,6540.45,6428.49,6479.56,0
DAX,20080801,6461.01,6489.69,6378.55,6396.46,0
DAX,20080804,6403.30,6403.53,6322.01,6349.81,0
DAX,20080805,6356.40,6532.09,6342.93,6518.70,0
DAX,20080806,6531.55,6568.79,6496.17,6561.39,0
DAX,20080807,6542.96,6620.77,6520.79,6543.49,0
DAX,20080808,6537.54,6586.10,6442.85,6561.65,0
DAX,20080811,6570.52,6612.86,6555.28,6609.63,0
DAX,20080812,6601.70,6626.70,6545.24,6585.87,0
DAX,20080813,6562.97,6566.62,6417.33,6422.19,0
DAX,20080814,6450.73,6481.28,6369.58,6442.21,0
DAX,20080815,6460.22,6513.92,6394.39,6446.02,0
DAX,20080818,6436.14,6485.91,6374.95,6432.88,0
DAX,20080819,6398.83,6401.21,6268.73,6282.43,0
DAX,20080820,6297.83,6336.79,6262.49,6317.80,0
DAX,20080821,6290.32,6293.48,6219.10,6236.96,0
DAX,20080822,6243.53,6355.96,6229.19,6342.42,0
DAX,20080825,6332.94,6361.55,6289.11,6296.95,0
DAX,20080826,6287.81,6370.53,6238.07,6340.52,0
DAX,20080827,6336.35,6346.53,6252.13,6321.03,0
DAX,20080828,6313.91,6456.18,6265.43,6420.54,0
DAX,20080829,6427.86,6457.93,6401.22,6422.30,0
DAX,20080901,6400.85,6448.98,6341.10,6421.80,0
DAX,20080902,6416.85,6553.90,6379.03,6518.47,0
DAX,20080903,6488.12,6519.21,6439.91,6467.49,0
DAX,20080904,6477.20,6482.16,6263.08,6279.57,0
DAX,20080905,6247.64,6253.40,6095.56,6127.44,0
DAX,20080908,6262.34,6356.80,6241.26,6263.74,0
DAX,20080909,6258.26,6327.18,6199.11,6233.41,0
DAX,20080910,6225.30,6254.40,6160.55,6210.32,0
DAX,20080911,6192.61,6202.17,6086.30,6178.90,0
DAX,20080912,6206.97,6256.25,6159.51,6234.89,0
DAX,20080915,6138.42,6138.42,5942.14,6064.16,0
DAX,20080916,6017.47,6024.05,5858.57,5965.17,0
DAX,20080917,5977.68,6035.51,5825.24,5860.98,0
DAX,20080918,5875.05,5967.29,5812.77,5863.42,0
DAX,20080919,5986.94,6220.29,5982.30,6189.53,0
DAX,20080922,6188.58,6235.13,6106.11,6107.75,0
DAX,20080923,6091.85,6123.48,6033.75,6068.53,0
DAX,20080924,6071.32,6109.10,6013.71,6052.87,0
DAX,20080925,6057.61,6188.43,6049.85,6173.03,0
DAX,20080926,6118.13,6118.13,6001.01,6063.50,0
DAX,20080929,6010.10,6015.59,5802.51,5807.08,0
DAX,20080930,5728.30,5836.77,5658.20,5831.02,0
DAX,20081001,5865.08,5866.40,5746.82,5806.33,0
DAX,20081002,5794.10,5876.93,5630.46,5660.63,0
DAX,20081003,5682.33,5831.97,5617.81,5797.03,0
DAX,20081006,5606.07,5606.07,5292.84,5387.01,0
DAX,20081007,5450.38,5502.33,5300.30,5326.63,0
DAX,20081008,5237.11,5319.15,4870.20,5013.62,0
DAX,20081009,5054.90,5153.53,4803.62,4887.00,0
DAX,20081010,4594.53,4653.98,4308.00,4544.31,0
DAX,20081013,4642.02,5062.45,4641.38,5062.45,0
DAX,20081014,5135.14,5383.79,5095.12,5199.19,0
DAX,20081015,5187.39,5192.13,4790.68,4861.63,0
DAX,20081016,4675.90,4890.78,4521.91,4622.81,0
DAX,20081017,4757.98,4835.90,4576.58,4781.33,0
DAX,20081020,4891.76,4941.19,4754.27,4835.01,0
DAX,20081021,4882.80,4909.64,4736.22,4784.41,0
DAX,20081022,4739.74,4740.31,4535.64,4571.07,0
DAX,20081023,4559.71,4576.87,4364.20,4519.70,0
DAX,20081024,4362.79,4362.93,4014.60,4295.67,0
DAX,20081027,4090.94,4486.13,4062.77,4334.64,0
DAX,20081028,4314.91,4823.45,4314.91,4823.45,0
DAX,20081029,4460.26,4885.85,4460.26,4808.69,0
DAX,20081030,4894.14,5042.49,4827.27,4869.30,0
DAX,20081031,4856.02,5066.81,4785.11,4987.97,0
DAX,20081103,5053.94,5089.54,4967.94,5026.84,0
DAX,20081104,5018.83,5302.57,4993.10,5278.04,0
DAX,20081105,5268.80,5271.91,5142.85,5166.87,0
DAX,20081106,5101.98,5101.98,4781.51,4813.57,0
DAX,20081107,4827.56,5018.41,4751.24,4938.46,0
DAX,20081110,5024.43,5135.15,4998.04,5025.53,0
DAX,20081111,4984.32,4984.32,4742.48,4761.58,0
DAX,20081112,4801.90,4875.66,4555.44,4620.80,0
DAX,20081113,4599.64,4713.78,4524.89,4649.52,0
DAX,20081114,4723.29,4874.16,4695.79,4710.24,0
DAX,20081117,4700.50,4733.79,4512.21,4557.27,0
DAX,20081118,4556.48,4607.54,4445.88,4579.47,0
DAX,20081119,4586.33,4586.69,4337.92,4354.09,0
DAX,20081120,4274.98,4313.16,4113.49,4220.20,0
DAX,20081121,4228.31,4296.86,4034.96,4127.41,0
DAX,20081124,4167.71,4579.07,4154.55,4554.33,0
DAX,20081125,4521.85,4693.10,4455.30,4560.42,0
DAX,20081126,4528.55,4612.22,4423.67,4560.50,0
DAX,20081127,4596.40,4682.91,4589.16,4665.27,0
DAX,20081128,4666.41,4703.67,4566.84,4669.44,0
DAX,20081201,4653.12,4667.91,4367.92,4394.79,0
DAX,20081202,4349.13,4572.18,4304.03,4531.79,0
DAX,20081203,4508.88,4602.88,4377.63,4567.24,0
DAX,20081204,4559.98,4732.93,4491.86,4564.23,0
DAX,20081205,4529.20,4530.70,4321.64,4381.47,0
DAX,20081208,4548.87,4775.71,4548.87,4715.88,0
DAX,20081209,4673.52,4850.39,4622.24,4779.11,0
DAX,20081210,4810.48,4839.14,4742.90,4804.88,0
DAX,20081211,4791.56,4822.21,4710.04,4767.20,0
DAX,20081212,4660.05,4699.06,4521.52,4663.37,0
DAX,20081215,4718.39,4773.32,4627.46,4654.82,0
DAX,20081216,4663.36,4758.27,4655.87,4729.91,0
DAX,20081217,4768.71,4784.41,4639.17,4708.38,0
DAX,20081218,4730.10,4784.72,4715.82,4756.40,0
DAX,20081219,4720.88,4785.32,4647.13,4696.70,0
DAX,20081222,4693.66,4701.11,4575.52,4639.02,0
DAX,20081223,4633.47,4718.60,4622.97,4629.38,0
DAX,20081229,4660.17,4732.85,4655.91,4704.86,0
DAX,20081230,4754.22,4810.41,4754.22,4810.20,0
DAX,20090102,4856.85,4974.73,4838.49,4973.07,0
DAX,20090105,5010.18,5034.85,4949.36,4983.99,0
DAX,20090106,4992.67,5111.02,4960.21,5026.31,0
DAX,20090107,5008.62,5010.97,4914.22,4937.47,0
DAX,20090108,4897.16,4917.62,4820.08,4879.91,0
DAX,20090109,4891.58,4932.66,4743.97,4783.89,0
DAX,20090112,4765.38,4791.96,4708.50,4719.62,0
DAX,20090113,4704.51,4704.51,4596.49,4636.94,0
DAX,20090114,4661.84,4670.84,4379.88,4422.35,0
DAX,20090115,4434.22,4451.32,4295.76,4336.73,0
DAX,20090116,4395.79,4474.86,4357.82,4366.28,0
DAX,20090119,4409.88,4452.57,4249.91,4316.14,0
DAX,20090120,4297.42,4382.11,4222.76,4239.85,0
DAX,20090121,4208.19,4313.69,4140.26,4261.15,0
DAX,20090122,4313.36,4368.47,4197.02,4219.42,0
DAX,20090123,4204.00,4222.01,4067.43,4178.94,0
DAX,20090126,4165.71,4371.52,4145.12,4326.87,0
DAX,20090127,4322.99,4360.79,4264.97,4323.42,0
DAX,20090128,4347.78,4533.70,4347.78,4518.72,0
DAX,20090129,4495.74,4501.44,4393.98,4428.11,0
DAX,20090130,4420.33,4454.39,4312.17,4338.35,0
DAX,20090202,4309.17,4309.19,4198.15,4271.04,0
DAX,20090203,4302.52,4385.44,4224.53,4374.96,0
DAX,20090204,4388.26,4545.52,4372.01,4492.79,0
DAX,20090205,4443.95,4519.44,4387.78,4510.49,0
DAX,20090206,4524.80,4657.06,4506.45,4644.63,0
DAX,20090209,4627.83,4688.59,4596.74,4666.82,0
DAX,20090210,4636.64,4649.23,4505.54,4505.54,0
DAX,20090211,4491.72,4539.22,4466.06,4530.09,0
DAX,20090212,4518.68,4518.68,4371.47,4407.56,0
DAX,20090213,4458.74,4508.72,4397.60,4413.39,0
DAX,20090216,4386.46,4421.78,4359.29,4366.64,0
DAX,20090217,4329.35,4329.70,4195.22,4216.60,0
DAX,20090218,4229.53,4255.39,4124.11,4204.96,0
DAX,20090219,4212.71,4275.09,4189.16,4215.21,0
DAX,20090220,4164.51,4167.05,4014.66,4014.66,0
DAX,20090223,4057.25,4111.52,3912.71,3936.45,0
DAX,20090224,3922.02,3932.59,3816.88,3895.75,0
DAX,20090225,3937.93,3977.77,3790.79,3846.21,0
DAX,20090226,3882.88,3989.63,3849.76,3942.62,0
DAX,20090227,3907.85,3907.85,3764.69,3843.74,0
DAX,20090302,3817.51,3821.97,3692.78,3710.07,0
DAX,20090303,3724.53,3755.88,3667.86,3690.72,0
DAX,20090304,3724.74,3891.71,3721.91,3890.94,0
DAX,20090305,3864.18,3864.18,3695.49,3695.49,0
DAX,20090306,3699.33,3769.13,3638.00,3666.41,0
DAX,20090309,3677.07,3706.32,3588.89,3692.03,0
DAX,20090310,3716.29,3908.14,3681.33,3886.98,0
DAX,20090311,3866.70,3994.80,3829.10,3914.10,0
DAX,20090312,3890.20,3971.20,3802.20,3956.20,0
DAX,20090313,3988.05,4053.84,3936.81,3953.60,0
DAX,20090316,3990.83,4063.02,3983.40,4044.54,0
DAX,20090317,4040.83,4046.42,3947.28,3987.77,0
DAX,20090318,4024.18,4066.69,3948.59,3996.32,0
DAX,20090319,4013.69,4137.80,4002.33,4043.46,0
DAX,20090320,4006.47,4081.73,3995.09,4068.74,0
DAX,20090323,4109.28,4184.77,4102.34,4176.37,0
DAX,20090324,4234.59,4239.74,4150.97,4187.36,0
DAX,20090325,4175.33,4262.23,4139.59,4223.29,0
DAX,20090326,4226.97,4262.96,4210.98,4259.37,0
DAX,20090327,4251.86,4272.12,4155.54,4203.55,0
DAX,20090330,4175.41,4175.45,3987.39,3989.23,0
DAX,20090331,4007.66,4091.66,4007.22,4084.76,0
DAX,20090401,4074.79,4148.66,3997.46,4131.07,0
DAX,20090402,4173.62,4404.62,4173.09,4381.92,0
DAX,20090403,4353.46,4456.30,4335.09,4384.99,0
DAX,20090406,4421.71,4457.19,4306.48,4349.81,0
DAX,20090407,4359.21,4379.33,4276.29,4322.50,0
DAX,20090408,4286.47,4377.35,4228.89,4357.92,0
DAX,20090409,4397.06,4510.74,4377.98,4491.12,0
DAX,20090414,4489.02,4583.91,4461.48,4557.01,0
DAX,20090415,4527.66,4559.28,4488.26,4549.79,0
DAX,20090416,4570.34,4644.84,4531.94,4609.46,0
DAX,20090417,4622.28,4686.29,4590.72,4676.84,0
DAX,20090420,4655.84,4667.65,4470.84,4486.30,0
DAX,20090421,4488.63,4542.92,4390.70,4501.63,0
DAX,20090422,4508.78,4594.88,4456.50,4594.42,0
DAX,20090423,4565.44,4609.17,4524.48,4538.21,0
DAX,20090424,4545.25,4674.73,4542.89,4674.32,0
DAX,20090427,4625.41,4712.97,4571.54,4694.07,0
DAX,20090428,4659.81,4661.20,4547.90,4607.42,0
DAX,20090429,4617.01,4722.11,4611.54,4704.56,0
DAX,20090430,4732.90,4837.22,4710.09,4769.45,0
DAX,20090504,4790.03,4908.88,4781.97,4902.45,0
DAX,20090505,4897.40,4928.03,4843.60,4853.03,0
DAX,20090506,4848.94,4945.54,4827.88,4880.71,0
DAX,20090507,4898.54,4980.30,4792.17,4804.10,0
DAX,20090508,4851.52,4965.88,4846.85,4913.90,0
DAX,20090511,4907.29,4917.73,4832.37,4866.91,0
DAX,20090512,4836.99,4926.69,4821.53,4854.11,0
DAX,20090513,4864.67,4881.25,4714.18,4727.61,0
DAX,20090514,4727.68,4744.62,4653.25,4738.47,0
DAX,20090515,4757.32,4776.64,4685.18,4737.50,0
DAX,20090518,4702.81,4858.65,4655.53,4851.96,0
DAX,20090519,4874.84,5005.45,4874.84,4959.62,0
DAX,20090520,4954.35,5060.76,4949.85,5038.94,0
DAX,20090521,4997.49,4997.49,4874.97,4900.67,0
DAX,20090522,4904.67,4964.68,4868.56,4918.75,0
DAX,20090525,4936.04,4942.14,4829.90,4918.45,0
DAX,20090526,4891.29,4994.05,4802.80,4985.60,0
DAX,20090527,5002.34,5035.51,4962.76,5000.77,0
DAX,20090528,4958.65,4986.96,4884.92,4932.88,0
DAX,20090529,4964.91,5009.60,4927.67,4940.82,0
DAX,20090601,4992.10,5156.62,4991.21,5142.56,0
DAX,20090602,5116.38,5177.59,5096.00,5144.06,0
DAX,20090603,5150.02,5158.33,5036.54,5054.53,0
DAX,20090604,5059.80,5121.00,5044.17,5064.80,0
DAX,20090605,5092.62,5165.27,5047.83,5077.03,0
DAX,20090608,5060.72,5060.72,4969.96,5004.72,0
DAX,20090609,5018.41,5064.36,4982.12,4997.86,0
DAX,20090610,5047.53,5133.40,5034.81,5051.18,0
DAX,20090611,5039.97,5120.87,5038.03,5107.26,0
DAX,20090612,5098.01,5108.77,5044.33,5069.24,0
DAX,20090615,5051.35,5051.35,4886.40,4889.94,0
DAX,20090616,4899.81,4933.79,4870.20,4890.72,0
DAX,20090617,4883.06,4886.65,4761.20,4799.98,0
DAX,20090618,4810.35,4858.67,4768.94,4837.48,0
DAX,20090619,4844.82,4878.82,4816.12,4839.46,0
DAX,20090622,4837.28,4846.09,4693.34,4693.40,0
DAX,20090623,4680.34,4752.86,4669.80,4707.15,0
DAX,20090624,4728.78,4840.35,4698.19,4836.01,0
DAX,20090625,4838.04,4838.04,4720.24,4800.56,0
DAX,20090626,4818.19,4866.80,4753.93,4776.47,0
DAX,20090629,4768.11,4901.36,4762.61,4885.09,0
DAX,20090630,4897.46,4905.64,4790.17,4808.64,0
DAX,20090701,4820.61,4930.35,4818.91,4905.44,0
DAX,20090702,4891.00,4891.00,4718.09,4718.49,0
DAX,20090703,4738.00,4748.32,4685.27,4708.21,0
DAX,20090706,4669.66,4686.90,4611.21,4651.82,0
DAX,20090707,4663.37,4703.30,4590.69,4598.19,0
DAX,20090708,4594.87,4630.62,4558.00,4572.65,0
DAX,20090709,4600.17,4669.92,4596.32,4630.07,0
DAX,20090710,4613.12,4644.55,4570.05,4576.31,0
DAX,20090713,4564.94,4722.34,4524.01,4722.34,0
DAX,20090714,4734.20,4802.98,4705.91,4781.69,0
DAX,20090715,4799.25,4928.45,4798.69,4928.44,0
DAX,20090716,4920.77,4998.68,4904.24,4957.19,0
DAX,20090717,4980.01,5017.60,4960.65,4978.40,0
DAX,20090720,5014.50,5063.60,5007.95,5030.15,0
DAX,20090721,5041.19,5141.36,5027.30,5093.97,0
DAX,20090722,5098.84,5137.51,5050.40,5121.56,0
DAX,20090723,5129.22,5258.84,5101.26,5247.28,0
DAX,20090724,5233.85,5301.91,5202.02,5229.36,0
DAX,20090727,5277.72,5309.62,5216.49,5251.55,0
DAX,20090728,5261.90,5304.05,5174.59,5174.74,0
DAX,20090729,5168.89,5307.82,5159.25,5270.32,0
DAX,20090730,5293.55,5396.95,5251.50,5360.66,0
DAX,20090731,5349.14,5383.02,5303.69,5332.14,0
DAX,20090803,5330.87,5463.32,5309.35,5426.85,0
DAX,20090804,5418.83,5427.57,5360.44,5417.02,0
DAX,20090805,5406.38,5451.77,5333.52,5353.01,0
DAX,20090806,5389.58,5422.02,5340.36,5369.98,0
DAX,20090807,5366.38,5480.93,5312.78,5458.96,0
DAX,20090810,5451.79,5452.20,5390.70,5418.12,0
DAX,20090811,5423.16,5455.18,5272.36,5285.81,0
DAX,20090812,5283.41,5367.63,5252.15,5350.09,0
DAX,20090813,5357.77,5455.27,5357.77,5401.11,0
DAX,20090814,5402.99,5444.13,5289.78,5309.11,0
DAX,20090817,5296.33,5296.33,5173.84,5201.61,0
DAX,20090818,5218.09,5250.74,5200.47,5250.74,0
DAX,20090819,5210.47,5253.71,5158.60,5231.98,0
DAX,20090820,5261.66,5325.86,5261.66,5311.06,0
DAX,20090821,5296.01,5478.18,5286.23,5462.74,0
DAX,20090824,5482.60,5531.76,5481.36,5519.75,0
DAX,20090825,5482.99,5575.53,5472.63,5557.09,0
DAX,20090826,5548.77,5572.47,5500.10,5521.97,0
DAX,20090827,5512.90,5540.43,5432.06,5470.33,0
DAX,20090828,5512.17,5573.89,5502.46,5517.35,0
DAX,20090831,5474.62,5495.56,5437.92,5464.61,0
DAX,20090901,5479.35,5507.48,5327.29,5327.29,0
DAX,20090902,5325.94,5337.84,5263.11,5319.84,0
DAX,20090903,5332.50,5364.03,5278.50,5301.42,0
DAX,20090904,5328.59,5404.30,5320.28,5384.43,0
DAX,20090907,5400.76,5477.13,5400.76,5463.51,0
DAX,20090908,5474.69,5502.77,5455.38,5481.73,0
DAX,20090909,5463.93,5578.15,5450.40,5574.26,0
DAX,20090910,5596.45,5626.97,5547.37,5594.77,0
DAX,20090911,5601.65,5653.15,5601.65,5624.02,0
DAX,20090914,5599.58,5623.74,5532.30,5620.24,0
DAX,20090915,5637.21,5649.66,5584.53,5628.98,0
DAX,20090916,5640.99,5713.49,5640.94,5700.26,0
DAX,20090917,5722.37,5748.24,5703.22,5731.14,0
DAX,20090918,5711.34,5760.83,5701.04,5703.83,0
DAX,20090921,5698.53,5698.53,5617.80,5668.65,0
DAX,20090922,5686.84,5752.70,5686.84,5709.38,0
DAX,20090923,5705.88,5754.04,5672.08,5702.05,0
DAX,20090924,5684.49,5741.54,5586.23,5605.21,0
DAX,20090925,5615.79,5620.13,5559.47,5581.41,0
DAX,20090928,5595.36,5736.31,5554.53,5736.31,0
DAX,20090929,5736.79,5756.26,5690.19,5713.52,0
DAX,20090930,5728.48,5744.59,5619.48,5675.16,0
DAX,20091001,5681.88,5726.97,5554.25,5554.55,0
DAX,20091002,5532.65,5536.63,5442.32,5467.90,0
DAX,20091005,5477.81,5511.64,5440.23,5508.85,0
DAX,20091006,5518.69,5662.01,5518.69,5657.64,0
DAX,20091007,5650.25,5690.92,5626.38,5640.75,0
DAX,20091008,5679.51,5727.87,5666.79,5716.54,0
DAX,20091009,5701.49,5748.33,5673.69,5711.88,0
DAX,20091012,5727.31,5814.21,5727.31,5783.23,0
DAX,20091013,5777.89,5786.92,5695.16,5714.31,0
DAX,20091014,5756.69,5859.63,5756.65,5854.14,0
DAX,20091015,5853.45,5869.22,5805.90,5830.77,0
DAX,20091016,5845.69,5885.78,5731.05,5743.39,0
DAX,20091019,5761.30,5857.13,5761.30,5852.56,0
DAX,20091020,5856.13,5888.21,5801.44,5811.77,0
DAX,20091021,5827.09,5858.19,5736.85,5833.49,0
DAX,20091022,5805.53,5805.92,5712.82,5762.93,0
DAX,20091023,5787.98,5848.68,5731.69,5740.25,0
DAX,20091026,5764.03,5799.42,5624.10,5642.16,0
DAX,20091027,5652.87,5673.19,5597.63,5635.02,0
DAX,20091028,5639.64,5646.01,5493.59,5496.27,0
DAX,20091029,5491.96,5590.22,5461.55,5587.45,0
DAX,20091030,5593.15,5597.30,5394.80,5414.96,0
DAX,20091102,5410.61,5472.03,5376.63,5430.82,0
DAX,20091103,5412.06,5412.06,5312.64,5353.35,0
DAX,20091104,5378.16,5471.00,5364.92,5444.23,0
DAX,20091105,5404.83,5512.00,5356.13,5480.92,0
DAX,20091106,5464.55,5526.86,5410.54,5488.25,0
DAX,20091109,5514.34,5626.15,5514.34,5619.72,0
DAX,20091110,5627.16,5650.88,5602.55,5613.20,0
DAX,20091111,5633.09,5705.89,5633.09,5668.35,0
DAX,20091112,5657.90,5726.38,5632.77,5663.96,0
DAX,20091113,5661.82,5700.51,5615.68,5686.83,0
DAX,20091116,5717.46,5812.84,5717.46,5804.82,0
DAX,20091117,5788.46,5802.32,5760.53,5778.43,0
DAX,20091118,5793.39,5843.27,5770.66,5787.61,0
DAX,20091119,5783.91,5791.83,5688.64,5702.18,0
DAX,20091120,5724.93,5744.53,5638.33,5663.15,0
DAX,20091123,5689.38,5823.18,5689.38,5801.48,0
DAX,20091124,5762.57,5814.18,5745.57,5769.31,0
DAX,20091125,5794.66,5825.87,5753.86,5803.02,0
DAX,20091126,5785.09,5785.12,5596.98,5614.17,0
DAX,20091127,5580.52,5718.53,5519.48,5685.61,0
DAX,20091130,5691.84,5718.34,5607.82,5625.95,0
DAX,20091201,5653.88,5776.61,5653.08,5776.61,0
DAX,20091202,5771.50,5813.23,5752.26,5781.68,0
DAX,20091203,5805.14,5852.87,5754.98,5770.35,0
DAX,20091204,5752.86,5859.34,5724.27,5817.65,0
DAX,20091207,5812.11,5812.69,5743.17,5784.75,0
DAX,20091208,5764.30,5809.80,5659.40,5688.58,0
DAX,20091209,5673.20,5712.19,5605.43,5647.84,0
DAX,20091210,5646.65,5741.80,5636.96,5709.02,0
DAX,20091211,5714.43,5793.07,5714.43,5756.29,0
DAX,20091214,5803.20,5827.25,5778.83,5802.26,0
DAX,20091215,5815.83,5828.24,5752.21,5811.34,0
DAX,20091216,5812.88,5903.43,5812.19,5903.43,0
DAX,20091217,5884.16,5891.37,5833.90,5844.44,0
DAX,20091218,5846.97,5900.62,5829.64,5831.21,0
DAX,20091221,5841.81,5936.27,5841.69,5930.53,0
DAX,20091222,5939.20,5981.98,5929.67,5945.69,0
DAX,20091223,5966.11,5988.28,5935.14,5957.44,0
DAX,20091228,5977.99,6011.28,5977.99,6002.92,0
DAX,20091229,6010.92,6026.69,6001.22,6011.55,0
DAX,20091230,6002.29,6008.75,5949.45,5957.43,0
DAX,20100101,5957.03,5957.43,5957.03,5957.43,0
DAX,20100104,5975.52,6048.30,5974.43,6048.30,0
DAX,20100105,6043.94,6058.02,6015.67,6031.86,0
DAX,20100106,6032.39,6047.57,5997.09,6034.33,0
DAX,20100107,6016.80,6037.57,5961.25,6019.36,0
DAX,20100108,6028.62,6053.04,5972.24,6037.61,0
DAX,20100111,6057.93,6094.26,6031.14,6040.50,0
DAX,20100112,6039.39,6055.56,5924.72,5943.00,0
DAX,20100113,5937.17,5974.44,5925.24,5963.14,0
DAX,20100114,5999.08,6009.91,5951.69,5988.88,0
DAX,20100115,5996.56,6025.36,5866.84,5875.97,0
DAX,20100118,5897.63,5922.93,5877.65,5918.55,0
DAX,20100119,5905.33,5988.80,5849.67,5976.48,0
DAX,20100120,5963.71,5972.77,5832.09,5851.53,0
DAX,20100121,5878.24,5908.85,5742.45,5746.97,0
DAX,20100122,5735.68,5740.87,5639.49,5695.32,0
DAX,20100125,5662.85,5693.86,5624.58,5631.37,0
DAX,20100126,5593.94,5675.96,5574.46,5668.93,0
DAX,20100127,5643.52,5673.73,5589.01,5643.20,0
DAX,20100128,5687.10,5718.81,5540.33,5540.33,0
DAX,20100129,5566.03,5657.87,5556.19,5608.79,0
DAX,20100201,5587.50,5674.21,5567.72,5654.48,0
DAX,20100202,5664.25,5723.20,5624.61,5709.66,0
DAX,20100203,5715.16,5733.71,5656.90,5672.09,0
DAX,20100204,5671.17,5696.94,5522.57,5533.24,0
DAX,20100205,5515.69,5527.00,5433.02,5434.34,0
DAX,20100208,5476.47,5505.06,5434.40,5484.85,0
DAX,20100209,5485.31,5537.97,5461.51,5498.26,0
DAX,20100210,5533.71,5592.27,5505.37,5536.37,0
DAX,20100211,5562.83,5580.77,5454.07,5503.93,0
DAX,20100212,5550.45,5565.43,5460.05,5500.39,0
DAX,20100215,5525.74,5547.14,5502.49,5511.10,0
DAX,20100216,5573.07,5592.12,5498.07,5592.12,0
DAX,20100217,5640.17,5682.36,5634.98,5648.34,0
DAX,20100218,5645.63,5691.60,5626.08,5680.41,0
DAX,20100219,5627.26,5729.58,5626.57,5722.05,0
DAX,20100222,5741.00,5743.89,5683.61,5688.44,0
DAX,20100223,5715.63,5732.14,5584.47,5604.07,0
DAX,20100224,5622.31,5639.71,5572.25,5615.51,0
DAX,20100225,5562.70,5655.75,5518.27,5532.33,0
DAX,20100226,5588.99,5605.10,5530.19,5598.46,0
DAX,20100301,5652.85,5717.72,5641.18,5713.51,0
DAX,20100302,5728.28,5780.14,5709.74,5776.56,0
DAX,20100303,5759.22,5828.80,5750.30,5817.88,0
DAX,20100304,5773.86,5823.11,5767.65,5795.32,0
DAX,20100305,5816.19,5880.25,5808.36,5877.36,0
DAX,20100308,5891.74,5894.19,5865.44,5875.91,0
DAX,20100309,5872.57,5900.16,5838.17,5885.89,0
DAX,20100310,5882.76,5951.93,5874.75,5936.72,0
DAX,20100311,5913.17,5954.55,5906.84,5928.63,0
DAX,20100312,5944.57,5989.88,5934.15,5945.11,0
DAX,20100315,5933.63,5953.19,5898.22,5903.56,0
DAX,20100316,5935.19,5991.11,5930.34,5970.99,0
DAX,20100317,5999.31,6035.95,5991.21,6024.28,0
DAX,20100318,6005.29,6039.39,5995.68,6012.31,0
DAX,20100319,6031.73,6041.95,5956.65,5982.43,0
DAX,20100322,5960.85,5987.50,5910.85,5987.50,0
DAX,20100323,5987.09,6030.94,5981.35,6017.27,0
DAX,20100324,6038.00,6044.64,5964.76,6039.00,0
DAX,20100325,6043.84,6139.50,6038.05,6132.95,0
DAX,20100326,6125.87,6135.95,6105.67,6120.05,0
DAX,20100329,6150.17,6172.85,6128.21,6156.85,0
DAX,20100330,6187.64,6203.50,6135.51,6142.45,0
DAX,20100331,6139.40,6162.18,6108.23,6153.55,0
DAX,20100401,6189.38,6238.57,6186.59,6235.56,0
DAX,20100406,6250.01,6265.32,6214.18,6252.21,0
DAX,20100407,6248.37,6256.40,6208.52,6222.41,0
DAX,20100408,6199.94,6207.14,6138.02,6171.83,0
DAX,20100409,6226.26,6254.49,6216.60,6249.70,0
DAX,20100412,6283.81,6285.03,6223.78,6250.69,0
DAX,20100413,6236.28,6251.46,6199.71,6230.83,0
DAX,20100414,6269.48,6305.15,6249.92,6278.40,0
DAX,20100415,6286.63,6310.76,6249.74,6291.45,0
DAX,20100416,6264.65,6305.40,6162.84,6180.90,0
DAX,20100419,6158.60,6190.86,6140.38,6162.44,0
DAX,20100420,6193.50,6267.54,6172.57,6264.23,0
DAX,20100421,6280.54,6281.38,6229.18,6230.38,0
DAX,20100422,6229.23,6286.36,6141.07,6168.72,0
DAX,20100423,6192.62,6287.54,6170.39,6259.53,0
DAX,20100426,6317.13,6341.52,6299.58,6332.10,0
DAX,20100427,6332.40,6333.00,6159.51,6159.51,0
DAX,20100428,6141.01,6159.02,6024.01,6084.34,0
DAX,20100429,6110.56,6159.41,6073.37,6144.91,0
DAX,20100430,6155.57,6205.72,6085.62,6135.70,0
DAX,20100503,6122.76,6190.07,6089.93,6166.92,0
DAX,20100504,6176.24,6197.00,5995.43,6006.86,0
DAX,20100505,6021.06,6031.09,5929.35,5958.45,0
DAX,20100506,5919.94,6009.48,5884.39,5908.26,0
DAX,20100507,5790.67,5905.35,5655.18,5715.09,0
DAX,20100510,5814.41,6017.91,5805.98,6017.91,0
DAX,20100511,5922.03,6042.11,5918.14,6037.71,0
DAX,20100512,6026.06,6217.24,6006.31,6183.49,0
DAX,20100513,6240.67,6276.80,6196.89,6251.97,0
DAX,20100514,6226.49,6233.71,6014.78,6056.71,0
DAX,20100517,6029.91,6151.54,6026.32,6066.92,0
DAX,20100518,6144.08,6181.26,6113.87,6155.93,0
DAX,20100519,6091.85,6124.81,5972.17,5988.67,0
DAX,20100520,6023.11,6043.84,5780.73,5867.88,0
DAX,20100521,5835.22,5872.65,5689.18,5829.25,0
DAX,20100524,5858.45,5872.07,5733.57,5805.68,0
DAX,20100525,5659.59,5690.25,5607.68,5670.04,0
DAX,20100526,5735.46,5828.37,5721.02,5758.02,0
DAX,20100527,5802.64,5952.16,5802.36,5937.14,0
DAX,20100528,5962.84,5980.78,5927.31,5946.18,0
DAX,20100531,5933.58,5993.94,5931.20,5964.33,0
DAX,20100601,5943.94,6012.04,5833.61,5981.27,0
DAX,20100602,5923.48,5992.21,5869.35,5981.20,0
DAX,20100603,6075.68,6101.83,6046.38,6054.63,0
DAX,20100604,6081.47,6114.58,5912.90,5938.88,0
DAX,20100607,5876.48,5954.47,5851.93,5904.95,0
DAX,20100608,5916.86,5922.95,5798.76,5868.55,0
DAX,20100609,5895.94,5993.93,5832.97,5984.75,0
DAX,20100610,5959.11,6089.43,5925.06,6056.59,0
DAX,20100611,6082.90,6084.70,5983.27,6047.83,0
DAX,20100614,6113.46,6137.25,6093.38,6125.00,0
DAX,20100615,6089.32,6194.25,6089.32,6175.05,0
DAX,20100616,6203.01,6207.30,6143.18,6190.91,0
DAX,20100617,6181.77,6241.36,6164.99,6223.54,0
DAX,20100618,6223.88,6256.55,6189.71,6216.98,0
DAX,20100621,6320.41,6330.81,6263.41,6292.97,0
DAX,20100622,6254.86,6295.58,6216.39,6269.04,0
DAX,20100623,6219.20,6271.85,6178.84,6204.52,0
DAX,20100624,6232.38,6235.48,6097.01,6115.48,0
DAX,20100625,6116.23,6149.87,6039.56,6070.60,0
DAX,20100628,6097.37,6168.99,6059.83,6157.22,0
DAX,20100629,6061.68,6068.82,5935.35,5952.03,0
DAX,20100630,5972.26,6001.03,5938.20,5965.52,0
DAX,20100701,5885.61,5953.84,5827.25,5857.43,0
DAX,20100702,5885.22,5941.22,5833.12,5834.15,0
DAX,20100705,5853.75,5861.05,5809.37,5816.20,0
DAX,20100706,5847.47,5995.64,5842.07,5940.98,0
DAX,20100707,5896.18,5997.82,5848.66,5992.86,0
DAX,20100708,6025.86,6057.52,6006.68,6035.66,0
DAX,20100709,6070.47,6078.56,6039.31,6065.24,0
DAX,20100712,6079.95,6119.70,6061.84,6077.19,0
DAX,20100713,6078.34,6200.82,6076.14,6191.13,0
DAX,20100714,6215.23,6226.54,6161.13,6209.76,0
DAX,20100715,6187.78,6248.07,6127.36,6149.36,0
DAX,20100716,6165.51,6205.44,6018.64,6040.27,0
DAX,20100719,6034.87,6083.12,5993.55,6009.11,0
DAX,20100720,6039.16,6052.51,5906.04,5967.49,0
DAX,20100721,6011.72,6060.49,5976.92,5990.38,0
DAX,20100722,5971.09,6148.13,5961.86,6142.15,0
DAX,20100723,6125.26,6190.24,6112.50,6166.34,0
DAX,20100726,6201.02,6201.14,6131.91,6194.21,0
DAX,20100727,6211.10,6253.64,6189.96,6207.31,0
DAX,20100728,6238.71,6249.16,6147.57,6178.94,0
DAX,20100729,6202.78,6243.42,6124.45,6134.70,0
DAX,20100730,6123.41,6184.54,6059.19,6147.97,0
DAX,20100802,6187.64,6304.26,6182.68,6292.13,0
DAX,20100803,6279.95,6310.32,6265.61,6307.91,0
DAX,20100804,6287.65,6361.67,6264.28,6331.33,0
DAX,20100805,6332.82,6382.56,6321.38,6333.58,0
DAX,20100806,6361.09,6386.97,6244.69,6259.63,0
DAX,20100809,6326.62,6356.41,6318.12,6351.60,0
DAX,20100810,6315.87,6333.25,6247.62,6286.25,0
DAX,20100811,6234.60,6236.57,6143.58,6154.07,0
DAX,20100812,6141.90,6173.42,6097.72,6135.17,0
DAX,20100813,6163.11,6168.71,6068.82,6110.41,0
DAX,20100816,6132.78,6156.57,6062.29,6110.57,0
DAX,20100817,6125.32,6215.35,6123.79,6206.40,0
DAX,20100818,6183.12,6216.55,6155.51,6186.31,0
DAX,20100819,6216.33,6229.46,6070.83,6075.13,0
DAX,20100820,6079.91,6097.35,5999.63,6005.16,0
DAX,20100823,6017.19,6055.23,5995.37,6010.91,0
DAX,20100824,5962.87,5975.83,5869.30,5935.44,0
DAX,20100825,5925.48,5954.96,5837.90,5899.50,0
DAX,20100826,5937.27,5948.91,5896.52,5912.58,0
DAX,20100827,5899.99,5957.32,5845.49,5951.17,0
DAX,20100830,5973.48,5978.19,5889.84,5912.41,0
DAX,20100831,5846.03,5925.81,5833.51,5925.22,0
DAX,20100901,5936.94,6087.94,5876.43,6083.90,0
DAX,20100902,6071.56,6104.09,6052.55,6083.85,0
DAX,20100903,6091.66,6178.01,6088.26,6134.62,0
DAX,20100906,6156.29,6164.93,6140.98,6155.04,0
DAX,20100907,6136.92,6138.93,6083.20,6117.89,0
DAX,20100908,6099.33,6180.38,6062.65,6164.44,0
DAX,20100909,6141.84,6233.07,6133.99,6221.52,0
DAX,20100910,6186.22,6224.65,6182.56,6214.77,0
DAX,20100913,6258.51,6290.87,6231.52,6261.68,0
DAX,20100914,6261.78,6287.78,6231.38,6275.41,0
DAX,20100915,6282.52,6288.20,6227.20,6261.87,0
DAX,20100916,6255.14,6281.10,6233.97,6249.65,0
DAX,20100917,6297.93,6321.20,6185.74,6209.76,0
DAX,20100920,6231.28,6301.63,6219.85,6294.58,0
DAX,20100921,6281.07,6339.97,6275.98,6275.98,0
DAX,20100922,6286.33,6297.40,6192.43,6208.33,0
DAX,20100923,6252.31,6263.74,6129.44,6184.71,0
DAX,20100924,6173.89,6310.28,6146.42,6298.30,0
DAX,20100927,6307.87,6324.09,6272.17,6278.89,0
DAX,20100928,6258.20,6311.92,6197.96,6276.09,0
DAX,20100929,6296.28,6326.34,6223.14,6246.92,0
DAX,20100930,6214.02,6339.36,6204.69,6229.02,0
DAX,20101001,6244.06,6293.09,6187.22,6211.34,0
DAX,20101004,6205.00,6210.25,6128.54,6134.21,0
DAX,20101005,6132.12,6233.45,6115.87,6215.83,0
DAX,20101006,6248.81,6289.56,6242.52,6270.73,0
DAX,20101007,6278.61,6321.79,6233.14,6276.25,0
DAX,20101008,6269.48,6295.09,6239.43,6291.67,0
DAX,20101011,6308.43,6325.31,6289.36,6309.51,0
DAX,20101012,6257.03,6316.77,6228.39,6304.57,0
DAX,20101013,6339.76,6456.27,6335.22,6434.52,0
DAX,20101014,6446.32,6485.71,6445.32,6455.27,0
DAX,20101015,6478.00,6512.78,6438.78,6492.30,0
DAX,20101018,6465.83,6533.83,6462.59,6516.63,0
DAX,20101019,6508.36,6544.79,6472.18,6490.69,0
DAX,20101020,6470.30,6527.85,6461.48,6524.55,0
DAX,20101021,6514.99,6621.84,6504.66,6611.01,0
DAX,20101022,6594.90,6623.94,6586.40,6605.84,0
DAX,20101025,6645.45,6668.54,6625.83,6639.21,0
DAX,20101026,6634.24,6645.70,6580.28,6613.80,0
DAX,20101027,6591.24,6629.13,6553.25,6568.00,0
DAX,20101028,6600.28,6644.61,6576.02,6595.28,0
DAX,20101029,6585.97,6630.98,6569.25,6601.37,0
DAX,20101101,6637.09,6670.90,6586.01,6604.86,0
DAX,20101102,6600.41,6668.93,6597.46,6654.31,0
DAX,20101103,6666.07,6682.91,6604.75,6617.80,0
DAX,20101104,6677.78,6757.29,6676.42,6734.69,0
DAX,20101105,6743.56,6775.17,6712.47,6754.20,0
DAX,20101108,6746.44,6759.41,6728.35,6750.50,0
DAX,20101109,6742.05,6810.86,6736.63,6787.81,0
DAX,20101110,6759.59,6783.69,6684.22,6719.84,0
DAX,20101111,6747.80,6750.39,6700.47,6723.41,0
DAX,20101112,6650.92,6758.59,6617.97,6734.61,0
DAX,20101115,6705.13,6812.96,6679.69,6790.17,0
DAX,20101116,6751.13,6772.01,6663.15,6663.24,0
DAX,20101117,6658.99,6705.19,6653.57,6700.07,0
DAX,20101118,6765.70,6835.54,6754.40,6832.11,0
DAX,20101119,6841.37,6854.09,6794.43,6843.55,0
DAX,20101122,6892.02,6901.93,6805.97,6822.05,0
DAX,20101123,6791.75,6827.83,6705.00,6705.00,0
DAX,20101124,6740.61,6833.70,6701.98,6823.80,0
DAX,20101125,6834.68,6885.81,6823.19,6879.66,0
DAX,20101126,6842.39,6871.71,6778.60,6848.98,0
DAX,20101129,6867.77,6907.61,6697.97,6697.97,0
DAX,20101130,6732.59,6763.52,6655.94,6688.49,0
DAX,20101201,6748.36,6868.81,6736.69,6866.63,0
DAX,20101202,6895.77,6958.69,6840.65,6957.61,0
DAX,20101203,6947.31,6977.91,6914.50,6947.72,0
DAX,20101206,6970.24,6971.95,6926.57,6954.38,0
DAX,20101207,6987.88,7042.67,6962.10,7001.91,0
DAX,20101208,6976.19,7013.53,6956.67,6975.87,0
DAX,20101209,7017.99,7021.31,6947.90,6964.16,0
DAX,20101210,6987.69,7018.11,6973.32,7006.17,0
DAX,20101213,7027.58,7044.87,7017.60,7029.39,0
DAX,20101214,7024.79,7032.65,7011.14,7027.40,0
DAX,20101215,7007.49,7029.74,6964.13,7016.37,0
DAX,20101216,7012.99,7033.03,6991.69,7024.40,0
DAX,20101217,7042.83,7043.15,6980.18,6982.45,0
DAX,20101220,7000.38,7068.56,6992.67,7018.60,0
DAX,20101221,7045.25,7087.84,7042.98,7077.99,0
DAX,20101222,7079.22,7084.10,7067.71,7067.92,0
DAX,20101223,7083.08,7083.08,7042.58,7057.69,0
DAX,20101227,7055.32,7056.34,6943.05,6970.73,0
DAX,20101228,6984.85,6990.81,6957.65,6972.10,0
DAX,20101229,6989.54,7008.31,6981.79,6995.47,0
DAX,20101230,6996.56,7008.12,6897.22,6914.19,0
DAX,20110103,6973.39,7026.62,6969.83,6989.74,0
DAX,20110104,6979.68,7025.86,6952.02,6975.35,0
DAX,20110105,6966.08,6967.24,6842.90,6939.82,0
DAX,20110106,6949.48,7047.59,6949.07,6981.39,0
DAX,20110107,6991.55,7010.89,6939.88,6947.84,0
DAX,20110110,6920.36,6941.39,6835.74,6857.06,0
DAX,20110111,6879.39,6951.19,6860.52,6941.57,0
DAX,20110112,6958.84,7070.40,6958.50,7068.78,0
DAX,20110113,7075.54,7084.07,7036.09,7075.11,0
DAX,20110114,7055.42,7083.02,7015.35,7075.70,0
DAX,20110117,7072.75,7087.43,7055.83,7078.06,0
DAX,20110118,7100.48,7156.25,7099.12,7143.45,0
DAX,20110119,7163.37,7165.00,7077.23,7082.76,0
DAX,20110120,7074.89,7084.24,7008.62,7024.27,0
DAX,20110121,7047.70,7122.89,7023.69,7062.42,0
DAX,20110124,7080.78,7089.62,7000.41,7067.77,0
DAX,20110125,7096.84,7102.08,7043.64,7059.01,0
DAX,20110126,7092.89,7160.86,7087.25,7127.35,0
DAX,20110127,7120.64,7180.15,7114.35,7155.58,0
DAX,20110128,7155.47,7177.23,7102.80,7102.80,0
DAX,20110131,7094.56,7107.37,7033.09,7077.48,0
DAX,20110201,7133.34,7190.75,7105.31,7184.27,0
DAX,20110202,7202.62,7222.13,7160.36,7183.67,0
DAX,20110203,7175.75,7198.98,7144.08,7193.68,0
DAX,20110204,7216.66,7226.64,7186.24,7216.21,0
DAX,20110207,7222.05,7287.66,7214.05,7283.62,0
DAX,20110208,7274.17,7325.03,7272.80,7323.24,0
DAX,20110209,7319.12,7350.78,7310.44,7320.90,0
DAX,20110210,7322.62,7340.87,7269.53,7340.28,0
DAX,20110211,7320.07,7390.48,7283.87,7371.20,0
DAX,20110214,7403.83,7424.36,7378.41,7396.63,0
DAX,20110215,7397.68,7420.69,7376.24,7400.04,0
DAX,20110216,7414.23,7438.42,7399.82,7414.30,0
DAX,20110217,7429.00,7434.93,7364.04,7405.51,0
DAX,20110218,7422.11,7427.30,7379.94,7426.81,0
DAX,20110221,7412.06,7441.82,7310.69,7321.81,0
DAX,20110222,7293.11,7350.95,7259.67,7318.35,0
DAX,20110223,7295.12,7310.73,7183.30,7194.60,0
DAX,20110224,7134.70,7156.05,7093.91,7130.50,0
DAX,20110225,7139.88,7194.02,7130.15,7185.17,0
DAX,20110228,7173.59,7305.49,7148.94,7272.32,0
DAX,20110301,7309.80,7356.33,7193.78,7223.30,0
DAX,20110302,7169.04,7202.58,7122.69,7181.12,0
DAX,20110303,7225.23,7294.04,7191.14,7225.96,0
DAX,20110304,7262.54,7311.25,7157.12,7178.90,0
DAX,20110307,7137.81,7270.81,7127.31,7161.93,0
DAX,20110308,7211.06,7222.16,7072.47,7164.75,0
DAX,20110309,7177.55,7217.54,7109.26,7131.80,0
DAX,20110310,7078.69,7109.71,7021.95,7063.09,0
DAX,20110311,7002.26,7014.02,6963.31,6981.49,0
DAX,20110314,6896.31,6946.44,6847.94,6866.63,0
DAX,20110315,6668.99,6714.83,6483.39,6647.66,0
DAX,20110316,6696.31,6733.03,6501.85,6513.84,0
DAX,20110317,6557.85,6692.83,6517.18,6656.88,0
DAX,20110318,6715.17,6761.31,6655.69,6664.40,0
DAX,20110321,6782.30,6829.75,6781.30,6816.12,0
DAX,20110322,6823.08,6826.03,6765.06,6780.97,0
DAX,20110323,6749.18,6807.38,6720.02,6804.45,0
DAX,20110324,6798.08,6941.72,6787.04,6933.58,0
DAX,20110325,6971.77,6985.25,6920.57,6946.36,0
DAX,20110328,6931.86,6981.19,6915.58,6938.63,0
DAX,20110329,6952.51,6960.16,6867.42,6934.44,0
DAX,20110330,7010.77,7065.27,7002.77,7057.15,0
DAX,20110331,7068.29,7079.76,7041.31,7041.31,0
DAX,20110401,7086.56,7192.38,7086.56,7179.81,0
DAX,20110404,7178.59,7200.26,7168.24,7175.33,0
DAX,20110405,7174.69,7186.35,7129.41,7175.31,0
DAX,20110406,7197.37,7242.69,7157.68,7215.11,0
DAX,20110407,7212.46,7241.09,7175.35,7178.78,0
DAX,20110408,7226.79,7232.87,7195.44,7217.02,0
DAX,20110411,7215.34,7224.74,7157.33,7204.86,0
DAX,20110412,7131.44,7177.74,7089.17,7102.91,0
DAX,20110413,7135.21,7201.12,7122.51,7177.97,0
DAX,20110414,7160.99,7184.93,7099.66,7146.56,0
DAX,20110415,7166.98,7193.38,7144.96,7178.29,0
DAX,20110418,7165.99,7174.75,6994.56,7026.85,0
DAX,20110419,7050.85,7078.79,7027.04,7039.31,0
DAX,20110420,7137.10,7261.26,7136.74,7249.19,0
DAX,20110421,7294.58,7316.53,7280.10,7295.49,0
DAX,20110426,7288.77,7359.97,7278.52,7356.51,0
DAX,20110427,7374.11,7428.72,7361.24,7404.95,0
DAX,20110428,7450.57,7480.33,7426.62,7475.22,0
DAX,20110429,7475.00,7514.69,7461.53,7514.46,0
DAX,20110502,7570.86,7600.41,7527.64,7527.64,0
DAX,20110503,7518.60,7523.68,7446.83,7500.70,0
DAX,20110504,7475.18,7534.26,7355.40,7373.93,0
DAX,20110505,7416.38,7423.96,7291.39,7376.96,0
DAX,20110506,7391.04,7501.63,7362.55,7492.25,0
DAX,20110509,7461.35,7489.09,7379.97,7410.52,0
DAX,20110510,7446.44,7533.86,7423.33,7501.52,0
DAX,20110511,7526.56,7566.41,7469.63,7495.05,0
DAX,20110512,7438.02,7443.95,7356.76,7443.95,0
DAX,20110513,7486.20,7511.09,7391.14,7403.31,0
DAX,20110516,7348.12,7402.52,7284.96,7387.54,0
DAX,20110517,7346.81,7368.98,7253.89,7256.65,0
DAX,20110518,7325.85,7340.54,7261.29,7303.53,0
DAX,20110519,7360.47,7415.65,7316.74,7358.23,0
DAX,20110520,7372.18,7410.31,7228.13,7266.82,0
DAX,20110523,7158.08,7166.15,7105.20,7121.52,0
DAX,20110524,7129.94,7202.21,7128.04,7150.66,0
DAX,20110525,7079.25,7183.80,7071.42,7170.94,0
DAX,20110526,7202.72,7217.24,7087.32,7114.09,0
DAX,20110527,7205.13,7208.48,7115.48,7163.47,0
DAX,20110530,7165.00,7204.16,7146.98,7160.30,0
DAX,20110531,7240.12,7319.69,7238.77,7293.69,0
DAX,20110601,7310.56,7314.66,7193.89,7217.43,0
DAX,20110602,7155.86,7157.59,7074.12,7074.12,0
DAX,20110603,7101.48,7120.12,7021.36,7109.03,0
DAX,20110606,7095.40,7124.31,7062.73,7084.57,0
DAX,20110607,7094.14,7147.63,7086.90,7103.25,0
DAX,20110608,7076.31,7089.15,6991.62,7060.23,0
DAX,20110609,7061.87,7183.78,7035.86,7159.66,0
DAX,20110610,7152.55,7182.83,7050.84,7069.90,0
DAX,20110613,7075.91,7123.88,7040.42,7085.14,0
DAX,20110614,7165.14,7231.49,7161.21,7204.79,0
DAX,20110615,7178.05,7202.17,7093.23,7115.08,0
DAX,20110616,7062.18,7198.20,7017.98,7198.20,0
DAX,20110617,7084.27,7224.11,7037.24,7164.05,0
DAX,20110620,7078.59,7158.24,7063.86,7150.21,0
DAX,20110621,7202.88,7285.53,7176.74,7285.51,0
DAX,20110622,7285.93,7310.10,7262.37,7278.19,0
DAX,20110623,7225.20,7237.20,7118.52,7149.44,0
DAX,20110624,7231.73,7273.32,7099.22,7121.38,0
DAX,20110627,7101.15,7144.44,7079.11,7107.90,0
DAX,20110628,7138.50,7187.08,7075.19,7170.43,0
DAX,20110629,7230.95,7320.30,7230.95,7294.14,0
DAX,20110630,7310.34,7378.35,7285.44,7376.24,0
DAX,20110701,7374.49,7443.20,7357.03,7419.44,0
DAX,20110704,7427.14,7450.38,7416.73,7442.96,0
DAX,20110705,7433.13,7474.93,7424.73,7439.44,0
DAX,20110706,7443.93,7450.71,7396.74,7431.19,0
DAX,20110707,7467.82,7504.00,7442.98,7471.00,0
DAX,20110708,7502.83,7523.53,7389.80,7402.73,0
DAX,20110711,7352.73,7358.50,7188.96,7330.25,0
DAX,20110712,7112.19,7190.47,6996.26,7174.14,0
DAX,20110713,7171.47,7280.16,7163.09,7267.87,0
DAX,20110714,7204.94,7267.28,7197.49,7214.74,0
DAX,20110715,7188.70,7254.10,7139.68,7220.12,0
DAX,20110718,7162.82,7171.55,7089.09,7107.92,0
DAX,20110719,7148.48,7236.44,7139.76,7192.67,0
DAX,20110720,7250.18,7331.36,7166.37,7331.36,0
DAX,20110721,7264.98,7395.57,7142.43,7290.14,0
DAX,20110722,7308.48,7357.25,7266.79,7326.39,0
DAX,20110725,7273.60,7366.78,7258.52,7344.54,0
DAX,20110726,7369.89,7382.80,7302.50,7349.45,0
DAX,20110727,7315.75,7344.17,7216.58,7252.68,0
DAX,20110728,7163.95,7203.01,7110.13,7190.06,0
DAX,20110729,7108.27,7190.88,7063.82,7158.77,0
DAX,20110801,7254.50,7282.01,6953.98,6953.98,0
DAX,20110802,6909.43,6938.34,6772.38,6796.75,0
DAX,20110803,6717.84,6783.07,6543.60,6640.59,0
DAX,20110804,6714.79,6730.43,6391.54,6414.76,0
DAX,20110805,6338.77,6436.66,6152.62,6236.16,0
DAX,20110808,6170.69,6272.94,5911.09,5923.27,0
DAX,20110809,5896.14,6026.27,5502.63,5917.08,0
DAX,20110810,6040.68,6089.08,5549.02,5613.42,0
DAX,20110811,5771.21,5825.08,5487.82,5797.66,0
DAX,20110812,5775.96,6023.75,5678.62,5997.74,0
DAX,20110815,6075.59,6106.11,6008.01,6022.24,0
DAX,20110816,5957.94,5998.31,5849.52,5994.90,0
DAX,20110817,5910.50,6018.37,5870.17,5948.94,0
DAX,20110818,5854.36,5892.57,5535.61,5602.80,0
DAX,20110819,5581.51,5595.15,5345.36,5480.00,0
DAX,20110822,5412.75,5591.35,5408.71,5473.78,0
DAX,20110823,5529.26,5636.06,5452.15,5532.38,0
DAX,20110824,5579.80,5743.10,5514.15,5681.08,0
DAX,20110825,5739.86,5777.04,5451.52,5584.14,0
DAX,20110826,5582.50,5588.69,5403.58,5537.48,0
DAX,20110829,5634.06,5714.72,5587.78,5670.07,0
DAX,20110830,5713.53,5730.36,5572.65,5643.92,0
DAX,20110831,5686.26,5869.65,5648.97,5784.85,0
DAX,20110901,5793.10,5794.50,5639.03,5730.63,0
DAX,20110902,5623.70,5635.50,5493.31,5538.33,0
DAX,20110905,5409.87,5421.11,5208.37,5246.18,0
DAX,20110906,5248.31,5332.11,5150.05,5193.97,0
DAX,20110907,5332.52,5406.23,5276.88,5405.53,0
DAX,20110908,5410.08,5473.68,5313.78,5408.46,0
DAX,20110909,5383.63,5400.79,5174.24,5189.93,0
DAX,20110912,5063.59,5126.52,4965.80,5072.33,0
DAX,20110913,5153.95,5222.81,4969.84,5166.36,0
DAX,20110914,5108.10,5347.82,5105.82,5340.19,0
DAX,20110915,5386.86,5566.58,5374.57,5508.24,0
DAX,20110916,5607.51,5655.95,5524.22,5573.51,0
DAX,20110919,5447.32,5496.94,5362.01,5415.91,0
DAX,20110920,5373.53,5577.60,5369.07,5571.68,0
DAX,20110921,5557.07,5557.92,5417.85,5433.80,0
DAX,20110922,5258.42,5289.77,5135.85,5164.21,0
DAX,20110923,5227.09,5229.60,4973.92,5196.56,0
DAX,20110926,5128.56,5415.56,5118.19,5345.56,0
DAX,20110927,5502.89,5638.04,5483.23,5628.44,0
DAX,20110928,5560.60,5700.08,5520.59,5578.42,0
DAX,20110929,5555.07,5704.41,5533.33,5639.58,0
DAX,20110930,5602.55,5606.56,5438.55,5502.02,0
DAX,20111003,5311.93,5437.74,5289.04,5376.70,0
DAX,20111004,5284.11,5288.78,5125.44,5216.71,0
DAX,20111005,5341.43,5486.03,5266.14,5473.03,0
DAX,20111006,5511.56,5645.25,5465.55,5645.25,0
DAX,20111007,5647.66,5749.13,5606.32,5675.70,0
DAX,20111010,5705.40,5872.15,5652.99,5847.29,0
DAX,20111011,5825.91,5883.38,5773.88,5865.01,0
DAX,20111012,5851.10,6022.05,5798.16,5994.47,0
DAX,20111013,5969.91,6036.02,5878.29,5914.84,0
DAX,20111014,5934.78,6037.29,5885.39,5967.20,0
DAX,20111017,6021.29,6081.41,5819.97,5859.43,0
DAX,20111018,5781.77,5907.46,5747.65,5877.41,0
DAX,20111019,5909.58,5977.75,5874.85,5913.53,0
DAX,20111020,5834.42,5914.87,5752.83,5766.48,0
DAX,20111021,5800.06,5980.46,5769.19,5970.96,0
DAX,20111024,6014.36,6067.16,5937.58,6055.27,0
DAX,20111025,6026.45,6157.93,5964.28,6046.75,0
DAX,20111026,6041.16,6143.56,5951.82,6016.07,0
DAX,20111027,6222.75,6347.60,6196.60,6337.84,0
DAX,20111028,6364.18,6430.60,6305.50,6346.19,0
DAX,20111031,6283.19,6304.84,6141.34,6141.34,0
DAX,20111101,5934.54,5947.58,5762.26,5834.51,0
DAX,20111102,5897.14,5990.56,5810.79,5965.63,0
DAX,20111103,5835.36,6193.34,5832.03,6133.18,0
DAX,20111104,6175.43,6175.43,5928.92,5966.16,0
DAX,20111107,5905.93,6028.59,5835.09,5928.68,0
DAX,20111108,5950.44,6087.06,5934.23,5961.44,0
DAX,20111109,6045.87,6055.58,5767.26,5829.54,0
DAX,20111110,5732.32,5934.31,5721.97,5867.81,0
DAX,20111111,5881.49,6065.29,5855.12,6057.03,0
DAX,20111114,6097.27,6116.07,5934.09,5985.02,0
DAX,20111115,5920.43,6011.47,5815.85,5933.14,0
DAX,20111116,5873.29,6028.23,5852.04,5913.36,0
DAX,20111117,5875.86,5921.25,5778.10,5850.17,0
DAX,20111118,5800.79,5897.99,5769.69,5800.24,0
DAX,20111121,5767.09,5771.70,5598.05,5606.00,0
DAX,20111122,5648.50,5681.74,5537.39,5537.39,0
DAX,20111123,5485.67,5588.11,5457.77,5457.77,0
DAX,20111124,5512.76,5563.82,5399.85,5428.11,0
DAX,20111125,5433.30,5528.64,5366.50,5492.87,0
DAX,20111128,5577.19,5754.51,5573.00,5745.33,0
DAX,20111129,5725.68,5826.35,5690.57,5799.91,0
DAX,20111130,5741.21,6130.68,5725.98,6088.84,0
DAX,20111201,6080.48,6111.97,6017.38,6035.88,0
DAX,20111202,6117.73,6169.64,6055.48,6080.68,0
DAX,20111205,6137.87,6170.04,6086.42,6106.09,0
DAX,20111206,6021.73,6094.77,6005.82,6028.82,0
DAX,20111207,6116.26,6137.05,5919.56,5994.73,0
DAX,20111208,6054.56,6077.17,5868.63,5874.44,0
DAX,20111209,5806.49,6007.05,5802.36,5986.71,0
DAX,20111212,5945.19,5952.55,5785.43,5785.43,0
DAX,20111213,5801.39,5852.43,5734.12,5774.26,0
DAX,20111214,5738.98,5771.60,5675.14,5675.14,0
DAX,20111215,5713.48,5795.87,5682.16,5730.62,0
DAX,20111216,5764.45,5775.00,5693.41,5701.78,0
DAX,20111219,5651.74,5775.24,5644.19,5670.71,0
DAX,20111220,5652.61,5847.71,5637.53,5847.03,0
DAX,20111221,5918.72,5965.35,5771.62,5791.53,0
DAX,20111222,5830.13,5886.18,5820.44,5852.18,0
DAX,20111223,5905.18,5913.41,5844.64,5878.93,0
DAX,20111227,5900.70,5924.38,5877.98,5889.76,0
DAX,20111228,5875.87,5901.35,5771.27,5771.27,0
DAX,20111229,5804.13,5848.78,5775.79,5848.78,0
DAX,20111230,5867.03,5898.35,5817.71,5898.35,0
DAX,20120102,5900.18,6075.52,5900.18,6075.52,0
DAX,20120103,6124.11,6179.03,6108.62,6166.57,0
DAX,20120104,6141.26,6163.48,6088.06,6111.55,0
DAX,20120105,6121.34,6130.10,6040.94,6095.99,0
DAX,20120106,6114.64,6152.56,6012.64,6057.92,0
DAX,20120109,6061.26,6076.59,5987.75,6017.23,0
DAX,20120110,6090.87,6191.29,6069.36,6162.98,0
DAX,20120111,6148.45,6181.61,6106.03,6152.34,0
DAX,20120112,6160.09,6256.95,6148.85,6179.21,0
DAX,20120113,6242.49,6245.38,6063.66,6143.08,0
DAX,20120116,6120.40,6232.21,6104.11,6220.01,0
DAX,20120117,6301.91,6343.04,6270.97,6332.93,0
DAX,20120118,6330.43,6399.43,6280.52,6354.57,0
DAX,20120119,6377.24,6420.35,6333.70,6416.26,0
DAX,20120120,6410.75,6431.26,6371.69,6404.39,0
DAX,20120123,6387.33,6467.34,6349.69,6436.62,0
DAX,20120124,6372.49,6420.05,6339.00,6419.22,0
DAX,20120125,6448.87,6456.57,6366.65,6421.85,0
DAX,20120126,6453.62,6559.07,6430.37,6539.85,0
DAX,20120127,6507.77,6574.19,6484.35,6511.98,0
DAX,20120130,6454.54,6491.52,6414.33,6444.45,0
DAX,20120131,6489.04,6533.22,6450.10,6458.91,0
DAX,20120201,6482.95,6630.48,6482.56,6616.64,0
DAX,20120202,6640.05,6667.98,6606.37,6655.63,0
DAX,20120203,6649.57,6767.46,6635.63,6766.67,0
DAX,20120206,6752.03,6781.43,6714.82,6764.83,0
DAX,20120207,6772.75,6788.77,6682.89,6754.20,0
DAX,20120208,6800.72,6829.88,6735.67,6748.76,0
DAX,20120209,6782.14,6838.13,6746.10,6788.80,0
DAX,20120210,6730.54,6751.08,6649.56,6692.96,0
DAX,20120213,6748.68,6774.60,6709.63,6738.47,0
DAX,20120214,6712.68,6788.57,6698.32,6728.19,0
DAX,20120215,6807.55,6830.10,6736.56,6757.94,0
DAX,20120216,6665.24,6751.96,6651.72,6751.96,0
DAX,20120217,6811.02,6874.53,6794.89,6848.03,0
DAX,20120220,6892.04,6956.67,6878.53,6948.25,0
DAX,20120221,6936.91,6971.03,6873.54,6908.18,0
DAX,20120222,6914.68,6915.18,6821.80,6843.87,0
DAX,20120223,6838.94,6903.51,6733.59,6809.46,0
DAX,20120224,6871.25,6890.90,6826.34,6864.43,0
DAX,20120227,6817.46,6868.58,6743.65,6849.60,0
DAX,20120228,6867.23,6900.51,6809.22,6887.63,0
DAX,20120229,6914.66,6967.14,6843.27,6856.08,0
DAX,20120301,6831.97,6949.45,6817.73,6941.77,0
DAX,20120302,6944.45,6954.89,6904.10,6921.37,0
DAX,20120305,6876.89,6902.58,6815.47,6866.46,0
DAX,20120306,6835.97,6840.33,6633.11,6633.11,0
DAX,20120307,6638.48,6682.13,6612.61,6671.11,0
DAX,20120308,6723.33,6838.39,6703.89,6834.54,0
DAX,20120309,6848.52,6912.42,6830.63,6880.21,0
DAX,20120312,6868.97,6911.27,6846.90,6901.35,0
DAX,20120313,6957.25,7020.04,6941.96,6995.91,0
DAX,20120314,7028.92,7099.34,7028.15,7079.42,0
DAX,20120315,7093.97,7153.11,7072.27,7144.45,0
DAX,20120316,7145.78,7194.33,7142.75,7157.82,0
DAX,20120319,7143.93,7154.83,7095.13,7154.22,0
DAX,20120320,7121.92,7124.63,7032.07,7054.94,0
DAX,20120321,7088.76,7114.01,7012.04,7071.32,0
DAX,20120322,7053.42,7071.09,6938.20,6981.26,0
DAX,20120323,6986.90,7026.90,6908.97,6995.62,0
DAX,20120326,7022.64,7102.05,6969.97,7079.23,0
DAX,20120327,7106.77,7153.68,7075.16,7078.90,0
DAX,20120328,7056.05,7110.54,6998.80,6998.80,0
DAX,20120329,6980.09,6993.74,6841.97,6875.15,0
DAX,20120330,6924.82,6959.71,6898.91,6946.83,0
DAX,20120402,6973.99,7057.20,6911.63,7056.65,0
DAX,20120403,7053.91,7081.06,6981.21,6982.28,0
DAX,20120404,6940.61,6944.40,6772.95,6784.06,0
DAX,20120405,6817.85,6831.36,6685.80,6775.26,0
DAX,20120410,6694.72,6737.92,6606.43,6606.43,0
DAX,20120411,6628.66,6722.52,6603.07,6674.73,0
DAX,20120412,6710.37,6761.78,6651.81,6743.24,0
DAX,20120413,6732.07,6743.01,6552.32,6583.90,0
DAX,20120416,6556.30,6675.39,6548.39,6625.19,0
DAX,20120417,6625.71,6801.15,6616.95,6801.00,0
DAX,20120418,6780.49,6812.84,6718.10,6732.03,0
DAX,20120419,6775.46,6807.12,6665.31,6671.22,0
DAX,20120420,6689.71,6760.26,6651.80,6750.12,0
DAX,20120423,6666.79,6668.12,6499.07,6523.00,0
DAX,20120424,6566.11,6604.54,6508.10,6590.41,0
DAX,20120425,6622.96,6733.34,6622.90,6704.50,0
DAX,20120426,6702.61,6750.65,6642.04,6739.90,0
DAX,20120427,6662.31,6825.41,6652.51,6801.32,0
DAX,20120430,6844.10,6846.66,6759.90,6761.19,0
DAX,20120502,6861.30,6875.87,6664.57,6710.77,0
DAX,20120503,6749.27,6791.75,6648.50,6694.44,0
DAX,20120504,6682.96,6684.89,6546.00,6561.47,0
DAX,20120507,6515.94,6578.95,6410.03,6569.48,0
DAX,20120508,6548.74,6576.72,6415.03,6444.74,0
DAX,20120509,6483.27,6506.21,6375.79,6475.31,0
DAX,20120510,6531.15,6549.77,6440.23,6518.00,0
DAX,20120511,6465.19,6589.01,6454.21,6579.93,0
DAX,20120514,6499.79,6520.86,6404.28,6451.97,0
DAX,20120515,6501.93,6509.65,6353.26,6401.06,0
DAX,20120516,6344.92,6442.97,6297.38,6384.26,0
DAX,20120517,6401.15,6413.05,6291.10,6308.96,0
DAX,20120518,6254.82,6335.55,6229.30,6271.22,0
DAX,20120521,6269.31,6364.40,6244.02,6331.04,0
DAX,20120522,6381.83,6446.00,6351.02,6435.60,0
DAX,20120523,6352.43,6373.79,6258.85,6285.75,0
DAX,20120524,6338.12,6351.10,6244.48,6315.89,0
DAX,20120525,6334.15,6406.96,6279.55,6339.94,0
DAX,20120528,6425.10,6426.27,6311.33,6323.19,0
DAX,20120529,6396.65,6441.26,6334.75,6396.84,0
DAX,20120530,6360.79,6392.21,6258.89,6280.80,0
DAX,20120531,6297.68,6322.69,6208.09,6264.38,0
DAX,20120601,6259.76,6259.76,6008.47,6050.29,0
DAX,20120604,5976.46,6030.81,5942.38,5978.23,0
DAX,20120605,5999.86,6011.56,5914.43,5969.40,0
DAX,20120606,6028.36,6102.42,5996.41,6093.99,0
DAX,20120607,6117.76,6230.22,6099.08,6144.22,0
DAX,20120608,6082.63,6144.76,6053.95,6130.82,0
DAX,20120611,6255.65,6287.54,6130.28,6141.05,0
DAX,20120612,6141.92,6211.14,6083.81,6161.24,0
DAX,20120613,6183.80,6221.36,6093.61,6152.49,0
DAX,20120614,6146.92,6167.49,6078.22,6138.61,0
DAX,20120615,6164.56,6251.59,6158.78,6229.41,0
DAX,20120618,6304.77,6316.14,6221.87,6248.20,0
DAX,20120619,6254.77,6375.27,6233.25,6363.36,0
DAX,20120620,6364.06,6402.21,6333.97,6392.13,0
DAX,20120621,6357.25,6427.49,6331.79,6343.13,0
DAX,20120622,6273.10,6318.06,6256.34,6263.25,0
DAX,20120625,6229.43,6229.43,6118.72,6132.39,0
DAX,20120626,6157.84,6165.28,6109.93,6136.69,0
DAX,20120627,6155.91,6230.51,6131.30,6228.99,0
DAX,20120628,6232.12,6240.09,6096.94,6149.91,0
DAX,20120629,6296.74,6416.28,6261.74,6416.28,0
DAX,20120702,6405.39,6520.40,6390.55,6496.08,0
DAX,20120703,6508.33,6578.21,6505.39,6578.21,0
DAX,20120704,6564.30,6573.86,6525.51,6564.80,0
DAX,20120705,6561.77,6641.86,6475.92,6535.56,0
DAX,20120706,6508.22,6533.79,6407.84,6410.11,0
DAX,20120709,6408.64,6420.78,6375.69,6387.57,0
DAX,20120710,6397.46,6491.40,6349.62,6438.33,0
DAX,20120711,6413.17,6496.53,6399.40,6453.85,0
DAX,20120712,6410.94,6448.22,6366.77,6419.35,0
DAX,20120713,6446.22,6557.10,6436.09,6557.10,0
DAX,20120716,6550.95,6577.06,6511.18,6565.72,0
DAX,20120717,6583.31,6610.81,6542.89,6577.64,0
DAX,20120718,6601.71,6690.66,6578.86,6684.42,0
DAX,20120719,6706.99,6773.50,6698.87,6758.39,0
DAX,20120720,6741.90,6775.74,6620.72,6630.02,0
DAX,20120723,6561.87,6572.11,6371.15,6419.33,0
DAX,20120724,6420.82,6456.00,6378.00,6390.41,0
DAX,20120725,6387.84,6475.33,6375.15,6406.52,0
DAX,20120726,6393.20,6595.58,6324.53,6582.96,0
DAX,20120727,6605.42,6690.43,6513.97,6689.40,0
DAX,20120730,6729.19,6796.61,6703.26,6774.06,0
DAX,20120731,6780.62,6835.19,6756.18,6772.26,0
DAX,20120801,6775.99,6800.10,6735.89,6754.46,0
DAX,20120802,6756.16,6855.71,6596.21,6606.09,0
DAX,20120803,6626.30,6876.74,6621.36,6865.66,0
DAX,20120806,6845.88,6943.32,6845.88,6918.72,0
DAX,20120807,6909.28,6979.63,6902.86,6967.95,0
DAX,20120808,6944.89,6966.15,6907.29,6966.15,0
DAX,20120809,6979.41,6989.15,6891.49,6964.99,0
DAX,20120810,6927.71,6955.38,6891.90,6944.56,0
DAX,20120813,6935.51,6976.31,6882.03,6909.68,0
DAX,20120814,6965.04,6995.03,6939.50,6974.39,0
DAX,20120815,6953.01,6972.64,6910.39,6946.80,0
DAX,20120816,6958.39,7001.40,6929.43,6996.29,0
DAX,20120817,7011.37,7041.11,7000.85,7040.88,0
DAX,20120820,7037.02,7086.22,7008.97,7033.68,0
DAX,20120821,7048.79,7105.43,7041.73,7089.32,0
DAX,20120822,7048.30,7051.77,7005.26,7017.75,0
DAX,20120823,7065.99,7080.74,6923.07,6949.57,0
DAX,20120824,6957.60,6990.07,6885.98,6971.07,0
DAX,20120827,6960.02,7049.48,6946.08,7047.45,0
DAX,20120828,7004.05,7031.16,6976.01,7002.68,0
DAX,20120829,7003.02,7029.80,6945.71,7010.57,0
DAX,20120830,6962.29,6978.50,6871.00,6895.49,0
DAX,20120831,6897.73,7011.45,6889.79,6970.79,0
DAX,20120903,6946.61,7016.31,6944.25,7014.83,0
DAX,20120904,7012.99,7015.71,6920.00,6932.58,0
DAX,20120905,6941.66,7003.53,6892.86,6964.69,0
DAX,20120906,6984.31,7172.32,6977.86,7167.33,0
DAX,20120907,7183.92,7248.51,7182.60,7214.50,0
DAX,20120910,7207.96,7233.92,7203.65,7213.70,0
DAX,20120911,7197.20,7313.48,7186.63,7310.11,0
DAX,20120912,7331.58,7410.36,7307.48,7343.53,0
DAX,20120913,7341.78,7353.22,7280.23,7310.32,0
DAX,20120914,7397.98,7446.47,7388.79,7412.13,0
DAX,20120917,7390.29,7414.22,7382.47,7403.69,0
DAX,20120918,7350.09,7375.00,7304.25,7347.69,0
DAX,20120919,7387.18,7396.12,7326.24,7390.76,0
DAX,20120920,7322.62,7390.46,7313.14,7389.49,0
DAX,20120921,7409.34,7478.53,7391.06,7451.62,0
DAX,20120924,7419.65,7440.49,7388.20,7413.16,0
DAX,20120925,7406.22,7438.89,7369.39,7425.11,0
DAX,20120926,7362.98,7362.98,7255.77,7276.51,0
DAX,20120927,7313.15,7324.97,7268.69,7290.02,0
DAX,20120928,7330.61,7337.17,7215.95,7216.15,0
DAX,20121001,7227.81,7339.20,7225.29,7326.73,0
DAX,20121002,7278.13,7373.15,7266.11,7305.86,0
DAX,20121003,7283.26,7339.33,7272.06,7322.08,0
DAX,20121004,7368.21,7374.86,7283.48,7305.21,0
DAX,20121005,7327.70,7409.78,7312.79,7397.87,0
DAX,20121008,7340.39,7341.28,7286.24,7291.21,0
DAX,20121009,7306.33,7308.13,7221.50,7234.53,0
DAX,20121010,7219.46,7245.17,7201.09,7205.23,0
DAX,20121011,7192.75,7305.46,7182.31,7281.70,0
DAX,20121012,7260.57,7291.24,7232.42,7232.49,0
DAX,20121015,7237.40,7302.23,7237.40,7261.25,0
DAX,20121016,7309.08,7387.78,7293.90,7376.27,0
DAX,20121017,7381.08,7399.99,7367.59,7394.55,0
DAX,20121018,7401.41,7447.47,7389.01,7437.23,0
DAX,20121019,7413.69,7430.12,7363.50,7380.64,0
DAX,20121022,7372.36,7390.10,7313.24,7328.05,0
DAX,20121023,7339.16,7343.60,7153.80,7173.69,0
DAX,20121024,7202.03,7216.13,7120.68,7192.85,0
DAX,20121025,7203.12,7256.22,7181.45,7200.23,0
DAX,20121026,7161.73,7257.37,7147.51,7231.85,0
DAX,20121029,7205.05,7225.32,7171.96,7203.16,0
DAX,20121030,7239.69,7292.83,7239.04,7284.40,0
DAX,20121031,7305.07,7347.51,7260.63,7260.63,0
DAX,20121101,7255.30,7356.18,7255.11,7335.67,0
DAX,20121102,7336.52,7391.04,7314.68,7363.85,0
DAX,20121105,7320.98,7337.47,7304.45,7326.47,0
DAX,20121106,7336.46,7388.98,7319.73,7377.76,0
DAX,20121107,7425.08,7434.96,7226.60,7232.83,0
DAX,20121108,7260.35,7287.00,7184.18,7204.96,0
DAX,20121109,7220.69,7222.87,7064.34,7163.50,0
DAX,20121112,7164.68,7196.00,7138.17,7168.76,0
DAX,20121113,7131.60,7185.29,7074.87,7169.12,0
DAX,20121114,7156.34,7182.81,7084.63,7101.92,0
DAX,20121115,7064.99,7079.22,7021.62,7043.42,0
DAX,20121116,7045.63,7059.83,6950.53,6950.53,0
DAX,20121119,7020.23,7130.87,7007.21,7123.84,0
DAX,20121120,7098.13,7186.61,7092.23,7172.99,0
DAX,20121121,7148.91,7194.79,7139.99,7184.71,0
DAX,20121122,7210.46,7253.02,7205.20,7244.99,0
DAX,20121123,7258.33,7311.55,7219.55,7309.13,0
DAX,20121126,7286.69,7312.86,7273.57,7292.03,0
DAX,20121127,7343.01,7361.55,7307.30,7332.33,0
DAX,20121128,7317.49,7351.48,7265.44,7343.41,0
DAX,20121129,7382.55,7416.52,7377.09,7400.96,0
DAX,20121130,7399.09,7442.60,7398.22,7405.50,0
DAX,20121203,7427.41,7487.89,7419.30,7435.21,0
DAX,20121204,7428.13,7466.25,7417.30,7435.12,0
DAX,20121205,7480.59,7482.28,7428.70,7454.55,0
DAX,20121206,7469.54,7554.51,7461.19,7534.54,0
DAX,20121207,7539.78,7553.05,7487.64,7517.80,0
DAX,20121210,7484.95,7536.60,7457.40,7530.92,0
DAX,20121211,7529.24,7596.90,7518.74,7589.75,0
DAX,20121212,7595.20,7626.40,7590.18,7614.79,0
DAX,20121213,7618.62,7618.62,7561.96,7581.98,0
DAX,20121214,7599.03,7619.26,7571.16,7596.47,0
DAX,20121217,7604.16,7627.14,7564.07,7604.94,0
DAX,20121218,7634.28,7667.91,7626.25,7653.58,0
DAX,20121219,7675.33,7682.90,7655.71,7668.50,0
DAX,20121220,7642.99,7675.45,7635.39,7672.10,0
DAX,20121221,7632.41,7653.73,7596.64,7636.23,0
DAX,20121227,7652.27,7676.50,7640.30,7655.88,0
DAX,20121228,7649.89,7665.68,7602.89,7612.39,0
DAX,20130102,7689.46,7789.94,7689.46,7778.78,0
DAX,20130103,7762.13,7777.02,7737.98,7756.44,0
DAX,20130104,7740.99,7779.67,7727.55,7776.37,0
DAX,20130107,7760.01,7767.55,7713.42,7732.66,0
DAX,20130108,7710.70,7754.38,7683.48,7695.83,0
DAX,20130109,7713.57,7734.78,7688.55,7720.47,0
DAX,20130110,7732.14,7773.69,7685.08,7708.47,0
DAX,20130111,7725.93,7731.45,7683.92,7715.53,0
DAX,20130114,7737.61,7785.82,7702.36,7729.52,0
DAX,20130115,7704.05,7735.21,7635.88,7675.91,0
DAX,20130116,7661.61,7694.80,7643.14,7691.13,0
DAX,20130117,7677.28,7764.03,7662.43,7735.46,0
DAX,20130118,7747.13,7753.49,7702.23,7702.23,0
DAX,20130121,7727.77,7749.82,7719.02,7748.86,0
DAX,20130122,7741.88,7746.91,7634.26,7696.21,0
DAX,20130123,7702.92,7731.63,7684.84,7707.54,0
DAX,20130124,7700.53,7753.30,7661.96,7748.13,0
DAX,20130125,7746.78,7865.16,7743.19,7857.97,0
DAX,20130128,7859.83,7871.79,7831.72,7833.00,0
DAX,20130129,7841.96,7857.14,7800.12,7848.57,0
DAX,20130130,7855.68,7863.35,7775.03,7811.31,0
DAX,20130131,7800.45,7812.34,7765.20,7776.05,0
DAX,20130201,7792.59,7853.37,7784.97,7833.39,0
DAX,20130204,7822.54,7837.64,7637.68,7638.23,0
DAX,20130205,7643.54,7677.14,7622.30,7664.66,0
DAX,20130206,7665.88,7694.42,7537.29,7581.18,0
DAX,20130207,7581.37,7661.31,7565.32,7590.85,0
DAX,20130208,7607.57,7655.31,7577.34,7652.14,0
DAX,20130211,7627.72,7676.82,7597.61,7633.74,0
DAX,20130212,7619.12,7661.97,7593.66,7660.19,0
DAX,20130213,7678.48,7737.41,7650.29,7711.89,0
DAX,20130214,7697.89,7729.36,7607.48,7631.19,0
DAX,20130215,7636.26,7649.50,7588.57,7593.51,0
DAX,20130218,7591.08,7629.78,7568.16,7628.73,0
DAX,20130219,7614.10,7762.90,7611.60,7752.45,0
DAX,20130220,7747.21,7784.64,7709.48,7728.90,0
DAX,20130221,7681.61,7688.44,7561.84,7583.57,0
DAX,20130222,7619.81,7681.12,7607.26,7661.91,0
DAX,20130225,7731.80,7860.57,7726.40,7773.19,0
DAX,20130226,7682.24,7683.96,7589.32,7597.11,0
DAX,20130227,7641.84,7679.44,7565.78,7675.83,0
DAX,20130228,7712.20,7753.39,7691.81,7741.70,0
DAX,20130301,7735.35,7767.67,7627.99,7708.16,0
DAX,20130304,7654.67,7708.88,7637.32,7691.68,0
DAX,20130305,7779.62,7883.60,7772.33,7870.31,0
DAX,20130306,7907.39,7977.64,7898.04,7919.33,0
DAX,20130307,7934.19,7956.26,7911.56,7939.77,0
DAX,20130308,7970.66,8015.07,7962.28,7986.47,0
DAX,20130311,7967.46,7989.21,7954.58,7984.29,0
DAX,20130312,7970.83,7999.50,7933.94,7966.12,0
DAX,20130313,7964.77,7978.84,7942.37,7970.91,0
DAX,20130314,8013.25,8060.26,8011.22,8058.37,0
DAX,20130315,8074.03,8074.47,7996.95,8042.85,0
DAX,20130318,7924.04,8020.91,7901.94,8010.70,0
DAX,20130319,7980.54,8000.97,7919.45,7947.79,0
DAX,20130320,7995.59,8030.46,7972.21,8001.97,0
DAX,20130321,7989.59,7999.34,7887.67,7932.51,0
DAX,20130322,7917.64,7953.93,7876.36,7911.35,0
DAX,20130325,7988.27,8030.76,7847.97,7870.90,0
DAX,20130326,7889.15,7912.52,7859.27,7879.67,0
DAX,20130327,7905.96,7916.76,7750.38,7789.09,0
DAX,20130328,7791.14,7842.58,7778.02,7795.31,0
DAX,20130402,7806.12,7949.20,7805.92,7943.87,0
DAX,20130403,7926.88,7953.15,7869.81,7874.75,0
DAX,20130404,7902.86,7927.93,7803.89,7817.39,0
DAX,20130405,7820.69,7825.28,7632.42,7658.75,0
DAX,20130408,7669.04,7698.47,7645.56,7662.64,0
DAX,20130409,7704.35,7723.20,7608.04,7637.51,0
DAX,20130410,7664.16,7822.12,7660.20,7810.63,0
DAX,20130411,7799.31,7885.45,7786.75,7871.63,0
DAX,20130412,7831.87,7838.53,7726.13,7744.77,0
DAX,20130415,7740.54,7773.11,7651.58,7712.63,0
DAX,20130416,7680.78,7739.66,7639.43,7682.58,0
DAX,20130417,7719.56,7722.46,7473.07,7503.03,0
DAX,20130418,7519.67,7556.55,7436.78,7473.73,0
DAX,20130419,7490.11,7531.09,7418.36,7459.96,0
DAX,20130422,7516.06,7538.22,7437.52,7478.11,0
DAX,20130423,7477.03,7664.22,7442.36,7658.21,0
DAX,20130424,7656.76,7767.36,7656.22,7759.03,0
DAX,20130425,7766.61,7838.31,7741.98,7832.86,0
DAX,20130426,7835.59,7840.47,7767.61,7814.76,0
DAX,20130429,7834.02,7873.50,7823.24,7873.50,0
DAX,20130430,7928.42,7965.90,7893.08,7913.71,0
DAX,20130502,7905.35,8005.83,7896.99,7961.71,0
DAX,20130503,7972.28,8130.16,7957.36,8122.29,0
DAX,20130506,8119.22,8148.14,8103.27,8112.08,0
DAX,20130507,8125.82,8206.01,8116.67,8181.78,0
DAX,20130508,8176.88,8253.47,8173.35,8249.71,0
DAX,20130509,8232.50,8274.18,8224.52,8262.55,0
DAX,20130510,8278.45,8358.23,8252.37,8278.59,0
DAX,20130513,8281.95,8294.56,8217.15,8279.29,0
DAX,20130514,8304.50,8339.11,8235.97,8339.11,0
DAX,20130515,8333.61,8368.06,8299.83,8362.42,0
DAX,20130516,8348.54,8401.28,8324.23,8369.87,0
DAX,20130517,8356.26,8408.62,8327.47,8398.00,0
DAX,20130520,8434.97,8456.24,8401.74,8455.83,0
DAX,20130521,8446.78,8476.18,8397.54,8472.20,0
DAX,20130522,8467.56,8557.86,8434.83,8530.89,0
DAX,20130523,8410.06,8412.25,8281.11,8351.98,0
DAX,20130524,8390.16,8391.02,8262.64,8305.32,0
DAX,20130527,8346.60,8386.86,8338.32,8383.30,0
DAX,20130528,8432.46,8526.42,8424.40,8480.87,0
DAX,20130529,8437.21,8445.46,8316.70,8336.58,0
DAX,20130530,8314.20,8416.36,8293.96,8400.20,0
DAX,20130531,8385.38,8401.63,8297.03,8348.84,0
DAX,20130603,8291.49,8395.56,8214.78,8285.80,0
DAX,20130604,8358.68,8384.36,8274.94,8295.96,0
DAX,20130605,8229.23,8293.28,8182.08,8196.18,0
DAX,20130606,8188.82,8235.09,8098.81,8098.81,0
DAX,20130607,8124.88,8279.03,8034.55,8254.68,0
DAX,20130610,8246.04,8355.79,8245.94,8307.69,0
DAX,20130611,8256.19,8260.86,8141.02,8222.46,0
DAX,20130612,8204.91,8246.08,8122.72,8143.27,0
DAX,20130613,8023.37,8110.38,7968.13,8095.39,0
DAX,20130614,8157.88,8188.00,8111.38,8127.96,0
DAX,20130617,8170.75,8265.49,8167.67,8215.73,0
DAX,20130618,8196.44,8241.60,8176.19,8229.51,0
DAX,20130619,8254.57,8285.90,8160.50,8197.08,0
DAX,20130620,8085.67,8085.67,7911.96,7928.48,0
DAX,20130621,7946.32,7987.04,7789.24,7789.24,0
DAX,20130624,7776.88,7823.84,7655.83,7692.45,0
DAX,20130625,7741.13,7842.48,7725.99,7811.30,0
DAX,20130626,7810.37,7960.45,7800.85,7940.99,0
DAX,20130627,7945.92,8025.81,7919.59,7990.75,0
DAX,20130628,8015.53,8037.68,7906.14,7959.22,0
DAX,20130701,8000.02,8023.15,7890.28,7983.92,0
DAX,20130702,7988.92,7988.96,7873.97,7910.77,0
DAX,20130703,7841.18,7841.87,7730.37,7829.32,0
DAX,20130704,7877.91,8015.08,7863.76,7994.31,0
DAX,20130705,8010.44,8031.71,7805.36,7806.00,0
DAX,20130708,7865.92,8015.21,7848.14,7968.54,0
DAX,20130709,8021.13,8086.95,8005.73,8057.75,0
DAX,20130710,8056.51,8081.21,7990.65,8066.48,0
DAX,20130711,8163.56,8176.70,8130.48,8158.80,0
DAX,20130712,8192.91,8244.13,8178.20,8212.77,0
DAX,20130715,8237.92,8271.38,8211.42,8234.81,0
DAX,20130716,8251.51,8252.25,8178.19,8201.05,0
DAX,20130717,8216.70,8269.22,8137.53,8254.72,0
DAX,20130718,8239.38,8337.20,8215.66,8337.09,0
DAX,20130719,8299.01,8336.87,8284.36,8331.57,0
DAX,20130722,8343.28,8374.47,8310.29,8331.06,0
DAX,20130723,8358.62,8365.98,8306.60,8314.23,0
DAX,20130724,8325.06,8415.33,8318.48,8379.11,0
DAX,20130725,8349.52,8356.88,8265.14,8298.98,0
DAX,20130726,8341.78,8362.04,8217.26,8244.91,0
DAX,20130729,8307.12,8324.15,8245.53,8259.03,0
DAX,20130730,8302.14,8333.95,8256.40,8271.02,0
DAX,20130731,8235.22,8295.56,8213.36,8275.97,0
DAX,20130801,8320.38,8411.30,8316.89,8410.73,0
DAX,20130802,8428.58,8431.67,8376.28,8406.94,0
DAX,20130805,8416.11,8435.32,8367.34,8398.38,0
DAX,20130806,8387.93,8435.49,8267.98,8299.73,0
DAX,20130807,8265.33,8281.52,8228.11,8260.48,0
DAX,20130808,8256.40,8341.44,8252.46,8318.32,0
DAX,20130809,8332.53,8374.59,8286.41,8338.31,0
DAX,20130812,8341.96,8371.16,8238.86,8359.25,0
DAX,20130813,8395.82,8444.52,8383.23,8415.76,0
DAX,20130814,8424.88,8457.05,8400.75,8438.12,0
DAX,20130815,8418.94,8422.03,8307.98,8376.29,0
DAX,20130816,8348.42,8402.30,8330.33,8391.94,0
DAX,20130819,8395.02,8395.41,8329.00,8366.29,0
DAX,20130820,8294.87,8319.82,8246.19,8300.03,0
DAX,20130821,8301.06,8310.68,8268.42,8285.41,0
DAX,20130822,8289.30,8425.26,8283.77,8397.89,0
DAX,20130823,8398.28,8438.44,8360.23,8416.99,0
DAX,20130826,8424.07,8437.75,8386.05,8435.15,0
DAX,20130827,8378.93,8423.78,8242.56,8242.56,0
DAX,20130828,8202.86,8219.26,8094.22,8157.90,0
DAX,20130829,8189.02,8199.29,8129.99,8194.55,0
DAX,20130830,8197.72,8201.49,8101.95,8103.15,0
DAX,20130902,8224.34,8268.73,8211.03,8243.87,0
DAX,20130903,8259.37,8264.72,8142.86,8180.71,0
DAX,20130904,8201.56,8206.87,8095.91,8195.92,0
DAX,20130905,8205.56,8257.73,8165.36,8234.98,0
DAX,20130906,8222.21,8295.81,8174.32,8275.67,0
DAX,20130909,8275.01,8310.37,8246.77,8276.32,0
DAX,20130910,8357.69,8464.25,8350.42,8446.54,0
DAX,20130911,8453.32,8502.79,8446.69,8495.73,0
DAX,20130912,8509.49,8516.98,8466.61,8494.00,0
DAX,20130913,8461.31,8518.18,8456.84,8509.42,0
DAX,20130916,8599.65,8626.11,8578.01,8613.00,0
DAX,20130917,8595.56,8613.89,8585.04,8596.95,0
DAX,20130918,8617.45,8645.90,8594.65,8636.06,0
DAX,20130919,8735.11,8770.10,8665.75,8694.18,0
DAX,20130920,8693.32,8713.78,8666.49,8675.73,0
DAX,20130923,8682.94,8699.47,8605.59,8635.29,0
DAX,20130924,8645.24,8672.08,8633.21,8664.60,0
DAX,20130925,8655.04,8681.99,8609.95,8665.63,0
DAX,20130926,8678.82,8688.49,8628.61,8664.10,0
DAX,20130927,8672.82,8691.48,8611.45,8661.51,0
DAX,20130930,8562.85,8606.71,8546.72,8594.40,0
DAX,20131001,8618.59,8691.85,8612.23,8689.14,0
DAX,20131002,8650.71,8672.26,8581.02,8629.42,0
DAX,20131003,8647.86,8654.79,8590.46,8597.91,0
DAX,20131004,8590.91,8639.74,8570.21,8622.97,0
DAX,20131007,8557.04,8604.86,8510.42,8591.58,0
DAX,20131008,8591.02,8610.01,8551.69,8555.89,0
DAX,20131009,8541.08,8589.64,8489.62,8516.69,0
DAX,20131010,8563.39,8694.17,8547.72,8685.77,0
DAX,20131011,8705.03,8729.33,8695.76,8724.83,0
DAX,20131014,8688.45,8727.58,8675.95,8723.81,0
DAX,20131015,8757.13,8820.98,8757.09,8804.44,0
DAX,20131016,8792.99,8861.28,8781.00,8846.00,0
DAX,20131017,8817.11,8829.79,8765.47,8811.98,0
DAX,20131018,8849.77,8865.10,8804.81,8865.10,0
DAX,20131021,8828.47,8876.14,8827.23,8867.22,0
DAX,20131022,8853.87,8987.63,8849.16,8947.46,0
DAX,20131023,8906.91,8932.91,8897.50,8919.86,0
DAX,20131024,8968.50,8987.04,8950.81,8980.63,0
DAX,20131025,8952.78,9010.65,8944.14,8985.74,0
DAX,20131028,9013.05,9017.95,8950.21,8978.65,0
DAX,20131029,8965.75,9022.21,8965.75,9022.04,0
DAX,20131030,9030.31,9070.17,8996.25,9010.27,0
DAX,20131031,8985.48,9037.41,8976.37,9033.92,0
DAX,20131101,9032.29,9048.10,8992.90,9007.83,0
DAX,20131104,9035.91,9053.93,9019.31,9037.23,0
DAX,20131105,9036.18,9041.97,8962.42,9009.11,0
DAX,20131106,9030.47,9065.96,9021.84,9040.87,0
DAX,20131107,9038.47,9193.98,9026.09,9081.03,0
DAX,20131108,9036.59,9079.05,8986.49,9078.28,0
DAX,20131111,9081.58,9124.24,9064.61,9107.86,0
DAX,20131112,9102.99,9124.24,9073.93,9076.48,0
DAX,20131113,9056.71,9074.56,8981.09,9054.83,0
DAX,20131114,9137.48,9151.35,9101.29,9149.66,0
DAX,20131115,9157.60,9188.47,9133.51,9168.69,0
DAX,20131118,9154.23,9253.68,9140.51,9225.43,0
DAX,20131119,9197.47,9217.36,9179.25,9193.29,0
DAX,20131120,9175.64,9236.78,9162.84,9202.07,0
DAX,20131121,9127.89,9210.67,9117.09,9196.08,0
DAX,20131122,9210.69,9230.16,9168.92,9219.04,0
DAX,20131125,9258.22,9323.44,9252.73,9299.95,0
DAX,20131126,9297.65,9316.62,9287.30,9290.07,0
DAX,20131127,9308.96,9363.48,9295.56,9351.13,0
DAX,20131128,9359.50,9399.63,9358.77,9387.37,0
DAX,20131129,9378.55,9424.62,9376.58,9405.30,0
DAX,20131202,9412.95,9424.83,9384.12,9401.96,0
DAX,20131203,9398.19,9404.17,9223.13,9223.40,0
DAX,20131204,9246.89,9253.13,9069.82,9140.63,0
DAX,20131205,9110.53,9172.16,9078.00,9084.95,0
DAX,20131206,9126.15,9195.75,9084.12,9172.41,0
DAX,20131209,9218.81,9225.53,9171.36,9195.17,0
DAX,20131210,9180.29,9223.73,9091.97,9114.44,0
DAX,20131211,9093.26,9153.14,9065.51,9077.11,0
DAX,20131212,9032.67,9060.54,8984.28,9017.00,0
DAX,20131213,9016.78,9046.63,8990.58,9006.46,0
DAX,20131216,9004.62,9187.78,8997.75,9163.56,0
DAX,20131217,9142.75,9161.80,9085.12,9085.12,0
DAX,20131218,9145.35,9190.73,9122.05,9181.75,0
DAX,20131219,9279.68,9351.90,9257.24,9335.74,0
DAX,20131220,9371.08,9413.09,9352.98,9400.18,0
DAX,20131223,9436.49,9488.82,9427.54,9488.82,0
DAX,20131227,9558.55,9589.39,9548.89,9589.39,0
DAX,20131230,9586.53,9594.35,9552.16,9552.16,0
DAX,20140102,9598.25,9620.93,9394.21,9400.04,0
DAX,20140103,9409.66,9453.48,9367.99,9435.15,0
DAX,20140106,9419.44,9468.80,9399.81,9428.00,0
DAX,20140107,9446.25,9518.72,9416.86,9506.20,0
DAX,20140108,9512.79,9516.26,9467.95,9497.84,0
DAX,20140109,9492.24,9549.50,9402.80,9421.61,0
DAX,20140110,9473.87,9529.70,9441.25,9473.24,0
DAX,20140113,9497.92,9519.30,9457.31,9510.17,0
DAX,20140114,9391.46,9540.51,9381.94,9540.51,0
DAX,20140115,9590.57,9747.40,9582.10,9733.81,0
DAX,20140116,9742.21,9747.37,9702.97,9717.71,0
DAX,20140117,9718.20,9789.89,9709.14,9742.96,0
DAX,20140120,9713.20,9733.40,9672.32,9715.90,0
DAX,20140121,9751.98,9794.05,9714.02,9730.12,0
DAX,20140122,9752.11,9765.63,9677.14,9720.11,0
DAX,20140123,9690.51,9728.78,9596.49,9631.04,0
DAX,20140124,9646.65,9664.24,9374.08,9392.02,0
DAX,20140127,9389.17,9402.72,9310.99,9349.22,0
DAX,20140128,9405.53,9427.59,9345.76,9406.91,0
DAX,20140129,9507.35,9537.63,9221.30,9336.73,0
DAX,20140130,9343.51,9415.48,9266.95,9373.48,0
DAX,20140131,9339.84,9346.79,9166.05,9306.48,0
DAX,20140203,9318.77,9357.58,9173.56,9186.52,0
DAX,20140204,9126.46,9166.98,9071.25,9127.91,0
DAX,20140205,9105.28,9154.72,9080.87,9116.32,0
DAX,20140206,9166.46,9274.46,9128.97,9256.58,0
DAX,20140207,9275.38,9323.24,9223.21,9301.92,0
DAX,20140210,9331.71,9346.13,9280.18,9289.86,0
DAX,20140211,9338.80,9478.77,9338.01,9478.77,0
DAX,20140212,9505.12,9594.85,9501.96,9540.00,0
DAX,20140213,9522.66,9600.64,9479.86,9596.77,0
DAX,20140214,9615.52,9677.53,9593.37,9662.40,0
DAX,20140217,9661.80,9682.19,9645.51,9656.76,0
DAX,20140218,9674.80,9690.97,9614.40,9659.78,0
DAX,20140219,9641.45,9695.86,9596.42,9660.05,0
DAX,20140220,9524.58,9618.85,9504.18,9618.85,0
DAX,20140221,9665.08,9666.15,9598.03,9656.95,0
DAX,20140224,9619.64,9708.94,9602.95,9708.94,0
DAX,20140225,9676.56,9710.95,9628.72,9699.35,0
DAX,20140226,9708.50,9720.66,9612.52,9661.73,0
DAX,20140227,9660.55,9672.82,9497.78,9588.33,0
DAX,20140228,9592.90,9692.08,9566.04,9692.08,0
DAX,20140303,9553.08,9554.17,9358.73,9358.89,0
DAX,20140304,9453.77,9590.11,9421.16,9589.15,0
DAX,20140305,9562.39,9599.00,9534.43,9542.02,0
DAX,20140306,9577.35,9587.44,9505.32,9542.87,0
DAX,20140307,9538.45,9543.24,9346.82,9350.75,0
DAX,20140310,9305.51,9382.98,9216.07,9265.50,0
DAX,20140311,9295.32,9375.29,9259.18,9307.79,0
DAX,20140312,9257.13,9267.10,9142.54,9188.69,0
DAX,20140313,9200.12,9226.96,9017.35,9017.79,0
DAX,20140314,8939.18,9094.24,8913.27,9056.41,0
DAX,20140317,9047.49,9197.81,9047.49,9180.89,0
DAX,20140318,9172.05,9315.07,9105.69,9242.55,0
DAX,20140319,9262.71,9325.93,9221.59,9277.05,0
DAX,20140320,9215.70,9296.90,9156.63,9296.12,0
DAX,20140321,9300.66,9376.94,9288.15,9342.94,0
DAX,20140324,9349.52,9358.95,9181.37,9188.77,0
DAX,20140325,9223.92,9372.07,9223.90,9338.40,0
DAX,20140326,9367.53,9488.74,9360.30,9448.58,0
DAX,20140327,9428.91,9469.39,9397.98,9451.21,0
DAX,20140328,9487.12,9587.19,9484.90,9587.19,0
DAX,20140331,9621.92,9634.82,9543.09,9555.91,0
DAX,20140401,9601.96,9631.06,9574.63,9603.71,0
DAX,20140402,9628.76,9645.60,9608.46,9623.36,0
DAX,20140403,9620.87,9689.52,9591.89,9628.82,0
DAX,20140404,9641.96,9721.50,9627.74,9695.77,0
DAX,20140407,9585.52,9608.20,9496.67,9510.85,0
DAX,20140408,9525.07,9525.94,9391.86,9490.79,0
DAX,20140409,9506.75,9542.31,9480.96,9506.35,0
DAX,20140410,9556.70,9581.48,9440.99,9454.54,0
DAX,20140411,9351.20,9390.44,9259.43,9315.29,0
DAX,20140414,9248.86,9339.17,9214.18,9339.17,0
DAX,20140415,9324.84,9344.85,9166.53,9173.71,0
DAX,20140416,9252.30,9318.97,9221.48,9317.82,0
DAX,20140417,9311.03,9417.82,9277.36,9409.71,0
DAX,20140422,9455.52,9602.57,9439.66,9600.09,0
DAX,20140423,9602.12,9607.84,9539.62,9544.19,0
DAX,20140424,9597.07,9645.06,9410.33,9548.68,0
DAX,20140425,9474.79,9501.91,9367.42,9401.55,0
DAX,20140428,9454.84,9496.84,9407.65,9446.36,0
DAX,20140429,9521.65,9596.42,9480.57,9584.12,0
DAX,20140430,9576.93,9618.98,9561.06,9603.23,0
DAX,20140502,9611.79,9627.38,9533.30,9556.02,0
DAX,20140505,9536.38,9548.17,9407.09,9529.50,0
DAX,20140506,9570.25,9571.63,9440.47,9467.53,0
DAX,20140507,9418.50,9554.35,9410.08,9521.30,0
DAX,20140508,9547.27,9622.30,9487.57,9607.40,0
DAX,20140509,9591.32,9602.86,9558.11,9581.45,0
DAX,20140512,9608.93,9710.34,9587.14,9702.46,0
DAX,20140513,9751.05,9783.72,9732.34,9754.43,0
DAX,20140514,9765.62,9772.09,9733.21,9754.39,0
DAX,20140515,9741.25,9810.29,9631.57,9656.05,0
DAX,20140516,9646.56,9670.90,9577.90,9629.10,0
DAX,20140519,9607.32,9676.52,9534.56,9659.39,0
DAX,20140520,9644.80,9685.56,9613.91,9639.08,0
DAX,20140521,9615.86,9709.91,9583.56,9697.87,0
DAX,20140522,9731.45,9734.14,9689.13,9720.91,0
DAX,20140523,9722.63,9779.59,9704.75,9768.01,0
DAX,20140526,9826.91,9893.81,9821.68,9892.82,0
DAX,20140527,9893.33,9951.90,9879.64,9940.82,0
DAX,20140528,9950.74,9957.87,9898.26,9939.17,0
DAX,20140529,9937.66,9956.24,9917.97,9938.90,0
DAX,20140530,9926.73,9970.77,9924.63,9943.27,0
DAX,20140602,9986.86,9992.33,9907.77,9950.12,0
DAX,20140603,9949.96,9954.78,9887.01,9919.74,0
DAX,20140604,9903.82,9928.96,9866.97,9926.67,0
DAX,20140605,9929.41,10013.69,9896.09,9947.83,0
DAX,20140606,9954.01,10000.92,9941.65,9987.19,0
DAX,20140609,9994.40,10009.60,9985.87,10008.63,0
DAX,20140610,9998.51,10033.74,9987.69,10028.80,0
DAX,20140611,10022.99,10024.84,9921.26,9949.81,0
DAX,20140612,9950.52,9970.38,9917.61,9938.70,0
DAX,20140613,9920.49,9944.57,9829.09,9912.87,0
DAX,20140616,9885.97,9925.85,9872.77,9883.98,0
DAX,20140617,9915.20,9982.89,9861.29,9920.32,0
DAX,20140618,9932.04,9964.02,9922.07,9930.33,0
DAX,20140619,10018.91,10023.55,9993.03,10004.00,0
DAX,20140620,9995.50,10050.98,9987.24,9987.24,0
DAX,20140623,9991.40,9993.02,9885.96,9920.92,0
DAX,20140624,9938.64,9948.59,9899.47,9938.08,0
DAX,20140625,9883.78,9914.12,9836.46,9867.75,0
DAX,20140626,9894.55,9898.38,9749.75,9804.90,0
DAX,20140627,9818.46,9836.68,9791.13,9815.17,0
DAX,20140630,9833.85,9889.49,9800.08,9833.07,0
DAX,20140701,9853.74,9902.41,9835.74,9902.41,0
DAX,20140702,9913.00,9936.39,9890.11,9911.27,0
DAX,20140703,9910.47,10032.28,9907.01,10029.43,0
DAX,20140704,10028.71,10030.81,10007.40,10009.08,0
DAX,20140707,9992.13,10015.36,9905.60,9906.07,0
DAX,20140708,9918.27,9920.78,9772.14,9772.67,0
DAX,20140709,9789.05,9817.47,9752.79,9808.20,0
DAX,20140710,9807.25,9807.25,9617.59,9659.13,0
DAX,20140711,9672.17,9708.43,9623.36,9666.34,0
DAX,20140714,9710.92,9793.78,9693.89,9783.01,0
DAX,20140715,9764.69,9788.71,9711.86,9719.41,0
DAX,20140716,9747.88,9871.58,9747.52,9859.27,0
DAX,20140717,9819.45,9845.85,9743.62,9753.88,0
DAX,20140718,9703.67,9721.08,9655.51,9720.02,0
DAX,20140721,9711.68,9717.70,9597.62,9612.05,0
DAX,20140722,9682.21,9735.71,9647.74,9734.33,0
DAX,20140723,9727.43,9802.06,9723.98,9753.56,0
DAX,20140724,9772.15,9810.47,9674.68,9794.06,0
DAX,20140725,9770.24,9794.85,9620.58,9644.01,0
DAX,20140728,9660.71,9665.05,9527.59,9598.17,0
DAX,20140729,9607.10,9692.33,9573.48,9653.63,0
DAX,20140730,9646.43,9704.01,9572.90,9593.68,0
DAX,20140731,9576.16,9582.74,9395.35,9407.48,0
DAX,20140801,9379.74,9394.48,9185.41,9210.08,0
DAX,20140804,9222.05,9243.23,9130.34,9154.14,0
DAX,20140805,9186.03,9237.14,9152.38,9189.74,0
DAX,20140806,9084.52,9166.21,9030.72,9130.04,0
DAX,20140807,9081.29,9166.04,9025.82,9038.97,0
DAX,20140808,8928.19,9061.00,8903.49,9009.32,0
DAX,20140811,9106.67,9199.00,9089.31,9180.74,0
DAX,20140812,9166.92,9171.94,9050.00,9069.47,0
DAX,20140813,9133.84,9213.61,9118.15,9198.88,0
DAX,20140814,9161.81,9265.92,9149.41,9225.10,0
DAX,20140815,9239.00,9324.57,9067.58,9092.60,0
DAX,20140818,9220.99,9261.65,9195.11,9245.33,0
DAX,20140819,9276.19,9350.27,9276.18,9334.28,0
DAX,20140820,9329.89,9333.68,9247.84,9314.57,0
DAX,20140821,9328.71,9405.93,9278.86,9401.53,0
DAX,20140822,9390.29,9414.39,9291.93,9339.17,0
DAX,20140825,9456.67,9510.14,9424.11,9510.14,0
DAX,20140826,9481.56,9591.72,9446.37,9588.15,0
DAX,20140827,9583.98,9600.85,9546.55,9569.71,0
DAX,20140828,9545.21,9546.81,9417.16,9462.56,0
DAX,20140829,9483.42,9517.95,9369.40,9470.17,0
DAX,20140901,9484.53,9500.20,9424.78,9479.03,0
DAX,20140902,9525.15,9578.50,9485.24,9507.02,0
DAX,20140903,9541.02,9683.10,9528.72,9626.49,0
DAX,20140904,9591.43,9732.78,9539.92,9724.26,0
DAX,20140905,9714.24,9774.65,9691.44,9747.02,0
DAX,20140908,9767.90,9773.70,9721.71,9758.03,0
DAX,20140909,9737.56,9769.21,9695.44,9710.70,0
DAX,20140910,9672.45,9723.08,9635.50,9700.17,0
DAX,20140911,9729.89,9732.83,9630.67,9691.28,0
DAX,20140912,9706.59,9706.59,9617.70,9651.13,0
DAX,20140915,9603.97,9682.46,9600.15,9659.63,0
DAX,20140916,9644.28,9644.88,9588.65,9632.93,0
DAX,20140917,9672.98,9695.44,9649.99,9661.50,0
DAX,20140918,9703.10,9798.13,9686.43,9798.13,0
DAX,20140919,9849.43,9891.20,9799.24,9799.26,0
DAX,20140922,9748.53,9812.77,9735.69,9749.54,0
DAX,20140923,9713.40,9719.66,9589.03,9595.03,0
DAX,20140924,9598.77,9669.45,9534.77,9661.97,0
DAX,20140925,9644.36,9718.11,9482.54,9510.01,0
DAX,20140926,9500.55,9545.34,9454.88,9490.55,0
DAX,20140929,9495.58,9504.98,9369.62,9422.91,0
DAX,20140930,9446.81,9495.00,9404.89,9474.30,0
DAX,20141001,9454.04,9520.97,9357.55,9382.03,0
DAX,20141002,9363.28,9412.62,9195.68,9195.68,0
DAX,20141006,9341.05,9343.65,9185.86,9209.51,0
DAX,20141007,9164.77,9170.24,9080.35,9086.21,0
DAX,20141008,9027.90,9064.88,8960.43,8995.33,0
DAX,20141009,9082.66,9140.29,8975.06,9005.02,0
DAX,20141010,8924.58,8958.66,8788.21,8788.81,0
DAX,20141013,8703.85,8872.40,8699.60,8812.43,0
DAX,20141014,8765.36,8854.39,8701.44,8825.21,0
DAX,20141015,8838.68,8847.85,8555.73,8571.95,0
DAX,20141016,8623.28,8662.86,8354.97,8582.90,0
DAX,20141017,8629.16,8850.27,8588.42,8850.27,0
DAX,20141020,8819.26,8834.73,8682.59,8717.76,0
DAX,20141021,8693.06,8889.78,8644.71,8886.96,0
DAX,20141022,8934.54,8957.16,8861.44,8940.14,0
DAX,20141023,8873.54,9068.12,8820.89,9047.31,0
DAX,20141024,9008.60,9044.85,8955.59,8987.80,0
DAX,20141027,9080.80,9085.64,8837.66,8902.61,0
DAX,20141028,8983.06,9077.89,8968.59,9068.19,0
DAX,20141029,9139.00,9157.63,9072.64,9082.81,0
DAX,20141030,9091.13,9146.95,8899.90,9114.84,0
DAX,20141031,9283.40,9339.33,9217.00,9326.87,0
DAX,20141103,9305.73,9343.64,9236.18,9251.70,0
DAX,20141104,9244.09,9317.92,9148.78,9166.47,0
DAX,20141105,9238.07,9329.07,9226.34,9315.48,0
DAX,20141106,9284.97,9467.36,9268.63,9377.41,0
DAX,20141107,9406.16,9414.32,9239.11,9291.83,0
DAX,20141110,9233.87,9351.87,9222.57,9351.87,0
DAX,20141111,9374.36,9400.90,9324.77,9369.03,0
DAX,20141112,9339.68,9359.37,9189.63,9210.96,0
DAX,20141113,9260.53,9311.00,9170.28,9248.51,0
DAX,20141114,9272.36,9284.13,9184.46,9252.94,0
DAX,20141117,9162.27,9331.32,9161.60,9306.35,0
DAX,20141118,9323.75,9461.53,9323.52,9456.53,0
DAX,20141119,9462.05,9521.73,9439.16,9472.80,0
DAX,20141120,9460.40,9487.69,9382.23,9483.97,0
DAX,20141121,9521.24,9736.14,9508.17,9732.55,0
DAX,20141124,9722.31,9832.41,9711.77,9785.54,0
DAX,20141125,9790.03,9921.46,9787.26,9861.21,0
DAX,20141126,9894.60,9942.67,9868.35,9915.56,0
DAX,20141127,9934.78,9992.67,9920.86,9974.87,0
DAX,20141128,9990.70,9990.70,9902.40,9980.85,0
DAX,20141201,9915.74,9979.08,9906.42,9963.51,0
DAX,20141202,9983.79,10038.21,9910.21,9934.08,0
DAX,20141203,9978.89,9993.85,9930.53,9971.79,0
DAX,20141204,9998.85,10083.74,9835.42,9851.35,0
DAX,20141205,9931.96,10093.03,9929.47,10087.12,0
DAX,20141208,10060.91,10084.95,10014.99,10014.99,0
DAX,20141209,9904.58,9951.66,9786.38,9793.71,0
DAX,20141210,9859.78,9909.39,9775.39,9799.73,0
DAX,20141211,9770.66,9907.82,9763.41,9862.53,0
DAX,20141212,9794.20,9799.65,9586.22,9594.73,0
DAX,20141215,9599.82,9678.26,9330.99,9334.01,0
DAX,20141216,9366.56,9567.09,9219.05,9563.89,0
DAX,20141217,9455.74,9589.25,9429.40,9544.43,0
DAX,20141218,9711.61,9811.06,9671.18,9811.06,0
DAX,20141219,9901.26,9901.26,9688.66,9786.96,0
DAX,20141222,9827.26,9924.01,9826.55,9865.76,0
DAX,20141223,9887.24,9922.11,9848.06,9922.11,0
DAX,20141229,9914.87,9927.85,9775.45,9927.13,0
DAX,20141230,9883.10,9886.78,9805.55,9805.55,0
DAX,20150102,9869.13,9879.53,9687.26,9764.73,0
DAX,20150105,9735.65,9790.27,9468.58,9473.16,0
DAX,20150106,9484.25,9624.65,9382.82,9469.66,0
DAX,20150107,9510.34,9592.37,9459.18,9518.18,0
DAX,20150108,9643.77,9855.43,9607.90,9837.61,0
DAX,20150109,9813.99,9860.18,9601.75,9648.50,0
DAX,20150112,9697.46,9815.96,9622.32,9781.90,0
DAX,20150113,9759.57,9978.94,9755.02,9941.00,0
DAX,20150114,9810.70,9962.98,9768.10,9817.08,0
DAX,20150115,9933.45,10063.18,9637.33,10032.61,0
DAX,20150116,9985.51,10207.97,9940.64,10167.77,0
DAX,20150119,10231.58,10293.04,10191.98,10242.35,0
DAX,20150120,10278.55,10298.42,10211.39,10257.13,0
DAX,20150121,10270.33,10311.90,10149.77,10299.23,0
DAX,20150122,10300.26,10454.05,10228.53,10435.62,0
DAX,20150123,10503.33,10704.32,10502.85,10649.58,0
DAX,20150126,10592.97,10807.57,10589.07,10798.33,0
DAX,20150127,10785.90,10810.57,10592.46,10628.58,0
DAX,20150128,10719.40,10728.83,10552.76,10710.97,0
DAX,20150129,10666.43,10743.57,10607.72,10737.87,0
DAX,20150130,10801.38,10804.04,10642.59,10694.32,0
DAX,20150202,10719.18,10828.01,10677.39,10828.01,0
DAX,20150203,10867.61,10984.69,10860.03,10890.95,0
DAX,20150204,10892.50,10912.24,10803.10,10911.32,0
DAX,20150205,10840.79,10926.73,10822.75,10905.41,0
DAX,20150206,10866.20,10877.67,10802.89,10846.39,0
DAX,20150209,10765.21,10767.22,10614.12,10663.51,0
DAX,20150210,10675.59,10797.46,10594.32,10753.83,0
DAX,20150211,10765.00,10791.59,10696.78,10752.11,0
DAX,20150212,10746.91,10955.45,10746.91,10919.65,0
DAX,20150213,10952.39,11013.85,10948.49,10963.40,0
DAX,20150216,10946.88,10963.49,10909.49,10923.23,0
DAX,20150217,10847.73,10921.26,10765.02,10895.62,0
DAX,20150218,10931.72,10980.98,10909.60,10961.00,0
DAX,20150219,10932.49,11022.26,10874.97,11001.94,0
DAX,20150220,10976.77,11081.81,10946.90,11050.64,0
DAX,20150223,11150.47,11158.55,11069.77,11130.92,0
DAX,20150224,11128.17,11228.37,11090.73,11205.74,0
DAX,20150225,11208.27,11225.60,11174.78,11210.27,0
DAX,20150226,11206.66,11330.63,11187.00,11327.19,0
DAX,20150227,11337.11,11401.66,11301.34,11401.66,0
DAX,20150302,11408.28,11455.08,11362.88,11410.36,0
DAX,20150303,11424.67,11465.23,11280.36,11280.36,0
DAX,20150304,11317.24,11390.38,11193.30,11390.38,0
DAX,20150305,11427.64,11532.82,11409.05,11504.01,0
DAX,20150306,11513.89,11600.37,11495.20,11550.97,0
DAX,20150309,11510.35,11586.94,11461.86,11582.11,0
DAX,20150310,11555.97,11577.75,11402.67,11500.38,0
DAX,20150311,11531.55,11822.53,11531.55,11805.99,0
DAX,20150312,11795.91,11830.14,11754.90,11799.39,0
DAX,20150313,11845.90,11903.33,11744.93,11901.61,0
DAX,20150316,11955.82,12219.05,11955.33,12167.72,0
DAX,20150317,12163.08,12195.58,11930.54,11980.85,0
DAX,20150318,12002.24,12017.91,11814.48,11922.77,0
DAX,20150319,11897.48,12001.13,11787.30,11899.40,0
DAX,20150320,11942.16,12087.61,11926.86,12039.37,0
DAX,20150323,11984.79,11985.11,11858.10,11895.84,0
DAX,20150324,11821.21,12030.59,11797.67,12005.69,0
DAX,20150325,11995.09,12022.84,11858.23,11865.32,0
DAX,20150326,11736.34,11849.39,11619.72,11843.68,0
DAX,20150327,11920.22,11954.09,11799.03,11868.33,0
DAX,20150330,11927.14,12090.14,11922.71,12086.01,0
DAX,20150331,12054.20,12119.71,11943.12,11966.17,0
DAX,20150401,11902.92,12112.98,11880.19,12001.38,0
DAX,20150402,11991.62,12020.11,11948.83,11967.39,0
DAX,20150407,12057.34,12149.31,12035.70,12123.52,0
DAX,20150408,12109.85,12122.32,12017.80,12035.86,0
DAX,20150409,12099.43,12166.44,12047.91,12166.44,0
DAX,20150410,12226.98,12390.75,12214.51,12374.73,0
DAX,20150413,12357.27,12388.13,12326.71,12338.73,0
DAX,20150414,12306.36,12339.81,12181.20,12227.60,0
DAX,20150415,12220.10,12326.14,12214.81,12231.34,0
DAX,20150416,12224.76,12227.59,11997.75,11998.86,0
DAX,20150417,11942.36,12019.75,11674.59,11688.70,0
DAX,20150420,11736.40,11903.70,11727.02,11891.91,0
DAX,20150421,11994.82,12079.03,11913.36,11939.58,0
DAX,20150422,11984.39,12041.38,11787.22,11867.37,0
DAX,20150423,11887.14,11940.21,11675.58,11723.58,0
DAX,20150424,11783.56,11881.05,11711.10,11810.85,0
DAX,20150427,11881.25,12050.71,11729.04,12039.16,0
DAX,20150428,12035.56,12047.38,11743.78,11811.66,0
DAX,20150429,11864.40,11885.05,11410.54,11432.72,0
DAX,20150430,11440.79,11570.64,11331.37,11454.38,0
DAX,20150504,11506.84,11656.89,11411.77,11619.85,0
DAX,20150505,11576.12,11751.22,11322.62,11327.68,0
DAX,20150506,11377.58,11457.93,11239.86,11350.15,0
DAX,20150507,11265.13,11437.57,11167.55,11407.97,0
DAX,20150508,11483.07,11710.41,11415.29,11709.73,0
DAX,20150511,11674.52,11702.13,11622.02,11673.35,0
DAX,20150512,11557.97,11565.20,11377.35,11472.41,0
DAX,20150513,11532.97,11596.47,11301.63,11351.46,0
DAX,20150514,11299.19,11579.80,11218.54,11559.82,0
DAX,20150515,11593.20,11632.36,11383.23,11447.03,0
DAX,20150518,11464.80,11594.96,11378.86,11594.28,0
DAX,20150519,11709.87,11873.28,11706.85,11853.33,0
DAX,20150520,11858.47,11871.49,11780.02,11848.47,0
DAX,20150521,11815.43,11868.70,11758.81,11864.59,0
DAX,20150522,11881.49,11881.81,11792.31,11815.01,0
DAX,20150526,11841.48,11920.31,11586.35,11625.13,0
DAX,20150527,11647.04,11790.35,11595.12,11771.13,0
DAX,20150528,11716.08,11773.79,11605.99,11677.57,0
DAX,20150529,11685.66,11704.39,11403.82,11413.82,0
DAX,20150601,11462.97,11510.93,11345.10,11436.05,0
DAX,20150602,11467.07,11467.07,11270.57,11328.80,0
DAX,20150603,11359.80,11515.21,11300.36,11419.62,0
DAX,20150604,11370.57,11449.70,11187.43,11340.60,0
DAX,20150605,11241.43,11287.20,11155.01,11197.15,0
DAX,20150608,11131.86,11224.56,11059.16,11064.92,0
DAX,20150609,11025.08,11071.61,10864.68,11001.29,0
DAX,20150610,10970.41,11299.61,10939.51,11265.39,0
DAX,20150611,11242.87,11452.94,11236.58,11332.78,0
DAX,20150612,11286.56,11365.92,11069.36,11196.49,0
DAX,20150615,11053.21,11090.71,10952.74,10984.97,0
DAX,20150616,10910.01,11074.34,10797.85,11044.01,0
DAX,20150617,11066.75,11115.38,10947.37,10978.01,0
DAX,20150618,10937.67,11109.76,10806.15,11100.30,0
DAX,20150619,11121.30,11246.27,10997.90,11040.10,0
DAX,20150622,11138.71,11470.25,11138.55,11460.50,0
DAX,20150623,11552.96,11635.85,11517.12,11542.54,0
DAX,20150624,11566.35,11589.35,11364.45,11471.26,0
DAX,20150625,11410.62,11594.24,11352.40,11473.13,0
DAX,20150626,11387.13,11561.83,11373.44,11492.43,0
DAX,20150629,11404.71,11409.81,10964.24,11083.20,0
DAX,20150630,11058.04,11137.14,10897.97,10944.97,0
DAX,20150701,11050.32,11283.76,10979.21,11180.50,0
DAX,20150702,11191.28,11229.01,11078.59,11099.35,0
DAX,20150703,11082.04,11123.18,11005.76,11058.39,0
DAX,20150706,10825.06,10996.45,10823.55,10890.63,0
DAX,20150707,10930.02,10946.87,10663.99,10676.78,0
DAX,20150708,10710.29,10802.80,10652.79,10747.30,0
DAX,20150709,10795.11,11035.04,10784.47,10996.41,0
DAX,20150710,11170.71,11339.78,11149.27,11315.63,0
DAX,20150713,11489.17,11506.98,11421.82,11484.38,0
DAX,20150714,11456.54,11519.36,11414.39,11516.90,0
DAX,20150715,11508.34,11566.02,11475.96,11539.66,0
DAX,20150716,11624.48,11787.58,11607.14,11716.76,0
DAX,20150717,11747.47,11753.18,11649.94,11673.42,0
DAX,20150720,11679.47,11802.37,11678.13,11735.72,0
DAX,20150722,11511.19,11589.64,11486.31,11520.67,0
DAX,20150723,11611.42,11614.76,11453.62,11512.11,0
DAX,20150724,11467.83,11542.90,11334.77,11347.45,0
DAX,20150727,11287.77,11297.50,11052.86,11056.40,0
DAX,20150728,11129.91,11242.43,11068.31,11173.91,0
DAX,20150729,11249.30,11253.56,11123.25,11211.85,0
DAX,20150730,11305.46,11313.27,11140.65,11257.15,0
DAX,20150731,11271.31,11308.99,11173.17,11308.99,0
DAX,20150803,11295.50,11460.40,11248.27,11443.72,0
DAX,20150804,11408.23,11476.90,11380.81,11456.07,0
DAX,20150805,11503.21,11655.74,11497.92,11636.30,0
DAX,20150806,11605.59,11669.86,11574.97,11585.10,0
DAX,20150807,11561.37,11582.90,11484.85,11490.83,0
DAX,20150810,11545.63,11618.30,11431.76,11604.78,0
DAX,20150811,11548.00,11561.00,11278.71,11293.65,0
DAX,20150812,11151.72,11153.64,10892.88,10924.61,0
DAX,20150813,11098.17,11153.96,10980.86,11014.63,0
DAX,20150814,11010.50,11093.07,10911.19,10985.14,0
DAX,20150817,11044.75,11113.79,10818.71,10940.33,0
DAX,20150818,10916.71,10976.04,10883.11,10915.92,0
DAX,20150819,10819.85,10848.84,10681.36,10682.15,0
DAX,20150820,10593.28,10654.55,10400.99,10432.19,0
DAX,20150821,10228.70,10437.28,10124.52,10124.52,0
DAX,20150824,9805.72,9935.53,9338.20,9648.43,0
DAX,20150825,9816.59,10185.88,9748.92,10128.12,0
DAX,20150826,9956.85,10159.99,9853.12,9997.43,0
DAX,20150827,10271.33,10382.95,10222.04,10315.62,0
DAX,20150828,10335.92,10336.92,10186.07,10298.53,0
DAX,20150831,10200.98,10273.50,10132.15,10259.46,0
DAX,20150901,10073.74,10119.53,9928.65,10015.57,0
DAX,20150902,10060.31,10122.27,9962.25,10048.05,0
DAX,20150903,10161.36,10380.36,10145.73,10317.84,0
DAX,20150904,10216.17,10216.17,9996.16,10038.04,0
DAX,20150907,10148.80,10184.57,10055.14,10108.61,0
DAX,20150908,10198.60,10371.90,10198.45,10271.36,0
DAX,20150909,10489.29,10512.61,10301.18,10303.12,0
DAX,20150910,10216.02,10326.53,10157.37,10210.44,0
DAX,20150911,10243.40,10243.40,10079.03,10123.56,0
DAX,20150914,10112.90,10225.37,10084.87,10131.74,0
DAX,20150915,10154.76,10244.86,10070.16,10188.13,0
DAX,20150916,10288.39,10336.20,10173.96,10227.21,0
DAX,20150917,10269.32,10273.27,10208.51,10229.58,0
DAX,20150918,10177.58,10180.55,9861.51,9916.16,0
DAX,20150921,9837.13,10000.62,9785.11,9948.51,0
DAX,20150922,9974.41,9974.80,9558.96,9570.66,0
DAX,20150923,9578.10,9712.46,9492.86,9612.62,0
DAX,20150924,9599.91,9707.69,9362.28,9427.64,0
DAX,20150925,9594.53,9745.77,9585.33,9688.53,0
DAX,20150928,9633.68,9677.25,9479.40,9483.55,0
DAX,20150929,9346.04,9536.63,9325.05,9450.40,0
DAX,20150930,9674.61,9732.54,9596.95,9660.44,0
DAX,20151001,9757.04,9788.27,9471.36,9509.25,0
DAX,20151002,9606.59,9667.54,9396.34,9553.07,0
DAX,20151005,9691.65,9854.77,9647.17,9814.79,0
DAX,20151006,9804.42,9957.92,9730.41,9902.83,0
DAX,20151007,9968.56,10093.10,9932.42,9970.40,0
DAX,20151008,9942.78,10027.42,9911.05,9993.07,0
DAX,20151009,10100.78,10146.88,10049.39,10096.60,0
DAX,20151012,10128.49,10187.09,10057.59,10119.83,0
DAX,20151013,10106.67,10107.86,9939.96,10032.82,0
DAX,20151014,9948.49,10036.23,9890.46,9915.85,0
DAX,20151015,9999.64,10088.47,9957.39,10064.80,0
DAX,20151016,10128.81,10166.79,10058.53,10104.43,0
DAX,20151019,10084.61,10205.03,10084.61,10164.31,0
DAX,20151020,10174.80,10194.53,10080.19,10147.68,0
DAX,20151021,10185.42,10277.59,10107.92,10238.10,0
DAX,20151022,10213.01,10508.25,10194.74,10491.97,0
DAX,20151023,10610.33,10847.47,10586.96,10794.54,0
DAX,20151026,10791.18,10863.09,10756.83,10801.34,0
DAX,20151027,10761.37,10807.41,10692.19,10692.19,0
DAX,20151028,10728.16,10848.41,10691.63,10831.96,0
DAX,20151029,10867.19,10886.98,10741.14,10800.84,0
DAX,20151030,10842.52,10850.58,10748.70,10850.14,0
DAX,20151102,10749.98,10977.18,10744.37,10950.67,0
DAX,20151103,10945.35,10972.28,10883.94,10951.15,0
DAX,20151104,10957.06,10990.72,10825.55,10845.24,0
DAX,20151105,10847.50,10963.90,10784.28,10887.74,0
DAX,20151106,10872.98,11055.45,10843.48,10988.03,0
DAX,20151109,10993.24,10995.48,10807.17,10815.45,0
DAX,20151110,10846.96,10863.56,10728.95,10832.52,0
DAX,20151111,10843.68,10994.54,10843.68,10907.87,0
DAX,20151112,10895.74,10957.61,10735.17,10782.63,0
DAX,20151113,10764.57,10811.78,10607.46,10708.40,0
DAX,20151116,10609.14,10763.65,10608.83,10713.23,0
DAX,20151117,10810.92,10971.04,10782.91,10971.04,0
DAX,20151118,10901.74,10989.55,10877.60,10959.95,0
DAX,20151119,11061.88,11150.74,11045.53,11085.44,0
DAX,20151120,11123.81,11164.30,11049.35,11119.83,0
DAX,20151123,11105.92,11126.34,11049.99,11092.31,0
DAX,20151124,11064.78,11064.96,10869.20,10933.99,0
DAX,20151125,10958.40,11186.68,10921.71,11169.54,0
DAX,20151126,11180.94,11366.37,11176.56,11320.77,0
DAX,20151127,11277.91,11354.01,11247.14,11293.76,0
DAX,20151130,11268.31,11430.87,11253.37,11382.23,0
DAX,20151201,11422.47,11430.38,11235.97,11261.24,0
DAX,20151202,11301.51,11329.79,11188.03,11190.02,0
DAX,20151203,11173.79,11318.80,10780.63,10789.24,0
DAX,20151204,10770.16,10814.82,10632.77,10752.10,0
DAX,20151207,10832.42,10992.55,10806.52,10886.09,0
DAX,20151208,10872.68,10895.50,10616.24,10673.60,0
DAX,20151209,10719.70,10719.70,10554.54,10592.49,0
DAX,20151210,10547.52,10662.77,10500.03,10598.93,0
DAX,20151211,10572.86,10596.03,10294.25,10340.06,0
DAX,20151214,10406.71,10448.65,10122.95,10139.34,0
DAX,20151215,10239.80,10482.75,10237.48,10450.38,0
DAX,20151216,10476.06,10572.55,10423.78,10469.26,0
DAX,20151217,10685.30,10829.62,10656.39,10738.12,0
DAX,20151218,10639.98,10735.85,10543.05,10608.19,0
DAX,20151221,10607.20,10796.03,10497.77,10497.77,0
DAX,20151222,10598.19,10623.98,10400.61,10488.75,0
DAX,20151223,10623.56,10743.32,10595.27,10727.64,0
DAX,20151228,10748.37,10756.17,10627.46,10653.91,0
DAX,20151229,10744.96,10860.14,10731.63,10860.14,0
DAX,20151230,10855.17,10857.43,10743.01,10743.01,0
DAX,20160104,10485.81,10485.91,10248.58,10283.44,0
DAX,20160105,10373.27,10384.26,10173.52,10310.10,0
DAX,20160106,10288.68,10288.68,10094.18,10214.02,0
DAX,20160107,10144.17,10145.47,9810.47,9979.85,0
DAX,20160108,10010.47,10122.46,9849.34,9849.34,0
DAX,20160111,9814.04,9978.69,9813.02,9825.07,0
DAX,20160112,9832.82,10092.67,9832.82,9985.43,0
DAX,20160113,10112.35,10164.05,9929.07,9960.96,0
DAX,20160114,9836.85,9884.27,9614.77,9794.20,0
DAX,20160115,9778.36,9832.92,9459.09,9545.27,0
DAX,20160118,9542.60,9657.94,9457.95,9521.85,0
DAX,20160119,9722.64,9756.14,9626.65,9664.21,0
DAX,20160120,9430.13,9490.45,9314.57,9391.64,0
DAX,20160121,9400.69,9656.33,9348.74,9574.16,0
DAX,20160122,9762.55,9837.62,9704.90,9764.88,0
DAX,20160125,9790.44,9800.49,9681.70,9736.15,0
DAX,20160126,9599.56,9867.18,9563.64,9822.75,0
DAX,20160127,9781.42,9880.82,9728.64,9880.82,0
DAX,20160128,9826.28,9905.08,9594.80,9639.59,0
DAX,20160129,9772.58,9798.38,9656.36,9798.11,0
DAX,20160201,9823.73,9827.10,9638.58,9757.88,0
DAX,20160202,9721.18,9729.23,9536.97,9581.04,0
DAX,20160203,9541.53,9577.20,9350.98,9434.82,0
DAX,20160204,9522.67,9539.92,9270.09,9393.36,0
DAX,20160205,9375.29,9469.71,9250.84,9286.23,0
DAX,20160208,9329.87,9337.52,8937.98,8979.36,0
DAX,20160209,8980.71,9041.90,8772.88,8879.40,0
DAX,20160210,8937.98,9128.54,8875.45,9017.29,0
DAX,20160211,8887.89,8899.57,8699.29,8752.87,0
DAX,20160212,8854.40,8967.51,8815.77,8967.51,0
DAX,20160215,9163.54,9249.46,9134.76,9206.84,0
DAX,20160216,9242.75,9269.06,9079.19,9135.11,0
DAX,20160217,9174.28,9394.62,9156.14,9377.21,0
DAX,20160218,9428.01,9551.87,9349.95,9463.64,0
DAX,20160219,9420.51,9474.02,9319.10,9388.05,0
DAX,20160222,9481.37,9581.45,9477.69,9573.59,0
DAX,20160223,9503.12,9535.12,9405.22,9416.77,0
DAX,20160224,9396.48,9415.33,9125.19,9167.80,0
DAX,20160225,9277.02,9391.31,9199.09,9331.48,0
DAX,20160226,9454.52,9576.88,9436.33,9513.30,0
DAX,20160229,9424.93,9498.57,9332.42,9495.40,0
DAX,20160301,9482.66,9719.02,9471.09,9717.16,0
DAX,20160302,9780.84,9837.11,9695.98,9776.62,0
DAX,20160303,9807.06,9808.52,9709.68,9751.92,0
DAX,20160304,9800.86,9899.11,9742.76,9824.17,0
DAX,20160307,9764.08,9803.73,9690.00,9778.93,0
DAX,20160308,9688.47,9785.05,9617.69,9692.82,0
DAX,20160309,9700.16,9838.95,9679.19,9723.09,0
DAX,20160310,9697.64,9995.84,9498.15,9498.15,0
DAX,20160311,9672.05,9833.90,9642.79,9831.13,0
DAX,20160314,9948.21,10039.61,9936.06,9990.26,0
DAX,20160315,9941.46,9973.58,9890.12,9933.85,0
DAX,20160316,9971.04,10021.70,9917.92,9983.41,0
DAX,20160317,10051.69,10055.29,9753.04,9892.20,0
DAX,20160318,9905.67,9961.48,9822.52,9950.80,0
DAX,20160321,9893.26,10095.46,9863.83,9948.64,0
DAX,20160322,9836.28,9990.00,9762.57,9990.00,0
DAX,20160323,10046.94,10112.17,9964.63,10022.93,0
DAX,20160324,9974.60,9977.99,9845.37,9851.35,0
DAX,20160329,9900.88,9947.03,9808.48,9887.94,0
DAX,20160330,9951.68,10097.70,9947.26,10046.61,0
DAX,20160331,9997.44,10021.34,9947.02,9965.51,0
DAX,20160401,9833.26,9851.31,9675.50,9794.64,0
DAX,20160404,9789.77,9907.05,9732.82,9822.08,0
DAX,20160405,9647.81,9661.30,9553.17,9563.36,0
DAX,20160406,9582.46,9635.91,9505.90,9624.51,0
DAX,20160407,9648.55,9702.18,9484.75,9530.62,0
DAX,20160408,9576.40,9675.03,9572.57,9622.26,0
DAX,20160411,9595.56,9751.93,9524.66,9682.99,0
DAX,20160412,9716.75,9770.47,9617.83,9761.47,0
DAX,20160413,9901.13,10026.10,9893.42,10026.10,0
DAX,20160414,10042.28,10098.44,10016.17,10093.65,0
DAX,20160415,10063.89,10070.04,10020.34,10051.57,0
DAX,20160418,9933.70,10147.85,9920.90,10120.31,0
DAX,20160419,10170.18,10370.80,10150.67,10349.59,0
DAX,20160420,10312.64,10440.13,10304.14,10421.29,0
DAX,20160421,10456.99,10474.38,10341.97,10435.73,0
DAX,20160422,10377.22,10422.86,10324.83,10373.49,0
DAX,20160425,10379.16,10399.30,10233.42,10294.35,0
DAX,20160426,10359.77,10385.23,10213.55,10259.59,0
DAX,20160427,10283.10,10323.25,10220.57,10299.83,0
DAX,20160428,10222.11,10331.93,10125.52,10321.15,0
DAX,20160429,10235.47,10252.08,10038.97,10038.97,0
DAX,20160502,10091.17,10153.90,10066.34,10123.27,0
DAX,20160503,10052.55,10061.95,9918.43,9926.77,0
DAX,20160504,9925.25,9959.42,9812.73,9828.25,0
DAX,20160505,9849.70,9921.37,9805.55,9851.86,0
DAX,20160506,9805.39,9917.63,9737.00,9869.95,0
DAX,20160509,9929.19,10068.53,9878.71,9980.49,0
DAX,20160510,10057.53,10106.93,9994.58,10045.44,0
DAX,20160511,10055.40,10055.70,9950.11,9975.32,0
DAX,20160512,9899.90,10078.19,9838.12,9862.12,0
DAX,20160513,9794.83,9979.93,9767.94,9952.90,0
DAX,20160517,10016.79,10080.31,9846.91,9890.19,0
DAX,20160518,9828.05,9946.27,9811.86,9943.23,0
DAX,20160519,9847.64,9899.86,9773.72,9795.89,0
DAX,20160520,9878.49,9921.59,9852.71,9916.02,0
DAX,20160523,9891.38,9971.74,9811.74,9842.29,0
DAX,20160524,9798.94,10077.65,9773.80,10057.31,0
DAX,20160525,10143.37,10233.06,10130.68,10205.21,0
DAX,20160526,10213.87,10286.23,10207.09,10272.71,0
DAX,20160527,10257.91,10298.76,10241.98,10286.31,0
DAX,20160530,10293.43,10338.41,10286.33,10333.23,0
DAX,20160531,10356.14,10365.24,10243.22,10262.74,0
DAX,20160601,10242.78,10283.82,10160.24,10204.44,0
DAX,20160602,10199.20,10241.75,10156.86,10208.00,0
DAX,20160603,10237.58,10282.72,10040.87,10103.26,0
DAX,20160606,10105.09,10148.96,10092.86,10121.08,0
DAX,20160607,10196.17,10312.53,10183.19,10287.68,0
DAX,20160608,10246.49,10266.37,10177.44,10217.03,0
DAX,20160609,10184.48,10187.07,10050.03,10088.87,0
DAX,20160610,10024.69,10026.49,9819.12,9834.62,0
DAX,20160613,9715.78,9755.23,9657.44,9657.44,0
DAX,20160614,9595.17,9620.84,9507.51,9519.20,0
DAX,20160615,9589.47,9665.21,9567.15,9606.71,0
DAX,20160616,9480.43,9582.38,9432.87,9550.47,0
DAX,20160617,9620.92,9705.29,9578.15,9631.36,0
DAX,20160620,9850.59,9996.56,9850.59,9962.02,0
DAX,20160621,9943.84,10051.07,9930.10,10015.54,0
DAX,20160622,10084.74,10149.81,10043.68,10071.06,0
DAX,20160623,10122.47,10340.84,10104.92,10257.03,0
DAX,20160624,9237.62,9720.12,9226.15,9557.16,0
DAX,20160627,9516.92,9589.28,9214.10,9268.66,0
DAX,20160628,9458.38,9554.41,9419.38,9447.28,0
DAX,20160629,9557.69,9640.39,9506.29,9612.27,0
DAX,20160630,9566.07,9695.59,9513.52,9680.09,0
DAX,20160701,9742.84,9806.47,9657.63,9776.12,0
DAX,20160704,9797.66,9808.99,9701.15,9709.09,0
DAX,20160705,9656.05,9659.41,9506.84,9532.61,0
DAX,20160706,9449.57,9530.59,9304.01,9373.26,0
DAX,20160707,9437.47,9507.91,9399.69,9418.78,0
DAX,20160708,9392.20,9655.92,9389.05,9629.66,0
DAX,20160711,9744.80,9841.86,9690.18,9833.41,0
DAX,20160712,9850.40,10013.49,9841.11,9964.07,0
DAX,20160713,9941.99,10001.87,9919.41,9930.71,0
DAX,20160714,10058.49,10109.86,9984.55,10068.30,0
DAX,20160715,10031.18,10098.75,9987.05,10066.90,0
DAX,20160718,10079.03,10160.30,10011.84,10063.13,0
DAX,20160719,10038.95,10050.77,9923.64,9981.24,0
DAX,20160720,10054.54,10146.71,9991.65,10142.01,0
DAX,20160721,10195.40,10195.65,10090.12,10156.21,0
DAX,20160722,10130.51,10181.24,10073.28,10147.46,0
DAX,20160725,10155.20,10264.06,10125.22,10198.24,0
DAX,20160726,10199.66,10275.41,10150.00,10247.76,0
DAX,20160727,10314.43,10352.32,10298.40,10319.55,0
DAX,20160728,10309.92,10381.90,10264.39,10274.93,0
DAX,20160729,10320.82,10355.31,10287.32,10337.50,0
DAX,20160801,10426.36,10459.34,10277.37,10330.52,0
DAX,20160802,10328.87,10330.64,10128.98,10144.34,0
DAX,20160803,10150.13,10189.15,10092.53,10170.21,0
DAX,20160804,10237.08,10282.17,10182.40,10227.86,0
DAX,20160805,10242.88,10374.33,10216.64,10367.21,0
DAX,20160808,10407.50,10478.75,10403.47,10432.36,0
DAX,20160809,10438.60,10701.33,10433.79,10692.90,0
DAX,20160810,10676.90,10708.25,10635.11,10650.89,0
DAX,20160811,10687.57,10742.84,10635.42,10742.84,0
DAX,20160812,10718.33,10735.11,10685.52,10713.43,0
DAX,20160815,10719.14,10802.32,10712.13,10739.21,0
DAX,20160816,10666.72,10737.07,10634.68,10676.65,0
DAX,20160817,10694.55,10696.76,10516.05,10537.67,0
DAX,20160818,10613.08,10625.33,10548.97,10603.03,0
DAX,20160819,10613.23,10618.11,10490.96,10544.36,0
DAX,20160822,10528.88,10656.25,10443.48,10494.35,0
DAX,20160823,10542.95,10627.00,10516.27,10592.88,0
DAX,20160824,10531.14,10653.17,10515.16,10622.97,0
DAX,20160825,10576.56,10576.56,10470.73,10529.59,0
DAX,20160826,10512.21,10613.06,10484.03,10587.77,0
DAX,20160829,10503.88,10566.69,10441.81,10544.44,0
DAX,20160830,10588.71,10688.48,10588.48,10657.64,0
DAX,20160831,10627.18,10666.81,10591.44,10592.69,0
DAX,20160901,10622.33,10676.32,10492.29,10534.31,0
DAX,20160902,10570.70,10693.64,10516.81,10683.82,0
DAX,20160905,10712.17,10740.39,10671.55,10672.22,0
DAX,20160906,10704.89,10742.49,10657.43,10687.14,0
DAX,20160907,10706.86,10775.93,10659.73,10752.98,0
DAX,20160908,10749.82,10780.42,10570.06,10675.29,0
DAX,20160909,10641.81,10671.66,10539.31,10573.44,0
DAX,20160912,10380.46,10431.90,10299.38,10431.77,0
DAX,20160913,10483.07,10507.04,10382.85,10386.60,0
DAX,20160914,10410.30,10450.41,10369.72,10378.40,0
DAX,20160915,10360.84,10446.40,10337.23,10431.20,0
DAX,20160916,10403.67,10427.20,10262.19,10276.17,0
DAX,20160919,10349.87,10381.93,10326.75,10373.87,0
DAX,20160920,10374.68,10465.95,10371.62,10393.86,0
DAX,20160921,10496.43,10535.25,10427.22,10436.49,0
DAX,20160922,10518.53,10705.40,10517.80,10674.18,0
DAX,20160923,10662.49,10675.62,10610.95,10626.97,0
DAX,20160926,10555.19,10560.83,10385.63,10393.71,0
DAX,20160927,10451.40,10455.88,10265.69,10361.48,0
DAX,20160928,10425.89,10518.36,10417.15,10438.34,0
DAX,20160929,10545.60,10575.34,10370.23,10405.54,0
DAX,20160930,10240.69,10531.26,10189.94,10511.02,0
DAX,20161004,10492.97,10646.72,10492.25,10619.61,0
DAX,20161005,10535.62,10622.44,10486.63,10585.78,0
DAX,20161006,10641.13,10641.13,10537.68,10568.80,0
DAX,20161007,10549.69,10579.09,10465.35,10490.86,0
DAX,20161010,10496.01,10639.41,10454.98,10624.08,0
DAX,20161011,10600.94,10692.36,10568.72,10577.16,0
DAX,20161012,10572.72,10604.00,10503.20,10523.07,0
DAX,20161013,10425.79,10430.83,10349.06,10414.07,0
DAX,20161014,10450.06,10615.30,10449.47,10580.38,0
DAX,20161017,10544.69,10583.70,10491.28,10503.57,0
DAX,20161018,10560.14,10657.34,10543.69,10631.55,0
DAX,20161019,10626.99,10672.22,10587.71,10645.68,0
DAX,20161020,10665.75,10748.41,10592.89,10701.39,0
DAX,20161021,10710.51,10737.26,10672.35,10710.73,0
DAX,20161024,10743.87,10820.08,10743.87,10761.17,0
DAX,20161025,10786.25,10827.72,10738.36,10757.31,0
DAX,20161026,10726.22,10737.79,10632.29,10709.68,0
DAX,20161027,10691.86,10772.67,10656.18,10717.08,0
DAX,20161028,10634.99,10716.16,10583.57,10696.19,0
DAX,20161031,10658.67,10687.74,10634.34,10665.01,0
DAX,20161101,10724.14,10730.48,10506.39,10526.16,0
DAX,20161102,10443.52,10460.93,10368.20,10370.93,0
DAX,20161103,10341.86,10406.72,10325.88,10325.88,0
DAX,20161104,10281.87,10286.39,10212.53,10259.13,0
DAX,20161107,10410.56,10456.95,10381.14,10456.95,0
DAX,20161108,10449.52,10486.04,10414.83,10482.32,0
DAX,20161109,10181.89,10646.55,10174.92,10646.01,0
DAX,20161110,10710.04,10793.97,10575.96,10630.12,0
DAX,20161111,10702.88,10714.47,10584.31,10667.95,0
DAX,20161114,10750.62,10802.39,10677.09,10693.69,0
DAX,20161115,10720.93,10748.31,10666.17,10735.14,0
DAX,20161116,10726.34,10735.47,10610.27,10663.87,0
DAX,20161117,10640.36,10686.88,10604.32,10685.54,0
DAX,20161118,10735.05,10737.98,10649.12,10664.56,0
DAX,20161121,10697.95,10727.09,10595.14,10685.13,0
DAX,20161122,10745.67,10767.73,10707.87,10713.85,0
DAX,20161123,10718.89,10742.66,10602.21,10662.44,0
DAX,20161124,10689.16,10715.65,10653.62,10689.26,0
DAX,20161125,10700.17,10710.16,10649.37,10699.27,0
DAX,20161128,10655.92,10658.36,10554.94,10582.67,0
DAX,20161129,10562.15,10624.76,10539.23,10620.49,0
DAX,20161130,10615.79,10691.67,10606.04,10640.30,0
DAX,20161201,10593.06,10627.10,10502.54,10534.05,0
DAX,20161202,10436.48,10545.37,10402.59,10513.35,0
DAX,20161205,10494.64,10730.74,10493.62,10684.83,0
DAX,20161206,10685.00,10786.26,10668.67,10775.32,0
DAX,20161207,10885.05,10988.79,10873.81,10986.69,0
DAX,20161208,11035.76,11193.10,10990.60,11179.42,0
DAX,20161209,11170.18,11231.69,11145.98,11203.63,0
DAX,20161212,11198.42,11213.04,11141.86,11190.21,0
DAX,20161213,11194.67,11300.44,11191.64,11284.65,0
DAX,20161214,11254.47,11281.43,11235.24,11244.84,0
DAX,20161215,11267.03,11387.11,11267.03,11366.40,0
DAX,20161216,11368.64,11451.57,11357.15,11404.01,0
DAX,20161219,11384.03,11426.70,11380.12,11426.70,0
DAX,20161220,11415.30,11472.08,11406.95,11464.74,0
DAX,20161221,11445.23,11479.88,11440.29,11468.64,0
DAX,20161222,11444.41,11475.76,11428.77,11456.10,0
DAX,20161223,11477.23,11480.18,11409.43,11449.93,0
DAX,20161227,11457.91,11481.46,11451.55,11472.24,0
DAX,20161228,11469.45,11475.89,11459.40,11474.99,0
DAX,20161229,11411.36,11459.19,11404.82,11451.05,0
DAX,20161230,11443.31,11481.66,11405.77,11481.06,0
DAX,20170102,11426.38,11617.28,11414.82,11598.33,0
DAX,20170103,11631.70,11637.37,11561.23,11584.24,0
DAX,20170104,11609.53,11616.09,11531.43,11584.31,0
DAX,20170105,11537.73,11602.54,11537.40,11584.94,0
DAX,20170106,11560.52,11605.74,11547.05,11599.01,0
DAX,20170109,11606.89,11606.89,11522.35,11563.99,0
DAX,20170110,11583.24,11606.95,11544.99,11583.30,0
DAX,20170111,11587.53,11692.27,11524.99,11646.17,0
DAX,20170112,11599.24,11606.43,11491.87,11521.04,0
DAX,20170113,11576.78,11635.55,11554.45,11629.18,0
DAX,20170116,11537.45,11579.05,11535.96,11554.71,0
DAX,20170117,11521.50,11583.43,11425.14,11540.00,0
DAX,20170118,11592.12,11599.39,11529.76,11599.39,0
DAX,20170119,11624.11,11644.88,11578.91,11596.89,0
DAX,20170120,11568.90,11636.79,11547.04,11630.13,0
DAX,20170123,11545.97,11605.29,11508.83,11545.75,0
DAX,20170124,11554.80,11596.18,11538.05,11594.94,0
DAX,20170125,11677.63,11827.73,11669.30,11806.05,0
DAX,20170126,11867.91,11893.08,11819.76,11848.63,0
DAX,20170127,11841.72,11844.68,11798.26,11814.27,0
DAX,20170130,11786.31,11792.33,11659.35,11681.89,0
DAX,20170131,11692.53,11733.16,11535.31,11535.31,0
DAX,20170201,11646.42,11723.39,11622.60,11659.50,0
DAX,20170202,11628.28,11675.98,11603.65,11627.95,0
DAX,20170203,11636.23,11696.94,11627.98,11651.49,0
DAX,20170206,11628.03,11679.91,11509.58,11509.84,0
DAX,20170207,11498.49,11606.26,11483.83,11549.44,0
DAX,20170208,11546.93,11591.26,11479.78,11543.38,0
DAX,20170209,11584.40,11657.24,11548.18,11642.86,0
DAX,20170210,11698.70,11711.55,11645.13,11666.97,0
DAX,20170213,11697.99,11812.69,11684.91,11774.43,0
DAX,20170214,11766.99,11787.82,11752.68,11771.81,0
DAX,20170215,11834.48,11848.04,11725.38,11793.93,0
DAX,20170216,11778.99,11814.70,11728.38,11757.24,0
DAX,20170217,11759.57,11775.40,11693.70,11757.02,0
DAX,20170220,11831.71,11841.06,11804.72,11827.62,0
DAX,20170221,11817.97,11987.58,11798.48,11967.49,0
DAX,20170222,11989.71,12031.11,11966.02,11998.59,0
DAX,20170223,11994.06,12015.98,11925.88,11947.83,0
DAX,20170224,11920.90,11934.64,11722.35,11804.03,0
DAX,20170227,11858.14,11860.82,11792.51,11822.67,0
DAX,20170228,11847.09,11853.50,11780.83,11834.41,0
DAX,20170301,11915.03,12074.02,11913.84,12067.19,0
DAX,20170302,12052.80,12082.59,12041.90,12059.57,0
DAX,20170303,11998.06,12058.21,11995.40,12027.36,0
DAX,20170306,11956.81,11998.83,11921.57,11958.40,0
DAX,20170307,11963.76,11988.87,11935.33,11966.14,0
DAX,20170308,11922.86,12017.28,11922.31,11967.31,0
DAX,20170309,11923.51,12024.70,11917.78,11978.39,0
DAX,20170310,12018.48,12067.07,11936.81,11963.18,0
DAX,20170313,11954.80,12006.01,11949.03,11990.03,0
