Name,Date,Open,High,Low,Close,Volume
FT-SE100,19921022,2642.00,2681.00,2642.00,2658.00,0
FT-SE100,19921023,2663.00,2674.70,2661.50,2669.70,0
FT-SE100,19921026,2658.80,2667.00,2658.80,2661.60,0
FT-SE100,19921027,2668.40,2678.00,2667.40,2669.80,0
FT-SE100,19921028,2666.00,2666.00,2643.00,2650.00,0
FT-SE100,19921029,2639.10,2642.30,2637.40,2642.30,0
FT-SE100,19921030,2649.00,2660.00,2648.00,2658.00,0
FT-SE100,19921102,2661.60,2687.80,2661.20,2687.80,0
FT-SE100,19921103,2701.60,2706.70,2697.80,2705.60,0
FT-SE100,19921104,2702.00,2703.30,2691.60,2691.70,0
FT-SE100,19921105,2703.00,2713.30,2703.00,2711.10,0
FT-SE100,19921106,2705.10,2709.70,2702.60,2702.70,0
FT-SE100,19921109,2698.90,2698.90,2694.90,2695.40,0
FT-SE100,19921110,2711.90,2718.10,2711.90,2714.60,0
FT-SE100,19921111,2711.50,2711.50,2695.50,2696.80,0
FT-SE100,19921112,2733.30,2733.30,2724.80,2726.40,0
FT-SE100,19921113,2717.00,2718.00,2696.00,2697.00,0
FT-SE100,19921116,2688.00,2694.00,2678.00,2679.00,0
FT-SE100,19921117,2685.80,2686.10,2678.80,2679.20,0
FT-SE100,19921118,2683.50,2706.40,2681.10,2704.00,0
FT-SE100,19921119,2708.40,2711.90,2706.20,2706.20,0
FT-SE100,19921120,2702.10,2732.90,2702.00,2732.40,0
FT-SE100,19921123,2735.90,2737.10,2719.70,2722.90,0
FT-SE100,19921124,2710.40,2729.00,2709.40,2727.10,0
FT-SE100,19921125,2727.10,2765.00,2708.60,2709.60,0
FT-SE100,19921127,2739.80,2761.90,2739.80,2760.10,0
FT-SE100,19921130,2784.10,2784.10,2775.50,2778.80,0
FT-SE100,19921201,2778.80,2807.00,2775.50,2792.00,0
FT-SE100,19921202,2776.40,2776.40,2762.10,2774.70,0
FT-SE100,19921203,2768.40,2777.50,2768.20,2771.00,0
FT-SE100,19921204,2763.00,2766.90,2753.70,2759.40,0
FT-SE100,19921207,2774.00,2774.10,2751.80,2754.50,0
FT-SE100,19921208,2752.00,2769.90,2752.00,2769.80,0
FT-SE100,19921209,2751.80,2757.50,2749.40,2750.70,0
FT-SE100,19921210,2736.70,2737.10,2725.90,2726.50,0
FT-SE100,19921211,2715.10,2720.50,2714.30,2716.20,0
FT-SE100,19921214,2716.00,2721.90,2715.10,2721.80,0
FT-SE100,19921215,2722.50,2722.50,2716.50,2717.90,0
FT-SE100,19921216,2721.10,2732.90,2721.10,2732.80,0
FT-SE100,19921217,2741.80,2748.00,2738.40,2740.30,0
FT-SE100,19921218,2772.00,2789.70,2772.00,2789.70,0
FT-SE100,19921221,2795.50,2807.70,2795.50,2807.70,0
FT-SE100,19921222,2825.80,2845.60,2825.70,2842.00,0
FT-SE100,19921223,2842.00,2879.00,2818.90,2827.40,0
FT-SE100,19921224,2827.50,2827.50,2827.50,2827.50,0
FT-SE100,19921228,2827.50,2827.50,2827.50,2827.50,0
FT-SE100,19921229,2829.90,2848.90,2829.90,2847.80,0
FT-SE100,19921230,2831.50,2841.30,2831.50,2832.50,0
FT-SE100,19921231,2846.50,2846.50,2846.50,2846.50,0
FT-SE100,19930104,2846.10,2867.90,2846.10,2861.50,0
FT-SE100,19930105,2867.20,2867.20,2830.10,2833.60,0
FT-SE100,19930106,2829.00,2839.00,2823.00,2826.00,0
FT-SE100,19930107,2809.20,2822.40,2809.20,2816.50,0
FT-SE100,19930108,2812.30,2813.10,2797.90,2799.20,0
FT-SE100,19930111,2771.80,2775.20,2761.50,2773.40,0
FT-SE100,19930112,2774.00,2778.00,2757.00,2757.00,0
FT-SE100,19930113,2759.00,2768.00,2740.00,2745.00,0
FT-SE100,19930114,2766.60,2771.30,2759.10,2759.20,0
FT-SE100,19930115,2756.00,2765.10,2749.40,2765.10,0
FT-SE100,19930118,2758.90,2765.70,2758.30,2763.10,0
FT-SE100,19930119,2755.90,2757.10,2735.90,2737.60,0
FT-SE100,19930120,2741.80,2748.70,2734.70,2748.70,0
FT-SE100,19930121,2766.90,2773.70,2766.90,2773.30,0
FT-SE100,19930122,2793.70,2794.60,2781.20,2781.20,0
FT-SE100,19930125,2782.20,2782.20,2763.90,2771.90,0
FT-SE100,19930126,2826.70,2836.20,2826.50,2835.70,0
FT-SE100,19930127,2836.30,2836.70,2829.60,2832.50,0
FT-SE100,19930128,2816.20,2822.90,2816.20,2816.90,0
FT-SE100,19930129,2803.60,2811.00,2798.20,2807.20,0
FT-SE100,19930201,2821.00,2854.00,2821.00,2851.00,0
FT-SE100,19930202,2836.80,2842.40,2829.70,2834.40,0
FT-SE100,19930203,2849.10,2873.80,2848.10,2873.80,0
FT-SE100,19930204,2883.10,2900.10,2865.40,2865.90,0
FT-SE100,19930205,2861.60,2864.50,2853.60,2862.90,0
FT-SE100,19930208,2875.10,2881.10,2867.80,2870.00,0
FT-SE100,19930209,2837.70,2838.60,2823.00,2831.30,0
FT-SE100,19930210,2822.10,2822.10,2810.20,2816.40,0
FT-SE100,19930211,2838.40,2838.70,2827.40,2834.30,0
FT-SE100,19930212,2841.00,2854.80,2839.50,2843.00,0
FT-SE100,19930216,2840.00,2842.20,2808.00,2812.20,0
FT-SE100,19930217,2811.80,2820.80,2810.10,2814.00,0
FT-SE100,19930218,2823.00,2852.00,2823.00,2837.00,0
FT-SE100,19930219,2831.00,2845.00,2831.00,2840.00,0
FT-SE100,19930222,2834.90,2840.80,2834.80,2838.30,0
FT-SE100,19930223,2829.70,2852.00,2813.40,2818.00,0
FT-SE100,19930224,2818.40,2819.70,2814.50,2817.00,0
FT-SE100,19930225,2813.90,2829.00,2813.90,2828.70,0
FT-SE100,19930226,2860.20,2873.30,2860.10,2868.00,0
FT-SE100,19930301,2879.50,2884.10,2877.60,2882.60,0
FT-SE100,19930302,2875.00,2882.30,2874.50,2882.30,0
FT-SE100,19930303,2917.70,2922.00,2911.60,2918.60,0
FT-SE100,19930304,2907.20,2916.60,2902.50,2904.80,0
FT-SE100,19930305,2908.30,2923.60,2908.10,2922.10,0
FT-SE100,19930308,2928.30,2958.30,2928.30,2957.30,0
FT-SE100,19930309,2958.90,2959.70,2946.10,2949.90,0
FT-SE100,19930310,2948.20,2957.60,2948.00,2956.70,0
FT-SE100,19930311,2953.60,2956.90,2950.30,2953.40,0
FT-SE100,19930312,2920.00,2920.00,2904.80,2915.90,0
FT-SE100,19930315,2922.90,2923.80,2915.80,2922.40,0
FT-SE100,19930316,2922.40,2930.00,2908.30,2919.30,0
FT-SE100,19930317,2888.80,2891.40,2886.20,2889.90,0
FT-SE100,19930318,2894.50,2894.50,2879.60,2879.70,0
FT-SE100,19930319,2901.40,2903.60,2899.00,2900.10,0
FT-SE100,19930322,2867.60,2867.60,2858.70,2863.90,0
FT-SE100,19930323,2851.80,2863.70,2851.80,2861.10,0
FT-SE100,19930324,2855.70,2860.80,2853.40,2860.60,0
FT-SE100,19930325,2840.90,2852.80,2833.40,2852.80,0
FT-SE100,19930326,2857.20,2864.90,2852.70,2852.90,0
FT-SE100,19930329,2837.70,2846.90,2837.50,2846.50,0
FT-SE100,19930330,2854.30,2862.60,2854.30,2861.00,0
FT-SE100,19930331,2884.10,2884.70,2874.60,2878.70,0
FT-SE100,19930401,2883.00,2887.90,2878.40,2878.40,0
FT-SE100,19930402,2894.00,2894.20,2864.50,2869.90,0
FT-SE100,19930405,2838.50,2841.90,2835.10,2838.80,0
FT-SE100,19930406,2844.10,2845.20,2828.60,2832.20,0
FT-SE100,19930407,2803.90,2822.50,2800.60,2822.10,0
FT-SE100,19930408,2820.10,2821.80,2816.50,2821.80,0
FT-SE100,19930412,2821.80,2821.80,2821.80,2821.80,0
FT-SE100,19930413,2844.40,2848.00,2844.30,2846.80,0
FT-SE100,19930414,2846.90,2847.00,2838.30,2842.10,0
FT-SE100,19930415,2842.10,2854.00,2839.70,2839.70,0
FT-SE100,19930416,2826.10,2828.60,2817.10,2824.40,0
FT-SE100,19930419,2829.60,2844.00,2829.60,2830.00,0
FT-SE100,19930420,2843.70,2856.00,2843.70,2856.00,0
FT-SE100,19930421,2870.10,2870.30,2863.00,2869.60,0
FT-SE100,19930422,2876.40,2881.00,2872.00,2881.00,0
FT-SE100,19930423,2856.60,2857.40,2843.40,2843.80,0
FT-SE100,19930426,2831.00,2833.00,2822.00,2822.30,0
FT-SE100,19930427,2816.00,2832.70,2814.90,2832.70,0
FT-SE100,19930428,2815.20,2815.80,2787.10,2797.30,0
FT-SE100,19930429,2777.80,2792.80,2777.80,2786.80,0
FT-SE100,19930430,2803.20,2813.60,2803.10,2813.10,0
FT-SE100,19930503,2813.10,2813.10,2813.10,2813.10,0
FT-SE100,19930504,2821.20,2822.00,2812.00,2812.60,0
FT-SE100,19930505,2789.90,2796.50,2789.90,2796.50,0
FT-SE100,19930506,2788.80,2789.20,2783.90,2786.30,0
FT-SE100,19930507,2783.40,2793.70,2776.60,2793.70,0
FT-SE100,19930510,2811.70,2829.80,2811.50,2829.80,0
FT-SE100,19930511,2829.80,2836.10,2823.60,2836.10,0
FT-SE100,19930512,2858.90,2861.80,2853.80,2860.80,0
FT-SE100,19930513,2862.50,2862.50,2849.30,2849.30,0
FT-SE100,19930514,2839.90,2848.90,2839.70,2847.00,0
FT-SE100,19930517,2855.50,2858.70,2855.30,2858.10,0
FT-SE100,19930518,2859.40,2859.40,2845.90,2847.30,0
FT-SE100,19930519,2833.80,2834.80,2817.70,2819.70,0
FT-SE100,19930520,2831.60,2831.70,2814.60,2816.80,0
FT-SE100,19930521,2812.00,2813.70,2801.10,2812.20,0
FT-SE100,19930524,2809.00,2825.60,2808.80,2825.60,0
FT-SE100,19930525,2832.40,2837.70,2828.70,2837.70,0
FT-SE100,19930526,2837.70,2846.90,2837.00,2846.90,0
FT-SE100,19930527,2858.30,2860.00,2852.50,2855.30,0
FT-SE100,19930528,2855.30,2855.50,2838.90,2840.70,0
FT-SE100,19930601,2838.10,2849.20,2833.70,2849.20,0
FT-SE100,19930602,2866.80,2868.00,2863.00,2863.00,0
FT-SE100,19930603,2851.60,2857.80,2851.40,2852.80,0
FT-SE100,19930604,2840.90,2841.00,2829.80,2829.90,0
FT-SE100,19930607,2843.90,2849.80,2842.70,2844.80,0
FT-SE100,19930608,2843.70,2845.80,2842.40,2844.40,0
FT-SE100,19930609,2856.30,2868.20,2855.50,2866.90,0
FT-SE100,19930610,2858.10,2862.60,2857.70,2860.00,0
FT-SE100,19930611,2854.80,2864.80,2854.80,2861.80,0
FT-SE100,19930614,2886.90,2891.60,2882.80,2885.50,0
FT-SE100,19930615,2874.70,2876.90,2869.70,2870.00,0
FT-SE100,19930616,2883.30,2888.30,2880.80,2883.00,0
FT-SE100,19930617,2881.20,2881.20,2874.60,2875.70,0
FT-SE100,19930618,2883.20,2886.50,2879.00,2879.40,0
FT-SE100,19930621,2894.20,2903.40,2894.20,2903.40,0
FT-SE100,19930622,2913.60,2914.20,2905.30,2907.60,0
FT-SE100,19930623,2906.10,2906.30,2899.20,2900.70,0
FT-SE100,19930624,2893.90,2894.90,2890.10,2894.70,0
FT-SE100,19930625,2883.80,2889.00,2883.80,2887.50,0
FT-SE100,19930628,2899.20,2899.80,2894.20,2897.00,0
FT-SE100,19930629,2888.50,2888.50,2883.10,2886.00,0
FT-SE100,19930630,2890.90,2900.00,2890.50,2900.00,0
FT-SE100,19930701,2905.70,2906.50,2888.70,2888.80,0
FT-SE100,19930702,2869.90,2870.20,2857.00,2857.70,0
FT-SE100,19930706,2849.20,2849.20,2846.70,2848.10,0
FT-SE100,19930707,2832.90,2848.30,2832.90,2848.30,0
FT-SE100,19930708,2855.20,2859.40,2842.20,2845.90,0
FT-SE100,19930709,2854.20,2854.20,2843.10,2843.20,0
FT-SE100,19930712,2837.80,2851.40,2827.10,2830.90,0
FT-SE100,19930713,2832.70,2837.40,2832.60,2837.10,0
FT-SE100,19930714,2831.90,2832.30,2826.70,2832.30,0
FT-SE100,19930715,2834.40,2834.60,2830.20,2831.70,0
FT-SE100,19930716,2826.30,2833.00,2825.30,2833.00,0
FT-SE100,19930719,2844.50,2844.50,2838.20,2842.90,0
FT-SE100,19930720,2828.60,2831.90,2818.60,2823.90,0
FT-SE100,19930721,2810.20,2814.40,2801.80,2814.10,0
FT-SE100,19930722,2815.80,2820.10,2811.90,2820.10,0
FT-SE100,19930723,2830.30,2832.00,2827.70,2827.70,0
FT-SE100,19930726,2843.10,2844.50,2840.20,2844.20,0
FT-SE100,19930727,2867.80,2880.10,2867.70,2879.40,0
FT-SE100,19930728,2887.80,2895.70,2883.00,2884.20,0
FT-SE100,19930729,2889.80,2917.60,2885.70,2917.60,0
FT-SE100,19930730,2937.30,2939.50,2926.30,2926.50,0
FT-SE100,19930802,2952.90,2954.50,2941.70,2941.70,0
FT-SE100,19930803,2939.60,2947.30,2939.60,2945.00,0
FT-SE100,19930804,2942.40,2942.80,2930.80,2941.30,0
FT-SE100,19930805,2940.80,2943.40,2937.50,2943.40,0
FT-SE100,19930806,2969.00,2974.40,2968.50,2969.80,0
FT-SE100,19930809,2979.00,2986.80,2974.20,2986.40,0
FT-SE100,19930810,2984.70,2984.70,2971.60,2971.60,0
FT-SE100,19930811,2990.60,3010.10,2990.50,3006.10,0
FT-SE100,19930812,3005.00,3018.20,3004.30,3009.10,0
FT-SE100,19930813,3003.30,3010.20,2998.00,3010.10,0
FT-SE100,19930816,3011.90,3013.20,3007.60,3008.30,0
FT-SE100,19930817,3008.70,3025.00,3008.70,3025.00,0
FT-SE100,19930818,3067.60,3076.20,3064.00,3073.60,0
FT-SE100,19930819,3066.70,3067.70,3054.80,3065.50,0
FT-SE100,19930820,3077.50,3077.70,3056.50,3057.60,0
FT-SE100,19930823,3036.00,3042.50,3036.00,3042.00,0
FT-SE100,19930824,3056.50,3058.40,3049.10,3049.30,0
FT-SE100,19930825,3070.90,3081.80,3070.90,3079.20,0
FT-SE100,19930826,3061.90,3080.40,3059.10,3079.20,0
FT-SE100,19930827,3094.10,3103.70,3094.10,3100.60,0
FT-SE100,19930830,3100.60,3100.60,3100.60,3100.60,0
FT-SE100,19930831,3113.00,3113.40,3096.60,3100.00,0
FT-SE100,19930901,3078.40,3085.10,3070.30,3085.10,0
FT-SE100,19930902,3087.90,3087.90,3072.20,3072.60,0
FT-SE100,19930903,3073.00,3073.00,3057.20,3057.30,0
FT-SE100,19930907,3044.00,3046.30,3036.00,3038.60,0
FT-SE100,19930908,3037.20,3037.60,3031.90,3035.40,0
FT-SE100,19930909,3044.80,3044.80,3027.10,3031.20,0
FT-SE100,19930910,3036.60,3039.90,3034.30,3037.00,0
FT-SE100,19930913,3028.70,3030.00,3017.70,3024.80,0
FT-SE100,19930914,3034.00,3035.30,3027.70,3028.00,0
FT-SE100,19930915,2999.60,3001.40,2986.00,2989.40,0
FT-SE100,19930916,2994.90,3004.00,2994.70,3003.90,0
FT-SE100,19930917,3020.40,3020.40,3004.60,3005.50,0
FT-SE100,19930920,2998.80,3005.60,2998.40,3004.50,0
FT-SE100,19930921,2990.50,3001.90,2990.30,3001.60,0
FT-SE100,19930922,2998.00,3007.50,2997.20,3007.50,0
FT-SE100,19930923,3008.60,3008.90,2998.50,3001.30,0
FT-SE100,19930924,3004.80,3006.90,3002.20,3005.20,0
FT-SE100,19930927,3028.90,3029.90,3022.60,3026.30,0
FT-SE100,19930928,3041.60,3042.30,3034.90,3036.90,0
FT-SE100,19930929,3027.00,3033.40,3025.00,3030.10,0
FT-SE100,19930930,3039.30,3041.30,3034.70,3037.50,0
FT-SE100,19931001,3034.50,3039.80,3034.00,3039.30,0
FT-SE100,19931004,3047.70,3069.00,3047.60,3067.70,0
FT-SE100,19931005,3085.20,3089.40,3083.10,3085.20,0
FT-SE100,19931006,3101.30,3102.70,3096.40,3100.80,0
FT-SE100,19931007,3095.60,3096.10,3088.70,3092.40,0
FT-SE100,19931008,3096.70,3108.60,3093.20,3108.60,0
FT-SE100,19931011,3098.70,3103.90,3098.70,3102.20,0
FT-SE100,19931012,3096.70,3097.90,3093.00,3094.70,0
FT-SE100,19931013,3080.40,3081.20,3071.20,3080.90,0
FT-SE100,19931014,3071.70,3086.30,3071.60,3086.30,0
FT-SE100,19931015,3119.40,3126.70,3118.80,3120.80,0
FT-SE100,19931018,3142.80,3142.80,3136.80,3137.60,0
FT-SE100,19931019,3135.40,3136.10,3129.40,3129.60,0
FT-SE100,19931020,3155.50,3156.90,3151.80,3156.30,0
FT-SE100,19931021,3159.00,3188.30,3157.10,3188.30,0
FT-SE100,19931022,3190.90,3199.20,3190.50,3199.00,0
FT-SE100,19931025,3178.30,3184.90,3178.00,3184.80,0
FT-SE100,19931026,3186.20,3186.20,3164.80,3165.30,0
FT-SE100,19931027,3169.80,3169.80,3152.20,3154.30,0
FT-SE100,19931028,3154.90,3166.90,3146.50,3163.00,0
FT-SE100,19931029,3167.30,3171.50,3162.00,3171.00,0
FT-SE100,19931101,3150.10,3164.40,3150.10,3164.40,0
FT-SE100,19931102,3172.20,3173.80,3160.80,3164.10,0
FT-SE100,19931103,3159.90,3163.50,3157.10,3162.30,0
FT-SE100,19931104,3157.10,3157.60,3147.20,3149.00,0
FT-SE100,19931105,3103.40,3103.90,3083.30,3085.60,0
FT-SE100,19931108,3069.90,3078.00,3069.30,3077.60,0
FT-SE100,19931109,3077.60,3096.00,3072.20,3096.00,0
FT-SE100,19931110,3113.40,3115.00,3095.20,3098.50,0
FT-SE100,19931111,3106.20,3107.90,3099.70,3099.70,0
FT-SE100,19931112,3081.20,3099.30,3078.60,3099.10,0
FT-SE100,19931115,3106.60,3107.30,3092.10,3093.30,0
FT-SE100,19931116,3102.90,3108.10,3097.50,3097.50,0
FT-SE100,19931117,3122.80,3122.80,3112.60,3120.00,0
FT-SE100,19931118,3130.70,3131.10,3119.50,3125.50,0
FT-SE100,19931119,3112.00,3112.00,3104.20,3108.00,0
FT-SE100,19931122,3082.40,3084.20,3069.20,3070.60,0
FT-SE100,19931123,3076.80,3081.90,3066.20,3069.30,0
FT-SE100,19931124,3069.50,3069.50,3065.60,3067.20,0
FT-SE100,19931126,3110.30,3123.40,3108.20,3111.40,0
FT-SE100,19931129,3140.00,3144.10,3133.80,3135.80,0
FT-SE100,19931130,3151.50,3168.70,3146.60,3166.90,0
FT-SE100,19931201,3234.30,3250.10,3233.20,3233.20,0
FT-SE100,19931202,3244.40,3244.40,3223.90,3223.90,0
FT-SE100,19931203,3234.30,3234.30,3223.00,3234.20,0
FT-SE100,19931206,3238.90,3239.30,3236.00,3237.30,0
FT-SE100,19931207,3228.00,3241.20,3223.80,3237.30,0
FT-SE100,19931208,3265.70,3279.50,3265.40,3277.40,0
FT-SE100,19931209,3281.80,3281.80,3263.60,3271.60,0
FT-SE100,19931210,3276.20,3276.20,3261.00,3261.30,0
FT-SE100,19931213,3262.10,3262.40,3248.60,3254.60,0
FT-SE100,19931214,3267.70,3268.20,3243.30,3248.40,0
FT-SE100,19931215,3265.00,3282.50,3264.60,3278.80,0
FT-SE100,19931216,3301.30,3313.60,3301.30,3311.20,0
FT-SE100,19931217,3348.60,3348.60,3330.10,3337.10,0
FT-SE100,19931220,3347.40,3369.00,3347.40,3364.90,0
FT-SE100,19931221,3354.10,3356.30,3339.90,3342.40,0
FT-SE100,19931222,3348.00,3355.70,3347.40,3355.70,0
FT-SE100,19931223,3387.20,3400.30,3387.20,3396.50,0
FT-SE100,19931227,3412.30,3412.30,3412.30,3412.30,0
FT-SE100,19931228,3412.30,3412.30,3412.30,3412.30,0
FT-SE100,19931229,3455.70,3474.20,3455.70,3462.00,0
FT-SE100,19931230,3451.50,3456.60,3428.60,3428.80,0
FT-SE100,19931231,3418.40,3418.40,3418.40,3418.40,0
FT-SE100,19940103,3418.40,3418.40,3418.40,3418.40,0
FT-SE100,19940104,3390.00,3408.50,3380.40,3408.50,0
FT-SE100,19940105,3403.90,3403.90,3379.10,3379.20,0
FT-SE100,19940106,3395.20,3407.70,3395.20,3403.00,0
FT-SE100,19940107,3422.10,3446.80,3420.80,3446.00,0
FT-SE100,19940110,3444.40,3446.00,3430.00,3440.60,0
FT-SE100,19940111,3435.20,3438.90,3413.50,3413.80,0
FT-SE100,19940112,3393.40,3393.40,3372.00,3372.00,0
FT-SE100,19940113,3358.80,3367.70,3357.40,3360.00,0
FT-SE100,19940114,3401.00,3402.30,3390.70,3400.60,0
FT-SE100,19940117,3419.40,3419.50,3406.80,3407.80,0
FT-SE100,19940118,3426.20,3439.60,3426.20,3437.00,0
FT-SE100,19940119,3478.80,3484.50,3469.30,3475.10,0
FT-SE100,19940120,3464.10,3470.10,3458.90,3470.00,0
FT-SE100,19940121,3478.90,3484.80,3476.50,3484.20,0
FT-SE100,19940124,3466.90,3481.40,3466.40,3481.40,0
FT-SE100,19940125,3476.40,3476.40,3444.00,3444.00,0
FT-SE100,19940126,3446.30,3450.10,3432.80,3436.10,0
FT-SE100,19940127,3436.40,3439.40,3425.40,3427.30,0
FT-SE100,19940128,3421.10,3448.40,3421.00,3447.40,0
FT-SE100,19940131,3481.00,3491.80,3480.50,3491.80,0
FT-SE100,19940201,3481.90,3483.00,3471.00,3481.50,0
FT-SE100,19940202,3516.90,3520.40,3513.40,3520.30,0
FT-SE100,19940203,3506.70,3508.10,3490.80,3491.50,0
FT-SE100,19940204,3486.00,3492.70,3471.60,3475.40,0
FT-SE100,19940207,3384.20,3419.10,3384.00,3419.10,0
FT-SE100,19940208,3468.10,3468.10,3440.10,3440.20,0
FT-SE100,19940209,3405.70,3429.10,3405.70,3429.10,0
FT-SE100,19940210,3425.00,3425.70,3400.30,3407.00,0
FT-SE100,19940211,3350.90,3381.20,3349.30,3378.90,0
FT-SE100,19940214,3359.50,3363.50,3350.20,3363.50,0
FT-SE100,19940215,3381.60,3393.20,3374.50,3393.20,0
FT-SE100,19940216,3414.40,3423.20,3413.20,3417.70,0
FT-SE100,19940217,3407.70,3437.60,3407.30,3425.30,0
FT-SE100,19940218,3406.50,3406.50,3382.20,3382.60,0
FT-SE100,19940222,3326.50,3337.40,3320.30,3333.70,0
FT-SE100,19940223,3344.00,3355.00,3337.70,3341.90,0
FT-SE100,19940224,3288.70,3288.70,3265.80,3267.50,0
FT-SE100,19940225,3274.50,3283.30,3272.60,3281.20,0
FT-SE100,19940228,3312.70,3328.10,3312.70,3328.10,0
FT-SE100,19940301,3296.60,3309.20,3270.60,3270.60,0
FT-SE100,19940302,3228.50,3248.10,3215.20,3248.10,0
FT-SE100,19940303,3251.60,3251.60,3230.90,3246.50,0
FT-SE100,19940304,3262.30,3278.40,3260.60,3278.00,0
FT-SE100,19940307,3291.70,3310.70,3290.70,3305.90,0
FT-SE100,19940308,3282.60,3286.60,3264.30,3264.40,0
FT-SE100,19940309,3260.10,3263.50,3246.70,3246.70,0
FT-SE100,19940310,3262.70,3263.60,3233.90,3233.90,0
FT-SE100,19940311,3203.40,3208.20,3190.10,3191.90,0
FT-SE100,19940314,3232.70,3236.10,3225.00,3233.40,0
FT-SE100,19940315,3250.50,3269.50,3250.40,3267.40,0
FT-SE100,19940316,3248.60,3249.50,3242.30,3242.90,0
FT-SE100,19940317,3259.80,3259.80,3250.50,3255.70,0
FT-SE100,19940318,3212.00,3218.10,3197.70,3218.10,0
FT-SE100,19940321,3211.70,3211.90,3197.00,3198.00,0
FT-SE100,19940322,3210.70,3210.70,3186.90,3201.50,0
FT-SE100,19940323,3174.10,3177.40,3153.50,3155.30,0
FT-SE100,19940324,3132.30,3132.50,3111.80,3121.70,0
FT-SE100,19940325,3093.70,3133.50,3093.70,3129.00,0
FT-SE100,19940328,3149.80,3150.00,3129.50,3129.50,0
FT-SE100,19940329,3122.80,3131.70,3122.70,3123.40,0
FT-SE100,19940330,3100.30,3117.70,3087.40,3092.40,0
FT-SE100,19940331,3092.70,3093.40,3082.60,3086.40,0
FT-SE100,19940404,3086.40,3086.40,3086.40,3086.40,0
FT-SE100,19940405,3074.30,3116.20,3074.30,3116.20,0
FT-SE100,19940406,3143.20,3145.40,3131.50,3131.50,0
FT-SE100,19940407,3135.90,3143.50,3127.10,3129.00,0
FT-SE100,19940408,3131.30,3131.30,3118.80,3120.80,0
FT-SE100,19940411,3147.50,3149.50,3141.10,3149.40,0
FT-SE100,19940412,3179.10,3179.50,3159.00,3159.10,0
FT-SE100,19940413,3152.90,3152.90,3144.80,3145.80,0
FT-SE100,19940414,3122.60,3134.10,3113.20,3131.70,0
FT-SE100,19940415,3145.30,3168.60,3142.60,3168.30,0
FT-SE100,19940418,3178.10,3178.40,3137.70,3138.20,0
FT-SE100,19940419,3114.00,3136.60,3114.00,3128.00,0
FT-SE100,19940420,3104.70,3111.50,3096.90,3098.30,0
FT-SE100,19940421,3091.60,3102.40,3090.10,3101.20,0
FT-SE100,19940422,3134.30,3136.50,3130.30,3133.70,0
FT-SE100,19940425,3111.00,3112.00,3106.10,3106.10,0
FT-SE100,19940426,3132.40,3137.70,3119.30,3125.30,0
FT-SE100,19940428,3162.10,3165.50,3129.20,3129.90,0
FT-SE100,19940429,3118.00,3128.40,3105.60,3125.30,0
FT-SE100,19940502,3125.30,3125.30,3125.30,3125.30,0
FT-SE100,19940503,3105.10,3107.30,3095.80,3100.00,0
FT-SE100,19940504,3081.60,3089.20,3067.60,3070.50,0
FT-SE100,19940505,3100.50,3106.30,3095.80,3106.00,0
FT-SE100,19940506,3119.70,3121.60,3092.30,3106.00,0
FT-SE100,19940509,3085.10,3099.70,3080.70,3097.80,0
FT-SE100,19940510,3132.20,3138.70,3124.40,3136.30,0
FT-SE100,19940511,3131.50,3134.00,3122.10,3130.50,0
FT-SE100,19940512,3111.10,3138.80,3110.40,3137.80,0
FT-SE100,19940513,3134.10,3140.90,3116.20,3119.20,0
FT-SE100,19940516,3122.60,3122.60,3112.50,3115.60,0
FT-SE100,19940517,3113.40,3125.20,3113.40,3123.50,0
FT-SE100,19940518,3145.10,3145.10,3115.80,3116.50,0
FT-SE100,19940519,3130.10,3130.20,3120.90,3122.80,0
FT-SE100,19940520,3135.30,3135.30,3125.00,3127.30,0
FT-SE100,19940523,3122.40,3123.10,3106.40,3108.40,0
FT-SE100,19940524,3092.20,3094.40,3086.10,3089.10,0
FT-SE100,19940525,3058.90,3058.90,3011.30,3020.70,0
FT-SE100,19940526,3014.80,3022.80,3010.50,3019.70,0
FT-SE100,19940527,3002.70,3002.70,2959.50,2966.40,0
FT-SE100,19940531,2946.50,2970.50,2943.90,2970.50,0
FT-SE100,19940601,2952.30,2952.30,2931.50,2931.90,0
FT-SE100,19940602,2966.60,2980.80,2961.00,2980.80,0
FT-SE100,19940603,3002.10,3002.10,2968.40,2997.80,0
FT-SE100,19940606,3012.60,3016.10,3005.80,3009.40,0
FT-SE100,19940607,3011.70,3012.50,2998.10,3004.80,0
FT-SE100,19940608,3039.40,3043.20,3037.20,3038.20,0
FT-SE100,19940609,3034.70,3035.80,3025.60,3028.90,0
FT-SE100,19940610,3045.40,3055.90,3040.60,3055.90,0
FT-SE100,19940613,3022.30,3022.30,3010.30,3016.30,0
FT-SE100,19940614,3028.50,3039.80,3026.70,3039.60,0
FT-SE100,19940615,3048.20,3050.20,3043.50,3045.80,0
FT-SE100,19940616,3030.70,3033.70,3027.10,3030.10,0
FT-SE100,19940617,3038.80,3040.00,3017.00,3022.90,0
FT-SE100,19940620,2951.70,2980.60,2937.60,2971.10,0
FT-SE100,19940621,2963.90,2968.00,2936.70,2940.20,0
FT-SE100,19940622,2952.60,2960.40,2951.40,2960.40,0
FT-SE100,19940623,2972.40,2972.40,2936.50,2942.40,0
FT-SE100,19940624,2899.30,2908.90,2874.70,2876.60,0
FT-SE100,19940627,2879.80,2902.20,2879.80,2899.90,0
FT-SE100,19940628,2918.20,2921.70,2908.60,2909.00,0
FT-SE100,19940629,2934.40,2948.10,2931.10,2946.30,0
FT-SE100,19940630,2922.70,2927.90,2910.60,2919.20,0
FT-SE100,19940701,2936.00,2939.10,2933.30,2936.40,0
FT-SE100,19940705,2945.50,2965.60,2945.30,2965.00,0
FT-SE100,19940706,2963.10,2963.10,2942.90,2946.70,0
FT-SE100,19940707,2964.30,2968.00,2962.80,2964.40,0
FT-SE100,19940708,2970.50,2970.50,2952.40,2962.40,0
FT-SE100,19940711,2986.50,2992.60,2982.80,2983.80,0
FT-SE100,19940712,2962.70,2970.70,2960.20,2963.90,0
FT-SE100,19940713,3002.40,3005.30,2993.50,3005.30,0
FT-SE100,19940714,3028.20,3050.40,3028.20,3050.40,0
FT-SE100,19940715,3068.90,3078.40,3061.20,3074.80,0
FT-SE100,19940718,3072.20,3085.40,3072.20,3082.00,0
FT-SE100,19940719,3074.60,3091.30,3074.60,3091.30,0
FT-SE100,19940720,3096.60,3098.10,3077.20,3077.20,0
FT-SE100,19940721,3072.20,3097.50,3065.50,3095.10,0
FT-SE100,19940722,3119.80,3122.20,3112.70,3114.70,0
FT-SE100,19940725,3106.60,3107.00,3103.40,3106.10,0
FT-SE100,19940726,3123.40,3126.50,3117.10,3117.20,0
FT-SE100,19940727,3112.30,3112.40,3082.30,3082.30,0
FT-SE100,19940728,3090.90,3097.40,3083.20,3095.90,0
FT-SE100,19940729,3095.80,3105.20,3069.70,3082.60,0
FT-SE100,19940801,3092.70,3097.50,3090.40,3097.40,0
FT-SE100,19940802,3140.10,3158.30,3140.10,3157.50,0
FT-SE100,19940803,3162.80,3164.20,3159.00,3160.40,0
FT-SE100,19940804,3157.00,3157.00,3150.10,3150.50,0
FT-SE100,19940805,3170.20,3172.80,3156.70,3167.50,0
FT-SE100,19940808,3168.10,3171.90,3166.00,3171.90,0
FT-SE100,19940809,3162.10,3169.70,3154.70,3168.60,0
FT-SE100,19940810,3156.40,3167.00,3156.40,3167.00,0
FT-SE100,19940811,3143.70,3148.10,3132.80,3138.20,0
FT-SE100,19940812,3117.30,3142.50,3116.70,3142.30,0
FT-SE100,19940815,3152.10,3152.40,3141.60,3142.20,0
FT-SE100,19940816,3149.80,3151.60,3142.70,3147.30,0
FT-SE100,19940817,3185.70,3195.00,3184.80,3190.30,0
FT-SE100,19940818,3194.90,3195.30,3180.20,3182.60,0
FT-SE100,19940819,3183.70,3191.80,3183.60,3191.40,0
FT-SE100,19940822,3179.30,3179.30,3164.70,3171.30,0
FT-SE100,19940823,3166.20,3175.10,3165.90,3175.10,0
FT-SE100,19940824,3187.10,3205.30,3186.60,3205.20,0
FT-SE100,19940825,3242.40,3244.70,3233.30,3234.20,0
FT-SE100,19940826,3235.50,3265.30,3235.50,3265.10,0
FT-SE100,19940829,3265.10,3265.10,3265.10,3265.10,0
FT-SE100,19940830,3255.80,3260.10,3249.50,3249.60,0
FT-SE100,19940831,3261.70,3263.30,3250.50,3251.30,0
FT-SE100,19940901,3230.60,3230.60,3215.40,3216.50,0
FT-SE100,19940902,3236.70,3242.20,3222.20,3222.70,0
FT-SE100,19940906,3225.10,3227.40,3203.40,3205.40,0
FT-SE100,19940907,3215.30,3216.70,3203.90,3203.90,0
FT-SE100,19940908,3181.70,3182.10,3172.10,3180.00,0
FT-SE100,19940909,3192.30,3192.30,3134.00,3139.30,0
FT-SE100,19940912,3134.30,3135.90,3126.80,3128.80,0
FT-SE100,19940913,3096.70,3121.60,3086.10,3121.40,0
FT-SE100,19940914,3082.40,3084.80,3075.30,3079.80,0
FT-SE100,19940915,3088.90,3115.20,3088.90,3112.70,0
FT-SE100,19940916,3094.30,3095.70,3064.60,3065.10,0
FT-SE100,19940919,3075.70,3085.30,3075.70,3079.10,0
FT-SE100,19940920,3049.40,3050.40,3031.70,3037.30,0
FT-SE100,19940921,3027.50,3042.20,3014.80,3014.80,0
FT-SE100,19940922,3014.50,3021.20,3008.60,3021.20,0
FT-SE100,19940923,3029.10,3035.80,3025.60,3028.20,0
FT-SE100,19940926,2989.00,3004.40,2987.80,2999.80,0
FT-SE100,19940927,3005.90,3011.30,3002.70,3008.50,0
FT-SE100,19940928,3032.80,3040.90,3029.30,3038.70,0
FT-SE100,19940929,3018.70,3020.40,2991.60,2992.50,0
FT-SE100,19940930,3001.10,3026.30,2995.10,3026.30,0
FT-SE100,19941003,2989.60,2998.60,2982.40,2983.50,0
FT-SE100,19941004,2996.30,3002.20,2993.70,3001.80,0
FT-SE100,19941005,2974.90,2975.00,2950.20,2956.30,0
FT-SE100,19941006,2980.60,2987.00,2976.90,2984.40,0
FT-SE100,19941007,2977.50,2998.80,2977.50,2998.70,0
FT-SE100,19941010,3030.60,3033.30,3027.60,3032.30,0
FT-SE100,19941011,3032.70,3074.00,3032.30,3073.00,0
FT-SE100,19941012,3095.00,3100.50,3092.80,3100.50,0
FT-SE100,19941013,3103.10,3151.20,3102.90,3141.90,0
FT-SE100,19941014,3115.30,3123.50,3104.20,3106.70,0
FT-SE100,19941017,3115.10,3120.90,3112.70,3120.20,0
FT-SE100,19941018,3098.20,3099.00,3081.00,3085.30,0
FT-SE100,19941019,3073.00,3073.00,3057.30,3060.80,0
FT-SE100,19941020,3073.40,3083.20,3060.70,3063.20,0
FT-SE100,19941021,3032.00,3033.10,3016.40,3032.80,0
FT-SE100,19941024,3046.10,3046.80,3029.10,3029.10,0
FT-SE100,19941025,2987.60,3005.40,2985.60,3000.90,0
FT-SE100,19941026,3021.00,3024.40,2999.70,2999.90,0
FT-SE100,19941027,3009.90,3029.60,3007.50,3029.60,0
FT-SE100,19941028,3031.80,3083.90,3024.70,3083.80,0
FT-SE100,19941031,3108.50,3111.50,3096.10,3097.40,0
FT-SE100,19941101,3092.50,3096.40,3078.20,3096.30,0
FT-SE100,19941102,3086.10,3086.10,3069.50,3081.30,0
FT-SE100,19941103,3097.00,3106.60,3095.10,3104.40,0
FT-SE100,19941104,3095.40,3102.30,3093.10,3097.60,0
FT-SE100,19941107,3071.40,3075.80,3065.30,3065.80,0
FT-SE100,19941108,3055.80,3063.80,3055.80,3063.80,0
FT-SE100,19941109,3106.10,3112.00,3099.60,3099.60,0
FT-SE100,19941110,3087.50,3105.90,3084.10,3103.50,0
FT-SE100,19941111,3081.40,3081.60,3072.00,3075.90,0
FT-SE100,19941114,3069.80,3095.30,3069.70,3095.30,0
FT-SE100,19941115,3125.40,3137.40,3125.30,3135.40,0
FT-SE100,19941116,3160.20,3168.10,3144.90,3146.50,0
FT-SE100,19941117,3136.50,3139.70,3125.60,3127.50,0
FT-SE100,19941118,3129.50,3131.20,3125.60,3131.00,0
FT-SE100,19941121,3123.60,3128.40,3119.40,3121.00,0
FT-SE100,19941122,3090.30,3090.50,3078.60,3078.70,0
FT-SE100,19941123,3019.10,3027.50,3010.10,3027.50,0
FT-SE100,19941125,3021.60,3033.50,3021.50,3033.50,0
FT-SE100,19941128,3049.60,3049.90,3042.00,3047.10,0
FT-SE100,19941129,3068.60,3068.70,3061.10,3061.10,0
FT-SE100,19941130,3069.60,3081.40,3067.00,3081.40,0
FT-SE100,19941201,3044.90,3048.00,3037.20,3039.60,0
FT-SE100,19941202,3022.40,3028.70,3011.60,3017.30,0
FT-SE100,19941205,3033.80,3037.40,3031.80,3033.50,0
FT-SE100,19941206,2999.60,3016.20,2999.50,3016.10,0
FT-SE100,19941207,3034.10,3034.20,3007.40,3012.50,0
FT-SE100,19941208,3012.10,3022.10,3012.10,3013.80,0
FT-SE100,19941209,2982.50,2987.90,2976.70,2977.30,0
FT-SE100,19941212,2973.00,2973.00,2941.90,2943.40,0
FT-SE100,19941213,2941.70,2949.10,2938.80,2946.40,0
FT-SE100,19941214,2965.30,2982.50,2963.80,2980.60,0
FT-SE100,19941215,2994.20,2994.20,2973.20,2973.40,0
FT-SE100,19941216,3003.30,3013.60,3000.30,3013.60,0
FT-SE100,19941219,3043.30,3043.40,3031.60,3034.40,0
FT-SE100,19941220,3054.50,3061.30,3053.80,3058.10,0
FT-SE100,19941221,3056.20,3070.40,3055.80,3070.40,0
FT-SE100,19941222,3092.50,3095.60,3091.00,3091.70,0
FT-SE100,19941223,3084.10,3084.30,3083.10,3083.40,0
FT-SE100,19941227,3083.40,3083.40,3083.40,3083.40,0
FT-SE100,19941228,3108.60,3108.90,3095.80,3095.80,0
FT-SE100,19941229,3072.90,3074.00,3064.60,3065.60,0
FT-SE100,19941230,3070.90,3070.90,3065.50,3065.50,0
FT-SE100,19950103,3062.60,3066.50,3050.60,3065.70,0
FT-SE100,19950104,3063.90,3072.10,3051.50,3051.60,0
FT-SE100,19950105,3049.50,3049.50,3028.20,3032.30,0
FT-SE100,19950106,3027.00,3067.90,3019.90,3065.00,0
FT-SE100,19950109,3064.90,3069.60,3054.00,3055.80,0
FT-SE100,19950110,3048.90,3060.50,3038.40,3060.40,0
FT-SE100,19950111,3050.60,3075.00,3042.40,3049.40,0
FT-SE100,19950112,3051.40,3060.00,3032.40,3033.20,0
FT-SE100,19950113,3023.00,3048.50,3016.10,3048.30,0
FT-SE100,19950116,3068.50,3076.70,3060.90,3076.70,0
FT-SE100,19950117,3081.50,3084.40,3054.00,3054.00,0
FT-SE100,19950118,3052.50,3061.00,3044.20,3054.90,0
FT-SE100,19950119,3051.40,3051.40,3027.20,3028.60,0
FT-SE100,19950120,3003.30,3013.80,2989.00,2995.90,0
FT-SE100,19950123,2968.80,2992.00,2949.40,2954.20,0
FT-SE100,19950124,2971.10,2973.40,2964.60,2969.00,0
FT-SE100,19950125,2971.00,2986.50,2964.40,2982.20,0
FT-SE100,19950126,2989.20,3010.20,2989.20,3007.30,0
FT-SE100,19950127,3006.80,3022.70,3006.40,3022.20,0
FT-SE100,19950130,3021.30,3021.30,2995.10,2995.90,0
FT-SE100,19950131,2984.20,2992.70,2983.40,2991.60,0
FT-SE100,19950201,3001.80,3024.00,3001.80,3017.30,0
FT-SE100,19950202,3018.20,3039.30,3013.50,3034.70,0
FT-SE100,19950203,3045.40,3059.70,3033.80,3059.70,0
FT-SE100,19950206,3075.00,3075.00,3061.60,3062.00,0
FT-SE100,19950207,3064.70,3086.40,3064.70,3072.70,0
FT-SE100,19950208,3066.20,3072.50,3060.70,3072.50,0
FT-SE100,19950209,3072.70,3102.70,3066.90,3099.00,0
FT-SE100,19950210,3099.00,3114.60,3099.00,3109.90,0
FT-SE100,19950213,3105.10,3108.30,3080.00,3081.10,0
FT-SE100,19950214,3079.00,3087.30,3071.20,3071.30,0
FT-SE100,19950215,3071.50,3074.90,3060.50,3074.90,0
FT-SE100,19950216,3083.10,3083.90,3046.90,3051.10,0
FT-SE100,19950217,3053.50,3054.90,3041.00,3044.20,0
FT-SE100,19950220,3030.40,3030.40,3013.00,3018.60,0
FT-SE100,19950221,3023.60,3026.90,3012.60,3023.40,0
FT-SE100,19950222,3015.00,3027.40,3006.80,3019.50,0
FT-SE100,19950223,3021.40,3049.30,3021.40,3049.30,0
FT-SE100,19950224,3048.90,3049.20,3033.20,3037.70,0
FT-SE100,19950227,2998.20,3029.00,2998.20,3025.30,0
FT-SE100,19950228,3022.00,3031.00,3005.00,3009.30,0
FT-SE100,19950301,3020.00,3041.90,3020.00,3041.20,0
FT-SE100,19950302,3038.50,3047.40,3038.10,3038.20,0
FT-SE100,19950303,3031.90,3037.00,3020.00,3025.10,0
FT-SE100,19950306,3018.70,3020.30,2993.00,3001.90,0
FT-SE100,19950307,3005.70,3005.70,2976.50,2977.00,0
FT-SE100,19950308,2958.60,2994.90,2958.60,2992.10,0
FT-SE100,19950309,3013.20,3013.20,2985.10,2986.90,0
FT-SE100,19950310,2991.50,3021.20,2991.40,3021.10,0
FT-SE100,19950313,3029.60,3031.90,3009.00,3011.80,0
FT-SE100,19950314,3008.70,3050.60,3008.60,3050.60,0
FT-SE100,19950315,3061.60,3069.00,3046.80,3047.00,0
FT-SE100,19950316,3046.50,3094.10,3046.50,3094.10,0
FT-SE100,19950317,3099.90,3105.40,3086.30,3089.30,0
FT-SE100,19950320,3080.50,3124.20,3080.50,3124.20,0
FT-SE100,19950321,3126.90,3148.80,3123.40,3135.00,0
FT-SE100,19950322,3127.70,3145.90,3124.10,3139.70,0
FT-SE100,19950323,3149.40,3169.20,3133.00,3136.40,0
FT-SE100,19950324,3141.00,3153.40,3129.60,3153.40,0
FT-SE100,19950327,3159.00,3170.20,3147.40,3149.80,0
FT-SE100,19950328,3156.20,3156.30,3128.20,3128.30,0
FT-SE100,19950329,3125.30,3142.30,3111.30,3142.30,0
FT-SE100,19950330,3140.80,3185.60,3131.70,3176.20,0
FT-SE100,19950331,3173.30,3173.30,3133.10,3137.90,0
FT-SE100,19950403,3134.20,3148.90,3129.50,3143.10,0
FT-SE100,19950404,3154.00,3188.70,3154.00,3188.10,0
FT-SE100,19950405,3201.30,3206.60,3184.30,3190.20,0
FT-SE100,19950406,3181.90,3212.20,3177.70,3200.90,0
FT-SE100,19950407,3199.60,3221.80,3199.40,3210.90,0
FT-SE100,19950410,3210.80,3213.00,3189.70,3204.20,0
FT-SE100,19950411,3210.00,3216.20,3190.80,3190.90,0
FT-SE100,19950412,3189.00,3211.20,3187.20,3209.80,0
FT-SE100,19950413,3214.90,3215.90,3204.60,3208.80,0
FT-SE100,19950418,3201.50,3201.50,3194.50,3194.50,0
FT-SE100,19950419,3188.90,3188.90,3167.70,3170.10,0
FT-SE100,19950420,3175.00,3177.50,3162.20,3174.70,0
FT-SE100,19950421,3185.80,3205.60,3185.60,3199.90,0
FT-SE100,19950424,3199.80,3209.30,3176.30,3209.30,0
FT-SE100,19950425,3224.80,3234.10,3211.90,3214.90,0
FT-SE100,19950426,3204.60,3231.30,3204.40,3226.20,0
FT-SE100,19950427,3241.50,3241.50,3216.20,3217.60,0
FT-SE100,19950428,3220.30,3232.30,3209.30,3216.70,0
FT-SE100,19950501,3212.80,3228.30,3211.20,3220.40,0
FT-SE100,19950502,3221.30,3251.60,3221.00,3248.20,0
FT-SE100,19950503,3259.60,3267.30,3254.10,3262.60,0
FT-SE100,19950504,3283.50,3288.20,3260.60,3264.30,0
FT-SE100,19950505,3254.00,3265.50,3250.00,3251.70,0
FT-SE100,19950509,3259.10,3267.10,3248.90,3261.20,0
FT-SE100,19950510,3267.30,3294.50,3267.30,3290.10,0
FT-SE100,19950511,3293.10,3320.60,3290.20,3317.90,0
FT-SE100,19950512,3325.10,3326.20,3304.20,3310.30,0
FT-SE100,19950515,3310.50,3324.80,3307.00,3310.70,0
FT-SE100,19950516,3308.00,3309.20,3295.30,3300.80,0
FT-SE100,19950517,3301.40,3318.20,3297.20,3297.40,0
FT-SE100,19950518,3290.70,3315.40,3284.00,3285.80,0
FT-SE100,19950519,3258.70,3273.70,3253.90,3261.00,0
FT-SE100,19950522,3265.10,3284.50,3264.70,3284.50,0
FT-SE100,19950523,3296.30,3296.30,3276.70,3291.80,0
FT-SE100,19950524,3306.30,3334.30,3306.30,3327.30,0
FT-SE100,19950525,3330.40,3360.80,3328.20,3328.20,0
FT-SE100,19950526,3325.80,3332.10,3305.10,3311.10,0
FT-SE100,19950530,3307.10,3320.00,3307.00,3309.90,0
FT-SE100,19950531,3317.60,3319.40,3301.40,3319.40,0
FT-SE100,19950601,3352.30,3353.20,3340.20,3340.60,0
FT-SE100,19950602,3339.00,3349.30,3328.60,3345.00,0
FT-SE100,19950605,3338.60,3376.60,3338.40,3376.60,0
FT-SE100,19950606,3384.50,3384.60,3368.80,3380.00,0
FT-SE100,19950607,3372.00,3380.60,3361.20,3370.80,0
FT-SE100,19950608,3361.30,3395.00,3361.30,3380.80,0
FT-SE100,19950609,3368.90,3370.50,3335.60,3337.70,0
FT-SE100,19950612,3328.10,3347.30,3328.00,3344.60,0
FT-SE100,19950613,3352.20,3352.20,3339.30,3348.00,0
FT-SE100,19950614,3361.70,3362.00,3337.50,3339.80,0
FT-SE100,19950615,3343.60,3372.00,3336.00,3370.40,0
FT-SE100,19950616,3374.00,3383.30,3348.20,3366.10,0
FT-SE100,19950619,3363.90,3384.60,3358.80,3381.30,0
FT-SE100,19950620,3393.20,3397.70,3375.30,3377.20,0
FT-SE100,19950621,3369.70,3392.20,3369.60,3378.30,0
FT-SE100,19950622,3372.20,3404.20,3372.20,3403.80,0
FT-SE100,19950623,3403.10,3403.30,3372.10,3379.40,0
FT-SE100,19950626,3364.80,3364.80,3307.80,3309.20,0
FT-SE100,19950627,3298.10,3313.50,3293.30,3313.20,0
FT-SE100,19950628,3305.50,3306.10,3265.50,3282.70,0
FT-SE100,19950629,3294.20,3308.70,3284.40,3294.00,0
FT-SE100,19950630,3292.40,3314.60,3288.00,3314.60,0
FT-SE100,19950703,3310.20,3324.80,3300.40,3323.70,0
FT-SE100,19950704,3334.40,3349.60,3334.40,3349.20,0
FT-SE100,19950705,3373.00,3400.20,3353.60,3394.90,0
FT-SE100,19950706,3394.00,3418.70,3385.00,3388.30,0
FT-SE100,19950707,3420.30,3462.90,3420.30,3462.90,0
FT-SE100,19950710,3472.60,3487.80,3454.10,3455.00,0
FT-SE100,19950711,3447.10,3480.50,3446.40,3464.00,0
FT-SE100,19950712,3452.40,3458.60,3447.10,3450.60,0
FT-SE100,19950713,3465.30,3472.30,3447.10,3447.20,0
FT-SE100,19950714,3444.80,3445.10,3419.60,3429.20,0
FT-SE100,19950717,3430.50,3448.70,3430.50,3442.60,0
FT-SE100,19950718,3437.00,3448.50,3420.70,3420.70,0
FT-SE100,19950719,3408.80,3414.30,3393.20,3405.30,0
FT-SE100,19950720,3382.30,3407.70,3382.10,3400.40,0
FT-SE100,19950721,3413.50,3426.20,3408.90,3413.10,0
FT-SE100,19950724,3413.80,3432.20,3413.80,3431.60,0
FT-SE100,19950725,3443.40,3443.50,3428.10,3432.90,0
FT-SE100,19950726,3445.50,3457.50,3443.10,3454.30,0
FT-SE100,19950727,3453.30,3458.30,3446.60,3458.30,0
FT-SE100,19950728,3461.10,3480.50,3460.50,3468.90,0
FT-SE100,19950731,3475.60,3475.70,3456.10,3463.30,0
FT-SE100,19950801,3458.70,3465.60,3448.80,3449.90,0
FT-SE100,19950802,3456.60,3505.00,3456.60,3499.90,0
FT-SE100,19950803,3493.50,3494.10,3467.60,3475.60,0
FT-SE100,19950804,3481.90,3492.00,3479.70,3482.40,0
FT-SE100,19950807,3474.10,3483.50,3468.20,3483.50,0
FT-SE100,19950808,3485.30,3485.60,3467.80,3468.80,0
FT-SE100,19950809,3464.90,3480.50,3463.10,3468.30,0
FT-SE100,19950810,3462.20,3474.70,3461.80,3474.70,0
FT-SE100,19950811,3471.10,3478.80,3467.50,3467.50,0
FT-SE100,19950814,3457.50,3457.90,3433.40,3441.40,0
FT-SE100,19950815,3453.40,3456.90,3442.80,3444.40,0
FT-SE100,19950816,3451.10,3466.90,3451.10,3465.10,0
FT-SE100,19950817,3468.70,3471.80,3465.80,3470.60,0
FT-SE100,19950818,3475.40,3509.80,3475.40,3509.80,0
FT-SE100,19950821,3510.30,3535.70,3510.00,3535.70,0
FT-SE100,19950822,3530.20,3540.70,3523.00,3530.20,0
FT-SE100,19950823,3536.70,3540.60,3514.80,3515.90,0
FT-SE100,19950824,3503.30,3523.50,3502.90,3520.00,0
FT-SE100,19950825,3520.50,3526.50,3515.40,3524.90,0
FT-SE100,19950829,3522.30,3522.90,3499.90,3502.60,0
FT-SE100,19950830,3502.40,3509.20,3498.60,3504.00,0
FT-SE100,19950831,3498.50,3498.50,3470.00,3477.80,0
FT-SE100,19950901,3484.70,3510.00,3479.30,3509.40,0
FT-SE100,19950904,3511.90,3523.60,3505.20,3522.70,0
FT-SE100,19950905,3522.50,3537.80,3518.50,3532.40,0
FT-SE100,19950906,3541.50,3561.50,3540.60,3557.70,0
FT-SE100,19950907,3555.60,3557.90,3543.50,3545.60,0
FT-SE100,19950908,3548.50,3563.70,3548.30,3554.50,0
FT-SE100,19950911,3555.20,3565.30,3546.70,3549.30,0
FT-SE100,19950912,3539.70,3542.50,3533.60,3535.90,0
FT-SE100,19950913,3551.00,3570.80,3544.50,3570.80,0
FT-SE100,19950914,3574.50,3575.10,3562.50,3565.40,0
FT-SE100,19950915,3575.90,3587.00,3564.50,3564.60,0
FT-SE100,19950918,3551.30,3552.20,3532.80,3533.30,0
FT-SE100,19950919,3535.40,3553.30,3535.40,3541.40,0
FT-SE100,19950920,3546.90,3561.60,3546.90,3561.50,0
FT-SE100,19950921,3564.50,3569.90,3555.60,3557.90,0
FT-SE100,19950922,3543.70,3543.70,3503.60,3514.80,0
FT-SE100,19950925,3514.10,3520.40,3506.10,3507.00,0
FT-SE100,19950926,3515.70,3523.30,3513.00,3523.30,0
FT-SE100,19950927,3519.90,3520.20,3476.90,3485.00,0
FT-SE100,19950928,3497.10,3497.10,3474.60,3479.00,0
FT-SE100,19950929,3490.00,3510.20,3489.30,3508.20,0
FT-SE100,19951002,3510.60,3520.30,3502.70,3520.20,0
FT-SE100,19951003,3514.90,3531.60,3514.90,3524.20,0
FT-SE100,19951004,3526.40,3544.60,3525.90,3544.10,0
FT-SE100,19951005,3547.00,3555.30,3540.70,3544.40,0
FT-SE100,19951006,3544.30,3546.90,3515.40,3526.50,0
FT-SE100,19951009,3536.60,3536.60,3504.60,3510.30,0
FT-SE100,19951010,3503.10,3509.60,3442.50,3460.10,0
FT-SE100,19951011,3475.40,3480.90,3457.30,3474.30,0
FT-SE100,19951012,3484.40,3525.50,3476.80,3523.80,0
FT-SE100,19951013,3534.40,3584.70,3534.40,3568.00,0
FT-SE100,19951016,3562.50,3567.00,3551.80,3557.30,0
FT-SE100,19951017,3562.70,3580.00,3560.00,3562.20,0
FT-SE100,19951018,3568.70,3598.00,3560.20,3593.00,0
FT-SE100,19951019,3588.30,3596.20,3571.40,3578.60,0
FT-SE100,19951020,3585.70,3594.30,3541.90,3551.40,0
FT-SE100,19951023,3539.50,3539.50,3510.90,3531.50,0
FT-SE100,19951024,3527.00,3540.40,3526.80,3535.30,0
FT-SE100,19951025,3544.70,3551.40,3533.40,3537.80,0
FT-SE100,19951026,3529.00,3532.50,3513.40,3519.60,0
FT-SE100,19951027,3490.90,3501.20,3484.70,3497.90,0
FT-SE100,19951030,3511.60,3519.70,3509.50,3510.00,0
FT-SE100,19951031,3516.50,3532.40,3516.50,3529.10,0
FT-SE100,19951101,3517.50,3518.90,3502.50,3518.70,0
FT-SE100,19951102,3519.40,3535.80,3513.10,3523.00,0
FT-SE100,19951103,3537.90,3539.60,3499.10,3500.40,0
FT-SE100,19951106,3500.90,3514.80,3493.00,3514.80,0
FT-SE100,19951107,3517.90,3528.50,3506.90,3522.40,0
FT-SE100,19951108,3519.40,3537.10,3518.10,3537.10,0
FT-SE100,19951109,3550.50,3553.10,3531.60,3541.60,0
FT-SE100,19951110,3532.60,3532.60,3512.90,3523.40,0
FT-SE100,19951113,3518.20,3536.80,3518.20,3536.80,0
FT-SE100,19951114,3542.40,3549.20,3534.80,3547.90,0
FT-SE100,19951115,3545.00,3571.60,3541.10,3571.40,0
FT-SE100,19951116,3593.00,3610.80,3592.90,3610.80,0
FT-SE100,19951117,3618.80,3626.70,3601.40,3609.20,0
FT-SE100,19951120,3620.60,3639.50,3620.60,3628.80,0
FT-SE100,19951121,3612.40,3615.70,3602.10,3604.10,0
FT-SE100,19951122,3628.80,3632.80,3614.40,3632.40,0
FT-SE100,19951123,3633.90,3634.30,3600.10,3602.50,0
FT-SE100,19951124,3608.90,3627.90,3608.90,3624.00,0
FT-SE100,19951127,3629.10,3650.20,3625.90,3649.00,0
FT-SE100,19951128,3651.70,3655.10,3636.10,3648.80,0
FT-SE100,19951129,3660.20,3671.00,3651.30,3655.50,0
FT-SE100,19951130,3667.50,3667.60,3652.80,3664.30,0
FT-SE100,19951201,3667.50,3667.60,3652.80,3664.30,0
FT-SE100,19951204,3675.20,3675.20,3659.20,3669.70,0
FT-SE100,19951205,3683.00,3683.60,3651.40,3664.20,0
FT-SE100,19951206,3669.70,3672.80,3647.00,3662.80,0
FT-SE100,19951207,3663.80,3663.80,3639.50,3639.50,0
FT-SE100,19951208,3633.10,3645.90,3618.20,3630.00,0
FT-SE100,19951211,3633.30,3654.20,3633.10,3652.10,0
FT-SE100,19951212,3663.90,3668.30,3653.90,3654.90,0
FT-SE100,19951213,3657.80,3673.20,3655.00,3662.40,0
FT-SE100,19951214,3673.50,3686.50,3670.40,3671.60,0
FT-SE100,19951215,3660.20,3688.00,3642.00,3642.60,0
FT-SE100,19951218,3642.30,3642.60,3591.70,3596.10,0
FT-SE100,19951219,3570.30,3584.90,3558.50,3576.90,0
FT-SE100,19951220,3606.90,3614.60,3598.80,3613.70,0
FT-SE100,19951221,3602.70,3633.70,3597.30,3633.30,0
FT-SE100,19951222,3638.50,3658.40,3638.20,3658.30,0
FT-SE100,19951227,3657.40,3677.70,3657.40,3676.40,0
FT-SE100,19951228,3671.20,3687.90,3671.20,3676.70,0
FT-SE100,19951229,3675.60,3690.60,3671.10,3689.30,0
FT-SE100,19960102,3696.00,3696.50,3666.90,3687.90,0
FT-SE100,19960103,3709.20,3719.80,3708.20,3715.60,0
FT-SE100,19960104,3718.10,3723.00,3709.00,3714.10,0
FT-SE100,19960105,3689.20,3713.30,3689.10,3704.50,0
FT-SE100,19960108,3708.80,3722.80,3708.60,3720.60,0
FT-SE100,19960109,3708.80,3722.80,3708.60,3720.60,0
FT-SE100,19960110,3675.20,3690.10,3661.50,3671.50,0
FT-SE100,19960111,3648.70,3660.60,3645.30,3654.90,0
FT-SE100,19960112,3666.70,3669.90,3657.00,3657.30,0
FT-SE100,19960115,3658.50,3668.80,3658.50,3662.70,0
FT-SE100,19960116,3665.10,3710.60,3665.10,3710.60,0
FT-SE100,19960117,3719.90,3722.60,3695.70,3704.20,0
FT-SE100,19960118,3711.90,3749.70,3707.80,3748.70,0
FT-SE100,19960119,3767.10,3767.40,3740.30,3748.40,0
FT-SE100,19960122,3763.50,3763.90,3752.80,3754.20,0
FT-SE100,19960123,3751.80,3751.80,3734.70,3735.00,0
FT-SE100,19960124,3731.70,3758.20,3730.50,3758.20,0
FT-SE100,19960125,3761.80,3761.80,3734.00,3734.20,0
FT-SE100,19960126,3726.10,3738.40,3714.50,3734.70,0
FT-SE100,19960129,3737.80,3741.70,3727.50,3734.60,0
FT-SE100,19960130,3736.60,3743.10,3713.90,3735.30,0
FT-SE100,19960131,3756.60,3759.30,3739.20,3759.30,0
FT-SE100,19960201,3753.30,3754.70,3744.50,3752.80,0
FT-SE100,19960202,3757.10,3782.60,3748.40,3781.30,0
FT-SE100,19960205,3763.30,3764.70,3743.10,3746.60,0
FT-SE100,19960206,3751.30,3753.60,3741.60,3747.50,0
FT-SE100,19960207,3757.10,3758.00,3726.00,3726.10,0
FT-SE100,19960208,3731.10,3735.40,3705.50,3708.40,0
FT-SE100,19960209,3718.90,3720.50,3692.40,3716.30,0
FT-SE100,19960212,3709.30,3729.00,3697.40,3726.60,0
FT-SE100,19960213,3742.70,3750.40,3734.10,3747.60,0
FT-SE100,19960214,3753.60,3753.60,3744.70,3745.00,0
FT-SE100,19960215,3744.60,3779.80,3744.20,3779.80,0
FT-SE100,19960216,3774.30,3791.60,3763.80,3770.90,0
FT-SE100,19960219,3755.90,3755.90,3740.70,3744.30,0
FT-SE100,19960220,3753.00,3753.50,3702.70,3714.60,0
FT-SE100,19960221,3688.70,3725.60,3688.70,3725.60,0
FT-SE100,19960222,3731.10,3741.40,3723.50,3740.00,0
FT-SE100,19960223,3753.90,3755.10,3738.60,3740.30,0
FT-SE100,19960226,3732.00,3732.60,3699.80,3704.20,0
FT-SE100,19960227,3702.70,3723.20,3697.80,3715.90,0
FT-SE100,19960228,3719.40,3738.20,3719.40,3738.20,0
FT-SE100,19960229,3734.80,3737.70,3708.60,3727.60,0
FT-SE100,19960301,3729.50,3763.70,3729.50,3752.70,0
FT-SE100,19960304,3758.70,3769.90,3757.70,3768.60,0
FT-SE100,19960305,3786.40,3792.50,3771.90,3777.10,0
FT-SE100,19960306,3778.60,3780.70,3757.10,3758.90,0
FT-SE100,19960307,3761.40,3768.90,3755.20,3758.20,0
FT-SE100,19960308,3761.00,3770.40,3686.20,3710.30,0
FT-SE100,19960311,3649.00,3674.50,3629.10,3674.50,0
FT-SE100,19960312,3707.80,3707.80,3637.90,3639.50,0
FT-SE100,19960313,3646.60,3661.20,3636.60,3640.30,0
FT-SE100,19960314,3653.70,3681.80,3647.80,3681.80,0
FT-SE100,19960315,3679.10,3683.40,3639.10,3644.80,0
FT-SE100,19960318,3647.70,3670.20,3647.40,3669.60,0
FT-SE100,19960319,3697.30,3706.40,3685.10,3693.00,0
FT-SE100,19960320,3685.90,3694.20,3674.00,3685.40,0
FT-SE100,19960321,3689.80,3702.30,3689.80,3698.30,0
FT-SE100,19960322,3699.20,3707.70,3682.10,3707.00,0
FT-SE100,19960325,3705.10,3705.30,3681.40,3681.90,0
FT-SE100,19960326,3680.10,3680.20,3651.10,3660.90,0
FT-SE100,19960327,3668.90,3676.60,3665.90,3672.40,0
FT-SE100,19960328,3658.10,3672.60,3650.00,3672.60,0
FT-SE100,19960329,3692.20,3699.70,3679.30,3699.70,0
FT-SE100,19960401,3692.10,3720.00,3692.10,3718.40,0
FT-SE100,19960402,3730.30,3733.00,3716.30,3728.50,0
FT-SE100,19960403,3734.20,3736.30,3719.80,3725.10,0
FT-SE100,19960404,3734.60,3759.90,3734.60,3755.60,0
FT-SE100,19960409,3726.50,3758.60,3726.20,3758.60,0
FT-SE100,19960410,3761.80,3775.10,3757.60,3767.40,0
FT-SE100,19960411,3748.90,3761.50,3742.10,3744.20,0
FT-SE100,19960412,3757.60,3767.10,3750.10,3766.80,0
FT-SE100,19960415,3775.00,3790.60,3774.90,3790.50,0
FT-SE100,19960416,3799.00,3825.30,3798.80,3825.30,0
FT-SE100,19960417,3839.70,3839.70,3804.40,3805.60,0
FT-SE100,19960418,3791.40,3828.30,3791.40,3820.70,0
FT-SE100,19960419,3824.80,3857.10,3824.80,3857.10,0
FT-SE100,19960422,3854.20,3858.90,3847.30,3852.70,0
FT-SE100,19960423,3839.80,3844.80,3827.60,3833.00,0
FT-SE100,19960424,3840.70,3843.80,3817.60,3817.60,0
FT-SE100,19960425,3804.20,3820.80,3802.90,3819.30,0
FT-SE100,19960426,3826.10,3837.20,3826.00,3832.80,0
FT-SE100,19960429,3834.50,3834.50,3802.80,3809.20,0
FT-SE100,19960430,3816.90,3820.10,3810.00,3817.90,0
FT-SE100,19960501,3816.90,3817.20,3803.40,3806.00,0
FT-SE100,19960502,3810.80,3829.40,3773.40,3776.40,0
FT-SE100,19960503,3753.10,3758.20,3734.60,3751.60,0
FT-SE100,19960507,3744.30,3755.40,3721.20,3723.00,0
FT-SE100,19960508,3718.60,3733.70,3707.30,3707.30,0
FT-SE100,19960509,3723.50,3732.60,3721.20,3728.30,0
FT-SE100,19960510,3727.20,3757.20,3727.10,3754.40,0
FT-SE100,19960513,3751.80,3760.90,3738.00,3739.20,0
FT-SE100,19960514,3750.90,3761.90,3746.60,3759.70,0
FT-SE100,19960515,3770.70,3776.40,3765.70,3776.20,0
FT-SE100,19960516,3767.80,3770.90,3740.20,3753.60,0
FT-SE100,19960517,3760.20,3791.40,3751.00,3789.60,0
FT-SE100,19960520,3795.20,3799.30,3775.80,3778.20,0
FT-SE100,19960521,3795.60,3795.70,3782.00,3789.40,0
FT-SE100,19960522,3783.60,3783.60,3763.10,3764.20,0
FT-SE100,19960523,3776.90,3780.10,3741.00,3747.00,0
FT-SE100,19960524,3746.80,3752.20,3733.00,3752.10,0
FT-SE100,19960528,3755.00,3770.60,3755.00,3760.20,0
FT-SE100,19960529,3752.30,3775.80,3751.70,3775.70,0
FT-SE100,19960530,3767.00,3770.70,3741.00,3746.70,0
FT-SE100,19960531,3753.90,3766.50,3745.00,3747.80,0
FT-SE100,19960603,3737.00,3747.80,3730.10,3739.20,0
FT-SE100,19960604,3743.90,3755.20,3735.20,3755.20,0
FT-SE100,19960605,3759.20,3760.00,3745.40,3753.40,0
FT-SE100,19960606,3757.00,3774.70,3756.50,3760.30,0
FT-SE100,19960607,3755.30,3755.50,3694.80,3706.80,0
FT-SE100,19960610,3726.80,3737.30,3719.50,3728.80,0
FT-SE100,19960611,3729.90,3755.70,3720.30,3755.70,0
FT-SE100,19960612,3752.90,3769.20,3746.00,3769.20,0
FT-SE100,19960613,3763.20,3766.20,3753.70,3761.70,0
FT-SE100,19960614,3760.70,3770.70,3744.70,3753.60,0
FT-SE100,19960617,3755.90,3767.70,3752.10,3761.50,0
FT-SE100,19960618,3763.50,3764.20,3752.80,3756.40,0
FT-SE100,19960619,3748.70,3756.70,3747.70,3753.20,0
FT-SE100,19960620,3756.10,3756.50,3726.90,3727.50,0
FT-SE100,19960621,3726.50,3738.30,3722.30,3722.30,0
FT-SE100,19960624,3729.70,3729.70,3710.80,3710.80,0
FT-SE100,19960625,3710.20,3710.30,3679.10,3679.50,0
FT-SE100,19960626,3687.80,3696.30,3685.20,3695.50,0
FT-SE100,19960627,3687.10,3691.50,3671.60,3678.80,0
FT-SE100,19960628,3692.80,3712.60,3691.30,3711.00,0
FT-SE100,19960701,3710.40,3725.60,3708.20,3725.60,0
FT-SE100,19960702,3744.10,3744.30,3725.60,3725.70,0
FT-SE100,19960703,3729.30,3729.40,3713.70,3714.10,0
FT-SE100,19960704,3719.80,3760.70,3717.50,3760.60,0
FT-SE100,19960705,3769.40,3790.00,3729.60,3743.20,0
FT-SE100,19960708,3723.60,3752.10,3723.30,3741.50,0
FT-SE100,19960709,3744.30,3757.60,3744.20,3752.30,0
FT-SE100,19960710,3757.50,3773.20,3757.50,3765.80,0
FT-SE100,19960711,3768.90,3777.20,3748.90,3749.00,0
FT-SE100,19960712,3737.60,3745.80,3715.30,3728.30,0
FT-SE100,19960715,3721.10,3724.60,3695.50,3698.30,0
FT-SE100,19960716,3648.20,3653.00,3612.60,3632.30,0
FT-SE100,19960717,3648.30,3668.80,3645.40,3658.20,0
FT-SE100,19960718,3662.60,3693.40,3662.60,3693.40,0
FT-SE100,19960719,3711.50,3726.90,3706.70,3710.50,0
FT-SE100,19960722,3706.90,3707.30,3672.20,3681.30,0
FT-SE100,19960723,3681.80,3708.50,3681.80,3708.40,0
FT-SE100,19960724,3677.60,3679.10,3643.70,3668.80,0
FT-SE100,19960725,3672.60,3686.90,3670.30,3684.70,0
FT-SE100,19960726,3685.10,3690.50,3668.90,3673.30,0
FT-SE100,19960729,3675.50,3684.40,3675.00,3678.80,0
FT-SE100,19960730,3666.00,3677.80,3661.20,3668.50,0
FT-SE100,19960731,3680.80,3704.30,3677.00,3703.20,0
FT-SE100,19960801,3709.30,3735.10,3697.70,3734.40,0
FT-SE100,19960802,3750.30,3770.70,3734.10,3770.60,0
FT-SE100,19960805,3777.80,3790.60,3773.80,3788.30,0
FT-SE100,19960806,3783.10,3791.40,3775.40,3788.40,0
FT-SE100,19960807,3794.70,3815.80,3794.70,3811.10,0
FT-SE100,19960808,3815.00,3816.50,3802.60,3811.40,0
FT-SE100,19960809,3812.60,3812.70,3793.90,3810.70,0
FT-SE100,19960812,3796.40,3811.50,3792.40,3803.30,0
FT-SE100,19960813,3811.90,3826.40,3811.80,3823.40,0
FT-SE100,19960814,3814.40,3831.70,3813.10,3830.30,0
FT-SE100,19960815,3837.30,3843.30,3831.80,3837.40,0
FT-SE100,19960816,3842.90,3873.10,3842.80,3872.90,0
FT-SE100,19960819,3877.10,3877.90,3861.20,3863.70,0
FT-SE100,19960820,3867.20,3884.80,3866.70,3883.20,0
FT-SE100,19960821,3894.20,3894.40,3870.60,3872.10,0
FT-SE100,19960822,3871.00,3891.90,3867.00,3891.10,0
FT-SE100,19960823,3907.60,3911.60,3896.40,3907.50,0
FT-SE100,19960827,3889.70,3908.80,3885.90,3905.70,0
FT-SE100,19960828,3908.60,3922.10,3908.60,3918.70,0
FT-SE100,19960829,3915.90,3921.10,3883.80,3885.00,0
FT-SE100,19960830,3866.70,3881.70,3865.90,3867.60,0
FT-SE100,19960902,3873.70,3885.30,3873.70,3884.40,0
FT-SE100,19960903,3877.10,3877.10,3835.80,3855.90,0
FT-SE100,19960904,3874.30,3884.10,3872.10,3872.70,0
FT-SE100,19960905,3873.10,3887.60,3870.20,3887.20,0
FT-SE100,19960906,3872.20,3893.00,3856.80,3893.00,0
FT-SE100,19960909,3903.60,3916.40,3901.00,3910.80,0
FT-SE100,19960910,3929.40,3933.60,3914.10,3916.10,0
FT-SE100,19960911,3914.10,3914.10,3899.50,3905.60,0
FT-SE100,19960912,3915.10,3932.80,3913.00,3932.60,0
FT-SE100,19960913,3936.90,3970.50,3929.00,3967.90,0
FT-SE100,19960916,3976.70,3980.80,3972.20,3977.20,0
FT-SE100,19960917,3985.80,3986.70,3965.50,3972.30,0
FT-SE100,19960918,3965.40,3971.30,3952.00,3955.70,0
FT-SE100,19960919,3950.90,3987.70,3950.70,3974.30,0
FT-SE100,19960920,3976.40,3994.10,3963.30,3964.10,0
FT-SE100,19960923,3952.00,3952.30,3914.90,3919.70,0
FT-SE100,19960924,3926.20,3933.40,3904.30,3910.50,0
FT-SE100,19960925,3917.70,3938.80,3917.70,3935.70,0
FT-SE100,19960926,3936.40,3941.80,3926.20,3933.20,0
FT-SE100,19960927,3936.50,3954.60,3936.50,3946.40,0
FT-SE100,19960930,3947.60,3954.00,3934.40,3953.70,0
FT-SE100,19961001,3954.70,3992.20,3954.70,3992.20,0
FT-SE100,19961002,4004.20,4016.40,4001.50,4015.10,0
FT-SE100,19961003,4015.40,4024.30,3994.60,4000.00,0
FT-SE100,19961004,3994.60,4025.10,3982.20,4024.80,0
FT-SE100,19961007,4042.90,4046.80,4030.30,4031.50,0
FT-SE100,19961008,4023.30,4037.90,3995.30,4035.60,0
FT-SE100,19961009,4025.50,4037.90,4007.20,4009.30,0
FT-SE100,19961010,3999.40,4009.90,3981.20,3994.70,0
FT-SE100,19961011,3995.00,4028.10,3994.90,4028.10,0
FT-SE100,19961014,4020.60,4040.00,4017.00,4038.70,0
FT-SE100,19961015,4050.10,4063.20,4043.40,4050.80,0
FT-SE100,19961016,4039.30,4040.30,4021.70,4024.40,0
FT-SE100,19961017,4032.90,4044.30,4031.10,4042.10,0
FT-SE100,19961018,4054.50,4061.40,4048.00,4053.10,0
FT-SE100,19961021,4059.40,4073.20,4056.40,4073.10,0
FT-SE100,19961022,4066.30,4069.50,4055.90,4057.20,0
FT-SE100,19961023,4059.00,4060.20,4019.70,4028.40,0
FT-SE100,19961024,4027.30,4035.70,3999.40,3999.40,0
FT-SE100,19961025,3988.00,4023.30,3981.80,4022.40,0
FT-SE100,19961028,4020.20,4037.60,4020.20,4025.30,0
FT-SE100,19961029,4005.00,4009.40,3988.90,3993.50,0
FT-SE100,19961030,4006.80,4010.80,3957.70,3963.90,0
FT-SE100,19961031,3952.60,3979.10,3951.90,3979.10,0
FT-SE100,19961101,3982.70,3988.00,3941.90,3948.50,0
FT-SE100,19961104,3955.80,3956.20,3924.70,3928.10,0
FT-SE100,19961105,3921.00,3930.40,3911.00,3921.10,0
FT-SE100,19961106,3946.20,3946.50,3911.70,3935.70,0
FT-SE100,19961107,3952.90,3953.00,3898.20,3900.40,0
FT-SE100,19961108,3907.30,3923.40,3906.40,3910.80,0
FT-SE100,19961111,3907.50,3914.70,3896.50,3914.40,0
FT-SE100,19961112,3921.80,3934.30,3921.00,3934.30,0
FT-SE100,19961113,3934.50,3939.50,3922.90,3926.90,0
FT-SE100,19961114,3935.10,3940.30,3904.40,3926.10,0
FT-SE100,19961115,3938.10,3958.40,3929.60,3958.20,0
FT-SE100,19961118,3960.10,3966.40,3952.20,3962.10,0
FT-SE100,19961119,3966.60,3978.40,3954.10,3978.10,0
FT-SE100,19961120,3989.00,3989.00,3961.30,3962.80,0
FT-SE100,19961121,3961.40,3966.00,3947.30,3953.80,0
FT-SE100,19961122,3959.00,4018.70,3959.00,4018.70,0
FT-SE100,19961125,4030.70,4055.30,4029.50,4054.60,0
FT-SE100,19961126,4092.80,4094.40,4068.20,4068.40,0
FT-SE100,19961127,4066.20,4085.00,4040.00,4049.20,0
FT-SE100,19961128,4040.20,4050.20,4038.00,4050.20,0
FT-SE100,19961129,4051.80,4067.80,4051.50,4058.00,0
FT-SE100,19961202,4055.90,4055.90,4033.20,4038.50,0
FT-SE100,19961203,4043.40,4066.70,4043.40,4061.50,0
FT-SE100,19961204,4055.70,4055.80,4038.20,4045.20,0
FT-SE100,19961205,4044.10,4076.00,4043.80,4051.20,0
FT-SE100,19961206,3993.50,3994.40,3882.70,3963.00,0
FT-SE100,19961209,3988.10,4011.60,3987.40,4011.60,0
FT-SE100,19961210,4033.40,4043.20,4025.00,4035.70,0
FT-SE100,19961211,4008.80,4008.80,3963.80,3982.50,0
FT-SE100,19961212,3987.70,4009.90,3983.00,3990.70,0
FT-SE100,19961213,3968.90,3972.40,3933.90,3972.40,0
FT-SE100,19961216,3981.10,3993.80,3976.60,3993.80,0
FT-SE100,19961217,3978.40,3990.40,3970.80,3979.60,0
FT-SE100,19961218,3988.40,4018.30,3988.40,4018.20,0
FT-SE100,19961219,4021.30,4051.30,4018.20,4051.30,0
FT-SE100,19961220,4096.40,4100.00,4069.00,4077.60,0
FT-SE100,19961223,4076.30,4087.20,4066.70,4087.20,0
FT-SE100,19961224,4086.30,4093.10,4086.30,4092.50,0
FT-SE100,19961227,4096.50,4102.90,4088.60,4091.00,0
FT-SE100,19961230,4095.30,4115.70,4095.30,4115.70,0
FT-SE100,19961231,4111.60,4123.20,4109.10,4118.50,0
FT-SE100,19970102,4079.90,4095.30,4057.10,4057.40,0
FT-SE100,19970103,4072.70,4089.50,4068.20,4089.50,0
FT-SE100,19970106,4105.20,4108.00,4096.20,4106.50,0
FT-SE100,19970107,4103.50,4105.90,4076.80,4078.80,0
FT-SE100,19970108,4089.80,4098.40,4082.60,4087.50,0
FT-SE100,19970109,4060.40,4087.00,4050.50,4087.00,0
FT-SE100,19970110,4096.40,4096.40,4036.90,4056.60,0
FT-SE100,19970113,4087.90,4107.30,4078.60,4107.30,0
FT-SE100,19970114,4110.90,4168.20,4108.80,4168.20,0
FT-SE100,19970115,4190.90,4191.50,4147.60,4158.90,0
FT-SE100,19970116,4157.30,4198.90,4153.20,4197.50,0
FT-SE100,19970117,4194.30,4218.40,4193.40,4207.70,0
FT-SE100,19970120,4216.80,4217.50,4184.70,4194.00,0
FT-SE100,19970121,4186.60,4195.50,4167.60,4195.50,0
FT-SE100,19970122,4214.50,4227.50,4203.50,4219.10,0
FT-SE100,19970123,4214.50,4227.50,4203.50,4219.10,0
FT-SE100,19970124,4230.00,4251.30,4215.70,4218.80,0
FT-SE100,19970127,4207.00,4223.90,4206.00,4212.00,0
FT-SE100,19970128,4206.40,4238.30,4191.30,4237.40,0
FT-SE100,19970129,4228.50,4230.20,4197.20,4207.50,0
FT-SE100,19970130,4222.60,4229.70,4219.70,4228.40,0
FT-SE100,19970131,4252.60,4275.80,4242.90,4275.80,0
FT-SE100,19970203,4272.30,4272.50,4252.80,4257.80,0
FT-SE100,19970204,4255.60,4276.30,4255.60,4260.90,0
FT-SE100,19970205,4263.70,4286.90,4262.90,4281.50,0
FT-SE100,19970206,4260.80,4275.20,4260.80,4265.90,0
FT-SE100,19970207,4269.10,4310.10,4268.60,4307.80,0
FT-SE100,19970210,4304.40,4330.00,4302.60,4307.70,0
FT-SE100,19970211,4293.40,4310.70,4288.90,4304.30,0
FT-SE100,19970212,4316.40,4324.30,4293.60,4304.30,0
FT-SE100,19970213,4315.20,4329.90,4315.20,4327.10,0
FT-SE100,19970214,4328.80,4353.40,4327.90,4341.00,0
FT-SE100,19970217,4336.30,4338.40,4319.10,4337.80,0
FT-SE100,19970218,4331.20,4350.90,4331.20,4332.30,0
FT-SE100,19970219,4346.10,4357.40,4339.90,4357.40,0
FT-SE100,19970220,4349.80,4362.40,4341.80,4356.10,0
FT-SE100,19970221,4335.30,4349.00,4312.40,4336.80,0
FT-SE100,19970224,4327.50,4333.10,4315.80,4331.10,0
FT-SE100,19970225,4346.30,4357.90,4344.50,4344.70,0
FT-SE100,19970226,4351.40,4355.10,4316.80,4329.30,0
FT-SE100,19970227,4326.40,4339.20,4326.20,4339.20,0
FT-SE100,19970228,4340.40,4340.40,4299.90,4308.30,0
FT-SE100,19970303,4293.40,4307.10,4287.30,4307.10,0
FT-SE100,19970304,4322.10,4359.10,4321.80,4357.70,0
FT-SE100,19970305,4345.50,4367.30,4338.80,4360.10,0
FT-SE100,19970306,4385.80,4402.70,4382.00,4399.30,0
FT-SE100,19970307,4402.70,4420.70,4391.40,4420.30,0
FT-SE100,19970310,4421.60,4440.80,4421.60,4437.40,0
FT-SE100,19970311,4465.20,4466.30,4443.00,4444.30,0
FT-SE100,19970312,4432.40,4442.30,4419.20,4422.50,0
FT-SE100,19970313,4409.40,4412.30,4394.00,4397.70,0
FT-SE100,19970314,4351.20,4424.30,4351.00,4424.30,0
FT-SE100,19970317,4406.50,4408.10,4372.00,4373.30,0
FT-SE100,19970318,4378.30,4378.30,4340.10,4356.80,0
FT-SE100,19970319,4348.70,4371.40,4331.40,4332.20,0
FT-SE100,19970320,4323.10,4323.10,4251.50,4258.10,0
FT-SE100,19970321,4260.60,4273.90,4242.40,4254.80,0
FT-SE100,19970324,4260.40,4265.60,4214.30,4214.80,0
FT-SE100,19970325,4247.40,4272.10,4240.60,4270.70,0
FT-SE100,19970326,4261.10,4320.20,4261.10,4301.50,0
FT-SE100,19970327,4303.90,4331.40,4303.90,4312.90,0
FT-SE100,19970401,4205.10,4248.10,4200.50,4248.10,0
FT-SE100,19970402,4263.20,4266.20,4219.00,4236.60,0
FT-SE100,19970403,4213.30,4233.20,4207.50,4214.60,0
FT-SE100,19970404,4222.60,4247.60,4222.00,4236.60,0
FT-SE100,19970407,4255.30,4273.10,4254.80,4271.70,0
FT-SE100,19970408,4279.90,4279.90,4259.60,4269.30,0
FT-SE100,19970409,4288.30,4301.50,4287.80,4292.30,0
FT-SE100,19970410,4287.90,4313.20,4278.70,4313.20,0
FT-SE100,19970411,4318.30,4335.10,4269.60,4270.70,0
FT-SE100,19970414,4232.90,4255.80,4232.90,4251.70,0
FT-SE100,19970415,4275.60,4289.10,4260.10,4286.80,0
FT-SE100,19970416,4301.80,4307.40,4280.20,4294.60,0
FT-SE100,19970417,4312.30,4312.30,4291.50,4298.90,0
FT-SE100,19970418,4293.60,4310.50,4293.00,4310.50,0
FT-SE100,19970421,4320.60,4328.70,4299.20,4328.70,0
FT-SE100,19970422,4319.40,4346.70,4319.20,4346.10,0
FT-SE100,19970423,4391.50,4396.10,4375.90,4387.70,0
FT-SE100,19970424,4380.80,4400.40,4378.20,4388.50,0
FT-SE100,19970425,4381.30,4385.70,4363.30,4369.70,0
FT-SE100,19970428,4361.60,4389.70,4361.20,4389.70,0
FT-SE100,19970429,4402.30,4433.70,4395.40,4433.20,0
FT-SE100,19970430,4465.90,4466.50,4414.30,4436.00,0
FT-SE100,19970501,4435.90,4454.40,4435.90,4445.00,0
FT-SE100,19970502,4430.00,4468.40,4423.60,4455.60,0
FT-SE100,19970506,4501.10,4525.60,4472.90,4519.30,0
FT-SE100,19970507,4524.40,4562.00,4522.50,4537.50,0
FT-SE100,19970508,4521.80,4580.40,4517.60,4580.40,0
FT-SE100,19970509,4597.20,4646.00,4595.20,4630.90,0
FT-SE100,19970512,4641.80,4669.60,4622.90,4669.60,0
FT-SE100,19970513,4685.50,4720.30,4676.80,4691.00,0
FT-SE100,19970514,4684.00,4715.20,4660.40,4686.90,0
FT-SE100,19970515,4664.70,4681.20,4654.40,4681.20,0
FT-SE100,19970516,4688.90,4723.70,4686.70,4693.90,0
FT-SE100,19970519,4669.40,4687.70,4640.70,4645.20,0
FT-SE100,19970520,4646.00,4646.20,4600.40,4607.50,0
FT-SE100,19970521,4616.80,4653.80,4616.70,4642.00,0
FT-SE100,19970522,4635.70,4661.70,4626.90,4651.80,0
FT-SE100,19970523,4653.70,4672.70,4652.10,4661.80,0
FT-SE100,19970527,4661.20,4692.40,4661.20,4681.60,0
FT-SE100,19970528,4681.60,4705.20,4670.70,4677.50,0
FT-SE100,19970529,4657.80,4688.30,4656.30,4672.30,0
FT-SE100,19970530,4677.00,4684.20,4595.90,4621.30,0
FT-SE100,19970602,4644.70,4645.70,4549.50,4562.80,0
FT-SE100,19970603,4564.00,4565.60,4524.20,4557.80,0
FT-SE100,19970604,4563.80,4585.90,4553.30,4557.10,0
FT-SE100,19970605,4551.30,4576.30,4534.90,4576.20,0
FT-SE100,19970606,4588.00,4645.00,4577.50,4645.00,0
FT-SE100,19970609,4653.30,4686.70,4653.30,4686.70,0
FT-SE100,19970610,4683.60,4739.60,4678.30,4739.60,0
FT-SE100,19970611,4751.50,4759.30,4720.90,4724.80,0
FT-SE100,19970612,4715.50,4759.20,4711.30,4757.40,0
FT-SE100,19970613,4776.20,4796.00,4771.90,4783.10,0
FT-SE100,19970616,4777.20,4777.20,4735.50,4745.10,0
FT-SE100,19970617,4746.30,4758.10,4669.10,4682.20,0
FT-SE100,19970618,4687.00,4688.10,4627.30,4657.00,0
FT-SE100,19970619,4667.00,4668.90,4629.10,4653.70,0
FT-SE100,19970620,4672.00,4672.10,4593.90,4593.90,0
FT-SE100,19970623,4597.00,4597.00,4547.00,4575.80,0
FT-SE100,19970624,4538.30,4598.60,4538.30,4596.30,0
FT-SE100,19970625,4623.30,4640.50,4622.40,4640.00,0
FT-SE100,19970626,4639.20,4660.40,4628.40,4657.90,0
FT-SE100,19970627,4651.30,4652.00,4623.10,4640.30,0
FT-SE100,19970630,4645.10,4662.40,4603.20,4604.60,0
FT-SE100,19970701,4606.00,4728.30,4597.10,4728.30,0
FT-SE100,19970702,4737.50,4791.10,4715.90,4751.40,0
FT-SE100,19970703,4692.90,4863.60,4688.80,4831.70,0
FT-SE100,19970704,4820.30,4879.00,4801.20,4812.80,0
FT-SE100,19970707,4819.00,4820.00,4776.40,4810.70,0
FT-SE100,19970708,4798.90,4799.90,4751.90,4758.50,0
FT-SE100,19970709,4766.50,4778.10,4729.80,4762.40,0
FT-SE100,19970710,4747.10,4767.80,4732.70,4767.80,0
FT-SE100,19970711,4765.50,4800.10,4765.50,4799.50,0
FT-SE100,19970714,4813.20,4857.40,4796.00,4857.40,0
FT-SE100,19970715,4859.70,4903.20,4859.70,4899.30,0
FT-SE100,19970716,4909.60,4991.80,4909.60,4964.20,0
FT-SE100,19970717,4973.90,4993.00,4935.50,4949.00,0
FT-SE100,19970718,4956.80,4998.10,4848.30,4877.20,0
FT-SE100,19970721,4858.80,4858.80,4794.90,4805.70,0
FT-SE100,19970722,4818.10,4848.00,4818.10,4846.70,0
FT-SE100,19970723,4902.10,4931.50,4866.90,4874.50,0
FT-SE100,19970724,4875.60,4897.70,4855.40,4862.90,0
FT-SE100,19970725,4880.40,4881.20,4834.80,4851.50,0
FT-SE100,19970728,4857.40,4868.30,4835.30,4862.60,0
FT-SE100,19970729,4858.70,4895.90,4856.70,4876.60,0
FT-SE100,19970730,4888.40,4927.30,4888.40,4927.30,0
FT-SE100,19970731,4930.80,4941.70,4907.40,4907.50,0
FT-SE100,19970801,4914.60,4936.00,4886.00,4899.30,0
FT-SE100,19970804,4896.70,4907.20,4874.00,4895.70,0
FT-SE100,19970805,4921.70,4960.60,4921.70,4960.60,0
FT-SE100,19970806,4965.60,5027.70,4965.60,5026.20,0
FT-SE100,19970807,5036.60,5095.30,5009.30,5086.80,0
FT-SE100,19970808,5072.60,5088.40,5009.40,5031.30,0
FT-SE100,19970811,4974.80,5051.10,4966.40,5031.90,0
FT-SE100,19970812,5057.70,5078.20,5041.90,5075.80,0
FT-SE100,19970813,5054.00,5054.00,4994.80,5003.60,0
FT-SE100,19970814,5012.30,5031.80,4990.60,4991.30,0
FT-SE100,19970815,4988.50,4990.80,4865.80,4865.80,0
FT-SE100,19970818,4794.00,4852.60,4779.30,4835.00,0
FT-SE100,19970819,4875.30,4918.00,4875.30,4914.20,0
FT-SE100,19970820,4954.70,4961.50,4936.10,4958.40,0
FT-SE100,19970821,4989.10,4994.10,4962.50,4978.00,0
FT-SE100,19970822,4969.70,4969.70,4867.10,4901.10,0
FT-SE100,19970826,4910.60,4924.80,4851.90,4886.30,0
FT-SE100,19970827,4869.50,4920.30,4869.50,4906.90,0
FT-SE100,19970828,4921.20,4922.40,4835.20,4845.40,0
FT-SE100,19970829,4827.40,4832.30,4785.20,4817.50,0
FT-SE100,19970901,4816.60,4872.70,4795.30,4870.20,0
FT-SE100,19970902,4872.20,4954.20,4872.20,4952.20,0
FT-SE100,19970903,5007.30,5027.30,4974.50,4976.90,0
FT-SE100,19970904,4967.80,4991.30,4948.70,4991.30,0
FT-SE100,19970905,4984.70,5028.30,4984.30,4994.20,0
FT-SE100,19970908,4985.90,4999.80,4973.10,4985.20,0
FT-SE100,19970909,4981.20,4981.90,4931.60,4950.50,0
FT-SE100,19970910,4952.30,4964.50,4905.20,4905.20,0
FT-SE100,19970911,4876.30,4879.60,4854.80,4854.80,0
FT-SE100,19970912,4851.20,4878.00,4833.90,4848.20,0
FT-SE100,19970915,4876.30,4902.90,4864.60,4902.90,0
FT-SE100,19970916,4892.80,4977.30,4876.80,4976.40,0
FT-SE100,19970917,5025.40,5035.30,5002.30,5013.10,0
FT-SE100,19970918,4994.50,5057.80,4993.60,5046.20,0
FT-SE100,19970919,5061.60,5064.30,5023.80,5023.80,0
FT-SE100,19970922,5019.00,5077.80,5014.80,5075.70,0
FT-SE100,19970923,5079.80,5095.10,5025.60,5027.50,0
FT-SE100,19970924,5026.90,5077.20,5026.60,5077.20,0
FT-SE100,19970925,5069.00,5072.10,5058.00,5065.50,0
FT-SE100,19970926,5101.50,5244.30,5101.50,5226.30,0
FT-SE100,19970929,5221.30,5244.30,5202.60,5220.30,0
FT-SE100,19970930,5226.00,5269.20,5209.00,5244.20,0
FT-SE100,19971001,5241.40,5320.10,5240.80,5317.10,0
FT-SE100,19971002,5356.50,5367.30,5283.00,5296.10,0
FT-SE100,19971003,5293.90,5333.90,5274.20,5330.80,0
FT-SE100,19971006,5309.30,5309.30,5268.00,5300.00,0
FT-SE100,19971007,5307.10,5340.50,5285.10,5305.60,0
FT-SE100,19971008,5325.40,5366.50,5235.10,5262.10,0
FT-SE100,19971009,5246.90,5255.90,5166.10,5217.80,0
FT-SE100,19971010,5224.70,5227.30,5186.70,5227.30,0
FT-SE100,19971013,5252.30,5301.00,5252.30,5300.10,0
FT-SE100,19971014,5295.70,5302.90,5272.00,5298.90,0
FT-SE100,19971015,5276.20,5276.20,5222.40,5263.70,0
FT-SE100,19971016,5288.90,5292.70,5270.50,5287.90,0
FT-SE100,19971017,5255.60,5277.50,5248.20,5271.10,0
FT-SE100,19971020,5271.10,5271.10,5152.30,5211.00,0
FT-SE100,19971021,5211.00,5257.50,5211.00,5225.90,0
FT-SE100,19971022,5225.90,5257.60,5125.50,5148.80,0
FT-SE100,19971023,5148.80,5148.80,4926.70,4991.50,0
FT-SE100,19971024,4991.50,5103.20,4960.20,4970.20,0
FT-SE100,19971027,4970.20,4970.20,4840.70,4840.70,0
FT-SE100,19971028,4840.70,4840.70,4382.80,4755.40,0
FT-SE100,19971029,4755.40,4917.40,4755.40,4871.80,0
FT-SE100,19971030,4845.70,4845.70,4707.30,4801.90,0
FT-SE100,19971031,4813.10,4860.60,4763.40,4842.30,0
FT-SE100,19971103,4877.00,4944.60,4842.30,4906.40,0
FT-SE100,19971104,4928.00,4930.20,4879.10,4897.40,0
FT-SE100,19971105,4902.60,4947.60,4863.30,4908.30,0
FT-SE100,19971106,4909.20,4910.00,4841.20,4863.80,0
FT-SE100,19971107,4850.80,4850.80,4699.60,4764.30,0
FT-SE100,19971110,4770.20,4828.30,4764.30,4806.80,0
FT-SE100,19971111,4824.40,4824.70,4755.00,4793.70,0
FT-SE100,19971112,4777.10,4793.70,4680.40,4720.40,0
FT-SE100,19971113,4726.40,4740.30,4697.50,4711.00,0
FT-SE100,19971114,4713.30,4801.30,4713.30,4741.80,0
FT-SE100,19971117,4762.40,4891.80,4741.80,4867.00,0
FT-SE100,19971118,4858.90,4858.90,4827.30,4845.40,0
FT-SE100,19971119,4821.80,4850.30,4786.10,4830.10,0
FT-SE100,19971120,4832.20,4921.40,4826.00,4908.40,0
FT-SE100,19971121,4915.90,4985.80,4915.90,4985.80,0
FT-SE100,19971124,4977.70,4985.80,4883.60,4898.60,0
FT-SE100,19971125,4898.60,4917.20,4854.80,4863.50,0
FT-SE100,19971126,4863.50,4907.30,4863.50,4891.20,0
FT-SE100,19971127,4891.30,4913.60,4880.70,4889.00,0
FT-SE100,19971128,4889.60,4889.80,4831.80,4831.80,0
FT-SE100,19971201,4871.70,4932.00,4859.80,4921.80,0
FT-SE100,19971202,4935.30,4980.10,4935.30,4977.60,0
FT-SE100,19971203,4974.90,4988.10,4951.10,4970.70,0
FT-SE100,19971204,4978.30,5082.30,4970.70,5082.30,0
FT-SE100,19971205,5081.00,5178.50,5047.90,5142.90,0
FT-SE100,19971208,5143.20,5223.50,5143.20,5187.40,0
FT-SE100,19971209,5184.30,5200.40,5155.30,5177.10,0
FT-SE100,19971210,5163.10,5177.10,5098.50,5130.70,0
FT-SE100,19971211,5118.50,5130.70,4999.60,5035.90,0
FT-SE100,19971212,5037.40,5069.60,5036.50,5045.20,0
FT-SE100,19971215,5048.20,5121.90,5048.20,5121.80,0
FT-SE100,19971216,5124.10,5210.60,5124.10,5203.40,0
FT-SE100,19971217,5203.40,5247.60,5183.10,5190.80,0
FT-SE100,19971218,5192.80,5219.30,5148.50,5168.30,0
FT-SE100,19971219,5163.60,5163.60,4985.70,5020.20,0
FT-SE100,19971222,5013.30,5048.10,5004.50,5018.20,0
FT-SE100,19971223,5019.60,5055.00,5018.90,5049.80,0
FT-SE100,19971224,5048.50,5048.50,5004.60,5013.90,0
FT-SE100,19971229,5011.10,5112.50,5008.70,5112.40,0
FT-SE100,19971230,5114.20,5144.80,5114.20,5132.30,0
FT-SE100,19971231,5133.10,5182.30,5133.10,5135.50,0
FT-SE100,19980102,5136.00,5203.80,5136.00,5193.50,0
FT-SE100,19980105,5191.50,5262.50,5182.80,5262.50,0
FT-SE100,19980106,5258.50,5271.40,5220.80,5264.40,0
FT-SE100,19980107,5246.20,5265.60,5218.20,5224.10,0
FT-SE100,19980108,5232.10,5296.40,5220.00,5237.10,0
FT-SE100,19980109,5230.10,5230.10,5125.40,5138.30,0
FT-SE100,19980112,5093.40,5093.40,4988.30,5068.80,0
FT-SE100,19980113,5078.00,5110.20,5074.30,5083.90,0
FT-SE100,19980114,5094.90,5135.80,5094.90,5106.90,0
FT-SE100,19980115,5104.70,5167.90,5099.60,5165.80,0
FT-SE100,19980116,5168.70,5277.20,5168.70,5263.10,0
FT-SE100,19980119,5273.70,5313.60,5265.70,5273.60,0
FT-SE100,19980120,5270.00,5298.60,5250.60,5278.20,0
FT-SE100,19980121,5278.20,5297.30,5230.60,5272.30,0
FT-SE100,19980122,5261.30,5262.90,5215.90,5253.10,0
FT-SE100,19980123,5254.60,5254.60,5172.80,5181.40,0
FT-SE100,19980126,5184.40,5244.40,5179.50,5237.20,0
FT-SE100,19980127,5241.40,5338.90,5241.40,5326.30,0
FT-SE100,19980128,5328.10,5415.30,5328.10,5372.60,0
FT-SE100,19980129,5375.00,5434.10,5364.30,5422.40,0
FT-SE100,19980130,5423.60,5458.50,5389.50,5458.50,0
FT-SE100,19980202,5589.90,5616.10,5569.60,5599.00,0
FT-SE100,19980203,5599.00,5612.80,5574.10,5612.80,0
FT-SE100,19980204,5605.60,5612.80,5570.60,5595.80,0
FT-SE100,19980205,5595.20,5675.10,5577.80,5606.40,0
FT-SE100,19980206,5601.90,5629.70,5556.20,5629.70,0
FT-SE100,19980209,5630.50,5650.20,5590.30,5600.90,0
FT-SE100,19980210,5595.30,5630.30,5586.80,5613.30,0
FT-SE100,19980211,5622.50,5646.70,5591.30,5607.90,0
FT-SE100,19980212,5611.40,5616.60,5538.60,5552.50,0
FT-SE100,19980213,5549.10,5582.30,5530.80,5582.30,0
FT-SE100,19980216,5580.50,5634.30,5578.50,5619.90,0
FT-SE100,19980217,5612.20,5709.50,5612.20,5709.50,0
FT-SE100,19980218,5712.30,5741.30,5688.00,5723.40,0
FT-SE100,19980219,5707.10,5744.70,5691.50,5718.50,0
FT-SE100,19980220,5707.10,5744.70,5691.50,5718.50,0
FT-SE100,19980223,5749.40,5793.20,5696.30,5702.80,0
FT-SE100,19980224,5592.30,5653.70,5584.90,5651.00,0
FT-SE100,19980225,5666.70,5745.10,5651.00,5745.10,0
FT-SE100,19980226,5757.50,5784.50,5706.30,5764.80,0
FT-SE100,19980227,5767.50,5821.80,5741.80,5767.30,0
FT-SE100,19980302,5767.30,5846.90,5747.10,5820.60,0
FT-SE100,19980303,5814.10,5850.00,5789.50,5807.70,0
FT-SE100,19980304,5807.20,5812.70,5704.50,5733.10,0
FT-SE100,19980305,5715.90,5733.10,5629.10,5695.60,0
FT-SE100,19980306,5700.50,5791.80,5688.40,5782.90,0
FT-SE100,19980309,5782.60,5826.60,5764.60,5818.90,0
FT-SE100,19980310,5817.20,5858.10,5794.00,5828.50,0
FT-SE100,19980311,5828.40,5861.90,5811.40,5829.80,0
FT-SE100,19980312,5830.50,5831.30,5776.20,5794.80,0
FT-SE100,19980313,5797.50,5841.20,5758.10,5782.30,0
FT-SE100,19980316,5782.90,5813.40,5773.50,5785.10,0
FT-SE100,19980317,5785.10,5853.70,5779.90,5834.90,0
FT-SE100,19980318,5833.70,5903.60,5831.30,5903.60,0
FT-SE100,19980319,5909.90,5997.90,5901.20,5997.90,0
FT-SE100,19980320,6015.10,6105.80,5880.90,5956.30,0
FT-SE100,19980323,5993.80,6023.10,5946.80,5947.00,0
FT-SE100,19980324,5942.80,5983.70,5941.10,5983.70,0
FT-SE100,19980325,5983.10,6007.60,5958.50,5967.80,0
FT-SE100,19980326,5958.60,5967.80,5850.70,5905.60,0
FT-SE100,19980327,5905.10,5977.00,5898.00,5939.30,0
FT-SE100,19980330,5939.20,5950.40,5874.80,5911.90,0
FT-SE100,19980331,5907.40,5932.50,5875.40,5932.20,0
FT-SE100,19980401,5930.90,6030.70,5907.10,6017.60,0
FT-SE100,19980402,6016.20,6052.80,6003.90,6052.80,0
FT-SE100,19980403,6050.40,6105.30,6024.50,6064.20,0
FT-SE100,19980406,6062.50,6115.80,6040.70,6105.80,0
FT-SE100,19980407,6109.30,6134.90,6063.10,6094.00,0
FT-SE100,19980408,6089.30,6095.50,6033.90,6055.20,0
FT-SE100,19980409,6050.70,6105.50,6038.60,6105.50,0
FT-SE100,19980414,6111.80,6150.50,6083.20,6104.10,0
FT-SE100,19980415,6104.90,6139.10,6073.30,6074.10,0
FT-SE100,19980416,6069.70,6074.10,5964.40,6002.00,0
FT-SE100,19980417,6004.90,6005.10,5916.90,5922.20,0
FT-SE100,19980420,5939.90,5993.30,5922.20,5954.10,0
FT-SE100,19980421,5951.50,5976.00,5884.80,5955.00,0
FT-SE100,19980422,5960.60,5995.80,5918.50,5931.10,0
FT-SE100,19980423,5935.60,5970.20,5851.40,5898.10,0
FT-SE100,19980424,5893.10,5893.10,5785.70,5863.90,0
FT-SE100,19980427,5861.80,5863.90,5699.90,5722.40,0
FT-SE100,19980428,5726.30,5823.40,5726.30,5806.60,0
FT-SE100,19980429,5807.30,5838.70,5774.40,5833.10,0
FT-SE100,19980430,5833.90,5954.90,5818.60,5928.30,0
FT-SE100,19980501,5932.70,6025.10,5932.70,6010.30,0
FT-SE100,19980505,6017.60,6064.60,5972.60,5986.50,0
FT-SE100,19980506,5986.90,6000.00,5947.40,5992.40,0
FT-SE100,19980507,5990.50,5990.50,5899.40,5938.00,0
FT-SE100,19980508,5941.40,5977.70,5898.50,5969.80,0
FT-SE100,19980511,5968.50,6030.90,5957.40,6028.30,0
FT-SE100,19980512,6017.70,6017.80,5955.30,5956.70,0
FT-SE100,19980513,5961.00,6000.20,5949.50,5972.90,0
FT-SE100,19980514,5972.50,5981.30,5898.60,5948.50,0
FT-SE100,19980515,5950.40,5953.20,5866.50,5917.80,0
FT-SE100,19980518,5916.70,5917.80,5794.50,5826.20,0
FT-SE100,19980519,5827.30,5895.60,5827.30,5877.80,0
FT-SE100,19980520,5880.70,5941.20,5880.70,5907.40,0
FT-SE100,19980521,5904.60,5991.10,5904.30,5935.60,0
FT-SE100,19980522,5931.80,5957.70,5908.80,5955.60,0
FT-SE100,19980526,5972.60,6023.90,5964.70,5970.70,0
FT-SE100,19980527,5951.90,5951.90,5836.90,5870.20,0
FT-SE100,19980528,5880.00,5905.60,5816.50,5862.30,0
FT-SE100,19980529,5867.60,5915.10,5865.40,5870.70,0
FT-SE100,19980601,5870.70,5870.70,5777.70,5837.90,0
FT-SE100,19980602,5839.90,5847.70,5809.90,5837.90,0
FT-SE100,19980603,5840.00,5913.60,5840.00,5898.40,0
FT-SE100,19980604,5895.00,5895.00,5820.80,5860.80,0
FT-SE100,19980605,5874.70,5947.30,5873.40,5947.30,0
FT-SE100,19980608,5952.30,6049.60,5952.30,6037.80,0
FT-SE100,19980609,6035.40,6038.30,6003.80,6019.80,0
FT-SE100,19980610,6003.70,6005.90,5944.80,5987.40,0
FT-SE100,19980611,5977.30,5977.30,5852.50,5852.50,0
FT-SE100,19980612,5852.70,5900.60,5750.30,5769.80,0
FT-SE100,19980615,5781.40,5783.80,5646.10,5715.70,0
FT-SE100,19980616,5699.20,5754.00,5687.70,5729.70,0
FT-SE100,19980617,5741.60,5838.60,5741.60,5832.70,0
FT-SE100,19980618,5847.10,5871.40,5769.00,5812.10,0
FT-SE100,19980619,5810.30,5831.30,5748.10,5748.10,0
FT-SE100,19980622,5747.40,5750.10,5676.50,5712.40,0
FT-SE100,19980623,5709.00,5774.80,5701.60,5772.00,0
FT-SE100,19980624,5771.00,5805.00,5728.50,5804.90,0
FT-SE100,19980625,5809.60,5885.90,5809.60,5858.90,0
FT-SE100,19980626,5847.30,5879.00,5819.90,5877.40,0
FT-SE100,19980629,5883.70,5923.90,5869.10,5884.50,0
FT-SE100,19980630,5883.40,5885.60,5825.00,5832.50,0
FT-SE100,19980701,5840.60,5947.00,5840.60,5919.90,0
FT-SE100,19980702,5932.20,5996.70,5932.20,5960.20,0
FT-SE100,19980703,5959.90,6022.10,5959.90,5988.40,0
FT-SE100,19980706,5989.40,5991.40,5931.10,5990.30,0
FT-SE100,19980707,6005.90,6036.60,5985.00,6003.40,0
FT-SE100,19980708,6008.40,6027.10,5977.40,6009.60,0
FT-SE100,19980709,6008.50,6043.80,5948.10,5969.70,0
FT-SE100,19980710,5953.80,5969.70,5915.50,5929.70,0
FT-SE100,19980713,5929.30,5972.60,5926.40,5958.20,0
FT-SE100,19980714,5957.70,6111.20,5956.70,6100.20,0
FT-SE100,19980715,6107.60,6179.80,6107.60,6151.50,0
FT-SE100,19980716,6148.00,6180.40,6086.50,6166.80,0
FT-SE100,19980717,6114.60,6177.30,6113.40,6174.00,0
FT-SE100,19980720,6168.70,6183.70,6157.30,6179.00,0
FT-SE100,19980721,6168.00,6168.00,6115.40,6132.70,0
FT-SE100,19980722,6115.60,6115.60,5989.60,5989.60,0
FT-SE100,19980723,5982.20,6004.80,5925.30,5976.20,0
FT-SE100,19980724,5965.10,5965.10,5871.70,5892.30,0
FT-SE100,19980727,5905.80,5927.70,5821.70,5836.10,0
FT-SE100,19980728,5853.30,5894.00,5809.80,5835.80,0
FT-SE100,19980729,5831.10,5858.50,5782.20,5844.10,0
FT-SE100,19980730,5853.70,5932.50,5842.30,5910.70,0
FT-SE100,19980731,5909.90,5930.10,5834.70,5837.00,0
FT-SE100,19980803,5832.20,5832.20,5752.00,5809.70,0
FT-SE100,19980804,5821.00,5828.80,5724.60,5736.10,0
FT-SE100,19980805,5688.40,5688.40,5571.40,5632.50,0
FT-SE100,19980806,5638.40,5641.70,5546.90,5594.10,0
FT-SE100,19980807,5588.90,5682.40,5584.40,5680.40,0
FT-SE100,19980810,5674.40,5674.40,5555.90,5587.60,0
FT-SE100,19980811,5557.10,5557.10,5403.30,5432.80,0
FT-SE100,19980812,5470.90,5494.30,5403.60,5462.20,0
FT-SE100,19980813,5443.40,5443.40,5350.30,5399.50,0
FT-SE100,19980814,5434.90,5517.60,5434.90,5455.00,0
FT-SE100,19980817,5450.70,5485.90,5398.00,5467.20,0
FT-SE100,19980818,5501.70,5648.20,5501.70,5648.20,0
FT-SE100,19980819,5652.20,5712.80,5652.20,5694.30,0
FT-SE100,19980820,5700.40,5706.80,5631.80,5667.40,0
FT-SE100,19980821,5654.90,5654.90,5455.10,5477.00,0
FT-SE100,19980824,5503.30,5553.70,5444.50,5553.70,0
FT-SE100,19980825,5561.00,5655.60,5561.00,5654.40,0
FT-SE100,19980826,5654.40,5654.40,5501.70,5545.40,0
FT-SE100,19980827,5525.50,5554.70,5353.50,5368.50,0
FT-SE100,19980828,5305.20,5371.00,5108.70,5249.40,0
FT-SE100,19980901,5139.50,5219.00,5075.70,5169.10,0
FT-SE100,19980902,5219.70,5341.60,5219.30,5235.80,0
FT-SE100,19980903,5215.10,5215.10,5089.30,5118.70,0
FT-SE100,19980904,5114.70,5194.90,5113.50,5167.00,0
FT-SE100,19980907,5204.50,5352.60,5204.50,5347.00,0
FT-SE100,19980908,5354.30,5399.80,5313.90,5344.20,0
FT-SE100,19980909,5336.70,5365.20,5256.40,5311.30,0
FT-SE100,19980910,5299.40,5299.40,5121.80,5136.60,0
FT-SE100,19980911,5115.60,5137.70,4988.80,5118.60,0
FT-SE100,19980914,5123.00,5268.60,5122.00,5268.60,0
FT-SE100,19980915,5256.10,5283.00,5192.50,5281.70,0
FT-SE100,19980916,5290.20,5360.60,5276.80,5291.70,0
FT-SE100,19980917,5273.90,5273.90,5101.50,5132.90,0
FT-SE100,19980918,5111.40,5152.20,5034.70,5055.60,0
FT-SE100,19980921,5047.20,5047.20,4899.60,4990.30,0
FT-SE100,19980922,5013.20,5124.10,5013.20,5103.30,0
FT-SE100,19980923,5122.00,5219.50,5122.00,5214.70,0
FT-SE100,19980924,5256.50,5322.30,5158.60,5167.60,0
FT-SE100,19980925,5136.90,5136.90,5016.00,5016.00,0
FT-SE100,19980928,5069.80,5097.30,5022.00,5093.50,0
FT-SE100,19980929,5073.30,5109.40,5042.70,5108.70,0
FT-SE100,19980930,5114.20,5114.20,5003.90,5064.40,0
FT-SE100,19981001,5024.80,5024.80,4881.30,4908.20,0
FT-SE100,19981002,4897.30,4897.30,4724.20,4750.40,0
FT-SE100,19981005,4743.80,4779.80,4643.30,4648.70,0
FT-SE100,19981006,4682.20,4863.70,4682.20,4854.00,0
FT-SE100,19981007,4871.10,4949.50,4777.10,4828.90,0
FT-SE100,19981008,4828.70,4828.70,4599.20,4698.90,0
FT-SE100,19981009,4716.90,4823.40,4716.90,4823.40,0
FT-SE100,19981012,4841.50,5043.40,4841.50,5037.60,0
FT-SE100,19981013,5018.80,5052.80,4956.40,4990.10,0
FT-SE100,19981014,4976.90,5052.40,4935.70,5038.40,0
FT-SE100,19981015,5054.50,5125.60,5011.00,5056.30,0
FT-SE100,19981016,5149.60,5208.10,5099.90,5133.10,0
FT-SE100,19981019,5130.70,5130.70,5055.70,5077.50,0
FT-SE100,19981020,5076.90,5267.90,5076.90,5251.90,0
FT-SE100,19981021,5237.90,5282.40,5203.20,5206.60,0
FT-SE100,19981022,5210.60,5259.40,5210.60,5229.90,0
FT-SE100,19981023,5225.90,5238.30,5159.90,5217.10,0
FT-SE100,19981026,5236.50,5329.00,5215.20,5231.50,0
FT-SE100,19981027,5270.10,5372.10,5231.50,5331.20,0
FT-SE100,19981028,5291.40,5293.90,5238.70,5293.90,0
FT-SE100,19981029,5287.10,5362.70,5276.10,5358.50,0
FT-SE100,19981030,5398.10,5455.20,5398.10,5438.40,0
FT-SE100,19981102,5454.30,5564.40,5453.70,5525.50,0
FT-SE100,19981103,5520.00,5566.50,5480.00,5503.90,0
FT-SE100,19981104,5532.60,5645.10,5503.90,5622.90,0
FT-SE100,19981105,5613.10,5613.10,5467.90,5479.80,0
FT-SE100,19981106,5504.30,5575.30,5458.50,5491.00,0
FT-SE100,19981109,5489.90,5507.10,5399.10,5433.90,0
FT-SE100,19981110,5426.80,5435.70,5359.50,5432.30,0
FT-SE100,19981111,5449.30,5516.30,5449.30,5476.80,0
FT-SE100,19981112,5464.20,5464.20,5402.40,5449.00,0
FT-SE100,19981113,5457.30,5464.90,5370.60,5463.20,0
FT-SE100,19981116,5472.10,5540.70,5472.10,5510.50,0
FT-SE100,19981117,5505.40,5562.40,5491.90,5502.70,0
FT-SE100,19981118,5508.30,5554.20,5467.10,5474.00,0
FT-SE100,19981119,5481.30,5616.70,5468.10,5606.20,0
FT-SE100,19981120,5613.50,5751.90,5609.80,5717.50,0
FT-SE100,19981123,5737.90,5854.40,5737.90,5848.40,0
FT-SE100,19981124,5852.80,5881.70,5773.00,5798.30,0
FT-SE100,19981125,5836.00,5836.00,5732.00,5755.30,0
FT-SE100,19981126,5755.80,5854.50,5744.10,5827.90,0
FT-SE100,19981127,5808.80,5870.80,5768.70,5844.20,0
FT-SE100,19981130,5831.50,5866.30,5743.90,5743.90,0
FT-SE100,19981201,5723.30,5723.30,5519.30,5537.50,0
FT-SE100,19981202,5550.00,5565.30,5489.50,5507.20,0
FT-SE100,19981203,5487.90,5597.20,5377.20,5566.10,0
FT-SE100,19981204,5544.90,5613.70,5489.30,5581.90,0
FT-SE100,19981207,5599.90,5624.80,5573.60,5576.70,0
FT-SE100,19981208,5592.10,5639.80,5582.00,5615.70,0
FT-SE100,19981209,5635.20,5691.70,5572.40,5669.10,0
FT-SE100,19981210,5671.30,5712.70,5614.60,5660.30,0
FT-SE100,19981211,5658.30,5658.30,5515.50,5541.70,0
FT-SE100,19981214,5535.70,5548.00,5468.40,5534.50,0
FT-SE100,19981215,5529.20,5559.80,5511.60,5557.10,0
FT-SE100,19981216,5576.40,5636.80,5568.40,5630.40,0
FT-SE100,19981217,5634.90,5685.50,5591.10,5685.20,0
FT-SE100,19981218,5689.60,5772.10,5674.00,5741.90,0
FT-SE100,19981221,5736.90,5892.30,5736.10,5876.50,0
FT-SE100,19981222,5871.10,5893.30,5825.20,5843.30,0
FT-SE100,19981223,5835.90,5908.80,5835.90,5908.80,0
FT-SE100,19981224,5909.40,5911.50,5867.10,5867.20,0
FT-SE100,19981229,5873.40,5970.10,5873.40,5941.50,0
FT-SE100,19981230,5932.70,5944.90,5809.00,5882.60,0
FT-SE100,19990104,5909.40,5916.90,5811.30,5879.40,0
FT-SE100,19990105,5882.30,5980.50,5875.80,5958.20,0
FT-SE100,19990106,5968.90,6157.40,5968.90,6148.80,0
FT-SE100,19990107,6145.90,6153.70,6042.50,6101.20,0
FT-SE100,19990108,6115.40,6195.60,6114.80,6147.20,0
FT-SE100,19990111,6164.60,6186.50,6063.30,6085.00,0
FT-SE100,19990112,6086.10,6140.30,6024.50,6033.60,0
FT-SE100,19990113,5984.20,5984.20,5746.50,5850.10,0
FT-SE100,19990114,5842.00,5937.80,5798.70,5820.20,0
FT-SE100,19990115,5804.60,5941.00,5736.80,5941.00,0
FT-SE100,19990118,6013.40,6123.90,6013.20,6123.90,0
FT-SE100,19990119,6106.50,6138.70,6016.40,6027.60,0
FT-SE100,19990120,6050.50,6129.10,6048.80,6105.60,0
FT-SE100,19990121,6097.60,6124.60,6021.90,6022.30,0
FT-SE100,19990122,5972.00,5972.00,5835.10,5861.20,0
FT-SE100,19990125,5844.50,5905.80,5749.30,5880.90,0
FT-SE100,19990126,5893.80,5927.80,5822.90,5885.70,0
FT-SE100,19990127,5947.80,5989.30,5859.50,5876.40,0
FT-SE100,19990128,5856.70,5959.80,5841.20,5872.50,0
FT-SE100,19990129,5902.60,5941.70,5832.00,5896.00,0
FT-SE100,19990201,5926.00,6045.00,5925.70,6012.40,0
FT-SE100,19990202,6004.80,6031.80,5915.20,6013.00,0
FT-SE100,19990203,6012.40,6048.20,5922.80,5940.30,0
FT-SE100,19990204,5993.00,6041.50,5924.70,5939.90,0
FT-SE100,19990205,5932.20,5940.80,5848.40,5855.30,0
FT-SE100,19990208,5867.40,5867.40,5789.60,5834.90,0
FT-SE100,19990209,5838.50,5868.10,5756.50,5779.90,0
FT-SE100,19990210,5779.60,5779.60,5697.70,5770.20,0
FT-SE100,19990211,5792.10,5888.70,5792.10,5888.50,0
FT-SE100,19990212,5940.00,6032.50,5880.20,5950.70,0
FT-SE100,19990215,5930.20,6033.20,5924.00,6023.20,0
FT-SE100,19990216,6042.60,6133.20,6042.60,6108.60,0
FT-SE100,19990217,6090.70,6111.90,6040.70,6078.40,0
FT-SE100,19990218,6084.00,6117.80,6007.10,6074.90,0
FT-SE100,19990219,6066.30,6066.40,6009.50,6031.20,0
FT-SE100,19990222,6037.70,6080.90,5994.80,6069.90,0
FT-SE100,19990223,6118.70,6185.20,6111.90,6155.20,0
FT-SE100,19990224,6152.20,6316.60,6146.80,6307.60,0
FT-SE100,19990225,6272.10,6319.80,6193.40,6206.50,0
FT-SE100,19990226,6207.00,6222.70,6156.60,6175.10,0
FT-SE100,19990301,6177.50,6185.20,6032.70,6060.90,0
FT-SE100,19990302,6062.30,6089.60,6033.50,6061.30,0
FT-SE100,19990303,6057.30,6116.00,6039.90,6048.30,0
FT-SE100,19990304,6057.10,6117.90,6021.40,6101.40,0
FT-SE100,19990305,6141.70,6243.30,6122.50,6205.50,0
FT-SE100,19990308,6210.00,6234.50,6174.60,6208.80,0
FT-SE100,19990309,6220.50,6287.30,6196.90,6237.70,0
FT-SE100,19990310,6232.70,6242.10,6168.60,6241.50,0
FT-SE100,19990311,6290.40,6360.30,6241.20,6335.70,0
FT-SE100,19990312,6332.10,6365.40,6272.80,6282.20,0
FT-SE100,19990315,6259.20,6280.80,6159.40,6206.80,0
FT-SE100,19990316,6216.80,6269.60,6181.20,6201.90,0
FT-SE100,19990317,6194.50,6194.50,6109.70,6140.60,0
FT-SE100,19990318,6144.80,6161.40,6074.90,6114.30,0
FT-SE100,19990319,6160.80,6211.20,6135.60,6163.20,0
FT-SE100,19990322,6155.20,6200.10,6128.90,6152.80,0
FT-SE100,19990323,6079.70,6124.70,6048.60,6060.50,0
FT-SE100,19990324,6044.90,6044.90,5968.30,6016.70,0
FT-SE100,19990325,6024.40,6095.90,6024.40,6085.00,0
FT-SE100,19990326,6087.30,6139.30,6061.60,6139.20,0
FT-SE100,19990329,6157.80,6253.80,6138.30,6252.90,0
FT-SE100,19990330,6265.80,6278.80,6237.60,6264.10,0
FT-SE100,19990331,6263.20,6352.50,6263.20,6295.30,0
FT-SE100,19990401,6283.10,6399.10,6280.70,6330.00,0
FT-SE100,19990406,6367.20,6443.90,6367.20,6415.30,0
FT-SE100,19990407,6421.90,6496.10,6421.90,6473.20,0
FT-SE100,19990408,6478.30,6489.70,6405.20,6437.90,0
FT-SE100,19990409,6460.20,6512.10,6416.50,6472.80,0
FT-SE100,19990412,6463.80,6463.80,6377.20,6441.20,0
FT-SE100,19990413,6463.60,6519.50,6463.60,6513.10,0
FT-SE100,19990414,6511.30,6539.90,6463.60,6493.60,0
FT-SE100,19990415,6487.10,6517.60,6443.30,6466.10,0
FT-SE100,19990416,6494.20,6513.20,6410.80,6420.60,0
FT-SE100,19990419,6433.70,6515.30,6414.60,6515.30,0
FT-SE100,19990420,6446.70,6446.70,6280.20,6319.80,0
FT-SE100,19990421,6324.80,6342.10,6285.00,6311.00,0
FT-SE100,19990422,6362.20,6457.10,6362.20,6413.60,0
FT-SE100,19990423,6442.60,6469.20,6418.80,6428.00,0
FT-SE100,19990426,6434.90,6521.90,6434.90,6503.60,0
FT-SE100,19990427,6527.50,6635.90,6522.80,6593.60,0
FT-SE100,19990428,6595.50,6613.00,6577.80,6598.80,0
FT-SE100,19990429,6592.00,6592.00,6493.60,6497.60,0
FT-SE100,19990430,6520.50,6585.00,6520.50,6552.20,0
FT-SE100,19990504,6593.50,6663.80,6515.70,6533.10,0
FT-SE100,19990505,6527.40,6527.40,6401.70,6401.70,0
FT-SE100,19990506,6427.70,6485.70,6351.80,6406.60,0
FT-SE100,19990507,6411.60,6411.60,6336.20,6356.00,0
FT-SE100,19990510,6374.00,6390.30,6280.40,6348.80,0
FT-SE100,19990511,6350.50,6390.40,6349.70,6378.30,0
FT-SE100,19990512,6385.60,6389.60,6283.10,6343.10,0
FT-SE100,19990513,6352.60,6466.00,6352.60,6456.60,0
FT-SE100,19990514,6460.00,6465.50,6261.40,6300.40,0
FT-SE100,19990517,6285.40,6285.40,6160.50,6165.80,0
FT-SE100,19990518,6191.50,6225.70,6147.60,6206.40,0
FT-SE100,19990519,6229.90,6268.20,6193.00,6266.70,0
FT-SE100,19990520,6285.10,6371.30,6285.10,6368.20,0
FT-SE100,19990521,6368.80,6391.90,6345.10,6353.10,0
FT-SE100,19990524,6362.80,6462.30,6322.10,6322.10,0
FT-SE100,19990525,6280.80,6280.80,6184.80,6249.30,0
FT-SE100,19990526,6244.20,6292.00,6178.10,6236.80,0
FT-SE100,19990527,6246.80,6279.80,6155.20,6199.50,0
FT-SE100,19990528,6193.50,6229.10,6110.10,6226.20,0
FT-SE100,19990601,6231.00,6354.30,6227.50,6250.00,0
FT-SE100,19990602,6248.00,6313.80,6243.10,6302.20,0
FT-SE100,19990603,6315.90,6359.70,6302.20,6348.60,0
FT-SE100,19990604,6348.20,6365.80,6274.10,6361.50,0
FT-SE100,19990607,6392.70,6425.90,6380.50,6412.00,0
FT-SE100,19990608,6414.20,6466.40,6410.50,6431.50,0
FT-SE100,19990609,6429.20,6472.40,6418.70,6453.00,0
FT-SE100,19990610,6455.20,6469.40,6381.50,6403.40,0
FT-SE100,19990611,6407.90,6501.50,6406.40,6484.80,0
FT-SE100,19990614,6495.30,6495.30,6402.10,6430.10,0
FT-SE100,19990615,6435.10,6451.40,6403.80,6451.20,0
FT-SE100,19990616,6460.30,6535.30,6430.80,6504.90,0
FT-SE100,19990617,6518.00,6548.10,6465.80,6493.60,0
FT-SE100,19990618,6511.10,6593.10,6508.90,6527.80,0
FT-SE100,19990621,6551.80,6613.60,6551.80,6581.20,0
FT-SE100,19990622,6567.10,6571.60,6513.10,6552.40,0
FT-SE100,19990623,6557.60,6557.60,6471.60,6496.50,0
FT-SE100,19990624,6498.30,6514.30,6404.70,6416.70,0
FT-SE100,19990625,6409.40,6446.20,6379.60,6435.40,0
FT-SE100,19990628,6436.90,6438.20,6388.80,6405.70,0
FT-SE100,19990629,6414.90,6430.30,6301.80,6307.10,0
FT-SE100,19990630,6338.10,6371.60,6287.90,6318.50,0
FT-SE100,19990701,6372.10,6489.00,6372.10,6488.90,0
FT-SE100,19990702,6494.70,6521.80,6459.50,6491.90,0
FT-SE100,19990705,6516.10,6606.90,6516.00,6592.00,0
FT-SE100,19990706,6591.80,6620.80,6543.90,6620.60,0
FT-SE100,19990707,6606.80,6631.50,6560.60,6597.40,0
FT-SE100,19990708,6603.40,6649.50,6520.10,6557.30,0
FT-SE100,19990709,6554.70,6585.10,6538.80,6562.60,0
FT-SE100,19990712,6565.50,6623.80,6544.10,6545.50,0
FT-SE100,19990713,6545.70,6545.70,6445.60,6445.60,0
FT-SE100,19990714,6456.40,6535.90,6453.90,6473.10,0
FT-SE100,19990715,6484.70,6583.70,6470.30,6575.00,0
FT-SE100,19990716,6586.70,6592.20,6544.20,6563.20,0
FT-SE100,19990719,6568.60,6622.10,6476.50,6483.70,0
FT-SE100,19990720,6468.70,6478.50,6384.90,6392.00,0
FT-SE100,19990721,6370.80,6374.40,6310.00,6329.80,0
FT-SE100,19990722,6343.20,6355.50,6272.80,6297.80,0
FT-SE100,19990723,6285.70,6305.50,6199.10,6207.40,0
FT-SE100,19990726,6207.70,6223.90,6092.10,6169.10,0
FT-SE100,19990727,6193.30,6281.70,6193.30,6262.80,0
FT-SE100,19990728,6272.50,6316.20,6258.00,6297.20,0
FT-SE100,19990729,6257.00,6257.60,6117.50,6117.50,0
FT-SE100,19990730,6145.80,6232.80,6142.00,6231.90,0
FT-SE100,19990802,6228.40,6301.90,6156.70,6288.30,0
FT-SE100,19990803,6285.00,6298.10,6220.10,6250.60,0
FT-SE100,19990804,6253.30,6282.90,6218.80,6235.40,0
FT-SE100,19990805,6198.40,6198.40,6078.50,6101.60,0
FT-SE100,19990806,6130.30,6179.30,6098.80,6121.00,0
FT-SE100,19990809,6125.90,6164.90,6112.10,6126.40,0
FT-SE100,19990810,6125.10,6126.90,5976.20,5978.40,0
FT-SE100,19990811,5980.40,6049.10,5980.00,6014.40,0
FT-SE100,19990812,6045.20,6153.30,6045.20,6153.30,0
FT-SE100,19990813,6142.20,6247.70,6115.70,6245.10,0
FT-SE100,19990816,6246.60,6263.50,6207.30,6235.40,0
FT-SE100,19990817,6232.80,6240.50,6166.20,6166.40,0
FT-SE100,19990818,6168.70,6233.00,6160.60,6201.80,0
FT-SE100,19990819,6210.10,6217.90,6104.20,6118.00,0
FT-SE100,19990820,6135.40,6187.30,6130.30,6180.80,0
FT-SE100,19990823,6185.70,6330.00,6185.70,6322.10,0
FT-SE100,19990824,6326.30,6333.70,6286.50,6315.10,0
FT-SE100,19990825,6345.90,6399.60,6345.90,6369.50,0
FT-SE100,19990826,6382.50,6434.40,6361.50,6383.90,0
FT-SE100,19990827,6378.90,6413.30,6350.10,6375.20,0
FT-SE100,19990831,6350.80,6350.80,6246.40,6246.40,0
FT-SE100,19990901,6251.10,6279.90,6207.40,6276.20,0
FT-SE100,19990902,6271.70,6277.30,6168.30,6195.60,0
FT-SE100,19990903,6209.90,6342.00,6207.70,6332.10,0
FT-SE100,19990906,6360.60,6388.40,6351.40,6375.70,0
FT-SE100,19990907,6376.70,6381.60,6302.50,6309.50,0
FT-SE100,19990908,6316.00,6316.00,6158.80,6253.60,0
FT-SE100,19990909,6255.50,6271.20,6242.30,6260.60,0
FT-SE100,19990910,6278.10,6300.40,6191.00,6191.00,0
FT-SE100,19990913,6206.50,6232.30,6127.00,6169.00,0
FT-SE100,19990914,6186.20,6250.90,6104.90,6116.00,0
FT-SE100,19990915,6109.30,6118.40,6043.60,6067.70,0
FT-SE100,19990916,6048.30,6082.00,6010.00,6014.60,0
FT-SE100,19990917,6030.70,6062.00,6012.40,6039.80,0
FT-SE100,19990920,6050.90,6094.70,6030.30,6056.50,0
FT-SE100,19990921,6056.50,6080.70,5942.90,5957.30,0
FT-SE100,19990922,5950.20,5965.70,5868.40,5913.90,0
FT-SE100,19990923,5910.10,6022.20,5910.10,5969.70,0
FT-SE100,19990924,5987.30,5989.70,5900.80,5937.60,0
FT-SE100,19990927,5945.00,6087.70,5944.60,6078.60,0
FT-SE100,19990928,6068.90,6072.30,6006.80,6007.20,0
FT-SE100,19990929,6018.10,6077.20,5941.50,6020.60,0
FT-SE100,19990930,6015.30,6041.60,5964.50,6029.80,0
FT-SE100,19991001,6034.10,6059.80,5960.30,5970.70,0
FT-SE100,19991004,5971.90,6057.20,5967.30,6052.90,0
FT-SE100,19991005,6045.60,6100.20,6042.40,6084.50,0
FT-SE100,19991006,6078.00,6097.50,6012.50,6097.50,0
FT-SE100,19991007,6101.90,6221.70,6101.90,6200.40,0
FT-SE100,19991008,6202.70,6250.80,6160.60,6199.40,0
FT-SE100,19991011,6200.60,6238.70,6185.80,6234.80,0
FT-SE100,19991012,6242.80,6242.80,6164.90,6174.80,0
FT-SE100,19991013,6144.80,6144.80,6079.00,6113.40,0
FT-SE100,19991014,6116.80,6131.60,6038.10,6039.40,0
FT-SE100,19991015,6026.60,6039.40,5842.30,5907.30,0
FT-SE100,19991018,5892.40,5892.40,5798.30,5869.20,0
FT-SE100,19991019,5887.90,5993.70,5876.40,5993.70,0
FT-SE100,19991020,5985.30,6028.50,5970.00,6006.70,0
FT-SE100,19991021,6012.20,6043.80,5888.10,5939.30,0
FT-SE100,19991022,5953.40,6060.20,5953.40,6058.90,0
FT-SE100,19991025,6062.50,6109.40,5991.70,6009.40,0
FT-SE100,19991026,6012.70,6096.70,5994.80,6092.40,0
FT-SE100,19991027,6073.20,6073.20,6016.70,6045.70,0
FT-SE100,19991028,6035.70,6166.50,5990.10,6149.10,0
FT-SE100,19991029,6148.20,6279.30,6146.30,6255.70,0
FT-SE100,19991101,6251.30,6297.80,6232.20,6284.00,0
FT-SE100,19991102,6256.60,6261.90,6231.00,6252.00,0
FT-SE100,19991103,6244.40,6298.80,6231.20,6280.80,0
FT-SE100,19991104,6285.70,6357.20,6280.30,6331.30,0
FT-SE100,19991105,6375.80,6402.00,6309.20,6356.60,0
FT-SE100,19991108,6339.80,6398.00,6338.50,6374.30,0
FT-SE100,19991109,6381.00,6483.10,6381.00,6435.50,0
FT-SE100,19991110,6434.50,6475.00,6416.80,6447.00,0
FT-SE100,19991111,6455.40,6552.70,6455.40,6551.40,0
FT-SE100,19991112,6524.40,6612.80,6488.10,6511.60,0
FT-SE100,19991115,6503.50,6574.60,6498.10,6533.60,0
FT-SE100,19991116,6527.60,6596.40,6524.20,6583.00,0
FT-SE100,19991117,6601.00,6627.10,6534.50,6555.70,0
FT-SE100,19991118,6545.70,6590.00,6520.50,6550.80,0
FT-SE100,19991119,6549.60,6593.40,6456.20,6482.30,0
FT-SE100,19991122,6484.90,6564.60,6422.00,6442.00,0
FT-SE100,19991123,6435.50,6551.30,6426.60,6534.20,0
FT-SE100,19991124,6532.60,6569.50,6493.70,6561.80,0
FT-SE100,19991125,6586.50,6686.10,6558.00,6682.80,0
FT-SE100,19991126,6698.60,6743.10,6654.40,6684.80,0
FT-SE100,19991129,6695.40,6759.30,6659.60,6692.30,0
FT-SE100,19991130,6673.80,6676.20,6586.80,6597.20,0
FT-SE100,19991201,6591.80,6655.80,6575.30,6646.00,0
FT-SE100,19991202,6655.80,6694.20,6623.00,6653.70,0
FT-SE100,19991203,6654.50,6772.10,6652.30,6742.20,0
FT-SE100,19991206,6761.40,6769.40,6657.10,6694.00,0
FT-SE100,19991207,6691.80,6728.90,6659.70,6660.90,0
FT-SE100,19991208,6656.20,6656.60,6609.50,6619.40,0
FT-SE100,19991209,6625.10,6688.00,6625.10,6680.80,0
FT-SE100,19991210,6674.90,6740.10,6659.70,6739.50,0
FT-SE100,19991213,6744.50,6769.70,6710.70,6710.70,0
FT-SE100,19991214,6709.40,6735.30,6663.20,6702.10,0
FT-SE100,19991215,6708.40,6716.00,6588.70,6633.80,0
FT-SE100,19991216,6648.40,6705.10,6640.10,6672.00,0
FT-SE100,19991217,6677.90,6757.00,6646.40,6724.60,0
FT-SE100,19991220,6720.20,6761.70,6707.00,6731.20,0
FT-SE100,19991221,6728.10,6728.10,6675.60,6707.50,0
FT-SE100,19991222,6702.90,6750.30,6691.60,6728.60,0
FT-SE100,19991223,6728.60,6803.10,6722.80,6776.80,0
FT-SE100,19991224,6776.80,6815.70,6772.90,6806.50,0
FT-SE100,19991229,6806.50,6860.80,6801.10,6835.90,0
FT-SE100,19991230,6835.90,6950.60,6835.90,6930.20,0
FT-SE100,20000104,6930.20,6930.20,6662.90,6662.90,0
FT-SE100,20000105,6665.90,6665.90,6500.40,6535.90,0
FT-SE100,20000106,6535.90,6547.30,6424.40,6447.20,0
FT-SE100,20000107,6477.20,6532.40,6438.80,6504.80,0
FT-SE100,20000110,6504.80,6634.20,6504.80,6607.70,0
FT-SE100,20000111,6607.70,6638.10,6510.80,6518.90,0
FT-SE100,20000112,6518.90,6532.80,6470.30,6532.80,0
FT-SE100,20000113,6532.80,6596.50,6509.40,6531.50,0
FT-SE100,20000114,6531.50,6666.80,6531.50,6658.20,0
FT-SE100,20000117,6658.20,6694.30,6638.30,6669.50,0
FT-SE100,20000118,6669.50,6695.90,6491.50,6504.60,0
FT-SE100,20000119,6504.60,6505.90,6434.40,6445.40,0
FT-SE100,20000120,6445.40,6492.70,6328.30,6348.70,0
FT-SE100,20000121,6348.70,6374.70,6287.10,6346.30,0
FT-SE100,20000124,6346.30,6480.40,6346.30,6379.80,0
FT-SE100,20000125,6379.80,6379.80,6262.90,6274.10,0
FT-SE100,20000126,6274.10,6380.00,6270.40,6375.60,0
FT-SE100,20000127,6375.60,6451.60,6375.60,6441.00,0
FT-SE100,20000128,6441.00,6475.10,6354.80,6375.60,0
FT-SE100,20000131,6375.60,6375.60,6246.80,6268.50,0
FT-SE100,20000201,6268.50,6367.10,6231.90,6290.90,0
FT-SE100,20000202,6290.90,6345.20,6241.60,6302.80,0
FT-SE100,20000203,6302.80,6393.50,6251.60,6324.30,0
FT-SE100,20000204,6324.30,6364.90,6171.20,6185.00,0
FT-SE100,20000207,6185.00,6232.10,6100.70,6118.60,0
FT-SE100,20000208,6118.60,6295.70,6117.30,6285.80,0
FT-SE100,20000209,6285.80,6450.90,6271.50,6315.40,0
FT-SE100,20000210,6315.40,6320.00,6199.80,6279.80,0
FT-SE100,20000211,6279.80,6325.70,6127.40,6193.30,0
FT-SE100,20000214,6193.30,6197.50,6027.50,6068.60,0
FT-SE100,20000215,6068.60,6167.50,5972.70,6005.20,0
FT-SE100,20000216,6005.20,6147.40,6002.50,6147.40,0
FT-SE100,20000217,6147.40,6262.20,6102.90,6209.30,0
FT-SE100,20000218,6209.30,6264.10,6151.40,6165.00,0
FT-SE100,20000221,6165.00,6193.60,6029.90,6081.60,0
FT-SE100,20000222,6081.60,6172.80,6002.70,6014.70,0
FT-SE100,20000223,6014.70,6167.30,6014.70,6144.10,0
FT-SE100,20000224,6144.10,6288.80,6070.90,6086.70,0
FT-SE100,20000225,6086.70,6198.00,6086.40,6198.00,0
FT-SE100,20000228,6198.00,6271.10,6054.10,6099.60,0
FT-SE100,20000229,6099.60,6245.50,6099.60,6232.60,0
FT-SE100,20000301,6232.60,6387.30,6232.60,6364.90,0
FT-SE100,20000302,6364.90,6436.50,6324.20,6432.10,0
FT-SE100,20000303,6432.10,6506.30,6403.00,6487.50,0
FT-SE100,20000306,6487.50,6593.30,6457.00,6567.80,0
FT-SE100,20000307,6567.80,6568.30,6465.50,6466.50,0
FT-SE100,20000308,6466.50,6479.70,6387.20,6411.20,0
FT-SE100,20000309,6411.20,6544.20,6411.20,6532.10,0
FT-SE100,20000310,6532.10,6642.50,6532.10,6568.70,0
FT-SE100,20000313,6380.60,6566.60,6380.60,6466.90,0
FT-SE100,20000314,6466.90,6539.70,6457.10,6487.10,0
FT-SE100,20000315,6487.10,6487.10,6396.10,6447.00,0
FT-SE100,20000316,6447.00,6618.20,6447.00,6557.20,0
FT-SE100,20000317,6557.20,6713.10,6504.10,6558.00,0
FT-SE100,20000320,6558.00,6653.40,6523.30,6626.50,0
FT-SE100,20000321,6624.50,6630.60,6543.40,6617.90,0
FT-SE100,20000322,6617.90,6692.30,6551.70,6609.60,0
FT-SE100,20000323,6609.60,6617.80,6538.70,6594.60,0
FT-SE100,20000324,6594.60,6755.10,6594.60,6738.50,0
FT-SE100,20000327,6738.50,6770.40,6654.40,6687.20,0
FT-SE100,20000328,6687.20,6734.90,6623.70,6650.10,0
FT-SE100,20000329,6650.40,6657.30,6570.30,6598.80,0
FT-SE100,20000330,6598.80,6598.80,6418.50,6445.20,0
FT-SE100,20000331,6445.20,6557.40,6385.80,6540.20,0
FT-SE100,20000403,6540.20,6540.20,6437.90,6462.10,0
FT-SE100,20000404,6462.10,6531.30,6415.50,6427.00,0
FT-SE100,20000405,6427.00,6428.50,6283.20,6379.30,0
FT-SE100,20000406,6379.30,6464.90,6353.80,6451.10,0
FT-SE100,20000407,6451.10,6586.30,6451.10,6569.90,0
FT-SE100,20000410,6569.90,6579.60,6510.40,6533.40,0
FT-SE100,20000411,6533.40,6534.00,6358.40,6379.20,0
FT-SE100,20000412,6379.20,6443.50,6333.60,6350.80,0
FT-SE100,20000413,6350.80,6381.90,6268.40,6357.00,0
FT-SE100,20000414,6357.00,6359.10,6149.80,6178.10,0
FT-SE100,20000417,6178.10,6178.10,5915.20,5994.60,0
FT-SE100,20000418,5994.60,6084.20,5951.70,6074.00,0
FT-SE100,20000419,6074.00,6193.60,6074.00,6184.90,0
FT-SE100,20000420,6184.90,6248.10,6134.40,6241.20,0
FT-SE100,20000425,6241.20,6313.80,6155.70,6283.00,0
FT-SE100,20000426,6283.00,6342.20,6247.00,6256.50,0
FT-SE100,20000427,6256.50,6306.20,6127.90,6179.30,0
FT-SE100,20000428,6179.30,6341.90,6179.30,6327.40,0
FT-SE100,20000502,6327.40,6412.60,6311.90,6373.40,0
FT-SE100,20000503,6373.40,6373.40,6176.10,6184.80,0
FT-SE100,20000504,6184.80,6231.40,6162.50,6199.60,0
FT-SE100,20000505,6199.60,6267.90,6190.50,6238.80,0
FT-SE100,20000508,6238.80,6299.40,6174.30,6216.30,0
FT-SE100,20000509,6216.30,6243.10,6112.90,6123.80,0
FT-SE100,20000510,6123.80,6182.90,6090.20,6100.60,0
FT-SE100,20000511,6100.60,6263.60,6051.50,6245.90,0
FT-SE100,20000512,6245.90,6304.20,6220.60,6283.50,0
FT-SE100,20000515,6283.50,6290.50,6218.20,6247.70,0
FT-SE100,20000516,6247.70,6349.10,6247.70,6318.40,0
FT-SE100,20000517,6318.40,6321.60,6189.20,6196.20,0
FT-SE100,20000518,6196.20,6256.00,6196.20,6232.90,0
FT-SE100,20000519,6232.90,6237.60,6039.10,6045.40,0
FT-SE100,20000522,6045.40,6130.10,5991.90,6035.50,0
FT-SE100,20000523,6035.50,6128.50,6026.10,6086.80,0
FT-SE100,20000524,6086.80,6127.10,5997.60,6118.60,0
FT-SE100,20000525,6118.60,6234.60,6118.60,6231.10,0
FT-SE100,20000526,6231.10,6252.20,6153.20,6216.90,0
FT-SE100,20000530,6216.90,6379.70,6216.90,6359.60,0
FT-SE100,20000531,6359.60,6419.90,6325.50,6359.30,0
FT-SE100,20000601,6359.30,6476.90,6344.40,6470.50,0
FT-SE100,20000602,6470.50,6634.90,6445.50,6626.40,0
FT-SE100,20000605,6626.40,6635.70,6540.40,6546.70,0
FT-SE100,20000606,6546.70,6619.60,6490.00,6546.80,0
FT-SE100,20000607,6546.80,6546.80,6476.40,6503.80,0
FT-SE100,20000608,6503.80,6592.70,6469.80,6496.60,0
FT-SE100,20000609,6496.60,6512.40,6438.10,6443.80,0
FT-SE100,20000612,6443.80,6479.80,6430.90,6430.90,0
FT-SE100,20000613,6430.90,6515.20,6430.80,6447.10,0
FT-SE100,20000614,6447.10,6551.70,6447.10,6536.30,0
FT-SE100,20000615,6536.30,6566.20,6490.80,6490.80,0
FT-SE100,20000616,6490.80,6566.70,6474.90,6526.00,0
FT-SE100,20000619,6490.80,6515.70,6467.50,6490.20,0
FT-SE100,20000620,6490.20,6536.50,6490.20,6526.90,0
FT-SE100,20000621,6526.90,6532.50,6429.00,6477.80,0
FT-SE100,20000622,6477.80,6530.70,6413.80,6413.80,0
FT-SE100,20000623,6413.80,6413.80,6367.80,6391.50,0
FT-SE100,20000626,6391.50,6447.70,6369.00,6405.20,0
FT-SE100,20000627,6405.20,6428.40,6365.60,6375.30,0
FT-SE100,20000628,6375.30,6394.40,6310.80,6313.50,0
FT-SE100,20000629,6313.50,6321.00,6221.00,6239.00,0
FT-SE100,20000630,6239.00,6323.20,6239.00,6312.70,0
FT-SE100,20000703,6312.70,6470.40,6309.30,6470.40,0
FT-SE100,20000704,6470.40,6470.40,6405.20,6417.00,0
FT-SE100,20000705,6417.00,6446.00,6345.50,6382.50,0
FT-SE100,20000706,6382.50,6438.40,6341.40,6419.60,0
FT-SE100,20000707,6419.60,6502.60,6390.20,6497.50,0
FT-SE100,20000710,6497.50,6515.20,6463.30,6466.20,0
FT-SE100,20000711,6466.20,6510.10,6450.50,6475.80,0
FT-SE100,20000712,6475.80,6545.10,6466.80,6518.50,0
FT-SE100,20000713,6518.50,6530.70,6460.30,6475.70,0
FT-SE100,20000714,6475.70,6503.20,6452.20,6475.40,0
FT-SE100,20000717,6475.40,6525.70,6473.70,6525.50,0
FT-SE100,20000718,6525.50,6531.40,6444.60,6450.50,0
FT-SE100,20000719,6450.50,6493.40,6420.40,6465.40,0
FT-SE100,20000720,6465.40,6491.10,6440.70,6469.00,0
FT-SE100,20000721,6469.00,6469.00,6365.50,6378.40,0
FT-SE100,20000724,6378.40,6422.60,6333.00,6381.30,0
FT-SE100,20000725,6381.30,6402.10,6354.50,6390.70,0
FT-SE100,20000726,6390.70,6425.60,6378.90,6387.10,0
FT-SE100,20000727,6387.10,6456.30,6352.10,6352.10,0
FT-SE100,20000728,6352.10,6390.30,6332.60,6335.70,0
FT-SE100,20000731,6335.70,6365.30,6274.90,6365.30,0
FT-SE100,20000801,6365.30,6403.10,6331.50,6379.30,0
FT-SE100,20000802,6379.10,6424.70,6378.40,6391.00,0
FT-SE100,20000803,6391.30,6399.90,6296.40,6317.10,0
FT-SE100,20000804,6317.10,6415.00,6317.10,6363.50,0
FT-SE100,20000807,6363.50,6400.60,6355.10,6387.80,0
FT-SE100,20000808,6387.80,6420.00,6350.30,6358.10,0
FT-SE100,20000809,6358.10,6463.10,6358.10,6414.00,0
FT-SE100,20000810,6414.00,6414.00,6369.40,6387.30,0
FT-SE100,20000811,6387.30,6394.60,6348.40,6384.50,0
FT-SE100,20000814,6384.50,6451.20,6365.50,6419.90,0
FT-SE100,20000815,6419.90,6482.80,6419.90,6475.50,0
FT-SE100,20000816,6475.50,6553.50,6457.00,6532.00,0
FT-SE100,20000817,6532.00,6537.40,6482.00,6518.20,0
FT-SE100,20000818,6518.20,6552.00,6510.80,6543.70,0
FT-SE100,20000821,6543.70,6555.50,6491.40,6542.20,0
FT-SE100,20000822,6542.20,6605.20,6520.30,6584.80,0
FT-SE100,20000823,6584.80,6590.70,6535.20,6566.20,0
FT-SE100,20000824,6566.20,6605.50,6546.70,6557.00,0
FT-SE100,20000825,6557.00,6619.10,6538.30,6563.70,0
FT-SE100,20000829,6563.70,6601.10,6560.20,6586.30,0
FT-SE100,20000830,6586.30,6624.90,6586.10,6615.10,0
FT-SE100,20000831,6609.70,6674.60,6588.40,6672.70,0
FT-SE100,20000901,6672.70,6838.60,6672.70,6795.00,0
FT-SE100,20000904,6795.00,6828.70,6783.00,6798.10,0
FT-SE100,20000905,6798.10,6809.50,6737.60,6752.50,0
FT-SE100,20000906,6752.50,6766.00,6688.40,6694.70,0
FT-SE100,20000907,6694.70,6709.10,6668.50,6689.20,0
FT-SE100,20000908,6689.20,6704.20,6561.10,6600.70,0
FT-SE100,20000911,6600.70,6604.10,6392.10,6582.00,0
FT-SE100,20000912,6582.00,6582.00,6528.50,6555.50,0
FT-SE100,20000913,6555.50,6559.80,6454.10,6478.20,0
FT-SE100,20000914,6478.20,6580.60,6460.70,6555.50,0
FT-SE100,20000915,6555.50,6559.20,6417.30,6417.30,0
FT-SE100,20000918,6417.30,6464.30,6371.40,6410.20,0
FT-SE100,20000919,6410.20,6413.40,6360.60,6403.50,0
FT-SE100,20000920,6403.50,6425.40,6259.70,6279.90,0
FT-SE100,20000921,6279.90,6281.10,6150.50,6199.20,0
FT-SE100,20000922,6199.20,6205.90,6075.10,6205.90,0
FT-SE100,20000925,6205.90,6310.00,6205.90,6257.10,0
FT-SE100,20000926,6257.10,6257.60,6192.70,6213.20,0
FT-SE100,20000927,6213.20,6312.50,6200.70,6269.30,0
FT-SE100,20000928,6269.30,6290.60,6210.80,6264.10,0
FT-SE100,20000929,6264.10,6325.70,6240.30,6294.20,0
FT-SE100,20001002,6294.20,6358.20,6284.50,6284.50,0
FT-SE100,20001003,6284.50,6364.60,6284.50,6345.00,0
FT-SE100,20001004,6345.00,6354.20,6283.80,6334.90,0
FT-SE100,20001005,6334.90,6393.10,6330.90,6382.00,0
FT-SE100,20001006,6382.00,6412.50,6342.20,6391.20,0
FT-SE100,20001009,6391.20,6391.20,6253.60,6264.80,0
FT-SE100,20001010,6264.80,6299.70,6240.40,6247.70,0
FT-SE100,20001011,6247.70,6247.70,6098.10,6117.60,0
FT-SE100,20001012,6117.60,6211.80,6068.30,6131.90,0
FT-SE100,20001013,6131.90,6209.60,6050.70,6209.60,0
FT-SE100,20001016,6209.60,6292.00,6209.60,6285.70,0
FT-SE100,20001017,6285.70,6290.00,6196.10,6203.20,0
FT-SE100,20001018,6203.20,6203.20,6017.20,6148.20,0
FT-SE100,20001019,6148.20,6246.10,6148.20,6218.90,0
FT-SE100,20001020,6218.90,6294.50,6210.30,6276.30,0
FT-SE100,20001023,6276.30,6326.70,6271.50,6315.90,0
FT-SE100,20001024,6315.90,6452.80,6299.40,6438.40,0
FT-SE100,20001025,6438.40,6438.40,6330.00,6367.80,0
FT-SE100,20001026,6367.80,6389.00,6282.70,6302.30,0
FT-SE100,20001027,6302.30,6407.90,6302.30,6366.50,0
FT-SE100,20001030,6366.50,6394.90,6307.90,6388.40,0
FT-SE100,20001031,6388.40,6475.80,6388.40,6438.40,0
FT-SE100,20001101,6438.40,6508.60,6396.30,6457.60,0
FT-SE100,20001102,6457.60,6485.70,6382.70,6392.00,0
FT-SE100,20001103,6392.00,6431.70,6382.10,6385.40,0
FT-SE100,20001106,6385.40,6431.00,6385.40,6431.00,0
FT-SE100,20001107,6431.00,6466.90,6406.50,6466.90,0
FT-SE100,20001108,6466.90,6514.70,6454.90,6477.40,0
FT-SE100,20001109,6477.40,6498.50,6412.40,6442.20,0
FT-SE100,20001110,6442.20,6442.20,6338.50,6400.20,0
FT-SE100,20001113,6400.20,6400.20,6269.30,6274.80,0
FT-SE100,20001114,6274.80,6421.70,6274.80,6412.90,0
FT-SE100,20001115,6412.90,6459.30,6371.70,6432.30,0
FT-SE100,20001116,6432.30,6480.00,6414.90,6430.40,0
FT-SE100,20001117,6430.40,6483.30,6403.40,6440.10,0
FT-SE100,20001120,6440.10,6452.80,6335.10,6345.00,0
FT-SE100,20001121,6345.00,6393.70,6333.30,6382.10,0
FT-SE100,20001122,6377.70,6377.70,6216.10,6221.40,0
FT-SE100,20001123,6221.40,6287.30,6217.50,6287.30,0
FT-SE100,20001124,6287.30,6359.30,6237.20,6327.60,0
FT-SE100,20001127,6327.60,6397.50,6323.30,6374.70,0
FT-SE100,20001128,6374.70,6374.70,6241.50,6249.80,0
FT-SE100,20001129,6249.80,6249.80,6154.70,6164.90,0
FT-SE100,20001130,6164.90,6164.90,6070.00,6142.20,0
FT-SE100,20001201,6142.20,6189.90,6130.50,6170.40,0
FT-SE100,20001204,6170.40,6170.80,6113.90,6158.70,0
FT-SE100,20001205,6158.70,6318.10,6158.70,6299.00,0
FT-SE100,20001206,6299.00,6365.60,6258.80,6273.30,0
FT-SE100,20001207,6273.30,6273.30,6147.60,6231.40,0
FT-SE100,20001208,6231.40,6343.10,6222.30,6288.30,0
FT-SE100,20001211,6288.30,6370.60,6288.30,6370.30,0
FT-SE100,20001212,6370.30,6393.60,6333.20,6390.40,0
FT-SE100,20001213,6390.40,6421.50,6366.60,6403.00,0
FT-SE100,20001214,6403.00,6403.00,6235.70,6263.80,0
FT-SE100,20001215,6263.80,6269.70,6175.00,6175.80,0
FT-SE100,20001218,6175.80,6260.40,6175.60,6246.50,0
FT-SE100,20001219,6246.50,6307.30,6198.60,6295.00,0
FT-SE100,20001220,6295.00,6295.00,6138.40,6176.70,0
FT-SE100,20001221,6176.70,6179.30,6083.70,6115.50,0
FT-SE100,20001222,6115.50,6159.20,6097.50,6097.50,0
FT-SE100,20001227,6097.50,6218.20,6097.50,6218.20,0
FT-SE100,20001228,6218.20,6226.40,6173.70,6223.20,0
FT-SE100,20001229,6223.20,6255.90,6170.50,6222.50,0
FT-SE100,20010102,6222.50,6276.20,6169.80,6174.70,0
FT-SE100,20010103,6174.70,6174.70,6029.30,6039.90,0
FT-SE100,20010104,6039.90,6195.30,6039.90,6185.60,0
FT-SE100,20010105,6185.60,6239.60,6155.00,6198.10,0
FT-SE100,20010108,6198.10,6212.40,6137.70,6149.60,0
FT-SE100,20010109,6149.60,6195.90,6066.40,6088.10,0
FT-SE100,20010110,6088.10,6119.90,6040.40,6060.60,0
FT-SE100,20010111,6059.90,6114.90,6052.10,6114.90,0
FT-SE100,20010112,6114.90,6178.50,6109.80,6165.50,0
FT-SE100,20010115,6165.50,6193.40,6148.80,6170.30,0
FT-SE100,20010116,6170.30,6173.80,6076.70,6083.30,0
FT-SE100,20010117,6083.30,6205.50,6083.30,6197.40,0
FT-SE100,20010118,6197.40,6220.60,6174.80,6209.90,0
FT-SE100,20010119,6209.90,6276.40,6186.40,6209.30,0
FT-SE100,20010122,6209.30,6252.30,6162.90,6232.00,0
FT-SE100,20010123,6232.00,6232.30,6187.90,6214.70,0
FT-SE100,20010124,6214.70,6309.20,6214.70,6264.40,0
FT-SE100,20010125,6264.40,6296.90,6229.30,6255.60,0
FT-SE100,20010126,6255.60,6295.00,6223.80,6294.30,0
FT-SE100,20010129,6294.30,6335.10,6269.40,6317.00,0
FT-SE100,20010130,6317.00,6337.40,6300.20,6334.50,0
FT-SE100,20010131,6334.50,6360.30,6264.90,6297.50,0
FT-SE100,20010201,6297.50,6309.90,6233.40,6251.80,0
FT-SE100,20010202,6251.80,6290.60,6251.80,6256.40,0
FT-SE100,20010205,6256.40,6281.30,6237.10,6269.20,0
FT-SE100,20010206,6269.20,6306.70,6262.60,6293.40,0
FT-SE100,20010207,6293.40,6293.40,6197.30,6225.60,0
FT-SE100,20010208,6225.60,6265.50,6202.90,6206.10,0
FT-SE100,20010209,6206.10,6213.60,6153.10,6164.30,0
FT-SE100,20010212,6164.30,6241.40,6155.50,6241.40,0
FT-SE100,20010213,6241.40,6263.30,6209.00,6228.50,0
FT-SE100,20010214,6228.50,6228.50,6131.60,6176.20,0
FT-SE100,20010215,6176.20,6212.70,6155.50,6197.90,0
FT-SE100,20010216,6197.90,6197.90,6082.80,6088.30,0
FT-SE100,20010219,6088.30,6102.20,6065.20,6094.00,0
FT-SE100,20010220,6094.00,6134.00,5974.80,5980.10,0
FT-SE100,20010221,5980.10,5998.90,5921.70,5972.40,0
FT-SE100,20010222,5972.40,6011.30,5937.10,6003.10,0
FT-SE100,20010223,6003.10,6023.40,5904.70,5943.70,0
FT-SE100,20010226,5943.70,6003.50,5913.80,5916.70,0
FT-SE100,20010227,5916.70,5975.30,5906.90,5941.20,0
FT-SE100,20010228,5941.20,5997.00,5901.70,5917.90,0
FT-SE100,20010301,5917.90,5949.20,5868.10,5908.60,0
FT-SE100,20010302,5908.60,5924.10,5829.50,5858.60,0
FT-SE100,20010305,5858.60,5931.30,5856.90,5931.30,0
FT-SE100,20010306,5931.30,6027.60,5928.00,6012.00,0
FT-SE100,20010307,6012.00,6035.30,5969.60,6001.80,0
FT-SE100,20010308,6001.80,6050.40,5982.00,6003.20,0
FT-SE100,20010309,6003.20,6003.20,5908.90,5917.30,0
FT-SE100,20010312,5917.30,5917.30,5786.30,5826.50,0
FT-SE100,20010313,5826.50,5826.50,5720.70,5720.70,0
FT-SE100,20010314,5720.70,5742.10,5471.10,5625.90,0
FT-SE100,20010315,5625.90,5729.20,5594.80,5729.20,0
FT-SE100,20010316,5729.20,5729.20,5556.20,5562.80,0
FT-SE100,20010319,5562.80,5609.20,5536.40,5551.60,0
FT-SE100,20010320,5551.60,5646.80,5551.60,5646.80,0
FT-SE100,20010321,5646.80,5646.80,5496.00,5540.70,0
FT-SE100,20010322,5540.70,5540.70,5279.60,5314.80,0
FT-SE100,20010323,5314.80,5438.00,5314.80,5402.30,0
FT-SE100,20010326,5402.30,5580.70,5402.30,5576.60,0
FT-SE100,20010327,5576.60,5728.10,5546.10,5728.10,0
FT-SE100,20010328,5728.10,5728.20,5592.20,5614.00,0
FT-SE100,20010329,5614.00,5614.00,5519.90,5588.40,0
FT-SE100,20010330,5588.40,5664.80,5574.10,5633.70,0
FT-SE100,20010402,5633.70,5653.80,5558.80,5618.50,0
FT-SE100,20010403,5618.50,5618.50,5459.60,5463.10,0
FT-SE100,20010404,5463.10,5537.30,5354.30,5535.70,0
FT-SE100,20010405,5535.70,5658.90,5528.70,5621.80,0
FT-SE100,20010406,5621.80,5685.60,5543.10,5601.50,0
FT-SE100,20010409,5601.50,5679.70,5570.10,5663.30,0
FT-SE100,20010410,5663.30,5808.30,5663.00,5803.00,0
FT-SE100,20010411,5803.00,5841.30,5766.80,5788.10,0
FT-SE100,20010412,5788.10,5796.00,5735.20,5766.60,0
FT-SE100,20010417,5766.60,5774.50,5654.90,5761.10,0
FT-SE100,20010418,5761.10,5902.60,5760.70,5890.20,0
FT-SE100,20010419,5890.20,5943.40,5844.70,5871.60,0
FT-SE100,20010420,5871.60,5897.70,5819.70,5879.80,0
FT-SE100,20010423,5879.80,5889.10,5834.50,5871.30,0
FT-SE100,20010424,5871.30,5910.60,5824.30,5840.30,0
FT-SE100,20010425,5840.30,5840.30,5788.20,5827.50,0
FT-SE100,20010426,5827.50,5868.30,5777.60,5868.30,0
FT-SE100,20010427,5868.30,5976.90,5837.60,5951.40,0
FT-SE100,20010430,5951.40,5995.40,5948.00,5966.90,0
FT-SE100,20010501,5966.90,5966.90,5917.00,5928.00,0
FT-SE100,20010502,5928.00,5963.80,5896.40,5904.20,0
FT-SE100,20010503,5904.20,5904.20,5755.70,5765.80,0
FT-SE100,20010504,5765.80,5871.70,5753.90,5870.30,0
FT-SE100,20010508,5870.30,5893.70,5842.60,5886.40,0
FT-SE100,20010509,5886.40,5905.30,5826.80,5893.70,0
FT-SE100,20010510,5893.70,5987.50,5874.50,5964.00,0
FT-SE100,20010511,5964.00,5977.50,5890.40,5896.80,0
FT-SE100,20010514,5896.80,5896.80,5690.50,5690.50,0
FT-SE100,20010515,5690.50,5858.20,5690.50,5842.90,0
FT-SE100,20010516,5842.90,5884.70,5767.70,5884.00,0
FT-SE100,20010517,5884.00,5968.40,5884.00,5904.50,0
FT-SE100,20010518,5904.50,5942.20,5888.90,5915.00,0
FT-SE100,20010521,5915.00,5978.30,5897.80,5941.60,0
FT-SE100,20010522,5941.60,5993.70,5936.80,5976.60,0
FT-SE100,20010523,5976.60,5976.60,5897.40,5897.40,0
FT-SE100,20010524,5897.40,5950.00,5889.30,5915.90,0
FT-SE100,20010525,5915.90,5929.80,5859.80,5889.80,0
FT-SE100,20010529,5889.80,5906.60,5840.80,5863.90,0
FT-SE100,20010530,5863.90,5863.90,5788.90,5796.90,0
FT-SE100,20010531,5796.90,5829.80,5733.80,5796.10,0
FT-SE100,20010601,5796.10,5833.40,5766.60,5809.60,0
FT-SE100,20010604,5809.60,5861.80,5809.10,5856.50,0
FT-SE100,20010605,5856.50,5923.90,5842.20,5922.50,0
FT-SE100,20010606,5922.50,5959.70,5891.90,5901.50,0
FT-SE100,20010607,5901.50,5948.30,5887.40,5948.30,0
FT-SE100,20010608,5948.30,5981.80,5934.80,5950.60,0
FT-SE100,20010611,5950.60,5950.60,5858.30,5860.50,0
FT-SE100,20010612,5860.50,5879.50,5783.40,5804.00,0
FT-SE100,20010613,5804.00,5862.10,5804.00,5820.20,0
FT-SE100,20010614,5820.20,5820.20,5734.60,5752.50,0
FT-SE100,20010615,5752.50,5756.20,5657.70,5723.00,0
FT-SE100,20010618,5723.00,5723.00,5671.60,5671.60,0
FT-SE100,20010619,5671.60,5743.60,5667.20,5680.40,0
FT-SE100,20010620,5680.40,5711.90,5622.50,5699.60,0
FT-SE100,20010621,5699.60,5710.90,5641.40,5641.40,0
FT-SE100,20010622,5641.40,5695.10,5632.40,5665.70,0
FT-SE100,20010625,5665.70,5704.50,5638.40,5661.90,0
FT-SE100,20010626,5661.90,5666.30,5537.30,5555.70,0
FT-SE100,20010627,5555.70,5608.30,5555.70,5607.90,0
FT-SE100,20010628,5607.90,5645.00,5519.60,5638.40,0
FT-SE100,20010629,5638.40,5656.40,5604.80,5642.50,0
FT-SE100,20010702,5642.50,5723.40,5614.60,5716.70,0
FT-SE100,20010703,5716.70,5726.10,5630.30,5639.90,0
FT-SE100,20010704,5639.90,5644.00,5587.80,5600.50,0
FT-SE100,20010705,5600.50,5601.30,5509.70,5549.60,0
FT-SE100,20010706,5549.60,5549.60,5443.90,5479.20,0
FT-SE100,20010709,5479.20,5487.90,5420.50,5468.90,0
FT-SE100,20010710,5468.90,5509.40,5461.20,5467.90,0
FT-SE100,20010711,5467.90,5468.50,5380.40,5391.90,0
FT-SE100,20010712,5391.90,5497.60,5391.90,5481.60,0
FT-SE100,20010713,5481.60,5544.10,5439.60,5537.00,0
FT-SE100,20010716,5537.00,5537.00,5503.60,5517.10,0
FT-SE100,20010717,5517.10,5517.10,5408.40,5427.80,0
FT-SE100,20010718,5427.80,5431.90,5379.00,5404.60,0
FT-SE100,20010719,5404.60,5437.40,5322.20,5437.40,0
FT-SE100,20010720,5437.40,5437.40,5350.40,5387.10,0
FT-SE100,20010723,5387.10,5446.80,5365.80,5405.30,0
FT-SE100,20010724,5405.30,5412.80,5313.00,5320.20,0
FT-SE100,20010725,5320.20,5350.10,5260.50,5275.70,0
FT-SE100,20010726,5275.70,5322.70,5269.50,5286.10,0
FT-SE100,20010727,5286.10,5403.10,5286.10,5403.10,0
FT-SE100,20010730,5403.10,5456.90,5376.10,5446.70,0
FT-SE100,20010731,5446.70,5531.80,5408.80,5529.10,0
FT-SE100,20010801,5529.10,5549.00,5499.50,5546.90,0
FT-SE100,20010802,5546.90,5644.20,5533.80,5584.50,0
FT-SE100,20010803,5584.50,5590.20,5511.10,5547.60,0
FT-SE100,20010806,5547.60,5561.20,5516.00,5526.40,0
FT-SE100,20010807,5526.40,5546.60,5448.20,5536.80,0
FT-SE100,20010808,5536.80,5536.80,5434.30,5476.50,0
FT-SE100,20010809,5476.50,5476.50,5376.70,5402.90,0
FT-SE100,20010810,5402.90,5469.00,5398.50,5427.20,0
FT-SE100,20010813,5427.20,5465.00,5410.90,5431.10,0
FT-SE100,20010814,5431.10,5525.60,5430.60,5507.80,0
FT-SE100,20010815,5507.80,5533.20,5456.60,5461.60,0
FT-SE100,20010816,5461.60,5462.40,5389.80,5389.80,0
FT-SE100,20010817,5389.80,5428.90,5299.60,5342.10,0
FT-SE100,20010820,5342.10,5372.10,5286.70,5357.40,0
FT-SE100,20010821,5357.40,5435.30,5353.20,5430.30,0
FT-SE100,20010822,5430.30,5471.60,5373.00,5408.70,0
FT-SE100,20010823,5408.70,5433.40,5371.00,5396.50,0
FT-SE100,20010824,5396.50,5471.90,5385.30,5471.90,0
FT-SE100,20010828,5471.90,5475.50,5395.90,5434.70,0
FT-SE100,20010829,5434.70,5460.20,5384.30,5417.60,0
FT-SE100,20010830,5417.60,5435.70,5332.70,5332.70,0
FT-SE100,20010831,5332.70,5378.00,5298.30,5345.00,0
FT-SE100,20010903,5345.00,5366.90,5278.20,5312.10,0
FT-SE100,20010904,5312.10,5379.60,5291.30,5379.60,0
FT-SE100,20010905,5379.60,5379.60,5306.60,5316.00,0
FT-SE100,20010906,5316.00,5333.00,5189.80,5204.30,0
FT-SE100,20010907,5204.30,5206.80,5068.10,5070.30,0
FT-SE100,20010910,5070.30,5070.30,4895.90,5033.70,0
FT-SE100,20010911,5033.70,5129.40,4746.00,4746.00,0
FT-SE100,20010912,4746.00,4882.10,4651.80,4882.10,0
FT-SE100,20010913,4882.10,4946.60,4847.50,4943.60,0
FT-SE100,20010914,4943.60,4970.10,4743.00,4755.70,0
FT-SE100,20010917,4755.70,4898.90,4670.50,4898.90,0
FT-SE100,20010918,4898.90,4899.40,4772.20,4848.70,0
FT-SE100,20010919,4848.70,4874.00,4697.40,4721.70,0
FT-SE100,20010920,4721.70,4743.80,4523.50,4556.90,0
FT-SE100,20010921,4556.90,4556.90,4219.80,4433.70,0
FT-SE100,20010924,4433.70,4615.50,4433.70,4613.90,0
FT-SE100,20010925,4613.90,4679.60,4515.30,4663.40,0
FT-SE100,20010926,4663.40,4715.00,4606.60,4696.10,0
FT-SE100,20010927,4696.10,4763.60,4651.00,4763.60,0
FT-SE100,20010928,4763.60,4920.50,4763.60,4903.40,0
FT-SE100,20011001,4903.40,4903.40,4768.10,4785.60,0
FT-SE100,20011002,4785.60,4833.00,4730.70,4832.30,0
FT-SE100,20011003,4832.30,4884.60,4758.50,4881.80,0
FT-SE100,20011004,4881.80,5034.30,4881.80,5016.20,0
FT-SE100,20011005,5016.20,5082.90,4962.10,5036.00,0
FT-SE100,20011008,5036.00,5051.00,4902.70,5032.70,0
FT-SE100,20011009,5032.70,5079.20,4997.00,5009.80,0
FT-SE100,20011010,5009.80,5153.10,4978.20,5153.10,0
FT-SE100,20011011,5153.10,5279.80,5136.90,5164.90,0
FT-SE100,20011012,5164.90,5187.50,5081.20,5145.50,0
FT-SE100,20011015,5145.50,5148.40,5046.00,5067.30,0
FT-SE100,20011016,5067.30,5158.70,5060.80,5082.60,0
FT-SE100,20011017,5082.60,5229.60,5082.60,5203.40,0
FT-SE100,20011018,5203.40,5203.40,5090.20,5116.00,0
FT-SE100,20011019,5116.00,5116.00,5003.90,5017.70,0
FT-SE100,20011022,5017.70,5078.20,5017.70,5070.40,0
FT-SE100,20011023,5070.40,5193.30,5070.40,5193.30,0
FT-SE100,20011024,5193.30,5265.50,5133.00,5167.60,0
FT-SE100,20011025,5167.60,5217.00,5043.20,5086.60,0
FT-SE100,20011026,5086.60,5188.60,5086.60,5188.60,0
FT-SE100,20011029,5188.60,5188.60,5083.30,5085.90,0
FT-SE100,20011030,5085.90,5085.90,4977.30,5003.60,0
FT-SE100,20011031,5003.60,5101.10,4954.90,5039.70,0
FT-SE100,20011101,5039.70,5071.20,4988.30,5071.20,0
FT-SE100,20011102,5071.20,5129.50,5071.20,5129.50,0
FT-SE100,20011105,5129.50,5213.80,5124.00,5209.10,0
FT-SE100,20011106,5209.10,5272.50,5184.80,5214.10,0
FT-SE100,20011107,5214.10,5246.40,5153.30,5216.30,0
FT-SE100,20011108,5216.80,5293.50,5208.40,5278.10,0
FT-SE100,20011109,5278.00,5278.00,5222.00,5244.20,0
FT-SE100,20011112,5244.70,5251.40,5065.40,5146.20,0
FT-SE100,20011113,5146.90,5284.20,5146.90,5277.10,0
FT-SE100,20011114,5277.10,5366.40,5214.30,5240.70,0
FT-SE100,20011115,5240.70,5297.10,5193.40,5238.20,0
FT-SE100,20011116,5238.20,5313.80,5226.10,5291.00,0
FT-SE100,20011119,5291.00,5383.20,5285.60,5338.00,0
FT-SE100,20011120,5338.00,5344.30,5283.50,5298.70,0
FT-SE100,20011121,5298.70,5367.60,5272.10,5313.80,0
FT-SE100,20011122,5313.80,5362.60,5313.80,5345.90,0
FT-SE100,20011123,5345.90,5358.50,5220.80,5293.20,0
FT-SE100,20011126,5293.20,5346.00,5273.00,5302.50,0
FT-SE100,20011127,5302.50,5332.50,5232.80,5266.00,0
FT-SE100,20011128,5266.00,5283.30,5182.20,5205.20,0
FT-SE100,20011129,5205.20,5213.20,5152.10,5208.50,0
FT-SE100,20011130,5208.50,5216.90,5146.50,5203.60,0
FT-SE100,20011203,5203.60,5203.60,5152.30,5164.60,0
FT-SE100,20011204,5164.60,5218.60,5164.60,5212.10,0
FT-SE100,20011205,5212.10,5338.20,5212.10,5333.50,0
FT-SE100,20011206,5333.50,5411.20,5327.30,5369.80,0
FT-SE100,20011207,5369.80,5388.80,5258.70,5264.70,0
FT-SE100,20011210,5264.70,5276.20,5172.20,5185.00,0
FT-SE100,20011211,5185.00,5194.40,5143.80,5160.80,0
FT-SE100,20011212,5160.80,5181.70,5106.00,5120.00,0
FT-SE100,20011213,5120.00,5134.10,5035.80,5074.90,0
FT-SE100,20011214,5074.90,5092.30,5032.30,5061.00,0
FT-SE100,20011217,5061.00,5151.00,5038.20,5136.30,0
FT-SE100,20011218,5136.30,5181.90,5124.90,5151.10,0
FT-SE100,20011219,5151.10,5157.80,5091.40,5120.60,0
FT-SE100,20011220,5120.60,5151.00,5080.10,5080.20,0
FT-SE100,20011221,5080.20,5182.20,5044.30,5159.20,0
FT-SE100,20011224,5159.20,5177.40,5147.20,5177.40,0
FT-SE100,20011227,5177.40,5213.20,5160.80,5213.20,0
FT-SE100,20011228,5213.20,5243.70,5196.00,5242.40,0
FT-SE100,20011231,5242.40,5258.00,5203.60,5217.40,0
FT-SE100,20020102,5217.40,5261.90,5195.20,5218.30,0
FT-SE100,20020103,5218.30,5328.40,5218.30,5318.80,0
FT-SE100,20020104,5318.80,5362.30,5313.90,5323.80,0
FT-SE100,20020107,5323.80,5354.20,5277.70,5293.60,0
FT-SE100,20020108,5293.60,5307.30,5238.70,5250.40,0
FT-SE100,20020109,5250.40,5250.40,5200.70,5228.50,0
FT-SE100,20020110,5228.50,5228.50,5177.60,5190.70,0
FT-SE100,20020111,5190.70,5229.50,5171.70,5198.60,0
FT-SE100,20020114,5198.60,5198.60,5095.60,5113.50,0
FT-SE100,20020115,5113.50,5175.40,5081.90,5166.00,0
FT-SE100,20020116,5166.00,5168.10,5106.00,5127.60,0
FT-SE100,20020117,5127.60,5180.30,5114.80,5138.40,0
FT-SE100,20020118,5138.40,5150.80,5103.20,5126.80,0
FT-SE100,20020121,5126.80,5146.50,5086.00,5138.50,0
FT-SE100,20020122,5138.50,5207.20,5124.10,5149.20,0
FT-SE100,20020123,5149.20,5201.00,5123.40,5180.60,0
FT-SE100,20020124,5180.60,5263.40,5180.60,5233.10,0
FT-SE100,20020125,5233.10,5233.10,5162.60,5193.00,0
FT-SE100,20020128,5193.00,5249.90,5193.00,5223.60,0
FT-SE100,20020129,5223.60,5243.20,5131.40,5131.40,0
FT-SE100,20020130,5131.40,5131.40,5052.80,5089.30,0
FT-SE100,20020131,5089.30,5176.40,5088.70,5164.80,0
FT-SE100,20020201,5164.80,5227.40,5164.80,5189.70,0
FT-SE100,20020204,5189.70,5189.70,5139.70,5167.30,0
FT-SE100,20020205,5167.30,5167.30,5056.80,5093.40,0
FT-SE100,20020206,5093.40,5106.90,5038.30,5073.80,0
FT-SE100,20020207,5073.80,5127.00,5038.30,5127.00,0
FT-SE100,20020208,5127.00,5147.70,5105.00,5128.10,0
FT-SE100,20020211,5128.10,5173.60,5128.10,5161.80,0
FT-SE100,20020212,5161.80,5216.90,5130.10,5135.70,0
FT-SE100,20020213,5135.70,5164.60,5097.70,5153.90,0
FT-SE100,20020214,5153.90,5238.00,5151.90,5208.70,0
FT-SE100,20020215,5208.70,5235.40,5174.80,5182.50,0
FT-SE100,20020218,5182.50,5195.70,5152.30,5154.30,0
FT-SE100,20020219,5154.30,5154.30,5089.00,5092.50,0
FT-SE100,20020220,5092.50,5092.50,5015.50,5024.10,0
FT-SE100,20020221,5024.10,5096.60,5024.10,5073.30,0
FT-SE100,20020222,5073.30,5074.10,5016.00,5050.80,0
FT-SE100,20020225,5050.80,5105.70,5047.90,5100.70,0
FT-SE100,20020226,5100.80,5157.40,5100.80,5139.00,0
FT-SE100,20020227,5139.00,5196.90,5129.60,5178.40,0
FT-SE100,20020228,5178.40,5178.40,5093.70,5101.00,0
FT-SE100,20020301,5101.00,5172.30,5101.00,5169.00,0
FT-SE100,20020304,5169.00,5270.70,5169.00,5242.00,0
FT-SE100,20020305,5242.00,5269.40,5208.00,5214.00,0
FT-SE100,20020306,5214.00,5251.00,5188.50,5245.50,0
FT-SE100,20020307,5245.50,5317.60,5245.50,5282.10,0
FT-SE100,20020308,5282.10,5328.60,5252.70,5285.70,0
FT-SE100,20020311,5285.70,5313.60,5257.30,5258.90,0
FT-SE100,20020312,5258.90,5258.90,5200.60,5252.50,0
FT-SE100,20020313,5252.50,5307.30,5237.60,5272.00,0
FT-SE100,20020314,5272.00,5272.00,5237.20,5261.40,0
FT-SE100,20020315,5261.40,5297.20,5243.50,5292.70,0
FT-SE100,20020318,5292.70,5320.80,5278.70,5299.90,0
FT-SE100,20020319,5299.90,5331.60,5299.90,5316.10,0
FT-SE100,20020320,5316.10,5316.10,5253.50,5266.90,0
FT-SE100,20020321,5266.90,5279.70,5240.10,5253.30,0
FT-SE100,20020322,5253.30,5268.40,5235.30,5250.50,0
FT-SE100,20020325,5250.50,5298.40,5203.60,5203.60,0
FT-SE100,20020326,5203.60,5222.20,5170.50,5195.50,0
FT-SE100,20020327,5195.50,5225.40,5189.40,5214.70,0
FT-SE100,20020328,5214.70,5286.40,5214.70,5271.80,0
FT-SE100,20020402,5271.80,5271.80,5231.50,5251.40,0
FT-SE100,20020403,5251.40,5268.40,5235.40,5247.80,0
FT-SE100,20020404,5247.80,5247.80,5187.70,5209.50,0
FT-SE100,20020405,5209.50,5261.10,5207.00,5233.60,0
FT-SE100,20020408,5233.60,5238.80,5149.30,5178.60,0
FT-SE100,20020409,5178.60,5213.20,5164.60,5179.60,0
FT-SE100,20020410,5179.60,5236.10,5155.10,5229.10,0
FT-SE100,20020411,5229.10,5243.70,5136.30,5137.40,0
FT-SE100,20020412,5137.40,5179.90,5137.40,5161.00,0
FT-SE100,20020415,5161.00,5209.00,5153.20,5201.40,0
FT-SE100,20020416,5201.40,5259.90,5201.40,5259.90,0
FT-SE100,20020417,5259.90,5292.30,5256.60,5263.90,0
FT-SE100,20020418,5263.90,5291.60,5229.40,5229.40,0
FT-SE100,20020419,5229.40,5248.90,5210.40,5243.60,0
FT-SE100,20020422,5243.60,5243.60,5209.50,5221.50,0
FT-SE100,20020423,5221.50,5241.60,5171.50,5191.00,0
FT-SE100,20020424,5191.00,5225.30,5169.00,5218.20,0
FT-SE100,20020425,5218.20,5218.20,5116.00,5197.50,0
FT-SE100,20020426,5197.50,5218.00,5141.90,5159.00,0
FT-SE100,20020429,5159.00,5171.40,5123.70,5153.90,0
FT-SE100,20020430,5153.90,5168.80,5131.90,5165.60,0
FT-SE100,20020501,5165.60,5177.70,5125.00,5125.50,0
FT-SE100,20020502,5125.50,5192.70,5125.50,5174.10,0
FT-SE100,20020503,5174.10,5236.00,5146.50,5203.10,0
FT-SE100,20020507,5203.10,5203.10,5082.70,5119.90,0
FT-SE100,20020508,5119.90,5209.10,5119.90,5209.10,0
FT-SE100,20020509,5209.10,5216.60,5178.30,5197.60,0
FT-SE100,20020510,5197.60,5204.30,5160.20,5171.20,0
FT-SE100,20020513,5171.20,5208.20,5147.50,5204.80,0
FT-SE100,20020514,5204.80,5260.90,5181.90,5239.50,0
FT-SE100,20020515,5239.50,5272.20,5236.70,5259.10,0
FT-SE100,20020516,5259.10,5278.90,5241.90,5248.50,0
FT-SE100,20020517,5248.50,5282.20,5211.90,5218.00,0
FT-SE100,20020520,5218.00,5246.50,5200.30,5208.10,0
FT-SE100,20020521,5208.10,5242.40,5187.60,5197.20,0
FT-SE100,20020522,5197.20,5200.50,5137.00,5151.90,0
FT-SE100,20020523,5151.90,5195.90,5129.40,5175.30,0
FT-SE100,20020524,5175.30,5197.10,5166.80,5169.10,0
FT-SE100,20020527,5169.10,5187.90,5136.00,5136.30,0
FT-SE100,20020528,5136.30,5169.10,5062.40,5074.20,0
FT-SE100,20020529,5074.20,5085.10,5056.40,5083.00,0
FT-SE100,20020530,5083.00,5083.00,5016.90,5040.80,0
FT-SE100,20020531,5040.80,5085.10,5036.30,5085.10,0
FT-SE100,20020603,5085.10,5095.10,5085.10,5085.10,0
FT-SE100,20020605,5085.10,5085.10,4971.40,4989.10,0
FT-SE100,20020606,4989.10,5016.70,4951.40,4957.60,0
FT-SE100,20020607,4957.60,4957.60,4851.20,4920.40,0
FT-SE100,20020610,4920.40,4948.30,4905.00,4928.20,0
FT-SE100,20020611,4928.20,4943.70,4888.30,4934.80,0
FT-SE100,20020612,4934.80,4934.80,4850.80,4851.70,0
FT-SE100,20020613,4851.70,4882.80,4762.20,4771.90,0
FT-SE100,20020614,4771.90,4771.90,4565.40,4630.80,0
FT-SE100,20020617,4630.80,4761.70,4630.80,4756.80,0
FT-SE100,20020618,4756.80,4775.10,4697.70,4702.00,0
FT-SE100,20020619,4702.00,4702.00,4616.70,4652.40,0
FT-SE100,20020620,4652.40,4679.60,4568.40,4580.30,0
FT-SE100,20020621,4580.30,4641.40,4506.30,4605.30,0
FT-SE100,20020624,4605.30,4644.60,4537.70,4541.90,0
FT-SE100,20020625,4541.90,4648.10,4541.90,4631.00,0
FT-SE100,20020626,4631.00,4631.00,4442.90,4531.00,0
FT-SE100,20020627,4531.00,4589.60,4521.00,4540.60,0
FT-SE100,20020628,4540.60,4657.10,4540.60,4656.40,0
FT-SE100,20020701,4656.40,4708.70,4620.70,4685.80,0
FT-SE100,20020702,4685.80,4685.80,4530.70,4546.80,0
FT-SE100,20020703,4546.80,4572.70,4392.60,4392.60,0
FT-SE100,20020704,4392.60,4471.70,4392.60,4471.20,0
FT-SE100,20020705,4471.20,4618.80,4471.20,4615.60,0
FT-SE100,20020708,4615.60,4615.60,4552.00,4601.30,0
FT-SE100,20020709,4601.30,4636.10,4493.40,4542.90,0
FT-SE100,20020710,4542.90,4542.90,4420.10,4420.10,0
FT-SE100,20020711,4420.10,4420.10,4230.00,4230.00,0
FT-SE100,20020712,4286.00,4331.50,4175.50,4224.10,0
FT-SE100,20020715,4224.10,4258.70,3974.60,3994.50,0
FT-SE100,20020716,3994.50,4080.00,3860.30,4021.90,0
FT-SE100,20020717,4021.80,4197.90,3967.50,4190.60,0
FT-SE100,20020718,4185.30,4299.80,4172.80,4279.20,0
FT-SE100,20020719,4212.90,4217.30,4098.30,4098.30,0
FT-SE100,20020722,4098.29,4098.29,3895.50,3895.50,0
FT-SE100,20020723,3895.50,3994.40,3795.20,3858.00,0
FT-SE100,20020724,3839.70,3840.60,3627.90,3777.10,0
FT-SE100,20020725,3893.50,3965.90,3828.80,3965.90,0
FT-SE100,20020726,3938.10,4025.50,3854.20,4016.60,0
FT-SE100,20020729,4030.70,4202.70,4018.90,4202.70,0
FT-SE100,20020730,4263.80,4271.30,4135.90,4180.90,0
FT-SE100,20020731,4193.10,4306.10,4171.20,4246.20,0
FT-SE100,20020801,4232.60,4282.40,4044.00,4044.50,0
FT-SE100,20020802,4039.60,4100.70,4024.30,4075.50,0
FT-SE100,20020805,4075.50,4080.90,3946.40,3996.40,0
FT-SE100,20020806,3996.40,4136.10,3900.70,4131.00,0
FT-SE100,20020807,4131.00,4206.90,4069.00,4094.40,0
FT-SE100,20020808,4094.40,4240.50,4094.40,4240.50,0
FT-SE100,20020809,4240.50,4322.40,4190.40,4322.40,0
FT-SE100,20020812,4322.40,4322.40,4212.70,4221.60,0
FT-SE100,20020813,4235.30,4271.70,4162.50,4271.70,0
FT-SE100,20020814,4185.80,4271.30,4158.30,4171.10,0
FT-SE100,20020815,4171.10,4345.70,4171.10,4327.50,0
FT-SE100,20020816,4327.50,4382.30,4285.90,4330.00,0
FT-SE100,20020819,4330.00,4432.30,4307.70,4426.80,0
FT-SE100,20020820,4426.80,4452.40,4361.50,4368.90,0
FT-SE100,20020821,4365.40,4466.40,4348.90,4364.80,0
FT-SE100,20020822,4364.80,4437.20,4364.80,4434.70,0
FT-SE100,20020823,4434.70,4455.30,4389.80,4389.80,0
FT-SE100,20020827,4389.80,4464.00,4358.30,4449.70,0
FT-SE100,20020828,4449.70,4449.70,4274.00,4274.00,0
FT-SE100,20020829,4274.00,4274.00,4179.30,4209.30,0
FT-SE100,20020830,4209.30,4259.30,4173.50,4227.30,0
FT-SE100,20020902,4227.30,4227.30,4156.20,4180.90,0
FT-SE100,20020903,4158.20,4158.50,3991.10,4028.60,0
FT-SE100,20020904,4028.60,4070.90,3990.80,4026.90,0
FT-SE100,20020905,4026.90,4064.70,3918.60,4011.00,0
FT-SE100,20020906,4011.00,4138.30,3981.90,4107.20,0
FT-SE100,20020909,4107.20,4107.20,4035.50,4062.40,0
FT-SE100,20020910,4062.40,4177.60,4062.40,4175.50,0
FT-SE100,20020911,4175.50,4246.40,4129.40,4210.70,0
FT-SE100,20020912,4210.70,4210.70,4078.70,4084.90,0
FT-SE100,20020913,4084.90,4085.30,3927.80,4008.00,0
FT-SE100,20020916,4008.00,4068.40,3973.70,4044.30,0
FT-SE100,20020917,4044.30,4150.20,4014.70,4025.10,0
FT-SE100,20020918,3949.20,3957.90,3865.40,3865.40,0
FT-SE100,20020919,3865.40,3896.90,3781.60,3813.50,0
FT-SE100,20020920,3813.50,4064.10,3755.60,3860.10,0
FT-SE100,20020923,3860.10,3925.20,3717.80,3739.40,0
FT-SE100,20020924,3739.40,3761.10,3609.90,3671.10,0
FT-SE100,20020925,3671.10,3771.50,3624.20,3696.20,0
FT-SE100,20020926,3696.20,3850.60,3696.20,3850.60,0
FT-SE100,20020927,3850.60,3920.30,3831.20,3907.20,0
FT-SE100,20020930,3907.20,3907.20,3671.30,3721.80,0
FT-SE100,20021001,3721.80,3806.40,3690.40,3797.40,0
FT-SE100,20021002,3797.40,3925.60,3797.40,3905.20,0
FT-SE100,20021003,3905.20,3961.50,3855.50,3880.30,0
FT-SE100,20021004,3880.30,3886.20,3793.70,3813.80,0
FT-SE100,20021007,3813.80,3813.80,3733.40,3780.90,0
FT-SE100,20021008,3780.90,3840.50,3723.90,3730.50,0
FT-SE100,20021009,3730.50,3778.30,3704.30,3742.40,0
FT-SE100,20021010,3742.40,3780.40,3663.40,3777.30,0
FT-SE100,20021011,3777.30,3953.40,3777.30,3953.40,0
FT-SE100,20021014,3953.40,3992.60,3908.10,3931.60,0
FT-SE100,20021015,3931.60,4130.30,3931.60,4130.30,0
FT-SE100,20021016,4130.30,4179.60,4031.60,4057.70,0
FT-SE100,20021017,4128.50,4184.00,4108.50,4170.80,0
FT-SE100,20021018,4170.70,4197.50,4075.40,4130.50,0
FT-SE100,20021021,4130.50,4156.30,4086.50,4133.80,0
FT-SE100,20021022,4133.80,4184.60,4108.80,4118.90,0
FT-SE100,20021023,4118.90,4166.60,4006.90,4006.90,0
FT-SE100,20021024,4006.90,4107.70,4006.90,4103.70,0
FT-SE100,20021025,4103.70,4103.70,4019.80,4051.10,0
FT-SE100,20021028,4051.10,4147.90,4051.10,4090.50,0
FT-SE100,20021029,4090.50,4090.50,3919.40,3935.90,0
FT-SE100,20021030,3935.90,4002.70,3934.60,4002.70,0
FT-SE100,20021031,4002.70,4073.00,3978.70,4039.70,0
FT-SE100,20021101,4039.70,4039.70,3953.30,3997.00,0
FT-SE100,20021104,3997.00,4143.40,3997.00,4141.50,0
FT-SE100,20021105,4141.50,4146.10,4083.10,4146.10,0
FT-SE100,20021106,4146.10,4192.40,4101.00,4103.70,0
FT-SE100,20021107,4103.70,4147.10,4073.40,4081.30,0
FT-SE100,20021108,4081.30,4091.60,4026.20,4034.60,0
FT-SE100,20021111,4034.60,4044.00,3961.00,4015.60,0
FT-SE100,20021112,4015.60,4085.00,4013.90,4085.00,0
FT-SE100,20021113,4085.00,4085.00,3986.90,4029.40,0
FT-SE100,20021114,4029.40,4064.00,3985.40,4053.10,0
FT-SE100,20021115,4053.10,4117.40,4053.10,4091.60,0
FT-SE100,20021118,4091.60,4164.70,4087.00,4116.00,0
FT-SE100,20021119,4116.00,4116.90,4070.70,4096.50,0
FT-SE100,20021120,4096.50,4118.40,4069.30,4094.90,0
FT-SE100,20021121,4094.90,4194.80,4094.90,4190.00,0
FT-SE100,20021122,4190.00,4224.80,4162.80,4175.20,0
FT-SE100,20021125,4175.20,4197.70,4108.00,4122.20,0
FT-SE100,20021126,4122.20,4142.10,4058.30,4071.00,0
FT-SE100,20021127,4071.00,4146.20,4060.90,4144.20,0
FT-SE100,20021128,4144.20,4202.20,4138.90,4185.40,0
FT-SE100,20021129,4185.40,4206.80,4130.30,4169.40,0
FT-SE100,20021202,4169.40,4218.60,4149.80,4154.30,0
FT-SE100,20021203,4154.30,4154.30,4070.60,4075.40,0
FT-SE100,20021204,4075.40,4075.40,4023.00,4048.60,0
FT-SE100,20021205,4048.60,4109.90,4019.60,4032.40,0
FT-SE100,20021206,4032.40,4050.40,3931.90,4013.50,0
FT-SE100,20021209,4013.50,4039.80,3933.90,3933.90,0
FT-SE100,20021210,3933.90,3985.60,3912.10,3925.00,0
FT-SE100,20021211,3925.00,3995.00,3919.90,3974.90,0
FT-SE100,20021212,3974.90,3982.30,3916.00,3935.30,0
FT-SE100,20021213,3935.30,3961.80,3839.40,3878.10,0
FT-SE100,20021216,3878.10,3987.90,3846.80,3984.00,0
FT-SE100,20021217,3984.00,3999.80,3906.10,3908.70,0
FT-SE100,20021218,3908.70,3911.40,3827.80,3835.20,0
FT-SE100,20021219,3835.20,3907.20,3803.40,3841.40,0
FT-SE100,20021220,3841.40,3893.30,3841.40,3889.90,0
FT-SE100,20021223,3889.90,3936.90,3887.60,3936.90,0
FT-SE100,20021224,3936.90,3957.70,3923.40,3942.10,0
FT-SE100,20021227,3942.10,3944.10,3822.20,3829.40,0
FT-SE100,20021230,3829.40,3903.70,3805.10,3900.60,0
FT-SE100,20021231,3900.60,3949.10,3890.70,3940.40,0
FT-SE100,20030102,3940.40,4009.50,3915.80,4009.50,0
FT-SE100,20030103,4009.50,4027.60,3991.20,4004.90,0
FT-SE100,20030106,4004.90,4025.50,3930.90,4001.40,0
FT-SE100,20030107,4001.40,4015.40,3925.40,3957.40,0
FT-SE100,20030108,3957.40,3957.40,3906.80,3924.80,0
FT-SE100,20030109,3924.80,3942.50,3865.80,3934.00,0
FT-SE100,20030110,3934.00,3997.20,3926.00,3974.10,0
FT-SE100,20030113,3974.10,4020.20,3921.90,3948.30,0
FT-SE100,20030114,3948.30,3983.80,3924.30,3945.60,0
FT-SE100,20030115,3945.60,3963.20,3880.10,3887.80,0
FT-SE100,20030116,3887.80,3900.80,3863.10,3881.80,0
FT-SE100,20030117,3881.80,3881.80,3820.60,3820.60,0
FT-SE100,20030120,3820.60,3853.40,3774.10,3778.60,0
FT-SE100,20030121,3778.60,3815.00,3736.70,3736.70,0
FT-SE100,20030122,3736.70,3752.80,3658.40,3678.00,0
FT-SE100,20030123,3678.00,3721.70,3622.20,3622.20,0
FT-SE100,20030124,3622.20,3665.20,3583.70,3603.70,0
FT-SE100,20030127,3603.70,3603.70,3460.30,3480.80,0
FT-SE100,20030128,3480.80,3538.50,3464.10,3490.00,0
FT-SE100,20030129,3490.00,3493.70,3391.50,3483.80,0
FT-SE100,20030130,3506.20,3578.70,3506.20,3578.70,0
FT-SE100,20030131,3578.70,3580.50,3510.60,3567.40,0
FT-SE100,20030203,3567.40,3698.90,3567.40,3689.40,0
FT-SE100,20030204,3689.40,3689.40,3590.10,3590.10,0
FT-SE100,20030205,3590.10,3678.70,3569.00,3678.70,0
FT-SE100,20030206,3678.70,3689.70,3563.90,3597.00,0
FT-SE100,20030207,3597.00,3639.10,3568.40,3599.20,0
FT-SE100,20030210,3599.20,3626.40,3568.10,3579.10,0
FT-SE100,20030211,3579.10,3675.00,3579.10,3669.20,0
FT-SE100,20030212,3669.20,3669.20,3613.30,3616.10,0
FT-SE100,20030213,3616.10,3640.70,3568.70,3610.80,0
FT-SE100,20030214,3610.80,3683.60,3601.50,3611.90,0
FT-SE100,20030217,3611.90,3692.40,3611.90,3692.40,0
FT-SE100,20030218,3692.40,3747.00,3669.60,3729.50,0
FT-SE100,20030219,3729.50,3738.50,3657.90,3658.30,0
FT-SE100,20030220,3658.30,3724.70,3655.80,3687.20,0
FT-SE100,20030221,3687.20,3727.10,3660.20,3727.10,0
FT-SE100,20030224,3727.10,3746.50,3699.80,3701.80,0
FT-SE100,20030225,3701.80,3701.80,3592.10,3621.50,0
FT-SE100,20030226,3621.50,3652.00,3558.80,3593.30,0
FT-SE100,20030227,3593.30,3627.40,3535.10,3569.90,0
FT-SE100,20030228,3569.90,3655.60,3553.60,3655.60,0
FT-SE100,20030303,3655.60,3714.90,3640.80,3684.70,0
FT-SE100,20030304,3684.70,3684.70,3612.60,3625.30,0
FT-SE100,20030305,3595.40,3601.10,3560.30,3563.50,0
FT-SE100,20030306,3563.50,3590.30,3526.10,3555.40,0
FT-SE100,20030307,3555.40,3555.40,3467.20,3491.60,0
FT-SE100,20030310,3491.60,3502.40,3434.50,3436.00,0
FT-SE100,20030311,3436.00,3468.50,3400.30,3452.70,0
FT-SE100,20030312,3452.70,3466.40,3277.50,3287.00,0
FT-SE100,20030313,3287.00,3489.10,3287.00,3486.90,0
FT-SE100,20030314,3486.90,3612.90,3486.90,3601.80,0
FT-SE100,20030317,3601.80,3774.30,3525.30,3722.30,0
FT-SE100,20030318,3722.30,3810.80,3714.00,3747.30,0
FT-SE100,20030319,3747.30,3828.30,3716.50,3765.40,0
FT-SE100,20030320,3765.40,3790.70,3715.80,3765.70,0
FT-SE100,20030321,3765.70,3881.70,3765.70,3861.10,0
FT-SE100,20030324,3861.10,3861.10,3734.10,3743.30,0
FT-SE100,20030325,3743.30,3782.80,3660.40,3762.00,0
FT-SE100,20030326,3762.00,3809.50,3735.00,3793.10,0
FT-SE100,20030327,3793.10,3793.10,3711.50,3729.10,0
FT-SE100,20030328,3729.10,3752.60,3695.70,3708.50,0
FT-SE100,20030331,3625.70,3632.90,3586.00,3613.30,0
FT-SE100,20030401,3613.30,3691.80,3612.30,3684.80,0
FT-SE100,20030402,3684.80,3778.30,3682.00,3753.40,0
FT-SE100,20030403,3753.40,3808.50,3744.40,3771.10,0
FT-SE100,20030404,3771.10,3841.70,3751.70,3814.40,0
FT-SE100,20030407,3814.40,3962.20,3814.40,3935.80,0
FT-SE100,20030408,3935.80,3935.80,3868.50,3868.80,0
FT-SE100,20030409,3841.90,3892.30,3825.10,3861.40,0
FT-SE100,20030410,3861.40,3870.70,3803.20,3803.30,0
FT-SE100,20030411,3803.30,3871.40,3803.30,3808.10,0
FT-SE100,20030414,3808.10,3857.40,3800.70,3849.40,0
FT-SE100,20030415,3849.40,3926.50,3849.40,3916.80,0
FT-SE100,20030416,3916.80,3967.80,3849.50,3854.90,0
FT-SE100,20030417,3854.90,3904.60,3826.10,3889.20,0
FT-SE100,20030422,3889.20,3924.20,3873.90,3917.70,0
FT-SE100,20030423,3917.70,3997.30,3917.70,3966.50,0
FT-SE100,20030424,3966.50,3977.80,3892.20,3899.00,0
FT-SE100,20030425,3899.00,3919.40,3859.90,3870.20,0
FT-SE100,20030428,3870.20,3943.00,3855.50,3940.30,0
FT-SE100,20030429,3940.30,3976.20,3915.00,3927.80,0
FT-SE100,20030430,3927.80,3943.00,3912.30,3926.00,0
FT-SE100,20030501,3926.00,3926.00,3875.30,3880.10,0
FT-SE100,20030502,3880.10,3952.60,3880.10,3952.60,0
FT-SE100,20030506,3952.60,4007.00,3952.60,4006.40,0
FT-SE100,20030507,4006.40,4038.50,3981.70,3992.90,0
FT-SE100,20030508,3992.90,3992.90,3919.50,3928.90,0
FT-SE100,20030509,3928.90,3974.50,3912.80,3969.40,0
FT-SE100,20030512,3969.40,3991.00,3941.10,3987.40,0
FT-SE100,20030513,3987.40,4008.80,3976.10,3999.90,0
FT-SE100,20030514,3999.90,4023.20,3971.70,3975.00,0
FT-SE100,20030515,3975.00,4020.30,3965.60,4011.10,0
FT-SE100,20030516,4011.10,4080.80,4011.10,4049.00,0
FT-SE100,20030519,4049.00,4049.00,3932.50,3941.30,0
FT-SE100,20030520,3941.30,3985.00,3928.40,3971.60,0
FT-SE100,20030521,3971.60,3971.60,3907.80,3936.40,0
FT-SE100,20030522,3936.40,3990.40,3936.40,3990.40,0
FT-SE100,20030523,3990.40,4012.00,3954.00,3979.80,0
FT-SE100,20030527,3979.80,4000.70,3920.20,3992.40,0
FT-SE100,20030528,3992.40,4073.10,3992.40,4071.90,0
FT-SE100,20030529,4071.90,4095.50,4044.40,4083.60,0
FT-SE100,20030530,4083.60,4096.00,4048.10,4048.10,0
FT-SE100,20030602,4048.10,4129.30,4048.10,4129.30,0
FT-SE100,20030603,4129.30,4129.30,4074.40,4115.70,0
FT-SE100,20030604,4115.70,4143.50,4093.10,4126.60,0
FT-SE100,20030605,4126.60,4148.40,4083.10,4104.30,0
FT-SE100,20030606,4104.30,4178.50,4104.30,4150.80,0
FT-SE100,20030609,4150.80,4150.80,4101.10,4129.10,0
FT-SE100,20030610,4129.10,4132.40,4108.60,4113.00,0
FT-SE100,20030611,4125.40,4160.30,4118.60,4150.10,0
FT-SE100,20030612,4150.10,4193.60,4150.00,4161.30,0
FT-SE100,20030613,4161.30,4180.10,4124.90,4134.10,0
FT-SE100,20030616,4134.10,4174.30,4112.40,4152.90,0
FT-SE100,20030617,4152.90,4199.10,4152.90,4190.40,0
FT-SE100,20030618,4190.40,4218.80,4172.80,4207.00,0
FT-SE100,20030619,4207.00,4210.80,4128.70,4131.50,0
FT-SE100,20030620,4131.50,4169.10,4119.00,4160.10,0
FT-SE100,20030623,4160.10,4160.10,4081.30,4087.90,0
FT-SE100,20030624,4087.90,4094.90,4052.40,4060.90,0
FT-SE100,20030625,4060.90,4089.90,4049.80,4067.90,0
FT-SE100,20030626,4067.90,4077.20,4029.20,4041.70,0
FT-SE100,20030627,4041.70,4073.10,4040.80,4067.80,0
FT-SE100,20030630,4046.70,4095.60,4022.80,4031.20,0
FT-SE100,20030701,4031.20,4040.70,3951.50,3963.90,0
FT-SE100,20030702,3963.90,4025.80,3963.90,4006.90,0
FT-SE100,20030703,4006.90,4031.40,3980.30,4024.80,0
FT-SE100,20030704,4024.80,4031.40,4001.30,4021.50,0
FT-SE100,20030707,4021.50,4076.80,4021.10,4074.80,0
FT-SE100,20030708,4074.80,4088.20,4051.40,4073.60,0
FT-SE100,20030709,4073.60,4086.60,4048.60,4054.70,0
FT-SE100,20030710,4054.70,4068.20,4014.50,4028.80,0
FT-SE100,20030711,4022.80,4055.00,4022.80,4047.50,0
FT-SE100,20030714,4076.10,4096.10,4076.10,4096.10,0
FT-SE100,20030715,4116.60,4126.90,4102.50,4102.50,0
FT-SE100,20030716,4102.50,4132.00,4077.10,4077.10,0
FT-SE100,20030717,4077.10,4082.60,4031.90,4056.60,0
FT-SE100,20030718,4056.60,4090.30,4056.60,4073.20,0
FT-SE100,20030721,4073.20,4097.80,4043.90,4044.30,0
FT-SE100,20030722,4044.30,4079.70,4043.50,4079.70,0
FT-SE100,20030723,4079.70,4115.20,4077.90,4086.50,0
FT-SE100,20030724,4086.50,4155.20,4086.50,4149.60,0
FT-SE100,20030725,4149.60,4149.60,4116.30,4131.20,0
FT-SE100,20030728,4131.20,4183.00,4131.20,4148.80,0
FT-SE100,20030729,4148.80,4164.40,4125.00,4137.00,0
FT-SE100,20030730,4137.00,4157.60,4132.70,4141.20,0
FT-SE100,20030731,4141.20,4171.00,4114.10,4157.00,0
FT-SE100,20030801,4157.00,4157.00,4096.70,4098.40,0
FT-SE100,20030804,4098.40,4147.40,4086.20,4100.10,0
FT-SE100,20030805,4100.10,4131.00,4091.10,4121.00,0
FT-SE100,20030806,4121.00,4121.00,4044.90,4070.40,0
FT-SE100,20030807,4070.40,4095.60,4059.70,4095.60,0
FT-SE100,20030808,4095.60,4160.70,4095.60,4147.80,0
FT-SE100,20030811,4147.80,4181.70,4147.80,4176.70,0
FT-SE100,20030812,4176.70,4203.50,4170.90,4185.60,0
FT-SE100,20030813,4185.60,4216.80,4175.10,4180.70,0
FT-SE100,20030814,4180.70,4242.80,4180.70,4237.80,0
FT-SE100,20030815,4237.80,4266.40,4233.50,4247.30,0
FT-SE100,20030818,4247.30,4272.60,4244.60,4272.10,0
FT-SE100,20030819,4272.10,4286.90,4246.30,4250.80,0
FT-SE100,20030820,4250.80,4254.40,4196.50,4217.40,0
FT-SE100,20030821,4217.40,4250.40,4217.10,4223.50,0
FT-SE100,20030822,4223.50,4265.30,4222.00,4225.90,0
FT-SE100,20030826,4225.90,4225.90,4176.80,4177.40,0
FT-SE100,20030827,4177.40,4214.30,4177.40,4206.40,0
FT-SE100,20030828,4206.40,4229.00,4182.50,4198.00,0
FT-SE100,20030829,4198.00,4227.70,4161.10,4161.10,0
FT-SE100,20030901,4161.10,4222.10,4161.10,4204.40,0
FT-SE100,20030902,4204.40,4218.50,4193.30,4204.40,0
FT-SE100,20030903,4204.40,4279.10,4204.40,4262.10,0
FT-SE100,20030904,4262.10,4270.20,4240.70,4248.80,0
FT-SE100,20030905,4248.80,4261.00,4227.10,4257.20,0
FT-SE100,20030908,4257.20,4298.00,4250.30,4292.10,0
FT-SE100,20030909,4292.10,4293.70,4254.30,4263.90,0
FT-SE100,20030910,4263.90,4263.90,4240.70,4252.10,0
FT-SE100,20030911,4252.10,4266.20,4227.20,4242.20,0
FT-SE100,20030912,4242.20,4276.20,4229.60,4237.80,0
FT-SE100,20030915,4237.80,4277.00,4237.80,4260.90,0
FT-SE100,20030916,4260.90,4301.90,4259.50,4299.00,0
FT-SE100,20030917,4299.00,4329.60,4293.00,4293.00,0
FT-SE100,20030918,4293.00,4314.70,4284.40,4314.70,0
FT-SE100,20030919,4314.70,4321.00,4244.80,4257.00,0
FT-SE100,20030922,4257.00,4257.00,4198.20,4228.20,0
FT-SE100,20030923,4228.20,4251.40,4200.80,4221.70,0
FT-SE100,20030924,4221.70,4265.30,4221.70,4236.40,0
FT-SE100,20030925,4236.40,4236.40,4176.50,4202.20,0
FT-SE100,20030926,4202.20,4202.20,4146.40,4157.10,0
FT-SE100,20030929,4157.10,4190.70,4135.90,4142.70,0
FT-SE100,20030930,4142.70,4164.00,4081.80,4091.30,0
FT-SE100,20031001,4091.30,4169.20,4091.30,4169.20,0
FT-SE100,20031002,4169.20,4209.10,4169.20,4209.10,0
FT-SE100,20031003,4209.10,4285.40,4206.80,4274.00,0
FT-SE100,20031006,4274.00,4286.00,4260.20,4270.10,0
FT-SE100,20031007,4270.10,4275.60,4241.70,4272.00,0
FT-SE100,20031008,4272.00,4315.60,4257.50,4268.60,0
FT-SE100,20031009,4268.60,4316.80,4259.20,4313.90,0
FT-SE100,20031010,4313.90,4327.00,4291.40,4311.00,0
FT-SE100,20031013,4311.00,4362.30,4310.10,4362.30,0
FT-SE100,20031014,4362.30,4375.00,4323.90,4334.10,0
FT-SE100,20031015,4334.10,4393.80,4334.10,4368.80,0
FT-SE100,20031016,4368.80,4371.20,4326.40,4339.70,0
FT-SE100,20031017,4339.70,4360.10,4334.50,4344.00,0
FT-SE100,20031020,4344.00,4370.40,4329.40,4347.50,0
FT-SE100,20031021,4347.50,4377.60,4347.10,4352.30,0
FT-SE100,20031022,4352.30,4359.40,4266.10,4285.60,0
FT-SE100,20031023,4285.60,4285.60,4212.50,4240.20,0
FT-SE100,20031024,4240.20,4248.70,4219.00,4239.00,0
FT-SE100,20031027,4239.00,4267.00,4238.10,4251.30,0
FT-SE100,20031028,4251.30,4280.10,4251.30,4272.90,0
FT-SE100,20031029,4272.90,4293.10,4256.20,4265.70,0
FT-SE100,20031030,4265.70,4332.90,4260.30,4300.90,0
FT-SE100,20031031,4300.90,4300.90,4274.00,4287.60,0
FT-SE100,20031103,4287.60,4338.10,4286.10,4332.60,0
FT-SE100,20031104,4332.60,4352.60,4322.40,4330.30,0
FT-SE100,20031105,4330.30,4330.30,4288.10,4303.40,0
FT-SE100,20031106,4303.40,4337.70,4283.40,4324.20,0
FT-SE100,20031107,4324.20,4389.20,4324.20,4376.90,0
FT-SE100,20031110,4376.90,4376.90,4338.60,4341.80,0
FT-SE100,20031111,4341.80,4349.20,4313.50,4345.10,0
FT-SE100,20031112,4345.10,4372.70,4336.20,4371.20,0
FT-SE100,20031113,4371.20,4406.80,4361.20,4373.00,0
FT-SE100,20031114,4373.00,4412.90,4373.00,4397.00,0
FT-SE100,20031117,4397.00,4397.00,4337.30,4338.90,0
FT-SE100,20031118,4338.90,4375.30,4338.90,4354.70,0
FT-SE100,20031119,4354.70,4354.70,4316.10,4327.40,0
FT-SE100,20031120,4327.40,4356.50,4270.50,4308.00,0
FT-SE100,20031121,4308.00,4324.00,4295.60,4319.00,0
FT-SE100,20031124,4319.00,4384.50,4319.00,4382.40,0
FT-SE100,20031125,4382.40,4409.40,4378.10,4388.70,0
FT-SE100,20031126,4388.70,4423.60,4366.70,4370.30,0
FT-SE100,20031127,4370.30,4390.40,4350.70,4361.10,0
FT-SE100,20031128,4361.10,4380.20,4333.20,4342.60,0
FT-SE100,20031201,4342.60,4410.00,4342.60,4410.00,0
FT-SE100,20031202,4410.00,4416.50,4359.90,4378.90,0
FT-SE100,20031203,4378.90,4401.60,4373.00,4392.00,0
FT-SE100,20031204,4392.00,4392.00,4371.50,4378.20,0
FT-SE100,20031205,4378.20,4385.40,4337.70,4367.00,0
FT-SE100,20031208,4367.00,4367.30,4338.30,4359.80,0
FT-SE100,20031209,4359.80,4407.50,4359.80,4379.60,0
FT-SE100,20031210,4379.60,4379.60,4312.50,4335.40,0
FT-SE100,20031211,4335.40,4347.20,4316.20,4331.30,0
FT-SE100,20031212,4331.30,4366.80,4329.80,4347.60,0
FT-SE100,20031215,4347.60,4397.20,4347.60,4348.00,0
FT-SE100,20031216,4348.00,4351.00,4329.00,4333.00,0
FT-SE100,20031217,4333.00,4366.50,4333.00,4354.20,0
FT-SE100,20031218,4354.20,4402.70,4347.70,4397.30,0
FT-SE100,20031219,4397.30,4427.80,4389.00,4412.30,0
FT-SE100,20031222,4412.30,4431.50,4392.40,4424.00,0
FT-SE100,20031223,4424.00,4440.90,4411.50,4440.90,0
FT-SE100,20031224,4440.90,4457.40,4432.90,4444.70,0
FT-SE100,20031229,4444.70,4460.90,4432.80,4457.50,0
FT-SE100,20031230,4457.50,4477.00,4452.80,4470.40,0
FT-SE100,20031231,4470.40,4491.80,4470.40,4476.90,0
FT-SE100,20040102,4476.90,4518.00,4476.90,4510.20,0
FT-SE100,20040105,4510.20,4515.20,4494.90,4513.30,0
FT-SE100,20040106,4513.30,4522.90,4489.90,4505.20,0
FT-SE100,20040107,4505.20,4512.10,4466.20,4473.00,0
FT-SE100,20040108,4473.00,4520.10,4473.00,4494.20,0
FT-SE100,20040109,4494.20,4495.80,4445.10,4466.30,0
FT-SE100,20040112,4466.30,4466.30,4443.40,4449.60,0
FT-SE100,20040113,4449.60,4477.90,4436.60,4440.10,0
FT-SE100,20040114,4440.10,4464.50,4431.10,4461.40,0
FT-SE100,20040115,4461.40,4474.00,4443.30,4456.10,0
FT-SE100,20040116,4456.10,4491.70,4456.10,4487.90,0
FT-SE100,20040119,4487.90,4526.30,4487.70,4518.10,0
FT-SE100,20040120,4518.10,4527.50,4498.50,4499.30,0
FT-SE100,20040121,4499.30,4511.20,4486.90,4511.20,0
FT-SE100,20040122,4511.20,4531.40,4476.80,4476.80,0
FT-SE100,20040123,4476.80,4483.00,4438.60,4460.80,0
FT-SE100,20040126,4460.80,4482.50,4432.90,4445.50,0
FT-SE100,20040127,4445.50,4479.50,4444.80,4447.00,0
FT-SE100,20040128,4447.00,4474.20,4426.80,4468.10,0
FT-SE100,20040129,4468.10,4468.10,4410.20,4411.50,0
FT-SE100,20040130,4411.50,4436.20,4390.70,4390.70,0
FT-SE100,20040202,4390.70,4411.60,4366.90,4381.40,0
FT-SE100,20040203,4381.40,4392.10,4357.40,4390.60,0
FT-SE100,20040204,4390.60,4409.30,4369.10,4398.50,0
FT-SE100,20040205,4398.50,4404.00,4378.40,4384.40,0
FT-SE100,20040206,4384.40,4407.50,4384.10,4402.70,0
FT-SE100,20040209,4402.70,4436.80,4402.70,4434.40,0
FT-SE100,20040210,4434.40,4434.40,4400.80,4404.90,0
FT-SE100,20040211,4404.90,4416.00,4377.30,4396.00,0
FT-SE100,20040212,4396.00,4416.40,4370.20,4377.70,0
FT-SE100,20040213,4377.70,4423.90,4377.70,4412.00,0
FT-SE100,20040216,4412.00,4412.90,4389.90,4408.10,0
FT-SE100,20040217,4408.10,4465.00,4397.30,4461.50,0
FT-SE100,20040218,4461.50,4468.90,4442.90,4442.90,0
FT-SE100,20040219,4442.90,4517.30,4442.90,4515.60,0
FT-SE100,20040220,4515.60,4549.60,4499.20,4515.00,0
FT-SE100,20040223,4515.00,4556.40,4515.00,4524.30,0
FT-SE100,20040224,4524.30,4537.50,4476.70,4496.80,0
FT-SE100,20040225,4496.80,4513.90,4478.70,4507.50,0
FT-SE100,20040226,4507.50,4526.90,4500.50,4515.90,0
FT-SE100,20040227,4515.90,4556.90,4492.20,4492.20,0
FT-SE100,20040301,4492.20,4540.70,4492.20,4537.00,0
FT-SE100,20040302,4537.00,4559.20,4522.70,4540.10,0
FT-SE100,20040303,4540.10,4540.10,4508.10,4525.10,0
FT-SE100,20040304,4525.10,4562.80,4524.70,4559.10,0
FT-SE100,20040305,4559.10,4566.20,4521.50,4547.10,0
FT-SE100,20040308,4547.10,4562.00,4543.50,4553.80,0
FT-SE100,20040309,4553.80,4553.80,4529.20,4542.00,0
FT-SE100,20040310,4542.00,4549.80,4520.60,4545.30,0
FT-SE100,20040311,4545.30,4545.30,4429.20,4445.20,0
FT-SE100,20040312,4445.20,4468.40,4374.50,4467.40,0
FT-SE100,20040315,4467.40,4471.20,4412.90,4412.90,0
FT-SE100,20040316,4412.90,4438.70,4394.60,4428.90,0
FT-SE100,20040317,4428.90,4463.00,4412.80,4456.80,0
FT-SE100,20040318,4456.80,4460.00,4397.90,4397.90,0
FT-SE100,20040319,4397.90,4428.20,4397.90,4417.70,0
FT-SE100,20040322,4417.70,4417.70,4319.50,4333.80,0
FT-SE100,20040323,4333.80,4360.60,4318.50,4318.50,0
FT-SE100,20040324,4318.50,4341.40,4291.30,4309.40,0
FT-SE100,20040325,4309.40,4373.60,4309.40,4373.60,0
FT-SE100,20040326,4373.60,4386.90,4345.00,4357.50,0
FT-SE100,20040329,4357.50,4417.20,4357.50,4406.70,0
FT-SE100,20040330,4406.70,4415.90,4393.50,4412.80,0
FT-SE100,20040331,4412.80,4427.20,4382.80,4385.70,0
FT-SE100,20040401,4385.70,4419.40,4385.10,4410.70,0
FT-SE100,20040402,4410.70,4471.30,4408.00,4465.60,0
FT-SE100,20040405,4465.60,4483.10,4451.40,4480.70,0
FT-SE100,20040406,4480.70,4495.20,4462.00,4472.80,0
FT-SE100,20040407,4472.80,4499.80,4468.70,4468.70,0
FT-SE100,20040408,4468.70,4504.70,4468.70,4489.70,0
FT-SE100,20040413,4489.70,4525.00,4489.70,4515.80,0
FT-SE100,20040414,4515.80,4515.80,4456.20,4485.40,0
FT-SE100,20040415,4485.40,4512.10,4478.30,4505.50,0
FT-SE100,20040416,4505.50,4540.20,4505.10,4537.30,0
FT-SE100,20040419,4537.30,4548.20,4519.80,4546.20,0
FT-SE100,20040420,4546.20,4581.70,4546.20,4569.00,0
FT-SE100,20040421,4569.00,4569.00,4527.20,4539.90,0
FT-SE100,20040422,4539.90,4575.60,4524.50,4571.80,0
FT-SE100,20040423,4571.80,4601.60,4565.30,4570.00,0
FT-SE100,20040426,4570.00,4586.90,4566.30,4571.80,0
FT-SE100,20040427,4571.80,4582.30,4550.20,4575.70,0
FT-SE100,20040428,4575.70,4584.50,4524.50,4524.50,0
FT-SE100,20040429,4524.50,4540.80,4494.60,4519.50,0
FT-SE100,20040430,4519.50,4529.00,4489.70,4489.70,0
FT-SE100,20040504,4489.70,4553.80,4489.70,4547.20,0
FT-SE100,20040505,4547.20,4573.70,4528.60,4569.50,0
FT-SE100,20040506,4569.50,4571.10,4511.70,4516.20,0
FT-SE100,20040507,4516.20,4531.20,4463.20,4498.40,0
FT-SE100,20040510,4498.40,4498.40,4395.20,4395.20,0
FT-SE100,20040511,4395.20,4454.70,4395.20,4454.70,0
FT-SE100,20040512,4454.70,4457.70,4410.00,4412.90,0
FT-SE100,20040513,4412.90,4454.10,4412.90,4453.80,0
FT-SE100,20040514,4453.80,4453.80,4412.30,4441.80,0
FT-SE100,20040517,4441.80,4441.80,4363.00,4403.00,0
FT-SE100,20040518,4403.00,4422.10,4403.00,4414.40,0
FT-SE100,20040519,4414.40,4471.80,4414.40,4471.80,0
FT-SE100,20040520,4471.80,4471.80,4418.80,4428.70,0
FT-SE100,20040521,4428.70,4453.50,4414.40,4431.40,0
FT-SE100,20040524,4431.40,4466.50,4422.80,4428.90,0
FT-SE100,20040525,4428.90,4428.90,4396.60,4418.00,0
FT-SE100,20040526,4418.00,4460.60,4415.30,4438.30,0
FT-SE100,20040527,4438.30,4470.30,4429.00,4453.60,0
FT-SE100,20040528,4453.60,4471.30,4423.10,4430.70,0
FT-SE100,20040601,4430.70,4448.40,4411.40,4422.70,0
FT-SE100,20040602,4422.70,4462.10,4422.70,4422.80,0
FT-SE100,20040603,4422.80,4435.40,4400.70,4435.40,0
FT-SE100,20040604,4435.40,4457.00,4428.30,4454.40,0
FT-SE100,20040607,4454.40,4496.30,4454.40,4491.60,0
FT-SE100,20040608,4491.60,4515.20,4486.90,4504.80,0
FT-SE100,20040609,4504.80,4513.70,4481.20,4489.50,0
FT-SE100,20040610,4489.50,4494.40,4475.80,4486.10,0
FT-SE100,20040611,4486.10,4492.30,4463.00,4484.00,0
FT-SE100,20040614,4484.00,4484.10,4430.30,4433.20,0
FT-SE100,20040615,4433.20,4462.30,4433.20,4458.60,0
FT-SE100,20040616,4458.60,4508.30,4454.80,4491.10,0
FT-SE100,20040617,4491.10,4504.70,4482.00,4493.30,0
FT-SE100,20040618,4493.30,4510.50,4474.40,4505.80,0
FT-SE100,20040621,4505.80,4511.10,4485.10,4502.20,0
FT-SE100,20040622,4502.20,4502.20,4459.80,4468.50,0
FT-SE100,20040623,4468.50,4498.10,4468.50,4486.70,0
FT-SE100,20040624,4486.70,4516.70,4486.70,4503.20,0
FT-SE100,20040625,4503.20,4503.90,4485.20,4494.10,0
FT-SE100,20040628,4494.10,4535.10,4478.50,4518.70,0
FT-SE100,20040629,4518.50,4518.50,4494.30,4512.40,0
FT-SE100,20040630,4512.40,4512.80,4464.10,4464.10,0
FT-SE100,20040701,4464.10,4487.90,4424.70,4424.70,0
FT-SE100,20040702,4424.70,4430.90,4398.30,4407.40,0
FT-SE100,20040705,4407.40,4423.30,4403.30,4403.30,0
FT-SE100,20040706,4403.30,4414.30,4365.30,4370.70,0
FT-SE100,20040707,4370.70,4392.90,4354.70,4358.40,0
FT-SE100,20040708,4358.40,4383.40,4324.10,4381.10,0
FT-SE100,20040709,4381.10,4393.20,4356.80,4393.20,0
FT-SE100,20040712,4393.20,4395.60,4354.30,4360.00,0
FT-SE100,20040713,4360.00,4379.90,4352.60,4357.70,0
FT-SE100,20040714,4357.70,4373.20,4324.50,4372.60,0
FT-SE100,20040715,4372.60,4372.60,4340.70,4340.70,0
FT-SE100,20040716,4340.70,4357.40,4328.30,4339.20,0
FT-SE100,20040719,4339.20,4349.30,4321.10,4321.10,0
FT-SE100,20040720,4321.10,4348.80,4297.50,4339.40,0
FT-SE100,20040721,4339.40,4391.50,4339.40,4377.30,0
FT-SE100,20040722,4377.30,4377.30,4306.30,4306.30,0
FT-SE100,20040723,4306.30,4349.60,4306.30,4326.30,0
FT-SE100,20040726,4326.30,4333.50,4283.20,4287.00,0
FT-SE100,20040727,4287.00,4324.90,4287.00,4324.90,0
FT-SE100,20040728,4324.90,4370.90,4324.90,4356.20,0
FT-SE100,20040729,4356.20,4420.00,4356.20,4418.70,0
FT-SE100,20040730,4418.70,4425.30,4398.00,4413.10,0
FT-SE100,20040802,4413.10,4419.80,4390.90,4415.70,0
FT-SE100,20040803,4415.70,4429.70,4408.10,4429.70,0
FT-SE100,20040804,4429.70,4429.70,4376.80,4408.10,0
FT-SE100,20040805,4408.10,4432.50,4408.10,4413.40,0
FT-SE100,20040806,4413.40,4413.40,4337.90,4337.90,0
FT-SE100,20040809,4337.90,4349.20,4293.50,4314.40,0
FT-SE100,20040810,4315.80,4350.90,4315.80,4350.90,0
FT-SE100,20040811,4356.90,4356.90,4290.70,4312.20,0
FT-SE100,20040812,4312.20,4342.90,4312.20,4328.10,0
FT-SE100,20040813,4328.10,4334.40,4297.00,4301.50,0
FT-SE100,20040816,4301.50,4353.40,4283.00,4350.20,0
FT-SE100,20040817,4350.20,4373.70,4338.60,4358.70,0
FT-SE100,20040818,4358.70,4360.30,4331.60,4355.20,0
FT-SE100,20040819,4355.20,4381.40,4353.20,4362.60,0
FT-SE100,20040820,4357.50,4371.90,4349.60,4369.20,0
FT-SE100,20040823,4369.20,4423.70,4369.20,4405.30,0
FT-SE100,20040824,4405.30,4421.20,4402.40,4407.50,0
FT-SE100,20040825,4407.50,4419.30,4399.80,4411.60,0
FT-SE100,20040826,4411.60,4453.90,4411.60,4453.90,0
FT-SE100,20040827,4453.90,4490.10,4453.60,4490.10,0
FT-SE100,20040831,4490.10,4490.10,4458.80,4459.30,0
FT-SE100,20040901,4459.30,4502.40,4459.30,4502.00,0
FT-SE100,20040902,4502.00,4531.90,4487.50,4518.60,0
FT-SE100,20040903,4518.60,4553.40,4508.30,4550.80,0
FT-SE100,20040906,4550.80,4569.50,4547.10,4563.80,0
FT-SE100,20040907,4563.80,4572.30,4547.30,4565.60,0
FT-SE100,20040908,4565.60,4574.00,4553.60,4558.40,0
FT-SE100,20040909,4558.40,4558.40,4529.60,4538.00,0
FT-SE100,20040910,4538.00,4565.10,4538.00,4545.00,0
FT-SE100,20040913,4545.00,4568.00,4543.30,4558.50,0
FT-SE100,20040914,4558.10,4561.60,4539.00,4545.60,0
FT-SE100,20040915,4545.60,4575.20,4541.90,4548.40,0
FT-SE100,20040916,4548.40,4564.00,4545.10,4556.50,0
FT-SE100,20040917,4556.50,4602.10,4544.40,4591.00,0
FT-SE100,20040920,4591.00,4591.00,4562.00,4579.50,0
FT-SE100,20040921,4579.50,4615.90,4578.70,4608.40,0
FT-SE100,20040922,4608.40,4630.70,4592.30,4592.30,0
FT-SE100,20040923,4592.30,4598.60,4560.70,4568.30,0
FT-SE100,20040924,4568.30,4581.90,4557.20,4578.10,0
FT-SE100,20040927,4578.10,4578.10,4532.00,4541.20,0
FT-SE100,20040928,4541.20,4576.20,4528.10,4567.30,0
FT-SE100,20040929,4567.30,4600.90,4567.30,4588.10,0
FT-SE100,20040930,4588.10,4607.80,4569.10,4570.80,0
FT-SE100,20041001,4570.80,4663.90,4570.80,4659.60,0
FT-SE100,20041004,4659.60,4701.50,4659.60,4681.80,0
FT-SE100,20041005,4681.80,4714.90,4674.60,4707.10,0
FT-SE100,20041006,4707.10,4713.40,4689.20,4706.30,0
FT-SE100,20041007,4706.30,4732.90,4686.00,4698.70,0
FT-SE100,20041008,4698.70,4724.40,4679.70,4698.90,0
FT-SE100,20041011,4698.90,4706.90,4684.10,4685.50,0
FT-SE100,20041012,4684.50,4684.50,4635.60,4649.80,0
FT-SE100,20041013,4647.90,4675.80,4633.40,4634.80,0
FT-SE100,20041014,4634.80,4642.50,4617.00,4629.40,0
FT-SE100,20041015,4629.40,4629.90,4605.80,4622.70,0
FT-SE100,20041018,4622.70,4638.60,4610.90,4626.60,0
FT-SE100,20041019,4626.60,4675.80,4626.60,4655.20,0
FT-SE100,20041020,4655.20,4655.20,4599.30,4616.40,0
FT-SE100,20041021,4616.40,4642.30,4592.20,4617.40,0
FT-SE100,20041022,4617.40,4642.30,4614.20,4615.40,0
FT-SE100,20041025,4615.40,4615.40,4551.60,4564.50,0
FT-SE100,20041026,4564.50,4585.40,4562.00,4583.40,0
FT-SE100,20041027,4583.40,4630.60,4583.40,4630.10,0
FT-SE100,20041028,4630.10,4663.40,4620.00,4642.80,0
FT-SE100,20041029,4642.80,4649.10,4624.20,4624.20,0
FT-SE100,20041101,4624.20,4681.60,4624.20,4673.80,0
FT-SE100,20041102,4673.80,4696.90,4673.80,4693.20,0
FT-SE100,20041103,4693.20,4723.60,4693.20,4718.50,0
FT-SE100,20041104,4718.50,4728.30,4698.20,4728.30,0
FT-SE100,20041105,4728.30,4761.90,4728.00,4739.80,0
FT-SE100,20041108,4739.80,4739.80,4706.40,4716.60,0
FT-SE100,20041109,4716.60,4727.00,4712.00,4717.70,0
FT-SE100,20041110,4717.70,4746.40,4717.70,4734.50,0
FT-SE100,20041111,4734.50,4779.50,4728.70,4776.90,0
FT-SE100,20041112,4776.90,4798.70,4776.90,4793.90,0
FT-SE100,20041115,4793.90,4823.80,4789.00,4803.10,0
FT-SE100,20041116,4803.10,4807.80,4761.50,4770.40,0
FT-SE100,20041117,4770.40,4800.40,4770.20,4795.90,0
FT-SE100,20041118,4795.90,4818.30,4785.30,4805.30,0
FT-SE100,20041119,4805.30,4805.30,4756.50,4760.80,0
FT-SE100,20041122,4760.80,4760.80,4717.40,4733.10,0
FT-SE100,20041123,4733.10,4767.70,4733.10,4742.40,0
FT-SE100,20041124,4742.40,4750.90,4713.60,4719.40,0
FT-SE100,20041125,4719.40,4753.40,4719.40,4753.40,0
FT-SE100,20041126,4753.40,4753.40,4726.10,4741.50,0
FT-SE100,20041129,4741.50,4791.00,4739.50,4749.80,0
FT-SE100,20041130,4749.80,4759.90,4696.80,4703.20,0
FT-SE100,20041201,4703.20,4748.60,4703.10,4735.70,0
FT-SE100,20041202,4735.70,4758.50,4733.30,4751.20,0
FT-SE100,20041203,4751.20,4771.20,4734.80,4747.90,0
FT-SE100,20041206,4747.90,4747.90,4707.10,4722.80,0
FT-SE100,20041207,4722.80,4741.50,4717.30,4728.70,0
FT-SE100,20041208,4728.70,4728.70,4695.60,4703.90,0
FT-SE100,20041209,4703.90,4719.20,4675.00,4688.40,0
FT-SE100,20041210,4688.40,4719.20,4682.20,4694.00,0
FT-SE100,20041213,4694.00,4737.50,4688.70,4736.80,0
FT-SE100,20041214,4736.80,4755.00,4709.70,4722.80,0
FT-SE100,20041215,4722.80,4750.10,4722.80,4728.20,0
FT-SE100,20041216,4728.20,4747.70,4728.20,4735.20,0
FT-SE100,20041217,4735.20,4747.30,4689.60,4696.80,0
FT-SE100,20041220,4696.80,4744.40,4696.80,4731.10,0
FT-SE100,20041221,4731.10,4742.10,4731.10,4733.00,0
FT-SE100,20041222,4733.00,4783.70,4733.00,4777.40,0
FT-SE100,20041223,4777.40,4789.50,4774.90,4787.70,0
FT-SE100,20041224,4787.70,4807.80,4780.90,4798.10,0
FT-SE100,20041229,4798.10,4819.80,4787.40,4819.80,0
FT-SE100,20041230,4819.80,4826.20,4813.50,4820.10,0
FT-SE100,20041231,4820.10,4822.30,4801.10,4814.30,0
FT-SE100,20050104,4814.30,4851.60,4809.40,4847.00,0
FT-SE100,20050105,4847.00,4847.00,4806.00,4806.00,0
FT-SE100,20050106,4806.00,4833.30,4806.00,4824.30,0
FT-SE100,20050107,4824.30,4863.50,4819.80,4854.10,0
FT-SE100,20050110,4854.10,4858.90,4833.40,4840.70,0
FT-SE100,20050111,4840.70,4847.60,4805.00,4818.70,0
FT-SE100,20050112,4818.70,4823.20,4765.40,4783.60,0
FT-SE100,20050113,4783.60,4809.80,4782.50,4800.30,0
FT-SE100,20050114,4800.30,4831.60,4786.50,4820.80,0
FT-SE100,20050117,4820.80,4846.70,4820.80,4846.70,0
FT-SE100,20050118,4846.70,4852.80,4800.80,4823.90,0
FT-SE100,20050119,4823.90,4845.40,4817.50,4818.30,0
FT-SE100,20050120,4818.30,4818.30,4783.30,4800.80,0
FT-SE100,20050121,4800.80,4813.90,4785.60,4803.30,0
FT-SE100,20050124,4803.30,4814.00,4770.10,4812.50,0
FT-SE100,20050125,4812.50,4850.00,4803.70,4843.20,0
FT-SE100,20050126,4843.20,4860.30,4839.00,4847.10,0
FT-SE100,20050127,4847.10,4860.30,4835.00,4853.40,0
FT-SE100,20050128,4853.40,4860.40,4827.30,4832.80,0
FT-SE100,20050131,4832.80,4879.50,4832.80,4852.30,0
FT-SE100,20050201,4852.30,4906.20,4852.30,4906.20,0
FT-SE100,20050202,4906.20,4918.80,4897.50,4916.20,0
FT-SE100,20050203,4916.20,4924.10,4898.40,4908.30,0
FT-SE100,20050204,4908.30,4947.40,4908.30,4941.50,0
FT-SE100,20050207,4941.50,4982.80,4941.50,4979.80,0
FT-SE100,20050208,4979.80,4995.50,4968.70,4995.50,0
FT-SE100,20050209,4995.50,5003.00,4974.50,4990.40,0
FT-SE100,20050210,4990.40,5014.80,4977.30,5000.00,0
FT-SE100,20050211,5000.10,5045.00,5000.10,5044.20,0
FT-SE100,20050214,5044.20,5049.60,5030.50,5041.80,0
FT-SE100,20050215,5041.80,5065.70,5036.10,5058.90,0
FT-SE100,20050216,5058.90,5059.50,5035.50,5053.20,0
FT-SE100,20050217,5053.20,5077.60,5051.80,5057.40,0
FT-SE100,20050218,5057.40,5066.50,5045.50,5057.20,0
FT-SE100,20050221,5057.20,5077.80,5047.50,5060.80,0
FT-SE100,20050222,5060.80,5063.30,5013.20,5032.90,0
FT-SE100,20050223,5032.90,5032.90,4970.80,4988.50,0
FT-SE100,20050224,4988.50,5002.50,4972.10,4972.10,0
FT-SE100,20050225,4972.10,5010.80,4972.10,5006.80,0
FT-SE100,20050228,5006.80,5030.20,4968.40,4968.50,0
FT-SE100,20050301,4968.50,5004.90,4966.90,5000.50,0
FT-SE100,20050302,5000.50,5000.90,4965.90,4992.80,0
FT-SE100,20050303,4992.80,5024.00,4992.80,5014.80,0
FT-SE100,20050304,5014.80,5042.00,5011.70,5036.30,0
FT-SE100,20050307,5036.30,5041.30,5014.50,5027.20,0
FT-SE100,20050308,5027.20,5029.60,5001.90,5010.90,0
FT-SE100,20050309,5010.90,5038.90,4992.90,4996.10,0
FT-SE100,20050310,4996.10,4996.10,4956.80,4962.10,0
FT-SE100,20050311,4962.10,4991.60,4962.10,4982.00,0
FT-SE100,20050314,4982.00,4995.00,4947.90,4975.00,0
FT-SE100,20050315,4976.80,5002.40,4976.80,5000.20,0
FT-SE100,20050316,5000.20,5000.20,4928.10,4937.60,0
FT-SE100,20050317,4937.60,4952.90,4920.00,4922.10,0
FT-SE100,20050318,4922.10,4947.90,4922.10,4923.30,0
FT-SE100,20050321,4923.30,4952.20,4923.30,4933.50,0
FT-SE100,20050322,4933.50,4946.80,4908.50,4937.30,0
FT-SE100,20050323,4937.30,4937.30,4887.20,4910.40,0
FT-SE100,20050324,4910.40,4933.70,4904.50,4922.50,0
FT-SE100,20050329,4922.50,4924.30,4892.80,4919.00,0
FT-SE100,20050330,4919.00,4919.00,4886.50,4900.70,0
FT-SE100,20050331,4900.70,4933.80,4894.40,4894.40,0
FT-SE100,20050401,4894.40,4942.00,4894.40,4914.00,0
FT-SE100,20050404,4914.00,4923.30,4877.00,4896.70,0
FT-SE100,20050405,4896.70,4943.80,4896.70,4942.90,0
FT-SE100,20050406,4942.90,4953.60,4937.40,4947.40,0
FT-SE100,20050407,4947.40,4984.50,4947.40,4977.00,0
FT-SE100,20050408,4977.00,4994.10,4975.00,4983.60,0
FT-SE100,20050411,4983.60,4983.60,4964.00,4973.20,0
FT-SE100,20050412,4973.20,4973.80,4941.10,4946.20,0
FT-SE100,20050413,4946.20,4973.80,4946.20,4960.80,0
FT-SE100,20050414,4960.80,4960.80,4937.00,4945.40,0
FT-SE100,20050415,4945.40,4945.40,4891.60,4891.60,0
FT-SE100,20050418,4891.60,4891.60,4794.80,4827.10,0
FT-SE100,20050419,4827.10,4862.60,4827.10,4855.60,0
FT-SE100,20050420,4855.60,4873.60,4817.80,4822.00,0
FT-SE100,20050421,4822.00,4839.10,4805.50,4819.60,0
FT-SE100,20050422,4819.60,4859.00,4819.60,4849.30,0
FT-SE100,20050425,4849.30,4867.80,4841.30,4864.90,0
FT-SE100,20050426,4864.90,4879.60,4831.50,4845.50,0
FT-SE100,20050427,4845.50,4845.50,4780.60,4789.40,0
FT-SE100,20050428,4789.40,4820.70,4775.50,4790.20,0
FT-SE100,20050429,4790.20,4824.40,4773.70,4801.70,0
FT-SE100,20050503,4815.00,4862.90,4815.00,4861.20,0
FT-SE100,20050504,4861.20,4882.50,4847.90,4882.50,0
FT-SE100,20050505,4893.20,4915.00,4893.20,4902.30,0
FT-SE100,20050506,4903.50,4922.10,4899.80,4918.90,0
FT-SE100,20050509,4918.90,4928.70,4895.10,4910.30,0
FT-SE100,20050510,4910.30,4929.10,4880.20,4892.40,0
FT-SE100,20050511,4892.40,4896.60,4868.20,4875.40,0
FT-SE100,20050512,4875.40,4909.80,4875.40,4893.20,0
FT-SE100,20050513,4893.20,4893.20,4854.20,4886.50,0
FT-SE100,20050516,4886.50,4887.70,4869.00,4884.20,0
FT-SE100,20050517,4884.20,4902.00,4880.70,4898.50,0
FT-SE100,20050518,4898.50,4956.90,4898.50,4949.40,0
FT-SE100,20050519,4949.40,4972.90,4949.40,4962.70,0
FT-SE100,20050520,4964.20,4980.10,4964.20,4971.80,0
FT-SE100,20050523,4971.80,4991.60,4971.80,4989.80,0
FT-SE100,20050524,4989.80,4990.20,4974.20,4982.50,0
FT-SE100,20050525,4982.50,4983.60,4964.10,4971.50,0
FT-SE100,20050526,4971.50,5004.30,4956.80,4994.90,0
FT-SE100,20050527,4994.90,5002.00,4976.60,4986.30,0
FT-SE100,20050531,4986.30,4999.70,4964.00,4964.00,0
FT-SE100,20050601,4964.00,5011.00,4964.00,5011.00,0
FT-SE100,20050602,5011.00,5014.90,4996.50,5005.00,0
FT-SE100,20050603,5005.00,5016.60,4987.20,4999.40,0
FT-SE100,20050606,4999.40,5006.80,4976.20,4980.40,0
FT-SE100,20050607,4980.40,5027.90,4980.40,5025.20,0
FT-SE100,20050608,5025.20,5025.20,4995.10,5003.70,0
FT-SE100,20050609,5003.70,5009.80,4984.20,5009.20,0
FT-SE100,20050610,5009.20,5047.30,5009.20,5030.40,0
FT-SE100,20050613,5030.40,5051.00,5026.10,5050.40,0
FT-SE100,20050614,5050.40,5054.30,5037.50,5046.80,0
FT-SE100,20050615,5046.80,5060.80,5013.40,5019.50,0
FT-SE100,20050616,5019.50,5046.40,5019.50,5045.00,0
FT-SE100,20050617,5045.00,5098.50,5044.60,5077.60,0
FT-SE100,20050620,5077.60,5078.00,5057.90,5072.00,0
FT-SE100,20050621,5072.00,5091.00,5072.00,5082.10,0
FT-SE100,20050622,5082.10,5110.50,5076.60,5099.30,0
FT-SE100,20050623,5099.30,5121.90,5099.10,5114.40,0
FT-SE100,20050624,5114.40,5114.40,5069.10,5079.00,0
FT-SE100,20050627,5079.00,5079.00,5036.90,5043.50,0
FT-SE100,20050628,5043.50,5090.40,5043.50,5090.40,0
FT-SE100,20050629,5090.40,5119.50,5090.20,5109.10,0
FT-SE100,20050630,5109.10,5138.20,5097.10,5113.20,0
FT-SE100,20050701,5113.20,5162.60,5106.60,5161.00,0
FT-SE100,20050704,5161.00,5188.60,5161.00,5184.30,0
FT-SE100,20050705,5184.30,5194.20,5173.80,5190.10,0
FT-SE100,20050706,5190.10,5237.60,5190.10,5229.60,0
FT-SE100,20050707,5229.60,5229.60,5022.10,5158.30,0
FT-SE100,20050708,5158.30,5232.20,5158.30,5232.20,0
FT-SE100,20050711,5232.20,5257.90,5232.20,5242.40,0
FT-SE100,20050712,5242.40,5249.40,5216.20,5217.20,0
FT-SE100,20050713,5217.20,5252.00,5217.20,5245.90,0
FT-SE100,20050714,5245.90,5283.90,5245.90,5259.70,0
FT-SE100,20050715,5259.70,5261.50,5222.60,5230.80,0
FT-SE100,20050718,5230.80,5258.40,5212.00,5214.20,0
FT-SE100,20050719,5214.20,5230.90,5191.00,5201.50,0
FT-SE100,20050720,5201.50,5249.50,5193.50,5215.20,0
FT-SE100,20050721,5215.20,5256.00,5180.20,5221.60,0
FT-SE100,20050722,5221.60,5244.60,5202.70,5241.80,0
FT-SE100,20050725,5241.80,5273.50,5241.80,5270.70,0
FT-SE100,20050726,5270.70,5279.40,5253.90,5256.20,0
FT-SE100,20050727,5256.20,5275.20,5253.50,5263.60,0
FT-SE100,20050728,5263.60,5282.30,5262.30,5270.30,0
FT-SE100,20050729,5302.00,5306.70,5284.30,5286.90,0
FT-SE100,20050801,5282.30,5302.90,5282.30,5290.80,0
FT-SE100,20050802,5290.80,5330.60,5290.80,5327.50,0
FT-SE100,20050803,5327.50,5332.30,5304.00,5332.30,0
FT-SE100,20050804,5332.30,5335.40,5300.00,5315.50,0
FT-SE100,20050805,5315.50,5341.80,5306.70,5314.70,0
FT-SE100,20050808,5314.70,5351.30,5314.70,5344.30,0
FT-SE100,20050809,5344.30,5363.70,5342.70,5363.70,0
FT-SE100,20050810,5363.70,5386.40,5351.20,5377.50,0
FT-SE100,20050811,5377.50,5379.60,5355.10,5358.60,0
FT-SE100,20050812,5358.60,5374.40,5343.50,5345.80,0
FT-SE100,20050815,5345.80,5367.80,5339.40,5344.20,0
FT-SE100,20050816,5344.20,5358.70,5316.10,5322.30,0
FT-SE100,20050817,5322.30,5322.30,5284.10,5292.70,0
FT-SE100,20050818,5292.70,5304.70,5263.70,5269.30,0
FT-SE100,20050819,5269.30,5313.10,5269.30,5312.60,0
FT-SE100,20050822,5312.60,5329.70,5312.60,5318.40,0
FT-SE100,20050823,5318.40,5318.40,5294.80,5300.20,0
FT-SE100,20050824,5300.20,5300.20,5270.00,5275.20,0
FT-SE100,20050825,5275.20,5275.20,5248.80,5255.70,0
FT-SE100,20050826,5255.70,5282.10,5228.10,5228.10,0
FT-SE100,20050830,5228.10,5270.20,5228.10,5255.80,0
FT-SE100,20050831,5255.80,5300.00,5255.80,5296.90,0
FT-SE100,20050901,5296.90,5342.10,5296.90,5328.50,0
FT-SE100,20050902,5328.50,5338.10,5319.60,5326.80,0
FT-SE100,20050905,5326.80,5341.80,5320.60,5337.80,0
FT-SE100,20050906,5337.80,5366.60,5337.80,5359.20,0
FT-SE100,20050907,5359.20,5376.10,5358.00,5365.90,0
FT-SE100,20050908,5365.90,5365.90,5338.40,5340.80,0
FT-SE100,20050909,5340.80,5362.40,5340.30,5359.30,0
FT-SE100,20050912,5359.30,5380.70,5359.30,5375.10,0
FT-SE100,20050913,5375.10,5377.80,5329.30,5338.00,0
FT-SE100,20050914,5338.00,5349.70,5327.10,5347.40,0
FT-SE100,20050915,5347.40,5387.10,5342.50,5383.50,0
FT-SE100,20050916,5383.50,5418.70,5375.30,5407.90,0
FT-SE100,20050919,5407.90,5435.80,5388.30,5429.70,0
FT-SE100,20050920,5437.40,5446.60,5414.10,5416.40,0
FT-SE100,20050921,5416.40,5416.40,5369.70,5369.70,0
FT-SE100,20050922,5369.70,5395.50,5354.30,5385.70,0
FT-SE100,20050923,5395.80,5415.70,5386.50,5413.60,0
FT-SE100,20050926,5413.60,5456.90,5413.60,5453.10,0
FT-SE100,20050927,5453.10,5471.20,5442.70,5447.30,0
FT-SE100,20050928,5447.30,5494.80,5447.30,5494.80,0
FT-SE100,20050929,5494.80,5508.40,5467.10,5478.20,0
FT-SE100,20050930,5478.20,5506.10,5462.60,5477.70,0
FT-SE100,20051003,5477.70,5515.00,5474.90,5501.50,0
FT-SE100,20051004,5501.50,5501.50,5475.20,5494.40,0
FT-SE100,20051005,5494.40,5494.40,5427.80,5427.80,0
FT-SE100,20051006,5427.80,5427.80,5358.10,5372.40,0
FT-SE100,20051007,5371.90,5386.50,5359.80,5362.30,0
FT-SE100,20051010,5362.30,5395.80,5362.30,5374.50,0
FT-SE100,20051011,5374.50,5404.40,5373.90,5380.70,0
FT-SE100,20051012,5380.70,5380.70,5342.20,5342.20,0
FT-SE100,20051013,5342.20,5342.20,5256.30,5265.20,0
FT-SE100,20051014,5265.20,5293.80,5245.60,5275.00,0
FT-SE100,20051017,5275.00,5297.10,5272.50,5286.50,0
FT-SE100,20051018,5286.50,5303.20,5259.60,5263.90,0
FT-SE100,20051019,5263.90,5263.90,5167.80,5167.80,0
FT-SE100,20051020,5167.80,5234.00,5146.70,5164.10,0
FT-SE100,20051021,5164.10,5164.10,5130.90,5142.10,0
FT-SE100,20051024,5142.10,5210.10,5140.10,5207.60,0
FT-SE100,20051025,5207.60,5222.40,5182.10,5182.10,0
FT-SE100,20051026,5182.10,5236.50,5182.10,5227.80,0
FT-SE100,20051027,5224.40,5224.40,5176.70,5182.80,0
FT-SE100,20051028,5170.80,5219.10,5160.50,5213.40,0
FT-SE100,20051031,5213.40,5318.40,5213.40,5317.30,0
FT-SE100,20051101,5317.30,5350.30,5304.90,5344.30,0
FT-SE100,20051102,5344.30,5364.70,5316.00,5358.60,0
FT-SE100,20051103,5358.60,5431.90,5358.60,5431.90,0
FT-SE100,20051104,5431.90,5446.40,5418.00,5423.60,0
FT-SE100,20051107,5423.60,5471.00,5415.50,5460.80,0
FT-SE100,20051108,5460.80,5481.70,5451.10,5460.90,0
FT-SE100,20051109,5468.90,5468.90,5439.80,5439.80,0
FT-SE100,20051110,5439.80,5463.90,5423.50,5423.50,0
FT-SE100,20051111,5423.50,5468.80,5423.50,5465.10,0
FT-SE100,20051114,5465.10,5485.90,5455.60,5470.00,0
FT-SE100,20051115,5470.00,5470.00,5424.60,5439.60,0
FT-SE100,20051116,5439.60,5442.20,5391.70,5430.00,0
FT-SE100,20051117,5430.00,5480.10,5430.00,5460.00,0
FT-SE100,20051118,5460.00,5531.60,5460.00,5498.90,0
FT-SE100,20051121,5498.90,5509.40,5486.20,5497.90,0
FT-SE100,20051122,5497.90,5522.40,5497.90,5517.20,0
FT-SE100,20051123,5517.20,5532.70,5507.10,5531.70,0
FT-SE100,20051124,5531.70,5539.00,5499.50,5511.00,0
FT-SE100,20051125,5511.00,5531.40,5511.00,5523.80,0
FT-SE100,20051128,5523.80,5554.90,5477.40,5477.40,0
FT-SE100,20051129,5477.40,5507.40,5451.30,5491.00,0
FT-SE100,20051130,5491.00,5491.00,5423.20,5423.20,0
FT-SE100,20051201,5423.20,5494.70,5423.20,5486.10,0
FT-SE100,20051202,5517.40,5528.10,5493.40,5528.10,0
FT-SE100,20051205,5528.10,5532.50,5498.30,5510.40,0
FT-SE100,20051206,5510.40,5546.90,5505.90,5538.80,0
FT-SE100,20051207,5538.80,5574.00,5518.40,5528.80,0
FT-SE100,20051208,5528.80,5531.90,5492.80,5531.10,0
FT-SE100,20051209,5517.30,5523.90,5506.30,5517.40,0
FT-SE100,20051212,5517.40,5548.80,5494.20,5501.50,0
FT-SE100,20051213,5501.50,5527.20,5499.20,5507.20,0
FT-SE100,20051214,5507.20,5525.00,5503.50,5521.10,0
FT-SE100,20051215,5521.10,5530.20,5489.30,5495.30,0
FT-SE100,20051216,5508.60,5546.90,5508.60,5531.60,0
FT-SE100,20051219,5531.60,5548.40,5525.70,5539.80,0
FT-SE100,20051220,5539.80,5552.20,5524.70,5547.90,0
FT-SE100,20051221,5547.90,5590.20,5547.90,5587.40,0
FT-SE100,20051222,5587.40,5599.30,5584.80,5597.00,0
FT-SE100,20051223,5597.00,5608.20,5588.00,5595.40,0
FT-SE100,20051228,5595.40,5622.80,5591.90,5622.80,0
FT-SE100,20051229,5622.80,5647.20,5622.80,5638.30,0
FT-SE100,20051230,5638.30,5640.00,5596.80,5618.80,0
FT-SE100,20060103,5618.80,5682.20,5618.80,5681.50,0
FT-SE100,20060104,5681.50,5716.40,5681.50,5714.60,0
FT-SE100,20060105,5714.60,5722.40,5686.40,5691.20,0
FT-SE100,20060106,5691.20,5731.80,5691.20,5731.80,0
FT-SE100,20060109,5731.80,5750.30,5725.90,5731.50,0
FT-SE100,20060110,5731.50,5731.50,5686.10,5688.80,0
FT-SE100,20060111,5688.80,5731.50,5688.80,5731.50,0
FT-SE100,20060112,5731.50,5744.60,5724.90,5735.10,0
FT-SE100,20060113,5711.00,5711.00,5711.00,5711.00,0
FT-SE100,20060116,5740.20,5740.20,5740.20,5740.20,0
FT-SE100,20060117,5699.00,5699.00,5699.00,5699.00,0
FT-SE100,20060118,5663.60,5663.60,5663.60,5663.60,0
FT-SE100,20060119,5663.70,5710.00,5663.70,5693.20,0
FT-SE100,20060120,5672.40,5672.40,5672.40,5672.40,0
FT-SE100,20060123,5660.90,5660.90,5660.90,5660.90,0
FT-SE100,20060124,5633.80,5633.80,5633.80,5633.80,0
FT-SE100,20060125,5633.80,5704.40,5633.80,5704.40,0
FT-SE100,20060126,5722.60,5722.60,5722.60,5722.60,0
FT-SE100,20060127,5786.80,5786.80,5786.80,5786.80,0
FT-SE100,20060130,5786.80,5796.10,5772.70,5779.80,0
FT-SE100,20060131,5760.30,5760.30,5760.30,5760.30,0
FT-SE100,20060201,5760.30,5816.00,5746.20,5801.60,0
FT-SE100,20060202,5747.30,5747.30,5747.30,5747.30,0
FT-SE100,20060203,5759.30,5759.30,5759.30,5759.30,0
FT-SE100,20060206,5772.40,5772.40,5772.40,5772.40,0
FT-SE100,20060207,5746.80,5746.80,5746.80,5746.80,0
FT-SE100,20060208,5746.80,5746.80,5681.90,5725.10,0
FT-SE100,20060209,5808.80,5808.80,5808.80,5808.80,0
FT-SE100,20060210,5764.10,5764.10,5764.10,5764.10,0
FT-SE100,20060213,5793.50,5793.50,5793.50,5793.50,0
FT-SE100,20060214,5792.30,5792.30,5792.30,5792.30,0
FT-SE100,20060215,5791.50,5791.50,5791.50,5791.50,0
FT-SE100,20060216,5791.50,5828.90,5780.90,5828.90,0
FT-SE100,20060217,5846.20,5846.20,5846.20,5846.20,0
FT-SE100,20060220,5863.00,5863.00,5863.00,5863.00,0
FT-SE100,20060221,5857.70,5857.70,5857.70,5857.70,0
FT-SE100,20060222,5872.40,5872.40,5872.40,5872.40,0
FT-SE100,20060223,5836.00,5836.00,5836.00,5836.00,0
FT-SE100,20060224,5860.50,5860.50,5860.50,5860.50,0
FT-SE100,20060227,5875.90,5875.90,5875.90,5875.90,0
FT-SE100,20060228,5791.50,5791.50,5791.50,5791.50,0
FT-SE100,20060301,5844.10,5844.10,5844.10,5844.10,0
FT-SE100,20060302,5833.00,5833.00,5833.00,5833.00,0
FT-SE100,20060303,5858.70,5858.70,5858.70,5858.70,0
FT-SE100,20060306,5897.80,5897.80,5897.80,5897.80,0
FT-SE100,20060307,5857.40,5857.40,5857.40,5857.40,0
FT-SE100,20060308,5812.90,5812.90,5812.90,5812.90,0
FT-SE100,20060309,5855.90,5855.90,5855.90,5855.90,0
FT-SE100,20060310,5907.90,5907.90,5907.90,5907.90,0
FT-SE100,20060313,5952.80,5952.80,5952.80,5952.80,0
FT-SE100,20060314,5950.60,5950.60,5950.60,5950.60,0
FT-SE100,20060315,5965.10,5965.10,5965.10,5965.10,0
FT-SE100,20060316,5993.30,5993.30,5993.30,5993.30,0
FT-SE100,20060317,5999.40,5999.40,5999.40,5999.40,0
FT-SE100,20060320,5991.70,5991.70,5991.70,5991.70,0
FT-SE100,20060321,5991.30,5991.30,5991.30,5991.30,0
FT-SE100,20060322,6007.50,6007.50,6007.50,6007.50,0
FT-SE100,20060323,5990.10,5990.10,5990.10,5990.10,0
FT-SE100,20060324,6036.30,6036.30,6036.30,6036.30,0
FT-SE100,20060327,5972.20,5972.20,5972.20,5972.20,0
FT-SE100,20060328,5935.70,5935.70,5935.70,5935.70,0
FT-SE100,20060329,5959.20,5959.20,5959.20,5959.20,0
FT-SE100,20060330,6015.30,6015.30,6015.30,6015.30,0
FT-SE100,20060331,5964.60,5964.60,5964.60,5964.60,0
FT-SE100,20060403,6024.30,6024.30,6024.30,6024.30,0
FT-SE100,20060404,6024.30,6024.30,5984.30,6004.70,0
FT-SE100,20060405,6044.10,6044.10,6044.10,6044.10,0
FT-SE100,20060406,6045.60,6045.60,6045.60,6045.60,0
FT-SE100,20060407,6026.10,6026.10,6026.10,6026.10,0
FT-SE100,20060410,6067.00,6067.00,6067.00,6067.00,0
FT-SE100,20060411,6016.50,6016.50,6016.50,6016.50,0
FT-SE100,20060412,6000.80,6000.80,6000.80,6000.80,0
FT-SE100,20060413,6000.80,6033.70,5987.20,6029.40,0
FT-SE100,20060418,6044.10,6044.10,6044.10,6044.10,0
FT-SE100,20060419,6089.80,6089.80,6089.80,6089.80,0
FT-SE100,20060420,6081.40,6081.40,6081.40,6081.40,0
FT-SE100,20060421,6132.70,6132.70,6132.70,6132.70,0
FT-SE100,20060424,6098.70,6098.70,6098.70,6098.70,0
FT-SE100,20060425,6086.60,6086.60,6086.60,6086.60,0
FT-SE100,20060426,6104.30,6104.30,6104.30,6104.30,0
FT-SE100,20060427,6060.00,6060.00,6060.00,6060.00,0
FT-SE100,20060428,6060.00,6060.00,6023.10,6023.10,0
FT-SE100,20060502,6082.10,6082.10,6082.10,6082.10,0
FT-SE100,20060503,6010.00,6010.00,6010.00,6010.00,0
FT-SE100,20060504,6036.90,6036.90,6036.90,6036.90,0
FT-SE100,20060509,6105.60,6105.60,6105.60,6105.60,0
FT-SE100,20060510,6083.40,6083.40,6083.40,6083.40,0
FT-SE100,20060511,6042.00,6042.00,6042.00,6042.00,0
FT-SE100,20060512,5912.10,5912.10,5912.10,5912.10,0
FT-SE100,20060515,5841.30,5841.30,5841.30,5841.30,0
FT-SE100,20060516,5846.20,5846.20,5846.20,5846.20,0
FT-SE100,20060517,5675.50,5675.50,5675.50,5675.50,0
FT-SE100,20060518,5671.60,5671.60,5671.60,5671.60,0
FT-SE100,20060519,5657.40,5657.40,5657.40,5657.40,0
FT-SE100,20060522,5532.70,5532.70,5532.70,5532.70,0
FT-SE100,20060523,5678.70,5678.70,5678.70,5678.70,0
FT-SE100,20060524,5587.10,5587.10,5587.10,5587.10,0
FT-SE100,20060525,5677.70,5677.70,5677.70,5677.70,0
FT-SE100,20060526,5677.70,5791.00,5677.70,5791.00,0
FT-SE100,20060530,5652.00,5652.00,5652.00,5652.00,0
FT-SE100,20060531,5723.80,5723.80,5723.80,5723.80,0
FT-SE100,20060601,5749.70,5749.70,5749.70,5749.70,0
FT-SE100,20060602,5764.60,5764.60,5764.60,5764.60,0
FT-SE100,20060605,5762.10,5762.10,5762.10,5762.10,0
FT-SE100,20060606,5669.80,5669.80,5669.80,5669.80,0
FT-SE100,20060607,5706.30,5706.30,5706.30,5706.30,0
FT-SE100,20060608,5562.90,5562.90,5562.90,5562.90,0
FT-SE100,20060609,5655.20,5655.20,5655.20,5655.20,0
FT-SE100,20060612,5620.90,5620.90,5620.90,5620.90,0
FT-SE100,20060613,5519.60,5519.60,5519.60,5519.60,0
FT-SE100,20060614,5506.80,5506.80,5506.80,5506.80,0
FT-SE100,20060615,5619.30,5619.30,5619.30,5619.30,0
FT-SE100,20060616,5597.40,5597.40,5597.40,5597.40,0
FT-SE100,20060619,5626.10,5626.10,5626.10,5626.10,0
FT-SE100,20060620,5658.20,5658.20,5658.20,5658.20,0
FT-SE100,20060621,5665.00,5665.00,5665.00,5665.00,0
FT-SE100,20060622,5684.10,5684.10,5684.10,5684.10,0
FT-SE100,20060623,5692.10,5692.10,5692.10,5692.10,0
FT-SE100,20060626,5681.20,5681.20,5681.20,5681.20,0
FT-SE100,20060627,5652.30,5652.30,5652.30,5652.30,0
FT-SE100,20060628,5678.60,5678.60,5678.60,5678.60,0
FT-SE100,20060629,5791.50,5791.50,5791.50,5791.50,0
FT-SE100,20060630,5833.40,5833.40,5833.40,5833.40,0
FT-SE100,20060703,5833.40,5884.40,5833.40,5884.40,0
FT-SE100,20060704,5883.50,5883.50,5883.50,5883.50,0
FT-SE100,20060705,5826.70,5826.70,5826.70,5826.70,0
FT-SE100,20060706,5890.00,5890.00,5890.00,5890.00,0
FT-SE100,20060707,5888.90,5888.90,5888.90,5888.90,0
FT-SE100,20060710,5896.90,5896.90,5896.90,5896.90,0
FT-SE100,20060711,5857.30,5857.30,5857.30,5857.30,0
FT-SE100,20060712,5857.30,5899.30,5842.70,5860.60,0
FT-SE100,20060713,5860.60,5860.60,5751.90,5765.00,0
FT-SE100,20060714,5765.00,5765.00,5707.60,5707.60,0
FT-SE100,20060717,5701.00,5701.00,5701.00,5701.00,0
FT-SE100,20060718,5681.70,5681.70,5681.70,5681.70,0
FT-SE100,20060719,5681.70,5785.30,5680.80,5778.00,0
FT-SE100,20060720,5778.00,5819.70,5756.40,5770.90,0
FT-SE100,20060721,5719.70,5719.70,5719.70,5719.70,0
FT-SE100,20060724,5833.90,5833.90,5833.90,5833.90,0
FT-SE100,20060725,5833.90,5872.80,5825.80,5851.20,0
FT-SE100,20060726,5877.10,5877.10,5877.10,5877.10,0
FT-SE100,20060727,5929.50,5929.50,5929.50,5929.50,0
FT-SE100,20060728,5974.90,5974.90,5974.90,5974.90,0
FT-SE100,20060731,5928.30,5928.30,5928.30,5928.30,0
FT-SE100,20060801,5880.80,5880.80,5880.80,5880.80,0
FT-SE100,20060802,5932.10,5932.10,5932.10,5932.10,0
FT-SE100,20060803,5838.40,5838.40,5838.40,5838.40,0
FT-SE100,20060804,5838.40,5893.30,5836.50,5889.40,0
FT-SE100,20060807,5828.80,5828.80,5828.80,5828.80,0
FT-SE100,20060808,5818.10,5818.10,5818.10,5818.10,0
FT-SE100,20060809,5860.50,5860.50,5860.50,5860.50,0
FT-SE100,20060810,5860.50,5860.50,5752.60,5823.40,0
FT-SE100,20060811,5823.40,5848.20,5797.00,5820.10,0
FT-SE100,20060814,5820.10,5870.90,5820.10,5870.90,0
FT-SE100,20060815,5870.90,5903.20,5845.00,5897.90,0
FT-SE100,20060816,5897.90,5902.80,5848.70,5896.60,0
FT-SE100,20060817,5896.60,5915.00,5888.80,5900.40,0
FT-SE100,20060818,5900.40,5932.50,5900.20,5903.40,0
FT-SE100,20060821,5903.40,5936.60,5883.80,5915.20,0
FT-SE100,20060822,5915.20,5939.20,5878.40,5902.60,0
FT-SE100,20060823,5902.60,5906.30,5853.80,5860.00,0
FT-SE100,20060824,5860.00,5892.30,5832.50,5869.10,0
FT-SE100,20060825,5869.10,5893.60,5858.60,5878.60,0
FT-SE100,20060829,5878.60,5921.30,5878.60,5888.30,0
FT-SE100,20060830,5888.30,5945.30,5888.20,5929.30,0
FT-SE100,20060831,5929.30,5937.00,5895.00,5906.10,0
FT-SE100,20060901,5906.10,5967.70,5906.10,5949.10,0
FT-SE100,20060904,5949.10,5986.60,5947.70,5986.60,0
FT-SE100,20060905,5986.60,5991.20,5956.30,5981.70,0
FT-SE100,20060906,5981.70,5981.70,5926.20,5929.30,0
FT-SE100,20060907,5929.30,5929.30,5853.30,5858.10,0
FT-SE100,20060908,5858.10,5899.00,5858.10,5879.30,0
FT-SE100,20060911,5879.30,5879.30,5820.00,5850.80,0
FT-SE100,20060912,5850.80,5896.90,5824.20,5895.50,0
FT-SE100,20060913,5895.50,5913.40,5874.50,5892.20,0
FT-SE100,20060914,5892.20,5943.70,5869.00,5877.20,0
FT-SE100,20060915,5877.20,5899.20,5864.80,5877.00,0
FT-SE100,20060918,5877.00,5911.90,5870.40,5890.20,0
FT-SE100,20060919,5890.20,5897.40,5831.80,5831.80,0
FT-SE100,20060920,5831.80,5880.80,5820.90,5866.20,0
FT-SE100,20060921,5866.20,5898.10,5848.50,5896.70,0
FT-SE100,20060922,5896.70,5896.70,5820.40,5822.30,0
FT-SE100,20060925,5822.30,5847.00,5774.50,5798.30,0
FT-SE100,20060926,5798.30,5879.20,5798.30,5873.60,0
FT-SE100,20060927,5873.60,5942.20,5872.80,5930.10,0
FT-SE100,20060928,5930.10,5978.80,5930.10,5971.30,0
FT-SE100,20060929,5971.30,6002.90,5950.10,5960.80,0
FT-SE100,20061002,5960.80,5985.50,5950.90,5957.80,0
FT-SE100,20061003,5957.80,5957.80,5897.30,5937.10,0
FT-SE100,20061004,5937.10,5969.10,5921.50,5966.50,0
FT-SE100,20061005,5966.50,6016.70,5966.50,6004.50,0
FT-SE100,20061006,6004.50,6014.30,5978.10,6001.20,0
FT-SE100,20061009,6001.20,6044.50,5994.80,6030.90,0
FT-SE100,20061010,6030.90,6076.30,6030.20,6072.70,0
FT-SE100,20061011,6072.70,6081.90,6044.70,6073.50,0
FT-SE100,20061012,6073.50,6121.70,6069.00,6121.30,0
FT-SE100,20061013,6121.30,6170.50,6105.30,6157.30,0
FT-SE100,20061016,6157.30,6184.30,6149.30,6172.40,0
FT-SE100,20061017,6172.40,6174.70,6105.80,6108.60,0
FT-SE100,20061018,6108.60,6166.80,6108.60,6150.40,0
FT-SE100,20061019,6150.40,6183.50,6113.10,6156.00,0
FT-SE100,20061020,6156.00,6199.80,6134.30,6155.20,0
FT-SE100,20061023,6155.20,6181.10,6129.10,6166.10,0
FT-SE100,20061024,6166.10,6186.90,6161.30,6182.50,0
FT-SE100,20061025,6182.50,6216.10,6178.80,6214.60,0
FT-SE100,20061026,6214.60,6244.60,6179.70,6184.80,0
FT-SE100,20061027,6184.80,6206.00,6132.70,6160.90,0
FT-SE100,20061030,6160.90,6160.90,6112.90,6126.80,0
FT-SE100,20061031,6126.80,6149.90,6110.90,6129.20,0
FT-SE100,20061101,6129.20,6180.70,6129.20,6149.60,0
FT-SE100,20061102,6149.60,6172.00,6112.90,6149.30,0
FT-SE100,20061103,6149.30,6177.30,6134.00,6148.10,0
FT-SE100,20061106,6148.10,6224.50,6146.50,6224.50,0
FT-SE100,20061107,6224.50,6244.50,6219.70,6244.00,0
FT-SE100,20061108,6244.00,6244.00,6205.70,6239.00,0
FT-SE100,20061109,6239.00,6250.40,6205.10,6231.50,0
FT-SE100,20061110,6231.50,6233.10,6198.60,6208.40,0
FT-SE100,20061113,6208.40,6239.80,6171.90,6194.20,0
FT-SE100,20061114,6194.20,6223.90,6167.30,6186.60,0
FT-SE100,20061115,6186.60,6229.80,6186.60,6229.80,0
FT-SE100,20061116,6229.80,6256.80,6212.10,6254.90,0
FT-SE100,20061117,6254.90,6254.90,6178.90,6192.00,0
FT-SE100,20061120,6192.00,6218.90,6148.30,6204.50,0
FT-SE100,20061121,6204.50,6228.40,6199.70,6202.60,0
FT-SE100,20061122,6202.60,6233.10,6146.30,6160.30,0
FT-SE100,20061123,6160.30,6181.70,6115.10,6140.00,0
FT-SE100,20061124,6140.00,6140.00,6068.10,6122.10,0
FT-SE100,20061127,6122.10,6129.50,6050.10,6050.10,0
FT-SE100,20061128,6050.10,6062.80,6011.80,6025.90,0
FT-SE100,20061129,6025.90,6098.60,6025.90,6084.40,0
FT-SE100,20061130,6084.40,6108.90,6043.90,6048.80,0
FT-SE100,20061201,6048.80,6087.40,5985.20,6021.50,0
FT-SE100,20061204,6021.50,6058.10,6019.40,6050.40,0
FT-SE100,20061205,6050.40,6097.40,6047.10,6086.40,0
FT-SE100,20061206,6086.40,6105.70,6068.10,6090.30,0
FT-SE100,20061207,6090.30,6145.30,6082.80,6131.50,0
FT-SE100,20061208,6131.50,6157.10,6106.60,6152.40,0
FT-SE100,20061211,6152.40,6187.00,6147.10,6159.80,0
FT-SE100,20061212,6159.80,6164.80,6137.80,6156.40,0
FT-SE100,20061213,6156.40,6196.60,6149.40,6192.50,0
FT-SE100,20061214,6192.50,6230.60,6192.50,6228.00,0
FT-SE100,20061215,6228.00,6271.40,6228.00,6260.00,0
FT-SE100,20061218,6260.00,6269.10,6240.10,6247.40,0
FT-SE100,20061219,6247.40,6247.40,6192.00,6203.90,0
FT-SE100,20061220,6203.90,6240.10,6197.90,6198.60,0
FT-SE100,20061221,6198.60,6203.50,6171.20,6183.70,0
FT-SE100,20061222,6183.70,6191.10,6175.50,6190.00,0
FT-SE100,20061227,6190.00,6248.10,6190.00,6245.20,0
FT-SE100,20061228,6245.20,6258.70,6232.30,6240.90,0
FT-SE100,20061229,6240.90,6245.20,6207.60,6220.80,0
FT-SE100,20070102,6220.80,6312.50,6220.80,6310.90,0
FT-SE100,20070103,6310.90,6322.00,6296.00,6319.00,0
FT-SE100,20070104,6319.00,6319.00,6261.00,6287.00,0
FT-SE100,20070105,6287.00,6287.00,6220.10,6220.10,0
FT-SE100,20070108,6220.10,6246.00,6187.00,6194.20,0
FT-SE100,20070109,6194.20,6218.50,6190.40,6196.10,0
FT-SE100,20070110,6196.10,6196.10,6142.00,6160.70,0
FT-SE100,20070111,6160.70,6233.10,6130.20,6230.10,0
FT-SE100,20070112,6230.10,6247.60,6204.30,6239.00,0
FT-SE100,20070115,6239.00,6279.70,6239.00,6263.50,0
FT-SE100,20070116,6263.50,6266.40,6206.40,6215.70,0
FT-SE100,20070117,6215.70,6227.00,6163.50,6204.50,0
FT-SE100,20070118,6204.50,6257.20,6204.50,6210.30,0
FT-SE100,20070119,6210.30,6243.30,6178.00,6237.20,0
FT-SE100,20070122,6237.20,6270.90,6215.80,6218.40,0
FT-SE100,20070123,6218.40,6240.70,6189.20,6227.60,0
FT-SE100,20070124,6227.60,6320.90,6227.60,6314.80,0
FT-SE100,20070125,6314.80,6335.10,6262.10,6269.30,0
FT-SE100,20070126,6269.30,6271.40,6226.40,6228.00,0
FT-SE100,20070129,6228.00,6253.70,6216.00,6239.90,0
FT-SE100,20070130,6239.90,6250.10,6212.50,6242.00,0
FT-SE100,20070131,6242.00,6257.30,6197.50,6203.10,0
FT-SE100,20070201,6203.10,6300.30,6203.10,6282.20,0
FT-SE100,20070202,6282.20,6329.00,6282.20,6310.90,0
FT-SE100,20070205,6310.90,6328.90,6294.70,6317.90,0
FT-SE100,20070206,6317.90,6369.70,6317.90,6346.30,0
FT-SE100,20070207,6346.30,6379.80,6338.20,6369.50,0
FT-SE100,20070208,6369.50,6375.00,6330.10,6346.40,0
FT-SE100,20070209,6346.40,6395.40,6346.40,6382.80,0
FT-SE100,20070212,6382.80,6383.10,6344.70,6353.50,0
FT-SE100,20070213,6353.50,6381.80,6353.50,6381.80,0
FT-SE100,20070214,6381.80,6421.20,6378.60,6421.20,0
FT-SE100,20070215,6421.20,6435.30,6397.20,6433.30,0
FT-SE100,20070216,6433.30,6439.20,6407.70,6419.50,0
FT-SE100,20070219,6419.50,6451.40,6419.50,6444.40,0
FT-SE100,20070220,6444.40,6448.10,6392.40,6412.30,0
FT-SE100,20070221,6412.30,6430.40,6352.10,6357.10,0
FT-SE100,20070222,6357.10,6415.30,6357.10,6380.90,0
FT-SE100,20070223,6380.90,6401.50,6357.10,6401.50,0
FT-SE100,20070226,6401.50,6446.80,6401.50,6434.70,0
FT-SE100,20070227,6434.70,6434.70,6270.50,6286.10,0
FT-SE100,20070228,6286.10,6286.10,6166.20,6171.50,0
FT-SE100,20070301,6171.50,6230.70,6038.90,6116.00,0
FT-SE100,20070302,6116.00,6164.40,6085.60,6116.20,0
FT-SE100,20070305,6116.20,6116.20,5989.60,6058.70,0
FT-SE100,20070306,6058.70,6138.50,6058.70,6138.50,0
FT-SE100,20070307,6138.50,6167.60,6106.10,6156.50,0
FT-SE100,20070308,6156.50,6233.10,6156.50,6227.70,0
FT-SE100,20070309,6227.70,6255.80,6190.30,6245.20,0
FT-SE100,20070312,6245.20,6276.30,6219.60,6233.30,0
FT-SE100,20070313,6233.30,6240.70,6161.20,6161.20,0
FT-SE100,20070314,6161.20,6161.20,6000.70,6000.70,0
FT-SE100,20070315,6000.70,6133.20,6000.70,6133.20,0
FT-SE100,20070316,6133.20,6142.20,6094.70,6130.60,0
FT-SE100,20070319,6130.60,6200.60,6130.60,6189.40,0
FT-SE100,20070320,6189.40,6220.30,6159.40,6220.30,0
FT-SE100,20070321,6220.30,6287.50,6207.70,6256.80,0
FT-SE100,20070322,6256.80,6342.10,6256.80,6318.00,0
FT-SE100,20070323,6318.00,6350.40,6296.60,6339.40,0
FT-SE100,20070326,6339.40,6355.30,6274.10,6291.90,0
FT-SE100,20070327,6291.90,6337.70,6276.80,6292.60,0
FT-SE100,20070328,6292.60,6304.90,6250.10,6267.20,0
FT-SE100,20070329,6267.20,6334.70,6267.20,6324.20,0
FT-SE100,20070330,6324.20,6330.00,6291.10,6308.00,0
FT-SE100,20070402,6308.00,6342.20,6293.90,6315.50,0
FT-SE100,20070403,6315.50,6366.10,6315.50,6366.10,0
FT-SE100,20070404,6366.10,6380.50,6345.90,6364.70,0
FT-SE100,20070405,6364.70,6398.70,6350.30,6397.30,0
FT-SE100,20070410,6397.30,6431.70,6394.30,6417.80,0
FT-SE100,20070411,6417.80,6445.90,6401.90,6413.30,0
FT-SE100,20070412,6413.30,6419.60,6376.40,6416.40,0
FT-SE100,20070413,6416.40,6462.40,6416.40,6462.40,0
FT-SE100,20070416,6462.40,6516.20,6462.40,6516.20,0
FT-SE100,20070417,6516.20,6516.20,6456.40,6497.80,0
FT-SE100,20070418,6497.80,6497.80,6440.80,6449.40,0
FT-SE100,20070419,6449.40,6451.80,6386.90,6440.60,0
FT-SE100,20070420,6440.60,6508.90,6440.60,6486.80,0
FT-SE100,20070423,6486.80,6504.50,6466.10,6479.70,0
FT-SE100,20070424,6479.70,6493.10,6408.40,6429.50,0
FT-SE100,20070425,6429.50,6479.00,6429.50,6461.90,0
FT-SE100,20070426,6461.90,6511.10,6443.70,6469.40,0
FT-SE100,20070427,6469.40,6469.40,6410.60,6418.70,0
FT-SE100,20070430,6418.70,6474.70,6410.50,6449.20,0
FT-SE100,20070501,6449.20,6449.20,6395.50,6419.60,0
FT-SE100,20070502,6419.60,6489.00,6419.60,6484.50,0
FT-SE100,20070503,6484.50,6542.20,6484.50,6537.80,0
FT-SE100,20070504,6537.80,6614.70,6537.80,6603.70,0
FT-SE100,20070508,6603.70,6603.70,6537.50,6550.40,0
FT-SE100,20070509,6550.40,6592.40,6529.00,6549.60,0
FT-SE100,20070510,6549.60,6565.10,6515.00,6524.10,0
FT-SE100,20070511,6524.10,6577.00,6451.90,6565.70,0
FT-SE100,20070514,6565.70,6596.30,6530.30,6555.50,0
FT-SE100,20070515,6555.50,6579.00,6532.90,6568.60,0
FT-SE100,20070516,6568.60,6578.60,6539.40,6559.50,0
FT-SE100,20070517,6559.50,6588.70,6553.60,6579.30,0
FT-SE100,20070518,6579.30,6656.30,6579.10,6640.90,0
FT-SE100,20070521,6640.90,6675.00,6619.40,6636.80,0
FT-SE100,20070522,6636.80,6641.90,6594.60,6606.60,0
FT-SE100,20070523,6606.60,6643.80,6602.50,6616.40,0
FT-SE100,20070524,6616.40,6619.50,6560.50,6565.40,0
FT-SE100,20070525,6565.40,6575.20,6532.50,6570.50,0
FT-SE100,20070529,6570.50,6613.40,6570.50,6606.50,0
FT-SE100,20070530,6606.50,6606.50,6533.50,6602.10,0
FT-SE100,20070531,6602.10,6650.20,6602.10,6621.40,0
FT-SE100,20070601,6621.40,6676.70,6621.30,6676.70,0
FT-SE100,20070604,6676.70,6686.10,6641.20,6664.10,0
FT-SE100,20070605,6664.10,6686.60,6625.70,6632.80,0
FT-SE100,20070606,6632.80,6636.90,6511.70,6522.70,0
FT-SE100,20070607,6522.70,6574.90,6478.00,6505.10,0
FT-SE100,20070608,6505.10,6519.40,6451.40,6505.10,0
FT-SE100,20070611,6505.10,6567.50,6505.10,6567.50,0
FT-SE100,20070612,6567.50,6586.60,6513.70,6520.40,0
FT-SE100,20070613,6520.40,6567.30,6483.60,6559.60,0
FT-SE100,20070614,6559.60,6654.30,6559.60,6649.90,0
FT-SE100,20070615,6649.90,6734.20,6649.90,6732.40,0
FT-SE100,20070618,6732.40,6751.30,6696.80,6703.50,0
FT-SE100,20070619,6703.50,6721.40,6650.20,6650.20,0
FT-SE100,20070620,6650.20,6692.60,6647.60,6649.30,0
FT-SE100,20070621,6649.30,6649.30,6563.90,6596.00,0
FT-SE100,20070622,6596.00,6612.30,6562.20,6567.40,0
FT-SE100,20070625,6567.40,6591.40,6522.30,6588.40,0
FT-SE100,20070626,6588.40,6593.50,6539.90,6559.30,0
FT-SE100,20070627,6559.30,6559.30,6496.40,6527.60,0
FT-SE100,20070628,6527.60,6575.50,6527.60,6571.30,0
FT-SE100,20070629,6571.30,6607.90,6519.60,6607.90,0
FT-SE100,20070702,6607.90,6612.80,6570.50,6590.60,0
FT-SE100,20070703,6590.60,6645.30,6590.60,6639.80,0
FT-SE100,20070704,6639.80,6682.90,6639.80,6673.10,0
FT-SE100,20070705,6673.10,6691.80,6625.80,6635.20,0
FT-SE100,20070706,6635.20,6690.40,6635.20,6690.10,0
FT-SE100,20070709,6690.10,6725.90,6690.10,6712.70,0
FT-SE100,20070710,6712.70,6734.30,6620.50,6630.90,0
FT-SE100,20070711,6630.90,6630.90,6574.20,6615.10,0
FT-SE100,20070712,6615.10,6697.70,6594.70,6697.70,0
FT-SE100,20070713,6697.70,6754.10,6697.70,6716.70,0
FT-SE100,20070716,6716.70,6735.80,6679.20,6697.70,0
FT-SE100,20070717,6697.70,6698.50,6628.10,6659.10,0
FT-SE100,20070718,6659.10,6659.10,6567.10,6567.10,0
FT-SE100,20070719,6567.10,6658.80,6567.10,6640.20,0
FT-SE100,20070720,6640.20,6674.30,6580.00,6585.20,0
FT-SE100,20070723,6585.20,6624.40,6583.50,6624.40,0
FT-SE100,20070724,6624.40,6624.40,6498.70,6498.70,0
FT-SE100,20070725,6498.70,6533.60,6436.70,6454.30,0
FT-SE100,20070726,6454.30,6474.70,6251.20,6251.20,0
FT-SE100,20070727,6251.20,6315.20,6192.30,6215.20,0
FT-SE100,20070730,6215.20,6256.50,6186.20,6206.10,0
FT-SE100,20070731,6206.10,6361.10,6206.10,6360.10,0
FT-SE100,20070801,6360.10,6360.10,6187.20,6250.60,0
FT-SE100,20070802,6250.60,6319.30,6250.60,6300.30,0
FT-SE100,20070803,6300.30,6333.50,6212.20,6224.30,0
FT-SE100,20070806,6224.30,6245.90,6161.50,6189.10,0
FT-SE100,20070807,6189.10,6308.80,6189.10,6308.80,0
FT-SE100,20070808,6308.80,6406.30,6308.80,6393.90,0
FT-SE100,20070809,6393.90,6393.90,6228.00,6271.20,0
FT-SE100,20070810,6271.20,6271.20,6038.30,6038.30,0
FT-SE100,20070813,6038.30,6237.80,6038.30,6219.00,0
FT-SE100,20070814,6219.00,6264.90,6132.20,6143.50,0
FT-SE100,20070815,6143.50,6143.50,6041.70,6109.30,0
FT-SE100,20070816,6109.30,6109.30,5858.90,5858.90,0
FT-SE100,20070817,5858.90,6134.00,5821.70,6064.20,0
FT-SE100,20070820,6064.20,6163.40,6064.20,6078.70,0
FT-SE100,20070821,6078.70,6118.90,6031.80,6086.10,0
FT-SE100,20070822,6086.10,6196.60,6086.10,6196.00,0
FT-SE100,20070823,6196.00,6287.20,6194.40,6196.90,0
FT-SE100,20070824,6196.90,6232.20,6182.40,6220.10,0
FT-SE100,20070828,6220.10,6220.10,6083.90,6102.20,0
FT-SE100,20070829,6102.20,6137.90,6056.50,6132.20,0
FT-SE100,20070830,6132.20,6220.80,6122.50,6212.00,0
FT-SE100,20070831,6212.00,6309.50,6212.00,6303.30,0
FT-SE100,20070903,6303.30,6334.40,6303.20,6315.20,0
FT-SE100,20070904,6315.20,6378.00,6274.90,6376.80,0
FT-SE100,20070905,6376.80,6390.50,6264.50,6270.70,0
FT-SE100,20070906,6270.70,6327.30,6217.50,6313.30,0
FT-SE100,20070907,6313.30,6342.70,6179.10,6191.20,0
FT-SE100,20070910,6191.20,6232.10,6123.10,6134.10,0
FT-SE100,20070911,6134.10,6280.70,6134.10,6280.70,0
FT-SE100,20070912,6280.70,6317.10,6232.00,6306.20,0
FT-SE100,20070913,6306.20,6374.50,6280.20,6363.90,0
FT-SE100,20070914,6363.90,6363.90,6209.10,6289.30,0
FT-SE100,20070917,6289.30,6289.30,6168.00,6182.80,0
FT-SE100,20070918,6182.80,6298.50,6158.80,6283.30,0
FT-SE100,20070919,6283.30,6512.40,6283.30,6460.00,0
FT-SE100,20070920,6460.00,6460.00,6395.10,6429.00,0
FT-SE100,20070921,6429.00,6481.60,6409.90,6456.70,0
FT-SE100,20070924,6456.70,6494.20,6437.30,6465.90,0
FT-SE100,20070925,6465.90,6465.90,6367.00,6396.90,0
FT-SE100,20070926,6396.90,6484.40,6396.90,6433.00,0
FT-SE100,20070927,6433.00,6508.00,6433.00,6486.40,0
FT-SE100,20070928,6486.40,6500.40,6411.80,6466.80,0
FT-SE100,20071001,6466.80,6514.50,6419.20,6506.20,0
FT-SE100,20071002,6506.20,6567.00,6489.60,6500.40,0
FT-SE100,20071003,6500.40,6542.80,6495.00,6535.20,0
FT-SE100,20071004,6535.20,6593.30,6507.20,6547.90,0
FT-SE100,20071005,6547.90,6605.10,6547.90,6595.80,0
FT-SE100,20071008,6595.80,6605.60,6540.90,6540.90,0
FT-SE100,20071009,6540.90,6625.30,6527.50,6615.40,0
FT-SE100,20071010,6615.40,6633.00,6587.70,6633.00,0
FT-SE100,20071011,6633.00,6730.10,6633.00,6724.50,0
FT-SE100,20071012,6724.50,6730.70,6660.00,6730.70,0
FT-SE100,20071015,6730.70,6751.70,6632.10,6644.50,0
FT-SE100,20071016,6644.50,6644.50,6596.30,6614.30,0
FT-SE100,20071017,6614.30,6690.50,6594.90,6677.70,0
FT-SE100,20071018,6677.70,6722.00,6584.90,6609.40,0
FT-SE100,20071019,6609.40,6615.80,6523.60,6527.90,0
FT-SE100,20071022,6527.90,6527.90,6413.40,6459.30,0
FT-SE100,20071023,6459.30,6562.70,6459.30,6514.00,0
FT-SE100,20071024,6514.00,6550.90,6460.90,6482.00,0
FT-SE100,20071025,6482.00,6587.60,6482.00,6576.30,0
FT-SE100,20071026,6576.30,6684.10,6567.10,6661.30,0
FT-SE100,20071029,6661.30,6726.90,6661.30,6706.00,0
FT-SE100,20071030,6706.00,6706.00,6653.80,6659.00,0
FT-SE100,20071031,6659.00,6721.60,6636.90,6721.60,0
FT-SE100,20071101,6721.60,6723.70,6549.70,6586.10,0
FT-SE100,20071102,6586.10,6586.10,6483.40,6530.60,0
FT-SE100,20071105,6530.60,6530.60,6420.40,6461.40,0
FT-SE100,20071106,6461.40,6512.10,6456.40,6474.90,0
FT-SE100,20071107,6474.90,6519.20,6381.30,6420.10,0
FT-SE100,20071108,6420.10,6432.30,6290.30,6381.90,0
FT-SE100,20071109,6381.90,6442.90,6268.90,6304.90,0
FT-SE100,20071112,6304.90,6365.20,6268.60,6337.90,0
FT-SE100,20071113,6337.90,6387.40,6279.70,6362.40,0
FT-SE100,20071114,6362.40,6460.80,6362.40,6432.10,0
FT-SE100,20071115,6432.10,6465.40,6335.50,6359.60,0
FT-SE100,20071116,6359.60,6359.60,6283.90,6291.20,0
FT-SE100,20071119,6291.20,6331.70,6120.80,6120.80,0
FT-SE100,20071120,6120.80,6227.70,6078.70,6226.50,0
FT-SE100,20071121,6226.50,6226.50,6041.80,6070.90,0
FT-SE100,20071122,6070.90,6155.30,6026.90,6155.30,0
FT-SE100,20071123,6155.30,6262.10,6153.60,6262.10,0
FT-SE100,20071126,6262.10,6307.80,6180.50,6180.50,0
FT-SE100,20071127,6180.50,6197.10,6061.80,6140.70,0
FT-SE100,20071128,6140.70,6307.40,6109.60,6306.20,0
FT-SE100,20071129,6306.20,6363.50,6273.40,6349.10,0
FT-SE100,20071130,6349.10,6455.80,6334.00,6432.50,0
FT-SE100,20071203,6432.50,6456.10,6379.90,6386.60,0
FT-SE100,20071204,6386.60,6398.20,6289.30,6315.20,0
FT-SE100,20071205,6315.20,6493.80,6315.20,6493.80,0
FT-SE100,20071206,6493.80,6591.80,6437.80,6485.60,0
FT-SE100,20071207,6485.60,6577.80,6485.60,6554.90,0
FT-SE100,20071210,6554.90,6596.70,6523.70,6565.40,0
FT-SE100,20071211,6565.40,6597.50,6513.40,6536.90,0
FT-SE100,20071212,6536.90,6610.90,6429.50,6559.80,0
FT-SE100,20071213,6559.80,6559.80,6364.20,6364.20,0
FT-SE100,20071214,6364.20,6426.20,6336.70,6397.00,0
FT-SE100,20071217,6397.00,6397.00,6264.30,6277.80,0
FT-SE100,20071218,6277.80,6344.30,6254.50,6279.30,0
FT-SE100,20071219,6279.30,6319.10,6251.80,6284.50,0
FT-SE100,20071220,6284.50,6367.70,6284.50,6345.60,0
FT-SE100,20071221,6345.60,6451.80,6345.60,6434.10,0
FT-SE100,20071224,6434.10,6485.60,6431.20,6479.30,0
FT-SE100,20071227,6479.30,6504.70,6468.70,6497.80,0
FT-SE100,20071228,6497.80,6497.80,6436.80,6476.90,0
FT-SE100,20071231,6476.90,6480.20,6432.80,6456.90,0
FT-SE100,20080102,6456.90,6512.30,6402.60,6416.70,0
FT-SE100,20080103,6416.70,6487.80,6394.60,6479.40,0
FT-SE100,20080104,6479.40,6534.70,6333.20,6348.50,0
FT-SE100,20080107,6348.50,6376.50,6275.20,6335.70,0
FT-SE100,20080108,6335.70,6399.60,6335.70,6356.50,0
FT-SE100,20080109,6356.50,6356.50,6241.80,6272.70,0
FT-SE100,20080110,6272.70,6314.50,6213.00,6222.70,0
FT-SE100,20080111,6222.70,6251.80,6147.00,6202.00,0
FT-SE100,20080114,6202.00,6247.30,6173.00,6215.70,0
FT-SE100,20080115,6215.70,6215.70,6025.60,6025.60,0
FT-SE100,20080116,6025.60,6031.50,5908.50,5942.90,0
FT-SE100,20080117,5942.90,6028.40,5895.40,5902.40,0
FT-SE100,20080118,5902.40,6030.90,5856.80,5901.70,0
FT-SE100,20080121,5901.70,5901.70,5571.00,5578.20,0
FT-SE100,20080122,5578.20,5764.00,5338.70,5740.10,0
FT-SE100,20080123,5740.10,5844.90,5518.30,5609.30,0
FT-SE100,20080124,5609.30,5882.30,5609.30,5875.80,0
FT-SE100,20080125,5875.80,5973.30,5848.50,5869.00,0
FT-SE100,20080128,5869.00,5869.00,5705.10,5788.90,0
FT-SE100,20080129,5788.90,5885.20,5788.90,5885.20,0
FT-SE100,20080130,5885.20,5885.20,5818.60,5837.30,0
FT-SE100,20080131,5837.30,5899.50,5689.40,5879.80,0
FT-SE100,20080201,5879.80,6044.90,5879.80,6029.20,0
FT-SE100,20080204,6029.20,6071.30,6000.20,6026.20,0
FT-SE100,20080205,6026.20,6026.20,5852.80,5868.00,0
FT-SE100,20080206,5868.00,5892.60,5816.40,5875.40,0
FT-SE100,20080207,5875.40,5875.40,5708.80,5724.10,0
FT-SE100,20080208,5724.10,5805.30,5703.10,5784.00,0
FT-SE100,20080211,5784.00,5789.60,5683.40,5707.70,0
FT-SE100,20080212,5707.70,5910.00,5707.70,5910.00,0
FT-SE100,20080213,5910.00,5915.00,5814.80,5880.10,0
FT-SE100,20080214,5880.10,5938.50,5859.40,5879.30,0
FT-SE100,20080215,5879.30,5915.00,5763.50,5787.60,0
FT-SE100,20080218,5787.60,5951.90,5787.60,5946.60,0
FT-SE100,20080219,5946.60,6033.70,5884.80,5966.90,0
FT-SE100,20080220,5966.90,5966.90,5847.40,5893.60,0
FT-SE100,20080221,5893.60,6004.40,5893.60,5932.20,0
FT-SE100,20080222,5932.20,5970.90,5863.80,5888.50,0
FT-SE100,20080225,5888.50,6011.70,5888.50,5999.50,0
FT-SE100,20080226,5999.50,6092.50,5991.60,6087.40,0
FT-SE100,20080227,6087.40,6104.50,5989.00,6076.50,0
FT-SE100,20080228,6076.50,6090.80,5960.30,5965.70,0
FT-SE100,20080229,5965.70,5986.20,5859.30,5884.30,0
FT-SE100,20080303,5884.30,5884.30,5770.10,5818.60,0
FT-SE100,20080304,5818.60,5872.90,5719.80,5767.70,0
FT-SE100,20080305,5767.70,5860.50,5763.90,5853.50,0
FT-SE100,20080306,5853.50,5871.10,5753.10,5766.40,0
FT-SE100,20080307,5766.40,5766.40,5655.70,5699.90,0
FT-SE100,20080310,5699.90,5718.80,5616.60,5629.10,0
FT-SE100,20080311,5629.10,5783.40,5629.10,5690.40,0
FT-SE100,20080312,5690.40,5812.70,5690.40,5776.40,0
FT-SE100,20080313,5776.40,5776.40,5628.90,5692.40,0
FT-SE100,20080314,5692.40,5782.00,5595.80,5631.70,0
FT-SE100,20080317,5631.70,5631.70,5414.40,5414.40,0
FT-SE100,20080318,5414.40,5610.00,5414.40,5605.80,0
FT-SE100,20080319,5605.80,5653.60,5524.80,5545.60,0
FT-SE100,20080320,5545.60,5545.60,5461.90,5495.20,0
FT-SE100,20080325,5495.20,5704.30,5495.20,5689.10,0
FT-SE100,20080326,5689.10,5689.10,5639.10,5660.40,0
FT-SE100,20080327,5660.40,5735.00,5650.90,5717.50,0
FT-SE100,20080328,5717.50,5747.20,5673.70,5692.90,0
FT-SE100,20080331,5692.90,5715.10,5585.60,5702.10,0
FT-SE100,20080401,5702.10,5865.80,5670.40,5852.60,0
FT-SE100,20080402,5852.60,5920.10,5827.20,5915.90,0
FT-SE100,20080403,5915.90,5935.20,5864.00,5891.30,0
FT-SE100,20080404,5891.30,5948.00,5888.00,5947.10,0
FT-SE100,20080407,5947.10,6014.80,5947.10,6014.80,0
FT-SE100,20080408,6014.80,6014.80,5942.20,5990.20,0
FT-SE100,20080409,5990.20,6015.60,5947.20,5983.90,0
FT-SE100,20080410,5983.90,6003.20,5881.90,5965.10,0
FT-SE100,20080411,5965.10,6016.30,5866.10,5895.50,0
FT-SE100,20080414,5895.50,5895.50,5827.00,5831.60,0
FT-SE100,20080415,5831.60,5943.30,5831.60,5906.90,0
FT-SE100,20080416,5906.90,6046.20,5906.90,6046.20,0
FT-SE100,20080417,6046.20,6086.40,5973.90,5980.40,0
FT-SE100,20080418,5980.40,6062.10,5974.30,6056.50,0
FT-SE100,20080421,6056.50,6089.50,6021.20,6053.00,0
FT-SE100,20080422,6053.00,6072.00,6007.50,6034.70,0
FT-SE100,20080423,6034.70,6083.60,5978.80,6083.60,0
FT-SE100,20080424,6083.60,6083.60,5951.90,6050.70,0
FT-SE100,20080425,6050.70,6098.80,6045.50,6091.40,0
FT-SE100,20080428,6091.40,6134.50,6083.50,6090.40,0
FT-SE100,20080429,6090.40,6133.50,6051.60,6089.40,0
FT-SE100,20080430,6089.40,6120.30,6035.80,6087.30,0
FT-SE100,20080501,6087.30,6118.20,6066.00,6087.30,0
FT-SE100,20080502,6087.30,6223.90,6087.30,6215.50,0
FT-SE100,20080506,6215.50,6233.70,6155.90,6215.20,0
FT-SE100,20080507,6215.20,6275.00,6214.10,6261.00,0
FT-SE100,20080508,6261.00,6273.30,6217.00,6270.80,0
FT-SE100,20080509,6270.80,6270.80,6167.60,6211.50,0
FT-SE100,20080512,6204.70,6251.90,6184.80,6213.00,0
FT-SE100,20080513,6220.60,6268.10,6142.30,6211.90,0
FT-SE100,20080514,6211.90,6253.10,6167.90,6216.00,0
FT-SE100,20080515,6216.00,6258.50,6168.80,6251.80,0
FT-SE100,20080516,6251.80,6348.60,6251.80,6304.30,0
FT-SE100,20080519,6304.30,6377.00,6302.80,6376.50,0
FT-SE100,20080520,6376.50,6376.50,6191.60,6191.60,0
FT-SE100,20080521,6191.60,6257.30,6183.50,6198.10,0
FT-SE100,20080522,6198.10,6226.20,6159.40,6181.60,0
FT-SE100,20080523,6181.60,6182.90,6087.30,6087.30,0
FT-SE100,20080527,6087.30,6141.70,6048.70,6058.50,0
FT-SE100,20080528,6058.50,6122.20,6052.50,6069.60,0
FT-SE100,20080529,6069.60,6130.50,6041.10,6068.10,0
FT-SE100,20080530,6068.10,6111.60,6044.70,6053.50,0
FT-SE100,20080602,6053.50,6060.80,5978.40,6007.60,0
FT-SE100,20080603,6007.60,6059.00,5993.30,6057.70,0
FT-SE100,20080604,6057.70,6057.70,5933.30,5970.10,0
FT-SE100,20080605,5970.10,6005.10,5941.00,5995.30,0
FT-SE100,20080606,5995.30,6074.50,5906.50,5912.20,0
FT-SE100,20080609,5906.80,5938.50,5869.60,5877.60,0
FT-SE100,20080610,5877.60,5877.60,5813.40,5827.30,0
FT-SE100,20080611,5827.30,5859.40,5708.30,5723.30,0
FT-SE100,20080612,5723.30,5797.80,5719.80,5790.50,0
FT-SE100,20080613,5790.50,5818.30,5719.50,5802.80,0
FT-SE100,20080616,5802.80,5832.60,5759.60,5794.60,0
FT-SE100,20080617,5794.60,5930.30,5794.60,5861.90,0
FT-SE100,20080618,5861.90,5861.90,5735.40,5756.90,0
FT-SE100,20080619,5756.90,5786.40,5707.20,5708.40,0
FT-SE100,20080620,5708.40,5731.90,5597.00,5620.80,0
FT-SE100,20080623,5620.80,5679.20,5603.20,5667.20,0
FT-SE100,20080624,5667.20,5693.80,5581.60,5634.70,0
FT-SE100,20080625,5634.70,5669.60,5634.70,5666.10,0
FT-SE100,20080626,5666.10,5666.10,5518.20,5518.20,0
FT-SE100,20080627,5518.20,5555.20,5470.90,5529.90,0
FT-SE100,20080630,5529.90,5625.90,5520.20,5625.90,0
FT-SE100,20080701,5625.90,5625.90,5466.30,5479.90,0
FT-SE100,20080702,5479.90,5566.80,5426.30,5426.30,0
FT-SE100,20080703,5426.30,5490.60,5358.50,5476.60,0
FT-SE100,20080704,5476.60,5490.20,5394.00,5412.80,0
FT-SE100,20080707,5412.80,5516.40,5400.10,5512.70,0
FT-SE100,20080708,5512.70,5512.70,5358.70,5440.50,0
FT-SE100,20080709,5440.50,5538.20,5440.50,5529.60,0
FT-SE100,20080710,5529.60,5529.60,5392.60,5406.80,0
FT-SE100,20080711,5406.80,5461.80,5261.60,5261.60,0
FT-SE100,20080714,5261.60,5373.20,5261.60,5300.40,0
FT-SE100,20080715,5300.40,5300.40,5119.00,5171.90,0
FT-SE100,20080716,5171.90,5210.10,5071.10,5150.60,0
FT-SE100,20080717,5150.60,5320.50,5150.60,5286.30,0
FT-SE100,20080718,5286.30,5376.40,5216.60,5376.40,0
FT-SE100,20080721,5376.40,5445.80,5334.60,5404.30,0
FT-SE100,20080722,5404.30,5404.30,5282.80,5364.10,0
FT-SE100,20080723,5364.10,5467.20,5364.10,5449.90,0
FT-SE100,20080724,5449.90,5463.70,5345.10,5362.30,0
FT-SE100,20080725,5362.30,5375.20,5291.40,5352.60,0
FT-SE100,20080728,5352.60,5365.80,5308.40,5312.60,0
FT-SE100,20080729,5312.60,5354.60,5261.40,5319.20,0
FT-SE100,20080730,5319.20,5435.90,5319.20,5420.70,0
FT-SE100,20080731,5420.70,5456.10,5371.30,5411.90,0
FT-SE100,20080801,5411.90,5411.90,5321.30,5354.70,0
FT-SE100,20080804,5354.70,5414.70,5310.30,5320.20,0
FT-SE100,20080805,5320.20,5454.50,5299.70,5454.50,0
FT-SE100,20080806,5454.50,5498.60,5440.10,5486.10,0
FT-SE100,20080807,5486.10,5539.30,5450.90,5477.50,0
FT-SE100,20080808,5477.50,5507.20,5410.80,5489.20,0
FT-SE100,20080811,5489.20,5541.80,5477.70,5541.80,0
FT-SE100,20080812,5541.80,5569.20,5491.30,5534.50,0
FT-SE100,20080813,5534.50,5534.50,5437.10,5448.60,0
FT-SE100,20080814,5448.60,5539.60,5445.60,5497.40,0
FT-SE100,20080815,5497.40,5538.80,5432.20,5454.80,0
FT-SE100,20080818,5454.80,5498.70,5425.30,5450.20,0
FT-SE100,20080819,5450.20,5450.20,5317.10,5320.40,0
FT-SE100,20080820,5320.40,5384.20,5320.40,5371.80,0
FT-SE100,20080821,5371.80,5408.00,5311.40,5370.20,0
FT-SE100,20080822,5370.20,5505.60,5368.00,5505.60,0
FT-SE100,20080826,5505.60,5505.60,5369.30,5470.70,0
FT-SE100,20080827,5470.70,5540.80,5434.70,5528.10,0
FT-SE100,20080828,5528.10,5634.00,5496.90,5601.20,0
FT-SE100,20080829,5601.20,5649.10,5587.40,5636.60,0
FT-SE100,20080901,5636.60,5636.60,5573.80,5602.80,0
FT-SE100,20080902,5602.80,5646.50,5574.90,5620.70,0
FT-SE100,20080903,5620.70,5620.70,5492.10,5499.70,0
FT-SE100,20080904,5499.70,5541.70,5362.10,5362.10,0
FT-SE100,20080905,5362.10,5362.10,5227.60,5240.70,0
FT-SE100,20080908,5240.70,5447.60,5240.70,5446.30,0
FT-SE100,20080909,5446.30,5524.80,5386.90,5415.60,0
FT-SE100,20080910,5415.60,5419.50,5327.80,5366.20,0
FT-SE100,20080911,5366.20,5377.90,5258.10,5318.40,0
FT-SE100,20080912,5318.40,5416.70,5318.40,5416.70,0
FT-SE100,20080915,5416.70,5416.70,5124.90,5204.20,0
FT-SE100,20080916,5204.20,5204.20,4961.20,5025.60,0
FT-SE100,20080917,5025.60,5124.40,4903.30,4912.40,0
FT-SE100,20080918,4912.40,5015.90,4860.70,4884.10,0
FT-SE100,20080919,4880.00,5351.20,4857.10,5335.20,0
FT-SE100,20080922,5311.33,5339.25,5236.26,5236.26,0
FT-SE100,20080923,5236.26,5236.26,5076.32,5136.12,0
FT-SE100,20080924,5136.12,5167.36,5087.30,5095.57,0
FT-SE100,20080925,5095.57,5211.64,5060.74,5197.02,0
FT-SE100,20080926,5197.02,5197.02,5057.33,5088.47,0
FT-SE100,20080929,5088.47,5088.47,4820.97,4835.45,0
FT-SE100,20080930,4818.77,4953.40,4671.02,4902.45,0
FT-SE100,20081001,4902.45,5012.24,4891.46,4959.59,0
FT-SE100,20081002,4959.59,5052.00,4862.11,4870.34,0
FT-SE100,20081003,4870.34,5003.90,4832.10,4980.25,0
FT-SE100,20081006,4980.25,4980.25,4549.66,4589.19,0
FT-SE100,20081007,4589.19,4745.01,4517.47,4605.22,0
FT-SE100,20081008,4605.22,4654.18,4245.29,4366.69,0
FT-SE100,20081009,4366.69,4512.45,4274.40,4313.80,0
FT-SE100,20081010,4313.80,4313.80,3873.99,3932.06,0
FT-SE100,20081013,3932.06,4247.79,3932.06,4212.88,0
FT-SE100,20081014,4256.90,4534.35,4256.90,4394.21,0
FT-SE100,20081015,4394.21,4394.21,4051.98,4079.59,0
FT-SE100,20081016,4079.59,4079.59,3808.11,3861.39,0
FT-SE100,20081017,3861.39,4077.58,3861.29,4063.01,0
FT-SE100,20081020,4063.01,4282.67,4063.01,4282.67,0
FT-SE100,20081021,4282.67,4347.69,4212.37,4229.73,0
FT-SE100,20081022,4229.73,4229.73,4031.79,4040.89,0
FT-SE100,20081023,4040.89,4108.36,3927.57,4087.83,0
FT-SE100,20081024,4087.83,4087.83,3715.24,3883.36,0
FT-SE100,20081027,3883.36,3911.61,3665.21,3852.59,0
FT-SE100,20081028,3852.59,4034.02,3847.55,3926.38,0
FT-SE100,20081029,3926.38,4242.54,3926.38,4242.54,0
FT-SE100,20081030,4242.54,4352.47,4200.24,4291.65,0
FT-SE100,20081031,4291.65,4383.90,4195.15,4377.34,0
FT-SE100,20081103,4377.34,4443.28,4348.29,4443.28,0
FT-SE100,20081104,4443.28,4639.50,4404.20,4639.50,0
FT-SE100,20081105,4639.50,4639.50,4495.70,4530.73,0
FT-SE100,20081106,4530.73,4530.73,4260.26,4272.41,0
FT-SE100,20081107,4272.41,4408.10,4263.78,4387.14,0
FT-SE100,20081110,4364.96,4524.87,4364.96,4403.92,0
FT-SE100,20081111,4403.92,4403.92,4231.49,4246.69,0
FT-SE100,20081112,4246.69,4333.37,4134.51,4182.02,0
FT-SE100,20081113,4182.02,4198.67,4079.62,4169.21,0
FT-SE100,20081114,4169.21,4342.29,4169.21,4232.97,0
FT-SE100,20081117,4232.97,4236.41,4110.68,4132.16,0
FT-SE100,20081118,4132.16,4208.55,4033.40,4208.55,0
FT-SE100,20081119,4208.55,4213.20,3999.13,4005.68,0
FT-SE100,20081120,4005.68,4005.68,3812.19,3874.99,0
FT-SE100,20081121,3874.99,3946.67,3734.07,3780.96,0
FT-SE100,20081124,3780.96,4153.08,3780.96,4152.96,0
FT-SE100,20081125,4152.96,4268.34,4069.34,4171.25,0
FT-SE100,20081126,4171.25,4198.74,4050.67,4152.69,0
FT-SE100,20081127,4152.69,4241.70,4152.69,4226.10,0
FT-SE100,20081128,4226.10,4288.01,4192.46,4288.01,0
FT-SE100,20081201,4288.01,4288.01,4038.45,4065.49,0
FT-SE100,20081202,4065.49,4137.11,3973.26,4122.86,0
FT-SE100,20081203,4122.86,4190.93,4042.31,4169.96,0
FT-SE100,20081204,4169.96,4261.07,4090.04,4163.61,0
FT-SE100,20081205,4163.61,4163.61,4002.21,4049.37,0
FT-SE100,20081208,4049.37,4318.00,4049.37,4300.06,0
FT-SE100,20081209,4300.06,4412.96,4232.62,4381.26,0
FT-SE100,20081210,4381.26,4407.13,4329.95,4367.28,0
FT-SE100,20081211,4367.28,4430.28,4307.83,4388.69,0
FT-SE100,20081212,4388.69,4388.69,4201.86,4280.35,0
FT-SE100,20081215,4280.35,4340.70,4238.87,4277.56,0
FT-SE100,20081216,4277.56,4330.13,4246.10,4309.08,0
FT-SE100,20081217,4309.08,4341.12,4231.13,4324.19,0
FT-SE100,20081218,4324.19,4352.68,4282.60,4330.66,0
FT-SE100,20081219,4330.66,4330.66,4200.71,4286.93,0
FT-SE100,20081222,4286.93,4305.43,4219.82,4249.16,0
FT-SE100,20081223,4249.16,4307.09,4244.17,4255.98,0
FT-SE100,20081224,4255.98,4255.98,4205.18,4216.59,0
FT-SE100,20081225,4255.98,4255.98,4205.18,4216.59,0
FT-SE100,20081229,4216.59,4326.25,4216.59,4319.35,0
FT-SE100,20081230,4319.35,4406.07,4319.35,4392.68,0
FT-SE100,20081231,4392.68,4456.19,4392.68,4434.17,0
FT-SE100,20090102,4434.17,4561.79,4430.02,4561.79,0
FT-SE100,20090105,4561.79,4618.11,4520.76,4579.64,0
FT-SE100,20090106,4579.64,4675.68,4562.01,4638.92,0
FT-SE100,20090107,4638.92,4638.92,4477.99,4507.51,0
FT-SE100,20090108,4507.51,4514.71,4410.48,4505.37,0
FT-SE100,20090109,4505.37,4534.81,4431.88,4448.54,0
FT-SE100,20090112,4448.54,4471.34,4402.29,4426.19,0
FT-SE100,20090113,4426.19,4426.19,4321.34,4399.15,0
FT-SE100,20090114,4399.15,4426.47,4115.43,4180.64,0
FT-SE100,20090115,4180.64,4199.39,4090.87,4121.11,0
FT-SE100,20090116,4121.11,4251.68,4121.11,4147.06,0
FT-SE100,20090119,4147.06,4251.92,4032.39,4108.47,0
FT-SE100,20090120,4108.47,4184.25,4060.57,4091.40,0
FT-SE100,20090121,4091.40,4112.84,4001.35,4059.88,0
FT-SE100,20090122,4059.88,4153.88,4046.37,4052.23,0
FT-SE100,20090123,4052.23,4070.75,3956.67,4052.47,0
FT-SE100,20090126,4052.47,4225.21,4039.41,4209.01,0
FT-SE100,20090127,4209.01,4211.03,4130.79,4194.41,0
FT-SE100,20090128,4194.41,4317.61,4194.41,4295.20,0
FT-SE100,20090129,4295.20,4295.20,4147.70,4190.11,0
FT-SE100,20090130,4190.11,4228.00,4125.20,4149.64,0
FT-SE100,20090202,4149.64,4149.64,4036.93,4077.78,0
FT-SE100,20090203,4077.78,4173.24,4043.37,4164.46,0
FT-SE100,20090204,4164.46,4262.73,4160.43,4228.60,0
FT-SE100,20090205,4228.60,4235.28,4133.52,4228.93,0
FT-SE100,20090206,4228.93,4330.73,4225.62,4291.87,0
FT-SE100,20090209,4291.87,4333.97,4244.04,4307.61,0
FT-SE100,20090210,4307.61,4309.49,4210.46,4213.08,0
FT-SE100,20090211,4213.08,4244.53,4182.10,4234.26,0
FT-SE100,20090212,4234.26,4234.26,4135.07,4202.24,0
FT-SE100,20090213,4202.24,4291.57,4168.01,4189.59,0
FT-SE100,20090216,4189.59,4189.59,4127.26,4134.75,0
FT-SE100,20090217,4134.75,4134.75,3995.39,4034.13,0
FT-SE100,20090218,4034.13,4056.48,3938.12,4006.83,0
FT-SE100,20090219,4006.83,4045.20,3983.91,4018.37,0
FT-SE100,20090220,4018.37,4018.37,3877.76,3889.06,0
FT-SE100,20090223,3889.06,3959.98,3844.90,3850.73,0
FT-SE100,20090224,3850.73,3852.25,3772.45,3816.44,0
FT-SE100,20090225,3816.44,3884.06,3803.92,3848.98,0
FT-SE100,20090226,3848.98,3948.22,3848.98,3915.64,0
FT-SE100,20090227,3915.64,3915.64,3760.70,3830.09,0
FT-SE100,20090302,3830.09,3830.09,3625.83,3625.83,0
FT-SE100,20090303,3625.83,3676.86,3497.27,3512.09,0
FT-SE100,20090304,3512.09,3649.50,3512.09,3645.87,0
FT-SE100,20090305,3645.87,3645.87,3526.41,3529.86,0
FT-SE100,20090306,3529.86,3590.22,3492.10,3530.73,0
FT-SE100,20090309,3530.73,3564.75,3460.71,3542.40,0
FT-SE100,20090310,3542.40,3726.31,3516.30,3715.23,0
FT-SE100,20090311,3715.20,3763.20,3652.00,3693.80,0
FT-SE100,20090312,3693.80,3725.60,3616.50,3712.10,0
FT-SE100,20090313,3712.06,3816.02,3712.06,3753.68,0
FT-SE100,20090316,3753.68,3863.99,3753.68,3863.99,0
FT-SE100,20090317,3863.99,3863.99,3793.13,3849.70,0
FT-SE100,20090318,3849.70,3901.65,3768.50,3804.99,0
FT-SE100,20090319,3804.99,3912.64,3793.70,3816.93,0
FT-SE100,20090320,3816.93,3854.87,3777.73,3842.85,0
FT-SE100,20090323,3842.85,3978.60,3842.85,3952.81,0
FT-SE100,20090324,3952.81,3992.42,3878.42,3911.46,0
FT-SE100,20090325,3911.46,3939.16,3852.96,3900.25,0
FT-SE100,20090326,3900.25,3929.54,3877.79,3925.20,0
FT-SE100,20090327,3925.20,3950.32,3877.55,3898.85,0
FT-SE100,20090330,3898.85,3898.85,3762.91,3762.91,0
FT-SE100,20090331,3762.91,3930.62,3762.91,3926.14,0
FT-SE100,20090401,3926.14,3972.68,3838.22,3955.61,0
FT-SE100,20090402,3955.61,4137.85,3955.61,4124.97,0
FT-SE100,20090403,4124.97,4132.93,4015.59,4029.67,0
FT-SE100,20090406,4029.67,4097.17,3959.60,3993.54,0
FT-SE100,20090407,3993.54,4039.52,3909.88,3930.52,0
FT-SE100,20090408,3930.52,3940.42,3876.11,3925.52,0
FT-SE100,20090409,3925.52,3986.28,3911.99,3983.71,0
FT-SE100,20090414,3983.71,4039.67,3939.61,3988.99,0
FT-SE100,20090415,3988.99,4023.35,3941.61,3968.40,0
FT-SE100,20090416,3968.40,4052.98,3963.57,4052.98,0
FT-SE100,20090417,4052.98,4114.32,4043.21,4092.80,0
FT-SE100,20090420,4092.80,4112.75,3962.87,3990.86,0
FT-SE100,20090421,3990.86,4019.16,3897.25,3987.46,0
FT-SE100,20090422,3987.46,4036.03,3948.22,4030.66,0
FT-SE100,20090423,4030.66,4082.31,3999.06,4018.23,0
FT-SE100,20090424,4018.23,4155.99,4018.23,4155.99,0
FT-SE100,20090427,4155.99,4179.17,4088.67,4167.01,0
FT-SE100,20090428,4167.01,4167.01,4058.73,4096.40,0
FT-SE100,20090429,4096.40,4193.32,4089.46,4189.59,0
FT-SE100,20090430,4189.59,4293.63,4189.59,4243.71,0
FT-SE100,20090501,4243.71,4251.57,4210.75,4243.22,0
FT-SE100,20090505,4243.22,4375.35,4243.22,4336.94,0
FT-SE100,20090506,4336.94,4437.61,4317.05,4396.49,0
FT-SE100,20090507,4396.49,4520.82,4380.27,4398.68,0
FT-SE100,20090508,4398.68,4487.50,4398.68,4462.09,0
FT-SE100,20090511,4462.09,4470.05,4401.52,4435.50,0
FT-SE100,20090512,4435.50,4457.46,4397.41,4425.54,0
FT-SE100,20090513,4425.54,4447.96,4328.17,4331.37,0
FT-SE100,20090514,4331.37,4371.28,4295.19,4362.58,0
FT-SE100,20090515,4362.58,4400.72,4317.23,4348.11,0
FT-SE100,20090518,4348.11,4446.45,4307.72,4446.45,0
FT-SE100,20090519,4446.45,4512.70,4445.48,4482.25,0
FT-SE100,20090520,4482.25,4504.20,4445.09,4468.41,0
FT-SE100,20090521,4468.41,4468.41,4325.77,4345.47,0
FT-SE100,20090522,4345.47,4393.07,4335.01,4365.29,0
FT-SE100,20090526,4365.29,4423.64,4294.98,4411.72,0
FT-SE100,20090527,4411.72,4439.79,4390.23,4416.23,0
FT-SE100,20090528,4416.23,4416.23,4341.08,4387.54,0
FT-SE100,20090529,4387.54,4469.43,4387.54,4417.94,0
FT-SE100,20090601,4417.94,4517.60,4417.94,4506.19,0
FT-SE100,20090602,4506.19,4506.19,4435.92,4477.02,0
FT-SE100,20090603,4477.02,4477.18,4359.33,4383.42,0
FT-SE100,20090604,4383.42,4436.25,4359.66,4386.94,0
FT-SE100,20090605,4386.94,4495.94,4386.94,4438.56,0
FT-SE100,20090608,4438.56,4438.56,4370.55,4405.22,0
FT-SE100,20090609,4405.22,4445.54,4387.34,4404.79,0
FT-SE100,20090610,4404.79,4505.89,4404.79,4436.75,0
FT-SE100,20090611,4436.75,4478.42,4409.15,4461.87,0
FT-SE100,20090612,4461.87,4471.95,4427.24,4441.95,0
FT-SE100,20090615,4441.95,4441.95,4319.79,4326.01,0
FT-SE100,20090616,4326.01,4372.85,4321.56,4328.57,0
FT-SE100,20090617,4328.57,4328.69,4254.62,4278.46,0
FT-SE100,20090618,4278.46,4305.43,4239.74,4280.86,0
FT-SE100,20090619,4280.86,4370.26,4279.85,4345.93,0
FT-SE100,20090622,4345.93,4345.93,4234.05,4234.05,0
FT-SE100,20090623,4234.05,4264.00,4214.88,4230.02,0
FT-SE100,20090624,4230.02,4293.00,4218.39,4279.98,0
FT-SE100,20090625,4279.98,4290.36,4213.40,4252.57,0
FT-SE100,20090626,4252.57,4307.16,4216.46,4241.01,0
FT-SE100,20090629,4241.01,4303.55,4235.19,4294.03,0
FT-SE100,20090630,4294.03,4311.23,4230.63,4249.21,0
FT-SE100,20090701,4249.21,4353.03,4249.21,4340.71,0
FT-SE100,20090702,4340.71,4340.71,4230.76,4234.27,0
FT-SE100,20090703,4234.27,4264.81,4221.19,4236.28,0
FT-SE100,20090706,4236.28,4236.28,4172.33,4194.91,0
FT-SE100,20090707,4194.91,4242.07,4184.36,4187.00,0
FT-SE100,20090708,4187.00,4197.55,4130.56,4140.23,0
FT-SE100,20090709,4140.23,4186.41,4140.23,4158.66,0
FT-SE100,20090710,4158.66,4160.48,4123.49,4127.17,0
FT-SE100,20090713,4127.17,4209.25,4096.08,4202.13,0
FT-SE100,20090714,4202.13,4256.37,4198.74,4237.68,0
FT-SE100,20090715,4237.68,4346.46,4237.68,4346.46,0
FT-SE100,20090716,4346.46,4385.15,4329.43,4361.84,0
FT-SE100,20090717,4361.84,4411.91,4361.84,4388.75,0
FT-SE100,20090720,4388.75,4464.81,4388.75,4443.62,0
FT-SE100,20090721,4443.62,4502.12,4437.81,4481.17,0
FT-SE100,20090722,4481.17,4497.98,4449.19,4493.73,0
FT-SE100,20090723,4493.73,4566.77,4472.07,4559.80,0
FT-SE100,20090724,4559.80,4603.21,4536.45,4576.61,0
FT-SE100,20090727,4576.61,4615.12,4553.09,4586.13,0
FT-SE100,20090728,4586.13,4616.44,4520.26,4528.84,0
FT-SE100,20090729,4528.84,4581.78,4512.10,4547.53,0
FT-SE100,20090730,4547.53,4646.86,4547.53,4631.61,0
FT-SE100,20090731,4631.61,4645.50,4599.72,4608.36,0
FT-SE100,20090803,4608.36,4710.23,4595.58,4682.46,0
FT-SE100,20090804,4682.46,4682.46,4627.71,4671.37,0
FT-SE100,20090805,4671.37,4696.64,4630.63,4647.13,0
FT-SE100,20090806,4647.13,4729.58,4647.13,4690.53,0
FT-SE100,20090807,4690.53,4743.62,4632.16,4731.56,0
FT-SE100,20090810,4731.56,4731.56,4688.77,4722.20,0
FT-SE100,20090811,4722.20,4744.11,4657.78,4671.34,0
FT-SE100,20090812,4671.34,4722.55,4631.70,4716.76,0
FT-SE100,20090813,4716.76,4789.98,4716.76,4755.46,0
FT-SE100,20090814,4755.46,4790.18,4699.50,4713.97,0
FT-SE100,20090817,4713.97,4713.97,4610.34,4645.01,0
FT-SE100,20090818,4645.01,4688.22,4645.01,4685.78,0
FT-SE100,20090819,4685.78,4698.50,4625.44,4689.67,0
FT-SE100,20090820,4689.67,4766.85,4689.67,4756.58,0
FT-SE100,20090821,4756.58,4858.53,4735.78,4850.89,0
FT-SE100,20090824,4850.89,4911.41,4850.89,4896.23,0
FT-SE100,20090825,4896.23,4923.28,4858.94,4916.80,0
FT-SE100,20090826,4916.80,4927.05,4872.35,4890.58,0
FT-SE100,20090827,4890.58,4906.20,4855.32,4869.35,0
FT-SE100,20090828,4869.35,4944.16,4869.35,4908.90,0
FT-SE100,20090901,4908.90,4921.16,4819.70,4819.70,0
FT-SE100,20090902,4819.70,4821.91,4776.50,4817.55,0
FT-SE100,20090903,4817.55,4841.51,4788.89,4796.75,0
FT-SE100,20090904,4796.75,4873.78,4796.75,4851.70,0
FT-SE100,20090907,4851.70,4941.70,4851.70,4933.18,0
FT-SE100,20090908,4933.18,4971.99,4926.05,4947.34,0
FT-SE100,20090909,4947.34,5004.30,4928.39,5004.30,0
FT-SE100,20090910,5004.30,5035.34,4956.56,4987.68,0
FT-SE100,20090911,4987.68,5038.76,4987.68,5011.47,0
FT-SE100,20090914,5011.47,5020.86,4953.71,5018.85,0
FT-SE100,20090915,5018.85,5062.69,4996.52,5042.13,0
FT-SE100,20090916,5042.13,5131.26,5042.13,5124.13,0
FT-SE100,20090917,5124.13,5173.13,5124.13,5163.95,0
FT-SE100,20090918,5163.95,5183.88,5147.13,5172.89,0
FT-SE100,20090921,5172.89,5182.23,5107.71,5134.36,0
FT-SE100,20090922,5134.36,5189.88,5134.36,5142.60,0
FT-SE100,20090923,5142.60,5175.10,5126.60,5139.37,0
FT-SE100,20090924,5139.37,5165.41,5073.35,5079.27,0
FT-SE100,20090925,5079.27,5121.90,5079.02,5082.20,0
FT-SE100,20090928,5082.20,5170.81,5050.78,5165.70,0
FT-SE100,20090929,5165.70,5184.05,5136.49,5159.72,0
FT-SE100,20090930,5159.72,5190.00,5092.75,5133.90,0
FT-SE100,20091001,5133.90,5164.37,5043.98,5047.81,0
FT-SE100,20091002,5047.81,5047.81,4954.98,4988.70,0
FT-SE100,20091005,4988.70,5024.33,4976.88,5024.33,0
FT-SE100,20091006,5024.33,5149.90,5024.33,5137.98,0
FT-SE100,20091007,5137.98,5156.21,5104.49,5108.90,0
FT-SE100,20091008,5108.90,5172.82,5108.90,5154.64,0
FT-SE100,20091009,5154.64,5171.53,5130.37,5161.87,0
FT-SE100,20091012,5161.87,5231.19,5161.87,5210.17,0
FT-SE100,20091013,5210.17,5221.65,5154.15,5154.15,0
FT-SE100,20091014,5154.15,5261.26,5154.15,5256.10,0
FT-SE100,20091015,5256.10,5267.90,5218.92,5222.95,0
FT-SE100,20091016,5222.95,5272.92,5176.38,5190.24,0
FT-SE100,20091019,5190.24,5281.54,5190.24,5281.54,0
FT-SE100,20091020,5281.54,5298.54,5243.40,5243.40,0
FT-SE100,20091021,5243.40,5267.98,5174.48,5257.85,0
FT-SE100,20091022,5257.85,5257.85,5166.46,5207.36,0
FT-SE100,20091023,5207.36,5299.57,5207.36,5242.57,0
FT-SE100,20091026,5242.57,5281.12,5166.44,5191.74,0
FT-SE100,20091027,5191.74,5230.57,5181.91,5200.97,0
FT-SE100,20091028,5200.97,5200.97,5074.11,5080.42,0
FT-SE100,20091029,5080.42,5145.58,5042.66,5137.72,0
FT-SE100,20091030,5137.72,5169.85,5024.43,5044.55,0
FT-SE100,20091102,5044.55,5115.70,5022.52,5104.50,0
FT-SE100,20091103,5104.50,5104.50,4985.09,5044.50,0
FT-SE100,20091104,5044.50,5120.82,5037.21,5107.89,0
FT-SE100,20091105,5107.89,5154.63,5036.91,5125.64,0
FT-SE100,20091106,5125.64,5159.04,5077.86,5142.72,0
FT-SE100,20091109,5142.72,5240.02,5142.72,5235.18,0
FT-SE100,20091110,5235.18,5264.32,5221.51,5230.55,0
FT-SE100,20091111,5230.55,5301.14,5230.55,5266.75,0
FT-SE100,20091112,5266.75,5304.94,5254.11,5276.50,0
FT-SE100,20091113,5276.50,5297.44,5251.27,5296.38,0
FT-SE100,20091116,5296.38,5396.96,5296.38,5382.67,0
FT-SE100,20091117,5382.67,5382.67,5337.01,5345.93,0
FT-SE100,20091118,5345.93,5372.10,5331.64,5342.13,0
FT-SE100,20091119,5342.13,5343.82,5254.18,5267.70,0
FT-SE100,20091120,5267.70,5309.39,5224.01,5251.41,0
FT-SE100,20091123,5251.41,5379.48,5251.41,5355.50,0
FT-SE100,20091124,5355.50,5374.89,5309.13,5323.96,0
FT-SE100,20091125,5323.96,5372.22,5323.96,5364.81,0
FT-SE100,20091126,5364.81,5364.81,5189.38,5194.13,0
FT-SE100,20091127,5194.13,5270.99,5103.78,5245.73,0
FT-SE100,20091130,5245.73,5270.36,5190.68,5190.68,0
FT-SE100,20091201,5190.68,5312.17,5190.68,5312.17,0
FT-SE100,20091202,5312.17,5348.45,5283.04,5327.39,0
FT-SE100,20091203,5327.39,5372.39,5311.85,5313.00,0
FT-SE100,20091204,5313.00,5373.94,5272.75,5322.36,0
FT-SE100,20091207,5322.36,5328.78,5250.98,5310.66,0
FT-SE100,20091208,5310.66,5323.36,5206.38,5223.13,0
FT-SE100,20091209,5223.13,5245.94,5175.66,5203.89,0
FT-SE100,20091210,5203.89,5254.52,5194.49,5244.37,0
FT-SE100,20091211,5244.37,5311.98,5244.37,5261.57,0
FT-SE100,20091214,5261.57,5330.96,5261.57,5315.34,0
FT-SE100,20091215,5315.34,5328.11,5250.78,5285.77,0
FT-SE100,20091216,5285.77,5335.32,5283.89,5320.26,0
FT-SE100,20091217,5320.26,5320.26,5217.61,5217.61,0
FT-SE100,20091218,5217.61,5287.62,5196.81,5196.81,0
FT-SE100,20091221,5196.81,5319.98,5196.81,5293.99,0
FT-SE100,20091222,5293.99,5361.90,5293.99,5328.66,0
FT-SE100,20091223,5328.66,5386.60,5328.66,5372.38,0
FT-SE100,20091224,5372.38,5402.41,5367.84,5402.41,0
FT-SE100,20091225,5402.01,5402.41,5402.01,5402.41,0
FT-SE100,20091228,5402.01,5402.41,5402.01,5402.41,0
FT-SE100,20091229,5402.41,5445.17,5402.41,5437.61,0
FT-SE100,20091230,5437.61,5442.82,5390.58,5397.86,0
FT-SE100,20091231,5397.86,5431.90,5390.39,5412.88,0
FT-SE100,20100101,5472.78,5472.78,5472.78,5472.78,0
FT-SE100,20100104,5412.88,5500.34,5410.82,5500.34,0
FT-SE100,20100105,5500.34,5536.38,5480.71,5522.50,0
FT-SE100,20100106,5522.50,5536.48,5497.65,5530.04,0
FT-SE100,20100107,5530.04,5551.66,5499.80,5526.72,0
FT-SE100,20100108,5526.72,5549.25,5494.79,5534.24,0
FT-SE100,20100111,5534.24,5600.48,5527.89,5538.07,0
FT-SE100,20100112,5538.07,5549.61,5459.94,5498.71,0
FT-SE100,20100113,5498.71,5509.67,5450.85,5473.48,0
FT-SE100,20100114,5473.48,5521.90,5473.48,5498.20,0
FT-SE100,20100115,5498.20,5527.02,5450.38,5455.37,0
FT-SE100,20100118,5455.37,5504.00,5454.31,5494.39,0
FT-SE100,20100119,5494.39,5531.93,5431.25,5513.14,0
FT-SE100,20100120,5513.14,5513.14,5404.03,5420.80,0
FT-SE100,20100121,5420.80,5468.38,5331.56,5335.10,0
FT-SE100,20100122,5335.10,5345.60,5253.04,5302.99,0
FT-SE100,20100125,5302.99,5330.61,5252.92,5260.31,0
FT-SE100,20100126,5260.31,5276.85,5215.73,5276.85,0
FT-SE100,20100127,5276.85,5276.85,5192.58,5217.47,0
FT-SE100,20100128,5217.47,5280.36,5145.74,5145.74,0
FT-SE100,20100129,5145.74,5230.16,5145.74,5188.52,0
FT-SE100,20100201,5188.52,5250.07,5163.57,5247.41,0
FT-SE100,20100202,5247.41,5289.05,5208.21,5283.31,0
FT-SE100,20100203,5283.31,5305.41,5237.72,5253.15,0
FT-SE100,20100204,5253.15,5262.22,5123.86,5139.31,0
FT-SE100,20100205,5139.31,5139.31,5033.78,5060.92,0
FT-SE100,20100208,5060.92,5118.12,5033.01,5092.33,0
FT-SE100,20100209,5092.33,5132.93,5084.75,5111.84,0
FT-SE100,20100210,5111.84,5181.21,5105.30,5131.99,0
FT-SE100,20100211,5131.99,5201.82,5114.53,5161.48,0
FT-SE100,20100212,5161.48,5207.73,5117.38,5142.45,0
FT-SE100,20100215,5142.45,5194.29,5142.45,5167.47,0
FT-SE100,20100216,5167.47,5248.08,5167.47,5244.06,0
FT-SE100,20100217,5244.06,5304.54,5244.06,5276.64,0
FT-SE100,20100218,5276.64,5326.42,5261.71,5325.09,0
FT-SE100,20100219,5325.09,5366.14,5281.41,5358.17,0
FT-SE100,20100222,5358.17,5387.03,5348.15,5352.07,0
FT-SE100,20100223,5352.07,5395.48,5302.03,5315.09,0
FT-SE100,20100224,5315.09,5357.87,5298.23,5342.92,0
FT-SE100,20100225,5342.92,5370.44,5259.71,5278.23,0
FT-SE100,20100226,5278.22,5367.75,5278.22,5354.52,0
FT-SE100,20100301,5354.52,5420.83,5354.52,5405.94,0
FT-SE100,20100302,5405.94,5485.01,5403.73,5484.06,0
FT-SE100,20100303,5484.06,5541.81,5465.29,5533.21,0
FT-SE100,20100304,5533.21,5544.23,5501.08,5527.16,0
FT-SE100,20100305,5527.16,5605.38,5527.16,5599.76,0
FT-SE100,20100308,5599.76,5621.15,5579.16,5606.72,0
FT-SE100,20100309,5606.72,5618.43,5563.14,5602.30,0
FT-SE100,20100310,5602.30,5645.25,5585.35,5640.57,0
FT-SE100,20100311,5640.57,5642.87,5594.74,5617.26,0
FT-SE100,20100312,5617.26,5646.68,5612.39,5625.65,0
FT-SE100,20100315,5625.65,5627.02,5588.20,5593.85,0
FT-SE100,20100316,5593.85,5637.70,5593.85,5620.43,0
FT-SE100,20100317,5620.43,5657.77,5620.43,5644.63,0
FT-SE100,20100318,5644.63,5660.99,5619.17,5642.62,0
FT-SE100,20100319,5642.62,5691.22,5633.53,5650.13,0
FT-SE100,20100322,5650.13,5650.13,5583.49,5644.54,0
FT-SE100,20100323,5644.54,5695.94,5644.54,5673.63,0
FT-SE100,20100324,5673.63,5698.87,5636.01,5677.88,0
FT-SE100,20100325,5677.88,5737.10,5673.14,5727.65,0
FT-SE100,20100326,5727.65,5727.65,5695.50,5703.02,0
FT-SE100,20100329,5703.02,5733.11,5684.62,5710.66,0
FT-SE100,20100330,5710.66,5742.75,5662.84,5672.32,0
FT-SE100,20100331,5672.32,5698.47,5646.29,5679.64,0
FT-SE100,20100401,5679.64,5744.89,5679.48,5744.89,0
FT-SE100,20100402,5744.81,5744.89,5744.81,5744.89,0
FT-SE100,20100406,5744.89,5790.40,5744.59,5778.10,0
FT-SE100,20100407,5778.10,5782.25,5753.42,5762.06,0
FT-SE100,20100408,5762.06,5762.06,5684.52,5712.70,0
FT-SE100,20100409,5712.70,5773.60,5712.70,5770.98,0
FT-SE100,20100412,5770.98,5803.71,5755.78,5777.65,0
FT-SE100,20100413,5777.65,5778.92,5741.92,5761.66,0
FT-SE100,20100414,5761.66,5812.84,5761.66,5796.25,0
FT-SE100,20100415,5796.25,5832.34,5778.37,5825.01,0
FT-SE100,20100416,5825.01,5833.73,5726.35,5743.96,0
FT-SE100,20100419,5743.96,5748.33,5697.24,5727.91,0
FT-SE100,20100420,5727.91,5796.61,5727.91,5783.69,0
FT-SE100,20100421,5783.69,5796.99,5721.28,5723.43,0
FT-SE100,20100422,5723.43,5761.36,5652.35,5665.33,0
FT-SE100,20100423,5665.33,5740.88,5665.33,5723.65,0
FT-SE100,20100426,5723.65,5800.66,5723.65,5753.85,0
FT-SE100,20100427,5753.85,5758.64,5603.52,5603.52,0
FT-SE100,20100428,5603.52,5639.98,5533.60,5586.61,0
FT-SE100,20100429,5586.61,5638.82,5579.69,5617.84,0
FT-SE100,20100430,5617.84,5643.87,5540.60,5553.29,0
FT-SE100,20100504,5553.29,5565.99,5398.86,5411.11,0
FT-SE100,20100505,5411.11,5428.77,5304.61,5341.93,0
FT-SE100,20100506,5341.93,5371.54,5251.28,5260.99,0
FT-SE100,20100507,5260.99,5264.48,5045.30,5123.02,0
FT-SE100,20100510,5123.02,5399.75,5123.02,5387.42,0
FT-SE100,20100511,5387.42,5387.42,5257.15,5334.21,0
FT-SE100,20100512,5334.21,5401.02,5284.65,5383.45,0
FT-SE100,20100513,5383.45,5435.99,5381.55,5433.73,0
FT-SE100,20100514,5433.73,5433.73,5245.38,5262.85,0
FT-SE100,20100517,5262.85,5327.46,5231.60,5262.54,0
FT-SE100,20100518,5262.54,5341.41,5262.54,5307.34,0
FT-SE100,20100519,5307.34,5307.34,5158.08,5158.08,0
FT-SE100,20100520,5158.08,5230.18,5000.76,5073.13,0
FT-SE100,20100521,5073.13,5083.96,4957.06,5062.93,0
FT-SE100,20100524,5062.93,5109.44,5021.60,5069.61,0
FT-SE100,20100525,5069.61,5069.61,4898.49,4940.68,0
FT-SE100,20100526,4940.68,5097.91,4940.48,5038.08,0
FT-SE100,20100527,5038.08,5195.37,5038.08,5195.17,0
FT-SE100,20100528,5195.17,5240.27,5186.04,5188.43,0
FT-SE100,20100601,5188.43,5192.08,5063.20,5163.30,0
FT-SE100,20100602,5163.30,5163.30,5072.53,5151.32,0
FT-SE100,20100603,5151.32,5262.50,5151.32,5211.18,0
FT-SE100,20100604,5211.18,5261.71,5102.05,5126.00,0
FT-SE100,20100607,5126.00,5126.00,5040.26,5069.06,0
FT-SE100,20100608,5069.06,5084.13,4984.66,5028.15,0
FT-SE100,20100609,5028.15,5085.86,4998.06,5085.86,0
FT-SE100,20100610,5085.86,5149.69,5030.93,5132.50,0
FT-SE100,20100611,5132.50,5184.37,5116.72,5163.68,0
FT-SE100,20100614,5163.68,5215.22,5163.68,5202.13,0
FT-SE100,20100615,5202.13,5242.08,5149.13,5217.82,0
FT-SE100,20100616,5217.82,5257.26,5209.39,5237.92,0
FT-SE100,20100617,5237.92,5293.76,5233.20,5253.89,0
FT-SE100,20100618,5253.89,5289.14,5239.37,5250.84,0
FT-SE100,20100621,5250.84,5331.46,5250.84,5299.11,0
FT-SE100,20100622,5299.11,5299.11,5210.02,5246.98,0
FT-SE100,20100623,5246.98,5247.85,5165.82,5178.52,0
FT-SE100,20100624,5178.52,5211.80,5090.96,5100.23,0
FT-SE100,20100625,5100.23,5130.50,5031.72,5046.47,0
FT-SE100,20100628,5046.47,5085.65,5024.70,5071.68,0
FT-SE100,20100629,5071.68,5071.68,4899.02,4914.22,0
FT-SE100,20100630,4914.22,4961.90,4898.51,4916.87,0
FT-SE100,20100701,4916.87,4916.87,4790.04,4805.75,0
FT-SE100,20100702,4805.75,4880.88,4805.75,4838.09,0
FT-SE100,20100705,4838.09,4863.35,4821.09,4823.53,0
FT-SE100,20100706,4823.53,4967.65,4823.53,4965.00,0
FT-SE100,20100707,4965.00,5014.82,4891.97,5014.82,0
FT-SE100,20100708,5014.82,5123.53,5014.82,5105.45,0
FT-SE100,20100709,5105.45,5150.64,5098.79,5132.94,0
FT-SE100,20100712,5132.94,5193.22,5128.60,5167.02,0
FT-SE100,20100713,5167.02,5272.30,5167.01,5271.02,0
FT-SE100,20100714,5271.02,5287.28,5205.78,5253.52,0
FT-SE100,20100715,5253.52,5268.41,5187.46,5211.29,0
FT-SE100,20100716,5211.29,5273.58,5153.29,5158.85,0
FT-SE100,20100719,5158.85,5196.77,5111.89,5148.28,0
FT-SE100,20100720,5148.28,5179.99,5090.57,5139.46,0
FT-SE100,20100721,5139.46,5244.88,5139.46,5214.64,0
FT-SE100,20100722,5214.64,5319.48,5180.98,5313.81,0
FT-SE100,20100723,5313.81,5328.51,5272.67,5312.62,0
FT-SE100,20100726,5312.62,5351.92,5301.29,5351.12,0
FT-SE100,20100727,5351.12,5411.45,5351.12,5365.67,0
FT-SE100,20100728,5365.67,5398.10,5314.57,5319.68,0
FT-SE100,20100729,5319.68,5375.23,5313.95,5313.95,0
FT-SE100,20100730,5313.95,5322.67,5245.52,5258.02,0
FT-SE100,20100802,5258.02,5401.69,5258.02,5397.11,0
FT-SE100,20100803,5397.11,5397.26,5353.49,5396.48,0
FT-SE100,20100804,5396.48,5406.83,5318.79,5386.16,0
FT-SE100,20100805,5386.16,5416.76,5356.83,5365.78,0
FT-SE100,20100806,5365.78,5408.06,5307.60,5332.39,0
FT-SE100,20100809,5332.39,5418.58,5332.39,5410.52,0
FT-SE100,20100810,5410.52,5411.56,5348.11,5376.41,0
FT-SE100,20100811,5376.41,5376.41,5245.03,5245.21,0
FT-SE100,20100812,5245.21,5272.50,5210.55,5266.06,0
FT-SE100,20100813,5266.06,5308.84,5225.91,5275.44,0
FT-SE100,20100816,5275.44,5304.64,5228.64,5276.10,0
FT-SE100,20100817,5276.10,5351.45,5276.10,5350.55,0
FT-SE100,20100818,5350.55,5350.55,5296.93,5302.87,0
FT-SE100,20100819,5302.87,5336.35,5205.64,5211.29,0
FT-SE100,20100820,5211.29,5233.02,5160.43,5195.28,0
FT-SE100,20100823,5195.28,5268.43,5186.92,5234.84,0
FT-SE100,20100824,5234.84,5234.84,5109.88,5155.95,0
FT-SE100,20100825,5155.95,5168.46,5070.94,5109.40,0
FT-SE100,20100826,5109.40,5167.76,5109.40,5155.84,0
FT-SE100,20100827,5155.84,5211.58,5121.00,5201.56,0
FT-SE100,20100831,5201.56,5225.22,5129.66,5225.22,0
FT-SE100,20100901,5225.22,5366.41,5225.22,5366.41,0
FT-SE100,20100902,5366.41,5383.72,5346.96,5371.04,0
FT-SE100,20100903,5371.04,5454.01,5371.04,5428.15,0
FT-SE100,20100906,5428.15,5459.40,5428.15,5439.19,0
FT-SE100,20100907,5439.19,5439.21,5381.07,5407.82,0
FT-SE100,20100908,5407.82,5445.62,5361.42,5429.74,0
FT-SE100,20100909,5429.74,5505.66,5412.48,5494.16,0
FT-SE100,20100910,5494.16,5511.52,5475.94,5501.64,0
FT-SE100,20100913,5501.64,5571.39,5501.64,5565.53,0
FT-SE100,20100914,5565.53,5582.46,5541.50,5567.41,0
FT-SE100,20100915,5567.41,5578.69,5535.95,5555.56,0
FT-SE100,20100916,5555.56,5564.46,5533.96,5540.14,0
FT-SE100,20100917,5540.14,5612.89,5508.45,5508.45,0
FT-SE100,20100920,5508.45,5607.31,5508.45,5602.54,0
FT-SE100,20100921,5602.54,5635.72,5576.19,5576.19,0
FT-SE100,20100922,5576.19,5597.55,5516.86,5551.91,0
FT-SE100,20100923,5551.91,5588.79,5471.69,5547.08,0
FT-SE100,20100924,5547.08,5612.54,5516.46,5598.48,0
FT-SE100,20100927,5598.48,5615.78,5569.89,5573.42,0
FT-SE100,20100928,5573.42,5582.05,5506.07,5578.44,0
FT-SE100,20100929,5578.44,5624.50,5544.72,5569.27,0
FT-SE100,20100930,5569.27,5650.33,5539.06,5548.62,0
FT-SE100,20101001,5548.62,5615.14,5547.55,5592.90,0
FT-SE100,20101004,5592.90,5601.22,5550.79,5555.97,0
FT-SE100,20101005,5555.97,5646.08,5550.57,5635.76,0
FT-SE100,20101006,5635.76,5695.51,5635.76,5681.39,0
FT-SE100,20101007,5681.39,5707.33,5650.78,5662.13,0
FT-SE100,20101008,5662.13,5663.74,5606.60,5657.61,0
FT-SE100,20101011,5657.61,5685.95,5655.70,5672.40,0
FT-SE100,20101012,5672.40,5677.02,5597.46,5661.59,0
FT-SE100,20101013,5661.59,5760.49,5661.59,5747.35,0
FT-SE100,20101014,5747.35,5770.92,5712.88,5727.21,0
FT-SE100,20101015,5727.21,5743.92,5665.95,5703.37,0
FT-SE100,20101018,5703.37,5748.81,5670.07,5742.52,0
FT-SE100,20101019,5742.52,5761.93,5690.58,5703.89,0
FT-SE100,20101020,5703.89,5729.96,5680.43,5728.93,0
FT-SE100,20101021,5728.93,5786.73,5698.02,5757.86,0
FT-SE100,20101022,5757.86,5758.01,5724.31,5741.37,0
FT-SE100,20101025,5741.37,5794.31,5741.37,5751.98,0
FT-SE100,20101026,5751.98,5754.20,5677.20,5707.30,0
FT-SE100,20101027,5707.30,5707.30,5630.85,5646.02,0
FT-SE100,20101028,5646.02,5711.82,5645.96,5677.89,0
FT-SE100,20101029,5677.89,5699.23,5647.05,5675.16,0
FT-SE100,20101101,5675.16,5733.01,5667.39,5694.62,0
FT-SE100,20101102,5694.62,5771.63,5690.44,5757.43,0
FT-SE100,20101103,5757.43,5773.73,5730.47,5748.97,0
FT-SE100,20101104,5748.97,5876.03,5748.97,5862.79,0
FT-SE100,20101105,5862.79,5899.37,5834.03,5875.35,0
FT-SE100,20101108,5875.35,5880.99,5841.29,5849.96,0
FT-SE100,20101109,5849.96,5902.11,5847.43,5875.19,0
FT-SE100,20101110,5875.19,5876.97,5796.23,5816.94,0
FT-SE100,20101111,5816.94,5846.45,5792.56,5815.23,0
FT-SE100,20101112,5815.23,5831.81,5711.73,5796.87,0
FT-SE100,20101115,5796.87,5832.88,5755.68,5820.41,0
FT-SE100,20101116,5820.41,5820.43,5680.87,5681.90,0
FT-SE100,20101117,5681.90,5704.39,5659.65,5692.56,0
FT-SE100,20101118,5692.56,5782.98,5692.56,5768.71,0
FT-SE100,20101119,5768.71,5774.07,5684.49,5732.83,0
FT-SE100,20101122,5732.83,5783.14,5668.48,5680.83,0
FT-SE100,20101123,5680.83,5681.06,5581.28,5581.28,0
FT-SE100,20101124,5581.28,5671.87,5573.33,5657.10,0
FT-SE100,20101125,5657.10,5707.92,5654.70,5698.93,0
FT-SE100,20101126,5698.93,5699.02,5599.29,5668.70,0
FT-SE100,20101129,5668.70,5722.70,5550.95,5550.95,0
FT-SE100,20101130,5550.95,5597.00,5519.19,5528.27,0
FT-SE100,20101201,5528.27,5656.22,5528.27,5642.50,0
FT-SE100,20101202,5642.50,5770.94,5642.50,5767.56,0
FT-SE100,20101203,5767.56,5784.26,5720.20,5745.32,0
FT-SE100,20101206,5745.32,5785.70,5728.46,5770.28,0
FT-SE100,20101207,5770.28,5850.40,5769.67,5808.45,0
FT-SE100,20101208,5808.45,5826.59,5774.28,5794.53,0
FT-SE100,20101209,5794.53,5837.96,5794.53,5807.96,0
FT-SE100,20101210,5807.96,5827.59,5794.51,5812.95,0
FT-SE100,20101213,5812.95,5873.71,5812.94,5860.75,0
FT-SE100,20101214,5860.75,5891.21,5847.15,5891.21,0
FT-SE100,20101215,5891.21,5898.04,5858.11,5882.18,0
FT-SE100,20101216,5882.18,5907.10,5862.86,5881.12,0
FT-SE100,20101217,5881.12,5902.53,5857.33,5871.75,0
FT-SE100,20101220,5871.75,5913.83,5865.51,5891.61,0
FT-SE100,20101221,5891.61,5953.94,5891.14,5951.80,0
FT-SE100,20101222,5951.80,5991.90,5936.30,5983.49,0
FT-SE100,20101223,5983.49,6000.55,5982.16,5996.07,0
FT-SE100,20101224,5996.07,6008.92,5978.24,6008.92,0
FT-SE100,20101229,6008.92,6021.46,5976.98,5996.36,0
FT-SE100,20101230,5996.36,6009.84,5969.71,5971.01,0
FT-SE100,20101231,5971.01,5985.70,5899.94,5899.94,0
FT-SE100,20110104,5899.94,6049.45,5899.94,6013.87,0
FT-SE100,20110105,6013.87,6043.86,5964.43,6043.86,0
FT-SE100,20110106,6043.86,6090.49,6004.56,6019.51,0
FT-SE100,20110107,6019.51,6023.70,5973.41,5984.33,0
FT-SE100,20110110,5984.33,5984.33,5939.89,5956.30,0
FT-SE100,20110111,5956.30,6035.89,5956.30,6014.03,0
FT-SE100,20110112,6014.03,6050.72,6013.87,6050.72,0
FT-SE100,20110113,6050.72,6055.47,6005.51,6023.88,0
FT-SE100,20110114,6023.88,6031.74,5948.47,6002.07,0
FT-SE100,20110117,6002.07,6013.40,5975.64,5985.70,0
FT-SE100,20110118,5985.70,6065.71,5985.48,6056.43,0
FT-SE100,20110119,6056.43,6077.06,5974.79,5976.70,0
FT-SE100,20110120,5976.70,5977.50,5867.29,5867.91,0
FT-SE100,20110121,5867.91,5939.33,5867.91,5896.25,0
FT-SE100,20110124,5896.25,5960.55,5887.60,5943.85,0
FT-SE100,20110125,5943.85,5964.69,5904.33,5917.71,0
FT-SE100,20110126,5917.71,6003.28,5917.71,5969.21,0
FT-SE100,20110127,5969.21,5997.33,5950.72,5965.08,0
FT-SE100,20110128,5965.08,5965.84,5877.88,5881.37,0
FT-SE100,20110131,5881.37,5881.72,5815.44,5862.94,0
FT-SE100,20110201,5862.94,5963.72,5862.94,5957.82,0
FT-SE100,20110202,5957.82,6020.46,5957.82,6000.07,0
FT-SE100,20110203,6000.07,6000.29,5951.82,5983.34,0
FT-SE100,20110204,5983.34,6023.41,5983.34,5997.38,0
FT-SE100,20110207,5997.38,6054.09,5996.61,6051.03,0
FT-SE100,20110208,6051.03,6091.33,6032.88,6091.33,0
FT-SE100,20110209,6091.33,6091.33,6049.50,6052.29,0
FT-SE100,20110210,6052.29,6052.29,5986.48,6020.01,0
FT-SE100,20110211,6020.01,6071.40,5973.44,6062.90,0
FT-SE100,20110214,6062.90,6091.48,6042.10,6060.09,0
FT-SE100,20110215,6060.09,6072.07,6023.77,6037.08,0
FT-SE100,20110216,6037.08,6095.76,6033.51,6085.27,0
FT-SE100,20110217,6085.27,6101.42,6066.71,6087.38,0
FT-SE100,20110218,6087.38,6096.78,6048.83,6082.99,0
FT-SE100,20110221,6082.99,6105.77,6013.14,6014.80,0
FT-SE100,20110222,6014.80,6028.56,5926.55,5996.76,0
FT-SE100,20110223,5996.76,5996.76,5915.52,5923.53,0
FT-SE100,20110224,5923.53,5936.68,5860.95,5919.98,0
FT-SE100,20110225,5919.98,6011.50,5919.98,6001.20,0
FT-SE100,20110228,6001.20,6022.33,5963.58,5994.01,0
FT-SE100,20110301,5994.01,6040.43,5927.43,5935.76,0
FT-SE100,20110302,5935.76,5941.82,5865.92,5914.89,0
FT-SE100,20110303,5914.89,6017.08,5914.89,6005.09,0
FT-SE100,20110304,6005.09,6052.08,5983.21,5990.39,0
FT-SE100,20110307,5990.39,6043.12,5967.68,5973.78,0
FT-SE100,20110308,5973.78,5999.93,5911.00,5974.76,0
FT-SE100,20110309,5974.76,5979.33,5922.66,5937.30,0
FT-SE100,20110310,5937.30,5937.30,5833.23,5845.29,0
FT-SE100,20110311,5845.29,5845.29,5796.44,5828.67,0
FT-SE100,20110314,5828.67,5842.04,5769.04,5775.24,0
FT-SE100,20110315,5775.24,5775.24,5591.59,5695.28,0
FT-SE100,20110316,5695.28,5720.92,5598.23,5598.23,0
FT-SE100,20110317,5598.23,5707.68,5598.23,5696.11,0
FT-SE100,20110318,5696.11,5758.17,5696.11,5718.13,0
FT-SE100,20110321,5718.13,5798.78,5718.13,5786.09,0
FT-SE100,20110322,5786.09,5813.81,5742.62,5762.71,0
FT-SE100,20110323,5762.71,5802.44,5731.40,5795.88,0
FT-SE100,20110324,5795.88,5888.70,5780.41,5880.87,0
FT-SE100,20110325,5880.87,5918.73,5878.22,5900.76,0
FT-SE100,20110328,5900.76,5922.99,5900.60,5904.49,0
FT-SE100,20110329,5904.49,5932.73,5879.90,5932.17,0
FT-SE100,20110330,5932.17,5970.98,5932.17,5948.30,0
FT-SE100,20110331,5948.30,5972.80,5908.76,5908.76,0
FT-SE100,20110401,5908.76,6014.77,5908.76,6009.92,0
FT-SE100,20110404,6009.92,6035.12,5987.70,6016.98,0
FT-SE100,20110405,6016.98,6026.30,5989.05,6007.06,0
FT-SE100,20110406,6007.06,6056.37,6007.06,6041.13,0
FT-SE100,20110407,6041.13,6053.12,6007.37,6007.37,0
FT-SE100,20110408,6007.37,6066.39,6007.37,6055.75,0
FT-SE100,20110411,6055.75,6070.78,6044.52,6053.44,0
FT-SE100,20110412,6053.44,6053.63,5958.28,5964.47,0
FT-SE100,20110413,5964.47,6043.36,5964.47,6010.44,0
FT-SE100,20110414,6010.44,6010.48,5943.75,5963.80,0
FT-SE100,20110415,5963.80,5996.76,5963.55,5996.01,0
FT-SE100,20110418,5996.01,5997.46,5858.32,5870.08,0
FT-SE100,20110419,5870.08,5922.21,5870.08,5896.87,0
FT-SE100,20110420,5896.87,6033.79,5896.87,6022.26,0
FT-SE100,20110421,6022.26,6049.37,6005.76,6018.30,0
FT-SE100,20110426,6018.30,6070.59,6006.95,6069.36,0
FT-SE100,20110427,6069.36,6089.40,6045.87,6068.16,0
FT-SE100,20110428,6068.16,6091.75,6051.04,6069.90,0
FT-SE100,20110503,6069.90,6103.73,6050.71,6082.88,0
FT-SE100,20110504,6082.88,6083.84,5972.83,5984.07,0
FT-SE100,20110505,5984.07,6009.10,5912.61,5919.98,0
FT-SE100,20110506,5919.98,5984.92,5871.57,5976.77,0
FT-SE100,20110509,5976.77,5999.90,5922.23,5942.69,0
FT-SE100,20110510,5942.69,6023.11,5940.06,6018.89,0
FT-SE100,20110511,6018.89,6040.24,5965.26,5976.00,0
FT-SE100,20110512,5976.00,5976.44,5882.39,5944.96,0
FT-SE100,20110513,5944.96,6001.33,5919.91,5925.87,0
FT-SE100,20110516,5925.87,5936.19,5862.16,5923.69,0
FT-SE100,20110517,5923.69,5942.81,5861.00,5861.00,0
FT-SE100,20110518,5861.00,5934.51,5860.65,5923.49,0
FT-SE100,20110519,5923.49,6003.92,5923.49,5955.99,0
FT-SE100,20110520,5955.99,6017.56,5927.74,5948.49,0
FT-SE100,20110523,5948.49,5948.49,5833.44,5835.89,0
FT-SE100,20110524,5835.89,5884.66,5835.89,5858.41,0
FT-SE100,20110525,5858.41,5881.18,5810.46,5870.14,0
FT-SE100,20110526,5870.14,5910.77,5866.67,5880.99,0
FT-SE100,20110527,5880.99,5951.37,5880.99,5938.87,0
FT-SE100,20110531,5938.87,6009.98,5938.87,5989.99,0
FT-SE100,20110601,5989.99,5995.22,5911.68,5928.61,0
FT-SE100,20110602,5928.61,5928.61,5847.92,5847.92,0
FT-SE100,20110603,5847.92,5868.19,5802.67,5855.01,0
FT-SE100,20110606,5855.01,5881.06,5827.51,5863.16,0
FT-SE100,20110607,5863.16,5890.58,5849.23,5864.65,0
FT-SE100,20110608,5864.65,5864.65,5791.80,5808.89,0
FT-SE100,20110609,5808.89,5861.17,5795.00,5856.34,0
FT-SE100,20110610,5856.34,5866.95,5758.33,5765.80,0
FT-SE100,20110613,5765.80,5793.84,5763.42,5773.46,0
FT-SE100,20110614,5773.46,5822.60,5773.46,5803.13,0
FT-SE100,20110615,5803.13,5803.35,5742.55,5742.55,0
FT-SE100,20110616,5742.55,5742.55,5644.38,5698.81,0
FT-SE100,20110617,5698.81,5733.20,5644.98,5714.94,0
FT-SE100,20110620,5714.94,5714.94,5647.23,5693.39,0
FT-SE100,20110621,5693.39,5778.07,5692.97,5775.31,0
FT-SE100,20110622,5775.31,5789.12,5741.82,5772.99,0
FT-SE100,20110623,5772.99,5772.99,5663.30,5674.38,0
FT-SE100,20110624,5674.38,5768.54,5674.38,5697.72,0
FT-SE100,20110627,5697.72,5728.43,5679.60,5722.34,0
FT-SE100,20110628,5722.34,5795.10,5722.34,5766.88,0
FT-SE100,20110629,5766.88,5860.92,5766.88,5855.95,0
FT-SE100,20110630,5855.95,5945.71,5855.95,5945.71,0
FT-SE100,20110701,5945.71,5999.04,5936.96,5989.76,0
FT-SE100,20110704,5989.76,6030.82,5985.69,6017.54,0
FT-SE100,20110705,6017.54,6036.31,6011.07,6024.03,0
FT-SE100,20110706,6024.03,6026.48,5973.82,6002.92,0
FT-SE100,20110707,6002.92,6071.67,6002.92,6054.55,0
FT-SE100,20110708,6054.55,6084.08,5981.73,5990.58,0
FT-SE100,20110711,5990.58,5998.58,5900.75,5929.16,0
FT-SE100,20110712,5929.16,5929.16,5793.04,5868.96,0
FT-SE100,20110713,5868.96,5911.00,5850.14,5906.43,0
FT-SE100,20110714,5906.43,5906.43,5841.17,5846.95,0
FT-SE100,20110715,5846.95,5863.57,5805.99,5843.66,0
FT-SE100,20110718,5843.66,5843.66,5752.81,5752.81,0
FT-SE100,20110719,5752.81,5801.99,5752.81,5789.99,0
FT-SE100,20110720,5789.99,5856.36,5789.99,5853.82,0
FT-SE100,20110721,5853.82,5934.28,5797.48,5899.89,0
FT-SE100,20110722,5899.89,5966.84,5899.89,5935.02,0
FT-SE100,20110725,5935.02,5938.55,5892.64,5925.26,0
FT-SE100,20110726,5925.26,5951.34,5895.58,5929.73,0
FT-SE100,20110727,5929.73,5932.00,5841.03,5856.58,0
FT-SE100,20110728,5856.58,5882.56,5801.58,5873.21,0
FT-SE100,20110729,5873.21,5873.21,5772.43,5815.19,0
FT-SE100,20110801,5815.19,5913.46,5767.06,5774.43,0
FT-SE100,20110802,5774.43,5778.92,5705.34,5718.39,0
FT-SE100,20110803,5718.39,5718.39,5557.74,5584.51,0
FT-SE100,20110804,5584.51,5644.05,5393.14,5393.14,0
FT-SE100,20110805,5393.14,5393.14,5202.62,5246.99,0
FT-SE100,20110808,5246.99,5295.78,5062.42,5068.95,0
FT-SE100,20110809,5068.95,5175.60,4791.01,5164.92,0
FT-SE100,20110810,5164.92,5262.72,4990.79,5007.16,0
FT-SE100,20110811,5007.16,5172.66,4943.01,5162.83,0
FT-SE100,20110812,5162.83,5320.03,5099.31,5320.03,0
FT-SE100,20110815,5320.03,5377.23,5319.38,5350.58,0
FT-SE100,20110816,5350.58,5362.15,5265.83,5357.63,0
FT-SE100,20110817,5357.63,5371.08,5279.93,5331.60,0
FT-SE100,20110818,5331.60,5331.60,5041.59,5092.23,0
FT-SE100,20110819,5092.23,5107.91,4929.55,5040.76,0
FT-SE100,20110822,5040.76,5182.98,4993.34,5095.30,0
FT-SE100,20110823,5095.30,5193.17,5076.74,5129.42,0
FT-SE100,20110824,5129.42,5250.59,5098.14,5205.85,0
FT-SE100,20110825,5205.85,5254.17,5102.06,5131.10,0
FT-SE100,20110826,5131.10,5149.51,5014.79,5129.92,0
FT-SE100,20110830,5129.92,5283.60,5129.92,5268.66,0
FT-SE100,20110831,5268.66,5411.60,5258.62,5394.53,0
FT-SE100,20110901,5394.53,5449.67,5346.70,5418.65,0
FT-SE100,20110902,5418.65,5418.65,5258.50,5292.03,0
FT-SE100,20110905,5292.03,5292.03,5097.71,5102.58,0
FT-SE100,20110906,5102.58,5190.27,5086.79,5156.84,0
FT-SE100,20110907,5156.84,5322.21,5156.84,5318.59,0
FT-SE100,20110908,5318.59,5369.82,5269.70,5340.38,0
FT-SE100,20110909,5340.38,5352.03,5202.24,5214.65,0
FT-SE100,20110912,5214.65,5214.65,5059.22,5129.62,0
FT-SE100,20110913,5129.62,5203.07,5069.52,5174.25,0
FT-SE100,20110914,5174.25,5270.42,5146.39,5227.02,0
FT-SE100,20110915,5227.02,5366.74,5227.02,5337.54,0
FT-SE100,20110916,5337.54,5406.10,5337.54,5368.41,0
FT-SE100,20110919,5368.41,5368.41,5231.62,5259.56,0
FT-SE100,20110920,5259.56,5377.39,5219.09,5363.71,0
FT-SE100,20110921,5363.71,5366.09,5268.82,5288.41,0
FT-SE100,20110922,5288.41,5288.41,5013.55,5041.61,0
FT-SE100,20110923,5041.61,5105.38,4928.14,5066.81,0
FT-SE100,20110926,5066.81,5148.81,4974.03,5089.37,0
FT-SE100,20110927,5089.37,5294.05,5089.37,5294.05,0
FT-SE100,20110928,5294.05,5314.29,5191.36,5217.63,0
FT-SE100,20110929,5217.63,5250.18,5160.77,5196.84,0
FT-SE100,20110930,5196.84,5197.33,5068.63,5128.48,0
FT-SE100,20111003,5128.48,5128.48,4983.28,5075.50,0
FT-SE100,20111004,5075.50,5075.50,4868.60,4944.44,0
FT-SE100,20111005,4944.44,5121.40,4944.44,5102.17,0
FT-SE100,20111006,5102.17,5291.26,5102.17,5291.26,0
FT-SE100,20111007,5291.26,5370.89,5261.43,5303.40,0
FT-SE100,20111010,5303.40,5413.43,5303.40,5399.00,0
FT-SE100,20111011,5399.00,5399.00,5330.42,5395.70,0
FT-SE100,20111012,5395.70,5458.02,5348.16,5441.80,0
FT-SE100,20111013,5441.80,5456.09,5368.37,5403.38,0
FT-SE100,20111014,5403.38,5501.39,5395.57,5466.36,0
FT-SE100,20111017,5466.36,5543.72,5405.20,5436.70,0
FT-SE100,20111018,5436.70,5436.70,5348.64,5410.35,0
FT-SE100,20111019,5410.35,5483.79,5410.35,5450.49,0
FT-SE100,20111020,5450.49,5450.49,5363.16,5384.68,0
FT-SE100,20111021,5384.68,5500.54,5384.68,5488.65,0
FT-SE100,20111024,5488.65,5552.79,5487.21,5548.06,0
FT-SE100,20111025,5548.06,5574.13,5465.52,5525.54,0
FT-SE100,20111026,5525.54,5576.63,5498.51,5553.24,0
FT-SE100,20111027,5553.24,5747.33,5553.24,5713.82,0
FT-SE100,20111028,5713.82,5746.88,5684.95,5702.24,0
FT-SE100,20111031,5702.24,5702.24,5544.22,5544.22,0
FT-SE100,20111101,5544.22,5544.22,5338.36,5421.57,0
FT-SE100,20111102,5421.57,5493.29,5383.37,5484.10,0
FT-SE100,20111103,5484.10,5564.54,5402.63,5545.64,0
FT-SE100,20111104,5545.64,5599.46,5495.38,5527.16,0
FT-SE100,20111107,5527.16,5557.76,5432.16,5510.82,0
FT-SE100,20111108,5510.82,5616.00,5509.57,5567.34,0
FT-SE100,20111109,5567.34,5615.84,5426.25,5460.38,0
FT-SE100,20111110,5460.38,5497.20,5360.19,5444.82,0
FT-SE100,20111111,5444.82,5548.75,5439.81,5545.38,0
FT-SE100,20111114,5545.38,5575.19,5489.25,5519.04,0
FT-SE100,20111115,5519.04,5551.38,5428.60,5517.44,0
FT-SE100,20111116,5517.44,5562.91,5450.24,5509.02,0
FT-SE100,20111117,5509.02,5509.02,5366.12,5423.14,0
FT-SE100,20111118,5423.14,5423.14,5347.89,5362.94,0
FT-SE100,20111121,5362.94,5362.94,5221.69,5222.60,0
FT-SE100,20111122,5222.60,5281.95,5206.82,5206.82,0
FT-SE100,20111123,5206.82,5206.82,5139.78,5139.78,0
FT-SE100,20111124,5139.78,5184.26,5098.99,5127.57,0
FT-SE100,20111125,5127.57,5200.31,5075.22,5164.65,0
FT-SE100,20111128,5164.65,5327.76,5164.65,5312.76,0
FT-SE100,20111129,5312.76,5344.18,5272.44,5337.00,0
FT-SE100,20111130,5337.00,5538.96,5274.95,5505.42,0
FT-SE100,20111201,5505.42,5553.89,5486.87,5489.34,0
FT-SE100,20111202,5489.34,5595.54,5489.07,5552.29,0
FT-SE100,20111205,5552.29,5602.80,5545.93,5567.96,0
FT-SE100,20111206,5567.96,5592.95,5521.91,5568.72,0
FT-SE100,20111207,5568.72,5631.88,5497.96,5546.91,0
FT-SE100,20111208,5546.91,5605.27,5483.77,5483.77,0
FT-SE100,20111209,5483.77,5540.52,5440.86,5529.21,0
FT-SE100,20111212,5529.21,5529.21,5427.86,5427.86,0
FT-SE100,20111213,5427.86,5525.96,5413.70,5490.15,0
FT-SE100,20111214,5490.15,5490.15,5366.80,5366.80,0
FT-SE100,20111215,5366.80,5434.02,5366.80,5400.85,0
FT-SE100,20111216,5400.85,5452.65,5387.34,5387.34,0
FT-SE100,20111219,5387.34,5410.06,5343.08,5364.99,0
FT-SE100,20111220,5364.99,5426.28,5328.67,5419.60,0
FT-SE100,20111221,5419.60,5479.19,5371.65,5389.74,0
FT-SE100,20111222,5389.74,5469.03,5389.74,5456.97,0
FT-SE100,20111223,5456.97,5516.63,5456.97,5512.70,0
FT-SE100,20111228,5512.70,5567.86,5490.96,5507.40,0
FT-SE100,20111229,5507.40,5566.77,5496.87,5566.77,0
FT-SE100,20111230,5566.77,5588.39,5535.20,5572.28,0
FT-SE100,20120103,5572.28,5699.91,5572.28,5699.91,0
FT-SE100,20120104,5699.91,5719.83,5646.36,5668.45,0
FT-SE100,20120105,5668.45,5689.33,5614.38,5624.26,0
FT-SE100,20120106,5624.26,5682.78,5623.36,5649.68,0
FT-SE100,20120109,5649.68,5673.82,5604.62,5612.26,0
FT-SE100,20120110,5612.26,5711.89,5612.26,5696.70,0
FT-SE100,20120111,5696.70,5700.75,5644.75,5670.82,0
FT-SE100,20120112,5670.82,5699.57,5640.30,5662.42,0
FT-SE100,20120113,5662.42,5709.22,5583.45,5636.64,0
FT-SE100,20120116,5636.64,5662.88,5609.87,5657.44,0
FT-SE100,20120117,5657.44,5724.41,5657.44,5693.95,0
FT-SE100,20120118,5693.95,5709.87,5647.92,5702.37,0
FT-SE100,20120119,5702.37,5743.93,5693.16,5741.15,0
FT-SE100,20120120,5741.15,5749.77,5721.61,5728.55,0
FT-SE100,20120123,5728.55,5789.85,5723.09,5782.56,0
FT-SE100,20120124,5782.56,5782.56,5719.86,5751.90,0
FT-SE100,20120125,5751.90,5777.69,5694.05,5723.00,0
FT-SE100,20120126,5723.00,5806.24,5722.83,5795.20,0
FT-SE100,20120127,5795.20,5795.20,5728.96,5733.45,0
FT-SE100,20120130,5733.45,5733.45,5651.56,5671.09,0
FT-SE100,20120131,5671.09,5730.32,5671.09,5681.61,0
FT-SE100,20120201,5681.61,5790.72,5680.67,5790.72,0
FT-SE100,20120202,5790.72,5809.82,5765.72,5796.07,0
FT-SE100,20120203,5796.07,5901.07,5784.23,5901.07,0
FT-SE100,20120206,5901.07,5901.07,5863.55,5892.20,0
FT-SE100,20120207,5892.20,5906.65,5850.49,5890.26,0
FT-SE100,20120208,5890.26,5916.20,5871.33,5875.93,0
FT-SE100,20120209,5875.93,5916.31,5870.55,5895.47,0
FT-SE100,20120210,5895.47,5895.47,5839.85,5852.39,0
FT-SE100,20120213,5852.39,5920.09,5852.39,5905.70,0
FT-SE100,20120214,5905.70,5920.61,5877.21,5899.87,0
FT-SE100,20120215,5899.87,5923.78,5880.62,5892.16,0
FT-SE100,20120216,5892.16,5892.36,5829.38,5885.38,0
FT-SE100,20120217,5885.38,5923.62,5885.38,5905.07,0
FT-SE100,20120220,5905.07,5956.33,5905.07,5945.25,0
FT-SE100,20120221,5945.25,5948.84,5916.58,5928.20,0
FT-SE100,20120222,5928.20,5937.96,5894.60,5916.55,0
FT-SE100,20120223,5916.55,5952.47,5900.50,5937.89,0
FT-SE100,20120224,5937.89,5964.02,5925.47,5935.13,0
FT-SE100,20120227,5935.13,5935.13,5865.85,5915.55,0
FT-SE100,20120228,5915.55,5937.02,5899.99,5927.91,0
FT-SE100,20120229,5927.91,5944.75,5871.51,5871.51,0
FT-SE100,20120301,5871.51,5936.07,5858.85,5931.25,0
FT-SE100,20120302,5931.25,5939.97,5908.48,5911.13,0
FT-SE100,20120305,5911.13,5911.13,5865.38,5874.82,0
FT-SE100,20120306,5874.82,5874.82,5758.42,5765.80,0
FT-SE100,20120307,5765.80,5800.57,5755.69,5791.41,0
FT-SE100,20120308,5791.41,5874.34,5791.41,5859.73,0
FT-SE100,20120309,5859.73,5897.60,5842.94,5887.49,0
FT-SE100,20120312,5887.49,5894.07,5860.42,5892.75,0
FT-SE100,20120313,5892.75,5957.94,5892.75,5955.91,0
FT-SE100,20120314,5955.91,5989.07,5945.43,5945.43,0
FT-SE100,20120315,5945.43,5958.17,5919.21,5940.72,0
FT-SE100,20120316,5940.72,5974.05,5940.72,5965.58,0
FT-SE100,20120319,5965.58,5968.89,5928.45,5961.11,0
FT-SE100,20120320,5961.11,5961.11,5876.42,5891.41,0
FT-SE100,20120321,5891.41,5921.68,5880.79,5891.95,0
FT-SE100,20120322,5891.95,5891.95,5825.91,5845.65,0
FT-SE100,20120323,5845.65,5875.73,5801.72,5854.89,0
FT-SE100,20120326,5854.89,5913.06,5854.47,5902.70,0
FT-SE100,20120327,5902.70,5941.90,5863.83,5869.55,0
FT-SE100,20120328,5869.55,5877.94,5808.99,5808.99,0
FT-SE100,20120329,5808.99,5812.17,5726.50,5742.03,0
FT-SE100,20120330,5742.03,5782.71,5742.03,5768.45,0
FT-SE100,20120402,5768.45,5874.89,5748.63,5874.89,0
FT-SE100,20120403,5874.89,5890.16,5838.34,5838.34,0
FT-SE100,20120404,5838.34,5838.34,5685.65,5703.77,0
FT-SE100,20120405,5703.77,5731.67,5663.32,5723.67,0
FT-SE100,20120410,5723.67,5723.67,5595.55,5595.55,0
FT-SE100,20120411,5595.55,5655.87,5576.37,5634.74,0
FT-SE100,20120412,5634.74,5727.87,5602.56,5710.46,0
FT-SE100,20120413,5710.46,5710.82,5643.51,5651.79,0
FT-SE100,20120416,5651.79,5707.96,5641.07,5666.28,0
FT-SE100,20120417,5666.28,5773.73,5651.53,5766.95,0
FT-SE100,20120418,5766.95,5783.88,5730.91,5745.29,0
FT-SE100,20120419,5745.29,5792.07,5738.11,5744.55,0
FT-SE100,20120420,5744.55,5775.67,5724.20,5772.15,0
FT-SE100,20120423,5772.15,5772.15,5637.73,5665.57,0
FT-SE100,20120424,5665.57,5714.17,5658.49,5709.49,0
FT-SE100,20120425,5709.49,5745.00,5703.21,5718.89,0
FT-SE100,20120426,5718.89,5761.14,5691.72,5748.72,0
FT-SE100,20120427,5748.72,5788.99,5707.95,5777.11,0
FT-SE100,20120430,5777.11,5792.97,5728.87,5737.78,0
FT-SE100,20120501,5737.78,5819.00,5732.16,5812.23,0
FT-SE100,20120502,5812.23,5819.93,5736.64,5758.11,0
FT-SE100,20120503,5758.11,5800.81,5745.23,5766.55,0
FT-SE100,20120504,5766.55,5766.55,5639.79,5655.06,0
FT-SE100,20120508,5655.06,5668.09,5550.09,5554.55,0
FT-SE100,20120509,5554.55,5571.71,5464.41,5530.05,0
FT-SE100,20120510,5530.05,5566.14,5490.54,5543.95,0
FT-SE100,20120511,5543.95,5585.50,5499.27,5575.52,0
FT-SE100,20120514,5575.52,5575.92,5436.69,5465.52,0
FT-SE100,20120515,5465.52,5507.65,5411.82,5437.62,0
FT-SE100,20120516,5437.62,5448.38,5354.00,5405.25,0
FT-SE100,20120517,5405.25,5413.32,5309.75,5338.38,0
FT-SE100,20120518,5338.38,5338.38,5256.61,5267.62,0
FT-SE100,20120521,5267.62,5324.36,5253.92,5304.48,0
FT-SE100,20120522,5304.48,5408.65,5304.48,5403.28,0
FT-SE100,20120523,5403.28,5403.67,5262.90,5266.41,0
FT-SE100,20120524,5266.41,5371.75,5266.41,5350.05,0
FT-SE100,20120525,5350.05,5385.17,5312.20,5351.53,0
FT-SE100,20120528,5351.53,5413.83,5341.34,5356.34,0
FT-SE100,20120529,5356.34,5404.66,5342.46,5391.14,0
FT-SE100,20120530,5391.14,5391.14,5284.42,5297.28,0
FT-SE100,20120531,5297.28,5352.05,5272.66,5306.95,0
FT-SE100,20120601,5320.86,5354.45,5229.76,5260.19,0
FT-SE100,20120606,5260.19,5388.03,5260.19,5384.11,0
FT-SE100,20120607,5384.11,5494.54,5384.11,5447.79,0
FT-SE100,20120608,5447.79,5447.79,5381.83,5435.08,0
FT-SE100,20120611,5435.08,5536.27,5419.56,5432.37,0
FT-SE100,20120612,5432.37,5478.63,5414.64,5473.74,0
FT-SE100,20120613,5473.74,5507.65,5436.67,5483.81,0
FT-SE100,20120614,5483.81,5483.81,5424.40,5467.05,0
FT-SE100,20120615,5467.05,5522.87,5465.09,5478.81,0
FT-SE100,20120618,5478.81,5555.32,5461.08,5491.09,0
FT-SE100,20120619,5491.09,5603.14,5491.03,5586.31,0
FT-SE100,20120620,5586.31,5623.85,5566.00,5622.29,0
FT-SE100,20120621,5622.29,5622.29,5564.79,5566.36,0
FT-SE100,20120622,5566.36,5566.36,5499.97,5513.69,0
FT-SE100,20120625,5513.69,5513.69,5435.46,5450.65,0
FT-SE100,20120626,5450.65,5476.50,5436.27,5446.96,0
FT-SE100,20120627,5446.96,5525.14,5446.96,5523.92,0
FT-SE100,20120628,5523.92,5533.75,5436.50,5493.06,0
FT-SE100,20120629,5493.06,5619.65,5493.06,5571.15,0
FT-SE100,20120702,5571.15,5640.64,5571.15,5640.64,0
FT-SE100,20120703,5640.64,5689.00,5636.05,5687.73,0
FT-SE100,20120704,5687.73,5699.85,5669.73,5684.47,0
FT-SE100,20120705,5684.47,5727.45,5662.48,5692.63,0
FT-SE100,20120706,5692.63,5695.06,5647.47,5662.63,0
FT-SE100,20120709,5662.63,5669.75,5610.71,5627.33,0
FT-SE100,20120710,5627.33,5688.66,5622.29,5664.07,0
FT-SE100,20120711,5664.07,5674.65,5625.60,5664.48,0
FT-SE100,20120712,5664.48,5664.48,5588.84,5608.25,0
FT-SE100,20120713,5608.25,5675.62,5608.25,5666.13,0
FT-SE100,20120716,5666.13,5670.60,5640.88,5662.43,0
FT-SE100,20120717,5662.43,5676.47,5621.19,5629.09,0
FT-SE100,20120718,5629.09,5688.29,5624.54,5685.77,0
FT-SE100,20120719,5685.77,5718.61,5685.77,5714.19,0
FT-SE100,20120720,5714.19,5714.19,5644.93,5651.77,0
FT-SE100,20120723,5651.77,5651.77,5510.92,5533.87,0
FT-SE100,20120724,5533.87,5556.63,5486.99,5499.23,0
FT-SE100,20120725,5499.23,5526.09,5478.02,5498.32,0
FT-SE100,20120726,5498.32,5594.51,5478.04,5573.16,0
FT-SE100,20120727,5573.16,5631.00,5550.90,5627.21,0
FT-SE100,20120730,5627.21,5706.47,5625.67,5693.63,0
FT-SE100,20120731,5693.63,5695.54,5635.28,5635.28,0
FT-SE100,20120801,5635.28,5712.82,5632.97,5712.82,0
FT-SE100,20120802,5712.82,5765.81,5657.25,5662.30,0
FT-SE100,20120803,5662.30,5794.01,5662.30,5787.28,0
FT-SE100,20120806,5787.28,5837.61,5767.10,5815.26,0
FT-SE100,20120807,5808.77,5841.24,5785.01,5841.24,0
FT-SE100,20120808,5841.24,5845.92,5801.08,5845.92,0
FT-SE100,20120809,5845.92,5860.16,5828.44,5851.51,0
FT-SE100,20120810,5851.51,5858.56,5827.71,5847.11,0
FT-SE100,20120813,5847.11,5852.79,5813.63,5831.88,0
FT-SE100,20120814,5831.88,5876.22,5831.88,5864.78,0
FT-SE100,20120815,5864.78,5864.78,5822.25,5833.04,0
FT-SE100,20120816,5833.04,5846.70,5811.31,5834.51,0
FT-SE100,20120817,5834.51,5854.72,5834.39,5852.42,0
FT-SE100,20120820,5852.42,5857.50,5802.91,5824.37,0
FT-SE100,20120821,5824.37,5872.59,5824.37,5857.52,0
FT-SE100,20120822,5857.52,5857.52,5771.22,5774.20,0
FT-SE100,20120823,5774.20,5809.26,5764.02,5776.60,0
FT-SE100,20120824,5776.60,5791.39,5739.41,5776.60,0
FT-SE100,20120828,5776.60,5779.49,5749.75,5775.71,0
FT-SE100,20120829,5775.71,5775.76,5739.23,5743.53,0
FT-SE100,20120830,5743.53,5743.53,5705.65,5719.45,0
FT-SE100,20120831,5719.45,5763.77,5707.99,5711.48,0
FT-SE100,20120903,5711.48,5758.41,5701.06,5758.41,0
FT-SE100,20120904,5758.41,5758.41,5658.34,5672.01,0
FT-SE100,20120905,5672.01,5675.91,5634.88,5657.86,0
FT-SE100,20120906,5657.86,5785.98,5657.86,5777.34,0
FT-SE100,20120907,5777.34,5807.57,5772.87,5794.80,0
FT-SE100,20120910,5794.80,5806.79,5777.07,5793.20,0
FT-SE100,20120911,5793.20,5796.56,5764.22,5792.19,0
FT-SE100,20120912,5792.19,5821.24,5757.58,5782.08,0
FT-SE100,20120913,5782.08,5826.57,5770.26,5819.92,0
FT-SE100,20120914,5819.92,5932.62,5819.92,5915.55,0
FT-SE100,20120917,5915.55,5915.68,5883.22,5893.52,0
FT-SE100,20120918,5893.52,5893.52,5837.52,5868.16,0
FT-SE100,20120919,5868.16,5894.39,5861.01,5888.48,0
FT-SE100,20120920,5888.48,5888.48,5824.36,5854.64,0
FT-SE100,20120921,5854.64,5887.57,5838.86,5852.62,0
FT-SE100,20120924,5852.62,5852.62,5806.09,5838.84,0
FT-SE100,20120925,5838.84,5869.17,5828.34,5859.71,0
FT-SE100,20120926,5859.71,5859.71,5751.35,5768.09,0
FT-SE100,20120927,5768.09,5804.09,5762.98,5779.42,0
FT-SE100,20120928,5779.42,5807.82,5740.52,5742.07,0
FT-SE100,20121001,5742.07,5843.54,5738.59,5820.45,0
FT-SE100,20121002,5820.45,5840.36,5781.42,5809.45,0
FT-SE100,20121003,5809.45,5832.48,5785.00,5825.81,0
FT-SE100,20121004,5825.81,5854.16,5803.22,5827.78,0
FT-SE100,20121005,5827.78,5885.57,5827.61,5871.02,0
FT-SE100,20121008,5871.02,5871.02,5818.76,5841.74,0
FT-SE100,20121009,5841.74,5856.42,5795.18,5810.25,0
FT-SE100,20121010,5810.25,5810.52,5776.71,5776.71,0
FT-SE100,20121011,5776.71,5846.30,5766.69,5829.75,0
FT-SE100,20121012,5829.75,5829.75,5793.32,5793.32,0
FT-SE100,20121015,5793.32,5827.87,5786.03,5805.61,0
FT-SE100,20121016,5805.61,5878.09,5805.61,5870.54,0
FT-SE100,20121017,5870.54,5915.59,5868.68,5910.91,0
FT-SE100,20121018,5910.91,5928.27,5896.49,5917.05,0
FT-SE100,20121019,5917.05,5919.73,5892.23,5896.15,0
FT-SE100,20121022,5896.15,5911.03,5869.88,5882.91,0
FT-SE100,20121023,5882.91,5893.43,5788.96,5797.91,0
FT-SE100,20121024,5797.91,5823.24,5776.64,5804.78,0
FT-SE100,20121025,5804.78,5840.57,5802.22,5805.05,0
FT-SE100,20121026,5805.05,5817.94,5753.31,5806.71,0
FT-SE100,20121029,5806.71,5812.67,5763.51,5795.10,0
FT-SE100,20121030,5795.10,5852.17,5794.92,5849.90,0
FT-SE100,20121031,5849.90,5866.67,5782.70,5782.70,0
FT-SE100,20121101,5782.70,5866.76,5777.96,5861.92,0
FT-SE100,20121102,5861.92,5890.11,5844.30,5868.55,0
FT-SE100,20121105,5868.55,5868.55,5825.55,5839.06,0
FT-SE100,20121106,5839.06,5885.16,5839.06,5884.90,0
FT-SE100,20121107,5884.90,5921.78,5789.43,5791.63,0
FT-SE100,20121108,5791.63,5824.36,5770.70,5776.05,0
FT-SE100,20121109,5776.05,5786.43,5715.23,5769.68,0
FT-SE100,20121112,5769.68,5795.25,5762.01,5767.27,0
FT-SE100,20121113,5767.27,5786.25,5710.99,5786.25,0
FT-SE100,20121114,5786.25,5786.25,5719.61,5722.01,0
FT-SE100,20121115,5722.01,5722.01,5674.26,5677.75,0
FT-SE100,20121116,5677.75,5682.68,5605.59,5605.59,0
FT-SE100,20121119,5605.59,5739.74,5605.59,5737.66,0
FT-SE100,20121120,5737.66,5751.82,5706.70,5748.10,0
FT-SE100,20121121,5748.10,5760.12,5727.86,5752.03,0
FT-SE100,20121122,5752.03,5796.47,5752.03,5791.03,0
FT-SE100,20121123,5791.03,5830.53,5781.43,5819.14,0
FT-SE100,20121126,5819.14,5819.14,5773.86,5786.72,0
FT-SE100,20121127,5786.72,5823.18,5786.72,5799.71,0
FT-SE100,20121128,5799.71,5808.34,5755.23,5803.28,0
FT-SE100,20121129,5803.28,5883.98,5803.28,5870.30,0
FT-SE100,20121130,5870.30,5904.39,5860.27,5866.82,0
FT-SE100,20121203,5866.82,5902.00,5859.56,5871.24,0
FT-SE100,20121204,5871.24,5885.36,5852.88,5869.04,0
FT-SE100,20121205,5869.04,5902.66,5869.04,5892.08,0
FT-SE100,20121206,5892.08,5923.91,5889.65,5901.42,0
FT-SE100,20121207,5901.42,5923.11,5889.92,5914.40,0
FT-SE100,20121210,5914.40,5923.97,5891.33,5921.63,0
FT-SE100,20121211,5921.63,5937.93,5908.32,5924.97,0
FT-SE100,20121212,5924.97,5948.50,5915.91,5945.85,0
FT-SE100,20121213,5945.85,5947.85,5918.57,5929.61,0
FT-SE100,20121214,5929.61,5944.50,5915.34,5921.76,0
FT-SE100,20121217,5921.76,5923.92,5881.01,5912.15,0
FT-SE100,20121218,5912.15,5946.41,5911.10,5935.90,0
FT-SE100,20121219,5935.90,5977.82,5935.90,5961.59,0
FT-SE100,20121220,5961.59,5970.87,5950.07,5958.34,0
FT-SE100,20121221,5958.34,5958.34,5894.10,5939.99,0
FT-SE100,20121224,5939.99,5957.69,5937.10,5954.18,0
FT-SE100,20121226,5951.58,5954.18,5951.58,5954.18,0
FT-SE100,20121227,5954.18,5997.04,5942.44,5954.30,0
FT-SE100,20121228,5954.30,5975.97,5915.32,5925.37,0
FT-SE100,20121231,5925.37,5925.43,5873.43,5897.81,0
FT-SE100,20130102,5897.81,6044.57,5897.81,6027.37,0
FT-SE100,20130103,6027.37,6051.30,6016.80,6047.34,0
FT-SE100,20130104,6047.34,6089.84,6038.02,6089.84,0
FT-SE100,20130107,6089.84,6091.50,6060.75,6064.58,0
FT-SE100,20130108,6064.58,6088.18,6053.63,6053.63,0
FT-SE100,20130109,6053.63,6112.27,6053.63,6098.65,0
FT-SE100,20130110,6098.65,6118.30,6090.61,6101.51,0
FT-SE100,20130111,6101.51,6121.58,6095.07,6121.58,0
FT-SE100,20130114,6121.58,6134.17,6104.90,6107.86,0
FT-SE100,20130115,6107.86,6117.31,6086.21,6117.31,0
FT-SE100,20130116,6117.31,6117.33,6076.12,6103.98,0
FT-SE100,20130117,6103.98,6135.89,6087.49,6132.36,0
FT-SE100,20130118,6132.36,6172.49,6131.93,6154.41,0
FT-SE100,20130121,6154.41,6182.23,6154.41,6180.98,0
FT-SE100,20130122,6180.98,6188.58,6149.18,6179.17,0
FT-SE100,20130123,6179.17,6200.49,6178.47,6197.64,0
FT-SE100,20130124,6197.64,6271.40,6186.48,6264.91,0
FT-SE100,20130125,6264.91,6284.45,6247.33,6284.45,0
FT-SE100,20130128,6284.45,6311.26,6277.04,6294.41,0
FT-SE100,20130129,6294.41,6346.37,6285.77,6339.19,0
FT-SE100,20130130,6339.19,6354.46,6316.29,6323.11,0
FT-SE100,20130131,6323.11,6451.01,6142.02,6276.88,0
FT-SE100,20130201,6276.88,6353.96,6275.50,6347.24,0
FT-SE100,20130204,6347.24,6347.26,6236.66,6246.84,0
FT-SE100,20130205,6246.84,6296.47,6244.07,6282.76,0
FT-SE100,20130206,6282.76,6321.45,6265.55,6295.34,0
FT-SE100,20130207,6295.34,6313.00,6216.72,6228.42,0
FT-SE100,20130208,6228.42,6278.07,6228.42,6263.93,0
FT-SE100,20130211,6263.93,6294.81,6252.31,6277.06,0
FT-SE100,20130212,6277.06,6338.38,6259.82,6338.38,0
FT-SE100,20130213,6338.38,6384.70,6311.59,6359.11,0
FT-SE100,20130214,6359.11,6364.72,6302.00,6327.36,0
FT-SE100,20130215,6327.36,6352.20,6309.78,6328.26,0
FT-SE100,20130218,6328.26,6330.17,6306.83,6318.19,0
FT-SE100,20130219,6318.19,6385.14,6304.40,6379.07,0
FT-SE100,20130220,6379.07,6412.44,6368.20,6395.37,0
FT-SE100,20130221,6395.37,6395.37,6277.96,6291.54,0
FT-SE100,20130222,6291.54,6347.25,6291.49,6335.70,0
FT-SE100,20130225,6335.70,6390.09,6323.98,6355.37,0
FT-SE100,20130226,6355.37,6355.37,6258.62,6270.44,0
FT-SE100,20130227,6270.44,6335.90,6269.26,6325.88,0
FT-SE100,20130228,6325.88,6372.00,6325.88,6360.81,0
FT-SE100,20130301,6360.81,6391.67,6308.56,6378.60,0
FT-SE100,20130304,6378.60,6379.29,6333.17,6345.63,0
FT-SE100,20130305,6345.63,6437.34,6344.78,6431.95,0
FT-SE100,20130306,6431.95,6460.96,6418.72,6427.64,0
FT-SE100,20130307,6427.64,6459.68,6427.31,6439.16,0
FT-SE100,20130308,6439.16,6489.54,6439.16,6483.58,0
FT-SE100,20130311,6483.58,6505.30,6473.56,6503.63,0
FT-SE100,20130312,6503.63,6533.99,6491.75,6510.62,0
FT-SE100,20130313,6510.62,6510.62,6437.61,6481.50,0
FT-SE100,20130314,6481.50,6532.57,6478.54,6529.41,0
FT-SE100,20130315,6529.41,6533.78,6470.10,6489.65,0
FT-SE100,20130318,6489.65,6489.65,6386.17,6457.92,0
FT-SE100,20130319,6457.92,6474.57,6414.45,6441.32,0
FT-SE100,20130320,6441.32,6475.61,6421.29,6432.70,0
FT-SE100,20130321,6432.70,6435.59,6364.00,6388.55,0
FT-SE100,20130322,6388.55,6426.45,6374.51,6392.76,0
FT-SE100,20130325,6392.76,6458.53,6366.62,6378.38,0
FT-SE100,20130326,6378.38,6404.52,6369.58,6399.37,0
FT-SE100,20130327,6399.37,6420.90,6344.19,6387.56,0
FT-SE100,20130328,6387.56,6447.86,6381.99,6411.74,0
FT-SE100,20130402,6411.74,6501.78,6408.84,6490.66,0
FT-SE100,20130403,6490.66,6491.84,6416.67,6420.28,0
FT-SE100,20130404,6420.28,6426.37,6341.43,6344.12,0
FT-SE100,20130405,6344.12,6346.82,6214.36,6249.78,0
FT-SE100,20130408,6249.78,6289.59,6249.78,6276.94,0
FT-SE100,20130409,6276.94,6326.54,6276.94,6313.21,0
FT-SE100,20130410,6313.21,6405.20,6313.20,6387.37,0
FT-SE100,20130411,6387.37,6423.56,6377.54,6416.14,0
FT-SE100,20130412,6416.14,6416.14,6368.20,6384.39,0
FT-SE100,20130415,6384.39,6384.42,6300.12,6343.60,0
FT-SE100,20130416,6343.60,6343.60,6297.53,6304.58,0
FT-SE100,20130417,6304.58,6334.44,6225.16,6244.21,0
FT-SE100,20130418,6244.21,6277.79,6225.86,6243.67,0
FT-SE100,20130419,6243.67,6288.70,6243.67,6286.59,0
FT-SE100,20130422,6286.59,6341.98,6258.98,6280.62,0
FT-SE100,20130423,6280.62,6406.14,6278.48,6406.12,0
FT-SE100,20130424,6406.12,6438.93,6396.19,6431.76,0
FT-SE100,20130425,6431.76,6467.11,6411.94,6442.59,0
FT-SE100,20130426,6442.59,6442.59,6399.37,6426.42,0
FT-SE100,20130429,6426.42,6458.02,6419.27,6458.02,0
FT-SE100,20130430,6458.02,6483.08,6412.69,6430.12,0
FT-SE100,20130501,6430.12,6475.87,6429.80,6451.29,0
FT-SE100,20130502,6451.29,6470.34,6409.81,6460.71,0
FT-SE100,20130503,6460.71,6541.69,6451.50,6521.46,0
FT-SE100,20130507,6521.46,6563.90,6521.43,6557.30,0
FT-SE100,20130508,6557.30,6587.39,6547.00,6583.48,0
FT-SE100,20130509,6583.48,6597.26,6571.73,6592.74,0
FT-SE100,20130510,6592.74,6637.84,6591.58,6624.98,0
FT-SE100,20130513,6624.98,6633.26,6602.82,6631.76,0
FT-SE100,20130514,6631.76,6686.06,6618.36,6686.06,0
FT-SE100,20130515,6686.06,6701.68,6669.04,6693.55,0
FT-SE100,20130516,6693.55,6714.48,6677.15,6687.80,0
FT-SE100,20130517,6687.80,6726.90,6669.93,6723.06,0
FT-SE100,20130520,6723.06,6755.63,6709.14,6755.63,0
FT-SE100,20130521,6755.63,6803.87,6744.20,6803.87,0
FT-SE100,20130522,6803.87,6875.62,6781.45,6840.27,0
FT-SE100,20130523,6840.27,6840.27,6658.77,6696.79,0
FT-SE100,20130524,6696.79,6720.08,6640.08,6654.34,0
FT-SE100,20130528,6654.34,6790.70,6654.34,6762.01,0
FT-SE100,20130529,6762.01,6762.01,6620.82,6627.17,0
FT-SE100,20130530,6627.17,6656.99,6611.03,6656.99,0
FT-SE100,20130531,6656.99,6657.07,6577.75,6583.09,0
FT-SE100,20130603,6583.09,6583.09,6514.08,6525.12,0
FT-SE100,20130604,6525.12,6577.00,6525.12,6558.58,0
FT-SE100,20130605,6558.58,6558.58,6419.31,6419.31,0
FT-SE100,20130606,6419.31,6435.39,6336.11,6336.11,0
FT-SE100,20130607,6336.11,6421.37,6313.60,6411.99,0
FT-SE100,20130610,6411.99,6421.24,6379.62,6400.45,0
FT-SE100,20130611,6400.45,6401.18,6280.08,6340.08,0
FT-SE100,20130612,6340.08,6364.26,6295.92,6299.45,0
FT-SE100,20130613,6299.45,6310.95,6205.71,6304.63,0
FT-SE100,20130614,6304.63,6343.51,6290.62,6308.26,0
FT-SE100,20130617,6308.26,6370.75,6308.26,6330.49,0
FT-SE100,20130618,6330.49,6397.33,6311.35,6374.21,0
FT-SE100,20130619,6374.21,6383.61,6327.01,6348.82,0
FT-SE100,20130620,6348.82,6348.82,6144.98,6159.51,0
FT-SE100,20130621,6159.51,6244.17,6116.17,6116.17,0
FT-SE100,20130624,6116.17,6136.11,6023.44,6029.10,0
FT-SE100,20130625,6029.10,6114.61,6029.10,6101.91,0
FT-SE100,20130626,6101.91,6177.92,6089.21,6165.48,0
FT-SE100,20130627,6165.48,6271.80,6165.45,6243.40,0
FT-SE100,20130628,6243.40,6268.84,6207.72,6215.47,0
FT-SE100,20130701,6215.47,6317.02,6215.44,6307.78,0
FT-SE100,20130702,6307.78,6314.13,6266.50,6303.94,0
FT-SE100,20130703,6303.94,6303.94,6185.21,6229.87,0
FT-SE100,20130704,6229.87,6431.41,6229.87,6421.67,0
FT-SE100,20130705,6421.67,6498.59,6364.38,6375.52,0
FT-SE100,20130708,6375.52,6476.09,6375.52,6450.07,0
FT-SE100,20130709,6450.07,6530.86,6450.07,6513.08,0
FT-SE100,20130710,6513.08,6535.91,6472.41,6504.96,0
FT-SE100,20130711,6504.96,6585.74,6504.96,6543.41,0
FT-SE100,20130712,6543.41,6583.90,6540.24,6544.94,0
FT-SE100,20130715,6544.94,6605.90,6544.94,6586.11,0
FT-SE100,20130716,6586.11,6606.42,6556.35,6556.35,0
FT-SE100,20130717,6556.35,6595.62,6517.38,6571.93,0
FT-SE100,20130718,6571.93,6657.38,6555.82,6634.36,0
FT-SE100,20130719,6634.36,6635.22,6592.10,6630.67,0
FT-SE100,20130722,6630.67,6645.01,6608.17,6623.17,0
FT-SE100,20130723,6623.17,6657.66,6597.44,6597.44,0
FT-SE100,20130724,6597.44,6662.19,6581.61,6620.43,0
FT-SE100,20130725,6620.43,6625.35,6540.42,6587.95,0
FT-SE100,20130726,6587.95,6629.89,6535.18,6554.79,0
FT-SE100,20130729,6554.79,6606.36,6544.14,6560.25,0
FT-SE100,20130730,6560.25,6600.72,6560.25,6570.95,0
FT-SE100,20130731,6570.95,6659.35,6556.65,6621.06,0
FT-SE100,20130801,6621.06,6681.98,6607.27,6681.98,0
FT-SE100,20130802,6681.98,6696.63,6623.85,6647.87,0
FT-SE100,20130805,6647.87,6684.95,6590.10,6619.58,0
FT-SE100,20130806,6619.58,6630.14,6562.32,6604.21,0
FT-SE100,20130807,6604.21,6624.99,6511.21,6511.21,0
FT-SE100,20130808,6511.21,6558.59,6507.24,6529.68,0
FT-SE100,20130809,6529.68,6601.21,6529.48,6583.39,0
FT-SE100,20130812,6583.39,6598.39,6547.00,6574.34,0
FT-SE100,20130813,6574.34,6620.43,6568.44,6611.94,0
FT-SE100,20130814,6611.94,6627.96,6582.58,6587.43,0
FT-SE100,20130815,6587.43,6587.88,6460.12,6483.34,0
FT-SE100,20130816,6483.34,6502.27,6461.30,6499.99,0
FT-SE100,20130819,6499.99,6506.59,6457.73,6465.73,0
FT-SE100,20130820,6465.73,6465.73,6398.63,6453.46,0
FT-SE100,20130821,6453.46,6453.55,6386.72,6390.84,0
FT-SE100,20130822,6390.84,6468.88,6390.62,6446.87,0
FT-SE100,20130823,6446.87,6516.71,6422.35,6492.10,0
FT-SE100,20130827,6492.10,6494.20,6424.00,6440.97,0
FT-SE100,20130828,6440.97,6440.97,6393.65,6430.06,0
FT-SE100,20130829,6430.06,6500.51,6429.95,6483.05,0
FT-SE100,20130830,6483.05,6502.19,6409.60,6412.93,0
FT-SE100,20130902,6412.93,6532.30,6412.93,6506.19,0
FT-SE100,20130903,6506.19,6523.16,6456.95,6468.41,0
FT-SE100,20130904,6468.41,6486.40,6423.51,6474.74,0
FT-SE100,20130905,6474.74,6543.22,6461.68,6532.44,0
FT-SE100,20130906,6532.44,6568.18,6492.49,6547.33,0
FT-SE100,20130909,6547.33,6555.86,6508.76,6530.74,0
FT-SE100,20130910,6530.74,6599.51,6530.74,6583.99,0
FT-SE100,20130911,6583.99,6589.85,6559.72,6588.43,0
FT-SE100,20130912,6588.43,6606.12,6558.61,6588.98,0
FT-SE100,20130913,6588.98,6588.98,6561.78,6583.80,0
FT-SE100,20130916,6583.80,6652.66,6583.80,6622.86,0
FT-SE100,20130917,6622.86,6623.04,6570.17,6570.17,0
FT-SE100,20130918,6570.17,6587.58,6532.50,6558.82,0
FT-SE100,20130919,6558.82,6659.12,6558.82,6625.39,0
FT-SE100,20130920,6625.39,6629.93,6594.17,6596.43,0
FT-SE100,20130923,6596.43,6601.53,6542.67,6557.37,0
FT-SE100,20130924,6557.37,6585.40,6549.92,6571.46,0
FT-SE100,20130925,6571.46,6587.97,6526.42,6551.53,0
FT-SE100,20130926,6551.53,6580.94,6535.78,6565.59,0
FT-SE100,20130927,6565.59,6568.94,6487.30,6512.66,0
FT-SE100,20130930,6512.66,6512.66,6438.72,6462.22,0
FT-SE100,20131001,6462.22,6466.30,6424.37,6460.01,0
FT-SE100,20131002,6460.01,6460.01,6386.18,6437.50,0
FT-SE100,20131003,6437.50,6472.43,6436.21,6449.04,0
FT-SE100,20131004,6449.04,6473.58,6428.96,6453.88,0
FT-SE100,20131007,6453.88,6453.88,6391.47,6437.28,0
FT-SE100,20131008,6437.28,6437.73,6364.97,6365.83,0
FT-SE100,20131009,6365.83,6372.63,6316.91,6337.91,0
FT-SE100,20131010,6337.91,6446.22,6337.91,6430.49,0
FT-SE100,20131011,6430.49,6489.16,6430.47,6487.19,0
FT-SE100,20131014,6487.19,6507.80,6464.44,6507.65,0
FT-SE100,20131015,6507.65,6569.28,6507.65,6549.11,0
FT-SE100,20131016,6549.11,6584.39,6504.27,6571.59,0
FT-SE100,20131017,6571.59,6576.16,6529.16,6576.16,0
FT-SE100,20131018,6576.16,6622.70,6576.16,6622.58,0
FT-SE100,20131021,6622.58,6654.20,6617.81,6654.20,0
FT-SE100,20131022,6654.20,6719.27,6653.70,6695.66,0
FT-SE100,20131023,6695.66,6695.92,6655.20,6674.48,0
FT-SE100,20131024,6674.48,6719.25,6674.16,6713.18,0
FT-SE100,20131025,6713.18,6729.74,6700.37,6721.34,0
FT-SE100,20131028,6721.34,6739.66,6704.15,6725.82,0
FT-SE100,20131029,6725.82,6777.16,6718.85,6774.73,0
FT-SE100,20131030,6774.73,6819.86,6763.66,6777.70,0
FT-SE100,20131031,6777.70,6778.27,6719.51,6731.43,0
FT-SE100,20131101,6731.43,6760.87,6715.30,6734.74,0
FT-SE100,20131104,6734.74,6780.11,6734.56,6763.62,0
FT-SE100,20131105,6763.62,6773.86,6708.52,6746.84,0
FT-SE100,20131106,6746.84,6768.16,6735.64,6741.69,0
FT-SE100,20131107,6741.69,6779.18,6679.99,6697.22,0
FT-SE100,20131108,6697.22,6713.90,6643.86,6708.42,0
FT-SE100,20131111,6708.42,6744.77,6702.01,6728.37,0
FT-SE100,20131112,6728.37,6728.37,6693.26,6726.79,0
FT-SE100,20131113,6726.79,6726.81,6613.98,6630.00,0
FT-SE100,20131114,6630.00,6696.16,6630.00,6666.13,0
FT-SE100,20131115,6666.13,6703.12,6665.45,6693.44,0
FT-SE100,20131118,6693.44,6732.10,6671.63,6723.46,0
FT-SE100,20131119,6723.46,6723.46,6677.85,6698.01,0
FT-SE100,20131120,6698.01,6711.42,6661.70,6681.08,0
FT-SE100,20131121,6681.08,6697.69,6643.47,6681.33,0
FT-SE100,20131122,6681.33,6711.03,6661.04,6674.30,0
FT-SE100,20131125,6674.30,6709.08,6674.30,6694.62,0
FT-SE100,20131126,6694.62,6696.95,6636.22,6636.22,0
FT-SE100,20131127,6636.22,6664.14,6635.71,6649.47,0
FT-SE100,20131128,6649.47,6679.51,6642.57,6654.47,0
FT-SE100,20131129,6654.47,6681.57,6648.53,6650.57,0
FT-SE100,20131202,6650.57,6657.41,6595.20,6595.33,0
FT-SE100,20131203,6595.33,6595.48,6531.34,6532.43,0
FT-SE100,20131204,6532.43,6544.70,6479.73,6509.97,0
FT-SE100,20131205,6509.97,6518.88,6487.15,6498.33,0
FT-SE100,20131206,6498.33,6555.73,6496.33,6551.99,0
FT-SE100,20131209,6551.99,6568.44,6534.74,6559.48,0
FT-SE100,20131210,6559.48,6571.91,6519.00,6523.31,0
FT-SE100,20131211,6523.31,6555.57,6507.72,6507.72,0
FT-SE100,20131212,6507.72,6507.72,6435.99,6445.25,0
FT-SE100,20131213,6445.25,6462.76,6433.51,6439.96,0
FT-SE100,20131216,6439.96,6531.16,6422.23,6522.20,0
FT-SE100,20131217,6522.20,6522.20,6482.59,6486.19,0
FT-SE100,20131218,6486.19,6524.46,6486.19,6492.08,0
FT-SE100,20131219,6492.08,6584.70,6492.08,6584.70,0
FT-SE100,20131220,6584.70,6616.80,6576.79,6606.58,0
FT-SE100,20131223,6606.58,6678.61,6606.20,6678.61,0
FT-SE100,20131224,6678.61,6712.10,6672.22,6694.17,0
FT-SE100,20131227,6694.17,6754.11,6694.17,6750.87,0
FT-SE100,20131230,6750.87,6768.44,6718.16,6731.27,0
FT-SE100,20131231,6731.27,6756.98,6731.25,6749.09,0
FT-SE100,20140102,6749.09,6759.37,6707.48,6717.91,0
FT-SE100,20140103,6717.91,6747.33,6699.27,6730.67,0
FT-SE100,20140106,6730.67,6751.98,6714.64,6730.73,0
FT-SE100,20140107,6730.73,6768.89,6718.07,6755.45,0
FT-SE100,20140108,6755.45,6755.53,6713.39,6721.78,0
FT-SE100,20140109,6721.78,6746.41,6679.31,6691.34,0
FT-SE100,20140110,6691.34,6769.94,6691.34,6739.94,0
FT-SE100,20140113,6739.94,6765.60,6730.97,6757.15,0
FT-SE100,20140114,6757.15,6772.63,6694.08,6766.86,0
FT-SE100,20140115,6766.86,6825.20,6766.86,6819.86,0
FT-SE100,20140116,6819.86,6831.74,6811.16,6815.42,0
FT-SE100,20140117,6815.42,6840.50,6800.00,6829.30,0
FT-SE100,20140120,6829.30,6837.53,6810.62,6836.73,0
FT-SE100,20140121,6836.73,6867.42,6822.31,6834.26,0
FT-SE100,20140122,6834.26,6864.87,6821.80,6826.33,0
FT-SE100,20140123,6826.33,6837.21,6760.63,6773.28,0
FT-SE100,20140124,6773.28,6784.42,6654.86,6663.74,0
FT-SE100,20140127,6663.74,6665.39,6539.33,6550.66,0
FT-SE100,20140128,6550.66,6590.66,6550.65,6572.33,0
FT-SE100,20140129,6572.33,6645.23,6482.74,6544.28,0
FT-SE100,20140130,6544.28,6573.92,6503.25,6538.45,0
FT-SE100,20140131,6538.45,6548.46,6421.26,6510.44,0
FT-SE100,20140203,6510.44,6538.30,6459.95,6465.66,0
FT-SE100,20140204,6465.66,6478.16,6416.72,6449.27,0
FT-SE100,20140205,6449.27,6483.73,6423.79,6457.89,0
FT-SE100,20140206,6457.89,6566.01,6457.89,6558.28,0
FT-SE100,20140207,6558.28,6596.28,6540.81,6571.68,0
FT-SE100,20140210,6571.68,6597.00,6565.30,6591.55,0
FT-SE100,20140211,6591.55,6672.66,6591.55,6672.66,0
FT-SE100,20140212,6672.66,6708.17,6669.06,6675.03,0
FT-SE100,20140213,6675.03,6675.24,6608.09,6659.42,0
FT-SE100,20140214,6659.42,6672.21,6646.47,6663.62,0
FT-SE100,20140217,6663.62,6745.63,6661.47,6736.00,0
FT-SE100,20140218,6736.00,6802.89,6716.64,6796.43,0
FT-SE100,20140219,6796.43,6810.48,6759.86,6796.71,0
FT-SE100,20140220,6796.71,6812.99,6732.03,6812.99,0
FT-SE100,20140221,6812.99,6859.91,6812.99,6838.06,0
FT-SE100,20140224,6838.06,6865.86,6797.83,6865.86,0
FT-SE100,20140225,6865.86,6866.35,6790.93,6830.50,0
FT-SE100,20140226,6830.50,6834.09,6785.28,6799.15,0
FT-SE100,20140227,6799.15,6819.24,6733.54,6810.27,0
FT-SE100,20140228,6810.27,6833.82,6785.54,6809.70,0
FT-SE100,20140303,6809.70,6809.70,6671.89,6708.35,0
FT-SE100,20140304,6708.35,6827.22,6708.35,6823.77,0
FT-SE100,20140305,6823.77,6824.16,6771.50,6775.42,0
FT-SE100,20140306,6775.42,6806.62,6770.95,6788.49,0
FT-SE100,20140307,6788.49,6800.66,6706.38,6712.67,0
FT-SE100,20140310,6712.67,6757.00,6671.62,6689.45,0
FT-SE100,20140311,6689.45,6718.30,6660.59,6685.52,0
FT-SE100,20140312,6685.52,6685.52,6598.36,6620.90,0
FT-SE100,20140313,6620.90,6631.38,6552.46,6553.78,0
FT-SE100,20140314,6553.78,6553.78,6500.37,6527.89,0
FT-SE100,20140317,6527.89,6592.37,6527.87,6568.35,0
FT-SE100,20140318,6568.35,6628.20,6534.86,6605.28,0
FT-SE100,20140319,6605.28,6609.46,6566.85,6573.13,0
FT-SE100,20140320,6573.13,6573.13,6492.62,6542.44,0
FT-SE100,20140321,6542.44,6572.09,6537.89,6557.17,0
FT-SE100,20140324,6557.17,6568.96,6506.42,6520.39,0
FT-SE100,20140325,6520.39,6604.89,6520.39,6604.89,0
FT-SE100,20140326,6604.89,6643.58,6601.78,6605.30,0
FT-SE100,20140327,6605.30,6605.30,6561.39,6588.32,0
FT-SE100,20140328,6588.32,6631.48,6585.73,6615.58,0
FT-SE100,20140331,6615.58,6658.40,6583.09,6598.37,0
FT-SE100,20140401,6598.37,6660.27,6598.37,6652.61,0
FT-SE100,20140402,6652.61,6672.73,6639.63,6659.04,0
FT-SE100,20140403,6659.04,6680.78,6638.52,6649.14,0
FT-SE100,20140404,6649.14,6706.34,6649.14,6695.55,0
FT-SE100,20140407,6695.55,6695.55,6614.73,6622.84,0
FT-SE100,20140408,6622.84,6625.19,6549.75,6590.69,0
FT-SE100,20140409,6590.69,6654.05,6590.41,6635.61,0
FT-SE100,20140410,6635.61,6688.28,6620.39,6641.97,0
FT-SE100,20140411,6641.97,6641.97,6538.75,6561.70,0
FT-SE100,20140414,6561.70,6583.76,6507.08,6583.76,0
FT-SE100,20140415,6583.76,6594.24,6534.20,6541.61,0
FT-SE100,20140416,6541.61,6596.99,6541.61,6584.17,0
FT-SE100,20140417,6584.17,6627.25,6559.35,6625.25,0
FT-SE100,20140422,6625.25,6706.19,6625.25,6681.76,0
FT-SE100,20140423,6681.76,6694.82,6661.42,6674.74,0
FT-SE100,20140424,6674.74,6724.58,6667.65,6703.00,0
FT-SE100,20140425,6703.00,6704.37,6657.30,6685.69,0
FT-SE100,20140428,6685.69,6720.33,6682.90,6700.16,0
FT-SE100,20140429,6700.16,6769.91,6700.10,6769.91,0
FT-SE100,20140430,6769.91,6794.88,6748.76,6780.03,0
FT-SE100,20140501,6780.03,6811.64,6773.69,6808.87,0
FT-SE100,20140502,6808.87,6838.17,6798.61,6822.42,0
FT-SE100,20140506,6822.42,6828.62,6785.32,6798.56,0
FT-SE100,20140507,6798.56,6799.34,6766.84,6796.44,0
FT-SE100,20140508,6796.44,6840.37,6796.44,6839.25,0
FT-SE100,20140509,6839.25,6839.42,6805.39,6814.57,0
FT-SE100,20140512,6814.57,6851.75,6814.57,6851.75,0
FT-SE100,20140513,6851.75,6877.39,6845.95,6873.08,0
FT-SE100,20140514,6873.08,6880.07,6854.02,6878.49,0
FT-SE100,20140515,6878.49,6894.88,6821.66,6840.89,0
FT-SE100,20140516,6840.89,6855.94,6813.50,6855.81,0
FT-SE100,20140519,6855.81,6862.20,6804.31,6844.55,0
FT-SE100,20140520,6844.55,6848.36,6792.51,6802.00,0
FT-SE100,20140521,6802.00,6821.04,6782.80,6821.04,0
FT-SE100,20140522,6821.04,6846.57,6810.19,6820.56,0
FT-SE100,20140523,6820.56,6825.53,6793.47,6815.75,0
FT-SE100,20140527,6815.75,6857.10,6815.37,6844.94,0
FT-SE100,20140528,6844.94,6855.83,6833.61,6851.22,0
FT-SE100,20140529,6851.22,6882.14,6848.06,6871.29,0
FT-SE100,20140530,6871.29,6874.33,6831.99,6844.51,0
FT-SE100,20140602,6844.51,6874.38,6844.51,6864.10,0
FT-SE100,20140603,6864.10,6865.38,6817.96,6836.30,0
FT-SE100,20140604,6836.30,6840.60,6800.10,6818.63,0
FT-SE100,20140605,6818.63,6847.00,6795.27,6813.49,0
FT-SE100,20140606,6813.49,6862.91,6813.49,6858.21,0
FT-SE100,20140609,6858.21,6878.96,6857.70,6875.00,0
FT-SE100,20140610,6875.00,6875.24,6835.80,6873.55,0
FT-SE100,20140611,6873.55,6873.55,6825.24,6838.87,0
FT-SE100,20140612,6838.87,6853.18,6827.03,6843.11,0
FT-SE100,20140613,6843.11,6843.11,6758.15,6777.85,0
FT-SE100,20140616,6777.85,6779.40,6748.04,6754.64,0
FT-SE100,20140617,6754.64,6774.87,6736.11,6766.77,0
FT-SE100,20140618,6766.77,6799.59,6766.77,6778.56,0
FT-SE100,20140619,6778.56,6837.57,6778.56,6808.11,0
FT-SE100,20140620,6808.11,6840.62,6791.20,6825.20,0
FT-SE100,20140623,6825.20,6829.76,6785.83,6800.56,0
FT-SE100,20140624,6800.56,6824.45,6776.80,6787.07,0
FT-SE100,20140625,6787.07,6787.07,6716.35,6733.62,0
FT-SE100,20140626,6733.62,6753.25,6701.59,6735.12,0
FT-SE100,20140627,6735.12,6767.63,6735.12,6757.77,0
FT-SE100,20140630,6757.77,6777.11,6730.45,6743.94,0
FT-SE100,20140701,6743.94,6805.90,6743.94,6802.92,0
FT-SE100,20140702,6802.92,6829.49,6796.61,6816.37,0
FT-SE100,20140703,6816.37,6866.56,6815.45,6865.21,0
FT-SE100,20140704,6865.21,6875.31,6856.35,6866.05,0
FT-SE100,20140707,6866.05,6866.37,6817.60,6823.51,0
FT-SE100,20140708,6823.51,6831.02,6738.45,6738.45,0
FT-SE100,20140709,6738.45,6740.82,6692.77,6718.04,0
FT-SE100,20140710,6718.04,6724.80,6643.62,6672.37,0
FT-SE100,20140711,6672.37,6696.10,6663.67,6690.17,0
FT-SE100,20140714,6690.17,6760.73,6690.17,6746.14,0
FT-SE100,20140715,6746.14,6764.00,6709.15,6710.45,0
FT-SE100,20140716,6710.45,6792.55,6710.45,6784.67,0
FT-SE100,20140717,6784.67,6784.67,6727.71,6738.32,0
FT-SE100,20140718,6738.32,6749.89,6690.90,6749.45,0
FT-SE100,20140721,6749.45,6753.42,6715.78,6728.44,0
FT-SE100,20140722,6728.44,6801.84,6728.44,6795.34,0
FT-SE100,20140723,6795.34,6822.65,6773.11,6798.15,0
FT-SE100,20140724,6798.15,6821.46,6767.33,6821.46,0
FT-SE100,20140725,6821.46,6830.77,6780.65,6791.55,0
FT-SE100,20140728,6791.55,6809.61,6761.77,6788.07,0
FT-SE100,20140729,6788.07,6833.67,6784.04,6807.75,0
FT-SE100,20140730,6807.75,6815.29,6758.24,6773.44,0
FT-SE100,20140731,6773.44,6797.09,6716.29,6730.11,0
FT-SE100,20140801,6730.11,6730.11,6624.72,6679.18,0
FT-SE100,20140804,6679.18,6715.56,6669.93,6677.52,0
FT-SE100,20140805,6677.52,6713.52,6671.46,6682.48,0
FT-SE100,20140806,6682.48,6682.48,6588.43,6636.16,0
FT-SE100,20140807,6636.16,6649.05,6589.78,6597.37,0
FT-SE100,20140808,6597.37,6597.37,6528.73,6567.36,0
FT-SE100,20140811,6567.36,6645.83,6567.36,6632.82,0
FT-SE100,20140812,6632.82,6643.70,6612.52,6632.42,0
FT-SE100,20140813,6632.42,6664.34,6625.98,6656.68,0
FT-SE100,20140814,6656.68,6694.64,6641.81,6685.26,0
FT-SE100,20140815,6685.26,6742.82,6685.25,6689.08,0
FT-SE100,20140818,6689.08,6745.72,6689.08,6741.25,0
FT-SE100,20140819,6741.25,6782.90,6740.65,6779.31,0
FT-SE100,20140820,6779.31,6781.23,6739.76,6755.48,0
FT-SE100,20140821,6755.48,6780.73,6752.70,6777.66,0
FT-SE100,20140822,6777.66,6784.63,6746.37,6775.25,0
FT-SE100,20140826,6775.25,6827.32,6775.25,6822.76,0
FT-SE100,20140827,6822.76,6830.66,6813.24,6830.66,0
FT-SE100,20140828,6830.66,6831.19,6796.86,6805.80,0
FT-SE100,20140829,6805.80,6828.92,6782.63,6819.75,0
FT-SE100,20140901,6819.75,6825.31,6798.33,6825.31,0
FT-SE100,20140902,6825.31,6849.28,6812.31,6829.17,0
FT-SE100,20140903,6829.17,6898.62,6826.73,6873.58,0
FT-SE100,20140904,6873.58,6904.86,6866.25,6877.97,0
FT-SE100,20140905,6877.97,6884.96,6829.10,6855.10,0
FT-SE100,20140908,6855.10,6855.10,6773.78,6834.77,0
FT-SE100,20140909,6834.77,6846.18,6812.50,6829.00,0
FT-SE100,20140910,6829.00,6847.79,6800.04,6830.11,0
FT-SE100,20140911,6830.11,6857.54,6764.86,6799.62,0
FT-SE100,20140912,6799.62,6832.16,6799.39,6806.96,0
FT-SE100,20140915,6806.96,6813.87,6771.69,6804.21,0
FT-SE100,20140916,6804.21,6804.34,6748.09,6792.24,0
FT-SE100,20140917,6792.24,6816.89,6780.90,6780.90,0
FT-SE100,20140918,6780.90,6822.60,6769.58,6819.29,0
FT-SE100,20140919,6819.29,6876.00,6819.29,6837.92,0
FT-SE100,20140922,6837.92,6838.35,6766.89,6773.63,0
FT-SE100,20140923,6773.63,6777.27,6647.21,6676.08,0
FT-SE100,20140924,6676.08,6707.26,6651.98,6706.27,0
FT-SE100,20140925,6706.27,6726.40,6627.60,6639.71,0
FT-SE100,20140926,6639.71,6664.00,6615.12,6649.39,0
FT-SE100,20140929,6649.39,6653.94,6608.66,6646.60,0
FT-SE100,20140930,6646.60,6658.91,6601.62,6622.72,0
FT-SE100,20141001,6622.72,6622.81,6539.73,6557.52,0
FT-SE100,20141002,6557.52,6557.67,6446.39,6446.39,0
FT-SE100,20141003,6446.39,6542.87,6446.39,6527.91,0
FT-SE100,20141006,6527.91,6588.31,6527.91,6563.65,0
FT-SE100,20141007,6563.65,6563.84,6495.58,6495.58,0
FT-SE100,20141008,6495.58,6502.36,6453.81,6482.24,0
FT-SE100,20141009,6482.24,6544.21,6425.16,6431.85,0
FT-SE100,20141010,6431.85,6431.85,6328.39,6339.97,0
FT-SE100,20141013,6339.97,6387.36,6294.64,6366.24,0
FT-SE100,20141014,6366.24,6403.43,6304.27,6392.68,0
FT-SE100,20141015,6392.68,6404.96,6211.64,6211.64,0
FT-SE100,20141016,6211.64,6282.95,6072.68,6195.91,0
FT-SE100,20141017,6195.91,6312.97,6188.04,6310.29,0
FT-SE100,20141020,6310.29,6320.31,6238.60,6267.07,0
FT-SE100,20141021,6267.07,6372.33,6229.40,6372.33,0
FT-SE100,20141022,6372.33,6401.51,6341.39,6399.73,0
FT-SE100,20141023,6399.73,6430.32,6313.32,6419.15,0
FT-SE100,20141024,6419.15,6419.15,6372.43,6388.73,0
FT-SE100,20141027,6388.73,6443.76,6336.06,6363.46,0
FT-SE100,20141028,6363.46,6412.00,6363.46,6402.17,0
FT-SE100,20141029,6402.17,6475.35,6402.17,6453.87,0
FT-SE100,20141030,6453.87,6483.24,6378.15,6463.55,0
FT-SE100,20141031,6463.55,6553.37,6463.55,6546.47,0
FT-SE100,20141103,6546.47,6559.56,6478.49,6487.97,0
FT-SE100,20141104,6487.97,6510.31,6444.89,6453.97,0
FT-SE100,20141105,6453.97,6539.14,6453.97,6539.14,0
FT-SE100,20141106,6539.14,6580.21,6503.81,6551.15,0
FT-SE100,20141107,6551.15,6608.23,6551.15,6567.24,0
FT-SE100,20141110,6567.24,6611.25,6566.78,6611.25,0
FT-SE100,20141111,6611.25,6632.57,6605.34,6627.40,0
FT-SE100,20141112,6627.40,6629.33,6588.93,6611.04,0
FT-SE100,20141113,6611.04,6645.90,6596.89,6635.45,0
FT-SE100,20141114,6635.45,6654.37,6610.13,6654.37,0
FT-SE100,20141117,6654.37,6681.55,6616.12,6671.97,0
FT-SE100,20141118,6671.97,6714.12,6671.75,6709.13,0
FT-SE100,20141119,6709.13,6718.88,6678.13,6696.60,0
FT-SE100,20141120,6696.60,6696.82,6641.14,6678.90,0
FT-SE100,20141121,6678.90,6773.14,6678.90,6750.76,0
FT-SE100,20141124,6750.76,6763.97,6720.09,6729.79,0
FT-SE100,20141125,6729.79,6750.87,6709.31,6731.14,0
FT-SE100,20141126,6731.14,6765.01,6718.53,6729.17,0
FT-SE100,20141127,6729.17,6749.91,6713.76,6723.42,0
FT-SE100,20141128,6723.42,6734.71,6667.08,6722.62,0
FT-SE100,20141201,6722.62,6722.62,6637.39,6656.37,0
FT-SE100,20141202,6656.37,6744.31,6656.37,6742.10,0
FT-SE100,20141203,6742.10,6753.19,6713.81,6716.63,0
FT-SE100,20141204,6716.63,6733.96,6672.67,6679.37,0
FT-SE100,20141205,6679.37,6751.32,6679.37,6742.84,0
FT-SE100,20141208,6742.84,6742.84,6672.15,6672.15,0
FT-SE100,20141209,6672.15,6672.15,6529.47,6529.47,0
FT-SE100,20141210,6529.47,6565.77,6500.04,6500.04,0
FT-SE100,20141211,6500.04,6521.66,6441.28,6461.70,0
FT-SE100,20141212,6461.70,6461.70,6297.44,6300.63,0
FT-SE100,20141215,6300.63,6356.34,6182.72,6182.72,0
FT-SE100,20141216,6182.72,6331.83,6144.72,6331.83,0
FT-SE100,20141217,6331.83,6359.68,6240.32,6336.48,0
FT-SE100,20141218,6336.48,6466.00,6336.48,6466.00,0
FT-SE100,20141219,6466.00,6566.90,6466.00,6545.27,0
FT-SE100,20141222,6545.27,6620.95,6545.27,6576.74,0
FT-SE100,20141223,6576.74,6620.47,6576.74,6598.18,0
FT-SE100,20141224,6598.18,6618.09,6586.05,6609.93,0
FT-SE100,20141229,6609.93,6651.96,6587.87,6633.51,0
FT-SE100,20141230,6633.51,6633.51,6528.89,6547.00,0
FT-SE100,20141231,6547.00,6578.24,6547.00,6566.09,0
FT-SE100,20150102,6566.09,6607.89,6510.60,6547.80,0
FT-SE100,20150105,6547.80,6576.74,6404.49,6417.16,0
FT-SE100,20150106,6417.16,6452.66,6328.59,6366.51,0
FT-SE100,20150107,6366.51,6459.74,6366.51,6419.83,0
FT-SE100,20150108,6419.83,6580.82,6419.83,6569.96,0
FT-SE100,20150109,6569.96,6570.24,6471.38,6501.14,0
FT-SE100,20150112,6501.14,6542.43,6447.91,6501.42,0
FT-SE100,20150113,6501.42,6558.83,6465.19,6542.20,0
FT-SE100,20150114,6542.20,6542.20,6353.65,6388.46,0
FT-SE100,20150115,6388.46,6498.78,6298.15,6498.78,0
FT-SE100,20150116,6498.78,6553.20,6443.28,6550.27,0
FT-SE100,20150119,6550.27,6598.89,6548.00,6585.53,0
FT-SE100,20150120,6585.53,6640.44,6585.53,6620.10,0
FT-SE100,20150121,6620.10,6728.04,6620.10,6728.04,0
FT-SE100,20150122,6728.04,6808.18,6726.24,6796.63,0
FT-SE100,20150123,6796.63,6841.73,6796.58,6832.83,0
FT-SE100,20150126,6832.83,6855.92,6790.13,6852.40,0
FT-SE100,20150127,6852.40,6864.97,6773.54,6811.61,0
FT-SE100,20150128,6811.61,6863.00,6777.08,6825.94,0
FT-SE100,20150129,6825.94,6825.94,6750.22,6810.60,0
FT-SE100,20150130,6810.60,6843.98,6749.40,6749.40,0
FT-SE100,20150202,6749.40,6795.52,6731.99,6782.55,0
FT-SE100,20150203,6782.55,6886.31,6782.39,6871.80,0
FT-SE100,20150204,6871.80,6883.49,6804.10,6860.02,0
FT-SE100,20150205,6860.02,6870.10,6808.19,6865.93,0
FT-SE100,20150206,6865.93,6886.22,6835.48,6853.44,0
FT-SE100,20150209,6853.44,6853.44,6777.99,6837.15,0
FT-SE100,20150210,6837.15,6843.90,6788.89,6829.12,0
FT-SE100,20150211,6829.12,6838.33,6786.12,6818.17,0
FT-SE100,20150212,6818.17,6854.62,6817.23,6828.11,0
FT-SE100,20150213,6828.11,6887.57,6828.11,6873.52,0
FT-SE100,20150216,6873.52,6878.66,6851.77,6857.05,0
FT-SE100,20150217,6857.05,6898.13,6819.78,6898.13,0
FT-SE100,20150218,6898.13,6921.32,6876.30,6898.08,0
FT-SE100,20150219,6898.08,6907.30,6858.67,6888.90,0
FT-SE100,20150220,6888.90,6920.51,6884.77,6915.20,0
FT-SE100,20150223,6915.20,6943.61,6885.89,6912.16,0
FT-SE100,20150224,6912.16,6958.89,6899.59,6949.63,0
FT-SE100,20150225,6949.63,6955.41,6904.88,6935.38,0
FT-SE100,20150226,6935.38,6949.98,6920.54,6949.73,0
FT-SE100,20150227,6949.73,6967.24,6929.84,6946.66,0
FT-SE100,20150302,6946.66,6974.26,6924.33,6940.64,0
FT-SE100,20150303,6940.64,6963.55,6889.13,6889.13,0
FT-SE100,20150304,6889.13,6919.24,6862.87,6919.24,0
FT-SE100,20150305,6919.24,6968.64,6914.06,6961.14,0
FT-SE100,20150306,6961.14,6961.23,6911.80,6911.80,0
FT-SE100,20150309,6911.80,6911.80,6859.81,6876.47,0
FT-SE100,20150310,6876.47,6876.86,6702.84,6702.84,0
FT-SE100,20150311,6702.84,6738.95,6693.80,6721.51,0
FT-SE100,20150312,6721.51,6799.84,6721.51,6761.07,0
FT-SE100,20150313,6761.07,6777.77,6713.50,6740.58,0
FT-SE100,20150316,6740.58,6809.08,6740.58,6804.08,0
FT-SE100,20150317,6804.08,6846.90,6798.47,6837.61,0
FT-SE100,20150318,6837.61,6945.20,6837.26,6945.20,0
FT-SE100,20150319,6945.20,6982.79,6929.73,6962.32,0
FT-SE100,20150320,6962.32,7024.21,6960.81,7022.51,0
FT-SE100,20150323,7022.51,7037.67,6991.43,7037.67,0
FT-SE100,20150324,7037.67,7065.08,7012.51,7019.68,0
FT-SE100,20150325,7019.68,7035.11,6983.94,6990.97,0
FT-SE100,20150326,6990.97,6990.97,6876.84,6895.33,0
FT-SE100,20150327,6895.33,6910.55,6839.88,6855.02,0
FT-SE100,20150330,6855.02,6914.60,6855.02,6891.43,0
FT-SE100,20150331,6891.43,6910.07,6765.05,6773.04,0
FT-SE100,20150401,6773.04,6856.43,6765.40,6809.50,0
FT-SE100,20150402,6809.50,6849.91,6801.27,6833.46,0
FT-SE100,20150407,6833.46,6967.69,6833.46,6961.77,0
FT-SE100,20150408,6961.77,7012.06,6931.59,6937.41,0
FT-SE100,20150409,6937.41,7016.99,6937.41,7015.36,0
FT-SE100,20150410,7015.36,7095.36,7015.36,7089.77,0
FT-SE100,20150413,7089.77,7089.84,7046.68,7064.30,0
FT-SE100,20150414,7064.30,7086.06,7044.60,7075.26,0
FT-SE100,20150415,7075.26,7111.72,7058.34,7096.78,0
FT-SE100,20150416,7096.78,7119.35,7057.74,7060.45,0
FT-SE100,20150417,7060.45,7093.52,6979.32,6994.63,0
FT-SE100,20150420,6994.63,7067.84,6994.63,7052.13,0
FT-SE100,20150421,7052.13,7105.13,7030.00,7062.93,0
FT-SE100,20150422,7062.93,7092.34,6997.15,7028.24,0
FT-SE100,20150423,7028.24,7055.15,6995.79,7053.67,0
FT-SE100,20150424,7053.67,7102.59,7051.17,7070.70,0
FT-SE100,20150427,7070.70,7122.74,7025.27,7103.98,0
FT-SE100,20150428,7103.98,7103.99,6983.97,7030.53,0
FT-SE100,20150429,7030.53,7058.19,6945.56,6946.28,0
FT-SE100,20150430,6946.28,6970.34,6906.24,6960.63,0
FT-SE100,20150501,6960.63,6995.41,6919.39,6985.95,0
FT-SE100,20150505,6985.95,7053.18,6927.58,6927.58,0
FT-SE100,20150506,6927.58,6974.82,6913.46,6933.74,0
FT-SE100,20150507,6933.74,6933.74,6810.05,6886.95,0
FT-SE100,20150508,6886.95,7046.82,6885.79,7046.82,0
FT-SE100,20150511,7046.82,7083.72,7025.17,7029.85,0
FT-SE100,20150512,7029.85,7029.85,6887.52,6933.80,0
FT-SE100,20150513,6933.80,6989.91,6920.65,6949.63,0
FT-SE100,20150514,6949.63,6977.93,6884.63,6973.04,0
FT-SE100,20150515,6973.04,7009.41,6937.12,6960.49,0
FT-SE100,20150518,6960.49,7015.49,6931.64,6968.87,0
FT-SE100,20150519,6968.87,7011.35,6968.87,6995.10,0
FT-SE100,20150520,6995.10,7018.70,6962.06,7007.26,0
FT-SE100,20150521,7007.26,7026.01,6994.26,7013.47,0
FT-SE100,20150522,7013.47,7061.66,7013.47,7031.72,0
FT-SE100,20150526,7031.72,7039.55,6930.28,6948.99,0
FT-SE100,20150527,6948.99,7054.14,6948.62,7033.33,0
FT-SE100,20150528,7033.33,7049.62,7005.88,7040.92,0
FT-SE100,20150529,7040.92,7069.93,6967.92,6984.43,0
FT-SE100,20150601,6984.43,7037.58,6942.66,6953.58,0
FT-SE100,20150602,6953.58,6972.25,6872.12,6928.27,0
FT-SE100,20150603,6928.27,6985.69,6901.79,6950.46,0
FT-SE100,20150604,6950.46,6950.46,6838.95,6859.24,0
FT-SE100,20150605,6859.24,6859.24,6785.15,6804.60,0
FT-SE100,20150608,6804.60,6827.16,6781.66,6790.04,0
FT-SE100,20150609,6790.04,6803.75,6736.88,6753.80,0
FT-SE100,20150610,6753.80,6843.57,6734.15,6830.27,0
FT-SE100,20150611,6830.27,6870.19,6807.29,6846.74,0
FT-SE100,20150612,6846.74,6846.74,6760.06,6784.92,0
FT-SE100,20150615,6784.92,6784.92,6708.50,6710.52,0
FT-SE100,20150616,6710.52,6723.49,6656.90,6710.10,0
FT-SE100,20150617,6710.10,6731.54,6665.95,6680.55,0
FT-SE100,20150618,6680.55,6707.88,6625.16,6707.88,0
FT-SE100,20150619,6707.88,6759.29,6691.82,6710.45,0
FT-SE100,20150622,6710.45,6825.67,6710.45,6825.67,0
FT-SE100,20150623,6825.67,6856.49,6825.67,6834.87,0
FT-SE100,20150624,6834.87,6873.43,6834.32,6844.80,0
FT-SE100,20150625,6844.80,6869.04,6798.80,6807.82,0
FT-SE100,20150626,6807.82,6807.82,6731.13,6753.70,0
FT-SE100,20150629,6753.70,6753.70,6598.64,6620.48,0
FT-SE100,20150630,6620.48,6620.75,6520.98,6520.98,0
FT-SE100,20150701,6520.98,6637.34,6520.98,6608.59,0
FT-SE100,20150702,6608.59,6647.70,6600.37,6630.47,0
FT-SE100,20150703,6630.47,6630.75,6572.46,6585.78,0
FT-SE100,20150706,6585.78,6585.78,6506.71,6535.68,0
FT-SE100,20150707,6535.68,6543.80,6432.21,6432.21,0
FT-SE100,20150708,6432.21,6515.06,6430.36,6490.70,0
FT-SE100,20150709,6490.70,6594.18,6490.70,6581.63,0
FT-SE100,20150710,6581.63,6687.57,6581.63,6673.38,0
FT-SE100,20150713,6673.38,6743.05,6673.38,6737.95,0
FT-SE100,20150714,6737.95,6753.75,6710.62,6753.75,0
FT-SE100,20150715,6753.75,6775.91,6728.49,6753.75,0
FT-SE100,20150716,6753.75,6805.14,6752.09,6796.45,0
FT-SE100,20150717,6796.45,6799.78,6764.80,6775.08,0
FT-SE100,20150720,6775.08,6813.41,6772.09,6788.69,0
FT-SE100,20150721,6788.69,6800.13,6758.75,6769.07,0
FT-SE100,20150722,6769.07,6769.07,6653.39,6667.34,0
FT-SE100,20150723,6667.34,6711.49,6644.85,6655.01,0
FT-SE100,20150724,6655.01,6684.81,6573.96,6579.81,0
FT-SE100,20150727,6579.81,6589.48,6495.67,6505.13,0
FT-SE100,20150728,6505.13,6569.45,6505.13,6555.28,0
FT-SE100,20150729,6555.28,6634.04,6555.28,6631.00,0
FT-SE100,20150730,6631.00,6697.40,6631.00,6668.87,0
FT-SE100,20150731,6668.87,6705.42,6646.26,6696.28,0
FT-SE100,20150803,6696.28,6710.79,6668.18,6688.62,0
FT-SE100,20150804,6688.62,6715.51,6644.65,6686.57,0
FT-SE100,20150805,6686.57,6764.82,6686.57,6752.41,0
FT-SE100,20150806,6752.41,6763.34,6717.49,6747.09,0
FT-SE100,20150807,6747.09,6754.77,6718.49,6718.49,0
FT-SE100,20150810,6718.49,6751.49,6653.65,6736.22,0
FT-SE100,20150811,6736.22,6736.22,6663.98,6664.54,0
FT-SE100,20150812,6664.54,6664.54,6536.41,6571.19,0
FT-SE100,20150813,6571.19,6634.71,6553.45,6568.33,0
FT-SE100,20150814,6568.33,6603.17,6544.42,6550.74,0
FT-SE100,20150817,6550.74,6585.88,6507.76,6550.30,0
FT-SE100,20150818,6550.30,6564.55,6505.69,6526.29,0
FT-SE100,20150819,6526.29,6526.52,6403.45,6403.45,0
FT-SE100,20150820,6403.45,6408.61,6359.71,6367.89,0
FT-SE100,20150821,6367.89,6367.89,6187.65,6187.65,0
FT-SE100,20150824,6187.65,6187.65,5768.22,5898.87,0
FT-SE100,20150825,5898.87,6115.74,5898.87,6081.34,0
FT-SE100,20150826,6081.34,6095.05,5949.94,5979.20,0
FT-SE100,20150827,5979.20,6212.48,5979.20,6192.03,0
FT-SE100,20150828,6192.03,6247.94,6152.01,6247.94,0
FT-SE100,20150901,6247.94,6247.94,6028.71,6058.54,0
FT-SE100,20150902,6058.54,6161.68,6021.36,6083.31,0
FT-SE100,20150903,6083.31,6215.74,6083.31,6194.10,0
FT-SE100,20150904,6194.10,6194.10,6040.49,6042.92,0
FT-SE100,20150907,6042.92,6125.67,6042.92,6074.52,0
FT-SE100,20150908,6074.52,6196.47,6074.52,6146.10,0
FT-SE100,20150909,6146.10,6284.17,6146.10,6229.01,0
FT-SE100,20150910,6229.01,6229.01,6127.52,6155.81,0
FT-SE100,20150911,6155.81,6174.28,6113.10,6117.76,0
FT-SE100,20150914,6117.76,6191.82,6065.43,6084.59,0
FT-SE100,20150915,6084.59,6158.08,6019.92,6137.60,0
FT-SE100,20150916,6137.60,6244.94,6137.60,6229.21,0
FT-SE100,20150917,6229.21,6239.86,6182.63,6186.99,0
FT-SE100,20150918,6186.99,6188.74,6053.87,6104.11,0
FT-SE100,20150921,6104.11,6168.74,6083.64,6108.71,0
FT-SE100,20150922,6108.71,6111.57,5935.84,5935.84,0
FT-SE100,20150923,5935.84,6067.56,5933.23,6032.24,0
FT-SE100,20150924,6032.24,6055.64,5947.19,5961.49,0
FT-SE100,20150925,5961.49,6120.67,5961.49,6109.01,0
FT-SE100,20150928,6109.01,6110.31,5958.86,5958.86,0
FT-SE100,20150929,5958.86,5958.86,5877.08,5909.24,0
FT-SE100,20150930,5909.24,6061.61,5909.24,6061.61,0
FT-SE100,20151001,6061.61,6172.78,6053.26,6072.47,0
FT-SE100,20151002,6072.47,6176.20,6051.62,6129.98,0
FT-SE100,20151005,6129.98,6301.05,6129.98,6298.92,0
FT-SE100,20151006,6298.92,6343.71,6255.10,6326.16,0
FT-SE100,20151007,6326.16,6396.34,6319.77,6336.35,0
FT-SE100,20151008,6336.35,6380.30,6303.46,6374.82,0
FT-SE100,20151009,6374.82,6453.22,6374.82,6416.16,0
FT-SE100,20151012,6416.16,6416.16,6351.34,6371.18,0
FT-SE100,20151013,6371.18,6371.18,6303.02,6342.28,0
FT-SE100,20151014,6342.28,6342.28,6268.29,6269.61,0
FT-SE100,20151015,6269.61,6351.43,6269.61,6338.67,0
FT-SE100,20151016,6338.67,6398.23,6338.67,6378.04,0
FT-SE100,20151019,6378.04,6408.09,6336.27,6352.33,0
FT-SE100,20151020,6352.33,6367.75,6319.25,6345.13,0
FT-SE100,20151021,6345.13,6387.29,6316.30,6348.42,0
FT-SE100,20151022,6348.42,6387.28,6321.65,6376.28,0
FT-SE100,20151023,6376.28,6487.89,6376.28,6444.08,0
FT-SE100,20151026,6444.08,6453.00,6405.38,6417.02,0
FT-SE100,20151027,6417.02,6419.62,6365.27,6365.27,0
FT-SE100,20151028,6365.27,6448.46,6355.78,6437.80,0
FT-SE100,20151029,6437.80,6437.85,6358.16,6395.80,0
FT-SE100,20151030,6395.80,6410.28,6337.65,6361.09,0
FT-SE100,20151102,6361.09,6364.42,6317.29,6361.80,0
FT-SE100,20151103,6361.80,6383.61,6344.70,6383.61,0
FT-SE100,20151104,6383.61,6459.46,6383.04,6412.88,0
FT-SE100,20151105,6412.88,6421.81,6358.12,6364.90,0
FT-SE100,20151106,6364.90,6395.19,6332.73,6353.83,0
FT-SE100,20151109,6353.83,6380.42,6292.05,6295.16,0
FT-SE100,20151110,6295.16,6329.69,6250.31,6275.28,0
FT-SE100,20151111,6275.28,6327.16,6272.69,6297.20,0
FT-SE100,20151112,6297.20,6300.90,6178.68,6178.68,0
FT-SE100,20151113,6178.68,6178.95,6088.76,6118.28,0
FT-SE100,20151116,6118.28,6161.90,6079.79,6146.38,0
FT-SE100,20151117,6146.38,6269.44,6146.38,6268.76,0
FT-SE100,20151118,6268.76,6283.90,6228.15,6278.97,0
FT-SE100,20151119,6278.97,6366.85,6278.97,6329.93,0
FT-SE100,20151120,6329.93,6360.73,6311.76,6334.63,0
FT-SE100,20151123,6334.63,6334.63,6267.05,6305.49,0
FT-SE100,20151124,6305.49,6305.49,6221.33,6277.23,0
FT-SE100,20151125,6277.23,6348.05,6277.23,6337.64,0
FT-SE100,20151126,6337.64,6395.33,6333.92,6393.13,0
FT-SE100,20151127,6393.13,6393.13,6345.30,6375.15,0
FT-SE100,20151130,6375.15,6387.11,6329.92,6356.09,0
FT-SE100,20151201,6356.09,6402.36,6356.09,6395.65,0
FT-SE100,20151202,6395.65,6447.34,6395.20,6420.93,0
FT-SE100,20151203,6420.93,6444.72,6275.00,6275.00,0
FT-SE100,20151204,6275.00,6277.59,6219.50,6238.29,0
FT-SE100,20151207,6238.29,6287.23,6215.17,6223.52,0
FT-SE100,20151208,6223.52,6224.86,6120.68,6135.22,0
FT-SE100,20151209,6135.22,6175.75,6101.22,6126.68,0
FT-SE100,20151210,6126.68,6127.09,6079.96,6088.05,0
FT-SE100,20151211,6088.05,6088.05,5949.84,5952.78,0
FT-SE100,20151214,5952.78,6009.92,5871.88,5874.06,0
FT-SE100,20151215,5874.06,6036.68,5874.06,6017.79,0
FT-SE100,20151216,6017.79,6089.31,6016.25,6061.19,0
FT-SE100,20151217,6061.19,6160.78,6061.19,6102.54,0
FT-SE100,20151218,6102.54,6105.57,6051.74,6052.42,0
FT-SE100,20151221,6052.42,6113.96,6034.84,6034.84,0
FT-SE100,20151222,6034.84,6090.58,6031.82,6083.10,0
FT-SE100,20151223,6083.10,6248.50,6083.10,6240.98,0
FT-SE100,20151224,6240.98,6259.86,6236.85,6254.64,0
FT-SE100,20151229,6254.64,6314.57,6245.24,6314.57,0
FT-SE100,20151230,6314.57,6314.57,6261.48,6274.05,0
FT-SE100,20151231,6274.05,6278.31,6233.03,6242.32,0
FT-SE100,20160104,6242.32,6242.32,6071.01,6093.43,0
FT-SE100,20160105,6093.43,6166.26,6079.23,6137.24,0
FT-SE100,20160106,6137.24,6137.24,6018.65,6073.38,0
FT-SE100,20160107,6073.38,6073.38,5887.97,5954.08,0
FT-SE100,20160108,5954.08,6013.38,5912.44,5912.44,0
FT-SE100,20160111,5912.44,5941.93,5871.83,5871.83,0
FT-SE100,20160112,5871.83,5985.80,5866.67,5929.24,0
FT-SE100,20160113,5929.24,6011.13,5929.24,5960.97,0
FT-SE100,20160114,5960.97,5960.97,5829.26,5918.23,0
FT-SE100,20160115,5918.23,5934.62,5769.23,5804.10,0
FT-SE100,20160118,5804.10,5852.09,5766.50,5779.92,0
FT-SE100,20160119,5779.92,5915.69,5779.92,5876.80,0
FT-SE100,20160120,5876.80,5876.80,5639.88,5673.58,0
FT-SE100,20160121,5673.58,5781.24,5659.15,5773.79,0
FT-SE100,20160122,5773.79,5926.94,5773.79,5900.01,0
FT-SE100,20160125,5900.01,5933.47,5851.83,5877.00,0
FT-SE100,20160126,5877.00,5919.17,5771.37,5911.46,0
FT-SE100,20160127,5911.46,5990.37,5870.75,5990.37,0
FT-SE100,20160128,5990.37,6020.54,5889.37,5931.78,0
FT-SE100,20160129,5931.78,6083.79,5931.78,6083.79,0
FT-SE100,20160201,6083.79,6115.11,5993.84,6060.10,0
FT-SE100,20160202,6060.10,6060.45,5889.60,5922.01,0
FT-SE100,20160203,5922.01,5924.58,5791.04,5837.14,0
FT-SE100,20160204,5837.14,5938.12,5831.12,5898.76,0
FT-SE100,20160205,5898.76,5945.90,5839.36,5848.06,0
FT-SE100,20160208,5848.06,5882.43,5666.13,5689.36,0
FT-SE100,20160209,5689.36,5739.25,5596.26,5632.19,0
FT-SE100,20160210,5632.19,5712.78,5616.88,5672.30,0
FT-SE100,20160211,5672.30,5672.30,5499.51,5536.97,0
FT-SE100,20160212,5536.97,5707.60,5536.97,5707.60,0
FT-SE100,20160215,5707.60,5844.53,5707.60,5824.28,0
FT-SE100,20160216,5824.28,5880.72,5812.49,5862.17,0
FT-SE100,20160217,5862.17,6030.32,5862.17,6030.32,0
FT-SE100,20160218,6030.32,6036.46,5948.25,5971.95,0
FT-SE100,20160219,5971.95,6001.22,5916.26,5950.23,0
FT-SE100,20160222,5950.23,6065.81,5950.23,6037.73,0
FT-SE100,20160223,6037.73,6037.73,5954.18,5962.31,0
FT-SE100,20160224,5962.31,5966.73,5845.55,5867.18,0
FT-SE100,20160225,5867.18,6028.97,5867.18,6012.81,0
FT-SE100,20160226,6012.81,6115.37,6012.81,6096.01,0
FT-SE100,20160229,6096.01,6104.98,6033.21,6097.09,0
FT-SE100,20160301,6097.09,6153.75,6070.51,6152.88,0
FT-SE100,20160302,6152.88,6194.01,6097.77,6147.06,0
FT-SE100,20160303,6147.06,6173.70,6108.35,6130.46,0
FT-SE100,20160304,6130.46,6204.14,6130.46,6199.43,0
FT-SE100,20160307,6199.43,6216.10,6125.64,6182.40,0
FT-SE100,20160308,6182.40,6182.45,6101.89,6125.44,0
FT-SE100,20160309,6125.44,6174.82,6118.23,6146.32,0
FT-SE100,20160310,6146.32,6203.40,6036.70,6036.70,0
FT-SE100,20160311,6036.70,6150.88,6036.70,6139.79,0
FT-SE100,20160314,6139.79,6197.83,6139.79,6174.57,0
FT-SE100,20160315,6174.57,6174.57,6114.77,6139.97,0
FT-SE100,20160316,6139.97,6186.18,6134.27,6175.49,0
FT-SE100,20160317,6175.49,6220.02,6125.70,6201.12,0
FT-SE100,20160318,6201.12,6237.02,6186.24,6189.64,0
FT-SE100,20160321,6189.64,6215.30,6154.12,6184.58,0
FT-SE100,20160322,6184.58,6193.47,6110.39,6192.74,0
FT-SE100,20160323,6192.74,6216.76,6171.13,6199.11,0
FT-SE100,20160324,6199.11,6199.11,6090.03,6106.48,0
FT-SE100,20160329,6106.48,6156.67,6070.77,6105.90,0
FT-SE100,20160330,6105.90,6221.80,6105.90,6203.17,0
FT-SE100,20160331,6203.17,6203.39,6149.82,6174.90,0
FT-SE100,20160401,6174.90,6174.90,6076.89,6146.05,0
FT-SE100,20160404,6146.05,6201.95,6132.90,6164.72,0
FT-SE100,20160405,6164.72,6164.74,6061.85,6091.23,0
FT-SE100,20160406,6091.23,6161.63,6091.23,6161.63,0
FT-SE100,20160407,6161.63,6204.11,6119.38,6136.89,0
FT-SE100,20160408,6136.89,6216.28,6136.89,6204.41,0
FT-SE100,20160411,6204.41,6229.66,6165.46,6200.12,0
FT-SE100,20160412,6200.12,6248.27,6176.28,6242.39,0
FT-SE100,20160413,6242.39,6362.89,6242.39,6362.89,0
FT-SE100,20160414,6362.89,6373.93,6335.40,6365.10,0
FT-SE100,20160415,6365.10,6372.52,6328.19,6343.75,0
FT-SE100,20160418,6343.75,6354.88,6261.71,6353.52,0
FT-SE100,20160419,6353.52,6418.25,6353.49,6405.35,0
FT-SE100,20160420,6405.35,6421.91,6367.36,6410.26,0
FT-SE100,20160421,6410.26,6427.32,6352.93,6381.44,0
FT-SE100,20160422,6381.44,6381.58,6289.34,6310.44,0
FT-SE100,20160425,6310.44,6324.60,6249.34,6260.92,0
FT-SE100,20160426,6260.92,6297.88,6260.92,6284.52,0
FT-SE100,20160427,6284.52,6319.91,6255.20,6319.91,0
FT-SE100,20160428,6319.91,6322.40,6224.47,6322.40,0
FT-SE100,20160429,6322.40,6322.40,6241.89,6241.89,0
FT-SE100,20160503,6241.89,6270.03,6159.86,6185.59,0
FT-SE100,20160504,6185.59,6185.59,6100.76,6112.02,0
FT-SE100,20160505,6112.02,6152.59,6102.29,6117.25,0
FT-SE100,20160506,6117.25,6129.90,6054.74,6125.70,0
FT-SE100,20160509,6125.70,6177.60,6108.37,6114.81,0
FT-SE100,20160510,6114.81,6180.19,6114.81,6156.65,0
FT-SE100,20160511,6156.65,6172.72,6131.22,6162.49,0
FT-SE100,20160512,6162.49,6193.21,6094.14,6104.19,0
FT-SE100,20160513,6104.19,6138.50,6060.10,6138.50,0
FT-SE100,20160516,6138.50,6157.24,6092.21,6151.40,0
FT-SE100,20160517,6151.40,6215.88,6147.16,6167.77,0
FT-SE100,20160518,6167.77,6169.33,6115.99,6165.80,0
FT-SE100,20160519,6165.80,6165.80,6050.21,6053.35,0
FT-SE100,20160520,6053.35,6156.50,6053.35,6156.32,0
FT-SE100,20160523,6156.32,6173.06,6122.57,6136.43,0
FT-SE100,20160524,6136.43,6231.85,6109.58,6219.26,0
FT-SE100,20160525,6219.26,6270.25,6219.26,6262.85,0
FT-SE100,20160526,6262.85,6281.73,6243.49,6265.65,0
FT-SE100,20160527,6265.65,6275.90,6250.27,6270.79,0
FT-SE100,20160531,6270.79,6290.07,6230.11,6230.79,0
FT-SE100,20160601,6230.79,6233.18,6151.90,6191.93,0
FT-SE100,20160602,6191.93,6220.27,6173.05,6185.61,0
FT-SE100,20160603,6185.61,6251.74,6168.19,6209.63,0
FT-SE100,20160606,6209.63,6301.56,6209.63,6273.40,0
FT-SE100,20160607,6273.40,6322.60,6273.40,6284.53,0
FT-SE100,20160608,6284.53,6304.51,6263.80,6301.52,0
FT-SE100,20160609,6301.52,6301.73,6229.07,6231.89,0
FT-SE100,20160610,6231.89,6231.89,6097.24,6115.76,0
FT-SE100,20160613,6115.76,6115.76,6044.97,6044.97,0
FT-SE100,20160614,6044.97,6044.97,5921.72,5923.53,0
FT-SE100,20160615,5923.53,6007.49,5923.39,5966.80,0
FT-SE100,20160616,5966.80,5966.80,5899.97,5950.48,0
FT-SE100,20160617,5950.48,6046.10,5950.48,6021.09,0
FT-SE100,20160620,6021.09,6236.53,6021.09,6204.00,0
FT-SE100,20160621,6204.00,6250.19,6156.23,6226.55,0
FT-SE100,20160622,6226.55,6315.54,6222.01,6261.19,0
FT-SE100,20160623,6261.19,6380.58,6261.19,6338.10,0
FT-SE100,20160624,6338.10,6338.55,5788.74,6138.69,0
FT-SE100,20160627,6138.69,6138.69,5958.66,5982.20,0
FT-SE100,20160628,5982.20,6170.26,5982.20,6140.39,0
FT-SE100,20160629,6140.39,6360.06,6140.39,6360.06,0
FT-SE100,20160630,6360.06,6504.33,6309.98,6504.33,0
FT-SE100,20160701,6504.33,6587.44,6498.56,6577.83,0
FT-SE100,20160704,6577.83,6612.13,6514.81,6522.26,0
FT-SE100,20160705,6522.26,6561.58,6472.25,6545.37,0
FT-SE100,20160706,6545.37,6580.32,6432.47,6463.59,0
FT-SE100,20160707,6463.59,6579.25,6463.59,6533.79,0
FT-SE100,20160708,6533.79,6605.83,6515.24,6590.64,0
FT-SE100,20160711,6590.64,6695.07,6590.64,6682.86,0
FT-SE100,20160712,6682.86,6703.09,6663.66,6680.69,0
FT-SE100,20160713,6680.69,6717.17,6654.64,6670.40,0
FT-SE100,20160714,6670.40,6743.42,6648.40,6654.47,0
FT-SE100,20160715,6654.47,6669.24,6616.51,6669.24,0
FT-SE100,20160718,6669.24,6715.58,6653.67,6695.42,0
FT-SE100,20160719,6695.42,6711.69,6660.87,6697.37,0
FT-SE100,20160720,6697.37,6736.57,6694.36,6728.99,0
FT-SE100,20160721,6728.99,6732.07,6694.52,6699.89,0
FT-SE100,20160722,6699.89,6735.94,6663.72,6730.48,0
FT-SE100,20160725,6730.48,6756.13,6691.03,6710.13,0
FT-SE100,20160726,6710.13,6744.80,6708.58,6724.03,0
FT-SE100,20160727,6724.03,6780.05,6723.71,6750.43,0
FT-SE100,20160728,6750.43,6762.72,6718.90,6721.06,0
FT-SE100,20160729,6721.06,6740.47,6691.13,6724.43,0
FT-SE100,20160801,6724.43,6769.41,6678.45,6693.95,0
FT-SE100,20160802,6693.95,6694.14,6630.76,6645.40,0
FT-SE100,20160803,6645.40,6673.63,6621.42,6634.40,0
FT-SE100,20160804,6634.40,6749.67,6615.83,6740.16,0
FT-SE100,20160805,6740.16,6802.41,6738.57,6793.47,0
FT-SE100,20160808,6793.47,6829.47,6781.47,6809.13,0
FT-SE100,20160809,6809.13,6863.10,6807.76,6851.30,0
FT-SE100,20160810,6851.30,6866.42,6820.04,6866.42,0
FT-SE100,20160811,6866.42,6914.71,6812.73,6914.71,0
FT-SE100,20160812,6914.71,6931.04,6896.04,6916.02,0
FT-SE100,20160815,6916.02,6955.34,6907.17,6941.19,0
FT-SE100,20160816,6941.19,6941.19,6893.92,6893.92,0
FT-SE100,20160817,6893.92,6920.76,6849.90,6859.15,0
FT-SE100,20160818,6859.15,6893.35,6850.61,6868.96,0
FT-SE100,20160819,6868.96,6871.48,6840.94,6858.95,0
FT-SE100,20160822,6858.95,6884.61,6812.07,6828.54,0
FT-SE100,20160823,6828.54,6885.39,6828.54,6868.51,0
FT-SE100,20160824,6868.51,6868.51,6825.22,6835.78,0
FT-SE100,20160825,6835.78,6836.22,6779.15,6816.90,0
FT-SE100,20160826,6816.90,6857.29,6798.82,6838.05,0
FT-SE100,20160830,6838.05,6851.83,6808.07,6820.79,0
FT-SE100,20160831,6820.79,6832.89,6779.54,6781.51,0
FT-SE100,20160901,6781.51,6826.22,6723.21,6745.97,0
FT-SE100,20160902,6745.97,6928.25,6745.97,6894.60,0
FT-SE100,20160905,6894.60,6910.66,6867.08,6879.42,0
FT-SE100,20160906,6879.42,6887.92,6818.96,6826.05,0
FT-SE100,20160907,6826.05,6856.12,6814.87,6846.58,0
FT-SE100,20160908,6846.58,6889.64,6819.82,6858.70,0
FT-SE100,20160909,6858.70,6862.38,6762.30,6776.95,0
FT-SE100,20160912,6776.95,6776.95,6654.48,6700.90,0
FT-SE100,20160913,6700.90,6724.74,6665.63,6665.63,0
FT-SE100,20160914,6665.63,6720.29,6665.63,6673.31,0
FT-SE100,20160915,6673.31,6736.84,6654.82,6730.30,0
FT-SE100,20160916,6730.30,6746.29,6692.73,6710.28,0
FT-SE100,20160919,6710.28,6813.95,6710.28,6813.55,0
FT-SE100,20160920,6813.55,6869.10,6798.02,6830.79,0
FT-SE100,20160921,6830.79,6879.81,6830.47,6834.77,0
FT-SE100,20160922,6834.77,6937.33,6834.77,6911.40,0
FT-SE100,20160923,6911.40,6920.23,6882.62,6909.43,0
FT-SE100,20160926,6909.43,6909.63,6806.47,6818.04,0
FT-SE100,20160928,6807.67,6878.21,6807.67,6849.38,0
FT-SE100,20160929,6849.38,6941.09,6849.38,6919.42,0
FT-SE100,20160930,6919.42,6919.42,6809.51,6899.33,0
FT-SE100,20161003,6899.33,6996.43,6898.09,6983.52,0
FT-SE100,20161004,6983.52,7121.93,6983.52,7074.34,0
FT-SE100,20161005,7074.34,7076.71,7024.13,7033.25,0
FT-SE100,20161006,7033.25,7049.34,6999.96,6999.96,0
FT-SE100,20161007,6999.96,7079.25,6999.96,7044.39,0
FT-SE100,20161010,7044.39,7104.49,7024.08,7097.50,0
FT-SE100,20161011,7097.50,7129.83,7061.36,7070.88,0
FT-SE100,20161012,7070.88,7079.42,7015.76,7024.01,0
FT-SE100,20161013,7024.01,7024.01,6930.04,6977.74,0
FT-SE100,20161014,6977.74,7055.18,6977.74,7013.55,0
FT-SE100,20161017,7013.55,7013.55,6937.43,6947.55,0
FT-SE100,20161018,6947.55,7033.02,6946.39,7000.06,0
FT-SE100,20161019,7000.06,7031.20,6975.92,7021.92,0
FT-SE100,20161020,7021.92,7047.55,6998.84,7026.90,0
FT-SE100,20161021,7026.90,7058.39,7011.09,7020.47,0
FT-SE100,20161024,7020.47,7067.34,6983.40,6986.40,0
FT-SE100,20161025,6986.40,7067.23,6985.92,7017.64,0
FT-SE100,20161026,7017.64,7017.64,6917.77,6958.09,0
FT-SE100,20161027,6958.09,7003.93,6924.05,6986.57,0
FT-SE100,20161028,6986.57,7006.43,6927.21,6996.26,0
FT-SE100,20161031,6996.26,6996.26,6945.29,6954.22,0
FT-SE100,20161101,6954.22,6993.79,6903.61,6917.14,0
FT-SE100,20161102,6917.14,6917.14,6845.42,6845.42,0
FT-SE100,20161103,6845.42,6873.21,6790.51,6790.51,0
FT-SE100,20161104,6790.51,6790.52,6676.56,6693.26,0
FT-SE100,20161107,6693.26,6806.90,6693.26,6806.90,0
FT-SE100,20161108,6806.90,6849.31,6795.06,6843.13,0
FT-SE100,20161109,6843.13,6911.84,6696.33,6911.84,0
FT-SE100,20161110,6911.84,6997.25,6799.05,6827.98,0
FT-SE100,20161111,6827.98,6849.04,6709.72,6730.43,0
FT-SE100,20161114,6730.43,6814.19,6730.43,6753.18,0
FT-SE100,20161115,6753.18,6820.52,6753.18,6792.74,0
FT-SE100,20161116,6792.74,6810.53,6735.69,6749.72,0
FT-SE100,20161117,6749.72,6798.75,6745.08,6794.71,0
FT-SE100,20161118,6794.71,6811.62,6740.34,6775.77,0
FT-SE100,20161121,6775.77,6820.90,6754.16,6777.96,0
FT-SE100,20161122,6777.96,6851.37,6777.96,6819.72,0
FT-SE100,20161123,6819.72,6880.74,6779.45,6817.71,0
FT-SE100,20161124,6817.71,6831.23,6790.69,6829.20,0
FT-SE100,20161125,6829.20,6852.14,6818.12,6840.75,0
FT-SE100,20161128,6840.75,6840.96,6769.77,6799.47,0
FT-SE100,20161129,6799.47,6800.91,6729.36,6772.00,0
FT-SE100,20161130,6772.00,6845.74,6765.23,6783.79,0
FT-SE100,20161201,6783.79,6789.30,6688.41,6752.93,0
FT-SE100,20161202,6752.93,6752.93,6678.74,6730.72,0
FT-SE100,20161205,6730.72,6799.50,6697.65,6746.83,0
FT-SE100,20161206,6746.83,6785.32,6723.05,6779.84,0
FT-SE100,20161207,6779.84,6902.23,6779.84,6902.23,0
FT-SE100,20161208,6902.23,6937.51,6892.17,6931.55,0
FT-SE100,20161209,6931.55,6962.25,6929.46,6954.21,0
FT-SE100,20161212,6954.21,6976.78,6875.43,6890.42,0
FT-SE100,20161213,6890.42,6977.99,6877.52,6968.57,0
FT-SE100,20161214,6968.57,6970.52,6941.95,6949.19,0
FT-SE100,20161215,6949.19,7010.48,6925.88,6999.01,0
FT-SE100,20161216,6999.01,7038.43,6990.35,7011.64,0
FT-SE100,20161219,7011.64,7025.74,6986.44,7017.16,0
FT-SE100,20161220,7017.16,7045.22,6992.62,7043.96,0
FT-SE100,20161221,7043.96,7056.98,7025.68,7041.42,0
FT-SE100,20161222,7041.42,7063.68,7020.13,7063.68,0
FT-SE100,20161223,7063.68,7071.11,7054.64,7068.17,0
FT-SE100,20161228,7068.17,7109.37,7060.85,7106.08,0
FT-SE100,20161229,7106.08,7120.26,7074.47,7120.26,0
FT-SE100,20161230,7120.26,7142.83,7087.54,7142.83,0
FT-SE100,20170103,7142.83,7205.45,7142.83,7177.89,0
FT-SE100,20170104,7177.89,7189.74,7168.77,7189.74,0
FT-SE100,20170105,7189.74,7211.96,7172.77,7195.31,0
FT-SE100,20170106,7195.31,7210.05,7180.64,7210.05,0
FT-SE100,20170109,7210.05,7243.76,7207.40,7237.77,0
FT-SE100,20170110,7237.77,7284.81,7237.29,7275.47,0
FT-SE100,20170111,7275.47,7328.51,7257.15,7290.49,0
FT-SE100,20170112,7290.49,7302.34,7263.42,7292.37,0
FT-SE100,20170113,7292.37,7338.49,7292.37,7337.81,0
FT-SE100,20170116,7337.81,7354.14,7320.47,7327.13,0
FT-SE100,20170117,7327.13,7329.27,7220.38,7220.38,0
FT-SE100,20170118,7220.38,7260.47,7218.41,7247.61,0
FT-SE100,20170119,7247.61,7249.63,7191.67,7208.44,0
FT-SE100,20170120,7208.44,7221.01,7193.73,7198.44,0
FT-SE100,20170123,7198.44,7198.44,7131.46,7151.18,0
FT-SE100,20170124,7151.18,7190.15,7144.44,7150.34,0
FT-SE100,20170125,7150.34,7205.68,7150.34,7164.43,0
FT-SE100,20170126,7164.43,7184.75,7151.34,7161.49,0
FT-SE100,20170127,7161.49,7184.73,7150.76,7184.49,0
FT-SE100,20170130,7184.49,7184.70,7105.67,7118.48,0
FT-SE100,20170131,7118.48,7162.53,7099.15,7099.15,0
FT-SE100,20170201,7099.15,7170.24,7099.15,7107.65,0
FT-SE100,20170202,7107.65,7163.94,7093.57,7140.75,0
FT-SE100,20170203,7140.75,7202.37,7133.63,7188.30,0
FT-SE100,20170206,7188.30,7208.73,7165.17,7172.15,0
FT-SE100,20170207,7172.15,7227.22,7159.57,7186.22,0
FT-SE100,20170208,7186.22,7195.94,7147.18,7188.82,0
FT-SE100,20170209,7188.82,7238.74,7183.14,7229.50,0
FT-SE100,20170210,7229.50,7274.80,7229.45,7258.75,0
FT-SE100,20170213,7258.75,7298.47,7257.67,7278.92,0
FT-SE100,20170214,7278.92,7292.65,7251.81,7268.56,0
FT-SE100,20170215,7268.56,7313.44,7268.56,7302.41,0
FT-SE100,20170216,7302.41,7302.41,7260.74,7277.92,0
FT-SE100,20170217,7277.92,7307.14,7253.16,7299.96,0
FT-SE100,20170220,7299.96,7329.56,7283.29,7299.86,0
FT-SE100,20170221,7299.86,7318.98,7267.49,7274.83,0
FT-SE100,20170222,7274.83,7314.26,7274.71,7302.25,0
FT-SE100,20170223,7302.25,7310.05,7262.94,7271.37,0
FT-SE100,20170224,7271.37,7271.86,7192.45,7243.70,0
FT-SE100,20170227,7243.70,7285.19,7239.66,7253.00,0
FT-SE100,20170228,7253.00,7284.20,7246.60,7263.44,0
FT-SE100,20170301,7263.44,7383.05,7263.44,7382.90,0
FT-SE100,20170302,7382.90,7394.61,7372.68,7382.35,0
FT-SE100,20170303,7382.35,7382.36,7353.64,7374.26,0
FT-SE100,20170306,7374.26,7374.26,7338.94,7350.12,0
FT-SE100,20170307,7350.12,7363.74,7335.27,7338.99,0
FT-SE100,20170308,7338.99,7354.47,7315.86,7334.61,0
FT-SE100,20170309,7334.61,7336.26,7263.62,7314.96,0
FT-SE100,20170310,7314.96,7373.00,7314.96,7343.08,0
FT-SE100,20170313,7343.08,7377.41,7342.02,7367.08,0
